observation_frame,unscaled_time,frame_timing_timestamp,segment,"frame_interval_ms","cpu_frame_ms","gpu_frame_ms","cpu_render_thread_ms","gc_allocated_in_editor_frame_bytes","VSM.LayoutRemap_gpu_ms","VSM.Allocate_gpu_ms","VSM.InvalidateStatic_gpu_ms","VSM.ClearPhysicalPages_gpu_ms","VSM.StaticCasterCull_gpu_ms","VSM.DynamicCasterCull_gpu_ms","VSM.PageCull_gpu_ms","VSM.StaticRaster_gpu_ms","VSM.DynamicRaster_gpu_ms","VSM.UnityCompatibilityRaster_gpu_ms","VSM.FinalizePages_gpu_ms","VSM.ResetFeedback_gpu_ms","VSM.ResolveAndFeedback_gpu_ms",observed_camera_frame,observed_camera_serial,window_repaint_count,seconds_since_window_repaint
9126,191.82837419926304,328021867154,1,20.715901628136635,22.9736,21.712384,2.0673,16753,0.001024,4.324096,,0.045056,0.15923199999999998,0,0.13952,0.007424,0.010752,,0.003328,,7.179008,9126,2765,97,27.513521400000172
9127,191.85080739795919,328022096890,1,22.433198988437653,21.0315,20.687872,2.3482,16753,0.001024,4.331264,,0.03968,0.162048,0.000256,0.14310399999999998,0.007424,0.011007999999999999,,0.003328,,8.4449279999999991,9127,2766,97,27.535755199999585
9128,191.87315729875283,328022307205,1,22.349901497364044,21.6667,22.422016,2.0749,16955,0.001024,4.3361279999999995,,0.041471999999999995,0.158464,0,0.13824,0.007424,0.012799999999999999,,0.004096,,6.974976,9128,2767,97,27.558572099999765
9129,191.89454280045351,328022523872,1,21.385502070188522,20.6414,22.317056,2.0478,23582,0.0012799999999999999,4.256256,,0.040704,0.15795199999999998,0,0.137216,0.007424,0.011007999999999999,,0.0038399999999999997,,8.576255999999999,9129,2768,97,27.579391799999939
9130,191.91631489512471,328022730286,1,21.772094070911407,22.1832,21.368576,1.9886,16753,0.001024,4.2649599999999994,,0.036351999999999995,0.15923199999999998,0,0.13977599999999998,0.0076799999999999993,0.015616,,0.003072,,6.0385279999999995,9130,2769,97,27.601151300000311
9131,191.93894659863946,328022952118,1,22.631702944636345,22.5397,21.750272,2.0138,16753,0.001024,4.36736,,0.03712,0.162048,0.000256,0.142336,0.007424,0.013056,,0.002816,,7.139072,9131,2770,97,27.624230700000226
9132,191.95951899801585,328023177515,1,20.572399720549583,21.1857,22.612224,1.9754,16805,0.006144,4.246528,,0.041471999999999995,0.1536,0,0.133376,0.0076799999999999993,0.012288,,0.003584,,6.5960959999999993,9132,2771,97,27.644695099999808
9133,191.98181559665531,328023389372,1,22.296598181128502,21.7775,20.488704,2.2847,16955,0.001024,4.3671039999999994,,0.042496,0.15795199999999998,0,0.139264,0.007424,0.012288,,0.004096,,7.4426879999999995,9133,2772,97,27.666811000000052
9134,192.00554469954648,328023607147,1,23.729102686047554,22.9856,22.331392,2.0374,16753,0.001024,4.254464,,0.0448,0.16153599999999999,0.000256,0.14207999999999998,0.003584,0.011776,,0.0038399999999999997,,6.8103679999999995,9134,2773,97,27.690380299999561
9135,192.02887599914965,328023837003,1,23.331299424171448,20.5288,23.71328,2.0735,139750,0.001024,4.348928,,0.036608,0.156416,0.000256,0.13696,0.003328,0.011264,,0.004096,,6.05824,9135,2774,97,27.714047100000244
9136,192.05117639597506,328024042291,1,22.300396114587784,22.0155,23.283456,1.9386,161424,0.001024,4.146432,,0.037376,0.15564799999999998,0,0.13516799999999998,0.007424,0.011776,,0.002816,,8.45696,9136,2775,97,27.737361800000144
9137,192.07544269416098,328024262446,1,24.266298860311508,23.663,22.30144,2.1349,117515,0.001024,4.365568,,0.205568,0.161024,0,0.141056,0.0076799999999999993,0.0097279999999999988,,0.003328,,7.2179199999999994,9137,2776,97,27.760892299999796
9138,192.09655099914966,328024499076,1,21.108305081725121,23.6618,24.253952,2.1901,78444,0.001024,4.262912,,0.043008,0.15462399999999998,0.000256,0.13516799999999998,0.0076799999999999993,0.012288,,0.003328,,8.1889279999999989,9138,2777,97,27.781997899999624
9139,192.11623899518139,328024735694,1,19.687995314598083,23.2161,21.07136,2.2511,16753,0.001024,4.268288,,0.042496,0.15564799999999998,0,0.13568,0.0076799999999999993,0.011264,,0.003584,,7.140352,9139,2778,97,27.801286400000208
9140,192.1385883999433,328024967855,1,22.3494041711092,23.4985,19.68,2.0576,16753,0.001024,4.3645439999999995,,0.043008,0.156416,0.000256,0.13696,0.007424,0.010752,,0.003328,,5.596672,9140,2779,97,27.823785200000202
9141,192.16048589852608,328025202840,1,21.897498518228531,21.2269,22.34112,2.4525,16753,0.001024,4.1922559999999995,,0.34227199999999997,0.156416,0,0.135936,0.007424,0.011776,,0.0038399999999999997,,6.3946239999999994,9141,2780,97,27.8454713000001
9142,192.18175719954647,328025415109,1,21.271301433444023,19.1453,21.867776,2.0963,17007,0.001024,4.2508799999999995,,0.046335999999999995,0.15616,0,0.137216,0.007424,0.011264,,0.0038399999999999997,,8.592896,9142,2781,97,27.867025499999727
9143,192.20480629960318,328025606562,1,23.049099370837212,22.6123,21.252096,1.9822,16948,0.001024,4.144384,,0.040704,0.155136,0.000256,0.135424,0.0076799999999999993,0.011007999999999999,,0.002816,,6.811648,9143,2782,97,27.890011299999969
9144,192.22723049886619,328025832685,1,22.424198687076569,21.7618,23.04896,2.2716,16753,0.001024,4.374016,,0.037376,0.155136,0,0.135936,0.007424,0.011264,,0.003328,,5.912832,9144,2783,97,27.91239510000014
9145,192.24674359410429,328026050303,1,19.513094797730446,21.5423,22.396928,2.0028,16753,0.001024,4.1408,,0.0384,0.156672,0.000256,0.13696,0.007424,0.011776,,0.003072,,7.0686719999999994,9145,2784,97,27.932634800000415
9146,192.27101909722222,328026265726,1,24.275502189993858,22.9459,19.494656,2.1257,16753,0.001024,4.338176,,0.043519999999999996,0.153856,0.000256,0.13414399999999999,0.0097279999999999988,0.010496,,0.002816,,5.604864,9146,2785,97,27.9562334000002
9147,192.29183359552152,328026495185,1,20.814498886466026,22.4229,24.245248,2.1524,34526,0.001024,4.16768,,0.34022399999999997,0.156416,0,0.13696,0.011007999999999999,0.011264,,0.003072,,7.1377919999999992,9147,2786,97,27.9775939000001
9148,192.31183779761903,328026719414,1,20.004201680421829,20.0506,20.795904,2.0912,31138,0.001024,4.3368959999999994,,0.040959999999999996,0.15616,0,0.13644799999999999,0.007424,0.011007999999999999,,0.003328,,5.9087359999999993,9148,2787,97,27.996882000000369
9149,192.3366580994898,328026919920,1,24.820301681756973,23.6496,19.978496,1.9803,16753,0.001024,4.2595839999999994,,0.041728,0.155136,0,0.136192,0.007424,0.011264,,0.003072,,6.17216,9149,2788,97,28.021772199999759
9150,192.35775269982992,328027156416,1,21.094599738717079,21.2772,24.807424,2.0847,16948,0.0012799999999999999,4.1779199999999994,,0.663296,0.164608,0,0.14464,0.007936,0.012544,,0.0038399999999999997,,8.4464639999999989,9150,2789,97,28.043304499999977
9151,192.38054929846939,328027369188,1,22.796599194407463,19.5209,21.07136,2.0559,16955,0.001024,4.36224,,0.041471999999999995,0.15795199999999998,0.000256,0.13824,0.007424,0.011519999999999999,,0.003072,,6.880768,9151,2790,97,28.066051800000423
9152,192.40207629676871,328027564397,1,21.526997908949852,24.7142,22.777856,2.2012,23439,0.001024,4.3361279999999995,,0.036608,0.155392,0.000256,0.135424,0.007424,0.011007999999999999,,0.003584,,6.7525119999999994,9152,2791,97,28.087431199999628
9153,192.42364089427437,328027811539,1,21.564597263932228,21.4585,21.513472,2.1722,16753,0.001024,3.9086079999999996,,0.040448,0.16588799999999998,0,0.146432,0.0076799999999999993,0.012032,,0.004352,,6.109696,9153,2792,97,28.108805900000334
9154,192.44677689909295,328028026124,1,23.13600480556488,22.5592,21.550336,1.9704,16753,0.001024,3.992832,,0.039936,0.155392,0.000256,0.135936,0.007424,0.011776,,0.003072,,7.9869439999999994,9154,2793,97,28.13248829999975
9155,192.46818049886622,328028251716,1,21.40359953045845,21.6613,23.100416,2.1695,16753,0.001024,4.2432,,0.041215999999999996,0.157184,0,0.137216,0.010496,0.012032,,0.003328,,6.018304,9155,2794,97,28.153472500000134
9156,192.48851179846937,328028468329,1,20.331298932433128,21.4724,21.388544,2.0786,16955,0.001024,4.324608,,0.039936,0.152576,0,0.13414399999999999,0.007936,0.010752,,0.0025599999999999998,,8.632576,9156,2795,97,28.17353120000007
9157,192.5141376984127,328028683053,1,25.625899434089661,23.5653,20.309504,2.3743,16948,0.001024,4.144896,,0.037376,0.155904,0,0.136704,0.005888,0.011264,,0.002816,,7.159808,9157,2796,97,28.199256199999581
9158,192.53583269557822,328028918706,1,21.694997325539589,21.0139,25.604352,2.2257,16753,0.001024,4.374016,,0.97536,0.15616,0,0.136192,0.007424,0.012032,,0.003072,,9.026816,9158,2797,97,28.221096700000089
9159,192.55493679846938,328029128845,1,19.104102626442909,20.1247,21.679104,2.128,16753,0.001024,4.262912,,0.043775999999999995,0.158208,0,0.13824,0.003328,0.012288,,0.0025599999999999998,,7.38688,9159,2798,97,28.240409899999577
9160,192.57801129535147,328029330092,1,23.074496537446976,25.7231,19.08992,2.296,16955,0.001024,4.152576,,0.03968,0.160512,0,0.141056,0.007424,0.011264,,0.003328,,5.019648,9160,2799,97,28.264022999999725
9161,192.59946420068027,328029587323,1,21.452905610203743,21.8153,23.047424,2.3743,16753,0.001024,4.3648,,0.699392,0.15923199999999998,0,0.140288,0.003584,0.012288,,0.003328,,7.8981119999999994,9161,2800,97,28.284957699999723
9162,192.62139299886621,328029805476,1,21.928798407316208,19.3442,21.444352,2.1916,16805,0.001024,4.251904,,0.041728,0.36479999999999996,0,0.134656,0.009216,0.012544,,0.003072,,5.9105279999999993,9162,2801,97,28.306892999999945
9163,192.64399990079363,328029998918,1,22.606901824474335,23.3687,21.907712,2.2713,16753,0.0012799999999999999,4.320512,,0.042752,0.15923199999999998,0,0.139008,0.007424,0.012288,,0.002816,,6.9291519999999993,9163,2802,97,28.329715599999872
9164,192.66590269982993,328030232605,1,21.902799606323242,20.9902,22.58048,2.2672,16948,0.001024,4.3732479999999994,,0.365824,0.16,0,0.13952,0.011776,0.012288,,0.0038399999999999997,,6.433024,9164,2803,97,28.352104700000382
9165,192.68690319586167,328030442507,1,21.000495180487633,22.0654,21.869824,2.7631,16955,0.001024,4.26112,,0.042496,0.155904,0,0.13644799999999999,0.0076799999999999993,0.011264,,0.003328,,6.8234239999999993,9165,2804,97,28.373564100000294
9166,192.71052109552153,328030663161,1,23.617899045348167,22.6896,20.977408,2.67,16753,0.001024,4.2472959999999995,,0.043008,0.441088,0,0.14310399999999998,0.009216,0.012288,,0.003072,,5.725184,9166,2805,97,28.397467900000265
9167,192.73221729733558,328030890057,1,21.696202456951141,22.4461,23.608064,2.6027,16753,0.001024,4.3315199999999994,,0.554752,0.15564799999999998,0.000256,0.135936,0.007424,0.012288,,0.003328,,7.565312,9167,2806,97,28.419842500000414
9168,192.75540649801587,328031114518,1,23.189200088381767,21.3247,21.680896,3.0577,16753,0.001024,4.3617279999999994,,0.041728,0.160512,0,0.141312,0.004608,0.011776,,0.004352,,6.862336,9168,2807,97,28.442208499999651
9169,192.77940309665533,328031327765,1,23.996599018573761,23.6273,23.163136,3.0398,16955,0.001024,4.326656,,0.040448,0.159744,0,0.140032,0.007424,0.012799999999999999,,0.003584,,6.132992,9169,2808,97,28.465983299999607
9170,192.79564609552153,328031564038,1,16.242999583482742,22.2548,23.979264,2.9654,16753,0.0012799999999999999,3.96928,,0.23577599999999999,0.33638399999999996,0,0.142848,0.19584,0.010496,,0.0025599999999999998,,9.829376,9170,2809,97,28.481712400000106
9171,192.81994550028344,328031786586,1,24.299405515193939,22.721,16.220416,2.8236,16948,0.001024,4.320768,,0.034304,0.156672,0,0.137728,0.011776,0.010752,,0.0038399999999999997,,5.0127359999999994,9171,2810,97,28.507921899999928
9172,192.84167009637187,328032013796,1,21.724596619606018,23.8519,21.291008,2.3829,18807,0.001024,4.351488,,0.473856,0.164352,0,0.145152,0.007168,0.018175999999999998,,0.003584,,7.633664,9172,2811,97,28.527787199999693
9173,192.86504569869615,328032252315,1,23.375602439045906,15.7626,21.7024,2.7813,16753,0.001024,4.252416,,0.040959999999999996,0.162304,0,0.142336,0.003328,0.012544,,0.004096,,5.939456,9173,2812,97,28.551400600000306
9174,192.88663329790248,328032409941,1,21.587599068880081,25.8508,23.357952,2.3141,16955,0.001024,4.365824,,0.042496,0.155904,0,0.13644799999999999,0.0076799999999999993,0.011264,,0.003584,,6.8395519999999994,9174,2813,97,28.573313300000336
9175,192.90907869897958,328032668449,1,22.445401176810265,20.2749,21.566208,11.6181,122190,0.001024,4.247552,,0.03968,0.158208,0,0.137728,0.007424,0.010752,,0.003072,,6.8528639999999994,9175,2814,97,28.59585960000004
9176,192.93033169642857,328032871198,1,21.252997219562531,23.6922,22.432256,2.8637,16753,0.001024,4.3648,,0.344064,0.15795199999999998,0,0.13824,0.004352,0.012799999999999999,,0.004352,,7.915264,9176,2815,97,28.616850100000192
9177,192.95071060090703,328033108120,1,20.378904417157173,21.2234,21.192448,2.4306,16753,0.0012799999999999999,4.364288,,0.040959999999999996,0.155136,0,0.135424,0.007424,0.011264,,0.003328,,7.0988799999999994,9177,2816,97,28.637494800000241
9178,192.97169129818593,328033320354,1,20.980697125196457,22.8735,20.403456,2.7367,17093,0.001024,3.984384,,0.041471999999999995,0.15795199999999998,0,0.137984,0.007424,0.012032,,0.003328,,6.7880959999999995,9178,2817,97,28.65775339999982
9179,192.9923330994898,328033549089,1,20.641801878809929,20.9523,20.950784,3.051,16955,0.001024,4.370176,,0.040192,0.156416,0,0.137984,0.009472,0.011007999999999999,,0.0038399999999999997,,5.3281279999999995,9179,2818,97,28.678824499999791
9180,193.01303379393423,328033758612,1,20.700694993138313,20.7785,20.614144,2.3352,16753,0.0012799999999999999,4.136704,,0.038655999999999996,0.15795199999999998,0.000256,0.13824,0.0076799999999999993,0.011007999999999999,,0.002816,,5.910784,9180,2819,97,28.700391800000034
9181,193.03696309523809,328033966397,1,23.929301649332047,20.4217,20.684288,2.5554,16753,0.001024,4.247552,,0.042752,0.154368,0,0.135424,0.012288,0.011519999999999999,,0.0038399999999999997,,6.05696,9181,2820,97,28.72391400000015
9182,193.05706699971654,328034170614,1,20.103905349969864,20.7977,23.910144,3.0375,16805,0.001024,4.150272,,0.225536,0.154112,0.000256,0.13414399999999999,0.012032,0.010752,,0.004352,,7.305472,9182,2821,97,28.744197699999859
9183,193.07911579506802,328034378591,1,22.048795595765114,21.79,20.09984,2.7182,16955,0.001024,4.154112,,0.036608,0.16025599999999998,0.000256,0.13977599999999998,0.004608,0.036351999999999995,,0.003584,,6.3982079999999995,9183,2822,97,28.765635900000234
9184,193.10063239795917,328034596491,1,21.516602486371994,23.2189,22.011904,2.7088,16753,0.001024,4.358912,,0.040448,0.16,0.000256,0.140544,0.007424,0.011007999999999999,,0.0038399999999999997,,6.6647039999999995,9184,2823,97,28.78656460000002
9185,193.12160699404762,328034828680,1,20.974596962332726,20.3028,21.497088,2.8412,16753,0.001024,4.320512,,0.041215999999999996,0.160768,0,0.140544,0.006144,0.011264,,0.003072,,7.003648,9185,2824,97,28.807418499999585
9186,193.14426199688208,328035031708,1,22.655002772808075,21.8218,20.96128,2.4643,17196,0.001024,3.96928,,0.036608,0.158208,0.000256,0.137984,0.007424,0.011776,,0.003584,,7.374592,9186,2825,97,28.8306048000004
9187,193.16561870039681,328035249926,1,21.356703713536263,20.9405,22.636544,2.389,16753,0.001024,4.255488,,0.35225599999999996,0.15616,0,0.13644799999999999,0.0048639999999999994,0.012288,,0.004096,,5.592064,9187,2826,97,28.852021499999864
9188,193.18693639455782,328035459331,1,21.317694336175919,20.8734,21.328128,2.5355,16955,0.001024,4.2508799999999995,,0.042752,0.158976,0,0.138752,0.007424,0.012288,,0.003328,,7.1168,9188,2827,97,28.873279399999774
9189,193.20737089710883,328035668065,1,20.434502512216568,22.9454,21.261056,2.7192,22554,0.001024,3.966976,,0.040192,0.156672,0,0.134912,0.007424,0.010752,,0.003328,,6.056704,9189,2828,97,28.893597899999804
9190,193.23188699688208,328035897519,1,24.516100063920021,21.532,20.456192,2.9357,16753,0.001024,4.353024,,0.040448,0.154368,0.000256,0.133888,0.0076799999999999993,0.010752,,0.0025599999999999998,,6.643712,9190,2829,97,28.91775779999989
9191,193.25145689484125,328036112839,1,19.569898024201393,21.3465,24.496128,2.3991,16753,0.001024,4.3822079999999994,,0.039424,0.157184,0,0.137984,0.009216,0.011776,,0.003328,,8.663552,9191,2830,97,28.93798599999991
9192,193.27601719812924,328036326304,1,24.560302495956421,20.2004,19.541248,2.6102,17152,0.001024,4.160768,,0.044544,0.150784,0,0.131072,0.007424,0.011007999999999999,,0.0025599999999999998,,5.5935999999999995,9192,2831,97,28.962074199999734
9193,193.29715729875284,328036528308,1,21.140100434422493,23.8779,24.54656,2.4185,16948,0.001024,4.265216,,0.56575999999999993,0.158464,0,0.137728,0.0076799999999999993,0.010496,,0.003072,,9.239552,9193,2832,97,28.983122499999808
9194,193.31918249716551,328036767087,1,22.025197744369507,20.3403,21.113088,2.6038,16753,0.001024,4.255488,,0.043008,0.15488,0.000256,0.135424,0.007424,0.011519999999999999,,0.004096,,6.786048,9194,2833,97,29.00502779999988
9195,193.33855909863945,328036970490,1,19.376602023839951,24.3582,22.00576,2.4668,16753,0.001024,4.260864,,0.041984,0.155392,0.000256,0.135936,0.007424,0.011519999999999999,,0.003072,,6.0856319999999995,9195,2834,97,29.024743699999817
9196,193.361654095805,328037214072,1,23.094996809959412,21.1489,19.3536,2.2971,16753,0.001024,3.9743999999999997,,0.040704,0.15564799999999998,0,0.13644799999999999,0.007424,0.011007999999999999,,0.003072,,6.753792,9196,2835,97,29.046986800000013
9197,193.3854297973356,328037425561,1,23.775702342391014,21.7866,23.091712,2.8891,16955,0.001024,4.361472,,0.84095999999999993,0.15564799999999998,0,0.136192,0.007168,0.011776,,0.002816,,7.840768,9197,2836,97,29.071020600000338
9198,193.4063188988095,328037643427,1,20.889101549983025,19.7538,23.687168,2.3371,16753,0.0012799999999999999,4.329984,,0.041984,0.156672,0,0.13696,0.007424,0.011776,,0.004096,,9.417728,9198,2837,97,29.092687299999852
9199,193.42703279478457,328037840965,1,20.713895559310913,22.276,20.923392,2.1924,23387,0.001024,4.254208,,0.335872,0.342784,0,0.32307199999999997,0.029696,0.011264,,0.003584,,6.775808,9199,2838,97,29.113496699999814
9200,193.44908169642855,328038063725,1,22.04890176653862,23.9884,20.691712,2.7133,16948,0.001024,3.9779839999999997,,0.035584,0.160768,0.000256,0.142592,0.007424,0.010752,,0.002816,,5.6191999999999993,9200,2839,97,29.135042699999758
9201,193.47134879535147,328038303609,1,22.267099469900131,21.4784,22.041088,2.6465,16753,0.001024,4.328192,,0.040704,0.1536,0,0.134656,0.007424,0.013056,,0.003072,,5.976064,9201,2840,97,29.156706300000224
9202,193.49283039965985,328038518393,1,21.481603384017944,20.9408,22.239488,2.5803,17007,0.0012799999999999999,4.1505279999999996,,0.03584,0.15488,0.000256,0.134912,0.0076799999999999993,0.011776,,0.003328,,7.0830079999999995,9202,2841,97,29.17854460000035
9203,193.515763598356,328038727801,1,22.933198139071465,21.5666,21.381888,2.1597,16753,0.001024,4.273664,,0.040959999999999996,0.15692799999999998,0,0.137216,0.007424,0.011007999999999999,,0.004096,,5.559552,9203,2842,97,29.201822199999697
9204,193.53576160005667,328038943467,1,19.998000934720039,21.8462,22.953984,2.3147,16753,0.001024,4.127744,,0.351232,0.156672,0.000256,0.136704,0.007424,0.011776,,0.003328,,7.974912,9204,2843,97,29.221013999999741
9205,193.55749079506802,328039161929,1,21.729195490479469,21.7088,20.00896,2.3689,16753,0.001024,4.352512,,0.041471999999999995,0.16255999999999998,0,0.142336,0.003328,0.011776,,0.002816,,5.598464,9205,2844,97,29.243800600000213
9206,193.58078589852607,328039379017,1,23.295102640986443,23.331,21.724928,2.2023,16955,0.001024,4.369408,,0.039168,0.164352,0,0.140288,0.0076799999999999993,0.011519999999999999,,0.0038399999999999997,,7.200512,9206,2845,97,29.267457900000409
9207,193.60015229591835,328039612327,1,19.366396591067314,19.1892,23.268352,2.9597,16948,0.001024,4.2606079999999995,,0.044288,0.16512,0.000256,0.144896,0.009984,0.011007999999999999,,0.003584,,7.791872,9207,2846,97,29.285877399999663
9208,193.62531749574831,328039804219,1,25.165200233459473,22.4383,19.337216,2.3767,16753,0.001024,4.327424,,0.037376,0.152064,0,0.131584,0.003072,0.010496,,0.0025599999999999998,,6.084096,9208,2847,97,29.311262399999578
9209,193.64393439625849,328040028602,1,18.616899847984314,23.7855,25.150976,2.5275,16753,0.001024,4.334592,,0.03712,0.163072,0,0.144128,0.007424,0.012544,,0.003584,,8.375808,9209,2848,97,29.330524500000138
9210,193.66734910005667,328040266457,1,23.414703086018562,18.5895,18.592,2.1629,16753,0.001024,4.326912,,0.043519999999999996,0.157184,0,0.13747199999999998,0.0076799999999999993,0.013568,,0.003328,,5.698048,9210,2849,97,29.352917000000161
9211,193.6880104946145,328040452352,1,20.661395043134689,25.2645,23.416832,2.4637,16955,0.001024,4.339712,,0.622848,0.157184,0.000256,0.137984,0.0076799999999999993,0.011519999999999999,,0.0025599999999999998,,8.703744,9211,2850,97,29.373696200000268
9212,193.71053219954646,328040704997,1,22.521704435348511,19.2639,20.612608,2.1013,16805,0.001024,4.254208,,0.037888,0.161792,0,0.142592,0.007424,0.011264,,0.003072,,7.537152,9212,2851,97,29.39556999999968
9213,193.73292869897958,328040897636,1,22.396499291062355,22.6122,22.529536,2.1829,16753,0.001024,4.332288,,0.904704,0.15744,0.000256,0.137728,0.007424,0.011776,,0.003584,,7.865856,9213,2852,97,29.417955799999618
9214,193.75322559523809,328041123758,1,20.296895876526833,20.6375,22.362624,2.0192,16948,0.0012799999999999999,4.256768,,0.037888,0.160512,0.000256,0.141824,0.007424,0.011776,,0.003584,,7.874816,9214,2853,97,29.4391899000002
9215,193.77658259637187,328041330133,1,23.357002064585686,22.11,20.226304,2.0829,16955,0.0012799999999999999,4.25984,,0.040448,0.156416,0,0.13696,0.006144,0.011776,,0.0038399999999999997,,5.602304,9215,2854,97,29.462676099999953
9216,193.79845009920635,328041551233,1,21.867502480745316,22.284,23.386368,2.2574,16753,0.001024,4.2588159999999995,,0.521728,0.15923199999999998,0,0.13824,0.0076799999999999993,0.012288,,0.002816,,7.5686399999999994,9216,2855,97,29.483489000000191
9217,193.82067249858275,328041774073,1,22.222399711608887,21.2771,21.855488,2.3078,16753,0.001024,4.325888,,0.040704,0.16153599999999999,0,0.141312,0.003328,0.012032,,0.003072,,7.00672,9217,2856,97,29.506729699999596
9218,193.84204990079365,328041986844,1,21.377401426434517,23.299,22.212352,2.1966,16753,0.001024,4.332288,,0.041728,0.15462399999999998,0,0.134656,0.007424,0.011776,,0.002816,,7.3725439999999995,9218,2857,97,29.527560200000153
9219,193.86596409438775,328042219834,1,23.914193734526634,21.0054,21.344256,2.2091,16753,0.001024,4.3724799999999995,,0.33792,0.156416,0,0.136704,0.007424,0.010752,,0.0025599999999999998,,5.60128,9219,2858,97,29.550952999999936
9220,193.88562059948978,328042429888,1,19.656505435705185,23.027,23.898624,2.0854,16955,0.001024,4.26624,,0.21273599999999998,0.155904,0,0.13644799999999999,0.0076799999999999993,0.011776,,0.003584,,7.595008,9220,2859,97,29.570977200000016
9221,193.90893189484126,328042660158,1,23.311294615268707,21.0367,19.639552,2.0616,16948,0.0012799999999999999,4.2641919999999995,,0.043264,0.16025599999999998,0,0.137216,0.003072,0.011519999999999999,,0.003072,,5.584384,9221,2860,97,29.594320100000004
9222,193.93131459750566,328042870525,1,22.382702678442,23.4515,23.286272,1.9939,23439,0.001024,4.376576,,0.332544,0.157184,0.000256,0.137728,0.007424,0.012032,,0.003072,,7.3172479999999993,9222,2861,97,29.616391900000053
9223,193.95145919784579,328043105040,1,20.144600421190262,20.0239,22.372864,2.0654,16753,0.001024,4.371968,,0.036864,0.16025599999999998,0.000256,0.140032,0.007424,0.011264,,0.003072,,7.219968,9223,2862,97,29.636737499999981
9224,193.9731045989229,328043305279,1,21.645400673151016,22.9149,20.131072,2.2321,16955,0.001024,4.2588159999999995,,0.043008,0.15872,0,0.139264,0.007424,0.011007999999999999,,0.003072,,6.881536,9224,2863,97,29.658312499999738
9225,193.99674389880951,328043534428,1,23.639298975467682,22.3801,21.623552,2.0748,16753,0.001024,4.146432,,0.033791999999999996,0.160768,0.000256,0.142336,0.0038399999999999997,0.011007999999999999,,0.0038399999999999997,,7.396096,9225,2864,97,29.682115300000078
9226,194.0174457979025,328043758229,1,20.701898261904716,20.4335,23.612928,1.9954,16753,0.001024,3.985152,,0.039424,0.15488,0,0.13568,0.003328,0.011264,,0.003584,,5.880832,9226,2865,97,29.702576699999554
9227,194.03884179421769,328043962564,1,21.39599621295929,21.5919,20.689664,2.1016,139750,0.001024,4.147456,,0.042752,0.15616,0,0.13696,0.006144,0.010752,,0.002816,,8.505856,9227,2866,97,29.724982099999579
9228,194.06058429705215,328044178483,1,21.742502227425575,23.662,21.361408,2.142,161341,0.001024,4.263424,,0.040959999999999996,0.15923199999999998,0,0.140288,0.007424,0.011519999999999999,,0.003328,,5.967104,9228,2867,97,29.745936299999812
9229,194.08402749433105,328044415103,1,23.443197831511497,20.6049,21.720576,2.3259,143374,0.001024,4.358656,,0.041215999999999996,0.16,0,0.140288,0.0076799999999999993,0.012288,,0.003328,,7.763712,9229,2868,97,29.769974099999672
9230,194.10383719529477,328044621152,1,19.809700548648834,22.274,23.435776,2.1595,51224,0.001024,4.144128,,0.71219199999999994,0.15795199999999998,0,0.137984,0.011007999999999999,0.011519999999999999,,0.0038399999999999997,,8.167936,9230,2869,97,29.789635299999645
9231,194.12719859693877,328044843892,1,23.361401632428169,21.0344,19.77984,2.2343,16753,0.001024,4.3627519999999995,,0.033791999999999996,0.154112,0.000256,0.13568,0.007936,0.011007999999999999,,0.004096,,7.1298559999999993,9231,2870,97,29.812644599999658
9232,194.14851839569161,328045054236,1,21.31979912519455,23.9028,23.352064,2.2807,16805,0.001024,4.267008,,1.11232,0.157696,0.000256,0.137728,0.0076799999999999993,0.011776,,0.004096,,7.203328,9232,2871,97,29.833569299999908
9233,194.17152490079366,328045293264,1,23.006504401564598,19.7517,21.29408,2.0808,16753,0.001024,4.266496,,0.361216,0.164608,0.000256,0.14464,0.0076799999999999993,0.010496,,0.0025599999999999998,,5.912576,9233,2872,97,29.856489300000248
9234,194.19297339852608,328045490781,1,21.448498591780663,22.8981,22.991616,2.0487,16955,0.001024,4.323072,,0.03712,0.496896,0,0.47769599999999995,0.028159999999999998,0.012032,,0.0051199999999999996,,7.120384,9234,2873,97,29.878148800000417
9235,194.21655629960316,328045719762,1,23.582901805639267,21.1053,21.425152,2.063,16948,0.001024,4.369664,,0.040192,0.158208,0,0.138752,0.0076799999999999993,0.010752,,0.0025599999999999998,,5.616128,9235,2874,97,29.90152130000024
9236,194.23767469529477,328045930815,1,21.118395030498505,22.9418,23.573248,2.1718,16753,0.001024,4.3627519999999995,,0.846592,0.155904,0,0.13644799999999999,0.0076799999999999993,0.012288,,0.003328,,7.8269439999999992,9236,2875,97,29.92296929999975
9237,194.25867009637187,328046160233,1,20.995400846004486,21.6785,21.07904,2.0189,16753,0.001024,4.165632,,0.041471999999999995,0.453376,0.000256,0.43392,0.0076799999999999993,0.011519999999999999,,0.0025599999999999998,,6.6096639999999995,9237,2876,97,29.944006900000204
9238,194.28321139455781,328046377018,1,24.541297927498817,23.3592,20.988416,2.5125,16955,0.001024,4.331264,,0.038144,0.15872,0,0.139264,0.007424,0.012288,,0.003328,,6.5704959999999994,9238,2877,97,29.968429100000321
9239,194.30422619756234,328046610610,1,21.014802157878876,21.1856,24.50688,2.0757,34324,0.001024,4.329728,,0.040448,0.160768,0,0.141056,0.0076799999999999993,0.013312,,0.003072,,8.088832,9239,2878,97,29.989635199999611
9240,194.32748920068028,328046822466,1,23.263003677129745,21.2833,21.002752,2.2522,31138,0.001024,3.9889919999999996,,0.038144,0.15744,0,0.13849599999999998,0.007424,0.011264,,0.003584,,5.611008,9240,2879,97,30.012870999999905
9241,194.34684329648525,328047035299,1,19.354095682501793,24.4221,23.236096,2.076,16805,0.001024,4.1472,,0.639744,0.1536,0.000256,0.13414399999999999,0.007424,0.011519999999999999,,0.003072,,7.2437759999999995,9241,2880,97,30.031873500000074
9242,194.37166979875283,328047279520,1,24.826502427458763,20.9369,19.337984,2.1897,16948,0.001024,4.25728,,0.043008,0.155136,0.000256,0.135424,0.007424,0.011007999999999999,,0.003584,,5.5961599999999994,9242,2881,97,30.057242300000325
9243,194.3931547973356,328047488889,1,21.484998986124992,23.5002,24.815616,2.1992,110723,0.001024,4.34176,,0.037632,0.15692799999999998,0,0.13747199999999998,0.007424,0.012032,,0.0025599999999999998,,7.591424,9243,2882,97,30.078635300000315
9244,194.41533379393422,328047723891,1,22.178996354341507,18.9948,21.449728,2.142,16753,0.001024,4.36992,,0.043008,0.155136,0,0.135424,0.0076799999999999993,0.011007999999999999,,0.003072,,5.9921919999999993,9244,2883,97,30.100885099999687
9245,194.43525969387755,328047913839,1,19.925899803638458,25.3432,22.156544,2.3327,23387,0.001024,4.127488,,0.038655999999999996,0.163328,0.000256,0.14438399999999998,0.0076799999999999993,0.010752,,0.003072,,7.58784,9245,2884,97,30.120681999999761
9246,194.45854259495465,328048167271,1,23.282900452613831,21.4068,19.916288,2.1071,16753,0.0012799999999999999,4.163584,,0.042496,0.16,0,0.140032,0.0076799999999999993,0.012799999999999999,,0.004096,,5.741312,9246,2885,97,30.144467099999929
9247,194.48126859410431,328048381339,1,22.725999355316162,21.8703,23.249664,2.2185,17100,0.001024,4.369152,,0.039424,0.15616,0.000256,0.13644799999999999,0.007424,0.012799999999999999,,0.003328,,6.982144,9247,2886,97,30.166982200000348
9248,194.50088599773241,328048600042,1,19.617402926087379,20.2124,22.70464,2.3861,16753,0.001024,4.345344,,0.042752,0.15462399999999998,0,0.1344,0.0076799999999999993,0.010752,,0.003584,,7.4048,9248,2887,97,30.186540099999547
9249,194.52358499858275,328048802166,1,22.699000313878059,23.559,19.599616,2.2539,16948,0.001024,4.3573759999999995,,0.043008,0.164352,0,0.141312,0.0076799999999999993,0.011007999999999999,,0.002816,,6.6833919999999996,9249,2888,97,30.208853600000111
9250,194.54504640022674,328049037756,1,21.461401134729385,22.6279,22.689536,2.0473,16753,0.001024,4.37376,,0.042752,0.16127999999999998,0,0.141824,0.007424,0.013568,,0.0038399999999999997,,8.013568,9250,2889,97,30.230871800000386
9251,194.56679550028343,328049264035,1,21.749099716544151,19.4679,21.429248,2.16,16805,0.0012799999999999999,4.248576,,0.04224,0.15872,0,0.138752,0.007424,0.012799999999999999,,0.0038399999999999997,,6.36672,9251,2890,97,30.252589499999885
9252,194.58699900085034,328049458714,1,20.203500986099243,22.4583,21.741056,2.3589,16955,0.0012799999999999999,4.263936,,0.042752,0.163328,0.000256,0.14310399999999998,0.007424,0.012032,,0.003072,,8.167168,9252,2891,97,30.272351999999955
9253,194.6097929988662,328049683297,1,22.793998941779137,21.8631,20.14976,2.3386,16753,0.001024,4.356608,,0.042496,0.156416,0,0.136704,0.0076799999999999993,0.011776,,0.003328,,6.3173119999999994,9253,2892,97,30.295657699999538
9254,194.63254280045351,328049901928,1,22.749802097678185,21.6196,22.801664,2.3311,16753,0.001024,4.3645439999999995,,0.635648,0.155904,0,0.13696,0.007424,0.011519999999999999,,0.003328,,7.4319359999999994,9254,2893,97,30.319112999999561
9255,194.653039696712,328050118124,1,20.496895536780357,19.9016,22.731776,2.2468,16753,0.0012799999999999999,4.3573759999999995,,0.041984,0.16127999999999998,0,0.141312,0.0076799999999999993,0.011007999999999999,,0.003328,,7.250432,9255,2894,97,30.339642199999616
9256,194.67670919784581,328050317140,1,23.669501766562462,23.3074,20.4864,2.7376,17150,0.0012799999999999999,4.353536,,0.040192,0.166912,0,0.14207999999999998,0.008704,0.011007999999999999,,0.004608,,5.594624,9256,2895,97,30.364183200000298
9257,194.69793159722221,328050550214,1,21.222399547696114,22.9317,23.641088,2.3193,22537,0.001024,3.976704,,0.036351999999999995,0.158976,0,0.13849599999999998,0.0076799999999999993,0.012544,,0.0038399999999999997,,7.041536,9257,2896,97,30.38474159999987
9258,194.72054849773241,328050779531,1,22.616900503635406,21.0636,21.204736,2.7562,16753,0.001024,3.976704,,0.036351999999999995,0.158976,0,0.13849599999999998,0.0076799999999999993,0.012544,,0.0038399999999999997,,7.041536,9258,2897,97,30.406256999999641
9259,194.74097519841268,328050990167,1,20.42669989168644,24.2318,22.596352,2.3103,16753,0.0012799999999999999,4.139264,,0.042752,0.156416,0,0.136192,0.007424,0.011264,,0.003072,,7.14624,9259,2898,97,30.427347799999552
9260,194.76262619756235,328051232485,1,21.650999784469604,20.3147,20.415488,2.1959,16753,0.001024,4.364032,,0.043264,0.157696,0,0.139264,0.003584,0.011007999999999999,,0.0038399999999999997,,6.10176,9260,2899,97,30.450952099999995
9261,194.78589730017006,328051435632,1,23.2711024582386,22.1544,21.608192,2.425,51966,0.001024,4.364032,,0.043264,0.157696,0,0.139264,0.003584,0.011007999999999999,,0.0038399999999999997,,6.10176,9261,2900,97,30.47262580000006
9262,194.8051547973356,328051657176,1,19.257497042417526,20.8703,23.255552,2.4825,16753,0.001024,4.257792,,0.041728,0.152576,0.000256,0.13286399999999998,0.007936,0.010752,,0.003072,,8.529664,9262,2901,97,30.491207699999904
9263,194.83182099631517,328051865879,1,26.666199788451195,22.7969,19.235072,2.8451,16948,0.001024,4.132352,,0.040192,0.15488,0,0.134912,0.003328,0.011007999999999999,,0.003072,,5.0199039999999995,9263,2902,97,30.517561300000125
9264,194.85181789965986,328052093848,1,19.996903836727142,22.444,26.62144,2.5724,16955,0.001024,4.15744,,0.341504,0.157184,0.000256,0.13696,0.007424,0.011264,,0.002816,,9.009663999999999,9264,2903,97,30.536886400000185
9265,194.87600299744898,328052318288,1,24.185098707675934,18.6315,20.004352,2.2463,16955,0.001024,4.255744,,0.041471999999999995,0.155392,0,0.135424,0.00896,0.011776,,0.004096,,5.5864319999999994,9265,2904,97,30.560927599999559
9266,194.89681109693876,328052504603,1,20.808098837733269,26.4121,24.16128,2.275,16753,0.001024,4.3778559999999995,,0.73804799999999993,0.160512,0,0.13747199999999998,0.0076799999999999993,0.011519999999999999,,0.003584,,8.5227519999999988,9266,2905,97,30.582410199999686
9267,194.91490119756236,328052768724,1,18.090100958943367,19.5069,20.78464,2.1312,16753,0.0012799999999999999,4.33536,,0.040959999999999996,0.161792,0,0.136704,0.007424,0.011264,,0.002816,,6.889728,9267,2906,97,30.600176500000089
9268,194.93650890022676,328052963793,1,21.607702597975731,24.085,18.067968,2.1561,16753,0.001024,4.3609599999999995,,0.042752,0.15488,0,0.13516799999999998,0.003584,0.012288,,0.003072,,5.017344,9268,2907,97,30.621727300000202
9269,194.9592209963152,328053204643,1,22.712096571922302,21.3874,21.591296,2.0202,23387,0.0012799999999999999,4.1620479999999995,,0.039168,0.15564799999999998,0,0.136192,0.007424,0.011264,,0.002816,,7.469568,9269,2908,97,30.646043499999905
9270,194.98166139455782,328053418517,1,22.44039811193943,17.8938,22.698496,1.9644,17150,0.0012799999999999999,4.1620479999999995,,0.039168,0.15564799999999998,0,0.136192,0.007424,0.011264,,0.002816,,7.469568,9270,2909,97,30.666709699999956
9271,195.00448259637187,328053597455,1,22.821201011538506,21.0935,22.414336,2.1531,16805,0.001024,4.32384,,0.045824,0.15923199999999998,0,0.136192,0.0076799999999999993,0.012032,,0.003328,,6.8385279999999993,9271,2910,97,30.689370699999927
9272,195.02557559523808,328053808390,1,21.09299972653389,24.2653,22.799616,2.0751,16753,0.001024,4.2688,,0.037888,0.159488,0,0.13977599999999998,0.008704,0.012032,,0.0038399999999999997,,6.1619199999999994,9272,2911,97,30.710760099999789
9273,195.04571579506802,328054051043,1,20.140198990702629,21.1184,21.072128,1.9602,16753,0.001024,4.1487359999999995,,0.034048,0.160512,0.000256,0.14207999999999998,0.008192,0.011007999999999999,,0.004352,,7.3643519999999993,9273,2912,97,30.730846600000405
9274,195.06989399801586,328054262227,1,24.178203195333481,22.6245,20.12288,2.0678,16753,0.001024,4.146432,,0.042496,0.16127999999999998,0,0.13977599999999998,0.007424,0.012288,,0.003584,,6.496512,9274,2913,97,30.755311199999596
9275,195.0891216978458,328054488472,1,19.227700307965279,21.2624,24.169472,2.2131,16955,0.001024,4.3502079999999994,,0.040959999999999996,0.15462399999999998,0,0.134656,0.007424,0.010239999999999999,,0.003072,,6.981376,9275,2914,97,30.774182199999814
9276,195.10987879818595,328054701096,1,20.757099613547325,20.2933,19.191296,2.2415,16753,0.001024,4.180736,,0.041984,0.15872,0,0.138752,0.003072,0.011264,,0.0025599999999999998,,6.087936,9276,2915,97,30.794940300000235
9277,195.13317729591836,328054904029,1,23.298498243093491,24.223,20.739072,2.116,16753,0.001024,4.27008,,0.040959999999999996,0.161024,0.000256,0.141568,0.007424,0.011519999999999999,,0.003072,,6.6956799999999994,9277,2916,97,30.818078700000115
9278,195.15487329931972,328055146259,1,21.696003153920174,19.0406,23.281664,2.1263,16948,0.001024,4.2606079999999995,,0.348672,0.153088,0,0.133376,0.007168,0.011776,,0.003072,,6.9503999999999992,9278,2917,97,30.839847899999768
9279,195.17769559948979,328055336665,1,22.822299972176552,20.7254,21.671424,2.0006,16955,0.004608,4.379392,,0.039936,0.15488,0,0.13644799999999999,0.007424,0.011007999999999999,,0.004096,,5.2126719999999995,9279,2918,97,30.862832400000116
9280,195.1978422973356,328055543919,1,20.146697759628296,23.2313,22.804224,2.1169,16753,0.001024,4.1472,,0.505344,0.156416,0,0.136704,0.009216,0.011776,,0.003072,,8.479488,9280,2919,97,30.883244999999988
9281,195.22151179846938,328055776232,1,23.669501766562462,21.7233,20.127232,2.0457,16805,0.001024,4.143872,,0.04224,0.158208,0.000256,0.13824,0.007424,0.011519999999999999,,0.003584,,5.5872,9281,2920,97,30.906867499999862
9282,195.24263759920635,328055993465,1,21.125800907611847,22.9258,23.64672,2.2259,16753,0.001024,4.3724799999999995,,0.040959999999999996,0.15872,0,0.13824,0.007424,0.011519999999999999,,0.003072,,7.6984319999999995,9282,2921,97,30.927425699999731
9283,195.263604095805,328056222723,1,20.96649631857872,20.4933,21.104128,2.0837,16753,0.001024,4.368128,,0.042752,0.158464,0,0.13824,0.0076799999999999993,0.011007999999999999,,0.0038399999999999997,,6.8252159999999993,9283,2922,97,30.948448899999676
9284,195.28609069586167,328056427656,1,22.486599162220955,23.533,19.890944,2.0748,16955,0.001024,4.2588159999999995,,0.036608,0.155136,0,0.13516799999999998,0.007424,0.011519999999999999,,0.0038399999999999997,,6.5377279999999995,9284,2923,97,30.971616300000278
9285,195.30786259920635,328056662986,1,21.771904081106186,20.646,22.465792,2.0731,16948,0.001024,4.152576,,0.040959999999999996,0.157184,0,0.136704,0.007424,0.012288,,0.003584,,8.443904,9285,2924,97,30.992867199999637
9286,195.328827196712,328056869446,1,20.964598283171654,21.0496,21.75488,1.9945,16753,0.001024,4.170752,,0.046848,0.155392,0.000256,0.13644799999999999,0.007424,0.011264,,0.003584,,7.0110719999999995,9286,2925,97,31.013965400000416
9287,195.35070049603175,328057079942,1,21.873299032449722,22.8902,20.939776,2.1054,16753,0.0012799999999999999,4.375808,,0.04224,0.15564799999999998,0,0.137216,0.007424,0.011007999999999999,,0.003584,,8.589568,9287,2926,97,31.035942100000284
9288,195.3731751984127,328057308844,1,22.474702447652817,21.5194,21.85728,2.0315,16753,0.001024,4.259072,,0.32255999999999996,0.159488,0,0.13849599999999998,0.007424,0.011519999999999999,,0.003072,,6.788352,9288,2927,97,31.05814139999984
9289,195.39638519699545,328057524038,1,23.20999838411808,21.0054,22.459904,2.1945,16955,0.001024,4.271616,,0.040192,0.156672,0.000256,0.13849599999999998,0.007168,0.010496,,0.0025599999999999998,,8.214528,9289,2928,97,31.081147099999725
9290,195.41626749574829,328057734092,1,19.88229900598526,21.8271,23.1808,2.0634,16753,0.001024,4.268032,,0.039424,0.164096,0,0.140032,0.007424,0.012799999999999999,,0.003584,,6.078976,9290,2929,97,31.101446300000134
9291,195.44055369897958,328057952363,1,24.28620308637619,22.3573,19.866112,2.0125,16805,0.001024,4.375296,,0.043264,0.15872,0,0.13952,0.0076799999999999993,0.011007999999999999,,0.003328,,7.2898559999999994,9291,2930,97,31.125891200000297
9292,195.46053429705213,328058175936,1,19.980598241090775,23.1231,24.269056,2.1029,23582,0.001024,4.2649599999999994,,0.040959999999999996,0.15923199999999998,0,0.139264,0.0076799999999999993,0.012032,,0.0025599999999999998,,8.599808,9292,2931,97,31.145415899999534
9293,195.48143969671202,328058407167,1,20.905399695038795,20.1717,19.960576,2.0851,16955,0.001024,3.983872,,0.038911999999999995,0.158464,0,0.140032,0.009216,0.010752,,0.002816,,6.8938239999999995,9293,2932,97,31.166872599999806
9294,195.50461960034013,328058608884,1,23.179903626441956,24.1992,20.88576,2.052,16753,0.001024,4.257536,,0.036351999999999995,0.154368,0,0.1344,0.007168,0.009984,,0.003584,,6.789632,9294,2933,97,31.189329799999541
9295,195.52654159580499,328058850876,1,21.921996027231216,19.8253,23.148032,2.1011,16753,0.001024,4.33408,,0.35609599999999997,0.162304,0,0.13747199999999998,0.003328,0.011776,,0.003328,,6.069248,9295,2934,97,31.211330999999518
9296,195.54684730017007,328059049129,1,20.305704325437546,21.456,21.905408,2.0975,16753,0.001024,4.165888,,0.038144,0.16025599999999998,0.000256,0.13696,0.0076799999999999993,0.011519999999999999,,0.003328,,7.069184,9296,2935,97,31.231584299999668
9297,195.5700957979025,328059263689,1,23.248497396707535,22.5519,20.281344,2.0403,16753,0.001024,4.374528,,0.039168,0.160768,0,0.141312,0.007424,0.011264,,0.004352,,6.532864,9297,2936,97,31.25541020000037
9298,195.59159699546484,328059489208,1,21.501198410987854,21.9749,23.241984,2.2223,16955,0.001024,4.386048,,0.328192,0.343296,0,0.13824,0.009216,0.013056,,0.002816,,7.267072,9298,2937,97,31.27651220000007
9299,195.61481960034013,328059708957,1,23.222604766488075,20.2614,21.481472,2.5371,16948,0.001024,4.146688,,0.043519999999999996,0.164096,0,0.141056,0.0076799999999999993,0.011519999999999999,,0.0025599999999999998,,5.811456,9299,2938,97,31.299857699999848
9300,195.63580620039681,328059911571,1,20.98659984767437,23.7278,23.204608,2.0984,16753,0.001024,4.14464,,0.040192,0.155904,0,0.136704,0.007936,0.012799999999999999,,0.003584,,7.3466879999999994,9300,2939,97,31.321122999999716
9301,195.65865739795919,328060148849,1,22.851197049021721,21.1262,20.962304,2.1467,16805,0.001024,4.265216,,0.044031999999999995,0.15795199999999998,0.000256,0.13849599999999998,0.003328,0.011264,,0.003072,,6.7676159999999994,9301,2940,97,31.343720900000335
9302,195.68128799603173,328060360111,1,22.630598396062851,23.3189,22.846208,2.3839,16955,0.001024,4.270592,,0.305152,0.15744,0,0.13849599999999998,0.0076799999999999993,0.011519999999999999,,0.003328,,6.879744,9302,2941,97,31.366771799999697
9303,195.70057819586168,328060593300,1,19.290199503302574,21.0259,22.6048,2.1258,16753,0.001024,4.269056,,0.043008,0.15692799999999998,0,0.13747199999999998,0.0076799999999999993,0.011776,,0.0025599999999999998,,6.063616,9303,2942,97,31.386200099999769
9304,195.72190339427436,328060803559,1,21.32519893348217,22.8728,19.26016,2.1484,16753,0.001024,4.256512,,0.046079999999999996,0.32255999999999996,0,0.137216,0.0076799999999999993,0.011264,,0.003584,,6.33216,9304,2943,97,31.407009100000323
9305,195.74229159580497,328061032287,1,20.388200879096985,22.9782,21.30304,2.2718,16753,0.001024,4.377088,,0.040704,0.165632,0,0.144896,0.0076799999999999993,0.01664,,0.002816,,5.413632,9305,2944,97,31.427084599999944
9306,195.76511150085034,328061262069,1,22.819904610514641,19.5463,20.371968,1.9541,16948,0.001024,4.162304,,0.043264,0.15564799999999998,0,0.135936,0.007424,0.010496,,0.002816,,5.595136,9306,2945,97,31.450543500000094
9307,195.78586809807254,328061457532,1,20.756596699357033,20.6739,22.772736,1.9682,16955,0.001024,3.98848,,0.22655999999999998,0.16025599999999998,0,0.13952,0.007424,0.011519999999999999,,0.003072,,7.015936,9307,2946,97,31.472128200000043
9308,195.80939779620181,328061664271,1,23.529697209596634,20.1536,20.77056,2.0552,16753,0.001024,4.26752,,0.34355199999999997,0.160512,0,0.140032,0.0076799999999999993,0.012799999999999999,,0.003328,,8.1658879999999989,9308,2947,97,31.49668819999988
9309,195.83225449971656,328061865807,1,22.856703028082848,23.4574,23.512064,2.3494,16753,0.001024,4.26752,,0.34355199999999997,0.160512,0,0.140032,0.0076799999999999993,0.012799999999999999,,0.003328,,8.1658879999999989,9309,2948,97,31.51762030000009
9310,195.85383869756234,328062100381,1,21.584197878837585,21.5286,22.840832,2.4745,16753,0.001024,3.98336,,0.043775999999999995,0.540416,0,0.52096,0.005376,0.011519999999999999,,0.002816,,7.579904,9310,2949,97,31.538817800000288
9311,195.87743319869614,328062315667,1,23.594500496983528,23.6087,21.555968,2.1069,17007,0.001024,4.265216,,0.040704,0.15334399999999998,0,0.133376,0.007424,0.012032,,0.002816,,5.77152,9311,2950,97,31.562497699999767
9312,195.89843399943311,328062551754,1,21.000800654292107,21.9301,23.575552,2.1976,109235,0.001024,4.15232,,0.724224,0.15231999999999998,0,0.132096,0.007424,0.011264,,0.0038399999999999997,,7.608064,9312,2951,97,31.583575100000417
9313,195.9195966978458,328062771055,1,21.162698045372963,21.2023,20.912384,2.0723,16948,0.001024,4.371456,,0.040704,0.158208,0.000256,0.13849599999999998,0.007168,0.011007999999999999,,0.003328,,5.9238399999999993,9313,2952,97,31.604656200000136
9314,195.94302400085033,328062983078,1,23.42730388045311,23.591,21.210112,2.1855,16753,0.001024,4.3645439999999995,,0.040448,0.15616,0,0.137216,0.007424,0.011007999999999999,,0.003328,,6.8039679999999993,9314,2953,97,31.628538699999808
9315,195.96564010062357,328063218988,1,22.616099566221237,21.1195,23.410432,2.1127,23387,0.001024,4.343296,,0.519168,0.15231999999999998,0,0.13286399999999998,0.003328,0.011776,,0.0038399999999999997,,6.592,9315,2954,97,31.651090499999555
9316,195.98605039682539,328063430183,1,20.410295575857162,21.1781,22.593536,2.0391,17100,0.0012799999999999999,4.257792,,0.042752,0.158208,0,0.13414399999999999,0.003328,0.011776,,0.0038399999999999997,,7.2632319999999995,9316,2955,97,31.671560200000386
9317,196.00774499716553,328063641964,1,21.694600582122803,23.4683,20.390144,2.1639,16753,0.001024,4.358144,,0.038911999999999995,0.16255999999999998,0,0.142848,0.007168,0.011007999999999999,,0.003072,,5.591552,9317,2956,97,31.692813499999829
9318,196.03227719671202,328063876647,1,24.532198905944824,22.9296,21.6768,2.1192,122179,0.0012799999999999999,4.257536,,0.03968,0.15692799999999998,0,0.137728,0.007424,0.012799999999999999,,0.003328,,8.0023039999999988,9318,2957,97,31.717443700000331
9319,196.05183609693876,328064105943,1,19.558900967240334,20.3299,24.508928,2.1485,129966,0.001024,4.155136,,0.045824,0.155392,0,0.135936,0.007168,0.011776,,0.003584,,8.6438399999999991,9319,2958,97,31.737347000000227
9320,196.07653920068026,328064309242,1,24.703104048967361,21.4046,19.540224,2.1751,101947,0.001024,3.97952,,0.042496,0.15488,0.000256,0.13516799999999998,0.003584,0.011007999999999999,,0.003584,,5.75104,9320,2959,97,31.761788900000283
9321,196.09705009920634,328064523288,1,20.510898903012276,24.5102,24.681984,2.3171,143769,0.001024,4.3386879999999994,,0.035328,0.16255999999999998,0,0.143616,0.007424,0.011007999999999999,,0.003584,,8.9100799999999989,9321,2960,97,31.782258299999739
9322,196.1184764951814,328064768390,1,21.426396444439888,19.982,20.451072,2.2421,16753,0.001024,4.259072,,0.043008,0.15923199999999998,0,0.138752,0.0076799999999999993,0.011264,,0.003328,,6.870272,9322,2961,97,31.8040861999998
9323,196.13851769416098,328064968210,1,20.041199401021004,24.4414,21.445376,2.0606,16753,0.001024,4.140032,,0.041471999999999995,0.158464,0,0.13696,0.005888,0.012288,,0.003072,,7.0420479999999994,9323,2962,97,31.82380910000029
9324,196.16119339569161,328065212624,1,22.675702348351479,20.4055,20.01792,2.1687,16753,0.001024,4.367872,,0.041728,0.153856,0,0.134912,0.007424,0.011776,,0.003584,,6.9309439999999993,9324,2963,97,31.846040100000209
9325,196.1847005952381,328065416679,1,23.507200181484222,21.9173,22.665472,2.0599,16955,0.001024,4.152832,,0.92467199999999994,0.15872,0,0.13849599999999998,0.007424,0.011519999999999999,,0.003584,,7.644672,9325,2964,97,31.869984599999952
9326,196.20676889880951,328065635852,1,22.06830307841301,19.7249,23.47648,2.072,22537,0.001024,4.146432,,0.040192,0.154368,0,0.13516799999999998,0.007424,0.013312,,0.004096,,6.934016,9326,2965,97,31.892224600000191
9327,196.22852529761903,328065833101,1,21.756399422883987,22.2532,22.055936,2.0881,16948,0.001024,4.332288,,0.345344,0.156416,0,0.136704,0.007424,0.012288,,0.003072,,7.0092799999999995,9327,2966,97,31.913723599999685
9328,196.24939439484126,328066055633,1,20.869096741080284,23.766,21.714688,2.0752,16753,0.001024,4.25984,,0.038144,0.154112,0,0.1344,0.007168,0.012544,,0.002816,,5.750272,9328,2967,97,31.934305800000402
9329,196.27360199829931,328066293293,1,24.207603186368942,22.4045,20.861696,2.1638,16753,0.001024,3.983104,,0.041728,0.159488,0,0.139264,0.007424,0.011264,,0.003072,,6.367488,9329,2968,97,31.95891120000033
9330,196.292913598356,328066517338,1,19.311599433422089,21.4521,24.196352,1.9564,17100,0.001024,4.252672,,0.040959999999999996,0.15692799999999998,0,0.137216,0.007424,0.012799999999999999,,0.003072,,8.8852479999999989,9330,2969,97,31.978240999999798
9331,196.31687739512472,328066731859,1,23.963795974850655,20.6849,19.281664,2.0105,34376,0.001024,4.144128,,0.041215999999999996,0.156416,0,0.13747199999999998,0.007424,0.011776,,0.002816,,5.586944,9331,2970,97,32.001851799999713
9332,196.33849519557822,328066938708,1,21.617799997329712,24.4179,23.948544,2.1848,31138,0.001024,4.330496,,1.3171199999999998,0.177152,0,0.150272,0.011776,0.010752,,0.003072,,7.649024,9332,2971,97,32.023714400000244
9333,196.35987569444444,328067182887,1,21.380499005317688,19.5197,21.608448,1.9735,16753,0.001024,4.366592,,0.039424,0.163072,0.000256,0.142336,0.007936,0.013056,,0.003328,,6.819328,9333,2972,97,32.044692800000121
9334,196.38277490079363,328067378084,1,22.899206727743149,23.5725,21.347584,2.2458,17150,0.001024,3.9871999999999996,,0.216832,0.1536,0.000256,0.134656,0.007424,0.011776,,0.003328,,6.5809919999999993,9334,2973,97,32.068033100000321
9335,196.40548920068025,328067613809,1,22.714300081133842,21.8136,22.874368,2.082,16753,0.001024,4.334848,,0.75468799999999991,0.155392,0,0.135936,0.003328,0.012288,,0.003072,,7.719424,9335,2974,97,32.090310300000056
9336,196.4270130952381,328067831945,1,21.523894742131233,21.0522,22.707456,2.1151,16753,0.001024,4.17408,,0.040192,0.15564799999999998,0,0.136192,0.007424,0.012032,,0.003072,,6.218496,9336,2975,97,32.112362300000314
9337,196.44892679988661,328068042467,1,21.913705393671989,23.324,21.491456,2.0158,16753,0.001024,4.1699839999999995,,0.041215999999999996,0.155136,0,0.13568,0.007424,0.012032,,0.004096,,6.806272,9337,2976,97,32.134302700000262
9338,196.47079439484125,328068275707,1,21.867595613002777,22.1778,21.89696,2.1873,23387,0.001024,3.981824,,0.633088,0.151808,0.000256,0.132608,0.003328,0.011007999999999999,,0.004096,,7.721216,9338,2977,97,32.156585300000188
9339,196.49209699546483,328068497485,1,21.3026013225317,21.9112,21.846272,1.9778,16955,0.001024,4.3671039999999994,,0.039936,0.16025599999999998,0,0.140544,0.0063999999999999994,0.012288,,0.003584,,7.4140159999999993,9339,2978,97,32.17710790000001
9340,196.51582559523808,328068716597,1,23.728599771857262,21.7439,21.279232,1.9952,16753,0.001024,4.151552,,0.326656,0.156672,0,0.136704,0.006912,0.011264,,0.003072,,5.5872,9340,2979,97,32.200917699999991
9341,196.53688839994331,328068934036,1,21.062804386019707,22.5263,23.661824,2.0478,17000,0.001024,4.3333119999999994,,0.36403199999999997,0.162816,0,0.14310399999999998,0.0076799999999999993,0.012288,,0.003584,,6.9416959999999994,9341,2980,97,32.221860599999673
9342,196.55777389455781,328069159299,1,20.885495468974113,20.5691,21.094144,2.0103,16753,0.001024,4.164864,,0.041728,0.156672,0.000256,0.13644799999999999,0.003328,0.010752,,0.003584,,6.583296,9342,2981,97,32.24335869999959
9343,196.58114719387754,328069364990,1,23.373300209641457,23.9408,20.876288,2.2089,16955,0.001024,4.377344,,0.041471999999999995,0.16255999999999998,0,0.14207999999999998,0.007424,0.012799999999999999,,0.003072,,6.568192,9343,2982,97,32.266212700000324
9344,196.60075419501132,328069604398,1,19.607001915574074,20.8709,23.345408,2.4351,16753,0.006144,4.337152,,0.036095999999999996,0.15923199999999998,0,0.13952,0.003328,0.011776,,0.003584,,7.244288,9344,2983,97,32.285873200000424
9345,196.62448959750566,328069813107,1,23.735402151942253,21.4705,19.58272,2.1634,16753,0.0012799999999999999,4.1592319999999994,,0.041471999999999995,0.15462399999999998,0,0.13516799999999998,0.007424,0.011264,,0.003072,,7.000832,9345,2984,97,32.310103300000264
9346,196.64675800028343,328070027812,1,22.268403321504593,22.88,23.722496,2.07,16753,0.001024,4.363264,,0.036351999999999995,0.162816,0,0.142848,0.0076799999999999993,0.013568,,0.003072,,7.9142399999999995,9346,2985,97,32.33256960000017
9347,196.66897389455781,328070256612,1,22.215893492102623,19.5904,22.237696,2.3168,16753,0.001024,4.371968,,0.042496,0.159744,0.000256,0.140544,0.005888,0.011776,,0.0025599999999999998,,7.2445439999999994,9347,2986,97,32.354778900000383
9348,196.69242580073694,328070452516,1,23.451905697584152,24.2242,22.198272,2.1757,17448,0.001024,4.2588159999999995,,0.038911999999999995,0.15488,0,0.135424,0.007424,0.011264,,0.004096,,6.832128,9348,2987,97,32.377514499999961
9349,196.7153229946145,328070694758,1,22.89719320833683,22.5722,23.433216,2.2713,16753,0.001024,4.170496,,0.683264,0.157696,0.000256,0.13747199999999998,0.005888,0.011776,,0.0038399999999999997,,6.24256,9349,2988,97,32.400624099999732
9350,196.73639109977324,328070920480,1,21.068105474114418,22.0474,22.879744,2.1655,16753,0.001024,4.169728,,0.042496,0.447744,0.000256,0.137984,0.18073599999999998,0.012288,,0.003328,,7.827712,9350,2989,97,32.421632399999908
9351,196.75917969812923,328071140954,1,22.788599133491516,22.9342,21.042176,2.1259,16805,0.001024,4.208384,,0.045312,0.157184,0,0.137216,0.007424,0.010752,,0.002816,,6.82752,9351,2990,97,32.444537000000309
9352,196.78200809948979,328071370296,1,22.828401997685432,23.1108,22.770688,2.1091,16955,0.001024,4.1602559999999995,,0.22758399999999998,0.155136,0,0.135936,0.007424,0.012032,,0.0038399999999999997,,7.357952,9352,2991,97,32.467985799999951
9353,196.80142089710884,328071601404,1,19.412796944379807,21.0324,22.815232,2.0354,16753,0.0012799999999999999,4.145408,,0.038144,0.158976,0,0.138752,0.0076799999999999993,0.011264,,0.0038399999999999997,,5.9584,9353,2992,97,32.486907800000154
9354,196.82625659722223,328071811728,1,24.835700169205666,22.9318,19.393024,2.2196,16753,0.001024,4.134144,,0.036095999999999996,0.16127999999999998,0,0.141312,0.003072,0.010496,,0.003072,,6.642176,9354,2993,97,32.512166100000286
9355,196.84719979450114,328072041046,1,20.94319649040699,23.4041,24.804352,2.3939,16948,0.001024,4.3786239999999994,,0.226048,0.152832,0,0.132096,0.007424,0.011007999999999999,,0.0038399999999999997,,7.616256,9355,2994,97,32.532450300000164
9356,196.87015609410429,328072275087,1,22.956300526857376,18.8388,20.912896,2.2939,16753,0.001024,4.323328,,0.043008,0.161024,0,0.141056,0.0076799999999999993,0.011007999999999999,,0.003072,,6.5633279999999994,9356,2995,97,32.555577699999958
9357,196.89115139597504,328072463475,1,20.995302125811577,25.2059,22.95936,2.1186,16955,0.001024,4.1495039999999994,,0.51302399999999992,0.15872,0,0.139008,0.011776,0.011776,,0.002816,,7.117056,9357,2996,97,32.576707299999725
9358,196.91083629535146,328072715534,1,19.684899598360062,20.3751,20.964864,2.2806,16753,0.001024,4.139008,,0.038655999999999996,0.16127999999999998,0,0.140544,0.004608,0.013056,,0.003072,,5.59488,9358,2997,97,32.595744899999772
9359,196.93183439625849,328072919285,1,20.998101681470871,23.1358,19.667712,2.1627,16753,0.001024,4.36992,,0.040192,0.154368,0.000256,0.132608,0.0048639999999999994,0.011007999999999999,,0.003328,,6.8840959999999995,9359,2998,97,32.617060200000196
9360,196.95465899943309,328073150643,1,22.824604064226151,21.1825,20.965888,2.0098,16753,0.001024,4.163584,,0.043775999999999995,0.156672,0,0.136704,0.007424,0.011264,,0.003072,,5.58848,9360,2999,97,32.639691499999572
9361,196.977101098356,328073362468,1,22.442098706960678,19.0451,22.819072,2.0574,23641,0.001024,4.146688,,0.040448,0.157696,0,0.137984,0.007424,0.011776,,0.002816,,6.138368,9361,3000,97,32.66234809999969
9362,196.99728139880952,328073552919,1,20.180299878120422,21.2806,22.422272,1.9241,16948,0.0012799999999999999,4.256512,,0.039424,0.15488,0.000256,0.13568,0.011776,0.012032,,0.003584,,7.7567999999999993,9362,3001,97,32.682756700000027
9363,197.02024640022674,328073765725,1,22.965000942349434,22.3822,20.142336,2.1472,16753,0.0012799999999999999,4.150272,,0.037888,0.164352,0.000256,0.14464,0.007168,0.011264,,0.004352,,6.8252159999999993,9363,3002,97,32.705142099999648
9364,197.04244259495465,328073989547,1,22.196194157004356,22.8372,22.95296,2.1164,16753,0.001024,4.26368,,0.03712,0.15488,0,0.135424,0.007424,0.011264,,0.0038399999999999997,,7.307264,9364,3003,97,32.727184000000307
9365,197.06435639880951,328074217919,1,21.9138041138649,20.5162,22.17728,2.1415,16753,0.001024,4.381952,,0.036095999999999996,0.155392,0.000256,0.135936,0.007424,0.011264,,0.003584,,6.225664,9365,3004,97,32.749438400000145
9366,197.08656249999999,328074423081,1,22.206101566553116,22.4068,21.895168,2.0075,16955,0.001024,4.3706879999999995,,0.039168,0.15564799999999998,0,0.134656,0.003328,0.010752,,0.002816,,6.704896,9366,3005,97,32.771595000000161
9367,197.10796089852607,328074647149,1,21.398399025201797,22.0022,22.185216,2.2031,16753,0.001024,4.375552,,0.036095999999999996,0.157184,0.000256,0.13747199999999998,0.003328,0.011007999999999999,,0.003584,,6.085888,9367,3006,97,32.7927080999998
9368,197.13276960034014,328074867171,1,24.808701127767563,22.2456,21.393408,2.0062,16753,0.0012799999999999999,4.260352,,0.043264,0.15334399999999998,0,0.133632,0.008192,0.012544,,0.003072,,7.328512,9368,3007,97,32.817665399999896
9369,197.15287089710884,328075089627,1,20.101297646760941,22.1629,24.777472,2.1541,16948,0.001024,4.178432,,0.036351999999999995,0.16153599999999999,0,0.14207999999999998,0.007424,0.014591999999999999,,0.003072,,7.50848,9369,3008,97,32.838748000000123
9370,197.176998100907,328075311256,1,24.127203971147537,21.1183,20.09088,2.0509,16955,0.001024,4.259072,,0.039168,0.159744,0.000256,0.139264,0.006656,0.011519999999999999,,0.0025599999999999998,,5.5918079999999994,9370,3009,97,32.862082999999984
9371,197.19801489512471,328075522439,1,21.016793325543404,24.9801,24.101632,2.1306,16805,0.001024,4.34432,,0.035584,0.15334399999999998,0,0.1344,0.007936,0.011776,,0.003328,,7.4373119999999995,9371,3010,97,32.882800800000041
9372,197.219903295068,328075772240,1,21.888399496674538,20.8945,20.9984,2.0779,16753,0.001024,4.334848,,0.043775999999999995,0.154112,0.000256,0.134656,0.007168,0.011776,,0.003072,,7.006208,9372,3011,97,32.905032699999538
9373,197.23899469954648,328075981185,1,19.091404974460602,23.5265,20.836352,2.0159,16753,0.001024,4.138496,,0.039424,0.165632,0,0.141056,0.011776,0.012288,,0.0038399999999999997,,7.1370239999999994,9373,3012,97,32.924757800000407
9374,197.2605216978458,328076216450,1,21.526997908949852,20.7042,19.063296,2.0984,16753,0.001024,4.1505279999999996,,0.047872,0.159488,0,0.140288,0.007424,0.012032,,0.003584,,5.773312,9374,3013,97,32.945358799999667
9375,197.28218819444444,328076423492,1,21.666496992111206,22.2472,21.503744,2.1789,16955,0.001024,4.338944,,0.326144,0.15334399999999998,0,0.133632,0.0076799999999999993,0.011007999999999999,,0.004096,,5.923328,9375,3014,97,32.967288300000291
9376,197.30535719954648,328076645964,1,23.169005289673805,19.3915,21.65888,1.9349,16753,0.001024,4.36992,,0.040704,0.15923199999999998,0,0.139264,0.007424,0.011007999999999999,,0.003328,,6.817536,9376,3015,97,32.990424599999642
9377,197.32745879393423,328076839879,1,22.101594135165215,20.911,23.137536,2.1281,16948,0.001024,4.2703359999999995,,0.041215999999999996,0.15488,0,0.135424,0.0076799999999999993,0.011776,,0.003328,,6.1503999999999994,9377,3016,97,33.012276600000405
9378,197.34745499574828,328077048989,1,19.996201619505882,21.9025,22.085376,1.9388,16753,0.0012799999999999999,4.366592,,0.036608,0.158208,0,0.137728,0.0076799999999999993,0.011007999999999999,,0.002816,,7.240704,9378,3017,97,33.032458699999552
9379,197.36974609552152,328077268014,1,22.291099652647972,23.1507,19.964928,2.0846,16753,0.001024,4.15872,,0.041215999999999996,0.15692799999999998,0,0.13644799999999999,0.007424,0.011007999999999999,,0.004096,,5.58976,9379,3018,97,33.055004900000313
9380,197.39228539540815,328077499521,1,22.539298981428146,21.7637,22.283264,2.0863,115633,0.001024,4.3315199999999994,,0.033535999999999996,0.15488,0.000256,0.135936,0.008192,0.011007999999999999,,0.0038399999999999997,,7.2117759999999995,9380,3019,97,33.078149799999665
9381,197.41385509495464,328077717158,1,21.569699048995972,20.2417,22.505728,2.1748,16805,0.0012799999999999999,4.25216,,0.041728,0.157696,0,0.137728,0.0076799999999999993,0.011264,,0.0038399999999999997,,5.9824639999999993,9381,3020,97,33.099187300000267
9382,197.43649799461451,328077919575,1,22.642899304628372,22.5649,21.556992,2.4093,16753,0.001024,4.242944,,0.038144,0.157696,0,0.135424,0.006144,0.010752,,0.004352,,6.743808,9382,3021,97,33.121496599999773
9383,197.45757609835601,328078145224,1,21.07810415327549,22.8931,22.632192,2.1521,16753,0.001024,4.33536,,0.041215999999999996,0.162304,0,0.14207999999999998,0.003072,0.011264,,0.003072,,7.5028479999999993,9383,3022,97,33.143291600000339
9384,197.47926039540815,328078374155,1,21.684296429157257,21.3275,21.045504,2.0412,23929,0.001024,4.144384,,0.046591999999999995,0.156416,0,0.13696,0.003328,0.010496,,0.002816,,6.8689919999999995,9384,3023,97,33.164275099999941
9385,197.50069299886621,328078587430,1,21.432602778077126,22.2016,21.66528,2.2229,16753,0.0012799999999999999,4.27008,,0.040448,0.159488,0,0.14079999999999998,0.0076799999999999993,0.011007999999999999,,0.003072,,8.96128,9385,3024,97,33.185626299999967
9386,197.5221429988662,328078809446,1,21.449999883770943,21.4827,21.416192,1.9619,16753,0.001024,4.3599359999999994,,0.040959999999999996,0.15795199999999998,0.000256,0.13568,0.007424,0.011519999999999999,,0.003328,,7.0039039999999995,9386,3025,97,33.207173800000419
9387,197.54657449688207,328079024273,1,24.431498721241951,21.3722,21.393408,2.0495,16753,0.001024,4.33408,,0.040192,0.16025599999999998,0.000256,0.14207999999999998,0.0076799999999999993,0.011007999999999999,,0.0038399999999999997,,7.417856,9387,3026,97,33.231218500000068
9388,197.56726269841269,328079237995,1,20.688202232122421,21.3339,24.449024,1.9908,16753,0.006144,4.247552,,0.036351999999999995,0.162304,0,0.142336,0.007424,0.014591999999999999,,0.004352,,6.44864,9388,3027,97,33.252864500000214
9389,197.58848399943309,328079451334,1,21.221300587058067,21.5727,20.676352,2.0731,16955,0.0012799999999999999,4.372992,,0.039168,0.159744,0.000256,0.141312,0.0076799999999999993,0.011007999999999999,,0.003328,,7.357952,9389,3028,97,33.273670800000218
9390,197.60993329790247,328079667061,1,21.449297666549683,24.0987,21.197568,2.3013,16753,0.001024,4.3591679999999995,,0.041728,0.15744,0,0.134912,0.0076799999999999993,0.013056,,0.003072,,5.5774719999999993,9390,3029,97,33.295877200000177
9391,197.63304849773243,328079908048,1,23.115199059247971,21.3781,21.422848,2.0387,17000,0.001024,4.147968,,0.33100799999999997,0.158208,0,0.13849599999999998,0.007424,0.011776,,0.002816,,6.5687039999999994,9391,3030,97,33.318266199999925
9392,197.65392339852608,328080121829,1,20.874900743365288,20.9636,23.097856,2.2927,16753,0.001024,4.3732479999999994,,0.355584,0.158208,0,0.13849599999999998,0.007424,0.012032,,0.003584,,6.0748799999999994,9392,3031,97,33.338898899999549
9393,197.6773786989796,328080331465,1,23.4553012996912,22.183,20.844544,2.1112,16955,0.001024,3.992832,,0.041471999999999995,0.15488,0,0.134912,0.007424,0.011519999999999999,,0.003072,,5.60384,9393,3032,97,33.362479999999778
9394,197.69855229591835,328080553295,1,21.173596382141113,22.4229,23.448576,1.9822,22537,0.001024,4.3671039999999994,,0.622336,0.161024,0.000256,0.141568,0.007424,0.012799999999999999,,0.004096,,7.407616,9394,3033,97,33.383331299999554
9395,197.72011960034013,328080777524,1,21.567303687334061,20.6726,21.160192,2.1179,16753,0.001024,4.371456,,0.037632,0.15872,0.000256,0.138752,0.007424,0.011264,,0.003584,,5.90464,9395,3034,97,33.405290400000013
9396,197.74311389597506,328080984250,1,22.994294762611389,23.5005,21.543168,1.9762,16753,0.001024,4.363264,,0.041471999999999995,0.162048,0,0.141824,0.007424,0.011519999999999999,,0.004096,,6.808832,9396,3035,97,33.427901299999576
9397,197.76405869472788,328081219255,1,20.944798365235329,20.9414,22.973184,2.0567,16753,0.001024,4.27264,,0.341504,0.15564799999999998,0.000256,0.135936,0.007424,0.011776,,0.003328,,6.8147199999999994,9397,3036,97,33.449090199999773
9398,197.78626999716553,328081428669,1,22.211302071809769,21.9018,20.932608,1.9392,17295,0.001024,4.327936,,0.04224,0.158464,0,0.138752,0.007936,0.011519999999999999,,0.003328,,7.6042239999999994,9398,3037,97,33.472642400000041
9399,197.80777349773243,328081647687,1,21.503500640392303,22.6474,22.179328,1.9901,16753,0.001024,3.983104,,0.040448,0.15744,0,0.13747199999999998,0.0038399999999999997,0.011776,,0.0025599999999999998,,7.2481279999999995,9399,3038,97,33.493930900000123
9400,197.83234289965986,328081874161,1,24.569401517510414,21.2068,21.490944,2.0764,16753,0.001024,3.979008,,0.041215999999999996,0.158208,0.000256,0.139008,0.0076799999999999993,0.012288,,0.003584,,6.659072,9400,3039,97,33.518949600000269
9401,197.85262919501133,328082086229,1,20.286295562982559,23.0857,24.541696,2.3492,16805,0.0012799999999999999,4.14464,,0.041471999999999995,0.16358399999999998,0,0.14310399999999998,0.007424,0.011776,,0.003584,,8.440064,9401,3040,97,33.538552799999707
9402,197.87855729875284,328082317086,1,25.928104296326637,21.5479,20.26112,2.5934,16955,0.001024,4.2552319999999995,,0.040192,0.15462399999999998,0.000256,0.13516799999999998,0.007424,0.011007999999999999,,0.003328,,5.602048,9402,3041,97,33.563763799999833
9403,197.8992970946712,328082532565,1,20.73979564011097,24.8664,25.91744,2.1592,16753,0.001024,4.350464,,0.040704,0.155392,0,0.136192,0.007424,0.011264,,0.0038399999999999997,,9.061376,9403,3042,97,33.584242799999629
9404,197.92093979591837,328082781229,1,21.642701700329781,19.9079,20.717568,2.215,16753,0.001024,4.1717759999999995,,0.036095999999999996,0.15795199999999998,0,0.138752,0.003328,0.012544,,0.002816,,5.91104,9404,3043,97,33.606201900000087
9405,197.94388549461451,328082980308,1,22.945698350667953,25.1485,21.613568,2.2373,16948,0.001024,4.36864,,0.041728,0.158208,0,0.13644799999999999,0.007424,0.011007999999999999,,0.003584,,6.8467199999999995,9405,3044,97,33.628986800000348
9406,197.96548449546484,328083231793,1,21.599000319838524,20.6433,22.934784,2.0868,16753,0.001024,4.377088,,0.351744,0.164608,0.000256,0.138752,0.006912,0.011519999999999999,,0.004096,,6.6798079999999995,9406,3045,97,33.652163900000232
9407,197.98669649943309,328083438226,1,21.212004125118256,21.7915,21.579776,2.4554,23589,0.001024,4.326656,,0.041984,0.158976,0,0.136192,0.007424,0.012288,,0.003584,,7.234048,9407,3046,97,33.672002899999825
9408,198.00875699404762,328083656141,1,22.060494869947433,22.7811,21.186304,2.4692,16753,0.0012799999999999999,4.3617279999999994,,0.043008,0.155904,0,0.135936,0.0038399999999999997,0.012288,,0.003328,,5.767168,9408,3047,97,33.69401949999974
9409,198.02914259495464,328083883952,1,20.385600626468658,22.9592,22.05184,2.1807,16753,0.001024,4.16768,,0.041471999999999995,0.162048,0,0.138752,0.007424,0.012288,,0.0038399999999999997,,7.560448,9409,3048,97,33.713898299999528
9410,198.05123689767572,328084113544,1,22.094301879405975,19.9676,20.382208,2.0142,139750,0.001024,4.339456,,0.040448,0.157184,0,0.137216,0.003584,0.012288,,0.003328,,6.638592,9410,3049,97,33.737224599999536
9411,198.07414519557821,328084313220,1,22.908298298716545,22.2397,22.06464,2.133,161249,0.001024,4.3192319999999995,,0.041471999999999995,0.1536,0,0.133888,0.005888,0.011519999999999999,,0.003328,,6.820608,9411,3050,97,33.75958350000019
9412,198.0930095946712,328084535617,1,18.864398822188377,19.9089,22.876928,2.3918,112716,0.001024,3.983872,,0.03968,0.15872,0.000256,0.140032,0.0076799999999999993,0.011007999999999999,,0.0038399999999999997,,8.016384,9412,3051,97,33.7778957999999
9413,198.11600689484126,328084734706,1,22.997301071882248,23.1893,18.864128,2.3435,51895,0.001024,4.357888,,0.040192,0.155904,0,0.13696,0.007424,0.012032,,0.003328,,5.5864319999999994,9413,3052,97,33.801007099999879
9414,198.137389696712,328084966599,1,21.382801234722137,22.4482,22.972672,1.9621,46901,0.001024,4.364032,,0.81919999999999993,0.158464,0,0.139264,0.007424,0.011007999999999999,,0.004352,,7.593984,9414,3053,97,33.82252410000001
9415,198.15871089852607,328085191081,1,21.32120169699192,18.3418,21.305856,2.1496,16753,0.001024,4.191744,,0.044031999999999995,0.16,0,0.14079999999999998,0.003584,0.011776,,0.004096,,6.1511679999999993,9415,3054,97,33.843936999999642
9416,198.18221939484127,328085374499,1,23.508496582508087,23.072,21.356032,2.149,16955,0.001024,4.152832,,0.040448,0.162304,0,0.139264,0.007424,0.014591999999999999,,0.003584,,7.1511039999999992,9416,3055,97,33.870366500000273
9417,198.203130194161,328085605219,1,20.910799503326416,21.4114,23.48672,2.1141,16753,0.001024,4.152832,,0.040448,0.162304,0,0.139264,0.007424,0.014591999999999999,,0.003584,,7.1511039999999992,9417,3056,97,33.888269500000206
9418,198.2229491000567,328085819333,1,19.818905740976334,21.5345,20.895232,2.0106,16753,0.001024,4.169472,,0.043264,0.160512,0,0.14079999999999998,0.007424,0.010752,,0.003072,,5.9079679999999994,9418,3057,97,33.908393300000171
9419,198.24700359977322,328086034678,1,24.054499343037605,23.356,19.780608,2.0612,16753,0.001024,4.16896,,0.038911999999999995,0.151552,0.000256,0.131584,0.004096,0.011264,,0.003584,,5.582592,9419,3058,97,33.932685599999786
9420,198.26863920068027,328086268238,1,21.635601297020912,20.9728,24.039168,2.0462,16948,0.001024,4.340224,,0.040959999999999996,0.158464,0,0.139264,0.007424,0.011264,,0.003584,,6.119936,9420,3059,97,33.953761499999928
9421,198.28918349631519,328086477966,1,20.544296130537987,19.9089,21.616128,2.0563,17007,0.001024,4.32256,,0.036351999999999995,0.168704,0,0.144896,0.007936,0.010239999999999999,,0.002816,,8.479744,9421,3060,97,33.974287600000025
9422,198.30995659722223,328086677055,1,20.773101598024368,24.203,20.53376,2.125,16753,0.001024,4.372224,,0.041984,0.155904,0,0.136192,0.007424,0.011519999999999999,,0.002816,,6.0736,9422,3061,97,33.995245699999941
9423,198.33418129960316,328086919085,1,24.224702268838882,21.2043,20.745472,2.1093,34324,0.001024,4.373504,,0.036608,0.152576,0,0.13183999999999998,0.0076799999999999993,0.011264,,0.003072,,6.799104,9423,3062,97,34.019521000000168
9424,198.35479129818594,328087131128,1,20.60999907553196,20.6437,24.225536,2.1241,31138,0.001024,4.335616,,0.56499199999999994,0.15692799999999998,0,0.137216,0.006656,0.011776,,0.004096,,5.9763199999999994,9424,3063,97,34.03964040000028
9425,198.37634990079366,328087337565,1,21.558603271842003,20.8552,20.579584,2.2022,16955,0.001024,4.153856,,0.041984,0.161792,0.000256,0.14207999999999998,0.007936,0.010752,,0.0025599999999999998,,5.33376,9425,3064,97,34.061490299999605
9426,198.398566595805,328087546117,1,22.216694429516792,24.4243,21.550848,1.9719,16753,0.001024,4.334848,,0.037376,0.156416,0,0.137728,0.007424,0.012032,,0.0038399999999999997,,6.8669439999999993,9426,3065,97,34.083945700000186
9427,198.4207227962018,328087790360,1,22.156201303005219,20.161,22.203392,2.3407,16948,0.0012799999999999999,4.159488,,0.838912,0.161792,0,0.142336,0.007424,0.012544,,0.003584,,7.699456,9427,3066,97,34.10561030000008
9428,198.44243359552152,328087991970,1,21.710800006985664,21.6104,22.05312,2.1459,16753,0.001024,4.32768,,0.043008,0.15616,0,0.136192,0.007168,0.012288,,0.004096,,7.105792,9428,3067,97,34.127726200000325
9429,198.46582879818592,328088208074,1,23.395203053951263,22.4927,21.774592,2.0604,16753,0.001024,4.370944,,0.041215999999999996,0.15744,0,0.13824,0.007424,0.011007999999999999,,0.003072,,5.5808,9429,3068,97,34.152596799999628
9430,198.48701859410431,328088433001,1,21.189795807003975,21.837,23.314688,2.068,23589,0.001024,4.369408,,0.040704,0.156672,0,0.13644799999999999,0.007424,0.011264,,0.003584,,7.4327039999999993,9430,3069,97,34.17271030000029
9431,198.51072099631517,328088651371,1,23.702401667833328,22.0973,21.223936,2.409,16805,0.001024,4.358912,,0.044288,0.15744,0.000256,0.137728,0.003072,0.012288,,0.0038399999999999997,,7.3758719999999993,9431,3070,97,34.195584000000053
9432,198.53307629676871,328088872344,1,22.355301305651665,24.2525,23.6928,2.4469,16753,0.001024,4.152576,,0.90879999999999994,0.152832,0,0.132608,0.007424,0.012288,,0.004352,,7.362816,9432,3071,97,34.218152399999781
9433,198.5537345946712,328089114869,1,20.658297464251518,20.5823,22.329344,1.9434,16753,0.0012799999999999999,4.357632,,0.042496,0.15744,0,0.137216,0.007424,0.012288,,0.003328,,7.740672,9433,3072,97,34.238958699999785
9434,198.57680710034012,328089320692,1,23.072505369782448,23.0618,20.633088,2.5101,17150,0.001024,4.26112,,0.042496,0.1536,0,0.133376,0.007424,0.011776,,0.003072,,5.5961599999999994,9434,3073,97,34.261974199999713
9435,198.59788529620181,328089551310,1,21.078195422887802,22.4305,23.054848,2.2043,16753,0.001024,4.189952,,0.03584,0.15744,0,0.137728,0.003584,0.012799999999999999,,0.0038399999999999997,,7.330048,9435,3074,97,34.283177899999828
9436,198.61804629393424,328089775615,1,20.160997286438942,20.8236,20.757248,2.1759,16753,0.001024,4.36992,,0.042496,0.161792,0,0.141824,0.009984,0.010752,,0.003072,,6.969856,9436,3075,97,34.302994499999841
9437,198.641714696712,328089983851,1,23.668402805924416,23.0873,20.147968,1.9931,16753,0.001024,4.2606079999999995,,0.040959999999999996,0.162304,0,0.14207999999999998,0.007424,0.011519999999999999,,0.002816,,6.641664,9437,3076,97,34.326821100000416
9438,198.66410800028345,328090214724,1,22.393302991986275,21.0527,23.118592,1.9859,16753,0.001024,4.368384,,0.041984,0.156672,0,0.137216,0.0076799999999999993,0.012288,,0.002816,,6.485504,9438,3077,97,34.349474399999963
9439,198.68542439767572,328090425251,1,21.316397935152054,20.0107,22.416128,2.0683,16955,0.001024,3.982592,,0.043008,0.150784,0,0.13055999999999998,0.007168,0.011007999999999999,,0.003072,,8.625152,9439,3078,97,34.37151300000005
9440,198.70881070011336,328090625358,1,23.386303335428238,23.7185,21.285888,2.2628,16753,0.001024,4.3235839999999994,,0.040959999999999996,0.159744,0,0.13747199999999998,0.0076799999999999993,0.011007999999999999,,0.003584,,7.866368,9440,3079,97,34.39413069999955
9441,198.72998959750566,328090862543,1,21.178897470235825,22.7205,23.376384,2.1423,17000,0.0012799999999999999,4.267776,,0.506112,0.152576,0.000256,0.13312,0.0097279999999999988,0.012288,,0.003584,,7.602688,9441,3080,97,34.4150596999998
9442,198.74935869472787,328091089748,1,19.3690974265337,21.6782,21.153024,2.1655,16753,0.001024,4.292352,,0.037888,0.154112,0.000256,0.13414399999999999,0.0076799999999999993,0.010496,,0.0025599999999999998,,6.9416959999999994,9442,3081,97,34.434369599999627
9443,198.77420899943309,328091306530,1,24.850305169820786,23.0021,19.360512,2.0252,16753,0.001024,4.198144,,0.042752,0.15488,0.000256,0.136192,0.007936,0.011264,,0.003072,,5.02016,9443,3082,97,34.459913599999709
9444,198.79454669784579,328091536551,1,20.337698981165886,20.8867,24.818176,2.0258,16955,0.001024,4.260096,,0.038144,0.157696,0.000256,0.137984,0.0076799999999999993,0.012288,,0.0038399999999999997,,7.8804479999999995,9444,3083,97,34.479949900000065
9445,198.81587050028344,328091745418,1,21.323801949620247,19.2534,20.31616,2.1521,16753,0.001024,4.375552,,0.040704,0.160768,0.000256,0.14079999999999998,0.007424,0.013312,,0.002816,,5.5828479999999994,9445,3084,97,34.501085099999727
9446,198.83836179846938,328091937952,1,22.491298615932465,25.293,21.302784,2.118,16753,0.001024,4.25472,,0.041215999999999996,0.16025599999999998,0.000256,0.14079999999999998,0.007424,0.012799999999999999,,0.002816,,6.648832,9446,3085,97,34.523626500000319
9447,198.85988819444444,328092190882,1,21.52639627456665,20.1864,22.4896,2.1015,16753,0.001024,4.3328,,0.36735999999999996,0.16127999999999998,0,0.136192,0.007424,0.010752,,0.003072,,6.449408,9447,3086,97,34.546371600000384
9448,198.88458819444443,328092392746,1,24.700000882148743,21.2912,21.509376,2.1332,17150,0.001024,3.979008,,0.043008,0.15692799999999998,0,0.13696,0.004096,0.011519999999999999,,0.002816,,6.561792,9448,3087,97,34.569698999999673
9449,198.90496259920633,328092605658,1,20.374404266476631,22.4775,24.624896,2.2678,107512,0.001024,4.3627519999999995,,0.63692799999999994,0.15488,0,0.134912,0.003328,0.012288,,0.003072,,8.932096,9449,3088,97,34.590481999999611
9450,198.92328019416098,328092830433,1,18.31759512424469,22.5695,20.402688,2.0197,16753,0.001024,4.334592,,0.040704,0.15488,0,0.13516799999999998,0.007936,0.010496,,0.002816,,5.913856,9450,3089,97,34.608401399999821
9451,198.94526659580498,328093056128,1,21.986402571201324,23.5684,18.295552,2.1438,16805,0.001024,4.370944,,0.32844799999999996,0.15564799999999998,0,0.135936,0.0076799999999999993,0.011007999999999999,,0.002816,,5.021184,9451,3090,97,34.630785499999547
9452,198.96675179988662,328093291812,1,21.485203877091408,20.4081,21.974016,2.0035,16753,0.001024,4.145408,,0.043008,0.157696,0.000256,0.13747199999999998,0.003328,0.012799999999999999,,0.003072,,7.026688,9452,3091,97,34.651614800000061
9453,198.98718229875283,328093495893,1,20.430499687790871,18.2936,21.46432,2.0029,17100,0.001024,4.2649599999999994,,0.044544,0.15488,0,0.134656,0.007424,0.011007999999999999,,0.003328,,5.320192,9453,3092,97,34.672577199999978
9454,199.01063099489795,328093678829,1,23.448696359992027,22.3473,20.424448,2.0646,23387,0.001024,4.333056,,0.037888,0.161024,0,0.141824,0.0076799999999999993,0.012288,,0.002816,,7.3571839999999993,9454,3093,97,34.695533400000386
9455,199.03293009495465,328093902302,1,22.299099713563919,20.8383,23.425024,2.0711,16753,0.001024,4.26368,,0.83968,0.15616,0,0.13644799999999999,0.003584,0.011776,,0.003072,,8.60672,9455,3094,97,34.7176943000004
9456,199.05424499716551,328094110685,1,21.314902231097221,20.4988,22.272256,1.9501,16948,0.001024,4.3617279999999994,,0.039936,0.164352,0,0.13977599999999998,0.007424,0.011264,,0.004096,,7.274496,9456,3095,97,34.739127099999678
9457,199.07529539399093,328094315673,1,21.050397306680679,23.5006,21.294592,1.9721,16955,0.001024,4.334592,,0.041471999999999995,0.161024,0.000256,0.13849599999999998,0.0076799999999999993,0.012288,,0.003328,,6.1626879999999993,9457,3096,97,34.761259699999755
9458,199.09695559807255,328094550679,1,21.660204976797104,22.1511,21.024,1.9886,16753,0.0012799999999999999,4.25856,,0.041471999999999995,0.155392,0.000256,0.13568,0.007168,0.011776,,0.003328,,6.621696,9458,3097,97,34.7821356000004
9459,199.11865629960317,328094772190,1,21.700700744986534,21.44,21.652224,2.1967,16753,0.001024,4.268288,,0.04224,0.158976,0,0.139264,0.007424,0.013056,,0.003328,,6.0359679999999996,9459,3098,97,34.803393700000015
9460,199.13740719954649,328094986590,1,18.750900402665138,22.0477,21.673472,2.0358,16753,0.001024,3.987456,,0.037888,0.164352,0,0.145664,0.007424,0.012799999999999999,,0.0025599999999999998,,8.668671999999999,9460,3099,97,34.82238099999995
9461,199.15831629818592,328095207067,1,20.909098908305168,20.8671,18.667776,2.2252,16805,0.001024,4.147456,,0.040704,0.15744,0.000256,0.13824,0.009984,0.012032,,0.0038399999999999997,,5.024,9461,3100,97,34.843210500000168
9462,199.18188570011338,328095415738,1,23.569401353597641,21.3873,20.954624,2.2846,16955,0.001024,4.2570239999999995,,0.039168,0.155392,0.000256,0.13696,0.007424,0.011007999999999999,,0.0038399999999999997,,6.667776,9462,3101,97,34.866617499999847
9463,199.20222919501134,328095629611,1,20.343495532870293,18.9523,23.491584,2.2401,22537,0.001024,4.270848,,0.040959999999999996,0.159488,0,0.13952,0.00896,0.010752,,0.003072,,5.99808,9463,3102,97,34.88721970000006
9464,199.22525049603175,328095819134,1,23.021301254630089,20.8533,20.383488,2.1688,16948,0.001024,4.16128,,0.040704,0.153856,0,0.133888,0.003328,0.011264,,0.0038399999999999997,,6.077184,9464,3103,97,34.910139300000083
9465,199.24671109693875,328096027667,1,21.460600197315216,23.399,23.010304,2.0879,16753,0.001024,4.3804159999999994,,0.041215999999999996,0.16,0,0.140032,0.003328,0.012799999999999999,,0.003072,,6.639104,9465,3104,97,34.931860699999561
9466,199.26627909580498,328096261657,1,19.567998126149178,20.5956,21.433088,2.0758,16753,0.001024,4.337408,,0.041728,0.16588799999999998,0,0.140288,0.007424,0.012544,,0.004096,,6.8856319999999993,9466,3105,97,34.951326299999891
9467,199.28820980017005,328096467613,1,21.930703893303871,22.8717,19.542528,2.1295,17100,0.001024,4.1477119999999994,,0.04224,0.154368,0.000256,0.133632,0.006656,0.011264,,0.003072,,5.573888,9467,3106,97,34.973146299999826
9468,199.31073769841268,328096696330,1,22.527897730469704,21.7554,21.837056,2.0625,16753,0.001024,4.370944,,0.33305599999999996,0.156672,0,0.136704,0.005376,0.011519999999999999,,0.002816,,5.8716159999999995,9468,3107,97,34.995682900000247
9469,199.33171629818594,328096913884,1,20.978599786758423,19.4823,22.58432,2.0661,16753,0.001024,4.2496,,0.040448,0.15795199999999998,0,0.13747199999999998,0.007424,0.012032,,0.004096,,7.362304,9469,3108,97,35.016724299999623
9470,199.35431240079365,328097108707,1,22.596102207899094,21.805,20.968448,2.0204,16753,0.0012799999999999999,4.3325439999999995,,0.040959999999999996,0.16025599999999998,0.000256,0.140288,0.0076799999999999993,0.011007999999999999,,0.003328,,6.809088,9470,3109,97,35.039342400000351
9471,199.37618579931973,328097326757,1,21.873397752642632,22.5718,22.56768,2.2656,17202,0.001024,4.26752,,0.338432,0.15334399999999998,0,0.13312,0.009984,0.011519999999999999,,0.002816,,5.9594239999999994,9471,3110,97,35.061028299999634
9472,199.39656089852608,328097552475,1,20.375099033117294,21.0071,21.853952,2.0328,16753,0.001024,3.980032,,0.041728,0.156416,0.000256,0.136704,0.003584,0.012288,,0.003328,,7.4122239999999993,9472,3111,97,35.081919899999775
9473,199.41811009778911,328097762546,1,21.549198776483536,22.6273,20.363008,2.0354,16753,0.0012799999999999999,4.1451519999999995,,0.036351999999999995,0.162304,0,0.141312,0.007424,0.011776,,0.0038399999999999997,,6.886144,9473,3112,97,35.103160200000275
9474,199.43831859410429,328097988819,1,20.208496600389481,21.6928,21.51808,2.0863,16753,0.001024,4.368128,,0.043519999999999996,0.15795199999999998,0,0.13849599999999998,0.007424,0.011264,,0.002816,,7.168512,9474,3113,97,35.12316009999995
9475,199.46060620039682,328098205747,1,22.287607192993164,20.861,20.18688,2.1037,16753,0.001024,4.142336,,0.037376,0.158464,0,0.13849599999999998,0.0076799999999999993,0.012288,,0.003072,,6.830848,9475,3114,97,35.145516900000075
9476,199.48353239795918,328098414357,1,22.926198318600655,21.2341,22.283008,2.3543,16955,0.001024,4.1610239999999994,,0.9369599999999999,0.15616,0,0.136704,0.007424,0.011776,,0.003328,,7.6531199999999995,9476,3115,97,35.168701100000362
9477,199.50370209750565,328098626698,1,20.169699564576149,20.0441,22.8992,2.0915,16753,0.001024,4.366592,,0.036864,0.162816,0.000256,0.142592,0.003328,0.011519999999999999,,0.0025599999999999998,,5.884672,9477,3116,97,35.189024999999674
9478,199.5269160005669,328098827139,1,23.213902488350868,22.2797,20.159744,2.0881,23387,0.001024,4.371456,,0.04224,0.15334399999999998,0,0.13516799999999998,0.007424,0.011264,,0.003584,,5.023232,9478,3117,97,35.211900799999967
9479,199.54732729591836,328099049936,1,20.4112958163023,23.1444,23.19744,2.0803,16948,0.001024,4.153856,,0.62847999999999993,0.16153599999999999,0.000256,0.14207999999999998,0.007424,0.012288,,0.0038399999999999997,,7.371776,9479,3118,97,35.232095499999559
9480,199.56777549603174,328099281380,1,20.448200404644012,20.0374,20.383744,2.0814,16753,0.001024,3.9846399999999997,,0.044031999999999995,0.155904,0,0.135936,0.0076799999999999993,0.011264,,0.003072,,7.2010239999999994,9480,3119,97,35.253066100000069
9481,199.59240969387756,328099481754,1,24.634197354316711,23.2305,20.44672,1.9471,17007,0.001024,4.3392,,0.03584,0.159488,0,0.13952,0.007168,0.013056,,0.0025599999999999998,,6.595584,9481,3120,97,35.277634000000035
9482,199.61327140022675,328099714059,1,20.861705765128136,20.2556,24.605184,2.1633,16753,0.001024,4.165632,,0.488448,0.15692799999999998,0,0.137216,0.0076799999999999993,0.011519999999999999,,0.0038399999999999997,,7.119872,9482,3121,97,35.298077999999805
9483,199.63536179846938,328099916615,1,22.090397775173187,20.8456,20.851968,2.0751,16753,0.001024,4.255744,,0.042752,0.162304,0,0.14310399999999998,0.012544,0.011007999999999999,,0.0038399999999999997,,6.834688,9483,3122,97,35.320459599999595
9484,199.65778929988662,328100125071,1,22.427501156926155,24.5973,22.064128,2.0746,16753,0.001024,4.146688,,0.040192,0.155392,0,0.135936,0.010752,0.010496,,0.003584,,8.151296,9484,3123,97,35.343320899999526
9485,199.68176759495464,328100371044,1,23.978294804692268,20.5128,22.397696,2.1,16955,0.0012799999999999999,4.341248,,0.043264,0.156416,0,0.136704,0.0076799999999999993,0.011264,,0.002816,,7.045376,9485,3124,97,35.367783599999711
9486,199.7016725977891,328100576172,1,19.905002787709236,22.3572,23.969024,2.2136,16948,0.001024,4.176896,,0.036351999999999995,0.15462399999999998,0,0.13568,0.007424,0.010752,,0.0025599999999999998,,9.627392,9486,3125,97,35.387677499999882
9487,199.7234133999433,328100799744,1,21.740801632404327,22.7911,19.871232,2.3255,16753,0.19788799999999998,3.982592,,0.040192,0.154368,0,0.13414399999999999,0.007936,0.011007999999999999,,0.002816,,5.786112,9487,3126,97,35.409390300000268
9488,199.74405899943309,328101027655,1,20.645599812269211,24.3704,21.728768,2.4641,16753,0.001024,4.346368,,0.789248,0.15744,0,0.13747199999999998,0.0084479999999999989,0.011519999999999999,,0.003584,,7.394048,9488,3127,97,35.430079699999624
9489,199.76694259495463,328101271359,1,22.883595898747444,19.9052,20.62464,2.5157,16753,0.001024,4.3519999999999994,,0.037888,0.155904,0.000256,0.13568,0.007424,0.012032,,0.002816,,5.5989759999999995,9489,3128,97,35.452085900000384
9490,199.78688129960318,328101470411,1,19.938705489039421,21.4975,22.864128,2.354,51769,0.001024,4.14848,,0.33177599999999996,0.15744,0,0.13849599999999998,0.003328,0.011776,,0.0038399999999999997,,7.535616,9490,3129,97,35.4722797000004
9491,199.80988740079366,328101685386,1,23.006102070212364,20.8213,19.919872,2.117,16805,0.001024,4.259328,,0.04224,0.159488,0,0.13952,0.003328,0.011264,,0.003072,,5.592064,9491,3130,97,35.495255300000281
9492,199.83297959892289,328101893599,1,23.092197254300117,22.1956,22.987776,2.2439,16753,0.001024,4.172544,,0.515328,0.15795199999999998,0.000256,0.13849599999999998,0.0076799999999999993,0.011776,,0.002816,,7.42144,9492,3131,97,35.518693600000006
9493,199.85380909863946,328102115555,1,20.829500630497932,20.0858,23.071488,2.2078,17150,0.21862399999999999,4.1530879999999994,,0.214272,0.16,0,0.140288,0.007424,0.012032,,0.003584,,6.499584,9493,3132,97,35.539248000000043
9494,199.88006339994331,328102316413,1,26.254301890730858,22.9494,20.804096,2.3141,16955,0.001024,3.99232,,0.043519999999999996,0.158208,0.000256,0.13824,0.003328,0.012288,,0.004352,,5.5828479999999994,9494,3133,97,35.565719700000045
9495,199.90004779620182,328102545907,1,19.984396174550056,23.5465,26.240256,2.2034,16753,0.001024,4.261888,,0.041728,0.161024,0.000256,0.141056,0.0076799999999999993,0.012032,,0.003072,,10.22336,9495,3134,97,35.585204299999532
9496,199.92585159438775,328102781372,1,25.80379880964756,20.5343,19.970816,2.2993,16753,0.001024,4.262912,,0.039424,0.158464,0.000256,0.13849599999999998,0.007936,0.012288,,0.003584,,6.063872,9496,3135,97,35.611142699999618
9497,199.94726999716553,328102986715,1,21.418401971459389,26.3657,25.780224,2.2292,16753,0.001024,4.2606079999999995,,0.03456,0.15488,0,0.136704,0.008192,0.011264,,0.003328,,9.049856,9497,3136,97,35.632474400000319
9498,199.96642599914966,328103250372,1,19.156001508235931,19.6382,21.326336,2.1115,16753,0.001024,4.33664,,0.041984,0.15795199999999998,0,0.13824,0.0051199999999999996,0.011007999999999999,,0.002816,,6.9629439999999994,9498,3137,97,35.651402499999676
9499,199.98954749858277,328103446754,1,23.12149852514267,25.8208,19.203328,2.064,16955,0.001024,4.341504,,0.04736,0.155392,0,0.13644799999999999,0.0076799999999999993,0.011007999999999999,,0.0038399999999999997,,5.5892479999999995,9499,3138,97,35.674545300000318
9500,200.01109439484125,328103704962,1,21.546896547079086,21.4667,23.10784,2.1664,17000,0.001024,4.146688,,0.040704,0.158208,0.000256,0.138752,0.007424,0.012032,,0.003072,,8.02432,9500,3139,97,35.69669040000008
9501,200.03336199688206,328103919629,1,22.267602384090424,18.9391,21.521408,2.1479,23387,0.001024,4.157184,,0.039936,0.15334399999999998,0,0.13414399999999999,0.0076799999999999993,0.011776,,0.003328,,8.346112,9501,3140,97,35.71840229999998
9502,200.05467159863946,328104109020,1,21.30960114300251,23.1494,22.251776,1.9145,122179,0.001024,4.3635199999999994,,0.3392,0.15872,0.000256,0.13824,0.007424,0.012032,,0.002816,,8.0417279999999991,9502,3141,97,35.740042600000379
9503,200.08076099773243,328104340514,1,26.089398190379143,21.9157,21.289216,2.023,177669,0.001024,4.151808,,0.03968,0.155904,0.000256,0.13747199999999998,0.0076799999999999993,0.011007999999999999,,0.003328,,5.613312,9503,3142,97,35.766662299999552
9504,200.10134319727891,328104559671,1,20.582199096679688,21.9829,26.053888,2.2386,82043,0.0012799999999999999,4.2472959999999995,,0.03712,0.15488,0.000256,0.134656,0.003584,0.011519999999999999,,0.003072,,9.924608,9504,3143,97,35.788248699999713
9505,200.12371789965985,328104779500,1,22.374702617526054,21.4513,20.57344,2.7266,82060,0.001024,4.256768,,0.043008,0.155904,0,0.13568,0.007936,0.011007999999999999,,0.003584,,6.832896,9505,3144,97,35.809387799999968
9506,200.14633589852608,328104994013,1,22.617999464273453,26.3824,22.356224,2.473,49021,0.001024,4.2595839999999994,,0.043008,0.158976,0,0.138752,0.003328,0.011264,,0.004096,,8.552704,9506,3145,97,35.832187899999553
9507,200.16768619614513,328105257837,1,21.350298076868057,21.6473,22.595072,2.5808,16948,0.001024,4.3156479999999995,,0.036608,0.165632,0,0.13849599999999998,0.008192,0.011776,,0.003072,,7.227392,9507,3146,97,35.853097700000035
9508,200.18819049744897,328105474310,1,20.5043014138937,21.295,21.34528,2.4552,16955,0.0012799999999999999,4.171264,,0.046335999999999995,0.161792,0,0.141568,0.007424,0.011007999999999999,,0.003584,,7.010304,9508,3147,97,35.874588399999993
9509,200.2105501984127,328105687260,1,22.359700873494148,22.8556,20.47488,2.3792,16753,0.001024,4.257536,,0.0384,0.16127999999999998,0,0.140544,0.0076799999999999993,0.011776,,0.0025599999999999998,,5.752832,9509,3148,97,35.897422099999858
9510,200.23264959608844,328105915816,1,22.099398076534271,20.8608,22.342144,2.6727,16805,0.001024,4.358912,,1.020928,0.15616,0,0.13644799999999999,0.0076799999999999993,0.011776,,0.004096,,7.576064,9510,3149,97,35.920236599999953
9511,200.25191909722221,328106124424,1,19.26950179040432,21.4095,22.088704,2.6267,16753,0.006144,3.9695359999999997,,0.040704,0.157184,0,0.13747199999999998,0.0076799999999999993,0.011007999999999999,,0.0038399999999999997,,6.887168,9511,3150,97,35.938209400000233
9512,200.2736817956349,328106338519,1,21.762698888778687,22.6572,19.241728,2.9799,16753,0.001024,4.1326079999999994,,0.03584,0.156672,0,0.137216,0.003584,0.012032,,0.003072,,5.593856,9512,3151,97,35.960867200000393
9513,200.29676589427436,328106565091,1,23.084098473191261,22.8337,21.748736,2.4215,16955,0.001024,4.148224,,0.93132799999999993,0.150784,0,0.131072,0.007424,0.011007999999999999,,0.003072,,8.2332159999999988,9513,3152,97,35.98321709999982
9514,200.31666960034013,328106793428,1,19.903706386685371,18.1038,23.062784,3.1703,16948,0.001024,4.35584,,0.040448,0.155904,0,0.134912,0.003072,0.011007999999999999,,0.004352,,6.237952,9514,3153,97,36.002343899999687
9515,200.33914069586166,328106974466,1,22.471096366643906,22.14,19.877632,2.5731,34324,0.001024,4.145664,,0.043264,0.15488,0.000256,0.13516799999999998,0.007424,0.011007999999999999,,0.004096,,5.5774719999999993,9515,3154,97,36.024620099999993
9516,200.36132079790249,328107195866,1,22.18010276556015,22.925,22.445312,2.2618,31138,0.001024,3.980032,,0.040704,0.15872,0,0.13696,0.0076799999999999993,0.011776,,0.003072,,8.747776,9516,3155,97,36.046634700000141
9517,200.38307249858275,328107425116,1,21.751699969172478,19.1733,22.168064,2.3787,16955,0.001024,4.16256,,0.03968,0.155392,0,0.13568,0.011007999999999999,0.011519999999999999,,0.003328,,6.924544,9517,3156,97,36.068269899999905
9518,200.40601439909295,328107616849,1,22.941900417208672,22.3204,21.742592,2.0738,112856,0.001024,4.2570239999999995,,0.039936,0.15692799999999998,0,0.13696,0.0076799999999999993,0.010496,,0.003328,,7.3820159999999992,9518,3157,97,36.092201999999816
9519,200.42772339852607,328107840053,1,21.708998829126358,22.0001,22.914816,2.1553,16753,0.001024,4.370944,,0.041471999999999995,0.16153599999999999,0,0.141824,0.0076799999999999993,0.011519999999999999,,0.0025599999999999998,,7.890432,9519,3158,97,36.114958699999988
9520,200.44814699546484,328108060054,1,20.423596724867821,21.7288,21.6896,2.5126,16805,0.001024,4.254464,,0.042496,0.161792,0,0.141824,0.003328,0.012544,,0.004096,,8.733952,9520,3159,97,36.133394399999816
9521,200.47302249858276,328108277342,1,24.875503033399582,23.7475,20.41344,2.7081,16948,0.001024,4.361472,,0.041984,0.159744,0,0.139264,0.004608,0.032256,,0.006144,,5.58848,9521,3160,97,36.1590385999998
9522,200.49368929988663,328108514817,1,20.666800439357758,22.7247,24.851968,2.2336,17100,0.001024,4.3351039999999994,,0.036864,0.51635199999999992,0,0.312832,0.009216,0.013312,,0.004096,,7.9941119999999994,9522,3161,97,36.17884739999954
9523,200.51552989654195,328108742064,1,21.840596571564674,18.6467,20.6464,11.7409,16753,0.001024,4.24832,,0.039424,0.162304,0,0.142592,0.007424,0.012544,,0.004096,,6.075136,9523,3162,97,36.201704500000233
9524,200.53757839427436,328108928531,1,22.048497572541237,25.4892,21.822976,2.2348,23387,0.001024,4.365056,,0.040959999999999996,0.15744,0,0.13696,0.007424,0.011519999999999999,,0.004096,,6.662656,9524,3163,97,36.223136999999952
9525,200.55864519557824,328109183423,1,21.066801622509956,19.962,22.024448,2.1557,16753,0.001024,4.265216,,0.347392,0.157696,0,0.137728,0.003072,0.011519999999999999,,0.004352,,6.146304,9525,3164,97,36.244853700000021
9526,200.57994900085032,328109383043,1,21.303804591298103,22.5731,21.063936,2.2787,16955,0.001024,3.9636479999999996,,0.043264,0.164608,0,0.145152,0.007424,0.011776,,0.002816,,7.413504,9526,3165,97,36.26572699999997
9527,200.60241859410431,328109608774,1,22.469593212008476,21.6818,21.265408,9.9186,16753,0.001024,4.3599359999999994,,0.035584,0.15616,0,0.13696,0.003584,0.011264,,0.0025599999999999998,,6.6334719999999994,9527,3166,97,36.287771700000121
9528,200.62613779761904,328109825592,1,23.719202727079391,21.691,22.455808,2.3062,16948,0.001024,4.26624,,0.56704,0.15488,0.000256,0.13568,0.007424,0.010752,,0.003072,,6.077952,9528,3167,97,36.311595500000294
9529,200.64651199688208,328110042502,1,20.374199375510216,20.8616,23.707136,2.5631,16753,0.566016,4.3706879999999995,,0.040192,0.158976,0,0.13952,0.005376,0.013056,,0.002816,,6.9388799999999993,9529,3168,97,36.332042099999853
9530,200.66720099914966,328110251118,1,20.689003169536591,21.9708,20.33408,2.159,16805,0.001024,4.2472959999999995,,0.038911999999999995,0.16127999999999998,0,0.141824,0.003328,0.012544,,0.0038399999999999997,,7.053056,9530,3169,97,36.35287739999967
9531,200.68659550028343,328110470826,1,19.39450204372406,23.9403,20.644864,2.3373,16955,0.001024,4.338432,,0.041471999999999995,0.15488,0,0.13516799999999998,0.007424,0.011007999999999999,,0.0038399999999999997,,5.902848,9531,3170,97,36.371963200000209
9532,200.70953719529479,328110710229,1,22.941695526242256,20.4106,19.411712,2.2337,22537,0.001024,4.177408,,0.037376,0.158976,0,0.14079999999999998,0.004608,0.011264,,0.002816,,5.5633919999999994,9532,3171,97,36.3948591999997
9533,200.73179419642855,328110914335,1,22.257000207901,20.9307,22.91456,2.1625,16753,0.001024,4.147968,,0.519424,0.16,0,0.13849599999999998,0.003072,0.013056,,0.004096,,7.805952,9533,3172,97,36.416887700000188
9534,200.7518979946145,328111123642,1,20.103797316551208,19.086,22.227456,2.1201,16753,0.001024,4.156928,,0.038911999999999995,0.15795199999999998,0,0.137984,0.007424,0.011007999999999999,,0.002816,,7.256576,9534,3173,97,36.436819499999729
9535,200.77330559807257,328111314502,1,21.407604217529297,22.8016,20.114176,2.1159,16753,0.001024,4.329984,,0.036608,0.15462399999999998,0,0.134912,0.0076799999999999993,0.011007999999999999,,0.002816,,7.197184,9535,3174,97,36.458123200000045
9536,200.79795699404761,328111542518,1,24.651395156979561,22.0697,21.393152,2.0768,17295,0.001024,4.2685439999999994,,0.040959999999999996,0.16127999999999998,0,0.140544,0.007424,0.011519999999999999,,0.002816,,7.874816,9536,3175,97,36.48307289999957
9537,200.81967969812925,328111763215,1,21.7227041721344,19.9965,24.63232,1.9847,16753,0.001024,4.1512959999999994,,0.038144,0.15488,0,0.135936,0.007168,0.011776,,0.003584,,6.0439039999999995,9537,3176,97,36.505111899999974
9538,200.8419773951247,328111963180,1,22.297697141766548,21.3527,21.680896,2.108,16753,0.001024,4.36864,,0.036864,0.160512,0,0.14079999999999998,0.008192,0.012032,,0.003584,,7.455488,9538,3177,97,36.526857799999561
9539,200.85804469954647,328112176707,1,16.067303717136383,24.795,22.28864,2.3073,16753,0.001024,4.3591679999999995,,0.042496,0.156672,0,0.13644799999999999,0.006912,0.011264,,0.003072,,6.3014399999999995,9539,3178,97,36.543121699999574
9540,200.88155209750565,328112424657,1,23.507397621870041,22.1185,16.033536,2.1796,17007,0.001024,4.25472,,0.033535999999999996,0.152832,0.000256,0.1344,0.011264,0.010752,,0.0038399999999999997,,5.015552,9540,3179,97,36.566341900000225
9541,200.90057679988661,328112645842,1,19.024701789021492,21.8153,23.504896,2.0117,16753,0.001024,4.274432,,0.040448,0.16,0.000256,0.14079999999999998,0.007424,0.010496,,0.002816,,7.2097279999999992,9541,3180,97,36.58601230000022
9542,200.92315399659864,328112863995,1,22.5771963596344,16.1868,18.993408,2.0638,16753,0.0012799999999999999,4.1408,,0.042752,0.155392,0.000256,0.135936,0.007424,0.011264,,0.003328,,6.36288,9542,3181,97,36.608014600000388
9543,200.94690729875282,328113025863,1,23.753302171826363,23.2918,22.567168,2.232,16753,0.001024,4.339712,,0.039168,0.15744,0,0.13849599999999998,0.007424,0.011007999999999999,,0.004096,,7.374336,9543,3182,97,36.632056299999931
9544,200.96872249858276,328113258781,1,21.81519940495491,19.5693,23.733504,2.1381,16948,0.001024,3.980032,,0.038655999999999996,0.15564799999999998,0.000256,0.136192,0.007168,0.011519999999999999,,0.004096,,6.263808,9544,3183,97,36.653580000000147
9545,200.98778699688208,328113454474,1,19.064499065279961,22.0886,21.791232,2.1206,16955,0.001024,4.152064,,0.040192,0.160768,0.000256,0.137728,0.007168,0.011007999999999999,,0.004096,,7.433984,9545,3184,97,36.67344839999987
9546,201.00972140022674,328113675360,1,21.934403106570244,24.0407,19.051008,2.1492,16753,0.0012799999999999999,4.146176,,0.040704,0.159744,0.000256,0.14079999999999998,0.0076799999999999993,0.011776,,0.003328,,7.499008,9546,3185,97,36.694822299999942
9547,201.03268589852607,328113915767,1,22.964498028159142,21.4234,21.885184,2.1338,16753,0.001024,4.36736,,0.91110399999999991,0.15462399999999998,0.000256,0.13516799999999998,0.007424,0.011776,,0.0025599999999999998,,7.5330559999999993,9547,3186,97,36.718046899999536
9548,201.0534343962585,328114130001,1,20.748497918248177,19.7647,22.96192,1.9968,23387,0.0012799999999999999,4.3648,,0.036095999999999996,0.158976,0,0.139264,0.007424,0.012032,,0.0038399999999999997,,5.96864,9548,3187,97,36.739125400000376
9549,201.07623169642855,328114327648,1,22.797299548983574,21.4286,20.723968,2.0872,16753,0.001024,4.269824,,0.040448,0.159488,0.000256,0.13952,0.007424,0.011519999999999999,,0.003072,,5.767168,9549,3188,97,36.7615509999996
9550,201.09434789540816,328114541934,1,18.116198480129242,23.0169,22.797824,2.2478,17007,0.001024,4.2552319999999995,,0.037376,0.15744,0,0.136192,0.0076799999999999993,0.011007999999999999,,0.003584,,7.401216,9550,3189,97,36.779237099999591
9551,201.1185044005102,328114772103,1,24.156505241990089,21.4527,18.080256,2.0667,16753,0.001024,4.370944,,0.037888,0.158976,0,0.139264,0.0076799999999999993,0.011519999999999999,,0.002816,,5.611776,9551,3190,97,36.803719399999864
9552,201.14180399659864,328114986630,1,23.299595341086388,22.3029,24.162304,2.0495,16948,0.001024,4.368128,,0.914176,0.15692799999999998,0,0.137216,0.007936,0.012288,,0.003072,,8.67712,9552,3191,97,36.8267323
9553,201.16093369472787,328115209659,1,19.129697233438492,17.8459,23.270656,2.1922,16753,0.001024,4.2534399999999994,,0.040959999999999996,0.161024,0,0.141568,0.0076799999999999993,0.011776,,0.004096,,6.3787519999999995,9553,3192,97,36.846093899999687
9554,201.18564910005668,328115388118,1,24.715404957532883,24.2838,19.118336,1.9994,16955,0.0012799999999999999,4.17024,,0.036351999999999995,0.15692799999999998,0.000256,0.138752,0.0076799999999999993,0.011007999999999999,,0.004096,,7.850752,9554,3193,97,36.870869499999571
9555,201.20752509920635,328115630956,1,21.875999867916107,23.1542,24.6912,2.1088,16753,0.001024,4.259328,,0.79487999999999992,0.155136,0,0.135936,0.0076799999999999993,0.011776,,0.0025599999999999998,,9.1781119999999987,9555,3194,97,36.892666599999757
9556,201.22870350056689,328115862498,1,21.178402006626129,19.2192,21.854976,2.1617,16753,0.001024,4.142336,,0.0384,0.158208,0.000256,0.13849599999999998,0.007424,0.011519999999999999,,0.0038399999999999997,,7.524864,9556,3195,97,36.914781999999832
9557,201.25116339994329,328116054690,1,22.459900006651878,24.884,21.150464,2.1431,16753,0.0012799999999999999,4.3776,,0.040704,0.15334399999999998,0.000256,0.132352,0.007936,0.010752,,0.003584,,8.416,9557,3196,97,36.93646439999975
9558,201.27413539540817,328116303530,1,22.971995174884796,21.7416,22.449664,2.184,16753,0.001024,4.1512959999999994,,0.61568,0.15488,0,0.135936,0.007424,0.011776,,0.0038399999999999997,,7.0110719999999995,9558,3197,97,36.95953980000013
9559,201.29352259778912,328116520946,1,19.387202337384224,21.9951,22.94656,2.2131,17150,0.001024,4.260352,,0.039424,0.154112,0,0.13516799999999998,0.003584,0.010752,,0.002304,,8.733952,9559,3198,97,36.978561599999921
9560,201.31608419784581,328116740897,1,22.561600431799889,21.7143,19.3792,2.1966,16805,0.001024,4.131072,,0.037888,0.156672,0.000256,0.13696,0.003328,0.011519999999999999,,0.0025599999999999998,,5.747712,9560,3199,97,37.00168659999963
9561,201.33773289399093,328116958040,1,21.648695692420006,23.2852,22.539776,2.1006,16753,0.0012799999999999999,4.363776,,1.12384,0.16153599999999999,0,0.141312,0.0076799999999999993,0.012544,,0.003072,,8.1515519999999988,9561,3200,97,37.022637600000053
9562,201.35878849914965,328117190892,1,21.055605262517929,18.9853,21.632768,2.2539,16753,0.001024,4.25472,,0.04224,0.155392,0,0.136704,0.003584,0.012288,,0.004096,,6.034688,9562,3201,97,37.043835700000272
9563,201.38192059948977,328117380745,1,23.132100701332092,23.1107,21.039616,2.2276,16955,0.001024,4.1681919999999995,,0.038144,0.15692799999999998,0,0.13747199999999998,0.003328,0.011776,,0.002816,,6.8776959999999994,9563,3202,97,37.067124999999578
9564,201.402214696712,328117611852,1,20.294096320867538,20.9754,23.07968,2.1819,16753,0.001024,4.148992,,0.043008,0.15564799999999998,0,0.136192,0.0084479999999999989,0.011007999999999999,,0.003584,,7.2197119999999995,9564,3203,97,37.087035800000194
9565,201.42351579506803,328117821606,1,21.301098167896271,21.2377,20.295424,2.0638,16753,0.001024,4.252416,,0.037632,0.158464,0,0.138752,0.003328,0.011519999999999999,,0.004352,,7.39584,9565,3204,97,37.108384000000115
9566,201.4467336947279,328118033983,1,23.217899724841118,23.1426,21.300992,2.0397,16753,0.001024,3.98976,,1.488384,0.17664,0,0.15129599999999999,0.006656,0.011264,,0.0038399999999999997,,8.454656,9566,3205,97,37.132294799999727
9567,201.46674550028345,328118265409,1,20.01180499792099,20.0151,21.73056,1.9226,16948,0.0012799999999999999,4.132096,,0.040959999999999996,0.15616,0,0.13516799999999998,0.0076799999999999993,0.012032,,0.004352,,5.892352,9567,3206,97,37.151862499999879
9568,201.48795689484126,328118465560,1,21.211395040154457,21.4007,19.990528,2.142,16955,0.001024,4.155136,,0.036608,0.155136,0,0.137216,0.0076799999999999993,0.010752,,0.003584,,8.187904,9568,3207,97,37.173002800000177
9569,201.509303295068,328118679567,1,21.346399560570717,23.8344,21.179392,2.1641,16753,0.001024,4.146688,,0.041215999999999996,0.15744,0,0.137984,0.007424,0.012288,,0.003072,,6.6370559999999994,9569,3208,97,37.1941012999996
9570,201.53222349773242,328118917911,1,22.92020246386528,19.4591,21.325056,2.5188,16805,0.001024,4.3663359999999996,,0.041728,0.162816,0,0.14310399999999998,0.009472,0.011776,,0.003072,,6.5687039999999994,9570,3209,97,37.217024599999604
9571,201.55170879393424,328119112502,1,19.485296681523323,21.1538,22.904832,2.0104,16753,0.001024,4.269312,,0.22195199999999998,0.16,0.000256,0.13977599999999998,0.302336,0.013568,,0.004096,,7.089408,9571,3210,97,37.238062000000355
9572,201.57580449971655,328119324040,1,24.095706641674042,21.2377,19.464448,1.9636,23387,0.001024,4.14464,,0.035584,0.159744,0,0.140032,0.007936,0.012032,,0.003328,,5.581824,9572,3211,97,37.260981399999764
9573,201.59657909580497,328119536417,1,20.774595439434052,22.9613,24.082432,2.1992,16955,0.001024,4.264704,,0.61670399999999992,0.16025599999999998,0,0.140288,0.007424,0.011519999999999999,,0.0038399999999999997,,8.561408,9573,3212,97,37.281729899999846
9574,201.61972760062358,328119766030,1,23.148505017161369,20.5719,20.750848,2.1138,16753,0.001024,4.3648,,0.040704,0.160768,0,0.140544,0.0076799999999999993,0.012288,,0.003328,,6.901504,9574,3213,97,37.304865299999619
9575,201.64180509495463,328119971749,1,22.077495232224464,23.2156,23.126784,2.2455,16948,0.001024,4.1610239999999994,,0.045568,0.162816,0,0.14336,0.0076799999999999993,0.011007999999999999,,0.003584,,8.483584,9575,3214,97,37.326745200000005
9576,201.66081780045351,328120203905,1,19.012706354260445,20.859,22.050304,2.0685,16753,0.0012799999999999999,4.200704,,0.041728,0.15564799999999998,0,0.13644799999999999,0.007424,0.010496,,0.003072,,6.4755199999999995,9576,3215,97,37.34592369999973
9577,201.68435759637188,328120412495,1,23.539796471595764,23.1511,19.002624,2.2526,16955,0.001024,3.977728,,0.041984,0.15231999999999998,0.000256,0.133888,0.003328,0.010752,,0.003072,,7.907328,9577,3216,97,37.369149500000276
9578,201.70423609693876,328120644006,1,19.878501072525978,21.8045,23.510784,2.0508,16753,0.001024,4.146688,,0.5888,0.155904,0,0.13644799999999999,0.007424,0.012032,,0.002816,,9.25568,9578,3217,97,37.389010799999596
9579,201.72736789965987,328120862051,1,23.131802678108215,19.2567,19.864576,2.0047,16753,0.001024,4.336384,,0.038911999999999995,0.155136,0.000256,0.136704,0.007936,0.011007999999999999,,0.003072,,5.584128,9579,3218,97,37.412448099999892
9580,201.74771070011337,328121054618,1,20.34280076622963,23.2655,23.11808,1.9658,16805,0.001024,4.176384,,0.850688,0.15744,0,0.137984,0.007424,0.012544,,0.003328,,7.2481279999999995,9580,3219,97,37.432370800000172
9581,201.7715174957483,328121287273,1,23.806795477867126,19.8461,20.318464,2.0436,16753,0.001024,4.2516479999999994,,0.040448,0.15616,0.000256,0.136192,0.007424,0.009984,,0.003072,,5.5925759999999993,9581,3220,97,37.456469300000208
9582,201.79158759920634,328121485734,1,20.07010392844677,23.4348,23.78496,1.9273,17150,0.001024,4.371456,,0.036351999999999995,0.156416,0.000256,0.134912,0.0076799999999999993,0.010752,,0.0025599999999999998,,7.12704,9582,3221,97,37.476380600000084
9583,201.81456139455781,328121720082,1,22.973794490098953,19.9419,20.052736,2.0729,16753,0.001024,4.144896,,0.042496,0.161024,0.000256,0.14079999999999998,0.007424,0.010752,,0.003328,,5.570304,9583,3222,97,37.4996401999997
9584,201.83702839427437,328121919501,1,22.467000409960747,24.0762,22.967808,1.9302,16753,0.001024,4.33664,,0.041728,0.15616,0.000256,0.13644799999999999,0.007936,0.011007999999999999,,0.003328,,7.114496,9584,3223,97,37.521893699999964
9585,201.85587709750567,328122160263,1,18.848702311515808,19.863,22.439168,2.0932,16753,0.0012799999999999999,4.1495039999999994,,0.03968,0.16153599999999999,0,0.141568,0.003584,0.012288,,0.003328,,7.2576,9585,3224,97,37.540727700000389
9586,201.88059869614511,328122358893,1,24.721598252654076,23.2906,18.834176,2.1822,16955,0.001024,3.976448,,0.0384,0.15616,0,0.135936,0.007424,0.012288,,0.003072,,6.359808,9586,3225,97,37.566346700000395
9587,201.90087879818594,328122591799,1,20.280102267861366,22.2447,24.697344,2.1846,105708,0.001024,4.365056,,0.040448,0.159744,0,0.141056,0.0076799999999999993,0.011007999999999999,,0.0025599999999999998,,9.022976,9587,3226,97,37.585905400000229
9588,201.92226729733559,328122814246,1,21.388499066233635,18.8592,20.25856,2.1638,16753,0.001024,4.172032,,0.037888,0.15692799999999998,0,0.137216,0.003328,0.012288,,0.003584,,6.383616,9588,3227,97,37.607662700000219
9589,201.94494089427437,328123002838,1,22.673597559332848,25.3994,21.369856,2.44,16948,0.001024,4.141312,,0.03968,0.15795199999999998,0.000256,0.136704,0.0076799999999999993,0.011776,,0.004096,,7.388672,9589,3228,97,37.6301110000004
9590,201.96731339994329,328123256832,1,22.372506558895111,19.696,22.658048,2.1889,16805,0.001024,4.36992,,0.036864,0.16358399999999998,0.000256,0.14310399999999998,0.007936,0.014079999999999999,,0.004096,,6.23872,9590,3229,97,37.652260300000307
9591,201.98730629960318,328123453792,1,19.992899149656296,21.7693,22.345472,2.1015,17100,0.001024,4.3663359999999996,,0.041471999999999995,0.157696,0.000256,0.137984,0.005376,0.011007999999999999,,0.003072,,7.5100159999999994,9591,3230,97,37.672717999999804
9592,202.00916429988661,328123671485,1,21.858001127839088,22.3604,19.983872,2.2318,16753,0.001024,4.159488,,0.039424,0.15795199999999998,0,0.137728,0.0084479999999999989,0.011776,,0.003072,,6.1568,9592,3231,97,37.694085999999515
9593,202.03130739795918,328123895089,1,22.143097594380379,22.2566,21.83936,2.1748,16753,0.0012799999999999999,4.326144,,0.728576,0.15462399999999998,0.000256,0.134656,0.007424,0.011264,,0.0025599999999999998,,7.286016,9593,3232,97,37.716305699999793
9594,202.05078179563492,328124117655,1,19.474398344755173,20.4266,22.114048,2.0525,16753,0.001024,4.152832,,0.036864,0.157184,0.000256,0.137216,0.0097279999999999988,0.012032,,0.0038399999999999997,,6.977024,9594,3233,97,37.73569260000022
9595,202.07380969387754,328124321921,1,23.027898743748665,21.3728,19.464448,2.1191,122179,0.001024,4.148992,,0.042496,0.155904,0,0.135424,0.007168,0.011519999999999999,,0.003328,,6.7747839999999995,9595,3234,97,37.759402900000168
9596,202.09509489795917,328124535649,1,21.285204216837883,22.2036,22.988544,1.963,216058,0.001024,4.374528,,0.036608,0.15616,0.000256,0.137728,0.007424,0.011007999999999999,,0.004096,,7.8420479999999992,9596,3235,97,37.780296599999929
9597,202.11631049461451,328124757685,1,21.215597167611122,19.4466,21.27104,2.2124,51895,0.0012799999999999999,4.136448,,0.043519999999999996,0.16025599999999998,0,0.140544,0.004096,0.013568,,0.003072,,6.1148159999999994,9597,3236,97,37.801492499999767
9598,202.13889239654193,328124952151,1,22.581901401281357,23.189,21.193984,2.1394,82043,0.001024,4.2595839999999994,,0.043008,0.156672,0,0.137216,0.0076799999999999993,0.011519999999999999,,0.003584,,7.110144,9598,3237,97,37.824848999999631
9599,202.15972749433107,328125184041,1,20.835097879171371,21.3924,22.55616,2.2631,46901,0.001024,4.262656,,0.34764799999999996,0.160512,0,0.14079999999999998,0.007424,0.011519999999999999,,0.0025599999999999998,,6.375424,9599,3238,97,37.84501309999996
9600,202.18215049603174,328125397965,1,22.423001006245613,21.1817,20.707328,2.5563,17007,0.003072,4.333568,,0.04224,0.16025599999999998,0,0.141056,0.0076799999999999993,0.012032,,0.002816,,7.206912,9600,3239,97,37.867295799999738
9601,202.20491349914965,328125609782,1,22.763002663850784,23.3255,22.523904,2.1775,22537,0.006144,4.163072,,0.39910399999999996,0.158464,0,0.138752,0.007168,0.011264,,0.004096,,6.818048,9601,3240,97,37.89016730000003
9602,202.22579949688208,328125843037,1,20.885998383164406,20.1661,22.745344,2.0918,16753,0.0012799999999999999,4.345088,,0.040959999999999996,0.15488,0,0.13516799999999998,0.007424,0.011264,,0.004096,,6.370048,9602,3241,97,37.910953700000391
9603,202.24644199971655,328126044698,1,20.64250223338604,22.3493,20.856064,2.1056,16948,0.001024,4.252672,,0.046335999999999995,0.15564799999999998,0,0.13644799999999999,0.007424,0.011007999999999999,,0.002816,,7.32928,9603,3242,97,37.931576400000267
9604,202.26863539540815,328126268191,1,22.193396463990211,22.7095,20.627712,2.0918,16753,0.001024,4.142592,,0.04224,0.49663999999999997,0.000256,0.137216,0.009216,0.017408,,0.003584,,6.592256,9604,3243,97,37.953411499999675
9605,202.28931559665531,328126495286,1,20.680202171206474,20.8771,22.160896,2.1583,17100,0.0012799999999999999,4.15744,,0.040959999999999996,0.15744,0.000256,0.137728,0.007424,0.011264,,0.003072,,6.001408,9605,3244,97,37.974289599999793
9606,202.31211899801588,328126704057,1,22.803401574492455,20.6893,20.671488,2.2652,16753,0.001024,4.180736,,0.040704,0.155904,0,0.135424,0.0076799999999999993,0.011264,,0.003584,,6.9834239999999994,9606,3245,97,37.9969358999997
9607,202.33420229591835,328126910950,1,22.083297371864319,21.8807,22.791936,2.0842,16753,0.001024,4.340736,,0.647168,0.160512,0.000256,0.140544,0.0076799999999999993,0.011776,,0.003072,,7.3341439999999993,9607,3246,97,38.01900519999981
9608,202.35593729450113,328127129757,1,21.734999492764473,20.7501,22.053376,1.9725,34324,0.001024,3.971072,,0.043008,0.15692799999999998,0.000256,0.13696,0.0076799999999999993,0.011519999999999999,,0.003328,,7.770624,9608,3247,97,38.041136300000289
9609,202.37969519557822,328127337258,1,23.757901042699814,22.7392,21.71392,2.1387,31340,0.001024,4.274176,,0.034048,0.538624,0.000256,0.513536,0.028672,0.011007999999999999,,0.0048639999999999994,,6.6529279999999993,9609,3248,97,38.064485300000342
9610,202.39969599631519,328127564650,1,20.000800490379333,22.1079,23.73376,2.1847,17000,0.001024,3.9846399999999997,,0.037888,0.16025599999999998,0.000256,0.140288,0.007424,0.011776,,0.0038399999999999997,,8.803583999999999,9610,3249,97,38.084616000000096
9611,202.42381209608843,328127785729,1,24.116098880767822,21.9394,19.986176,2.009,16753,0.006144,4.165888,,0.036095999999999996,0.157184,0,0.13696,0.007424,0.011776,,0.003328,,6.534656,9611,3250,97,38.108572500000264
9612,202.44461539824263,328128005123,1,20.803302526474,23.5286,24.099584,2.0466,16753,0.001024,4.260096,,0.039936,0.155904,0,0.13644799999999999,0.0076799999999999993,0.013312,,0.0038399999999999997,,8.600064,9612,3251,97,38.129624199999853
9613,202.46633139880953,328128240409,1,21.716000512242317,20.0357,20.775168,2.0182,16753,0.001024,3.953408,,0.040959999999999996,0.16383999999999999,0,0.141824,0.0076799999999999993,0.011776,,0.003072,,6.33216,9613,3252,97,38.152252799999587
9614,202.48832400085033,328128440766,1,21.992601454257965,24.0363,21.703424,1.9835,16955,0.001024,4.365824,,0.039424,0.154368,0.000256,0.1344,0.007424,0.012032,,0.004096,,6.5658879999999993,9614,3253,97,38.173662999999578
9615,202.50993009495465,328128681129,1,21.606093272566795,21.0247,21.89824,2.2322,16753,0.001024,4.3351039999999994,,0.35609599999999997,0.157696,0.000256,0.13824,0.0076799999999999993,0.012032,,0.002816,,6.1957119999999994,9615,3254,97,38.195023399999627
9616,202.532802196712,328128891376,1,22.87210151553154,22.5316,21.65376,2.038,16753,0.001024,4.3264,,0.237312,0.157696,0,0.138752,0.0076799999999999993,0.011519999999999999,,0.002816,,6.6974719999999994,9616,3255,97,38.217809800000396
9617,202.55364349489795,328129116692,1,20.841298624873161,21.4784,22.85824,2.2329,16948,0.001024,4.363008,,0.74624,0.15795199999999998,0,0.13696,0.0076799999999999993,0.011776,,0.003328,,7.1936,9617,3256,97,38.238687899999604
9618,202.57668529620182,328129331476,1,23.041801527142525,21.3691,20.809728,2.1058,16753,0.001024,4.3732479999999994,,0.040704,0.152576,0,0.133376,0.0076799999999999993,0.009984,,0.003584,,5.592832,9618,3257,97,38.26229340000009
9619,202.59721949404761,328129545167,1,20.534198731184006,22.7086,23.032832,2.0932,23589,0.001024,4.196352,,0.33510399999999996,0.159488,0,0.13952,0.007424,0.011007999999999999,,0.003072,,7.3927679999999993,9619,3258,97,38.28217979999954
9620,202.61814069586168,328129772253,1,20.921202376484871,21.0067,20.50816,2.1976,16805,0.001024,4.261632,,0.042496,0.15564799999999998,0,0.13568,0.007168,0.010752,,0.002816,,7.024896,9620,3259,97,38.303055399999721
9621,202.64128369472789,328129982320,1,23.142999038100243,23.1243,20.912896,2.0343,16753,0.001024,4.337408,,0.039168,0.157696,0,0.137728,0.0084479999999999989,0.011007999999999999,,0.002816,,6.654208,9621,3260,97,38.326520900000105
9622,202.66260459892288,328130213563,1,21.320903673768044,20.3239,23.117568,2.0128,16753,0.001024,4.333568,,0.041471999999999995,0.158464,0,0.13824,0.007424,0.012032,,0.003328,,6.56896,9622,3261,97,38.348157100000208
9623,202.68517410005668,328130416802,1,22.569501772522926,20.9119,21.305344,2.1119,16955,0.0012799999999999999,4.383232,,0.036351999999999995,0.15488,0,0.13568,0.0076799999999999993,0.011007999999999999,,0.0038399999999999997,,8.434688,9623,3262,97,38.370466600000327
9624,202.70839699546485,328130625921,1,23.222895339131355,23.239,22.540032,2.3419,16948,0.001024,4.382464,,0.039424,0.16255999999999998,0,0.137728,0.0076799999999999993,0.011264,,0.003328,,8.045312,9624,3263,97,38.393995100000211
9625,202.73101629818592,328130858311,1,22.619303315877914,21.6425,23.199488,2.2081,16753,0.0012799999999999999,4.374784,,0.62771199999999994,0.15872,0,0.139008,0.007424,0.011519999999999999,,0.003072,,7.195392,9625,3264,97,38.416616800000156
9626,202.74987580073696,328131074736,1,18.859501928091049,22.4476,22.605056,11.0058,16753,0.0012799999999999999,4.381696,,0.039936,0.155392,0,0.13696,0.007424,0.011007999999999999,,0.004096,,8.647936,9626,3265,97,38.43511800000033
9627,202.7753880952381,328131299212,1,25.512294843792915,23.5548,18.840576,2.4016,16753,0.001024,4.368384,,0.042496,0.15334399999999998,0,0.1344,0.0076799999999999993,0.011007999999999999,,0.003072,,5.0145279999999994,9627,3266,97,38.46087819999957
9628,202.79388189484126,328131534760,1,18.493799492716789,22.2926,25.502464,2.2348,16955,0.001024,4.1433599999999995,,0.041215999999999996,0.153856,0,0.13516799999999998,0.007424,0.011007999999999999,,0.002304,,9.16736,9628,3267,97,38.478952100000242
9629,202.81690039682539,328131757686,1,23.018501698970795,18.6422,18.466304,2.3056,16753,0.001024,4.336384,,0.042496,0.15488,0,0.13516799999999998,0.0076799999999999993,0.010752,,0.002816,,5.599232,9629,3268,97,38.504309400000238
9630,202.83816809807254,328131944108,1,21.26770094037056,25.9525,22.989824,2.1591,16805,0.001024,4.367872,,0.319488,0.148224,0,0.129024,0.007424,0.011519999999999999,,0.003072,,8.2992639999999991,9630,3269,97,38.525821999999607
9631,202.85881870039682,328132203633,1,20.650602877140045,18.0587,21.252608,3.2249,16948,0.001024,4.131328,,0.430592,0.149248,0,0.129024,0.0076799999999999993,0.011007999999999999,,0.003584,,6.8403199999999993,9631,3270,97,38.546287699999993
9632,202.88223879676869,328132384220,1,23.420095443725586,24.7009,20.628992,3.2311,16955,0.001024,4.132864,,0.040192,0.152576,0,0.13312,0.0076799999999999993,0.011776,,0.0025599999999999998,,6.80192,9632,3271,97,38.570282200000293
9633,202.90257509920633,328132631229,1,20.336301997303963,21.7468,23.382784,3.3679,16753,0.001024,4.256256,,0.039168,0.160512,0,0.14079999999999998,0.008192,0.014848,,0.004352,,6.02496,9633,3272,97,38.58813470000041
9634,202.92584169501134,328132848697,1,23.266596719622612,20.5632,20.331008,3.0318,16753,0.001024,4.13312,,0.037888,0.158976,0,0.139008,0.003328,0.012799999999999999,,0.003584,,5.4860799999999994,9634,3273,97,38.611604400000033
9635,202.94751259920633,328133054329,1,21.670904010534286,23.9423,23.25504,2.2347,16753,0.001024,4.2659839999999996,,0.040448,0.151552,0,0.131584,0.011264,0.012288,,0.002816,,6.789376,9635,3274,97,38.632904400000371
9636,202.96823709608842,328133293752,1,20.724497735500336,18.1731,21.643008,2.4217,16753,0.001024,4.372736,,0.040192,0.153856,0,0.133888,0.003328,0.012544,,0.0038399999999999997,,6.9913599999999994,9636,3275,97,38.6532930000003
9637,202.98929499716553,328133475483,1,21.057901903986931,23.4387,20.709632,2.1646,16955,0.001024,4.3315199999999994,,0.043519999999999996,0.15334399999999998,0.000256,0.133376,0.007424,0.011007999999999999,,0.003328,,6.980352,9637,3276,97,38.674333099999785
9638,203.01299349489796,328133709870,1,23.69849756360054,21.3545,21.037824,2.1019,16753,0.001024,4.174592,,0.040704,0.154112,0,0.13414399999999999,0.003328,0.010752,,0.003072,,7.1298559999999993,9638,3277,97,38.697874299999967
9639,203.03561399518139,328133923415,1,22.62050099670887,20.4935,23.675392,2.2265,16948,0.001024,4.269312,,0.62847999999999993,0.15231999999999998,0,0.13055999999999998,0.007424,0.011519999999999999,,0.003328,,8.675328,9639,3278,97,38.721328399999948
9640,203.05687050028345,328134128350,1,21.256504580378532,21.0039,22.60992,2.167,16805,0.001024,4.175872,,0.038911999999999995,0.15129599999999999,0,0.13183999999999998,0.0076799999999999993,0.011519999999999999,,0.003072,,8.146431999999999,9640,3279,97,38.742518799999743
9641,203.07888169642857,328134338389,1,22.011196240782738,23.5253,20.318464,1.9048,16955,0.001024,4.1512959999999994,,0.041984,0.154112,0.000256,0.1344,0.011264,0.011007999999999999,,0.003328,,6.8101119999999993,9641,3280,97,38.764312799999971
9642,203.10141029620181,328134573642,1,22.528599947690964,23.3066,21.61024,1.9381,23387,0.001024,4.263424,,0.32383999999999996,0.148736,0,0.129792,0.007424,0.012288,,0.003584,,8.5824,9642,3281,97,38.786522600000353
9643,203.12382179705216,328134806708,1,22.411501035094261,21.2843,22.51904,2.1984,16753,0.001024,4.370176,,0.040704,0.148224,0,0.129024,0.003584,0.011776,,0.003072,,7.444992,9643,3282,97,38.808722099999613
9644,203.14377509920635,328135019551,1,19.953303039073944,21.5698,22.382336,2.1217,16753,0.001024,4.155136,,0.041471999999999995,0.1472,0,0.128,0.007424,0.010752,,0.0025599999999999998,,8.9241599999999988,9644,3283,97,38.829096299999946
9645,203.17058729450113,328135235249,1,26.812195777893066,22.4922,19.93984,2.0564,16753,0.001024,4.260096,,0.037632,0.151552,0,0.132096,0.007424,0.012032,,0.0038399999999999997,,5.598464,9645,3284,97,38.8560980000002
9646,203.19113399943311,328135460171,1,20.546704530715942,22.2203,26.792704,2.171,17150,0.001024,4.2649599999999994,,0.9152,0.151552,0,0.132352,0.007424,0.011776,,0.0038399999999999997,,8.9827839999999988,9646,3285,97,38.87611250000009
9647,203.2126383999433,328135682374,1,21.504400297999382,20.199,20.514048,2.178,16753,0.001024,4.361216,,0.042496,0.154112,0,0.134912,0.007424,0.011007999999999999,,0.0025599999999999998,,5.583616,9647,3286,97,38.897842800000035
9648,203.23608759920634,328135884364,1,23.44919927418232,27.1541,21.477888,2.0345,16753,0.001024,4.261632,,0.036095999999999996,0.148224,0,0.129792,0.006912,0.010752,,0.003072,,6.083072,9648,3287,97,38.92088590000003
9649,203.25786009778912,328136155905,1,21.772498264908791,19.9671,23.446528,2.2975,16753,0.001024,4.367616,,0.041984,0.152064,0.000256,0.132608,0.0076799999999999993,0.011519999999999999,,0.002816,,9.526527999999999,9649,3288,97,38.942671099999643
9650,203.28185099914964,328136355576,1,23.990901187062263,21.5165,21.737216,1.9509,17007,0.001024,4.371968,,0.040192,0.15103999999999998,0.000256,0.13055999999999998,0.005376,0.011519999999999999,,0.003584,,6.94144,9650,3289,97,38.966869300000326
9651,203.30331719812924,328136570741,1,21.466199308633804,23.3408,23.97824,2.1045,16753,0.001024,4.3786239999999994,,0.040704,0.150528,0,0.129792,0.007424,0.010496,,0.003072,,8.16,9651,3290,97,38.988165800000388
9652,203.3259933956916,328136804149,1,22.676197811961174,21.8177,21.445632,2.0459,16753,0.001024,3.9769599999999996,,0.03968,0.15103999999999998,0.000256,0.131328,0.011776,0.011519999999999999,,0.003584,,5.897984,9652,3291,97,39.010848799999621
9653,203.34648549461451,328137022326,1,20.492099225521088,24.0512,22.663424,1.9682,16948,0.0012799999999999999,4.33664,,0.03968,0.147968,0,0.128,0.004608,0.013056,,0.003328,,7.038976,9653,3292,97,39.031651799999963
9654,203.3672008999433,328137262838,1,20.715406164526939,21.4191,20.47232,2.439,16753,0.001024,4.144384,,0.038655999999999996,0.149504,0,0.129792,0.007424,0.011264,,0.0025599999999999998,,6.665728,9654,3293,97,39.0519948000001
9655,203.38812339852606,328137477029,1,20.922498777508736,22.6597,20.703232,2.0285,16955,0.001024,3.98976,,0.040704,0.15334399999999998,0,0.133632,0.007424,0.011264,,0.003072,,5.8785279999999993,9655,3294,97,39.072957100000167
9656,203.4097582979025,328137703626,1,21.634899079799652,20.7666,20.868352,2.0129,114464,0.001024,4.324096,,0.040448,0.152064,0.000256,0.132352,0.0076799999999999993,0.011264,,0.003072,,7.400448,9656,3295,97,39.095234700000219
9657,203.43164219812925,328137911292,1,21.883899345993996,20.4114,21.5296,2.1266,16753,0.001024,4.33536,,0.91212799999999994,0.149504,0,0.130304,0.0076799999999999993,0.011776,,0.003072,,7.229952,9657,3296,97,39.116763199999696
9658,203.45162479450113,328138115406,1,19.9825968593359,20.9399,21.97504,2.1987,16753,0.001024,4.242432,,0.042752,0.16,0,0.134656,0.011519999999999999,0.011264,,0.0038399999999999997,,7.10272,9658,3297,97,39.136594100000366
9659,203.47534329648525,328138324805,1,23.718502372503281,22.1818,19.965184,2.1303,16753,0.001024,4.368128,,0.04224,0.150784,0.000256,0.131328,0.003328,0.011264,,0.0038399999999999997,,6.7950079999999993,9659,3298,97,39.160523499999726
9660,203.49657249858276,328138546623,1,21.229201927781105,21.6514,23.69664,2.1752,17152,0.001024,4.152576,,0.044031999999999995,0.150784,0,0.130816,0.007424,0.011776,,0.003328,,8.9866239999999991,9660,3299,97,39.181741800000054
9661,203.51559699546485,328138763137,1,19.024496898055077,19.7244,21.200384,2.2646,16948,0.001024,4.153344,,0.040448,0.159744,0,0.13977599999999998,0.005632,0.014591999999999999,,0.003072,,6.238464,9661,3300,97,39.200511899999583
9662,203.53825549886619,328138960381,1,22.65850268304348,23.8772,19.002624,2.0476,16753,0.001024,4.158976,,0.045568,0.15129599999999999,0,0.132096,0.007424,0.011007999999999999,,0.0038399999999999997,,6.8101119999999993,9662,3301,97,39.223205700000108
9663,203.55941669501132,328139199153,1,21.161196753382683,21.2258,22.644992,2.0818,16753,0.001024,4.26752,,0.32844799999999996,0.15001599999999998,0,0.130048,0.007424,0.012799999999999999,,0.003328,,6.1061119999999995,9663,3302,97,39.244608699999844
9664,203.58145789399092,328139411411,1,22.04119972884655,18.8667,21.151232,2.034,16955,0.001024,4.363264,,0.03584,0.149504,0.000256,0.129792,0.003072,0.012288,,0.003328,,6.888704,9664,3303,97,39.2671792000001
9665,203.60306219529477,328139600078,1,21.604301407933235,22.745,22.014464,8.7562,23387,0.001024,4.363264,,0.03584,0.149504,0.000256,0.129792,0.003072,0.012288,,0.003328,,6.888704,9665,3304,97,39.288178099999641
9666,203.62331819727891,328139827528,1,20.256001502275467,21.2884,21.587712,2.097,16753,0.001024,4.25856,,0.044544,0.154112,0,0.134656,0.007424,0.012544,,0.003584,,5.896704,9666,3305,97,39.30800089999957
9667,203.64710019841269,328140040412,1,23.782001808285713,21.8833,20.229632,1.9953,16753,0.001024,4.25856,,0.044288,0.14976,0,0.130304,0.0076799999999999993,0.011264,,0.003328,,6.6424319999999994,9667,3306,97,39.332677700000204
9668,203.66732230017007,328140259245,1,20.222101360559464,21.7756,23.757568,2.052,16948,0.001024,4.367872,,0.039424,0.15231999999999998,0,0.132352,0.007424,0.010752,,0.003072,,6.117376,9668,3307,97,39.352168499999607
9669,203.68712659438773,328140477001,1,19.804293289780617,19.8546,20.221184,2.0767,16955,0.001024,4.326912,,0.03968,0.15744,0,0.135424,0.009216,0.011007999999999999,,0.004096,,8.291328,9669,3308,97,39.371973000000253
9670,203.70956309523808,328140675547,1,22.436501458287239,24.5111,19.742976,2.0772,22589,0.001024,4.1433599999999995,,0.043775999999999995,0.1536,0,0.13414399999999999,0.007424,0.011264,,0.002816,,6.292992,9670,3309,97,39.39433420000023
9671,203.73262670068027,328140920658,1,23.063605651259422,19.6409,22.460416,1.9479,16753,0.001024,3.9823359999999997,,0.437504,0.43673599999999996,0.000256,0.415744,0.007424,0.013056,,0.003328,,7.372032,9671,3310,97,39.417573900000207
9672,203.75273300028343,328141117067,1,20.106298848986626,19.7897,23.03232,1.9729,16753,0.001024,4.328704,,0.039936,0.15001599999999998,0,0.12928,0.003584,0.010752,,0.003072,,7.278848,9672,3311,97,39.437753199999861
9673,203.77729529478458,328141314964,1,24.562293663620949,22.4113,20.081664,1.9887,16753,0.001024,4.3645439999999995,,0.03968,0.156416,0,0.137216,0.0076799999999999993,0.011007999999999999,,0.002816,,5.591296,9673,3312,97,39.462307300000248
9674,203.7981968962585,328141539077,1,20.901601761579514,23.1086,23.584768,2.2446,17100,0.0012799999999999999,4.2462719999999994,,0.03968,0.15334399999999998,0,0.133376,0.007424,0.011007999999999999,,0.002816,,8.552448,9674,3313,97,39.482963100000234
9675,203.82000189909297,328141770163,1,21.80500328540802,20.2968,20.896256,2.0623,16948,0.001024,4.176896,,0.041215999999999996,0.1536,0.000256,0.132352,0.0076799999999999993,0.011007999999999999,,0.002816,,7.0046719999999993,9675,3314,97,39.505248200000096
9676,203.84406420068026,328141973131,1,24.062301963567734,24.4987,21.789952,2.0673,16753,0.001024,4.260352,,0.039424,0.152064,0,0.13183999999999998,0.0048639999999999994,0.012799999999999999,,0.003584,,6.900224,9676,3315,97,39.529029199999968
9677,203.86566699971655,328142218118,1,21.602798253297806,20.6775,24.034048,2.1995,16753,0.001024,4.3466239999999994,,0.22067199999999998,0.153088,0,0.133632,0.008192,0.011264,,0.003584,,6.5331199999999994,9677,3316,97,39.550805699999728
9678,203.88795009920634,328142424893,1,22.283099591732025,22.216,21.59104,2.0645,16955,0.001024,4.148992,,0.039936,0.147456,0,0.12953599999999998,0.007168,0.011264,,0.003328,,6.559232,9678,3317,97,39.572891200000413
9679,203.90960589569161,328142647053,1,21.655796095728874,23.7851,22.256896,2.1071,16805,0.001024,4.146176,,0.324352,0.149248,0,0.13055999999999998,0.007424,0.011007999999999999,,0.003072,,5.874432,9679,3318,97,39.594695499999943
9680,203.93267659438774,328142884904,1,23.070698603987694,21.7288,21.647104,2.065,16753,0.001024,4.3663359999999996,,0.03968,0.153856,0.000256,0.13414399999999999,0.0076799999999999993,0.011776,,0.003328,,7.191808,9680,3319,97,39.61769060000006
9681,203.95334219812923,328143102192,1,20.665604621171951,22.1248,23.038208,2.1317,16753,0.001024,4.357632,,0.48691199999999996,0.151808,0,0.13183999999999998,0.0048639999999999994,0.012032,,0.004096,,5.835776,9681,3320,97,39.639206400000148
9682,203.97720980017007,328143323440,1,23.867601528763771,21.8735,20.654592,2.1053,16948,0.001024,4.161536,,0.041471999999999995,0.1536,0,0.13414399999999999,0.007424,0.012799999999999999,,0.002816,,5.5810559999999994,9682,3321,97,39.662389400000393
9683,203.99819739937641,328143542175,1,20.987600088119507,22.9381,23.836416,2.4281,16955,0.0012799999999999999,4.145664,,0.330752,0.151552,0.000256,0.132352,0.007424,0.011007999999999999,,0.0025599999999999998,,7.589632,9683,3322,97,39.683029300000271
9684,204.01951229450111,328143771556,1,21.314894780516624,21.2809,20.97408,2.1102,16753,0.001024,4.25984,,0.042496,0.150784,0,0.130304,0.0076799999999999993,0.011007999999999999,,0.002816,,5.8954239999999993,9684,3323,97,39.704544700000042
9685,204.042638598356,328143984365,1,23.126304149627686,23.4333,20.245504,2.0556,16753,0.001024,4.365056,,0.040192,0.152576,0,0.132352,0.011264,0.010752,,0.002816,,6.9603839999999995,9685,3324,97,39.727492799999709
9686,204.06601070011337,328144218698,1,23.3721025288105,20.6821,23.0912,2.1641,75702,0.001024,4.148992,,0.570112,0.149504,0,0.129792,0.007424,0.011007999999999999,,0.003328,,6.3616,9686,3325,97,39.7517670999996
9687,204.08751909722221,328144425519,1,21.508397534489632,21.557,23.280128,2.1048,189070,0.001024,4.3627519999999995,,0.037376,0.151808,0.000256,0.132608,0.007168,0.011776,,0.004352,,7.226368,9687,3326,97,39.772852199999761
9688,204.10707339852607,328144641089,1,19.554302096366882,22.9356,21.517824,2.3575,58529,0.001024,4.24832,,0.0384,0.152064,0,0.132096,0.007424,0.011007999999999999,,0.004096,,6.048768,9688,3327,97,39.7919109000004
9689,204.131988598356,328144870445,1,24.915199726819992,24.0731,19.5776,2.2916,117432,0.001024,4.13824,,0.041471999999999995,0.148736,0,0.128768,0.007424,0.011264,,0.003072,,6.655488,9689,3328,97,39.817449000000124
9690,204.15251789965987,328145111176,1,20.529301837086678,20.9546,24.848128,2.0658,78444,0.001024,4.165888,,0.040448,0.15103999999999998,0,0.131328,0.0076799999999999993,0.011776,,0.003328,,7.663872,9690,3329,97,39.837747300000046
9691,204.17736429988662,328145320722,1,24.846401065587997,19.3869,20.552448,2.306,16753,0.001024,4.25984,,0.037632,0.150272,0,0.131328,0.0076799999999999993,0.011007999999999999,,0.002816,,5.772544,9691,3330,97,39.862750600000254
9692,204.19704749858275,328145514591,1,19.683199003338814,25.3875,24.82304,2.2026,16955,0.0012799999999999999,4.3760639999999995,,0.036864,0.15103999999999998,0.000256,0.131328,0.007168,0.011007999999999999,,0.003584,,8.2332159999999988,9692,3331,97,39.882190499999524
9693,204.22087589994331,328145768466,1,23.828402161598206,20.4059,19.65952,2.2417,16753,0.001024,4.367616,,0.037888,0.14848,0,0.12928,0.007424,0.011264,,0.003328,,6.541312,9693,3332,97,39.906352099999822
9694,204.24329129818594,328145972525,1,22.415397688746452,24.9615,23.776,2.1196,16753,0.001024,4.333056,,0.041984,0.155136,0,0.13568,0.0076799999999999993,0.011264,,0.0038399999999999997,,7.46624,9694,3333,97,39.92833150000024
9695,204.26418949829932,328146222140,1,20.898200571537018,19.4912,22.432768,2.2041,16753,0.001024,4.140288,,0.042496,0.152576,0,0.132096,0.007168,0.011264,,0.0038399999999999997,,5.984512,9695,3334,97,39.949266499999794
9696,204.28671429988663,328146417052,1,22.524802014231682,24.095,20.892416,2.0575,17150,0.001024,3.97824,,0.0384,0.150528,0,0.131584,0.003584,0.011007999999999999,,0.003328,,6.556416,9696,3335,97,39.971599800000149
9697,204.307753295068,328146658002,1,21.038996055722237,22.0507,22.503424,2.1404,16753,0.0012799999999999999,3.988736,,0.039424,0.15231999999999998,0,0.132352,0.007424,0.011776,,0.003328,,6.0943359999999993,9697,3336,97,39.992587300000196
9698,204.3301964994331,328146878509,1,22.443205118179321,20.9169,21.015552,2.0262,16805,0.001024,4.2631679999999994,,0.041215999999999996,0.15129599999999999,0.000256,0.131328,0.007424,0.013056,,0.004096,,6.8769279999999995,9698,3337,97,40.015433999999914
9699,204.35106319444444,328147087678,1,20.866695791482925,22.3969,22.413056,2.0709,34324,0.001024,4.388096,,0.038911999999999995,0.150528,0,0.131584,0.003072,0.011264,,0.004096,,8.860672,9699,3338,97,40.035775700000158
9700,204.37651429988662,328147311647,1,25.451105087995529,20.9486,20.861952,1.9771,31138,0.001024,4.333568,,0.040959999999999996,0.14976,0,0.130048,0.0076799999999999993,0.012288,,0.003072,,6.5658879999999993,9700,3339,97,40.061671000000388
9701,204.39746699971656,328147521133,1,20.952699705958366,22.8199,25.424896,1.99,16955,0.001024,3.9864319999999998,,0.040959999999999996,0.15872,0,0.136704,0.007168,0.012032,,0.004096,,8.288511999999999,9701,3340,97,40.082336600000417
9702,204.41784429563492,328147749332,1,20.377295091748238,20.4211,20.930048,2.1547,16753,0.001024,4.372992,,0.039936,0.157184,0.000256,0.137216,0.007424,0.011264,,0.002816,,7.0830079999999995,9702,3341,97,40.102510099999563
9703,204.44140449971655,328147953543,1,23.560203611850739,25.8862,20.35072,2.0187,16948,0.0012799999999999999,4.369152,,0.041471999999999995,0.151808,0,0.132096,0.0076799999999999993,0.010496,,0.0025599999999999998,,6.651904,9703,3342,97,40.126296600000387
9704,204.46289190051019,328148212405,1,21.487399935722351,20.643,23.54176,1.9661,16753,0.0012799999999999999,4.260096,,0.041215999999999996,0.15001599999999998,0.000256,0.131072,0.007424,0.012799999999999999,,0.0038399999999999997,,8.075008,9704,3343,97,40.147930600000109
9705,204.48477199546485,328148418835,1,21.880095824599266,20.2108,21.48096,2.011,16955,0.001024,4.256512,,0.039168,0.154368,0,0.13644799999999999,0.007424,0.010752,,0.0025599999999999998,,8.689408,9705,3344,97,40.170428899999933
9706,204.5082625,328148620943,1,23.490505293011665,23.6881,21.811968,2.2586,16753,0.001024,4.1469439999999995,,0.039168,0.153856,0,0.13183999999999998,0.007424,0.012032,,0.0038399999999999997,,5.91744,9706,3345,97,40.193680200000017
9707,204.53138609693877,328148857824,1,23.123597726225853,21.6284,23.526144,2.2504,16805,0.0012799999999999999,4.2685439999999994,,0.89292799999999994,0.150784,0.000256,0.131328,0.007424,0.012032,,0.003584,,7.181824,9707,3346,97,40.216589399999975
9708,204.551167694161,328149074108,1,19.781596958637238,22.4576,23.089152,2.1925,16753,0.001024,4.148992,,0.042496,0.149504,0,0.12825599999999998,0.007424,0.012032,,0.003328,,7.268864,9708,3347,97,40.236414400000285
9709,204.57652819586167,328149298684,1,25.360502302646637,23.163,19.759872,2.4497,16753,0.0012799999999999999,4.13952,,0.042752,0.15129599999999999,0,0.131072,0.003584,0.011776,,0.003584,,6.3928319999999994,9709,3348,97,40.261856899999657
9710,204.59714010062356,328149530314,1,20.611904561519623,22.9649,25.351424,2.4466,17150,0.001024,4.3476479999999995,,0.041215999999999996,0.157696,0,0.13747199999999998,0.007424,0.012799999999999999,,0.003328,,7.4424319999999993,9710,3349,97,40.283316299999569
9711,204.61771039540815,328149759963,1,20.570294931530952,19.8683,20.559872,2.2043,23387,0.001024,4.143104,,0.042496,0.151808,0.000256,0.13183999999999998,0.0076799999999999993,0.011264,,0.002816,,6.961664,9711,3350,97,40.302659699999822
9712,204.64087089710884,328149958646,1,23.160502314567566,25.4176,20.580096,2.0794,16753,0.001024,3.9738879999999996,,0.042752,0.15103999999999998,0.000256,0.131328,0.007168,0.011007999999999999,,0.004352,,5.5820799999999995,9712,3351,97,40.325971100000061
9713,204.66074749858277,328150212822,1,19.876601174473763,21.2425,23.145984,2.066,16753,0.001024,4.168448,,0.040704,0.151552,0,0.132096,0.007424,0.012032,,0.0038399999999999997,,8.58624,9713,3352,97,40.345638300000246
9714,204.68489929846939,328150425247,1,24.151800200343132,19.6867,19.843328,2.257,16955,0.001024,4.152064,,0.03712,0.16,0,0.137216,0.007424,0.011007999999999999,,0.0038399999999999997,,6.552064,9714,3353,97,40.3698488
9715,204.70521209608842,328150622114,1,20.312797278165817,23.2696,24.130816,2.0398,16753,0.001024,4.363776,,0.827904,0.480512,0.000256,0.137984,0.0048639999999999994,0.020479999999999998,,0.002816,,9.25568,9715,3354,97,40.390368899999885
9716,204.72740729875284,328150854810,1,22.195203229784966,19.6932,20.29824,1.9892,16753,0.001024,4.153344,,0.043264,0.151552,0,0.133632,0.007168,0.010752,,0.0025599999999999998,,6.657792,9716,3355,97,40.412401999999929
9717,204.74888449546484,328151051742,1,21.477196365594864,24.1789,22.17472,2.0869,17000,0.001024,4.329728,,0.32128,0.151552,0.000256,0.13055999999999998,0.011007999999999999,0.011519999999999999,,0.003072,,7.526656,9717,3356,97,40.434615999999551
9718,204.77004499716551,328151293531,1,21.16050198674202,20.399,21.45024,2.1407,16753,0.001024,4.375552,,0.041984,0.42368,0,0.13977599999999998,0.0051199999999999996,0.015104,,0.003584,,7.026688,9718,3357,97,40.455578500000229
9719,204.79080890022675,328151497521,1,20.763903856277466,22.1115,21.14432,2.5609,51769,0.001024,4.32256,,0.039936,0.15001599999999998,0,0.130816,0.007424,0.011519999999999999,,0.003328,,7.095552,9719,3358,97,40.476333700000396
9720,204.81464370039683,328151718636,1,23.834800347685814,22.0978,19.624448,2.3041,16753,0.001024,4.2649599999999994,,0.040448,0.15001599999999998,0,0.130048,0.0076799999999999993,0.011007999999999999,,0.002816,,5.585152,9720,3359,97,40.499938799999654
9721,204.83574640022675,328151939614,1,21.102700382471085,21.0979,23.823616,2.159,16955,0.0012799999999999999,4.3706879999999995,,0.323584,0.445696,0,0.425216,0.0076799999999999993,0.012032,,0.003072,,7.45728,9721,3360,97,40.520883099999992
9722,204.85794659863944,328152150593,1,22.200198844075203,20.6371,21.081344,2.1393,16753,0.001024,4.33664,,0.038911999999999995,0.150272,0,0.131072,0.005632,0.011519999999999999,,0.002816,,7.192576,9722,3361,97,40.543072600000414
9723,204.88097429846937,328152356964,1,23.027699440717697,23.7211,22.162688,2.1403,16955,0.001024,4.2631679999999994,,0.040448,0.159488,0,0.131584,0.003072,0.012544,,0.004096,,6.8449279999999995,9723,3362,97,40.565872299999683
9724,204.90053959750566,328152594175,1,19.565299153327942,20.9642,23.016704,2.1597,118423,0.001024,4.377088,,0.03968,0.14899199999999999,0,0.131072,0.008704,0.010752,,0.002304,,8.49664,9724,3363,97,40.5858175000003
9725,204.92590359977322,328152803817,1,25.364002212882042,22.1064,19.541248,1.9605,16753,0.0012799999999999999,4.148992,,0.036864,0.151552,0.000256,0.132096,0.007424,0.010752,,0.003072,,6.0518399999999994,9725,3364,97,40.610921399999825
9726,204.94703369472788,328153024881,1,21.130094304680824,22.9495,25.349632,2.2879,16753,0.001024,4.3724799999999995,,0.036608,0.152064,0,0.13183999999999998,0.007424,0.011519999999999999,,0.002816,,8.5529599999999988,9726,3365,97,40.632354600000326
9727,204.96665779478457,328153254376,1,19.624099135398865,19.7324,21.11104,2.0799,16805,0.0012799999999999999,4.254464,,0.044031999999999995,0.15103999999999998,0,0.130816,0.0076799999999999993,0.012799999999999999,,0.002816,,6.109696,9727,3366,97,40.652154299999893
9728,204.98889949688208,328153451700,1,22.241702303290367,25.2661,19.603968,2.1816,17100,0.001024,4.143616,,0.036095999999999996,0.154368,0.000256,0.135936,0.008192,0.011007999999999999,,0.0038399999999999997,,7.8325759999999995,9728,3367,97,40.67400280000038
9729,205.01157039399092,328153704361,1,22.670896723866463,21.373,22.229504,2.2198,16753,0.001024,4.370176,,0.03968,0.15564799999999998,0,0.136192,0.007424,0.011776,,0.002816,,8.098048,9729,3368,97,40.696526099999573
9730,205.03235189909296,328153918091,1,20.7815058529377,19.7781,22.645504,2.1254,16753,0.001024,4.3732479999999994,,0.040959999999999996,0.152832,0.000256,0.13286399999999998,0.007424,0.012288,,0.003328,,8.1587199999999989,9730,3369,97,40.717408599999544
9731,205.0551549957483,328154115872,1,22.803096100687981,21.9141,20.763136,2.0893,16948,0.001024,4.143616,,0.043008,0.152576,0,0.13286399999999998,0.00896,0.011264,,0.002816,,5.6015359999999994,9731,3370,97,40.740130799999861
9732,205.07747169784579,328154335013,1,22.316701710224152,22.5801,22.772224,2.0911,16753,0.001024,4.379904,,0.041471999999999995,0.15103999999999998,0.000256,0.13183999999999998,0.007424,0.012544,,0.002816,,6.050304,9732,3371,97,40.76288409999961
9733,205.09799079506803,328154560814,1,20.519096404314041,20.7546,22.294528,2.1149,16955,0.0012799999999999999,4.36736,,0.04224,0.153856,0.000256,0.133376,0.007936,0.011264,,0.003328,,7.066624,9733,3372,97,40.782769299999927
9734,205.11989759778911,328154768360,1,21.90680243074894,22.8126,20.506624,2.2997,16753,0.001024,4.373504,,0.039168,0.14848,0,0.128512,0.0038399999999999997,0.011007999999999999,,0.003072,,6.803456,9734,3373,97,40.80616579999969
9735,205.1439308956916,328154996486,1,24.033298715949059,22.6183,21.737984,1.9741,23387,0.001024,4.373504,,0.039168,0.14848,0,0.128512,0.0038399999999999997,0.011007999999999999,,0.003072,,6.803456,9735,3374,97,40.8291820000004
9736,205.165914696712,328155222669,1,21.983800455927849,20.0703,24.009984,2.3232,16753,0.001024,4.1717759999999995,,0.355072,0.14899199999999999,0,0.12928,0.0051199999999999996,0.011776,,0.0038399999999999997,,5.917184,9736,3375,97,40.852320400000281
9737,205.18822859977323,328155423372,1,22.313902154564857,22.679,21.965568,2.2193,17007,0.001024,4.2516479999999994,,0.040959999999999996,0.15103999999999998,0,0.131328,0.007168,0.012544,,0.0038399999999999997,,7.168512,9737,3376,97,40.873684799999864
9738,205.2084875,328155650162,1,20.25889977812767,23.4836,22.298112,2.2311,22732,0.001024,4.358144,,0.037888,0.153856,0,0.134656,0.0076799999999999993,0.011776,,0.002816,,7.0712319999999993,9738,3377,97,40.89376749999974
9739,205.23201690051019,328155884998,1,23.529401049017906,23.1258,20.237568,2.0398,16753,0.001024,4.374016,,0.03584,0.150528,0,0.131072,0.007936,0.011519999999999999,,0.0025599999999999998,,6.649088,9739,3378,97,40.917100599999685
9740,205.25166229450113,328156116256,1,19.645394757390022,21.5486,23.498752,2.0812,16753,0.001024,4.38016,,0.03968,0.154368,0,0.13516799999999998,0.010239999999999999,0.011519999999999999,,0.003328,,5.9256319999999993,9740,3379,97,40.936517899999671
9741,205.2758341978458,328156331742,1,24.171903729438782,19.8882,19.61984,2.1212,16753,0.001024,4.3653119999999994,,0.036095999999999996,0.15795199999999998,0,0.13414399999999999,0.012032,0.011776,,0.003072,,6.9772799999999995,9741,3380,97,40.961618100000123
9742,205.29737519841268,328156530624,1,21.54100127518177,23.5473,24.168704,2.0575,17100,0.001024,4.33536,,0.041471999999999995,0.15488,0,0.134912,0.007424,0.011519999999999999,,0.0038399999999999997,,8.166144,9742,3381,97,40.982465000000047
9743,205.31522819586166,328156766097,1,17.852997407317162,19.3274,21.481216,2.3289,16753,0.001024,4.374016,,0.042496,0.153088,0.000256,0.13312,0.007424,0.011007999999999999,,0.004096,,7.132928,9743,3382,97,41.000329299999976
9744,205.33663480017006,328156959371,1,21.40660397708416,25.0737,17.87136,2.0507,16753,0.001024,4.26752,,0.0384,0.150528,0.000256,0.13055999999999998,0.007424,0.011776,,0.0025599999999999998,,5.017344,9744,3383,97,41.02181070000006
9745,205.35909049744896,328157210108,1,22.455697879195213,20.9212,21.389056,2.1348,16753,0.001024,3.983872,,0.319744,0.149504,0,0.130048,0.003328,0.012288,,0.003328,,7.103488,9745,3384,97,41.043972000000394
9746,205.38141889880953,328157419320,1,22.328400984406471,17.9274,22.436864,2.0655,17150,0.001024,4.1876479999999994,,0.039424,0.152576,0,0.133888,0.007168,0.011776,,0.0038399999999999997,,6.8820479999999993,9746,3385,97,41.066645099999732
9747,205.40378459467118,328157598594,1,22.365696728229523,21.3908,22.301952,2.0535,16805,0.001024,4.3750399999999994,,0.036608,0.152064,0,0.132096,0.003072,0.012288,,0.003072,,6.796544,9747,3386,97,41.088783999999578
9748,205.42593189484126,328157812502,1,22.147299721837044,22.2901,22.333952,2.3404,16753,0.001024,4.3706879999999995,,0.043008,0.158976,0,0.13977599999999998,0.0076799999999999993,0.012032,,0.0025599999999999998,,5.907712,9748,3387,97,41.110846999999922
9749,205.44576969954647,328158035403,1,19.837804138660431,22.3909,22.13632,2.0236,16753,0.001024,4.141824,,0.036095999999999996,0.14848,0,0.128768,0.007168,0.012288,,0.002816,,6.9672959999999993,9749,3388,97,41.13154940000004
9750,205.46720489654194,328158259312,1,21.435197442770004,22.4011,19.815168,2.069,16753,0.001024,4.369152,,0.041471999999999995,0.15334399999999998,0,0.13286399999999998,0.007424,0.010752,,0.0025599999999999998,,6.367744,9750,3389,97,41.152124299999741
9751,205.48845639880952,328158483323,1,21.251501515507698,22.0413,21.432064,2.2605,16955,0.001024,4.276736,,0.036351999999999995,0.152832,0,0.133376,0.007424,0.010752,,0.003072,,5.953024,9751,3390,97,41.173370100000284
9752,205.51102169784579,328158703736,1,22.565299645066261,20.6647,21.227264,2.0871,16753,0.001024,4.325888,,0.044031999999999995,0.450048,0,0.43007999999999996,0.003584,0.01664,,0.0038399999999999997,,7.6864,9752,3391,97,41.195788699999866
9753,205.53260080073696,328158910383,1,21.579103544354439,20.6265,22.53568,2.011,16948,0.001024,3.9854079999999996,,0.338688,0.155136,0,0.1344,0.0076799999999999993,0.011519999999999999,,0.003328,,7.214848,9753,3392,97,41.218071500000406
9754,205.554776098356,328159116648,1,22.175297141075134,21.2497,21.559552,1.9438,16753,0.001024,4.329472,,0.037376,0.150272,0,0.130048,0.007424,0.012032,,0.003584,,5.738752,9754,3393,97,41.239847499999996
9755,205.57699059665532,328159329145,1,22.214498370885849,22.434,22.163712,2.148,16753,0.001024,4.2631679999999994,,0.042752,0.152064,0,0.132352,0.003328,0.012288,,0.004096,,5.874944,9755,3394,97,41.2620608999996
9756,205.59814719387754,328159553485,1,21.156597882509232,22.1955,22.184448,2.0375,16955,0.001024,4.370944,,0.036351999999999995,0.157184,0,0.13183999999999998,0.003584,0.010752,,0.002816,,7.3937919999999995,9756,3395,97,41.283427700000175
9757,205.62115929705215,328159775440,1,23.012103512883186,21.8487,21.138176,2.1085,16805,0.001024,4.342528,,0.331264,0.152064,0.000256,0.132352,0.007936,0.011264,,0.004096,,5.9453439999999995,9757,3396,97,41.306372299999566
9758,205.64219169501132,328159993927,1,21.032398566603661,22.196,22.989056,1.9879,23387,0.001024,4.143872,,0.037376,0.49817599999999995,0,0.47820799999999997,0.029183999999999998,0.011519999999999999,,0.004352,,7.1787519999999994,9758,3397,97,41.327702499999759
9759,205.66457479450114,328160215887,1,22.383099421858788,21.3225,21.003264,2.0013,16753,0.001024,4.370944,,0.036095999999999996,0.151808,0.000256,0.13312,0.007168,0.012288,,0.0038399999999999997,,5.572096,9759,3398,97,41.349693000000116
9760,205.68307549603173,328160429112,1,18.500702455639839,22.6735,22.379264,2.066,17150,0.001024,4.264704,,0.044288,0.155136,0,0.134656,0.007424,0.012288,,0.002816,,5.8849279999999995,9760,3399,97,41.3680574
9761,205.70524649943309,328160655847,1,22.171003744006157,21.6701,18.478592,2.084,16753,0.001024,3.989248,,0.047104,0.32,0.000256,0.136704,0.00896,0.012544,,0.0038399999999999997,,5.01504,9761,3400,97,41.39005139999972
9762,205.72964139739227,328160872548,1,24.394897744059563,21.964,22.148352,2.0151,16753,0.001024,4.1451519999999995,,0.042496,0.151552,0,0.13183999999999998,0.007168,0.011264,,0.003584,,6.521856,9762,3401,97,41.415449699999954
9763,205.75197069869614,328161092188,1,22.32930064201355,18.2783,24.384768,2.0043,16753,0.001024,4.375552,,0.887552,0.15231999999999998,0,0.13183999999999998,0.007424,0.012032,,0.004096,,9.254912,9763,3402,97,41.437286100000165
9764,205.77373740079364,328161274971,1,21.766701713204384,22.0547,22.295808,2.3355,16753,0.001024,4.143616,,0.038911999999999995,0.151808,0,0.13183999999999998,0.007424,0.011776,,0.003072,,7.2391679999999994,9764,3403,97,41.458985299999767
9765,205.79661420068027,328161495518,1,22.8767991065979,25.2508,21.746688,2.257,16955,0.001024,3.99104,,0.042496,0.155392,0,0.13568,0.007424,0.011519999999999999,,0.003584,,8.5957119999999989,9765,3404,97,41.481711600000381
9766,205.81782479450112,328161748026,1,21.210594102740288,21.955,22.862336,2.202,16753,0.001024,4.3182079999999994,,0.041728,0.15564799999999998,0,0.13568,0.007424,0.015104,,0.0025599999999999998,,6.131968,9766,3405,97,41.502898699999605
9767,205.8383887967687,328161967576,1,20.56400291621685,21.6099,21.197568,2.093,17000,0.001024,4.175616,,0.043008,0.14976,0,0.130048,0.007424,0.012288,,0.003328,,8.168704,9767,3406,97,41.523583799999869
9768,205.85963249716553,328162183675,1,21.243700757622719,22.8387,20.542208,2.0765,16753,0.001024,4.259328,,0.041471999999999995,0.148224,0,0.128768,0.007424,0.010752,,0.002816,,7.543552,9768,3407,97,41.544571800000085
9769,205.882355194161,328162412062,1,22.722696885466576,21.1724,21.215488,2.121,16955,0.001024,4.185344,,0.824832,0.148224,0,0.129024,0.007424,0.011776,,0.003072,,7.2832,9769,3408,97,41.567073399999572
9770,205.90337899659863,328162623786,1,21.02380245923996,20.6015,22.706944,2.0074,16753,0.001024,4.367616,,0.038911999999999995,0.154112,0,0.134656,0.008192,0.010496,,0.002816,,5.9133439999999995,9770,3409,97,41.588224199999786
9771,205.92151669501132,328162829801,1,18.137698993086815,21.1454,21.007104,1.986,16753,0.001024,4.246016,,0.039424,0.158464,0.000256,0.13644799999999999,0.007424,0.012288,,0.004096,,6.948352,9771,3410,97,41.606316399999741
9772,205.94282179705215,328163041255,1,21.305102854967117,22.5139,18.112,1.9468,16753,0.001024,4.340736,,0.040192,0.154112,0,0.134656,0.007168,0.012799999999999999,,0.004352,,5.019136,9772,3411,97,41.62832249999974
9773,205.96557529761904,328163266394,1,22.753501310944557,21.1547,21.28512,2.0034,16753,0.001024,4.332288,,0.34176,0.1536,0,0.132608,0.007424,0.011776,,0.003072,,6.327552,9773,3412,97,41.650948299999982
9774,205.98622809665531,328163477941,1,20.652798935770988,18.1017,22.742272,2.2847,16955,0.001024,4.178432,,0.624896,0.14899199999999999,0,0.128768,0.007424,0.012288,,0.0038399999999999997,,7.1662079999999992,9774,3413,97,41.671527499999684
9775,206.00886719812925,328163658958,1,22.63910137116909,21.7904,20.630784,2.1765,16948,0.001024,4.1646079999999994,,0.0384,0.1536,0,0.13414399999999999,0.0076799999999999993,0.011519999999999999,,0.002816,,5.58976,9775,3414,97,41.693913000000066
9776,206.02917549603174,328163876862,1,20.308297127485275,22.7469,22.628352,2.3302,16753,0.003584,4.33024,,0.036608,0.1536,0,0.133888,0.007424,0.012288,,0.002816,,7.2179199999999994,9776,3415,97,41.714203300000008
9777,206.05111049461451,328164104331,1,21.934999153017998,20.4182,20.272384,2.1157,16805,0.001024,4.183552,,0.03712,0.14899199999999999,0.000256,0.130304,0.007936,0.010752,,0.002304,,7.8092799999999993,9777,3416,97,41.736399000000347
9778,206.075730194161,328164308513,1,24.619700387120247,22.5667,21.93152,1.9479,16753,0.001024,4.134144,,0.036608,0.155904,0,0.13644799999999999,0.003584,0.011776,,0.002816,,7.041536,9778,3417,97,41.7606566000004
9779,206.09538300028345,328164534180,1,19.652806222438812,20.3298,24.591104,2.0669,139952,0.001024,4.257792,,0.041215999999999996,0.14976,0.000256,0.131328,0.007424,0.011007999999999999,,0.004096,,9.193984,9779,3418,97,41.780549199999768
9780,206.11586619897957,328164737478,1,20.483199506998062,22.0534,19.629824,2.1911,161146,0.001024,3.9846399999999997,,0.042752,0.153088,0,0.133376,0.010752,0.011264,,0.003328,,6.6414079999999993,9780,3419,97,41.801209500000368
9781,206.13757689909295,328164958012,1,21.710699424147606,24.354,20.470784,2.2283,82043,0.001024,4.264448,,0.041215999999999996,0.159744,0,0.139008,0.0076799999999999993,0.011776,,0.003328,,5.2170239999999994,9781,3420,97,41.823216499999944
9782,206.15556089852606,328165201552,1,17.983999103307724,19.8598,21.622528,2.1917,88872,0.001024,4.332288,,0.204288,0.150784,0.000256,0.131328,0.007936,0.010752,,0.002816,,6.8866559999999994,9782,3421,97,41.840685199999825
9783,206.1789751984127,328165400150,1,23.414300754666328,20.6717,18.025216,2.2041,47103,0.001024,4.365568,,0.32972799999999997,0.1536,0,0.13414399999999999,0.007424,0.011519999999999999,,0.0025599999999999998,,5.0119679999999995,9783,3422,97,41.864129100000355
9784,206.19846070011337,328165606867,1,19.485501572489738,21.578,23.389184,2.0924,16753,0.001024,4.163328,,0.038911999999999995,0.15231999999999998,0,0.13312,0.007936,0.010752,,0.002816,,6.7363839999999993,9784,3423,97,41.883576299999731
9785,206.22403650085033,328165822647,1,25.575799867510796,17.923,19.483392,2.2452,16753,0.001024,4.375296,,0.043775999999999995,0.152832,0,0.13312,0.007936,0.012288,,0.003328,,5.743104,9785,3424,97,41.909335199999987
9786,206.24708059807256,328166001877,1,23.044096305966377,23.3546,25.550336,2.1047,16753,0.001024,4.2685439999999994,,0.041984,0.152576,0,0.132608,0.007424,0.012799999999999999,,0.004096,,7.85792,9786,3425,97,41.932236800000283
9787,206.26676979875282,328166235423,1,19.689200446009636,19.4632,23.02976,2.1503,16805,0.001024,4.324352,,0.046848,0.15231999999999998,0,0.13286399999999998,0.007424,0.013312,,0.003328,,5.92,9787,3426,97,41.95169100000021
9788,206.28929309807256,328166430055,1,22.523298859596252,25.724,19.6544,2.0745,16955,0.001024,4.259072,,0.035584,0.1536,0.000256,0.135424,0.0076799999999999993,0.011007999999999999,,0.0038399999999999997,,7.103744,9788,3427,97,41.974109099999623
9789,206.31144889455783,328166687295,1,22.155797109007835,23.0474,22.511104,2.1417,16948,0.001024,4.256,,0.61849599999999993,0.150784,0,0.129792,0.003072,0.012544,,0.003328,,7.5589119999999994,9789,3428,97,41.996212199999718
9790,206.33321759495465,328166917769,1,21.768700331449509,19.409,22.141696,2.1254,16753,0.001024,4.2631679999999994,,0.040704,0.1536,0,0.13312,0.0097279999999999988,0.011519999999999999,,0.002816,,8.60032,9790,3429,97,42.018017100000179
9791,206.35553819444445,328167111859,1,22.320600226521492,22.4557,21.74208,1.9544,34324,0.001024,4.338944,,0.040704,0.154112,0,0.134656,0.007424,0.011776,,0.003328,,6.1575679999999995,9791,3430,97,42.040318600000319
9792,206.37762379535147,328167336416,1,22.085601463913918,22.1495,22.308608,2.1417,31138,0.001024,3.974144,,0.040959999999999996,0.157696,0,0.13414399999999999,0.007424,0.010752,,0.0025599999999999998,,5.404672,9792,3431,97,42.062750699999924
9793,206.39847949971656,328167557911,1,20.855704322457314,21.8018,22.061312,1.9161,102662,0.0012799999999999999,4.145408,,0.040959999999999996,0.151552,0.000256,0.131584,0.007424,0.010239999999999999,,0.002816,,7.446272,9793,3432,97,42.083711399999629
9794,206.41827599914964,328167775929,1,19.796499982476234,22.1702,20.833536,2.1006,16753,0.001024,4.338432,,0.041984,0.152576,0,0.13312,0.007424,0.011007999999999999,,0.003072,,5.9194879999999994,9794,3433,97,42.1028796999999
9795,206.44219059665531,328167997631,1,23.914597928524017,22.4935,19.771904,2.1393,16753,0.001024,4.2534399999999994,,0.034048,0.147968,0,0.12928,0.0084479999999999989,0.011007999999999999,,0.003584,,6.830848,9795,3434,97,42.127188299999943
9796,206.4644343962585,328168222566,1,22.2437996417284,20.9754,23.8976,1.9518,16948,0.001024,4.2764799999999994,,0.040192,0.152064,0.000256,0.13286399999999998,0.007424,0.011776,,0.004096,,6.387712,9796,3435,97,42.14949820000038
9797,206.48597419926304,328168432320,1,21.539803594350815,19.23,22.21952,2.1299,17152,0.001024,4.1487359999999995,,0.040959999999999996,0.152064,0.000256,0.132608,0.007936,0.010752,,0.0038399999999999997,,7.245568,9797,3436,97,42.171461799999634
9798,206.50579359410429,328168624620,1,19.819395616650581,24.1329,21.526528,2.0796,16753,0.001024,4.1620479999999995,,0.04224,0.156416,0,0.136704,0.007424,0.012544,,0.0038399999999999997,,7.147008,9798,3437,97,42.190466199999719
9799,206.52875759637186,328168865949,1,22.964002564549446,22.3737,19.793152,2.0729,16753,0.001024,4.262912,,0.043775999999999995,0.154112,0,0.133888,0.007424,0.011264,,0.002816,,6.7791359999999994,9799,3438,97,42.214281499999743
9800,206.54858639455782,328169089686,1,19.8287982493639,21.803,22.93504,2.0482,16753,0.001024,4.138752,,0.0384,0.145152,0,0.12723199999999998,0.007424,0.011007999999999999,,0.003584,,9.1834879999999988,9800,3439,97,42.233525499999814
9801,206.57334319727892,328169307716,1,24.756802245974541,19.2735,19.817216,2.1558,16753,0.010496,4.2455039999999995,,0.038655999999999996,0.15334399999999998,0.000256,0.133376,0.0076799999999999993,0.011007999999999999,,0.004096,,5.593344,9801,3440,97,42.259235599999556
9802,206.59411559665531,328169500451,1,20.772399380803108,23.7752,24.728576,2.0817,16955,0.001024,4.271104,,0.035584,0.15488,0.000256,0.13516799999999998,0.007424,0.012288,,0.0038399999999999997,,8.28416,9802,3441,97,42.279283599999872
9803,206.61646189767572,328169738203,1,22.346301004290581,19.1654,20.745984,2.2971,16948,0.001024,4.319488,,0.044544,0.15462399999999998,0,0.135936,0.007424,0.011776,,0.003072,,5.968896,9803,3442,97,42.301489899999979
9804,206.63428579931971,328169929857,1,17.823901027441025,25.6008,22.330112,2.3175,16753,0.001024,4.25472,,0.041728,0.152576,0,0.132608,0.007424,0.012032,,0.004096,,7.538176,9804,3443,97,42.320435599999655
9805,206.65637449688208,328170185865,1,22.088697180151939,20.1571,17.803264,2.0836,16753,0.001024,4.258048,,0.039424,0.45644799999999996,0,0.4352,0.007424,0.011776,,0.0038399999999999997,,5.017088,9805,3444,97,42.342337500000212
9806,206.68205710034013,328170387436,1,25.6826039403677,22.2247,22.076672,2.1673,23589,0.001024,4.2472959999999995,,0.038655999999999996,0.14848,0,0.129024,0.009984,0.011264,,0.0025599999999999998,,6.6611199999999995,9806,3445,97,42.367095300000074
9807,206.70316969954646,328170609683,1,21.112598478794098,18.8264,25.668864,2.3189,22589,0.001024,4.261632,,0.041215999999999996,0.150784,0,0.130816,0.007424,0.011007999999999999,,0.0038399999999999997,,7.365888,9807,3446,97,42.389131799999632
9808,206.72373650085032,328170797947,1,20.566800609230995,21.7646,21.085696,2.1196,16753,0.001024,3.97952,,0.041471999999999995,0.154112,0,0.13414399999999999,0.003072,0.011007999999999999,,0.003584,,5.902848,9808,3447,97,42.409205300000394
9809,206.74697419926304,328171015593,1,23.237697780132294,25.0454,20.56064,2.7443,16753,0.001024,4.374016,,0.040448,0.151552,0,0.131584,0.007424,0.011007999999999999,,0.0038399999999999997,,5.7774079999999994,9809,3448,97,42.43209509999997
9810,206.76675819869612,328171266047,1,19.783999770879745,21.7652,23.2192,2.2043,16948,0.001024,4.142848,,0.038655999999999996,0.147968,0.000256,0.12928,0.003584,0.012799999999999999,,0.003328,,5.9072,9810,3449,97,42.451905400000214
9811,206.79225239512471,328171483699,1,25.494195520877838,20.2619,19.748352,2.0059,17100,0.001024,4.369664,,0.039424,0.1536,0.000256,0.13516799999999998,0.005632,0.011007999999999999,,0.003328,,7.139072,9811,3450,97,42.477720599999884
9812,206.81193059807256,328171686318,1,19.678203389048576,22.952,25.164288,2.1069,16753,0.001024,4.3653119999999994,,0.60006399999999993,0.14976,0,0.129792,0.007424,0.011776,,0.003072,,7.8315519999999994,9812,3451,97,42.498333499999717
9813,206.8361343962585,328171915838,1,24.203797802329063,19.8609,19.644416,2.2836,16753,0.001024,4.1797119999999994,,0.038655999999999996,0.15462399999999998,0,0.134656,0.007424,0.012032,,0.002816,,6.0705279999999995,9813,3452,97,42.521278799999891
