observation_frame,unscaled_time,frame_timing_timestamp,segment,"frame_interval_ms","cpu_frame_ms","gpu_frame_ms","cpu_render_thread_ms","gc_allocated_in_editor_frame_bytes","VSM.LayoutRemap_gpu_ms","VSM.Allocate_gpu_ms","VSM.InvalidateStatic_gpu_ms","VSM.ClearPhysicalPages_gpu_ms","VSM.StaticCasterCull_gpu_ms","VSM.DynamicCasterCull_gpu_ms","VSM.PageCull_gpu_ms","VSM.StaticRaster_gpu_ms","VSM.DynamicRaster_gpu_ms","VSM.UnityCompatibilityRaster_gpu_ms","VSM.FinalizePages_gpu_ms","VSM.ResetFeedback_gpu_ms","VSM.ResolveAndFeedback_gpu_ms",observed_camera_frame,observed_camera_serial,window_repaint_count,seconds_since_window_repaint
10281,217.0313410005669,328273900547,1,22.85420149564743,23.919,19.17312,2.4035,16753,0.001024,4.1592319999999994,,0.036351999999999995,0.151808,0,0.13312,0.0051199999999999996,0.010752,,0.002304,,5.3253119999999994,10281,3920,136,0.19518440000047121
10282,217.05488579931972,328274139737,1,23.5447995364666,21.4374,22.848512,2.3479,16805,0.001024,4.131072,,0.03712,0.145664,0,0.12723199999999998,0.007936,0.011007999999999999,,0.002816,,7.068928,10282,3921,136,0.21789910000006785
10283,217.07699529478458,328274354111,1,22.109495475888252,17.8685,23.539712,2.4514,16753,0.001024,3.9808,,0.214272,0.15103999999999998,0,0.131328,0.007424,0.011776,,0.003072,,7.177472,10283,3922,136,0.24047859999973298
10284,217.0980913973923,328274532796,1,21.096102893352509,23.4143,22.081792,2.116,46575,0.001024,4.196864,,0.337152,0.149504,0.000256,0.130048,0.007168,0.011776,,0.004096,,7.1610879999999995,10284,3923,137,0.0038209000003917026
10285,217.11965890022674,328274766939,1,21.567502990365028,22.7627,21.071104,2.414,16753,0.001024,4.262656,,0.045824,0.14976,0.000256,0.13055999999999998,0.0051199999999999996,0.012032,,0.003328,,5.976576,10285,3924,137,0.024496699999872362
10286,217.14295569727889,328274994566,1,23.296797648072243,22.4533,21.550592,0.5951,16948,0.001024,4.368128,,0.040192,0.152832,0,0.132608,0.0076799999999999993,0.010752,,0.0038399999999999997,,6.7852799999999993,10286,3925,137,0.047707900000204972
10287,217.16528799603174,328275219099,1,22.332299500703812,21.6908,0.041472,2.1455,16753,0.001024,4.135168,,0.327424,0.14899199999999999,0,0.12928,0.007424,0.011776,,0.0025599999999999998,,6.496512,10287,3926,137,0.0697267000005013
10288,217.187325,328275436007,1,22.037003189325333,20.71,22.32064,2.1818,16955,0.001024,4.1638399999999995,,0.037632,0.44723199999999996,0,0.42675199999999996,0.007424,0.011776,,0.003328,,7.28832,10288,3927,137,0.092339300000276126
10289,217.20576619897957,328275643107,1,18.441198393702507,23.1201,22.01344,2.0321,22554,0.001024,3.985664,,0.038144,0.14771199999999998,0,0.127744,0.007424,0.011519999999999999,,0.003072,,5.8795519999999994,10289,3928,137,0.11192709999977524
10290,217.22991669501133,328275874308,1,24.15049634873867,22.1647,18.422272,2.4342,16753,0.001024,4.256768,,0.037888,0.150784,0,0.130816,0.007424,0.010752,,0.003072,,5.8734079999999995,10290,3929,137,0.13480429999981425
10291,217.24880729875284,328276095955,1,18.890604376792908,22.4145,24.144128,2.9394,16753,0.001024,4.361472,,0.043519999999999996,0.14899199999999999,0.000256,0.12953599999999998,0.007424,0.011264,,0.0025599999999999998,,9.20192,10291,3930,137,0.15347430000019813
10292,217.27081979875283,328276320100,1,22.0125000923872,19.3625,18.866432,2.4086,16805,0.001024,3.974144,,0.035328,1.7674239999999999,0.0097279999999999988,1.7454079999999998,0.026879999999999998,0.000256,,0.0097279999999999988,,6.043136,10292,3931,137,0.17546310000034282
10293,217.29163429705216,328276513725,1,20.814498886466026,23.2128,21.99296,2.0526,17295,0.0012799999999999999,4.252416,,0.345344,0.44851199999999997,0.000256,0.131072,0.27289599999999997,0.012032,,0.002816,,7.041536,10293,3932,137,0.19626520000019809
10294,217.31153129960316,328276745853,1,19.897002726793289,18.6996,20.785152,2.1051,16753,0.001024,4.270848,,0.041215999999999996,0.14771199999999998,0,0.127488,0.0076799999999999993,0.011776,,0.003072,,7.2276479999999994,10294,3933,137,0.21676970000044093
10295,217.33377029478459,328276932849,1,22.238995879888535,22.0337,19.876096,2.1997,16753,0.001024,4.371456,,0.361728,0.153856,0.000256,0.129792,0.007424,0.011519999999999999,,0.004352,,5.5925759999999993,10295,3934,137,0.23833809999996447
10296,217.3547690972222,328277153186,1,20.998802036046982,20.791,22.227968,2.8103,43465,0.001024,4.1512959999999994,,0.043264,0.15001599999999998,0,0.13055999999999998,0.0076799999999999993,0.012032,,0.002816,,8.338944,10296,3935,138,0.0034517999993113335
10297,217.3756924957483,328277361096,1,20.923398435115814,20.1833,20.980736,2.2728,16753,0.001024,4.163584,,0.040704,0.15129599999999999,0.000256,0.13183999999999998,0.007424,0.011007999999999999,,0.002816,,6.7686399999999995,10297,3936,138,0.024733399999604444
10298,217.39715239512472,328277562929,1,21.459899842739105,21.8861,20.898304,0.4751,23589,0.001024,4.163584,,0.040704,0.15129599999999999,0.000256,0.13183999999999998,0.007424,0.011007999999999999,,0.002816,,6.7686399999999995,10298,3937,138,0.045486499999242369
10299,217.41964789540816,328277781790,1,22.49550074338913,21.6391,0.03968,2.2061,16753,0.001024,4.160768,,0.043519999999999996,0.152064,0.000256,0.13286399999999998,0.007424,0.013824,,0.004096,,6.058496,10299,3938,138,0.0684237999994366
10300,217.439051098356,328277998181,1,19.403202459216118,20.4989,22.477056,2.3096,16753,0.006144,4.257792,,0.040959999999999996,0.147968,0,0.128768,0.007424,0.012544,,0.004096,,5.8964479999999995,10300,3939,138,0.087116400000013527
10301,217.46120549886621,328278203170,1,22.154400125145912,21.5522,19.38048,2.4969,16948,0.001024,4.152832,,0.042496,0.155392,0,0.135424,0.007424,0.012288,,0.002816,,5.019136,10301,3940,138,0.10920729999998002
10302,217.48137670068027,328278418692,1,20.171202719211578,22.7753,22.14016,2.063,16805,0.001024,4.344576,,0.040959999999999996,0.151808,0,0.133888,0.007168,0.011007999999999999,,0.0025599999999999998,,6.459904,10302,3941,138,0.13030189999972208
10303,217.50328249716551,328278646445,1,21.905796602368355,18.8855,20.147456,2.1679,16955,0.001024,4.328192,,0.037376,0.150528,0,0.131072,0.0076799999999999993,0.011776,,0.003584,,5.59104,10303,3942,138,0.15124719999948866
10304,217.52411169926302,328278835300,1,20.829202607274055,22.0688,21.89312,2.6325,16753,0.001024,4.3328,,0.210688,0.147968,0.000256,0.128512,0.007424,0.012032,,0.002816,,6.8538879999999995,10304,3943,138,0.17219699999986915
10305,217.5437738945578,328279055988,1,19.662195816636086,20.6938,20.806912,1.94,16753,0.001024,4.150016,,0.044544,0.150528,0,0.13055999999999998,0.003072,0.011776,,0.003072,,5.584128,10305,3944,138,0.20503659999940282
10306,217.56765429421768,328279262926,1,23.880399763584137,21.3955,19.644416,1.9695,92134,0.001024,4.150016,,0.044544,0.150528,0,0.13055999999999998,0.003072,0.011776,,0.003072,,5.584128,10306,3945,138,0.21804679999968357
10307,217.58893390022675,328279476881,1,21.279605105519295,20.8477,23.873792,2.2903,17837,0.001024,4.3325439999999995,,0.040448,0.15462399999999998,0,0.134912,0.007424,0.013312,,0.002816,,8.6791679999999989,10307,3946,138,0.23866550000002462
10308,217.60996240079365,328279685358,1,21.02850005030632,19.3863,21.252096,0.3059,43892,0.0012799999999999999,4.132864,,0.041215999999999996,0.151808,0,0.132096,0.011264,0.012032,,0.004096,,5.767936,10308,3947,139,0.0039404999997714185
10309,217.6323343962585,328279879221,1,22.371996194124222,26.2416,0.03072,0.2166,16985,0.001024,4.144384,,0.040704,0.14976,0,0.129792,0.007424,0.013056,,0.003072,,6.544128,10309,3948,139,0.025831099999777507
10310,217.65345319586166,328280141637,1,21.118799224495888,20.6675,0.027648,0.5266,16985,0.001024,4.371712,,0.90547199999999994,0.150528,0.000256,0.129792,0.007424,0.012032,,0.003584,,7.42144,10310,3949,139,0.047118099999352125
10311,217.67275119756235,328280348312,1,19.298002123832703,20.8894,0.038656,2.3408,16985,0.001024,4.3645439999999995,,0.0384,0.152576,0,0.13286399999999998,0.007936,0.012544,,0.003072,,6.906624,10311,3950,139,0.0654313999993974
10312,217.69572499999998,328280557206,1,22.97380194067955,21.814,19.267328,2.2938,17239,0.0012799999999999999,4.2516479999999994,,0.043775999999999995,0.147968,0.000256,0.127744,0.007424,0.011007999999999999,,0.003584,,5.015808,10312,3951,139,0.088330499999756285
10313,217.7164852962018,328280775346,1,20.760295912623405,21.5007,22.96064,2.3789,16985,0.001024,4.3351039999999994,,1.227776,0.154112,0.000256,0.1344,0.007424,0.011519999999999999,,0.003328,,5.529856,10313,3952,139,0.10895960000016203
10314,217.73787109552154,328280990353,1,21.3858000934124,18.3556,20.74368,2.3933,16985,0.001024,4.373504,,0.036608,0.150528,0,0.13183999999999998,0.0076799999999999993,0.010752,,0.003328,,5.327872,10314,3953,139,0.13081090000014228
10315,217.75740359977323,328281173909,1,19.532503560185432,22.9303,21.315072,2.1526,16985,0.001024,4.251392,,0.042752,0.14976,0,0.130304,0.007424,0.011519999999999999,,0.003072,,5.8831359999999995,10315,3954,139,0.15007449999939126
10316,217.78120689484126,328281403212,1,23.803295567631721,20.6658,19.55968,2.2748,17180,0.001024,3.977216,,0.043264,0.15001599999999998,0.000256,0.13055999999999998,0.007424,0.011519999999999999,,0.004096,,6.564864,10316,3955,139,0.17374289999952452
10317,217.8003479946145,328281609870,1,19.141100347042084,21.6507,23.7824,2.0822,17187,0.0012799999999999999,4.175616,,0.040448,0.15334399999999998,0.000256,0.13312,0.010496,0.011776,,0.004352,,7.65056,10317,3956,139,0.19265199999972538
10318,217.82289579790248,328281826377,1,22.547803819179535,19.4293,19.121664,2.4388,16985,0.001024,4.254208,,0.044031999999999995,0.149248,0,0.12928,0.0076799999999999993,0.011264,,0.003584,,6.373632,10318,3957,139,0.21521219999976893
10319,217.84351879960317,328282020670,1,20.623002201318741,23.6728,22.533376,2.2695,16985,0.001024,4.1459199999999994,,0.040959999999999996,0.15462399999999998,0,0.133632,0.007168,0.011264,,0.003072,,6.4860159999999993,10319,3958,139,0.23614139999972394
10320,217.86721989795919,328282257398,1,23.701097816228867,18.9565,19.655936,2.2259,43697,0.0012799999999999999,4.369152,,0.040448,0.150272,0,0.130048,0.007424,0.012799999999999999,,0.0025599999999999998,,5.570304,10320,3959,140,0.0035105999995721504
10321,217.88847659438775,328282446963,1,21.256696432828903,22.5521,23.683584,2.0898,17187,0.001024,3.9810559999999997,,0.041215999999999996,0.150784,0,0.130816,0.007424,0.012288,,0.002816,,7.130624,10321,3960,140,0.024937899999713409
10322,217.90947410005668,328282672484,1,20.997505635023117,20.8562,21.231872,0.4824,23671,0.001024,4.1472,,0.041984,0.148736,0,0.12928,0.007168,0.012288,,0.003328,,6.060032,10322,3961,140,0.04562409999925876
10323,217.93213509778911,328282881046,1,22.660998627543449,24.2205,0.041984,2.369,17180,0.001024,4.160512,,0.039424,0.14848,0.000256,0.12928,0.007424,0.011519999999999999,,0.003072,,6.706688,10323,3962,140,0.068910699999833014
10324,217.95271829648524,328283123251,1,20.583199337124825,21.028199999999998,22.63296,2.3236,21077,0.001024,3.990016,,0.036095999999999996,0.15129599999999999,0,0.131584,0.007168,0.011776,,0.003584,,7.235328,10324,3963,140,0.089598499999738124
10325,217.97590440051019,328283333533,1,23.186104372143745,21.0523,20.566784,2.9386,16985,0.001024,3.9726079999999997,,0.03968,0.146176,0.000256,0.126976,0.007424,0.010496,,0.0025599999999999998,,6.858496,10325,3964,140,0.11211479999928997
10326,217.9953567956349,328283544056,1,19.452394917607307,23.2177,23.170048,2.4193,17187,0.001024,4.150272,,0.042752,0.149504,0.000256,0.129024,0.0076799999999999993,0.013568,,0.003584,,7.322368,10326,3965,140,0.13256119999914517
10327,218.01640319586167,328283776233,1,21.04640007019043,20.5402,19.435776,2.5393,16985,0.001024,4.250368,,0.046079999999999996,0.14976,0,0.13055999999999998,0.003584,0.010752,,0.002816,,6.275072,10327,3966,140,0.15250829999968118
10328,218.0416678004535,328283981635,1,25.264604017138481,22.6383,21.036032,2.4361,16985,0.001024,4.243968,,0.038144,0.152064,0,0.12953599999999998,0.0076799999999999993,0.010496,,0.003072,,6.84288,10328,3967,140,0.17794389999926352
10329,218.06258879676869,328284208018,1,20.920995622873306,20.066,25.23136,2.276,16985,0.001024,4.267776,,0.35148799999999997,0.148224,0.000256,0.12825599999999998,0.007424,0.011776,,0.003072,,6.477568,10329,3968,140,0.19868319999932282
10330,218.08284149659863,328284408678,1,20.25269903242588,20.4225,20.903168,2.2195,17180,0.006144,4.252928,,0.036608,0.15488,0,0.135936,0.0076799999999999993,0.011264,,0.003328,,8.29056,10330,3969,140,0.21870749999925465
10331,218.10492509920633,328284612903,1,22.083602845668793,25.2845,20.236544,2.7258,17187,0.001024,4.143616,,0.043008,0.14976,0,0.130304,0.007424,0.012032,,0.002816,,7.68,10331,3970,140,0.24108409999917058
10332,218.12551829648524,328284865748,1,20.593198016285896,20.8365,22.077696,2.0914,149175,0.001024,4.2606079999999995,,0.854784,0.15231999999999998,0.000256,0.132608,0.0076799999999999993,0.012032,,0.0025599999999999998,,7.1848959999999993,10332,3971,141,0.0040944000002127723
10333,218.14590620039681,328285074113,1,20.387904718518257,20.103,20.560896,2.2587,128061,0.001024,3.9774719999999997,,0.347392,0.14771199999999998,0,0.128,0.007424,0.012288,,0.003072,,7.125248,10333,3972,141,0.023594399999637972
10334,218.16665679563491,328285275143,1,20.750595256686211,22.2173,20.369408,0.5526,101654,0.0063999999999999994,3.98848,,0.040448,0.15103999999999998,0.000256,0.13055999999999998,0.0076799999999999993,0.012544,,0.002816,,6.486784,10334,3973,141,0.0445214000001215
10335,218.18821189767573,328285497316,1,21.555101498961449,21.5744,0.039168,2.3433,146416,0.001024,4.371456,,0.040192,0.155392,0,0.1344,0.007424,0.011007999999999999,,0.003584,,5.876224,10335,3974,141,0.066599199999473058
10336,218.20803059807255,328285713060,1,19.818700850009918,19.547,21.54112,2.3484,16985,0.001024,3.9841279999999997,,0.041215999999999996,0.149504,0.38144,0.129792,0.003328,0.013568,,0.002816,,6.7870719999999993,10336,3975,141,0.0861176999997042
10337,218.2313433956916,328285908530,1,23.312797769904137,20.8978,19.767296,2.7465,16985,0.001024,3.943936,,0.041215999999999996,0.153088,0,0.133632,0.013568,0.009216,,0.004352,,6.560512,10337,3976,141,0.11064790000000357
10338,218.2525067956349,328286117508,1,21.163400262594223,21.8324,23.30752,2.4861,17180,0.001024,3.9974399999999997,,0.62771199999999994,0.14668799999999999,0,0.127488,0.007424,0.011776,,0.003584,,6.938624,10338,3977,141,0.130784500000118
10339,218.27600949546485,328286335832,1,23.50270003080368,19.6983,21.14944,2.7527,16985,0.001024,4.2480639999999994,,0.040448,0.148736,0,0.12953599999999998,0.006656,0.010752,,0.003072,,7.4798079999999993,10339,3978,141,0.15443390000018553
10340,218.29613519699546,328286532815,1,20.125702023506165,24.4159,23.48032,2.3937,17187,0.001024,4.328704,,0.041215999999999996,0.145664,0,0.125696,0.007424,0.011007999999999999,,0.003584,,8.199424,10340,3979,141,0.17398619999949005
10341,218.31602490079365,328286776974,1,19.889703020453453,20.2564,20.114176,3.0225,16985,0.001024,3.9823359999999997,,0.039936,0.15001599999999998,0,0.130048,0.007424,0.011519999999999999,,0.003584,,7.3971199999999993,10341,3980,141,0.19394069999998464
10342,218.33883489937642,328286979538,1,22.809999063611031,23.6405,19.86176,2.3277,17037,0.001024,4.1415679999999995,,0.038655999999999996,0.14438399999999998,0.000256,0.12544,0.0076799999999999993,0.010496,,0.003584,,5.572096,10342,3981,141,0.216751199999635
10343,218.36095249433106,328287215943,1,22.117594256997108,19.598,22.7904,2.4145,16985,0.001024,4.3712,,0.33228799999999997,0.147968,0,0.128,0.0076799999999999993,0.012032,,0.002816,,6.257408,10343,3982,141,0.23922429999947781
10344,218.38082619756236,328287411923,1,19.873702898621559,19.8541,22.10816,2.5029,43697,0.001024,4.245248,,0.043008,0.148224,0,0.128768,0.007424,0.012032,,0.003072,,6.95168,10344,3983,142,0.0046332000001712
10345,218.40194629393423,328287610464,1,21.120095625519753,22.8469,19.840512,2.5213,125195,0.001024,4.363776,,0.039936,0.14310399999999998,0,0.123648,0.007424,0.011007999999999999,,0.004096,,6.7932159999999993,10345,3984,142,0.025192900000547525
10346,218.42420739795918,328287838933,1,22.261103615164757,22.5501,21.101824,0.698,38199,0.0012799999999999999,4.36736,,0.039168,0.14976,0.000256,0.12928,0.007424,0.012544,,0.0025599999999999998,,7.2650239999999995,10346,3985,142,0.046463800000310584
10347,218.4439312003968,328288064434,1,19.7238028049469,20.6761,0.040448,3.1447,16985,0.001024,4.1638399999999995,,0.041215999999999996,0.146944,0.000256,0.126976,0.003328,0.012032,,0.004352,,5.881856,10347,3986,142,0.066540500000883185
10348,218.46648669926304,328288271195,1,22.555498406291008,20.1417,19.715328,2.3245,16985,0.001024,4.364288,,0.042752,0.154368,0.000256,0.134912,0.007168,0.011519999999999999,,0.002816,,5.602816,10348,3987,142,0.088838200000282086
10349,218.4880937003968,328288472612,1,21.607000380754471,21.7566,22.537216,2.3267,17332,0.001024,4.37376,,0.350464,0.154368,0,0.13516799999999998,0.007424,0.012544,,0.0025599999999999998,,5.9176959999999994,10349,3988,142,0.11069810000026337
10350,218.50895669642856,328288690178,1,20.862996578216553,19.9341,21.547264,2.658,16985,0.001024,4.1379839999999994,,0.038655999999999996,0.150784,0.000256,0.131584,0.007424,0.012288,,0.003072,,6.7532799999999993,10350,3989,142,0.13130060000003141
10351,218.53150229591836,328288889519,1,22.545600309967995,22.4114,20.87808,2.8091,16985,0.001024,4.255744,,0.042496,0.15103999999999998,0.000256,0.131328,0.007424,0.011519999999999999,,0.0025599999999999998,,6.5607679999999995,10351,3990,142,0.15373520000048302
10352,218.5518054988662,328289113633,1,20.303202793002129,21.4686,22.522368,2.6732,17037,0.001024,4.333056,,0.040959999999999996,0.14976,0.000256,0.130048,0.007424,0.010752,,0.002816,,7.1265279999999995,10352,3991,142,0.17386070000065956
10353,218.57375089994329,328289328319,1,21.945400163531303,20.9631,20.291072,2.3022,16985,0.001024,4.171264,,0.043519999999999996,0.160512,0,0.141312,0.007424,0.021759999999999998,,0.004352,,6.9265919999999994,10353,3992,142,0.19648060000054102
10354,218.59595689484127,328289537950,1,22.20599539577961,22.4047,21.91744,2.0946,17382,0.001024,4.340992,,0.041728,0.146432,0,0.126976,0.007424,0.012032,,0.002816,,5.537024,10354,3993,142,0.21789180000087072
10355,218.61592619756235,328289761997,1,19.969303160905838,20.2216,22.193152,2.2543,16985,0.001024,4.342016,,0.041984,0.15103999999999998,0.000256,0.131328,0.007424,0.011776,,0.002816,,7.090176,10355,3994,142,0.23868580000089423
10356,218.63857559523808,328289964213,1,22.649398073554039,22.5656,19.933696,2.3718,43697,0.001024,4.176896,,0.043775999999999995,0.15231999999999998,0,0.131584,0.007936,0.010752,,0.002816,,5.5892479999999995,10356,3995,143,0.0055806999998821993
10357,218.66019550028344,328290189869,1,21.619904786348343,21.5351,22.643968,2.4726,16985,0.001024,4.375296,,0.334592,0.14848,0.000256,0.12825599999999998,0.0076799999999999993,0.011519999999999999,,0.0025599999999999998,,6.67008,10357,3996,143,0.024649900000440539
10358,218.68035379818593,328290405220,1,20.158298313617706,20.604,21.551104,0.538,16985,0.001024,4.15744,,0.038655999999999996,0.149504,0,0.12953599999999998,0.007424,0.011519999999999999,,0.003072,,6.8536319999999993,10358,3997,143,0.0443001000003278
10359,218.70268269557823,328290611260,1,22.328898310661316,23.904,0.038912,2.3836,22971,0.001024,4.333056,,0.039424,0.14899199999999999,0,0.12928,0.007424,0.012288,,0.003328,,6.799872,10359,3998,143,0.066717200000312
10360,218.72531279761904,328290850300,1,22.630102932453156,20.5089,22.305792,2.324,16985,0.001024,4.2688,,0.295168,0.147456,0.000256,0.12825599999999998,0.003328,0.011519999999999999,,0.003072,,7.516672,10360,3999,143,0.088960899999619869
10361,218.74387129393423,328291055389,1,18.558496609330177,19.6117,22.624512,2.3749,17180,0.001024,4.366592,,0.041728,0.15231999999999998,0.000256,0.13286399999999998,0.003328,0.012032,,0.0038399999999999997,,8.7006719999999991,10361,4000,143,0.10780619999968621
10362,218.7659095946712,328291251506,1,22.038301452994347,22.3283,18.529536,2.5806,17037,0.001024,4.263424,,0.92108799999999991,0.14899199999999999,0,0.129792,0.007424,0.011264,,0.003072,,7.7836799999999995,10362,4001,143,0.13294839999980468
10363,218.78725219671202,328291474789,1,21.342601627111435,22.4046,22.01728,2.3085,17332,0.001024,4.263424,,0.92108799999999991,0.14899199999999999,0,0.129792,0.007424,0.011264,,0.003072,,7.7836799999999995,10363,4002,143,0.15086900000005699
10364,218.80736299603174,328291698835,1,20.110798999667168,18.7875,21.334016,2.2136,16985,0.001024,4.327424,,0.04224,0.155392,0,0.135936,0.007168,0.011519999999999999,,0.003328,,6.087936,10364,4003,143,0.1713528000000224
10365,218.83088030045352,328291886710,1,23.5173050314188,22.0344,20.054784,2.5012,16985,0.001024,4.260352,,0.044288,0.15129599999999999,0,0.132096,0.007424,0.013056,,0.003328,,6.68288,10365,4004,143,0.19482200000038574
10366,218.85104979450114,328292107054,1,20.169494673609734,21.0709,23.53536,2.5576,16985,0.001024,4.25984,,0.039424,0.15129599999999999,0.000256,0.131584,0.007424,0.011776,,0.003584,,7.396864,10366,4005,143,0.21521910000046773
10367,218.87407969812924,328292317763,1,23.029902949929237,20.3805,19.578112,2.5356,16985,0.001024,4.369152,,0.040959999999999996,0.152064,0,0.13183999999999998,0.0084479999999999989,0.011264,,0.003328,,6.377984,10367,4006,143,0.23818209999990358
10368,218.89452639597505,328292521568,1,20.446697250008583,23.3938,23.005184,2.2895,43899,0.001024,4.3796479999999995,,0.041215999999999996,0.148736,0,0.129024,0.007424,0.011776,,0.003328,,6.801152,10368,4007,144,0.0037320000001273
10369,218.91920189909297,328292755506,1,24.675503373146057,20.4953,20.425216,2.2401,17180,0.001024,4.326912,,0.037888,0.147968,0,0.127744,0.0076799999999999993,0.011776,,0.003072,,5.1893759999999993,10369,4008,144,0.028423800000382471
10370,218.93930800028343,328292960459,1,20.106101408600807,22.8498,24.647424,0.5079,23619,0.001024,4.3361279999999995,,0.345856,0.155904,0,0.135936,0.007424,0.011776,,0.0038399999999999997,,9.006848,10370,4009,144,0.047748200000569341
10371,218.96142689909297,328293188957,1,22.11889810860157,21.1684,0.040192,2.4171,21077,0.001024,4.182784,,0.041471999999999995,0.153088,0,0.133888,0.007168,0.012544,,0.003328,,6.541568,10371,4010,144,0.070205100000748644
10372,218.98175569727891,328293400641,1,20.328797399997711,24.3751,22.097408,2.4045,17037,0.001024,4.340224,,0.039168,0.14771199999999998,0,0.12928,0.007424,0.011264,,0.003584,,5.91104,10372,4011,144,0.090634000000136439
10373,219.00525649801585,328293644392,1,23.500800132751465,19.6686,20.3072,2.3035,17187,0.001024,4.3617279999999994,,0.042752,0.15103999999999998,0,0.131584,0.003328,0.010752,,0.002816,,6.984704,10373,4012,144,0.11375310000039462
10374,219.02777619756236,328293841078,1,22.519700229167938,22.454,23.484416,2.3369,16985,0.001024,4.268288,,0.309504,0.43468799999999996,0,0.41548799999999997,0.007424,0.013056,,0.003072,,6.999808,10374,4013,144,0.13620429999991757
10375,219.04805179988662,328294065618,1,20.275602117180824,20.4062,22.49984,2.4987,16985,0.001024,4.1308159999999994,,0.036864,0.154112,0.000256,0.132608,0.004352,0.0084479999999999989,,0.029439999999999997,,7.263744,10375,4014,144,0.15736560000004829
10376,219.07397670068028,328294269680,1,25.92490054666996,22.9981,20.238848,2.432,17180,0.001024,4.33664,,0.042752,0.150784,0,0.130816,0.007424,0.012288,,0.002816,,5.602304,10376,4015,144,0.18311309999990044
10377,219.09432429846939,328294499661,1,20.3475970774889,22.5905,25.917952,2.2541,17187,0.001024,4.151808,,0.040959999999999996,0.151552,0,0.130304,0.007936,0.012799999999999999,,0.003328,,8.079872,10377,4016,144,0.20259740000074089
10378,219.11960039682538,328294725566,1,25.276098400354385,21.1794,20.329728,2.6064,16985,0.001024,4.36224,,0.33971199999999996,0.146176,0,0.12595199999999998,0.0051199999999999996,0.011007999999999999,,0.003328,,5.769216,10378,4017,144,0.22790210000039224
10379,219.13840599489794,328294937360,1,18.805598840117455,25.6477,25.2416,2.371,16985,0.001024,4.3343359999999995,,0.041471999999999995,0.14976,0,0.130048,0.007424,0.013056,,0.004096,,8.75264,10379,4018,144,0.2466128000005483
10380,219.1623875,328295193837,1,23.981506004929543,19.5422,18.788608,2.1952,43697,0.001024,4.3386879999999994,,0.043008,0.154368,0,0.134656,0.007424,0.012288,,0.004096,,5.5808,10380,4019,145,0.0040091000000757049
10381,219.18239339569161,328295389259,1,20.00589482486248,25.2656,23.961344,2.1906,17037,0.001024,4.376576,,0.624128,0.149504,0,0.130048,0.0076799999999999993,0.011776,,0.0038399999999999997,,7.6725759999999994,10381,4020,145,0.023396499999762455
10382,219.20473979591836,328295641915,1,22.34639972448349,18.7457,19.996928,0.4955,17187,0.001024,4.358144,,0.03968,0.150272,0.000256,0.130816,0.007424,0.012032,,0.004096,,7.378432,10382,4021,145,0.04565439999987575
10383,219.22669589710884,328295829372,1,21.956101059913635,24.9079,0.03968,2.0884,17180,0.001024,4.152832,,0.85888,0.154112,0,0.12953599999999998,0.0076799999999999993,0.012032,,0.003328,,7.601152,10383,4022,145,0.067406299999674957
10384,219.2475133999433,328296078451,1,20.817503333091736,19.5581,21.939968,2.1663,16985,0.001024,4.250112,,0.35020799999999996,0.145664,0,0.12544,0.007424,0.012288,,0.002816,,6.946816,10384,4023,145,0.088581299999532348
10385,219.2720080994898,328296274032,1,24.494700133800507,22.2491,20.798464,2.7112,16985,0.001024,4.164096,,0.038655999999999996,0.146944,0.000256,0.127744,0.0076799999999999993,0.011007999999999999,,0.003584,,5.754112,10385,4024,145,0.11278409999977157
10386,219.29277329931972,328296496523,1,20.765200257301331,21.7263,24.465152,2.3212,17187,0.001024,4.269824,,0.03584,0.147968,0,0.128768,0.007424,0.011264,,0.002816,,7.3812479999999994,10386,4025,145,0.13305549999950017
10387,219.31296129535147,328296713786,1,20.187996327877045,21.2165,20.745728,2.804,16985,0.001024,4.1397759999999995,,0.041984,0.150272,0.000256,0.131072,0.007168,0.011776,,0.004352,,5.890816,10387,4026,145,0.15339249999942695
10388,219.33605890022676,328296925951,1,23.097604513168335,24.2168,20.17664,2.0249,16985,0.001024,4.147968,,0.037376,0.150528,0,0.130304,0.005888,0.012544,,0.003072,,6.821376,10388,4027,145,0.17624749999959022
10389,219.35574789540814,328297168119,1,19.688995555043221,20.3401,23.073792,2.1752,34285,0.001024,4.26368,,0.036864,0.15001599999999998,0.000256,0.12825599999999998,0.007424,0.011519999999999999,,0.003584,,7.411968,10389,4028,145,0.20239829999991343
10390,219.37745849631517,328297371520,1,21.710600703954697,20.2254,19.65952,2.0558,16948,0.001024,4.26624,,0.040448,0.151808,0,0.12928,0.011776,0.011007999999999999,,0.003328,,7.411712,10390,4029,145,0.21807829999943351
10391,219.39769249574829,328297573774,1,20.233999937772751,22.9655,21.689088,2.929,17007,0.001024,4.3164159999999994,,0.036351999999999995,0.151552,0,0.132096,0.0076799999999999993,0.011007999999999999,,0.003328,,7.260672,10391,4030,145,0.23848660000021482
10392,219.41728909438774,328297803429,1,19.596599042415619,25.9148,20.173312,2.2261,44157,0.001024,3.990272,,0.037888,0.151808,0,0.132352,0.007424,0.012032,,0.003072,,7.001344,10392,4031,146,0.003447500000220316
10393,219.43992549603175,328298062577,1,22.636402398347855,15.9264,19.6224,2.0682,16753,0.001024,4.1530879999999994,,0.041984,0.15231999999999998,0.000256,0.132608,0.007424,0.012032,,0.002816,,5.5943679999999993,10393,4032,146,0.025768200000129582
10394,219.46135719954648,328298221841,1,21.431703120470047,20.2554,22.614272,0.5009,23387,0.001024,4.36992,,0.526592,0.151552,0,0.13183999999999998,0.007424,0.011519999999999999,,0.003072,,7.1966719999999995,10394,4033,146,0.047559599999658531
10395,219.48136150085034,328298424395,1,20.004300400614738,19.9826,0.040448,2.246,16753,0.001024,4.3466239999999994,,0.040192,0.14848,0,0.130304,0.0063999999999999994,0.011007999999999999,,0.003584,,6.6557439999999994,10395,4034,146,0.0668574000001172
10396,219.50309519557823,328298624221,1,21.733695641160011,21.9441,19.96288,1.9401,16955,0.001024,3.97952,,0.043519999999999996,0.154368,0,0.12953599999999998,0.007424,0.010752,,0.002816,,6.804736,10396,4035,146,0.089672600000085367
10397,219.5249125,328298843662,1,21.817304193973541,21.9378,21.721856,2.1793,16753,0.001024,4.338432,,0.215296,0.154368,0,0.133888,0.007424,0.012032,,0.003584,,6.8945919999999994,10397,4036,146,0.11099689999991824
10398,219.54487320011336,328299063040,1,19.96069960296154,19.5309,21.806848,2.0794,16948,0.001024,3.9912959999999997,,0.040448,0.144896,0,0.12467199999999999,0.007424,0.011007999999999999,,0.003584,,7.0661119999999995,10398,4037,146,0.13050349999957689
10399,219.56704969529477,328299258349,1,22.17649482190609,22.5305,19.927296,2.4598,16753,0.001024,4.340992,,0.03712,0.148736,0,0.129024,0.0076799999999999993,0.011519999999999999,,0.002816,,6.6165759999999993,10399,4038,146,0.15334540000003472
10400,219.58760489654193,328299483654,1,20.555201917886734,21.4163,21.862656,2.2741,16955,0.001024,4.151808,,0.040959999999999996,0.14438399999999998,0,0.124928,0.007424,0.011007999999999999,,0.003328,,5.9115519999999995,10400,4039,146,0.17432879999978468
10401,219.61046079931972,328299697817,1,22.855902090668678,19.5244,20.504576,2.2513,16805,0.001024,4.3617279999999994,,0.042496,0.149504,0,0.130048,0.0076799999999999993,0.011776,,0.003328,,5.6128,10401,4040,146,0.19807690000016009
10402,219.63165409580498,328299893061,1,21.19329571723938,22.9088,22.847744,2.5786,16753,0.001024,4.259328,,0.6272,0.155904,0.000256,0.129792,0.007424,0.012032,,0.003584,,7.638528,10402,4041,146,0.21804900000006455
10403,219.65247320011338,328300122149,1,20.819105207920074,20.6919,21.183744,2.8955,16753,0.001024,4.345088,,0.430592,0.15231999999999998,0,0.128512,0.0076799999999999993,0.011264,,0.004352,,7.1308799999999994,10403,4042,146,0.24022499999955471
10404,219.67391469671202,328300329068,1,21.441496908664703,23.7343,20.78592,2.508,44157,0.001024,4.317952,,0.040959999999999996,0.155904,0,0.13568,0.0076799999999999993,0.013056,,0.002816,,6.633984,10404,4043,147,0.0042946000003212248
10405,219.69439179421767,328300566411,1,20.477097481489182,20.0833,21.4336,3.085,17150,0.0012799999999999999,4.149248,,0.040192,0.153856,0.000256,0.133888,0.013312,0.010496,,0.004352,,5.897472,10405,4044,147,0.023328100000071572
10406,219.71609309807255,328300767244,1,21.701304242014885,21.728,20.454912,0.5374,16753,0.001024,4.357632,,0.036864,0.148224,0,0.129024,0.007424,0.011519999999999999,,0.003072,,5.94304,10406,4045,147,0.045157599999583908
10407,219.73918679846938,328300984524,1,23.093700408935547,21.6656,0.040448,2.8755,16753,0.0012799999999999999,3.9828479999999997,,0.041728,0.14771199999999998,0.000256,0.12825599999999998,0.011776,0.011007999999999999,,0.0025599999999999998,,6.791936,10407,4046,147,0.068002799999703711
10408,219.76039489795917,328301201180,1,21.208100020885468,18.9946,22.933248,2.2943,16753,0.001024,4.336384,,0.36940799999999996,0.14771199999999998,0,0.12723199999999998,0.007424,0.011007999999999999,,0.002816,,6.01216,10408,4047,147,0.089487899999767251
10409,219.78151719812925,328301391126,1,21.122300997376442,21.9819,21.336576,2.4078,51567,0.001024,4.25472,,0.042496,0.148736,0,0.12928,0.007424,0.011519999999999999,,0.0038399999999999997,,7.244032,10409,4048,147,0.11097960000006424
10410,219.80246259920634,328301610945,1,20.94540186226368,22.9334,21.097472,2.4309,16955,0.0012799999999999999,4.263424,,0.042752,0.444416,0,0.421888,0.0076799999999999993,0.011776,,0.003584,,7.04768,10410,4049,147,0.13205079999988811
10411,219.82619559948978,328301840279,1,23.733001202344894,21.2673,20.927488,2.8326,16805,0.0012799999999999999,4.144384,,0.044544,0.150784,0,0.131072,0.010496,0.010496,,0.003072,,7.4096639999999994,10411,4050,147,0.15586220000022877
10412,219.8496723993764,328302052952,1,23.476799950003624,21.401,23.705088,2.2252,17318,0.001024,4.2570239999999995,,0.043008,0.15334399999999998,0,0.13286399999999998,0.007936,0.011519999999999999,,0.002816,,6.814208,10412,4051,147,0.17971680000027845
10413,219.87110419501133,328302266962,1,21.431796252727509,21.0671,23.45728,2.4911,16753,0.0012799999999999999,4.261632,,0.043008,0.154368,0,0.13183999999999998,0.007424,0.012288,,0.002816,,5.92512,10413,4052,147,0.20051629999943543
10414,219.89362999574828,328302477633,1,22.52580039203167,23.9005,21.420032,2.668,116082,0.001024,4.355072,,0.038144,0.146944,0.000256,0.127488,0.007424,0.011519999999999999,,0.004096,,6.8218879999999995,10414,4053,147,0.22371930000008433
10415,219.91725319586166,328302716638,1,23.623200133442879,23.6982,22.502656,2.5099,16753,0.0012799999999999999,4.375296,,0.794624,0.15616,0,0.13644799999999999,0.007424,0.011007999999999999,,0.003072,,6.008832,10415,4054,147,0.24698699999953533
10416,219.93689749858277,328302953620,1,19.644303247332573,20.9544,23.602432,2.7068,44157,0.001024,4.13312,,0.235008,0.14848,0.000256,0.128768,0.007424,0.012288,,0.0038399999999999997,,7.8819839999999992,10416,4055,148,0.0046390999996219762
10417,219.95948609693878,328303163164,1,22.588597610592842,23.2235,19.6096,3.0263,16753,0.001024,4.1536,,0.216832,0.15231999999999998,0,0.132096,0.0076799999999999993,0.012799999999999999,,0.003328,,7.4024959999999993,10417,4056,148,0.026220300000204588
10418,219.98075170068026,328303395399,1,21.265603601932526,23.2931,22.571264,0.5377,27479,0.001024,4.1536,,0.216832,0.15231999999999998,0,0.132096,0.0076799999999999993,0.012799999999999999,,0.003328,,7.4024959999999993,10418,4057,148,0.047686299999440962
10419,220.00031039540815,328303628330,1,19.558694213628769,20.6041,0.040192,2.257,17295,0.001024,4.16896,,0.038144,0.150528,0,0.131072,0.007424,0.012288,,0.004096,,7.0463999999999993,10419,4058,148,0.067389400000138266
10420,220.0229957979025,328303834371,1,22.685403004288673,21.2934,19.53664,2.695,16753,0.001024,4.245248,,0.042752,0.151552,0,0.131584,0.007168,0.010752,,0.002816,,6.0748799999999994,10420,4059,148,0.090843699999823
10421,220.04306549744896,328304047305,1,20.069699734449387,21.6684,22.664192,2.8245,16805,0.001024,4.3392,,0.039936,0.146176,0,0.12672,0.006656,0.010752,,0.002816,,6.0776959999999995,10421,4060,148,0.1094212999996671
10422,220.06227659438775,328304263989,1,19.211096689105034,19.9449,20.073216,3.0529,16753,0.001024,4.245248,,0.039936,0.15231999999999998,0,0.13183999999999998,0.0076799999999999993,0.010496,,0.002816,,7.641856,10422,4061,148,0.12930379999943398
10423,220.08629979450112,328304463438,1,24.023199453949928,23.0361,19.176448,2.7459,16753,0.001024,4.242176,,0.038655999999999996,0.155136,0,0.135424,0.003328,0.013056,,0.003072,,6.632448,10423,4062,148,0.15201509999951668
10424,220.10713199404762,328304693799,1,20.832199603319168,18.9249,24.00128,2.7473,16955,0.001024,4.146432,,0.648448,0.151808,0,0.132096,0.003328,0.012032,,0.004096,,6.3554559999999993,10424,4063,148,0.17307189999974071
10425,220.12939159580498,328304883048,1,22.259602323174477,19.8722,20.81408,2.4706,122179,0.001024,4.171008,,0.036864,0.43212799999999996,0.000256,0.12953599999999998,0.009472,0.010752,,0.002816,,6.396672,10425,4064,148,0.19517230000019481
10426,220.15017569444444,328305081770,1,20.784098654985428,22.9302,22.238464,2.3481,127863,0.0012799999999999999,4.172544,,0.039168,0.152832,0,0.13312,0.0076799999999999993,0.012288,,0.003328,,7.4808319999999995,10426,4065,148,0.21612420000019483
10427,220.1718477962018,328305311072,1,21.672101691365242,21.0445,20.75904,2.3946,101617,0.001024,4.1628159999999994,,0.046079999999999996,0.16,0,0.140544,0.0084479999999999989,0.015616,,0.0038399999999999997,,5.3155839999999994,10427,4066,148,0.23784949999935634
10428,220.1937303004535,328305521517,1,21.882504224777222,22.0906,21.655296,3.1193,171451,0.001024,4.2606079999999995,,0.042752,0.14899199999999999,0,0.129024,0.007936,0.012799999999999999,,0.003072,,6.817024,10428,4067,149,0.0044658000006165821
10429,220.21570999858275,328305742423,1,21.979698911309242,20.8745,21.86624,2.3572,22537,0.0012799999999999999,3.98848,,0.859648,0.155136,0,0.13568,0.0076799999999999993,0.012799999999999999,,0.003584,,6.046976,10429,4068,149,0.025133300000561576
10430,220.23616339994331,328305951168,1,20.453400909900665,21.7716,21.949696,0.573,16753,0.001024,4.150784,,0.036864,0.14976,0,0.129792,0.007424,0.012032,,0.003584,,8.135936,10430,4069,149,0.045700200000283075
10431,220.25916489512471,328306168884,1,23.001495748758316,23.1216,0.04096,2.2128,16805,0.001024,3.9805439999999996,,0.041215999999999996,0.151552,0,0.13312,0.007424,0.011264,,0.0025599999999999998,,5.92768,10431,4070,149,0.06894560000000638
10432,220.28020170068027,328306400100,1,21.036805585026741,20.7006,22.835712,2.3575,16753,0.0012799999999999999,4.154624,,0.041215999999999996,0.15795199999999998,0.000256,0.13824,0.0076799999999999993,0.011264,,0.003328,,7.1449599999999993,10432,4071,149,0.089334900000721973
10433,220.30289289965987,328306607106,1,22.69119955599308,20.5441,21.015552,2.463,17100,0.001024,4.334592,,0.043264,0.155136,0.000256,0.135424,0.007168,0.010752,,0.003328,,7.1344639999999995,10433,4072,149,0.112028200000168
10434,220.3271625,328306812547,1,24.269599467515945,23.0348,22.673664,2.2712,16948,0.001024,4.341504,,0.70041599999999993,0.14848,0,0.12928,0.007424,0.011264,,0.003584,,7.418368,10434,4073,149,0.13636180000048626
10435,220.34844609552152,328307042895,1,21.283594891428947,20.6644,24.249856,3.0182,16753,0.001024,4.172288,,0.042752,0.155392,0,0.13568,0.0076799999999999993,0.011264,,0.0038399999999999997,,7.9296,10435,4074,149,0.15755520000038814
10436,220.36921699971654,328307249539,1,20.770903676748276,22.6395,21.261312,2.5475,16753,0.001024,4.3617279999999994,,0.04224,0.14848,0,0.129024,0.007168,0.011776,,0.003584,,6.0687359999999995,10436,4075,149,0.17843590000029508
10437,220.39108069727891,328307475934,1,21.863697096705437,24.3555,20.756992,2.2877,16955,0.001024,4.381696,,0.54016,0.147456,0,0.127744,0.007424,0.012799999999999999,,0.004352,,7.0960639999999993,10437,4076,149,0.20077260000016395
10438,220.42837320011336,328307719489,1,37.292502820491791,21.2073,21.83296,2.5138,474790,0.001024,4.381696,,0.54016,0.147456,0,0.127744,0.007424,0.012799999999999999,,0.004352,,7.0960639999999993,10438,4077,149,0.2394880000001649
10439,220.43452760062357,328307931562,1,6.1544002965092659,20.7337,22.444288,2.0393,70440,0.001024,4.1505279999999996,,0.042752,0.148736,0,0.129024,0.007168,0.011007999999999999,,0.0025599999999999998,,7.493632,10439,4078,150,0.0042451000008441042
10440,220.45563300028343,328308138899,1,21.10539935529232,21.6973,20.886528,0.2794,15777,0.001024,4.132864,,0.039936,0.15103999999999998,0,0.131072,0.003328,0.012288,,0.003584,,7.29728,10440,4079,150,0.023605500000485335
10441,220.47966439909297,328308355872,1,24.031398817896843,38.3105,0.035072,0.5321,17000,2.44352,4.322304,,0.035328,0.154112,0,0.1344,0.007424,0.011007999999999999,,0.002816,,5.758208,10441,4080,150,0.0484230000001844
10442,220.50320009920634,328308738977,1,23.535700514912605,6.7494,0.040192,1.8735,23589,0.001024,4.15104,,0.041471999999999995,0.150272,0,0.130048,0.003328,0.012799999999999999,,0.0038399999999999997,,7.851264,10442,4081,150,0.07199280000077124
10443,220.52611209608844,328308806471,1,22.911997511982918,19.3281,23.526144,2.1087,16753,0.001024,4.159488,,0.83353599999999994,0.15231999999999998,0,0.132608,0.0063999999999999994,0.013056,,0.002816,,7.4122239999999993,10443,4082,150,0.095073700000284589
10444,220.54650359977325,328308999752,1,20.391503348946571,24.4394,22.8864,1.9322,16753,0.001024,4.36864,,0.042752,0.1472,0,0.127488,0.007424,0.011264,,0.003328,,5.896704,10444,4083,150,0.11587900000085938
10445,220.56844759778912,328309244146,1,21.943997591733932,23.739,20.3584,2.0963,16753,0.001024,4.134912,,0.037632,0.15462399999999998,0,0.13516799999999998,0.007424,0.012544,,0.002816,,6.879744,10445,4084,150,0.13830360000065411
10446,220.5908894982993,328309481536,1,22.44190126657486,22.9818,21.928704,2.6455,16955,0.0012799999999999999,4.368384,,0.040192,0.15692799999999998,0.000256,0.137728,0.003584,0.011264,,0.002304,,5.948416,10446,4085,150,0.15949790000013309
10447,220.61088519699547,328309711354,1,19.99569870531559,20.9016,22.428928,3.2385,16753,0.001024,4.252416,,0.044288,0.152064,0.000256,0.132352,0.007424,0.012288,,0.0038399999999999997,,7.1283199999999995,10447,4086,150,0.17989810000017314
10448,220.63390339427437,328309920370,1,23.01819808781147,22.2339,19.967744,2.2069,16948,0.001024,4.3688959999999994,,0.041728,0.150272,0.000256,0.130304,0.007424,0.011007999999999999,,0.004096,,5.59488,10448,4087,150,0.20256330000029266
10449,220.65569990079365,328310142709,1,21.796505898237228,21.5122,22.997504,2.2825,16753,0.001024,4.151808,,0.038144,0.15795199999999998,0,0.13516799999999998,0.006912,0.011007999999999999,,0.003328,,6.273536,10449,4088,150,0.22465990000000602
10450,220.67807439767572,328310357831,1,22.374497726559639,20.4392,21.78432,2.5228,16805,0.0012799999999999999,4.25472,,0.041215999999999996,0.151552,0.000256,0.13183999999999998,0.0076799999999999993,0.012032,,0.004096,,6.2016,10450,4089,150,0.24685070000032283
10451,220.70128419784581,328310562223,1,23.209800943732262,22.6305,22.351104,2.6599,16955,0.0012799999999999999,4.354048,,0.041215999999999996,0.149248,0.000256,0.12928,0.007424,0.012032,,0.003328,,8.078592,10451,4090,150,0.26970130000063364
10452,220.72143959750565,328310788528,1,20.155400037765503,22.1109,23.195904,2.4918,44157,0.001024,4.329728,,0.034048,0.151808,0,0.13286399999999998,0.007936,0.011007999999999999,,0.004096,,6.993664,10452,4091,151,0.0038824000002932735
10453,220.74384059665533,328311009637,1,22.400999441742897,22.0739,20.123648,2.3892,16753,0.0012799999999999999,4.1459199999999994,,0.034304,0.153856,0.000256,0.13568,0.0076799999999999993,0.010752,,0.0025599999999999998,,7.5696639999999995,10453,4092,151,0.025201800000104413
10454,220.76579139739229,328311230376,1,21.950799971818924,22.9663,22.382336,0.6039,16753,0.001024,4.3315199999999994,,0.83660799999999991,0.1536,0.000256,0.133888,0.003072,0.010496,,0.002816,,6.2382079999999993,10454,4093,151,0.047114500000134285
10455,220.78742320011338,328311460039,1,21.63180336356163,21.075,0.040448,2.5126,17150,0.001024,4.1433599999999995,,0.03968,0.15462399999999998,0,0.1344,0.0097279999999999988,0.011264,,0.0038399999999999997,,7.396096,10455,4094,151,0.068827900000542286
10456,220.80703869756235,328311670789,1,19.615497440099716,21.3364,21.617152,2.0841,16753,0.001024,4.364288,,0.041215999999999996,0.152576,0,0.133376,0.007424,0.012032,,0.0025599999999999998,,6.076416,10456,4095,151,0.08837630000016361
10457,220.83151459750567,328311884153,1,24.475900456309319,21.9953,19.604736,2.039,16753,0.001024,4.3635199999999994,,0.037888,0.1472,0,0.127488,0.0076799999999999993,0.012288,,0.003328,,6.537216,10457,4096,151,0.11328260000027512
10458,220.85180989937641,328312104106,1,20.295301452279091,21.4802,24.453632,2.5553,16753,0.0012799999999999999,4.375552,,0.041471999999999995,0.15564799999999998,0,0.130304,0.007424,0.011007999999999999,,0.004096,,7.945728,10458,4097,151,0.13329130000056466
10459,220.87535649801586,328312318908,1,23.546598851680756,19.6842,20.274688,2.6355,16753,0.001024,4.331008,,0.03968,0.151808,0.000256,0.132352,0.007424,0.011776,,0.002816,,6.5313279999999994,10459,4098,151,0.15719660000013391
10460,220.89425309665532,328312515750,1,18.896598368883133,24.8354,23.518464,2.0877,17007,0.001024,4.267264,,0.040448,0.14976,0,0.130304,0.004608,0.012032,,0.0025599999999999998,,7.139072,10460,4099,151,0.17544009999983246
10461,220.91909059665531,328312764104,1,24.837499484419823,20.1403,18.885888,2.2952,16753,0.0012799999999999999,4.251904,,0.042496,0.15001599999999998,0.000256,0.129792,0.007936,0.010239999999999999,,0.002816,,6.5510399999999995,10461,4100,151,0.20080010000037873
10462,220.94069669784579,328312965507,1,21.606100723147392,23.6831,24.809984,2.3486,16948,0.001024,4.36864,,0.040959999999999996,0.148736,0,0.128768,0.0076799999999999993,0.013056,,0.0038399999999999997,,8.766976,10462,4101,151,0.22216750000006869
10463,220.96038619614512,328313202338,1,19.689498469233513,18.4493,21.586688,2.4628,16753,0.001024,4.13952,,0.043008,0.146944,0,0.127488,0.0076799999999999993,0.012032,,0.002816,,7.2524799999999994,10463,4102,151,0.2420683000000281
10464,220.9825808956916,328313386831,1,22.194700315594673,25.1233,19.660288,2.2468,44157,0.001024,4.180224,,0.033791999999999996,0.15129599999999999,0,0.132608,0.008192,0.010496,,0.002816,,5.608192,10464,4103,152,0.003689699999995355
10465,221.0035125,328313638064,1,20.931603386998177,21.5473,22.187264,2.3251,27681,0.001024,4.335616,,1.062656,0.149248,0,0.130048,0.008192,0.012288,,0.0038399999999999997,,7.860224,10465,4104,152,0.023716200000308163
10466,221.0239593962585,328313853537,1,20.446896553039551,19.8667,20.909568,0.4825,16753,0.001024,4.3328,,0.035328,0.15103999999999998,0,0.131328,0.007424,0.011776,,0.003328,,6.8989439999999993,10466,4105,152,0.044423600000300212
10467,221.04428560090702,328314052204,1,20.326204597949982,22.6216,0.038656,2.2022,16753,0.001024,4.36864,,0.040704,0.146432,0,0.127488,0.007424,0.011007999999999999,,0.0038399999999999997,,7.0154239999999994,10467,4106,152,0.064796200000273529
10468,221.06992769982992,328314278420,1,25.642098858952522,20.2497,20.301312,2.1626,16753,0.001024,4.351488,,0.041471999999999995,0.15103999999999998,0,0.131072,0.0076799999999999993,0.011519999999999999,,0.002816,,5.19168,10468,4107,152,0.090662300000076357
10469,221.08913439625849,328314480917,1,19.20669712126255,20.7119,25.616384,2.1223,17150,0.001024,4.375808,,0.041215999999999996,0.147968,0,0.12825599999999998,0.003584,0.012799999999999999,,0.003584,,8.840192,10469,4108,152,0.10960520000026008
10470,221.11483009495464,328314688036,1,25.695698335766792,20.169,19.195648,2.1857,16805,0.001024,4.370176,,0.042496,0.152576,0,0.132608,0.004608,0.011776,,0.003584,,5.7479679999999993,10470,4109,152,0.13513750000038272
10471,221.13471079931972,328314889726,1,19.880704581737518,26.0266,25.664512,2.1121,16753,0.001024,4.172288,,0.61593599999999993,0.14668799999999999,0,0.126976,0.007424,0.011776,,0.0025599999999999998,,9.111552,10471,4110,152,0.154537800000071
10472,221.15421870039683,328315149992,1,19.50790174305439,18.8941,19.869952,2.1382,16753,0.001024,4.258048,,0.037888,0.148224,0,0.128512,0.003328,0.011776,,0.0038399999999999997,,6.062848,10472,4111,152,0.17415760000039882
10473,221.17865849631519,328315338933,1,24.439796805381775,25.6395,19.479552,2.1923,16753,0.001024,4.150016,,0.041215999999999996,0.150272,0,0.130304,0.007424,0.012799999999999999,,0.0038399999999999997,,5.596928,10473,4112,152,0.1996700999998211
10474,221.19995899943311,328315595328,1,21.300503984093666,19.4418,24.415744,2.1079,16955,0.001024,4.368128,,0.043264,0.320256,0,0.299008,0.021759999999999998,0.010752,,0.004096,,8.366848,10474,4113,152,0.21990950000054
10475,221.22203719529477,328315789746,1,22.078195586800575,19.6344,21.287936,2.0914,16753,0.0012799999999999999,4.133376,,0.042496,0.146944,0.000256,0.126976,0.003328,0.010752,,0.003072,,6.047744,10475,4114,152,0.24226439999983995
10476,221.24141439909297,328315986090,1,19.377203658223152,25.3173,22.05056,1.9986,44352,0.001024,4.1408,,0.043008,0.150784,0.000256,0.13055999999999998,0.007424,0.011007999999999999,,0.0025599999999999998,,7.406336,10476,4115,153,0.0034851000000344357
10477,221.26492289540815,328316239263,1,23.508496582508087,20.3966,19.304704,2.1398,16753,0.001024,4.373504,,0.040704,0.151808,0,0.13183999999999998,0.003328,0.011519999999999999,,0.003584,,5.5979519999999994,10477,4116,153,0.026249700000334997
10478,221.28543660005667,328316443229,1,20.513704046607018,22.3022,23.539967999999998,0.4911,16753,0.001024,4.272384,,0.96486399999999994,0.14899199999999999,0.000256,0.12953599999999998,0.007424,0.012799999999999999,,0.003584,,7.328512,10478,4117,153,0.047106300000450574
10479,221.30585379818592,328316666251,1,20.417198538780212,20.0473,0.040448,2.4577,16955,0.001024,4.1592319999999994,,0.042496,0.154112,0,0.134656,0.0076799999999999993,0.011519999999999999,,0.0025599999999999998,,5.89312,10479,4118,153,0.067246300000078918
10480,221.32704529478457,328316866724,1,21.191496402025223,22.7116,20.397824,2.15,16805,0.001024,4.2641919999999995,,0.040192,0.149504,0,0.129792,0.0076799999999999993,0.010752,,0.003328,,7.424512,10480,4119,153,0.088411700000506244
10481,221.34913989512469,328317093840,1,22.094599902629852,20.7821,21.178368,1.9779,16753,0.001024,3.97824,,0.040959999999999996,0.150528,0,0.130048,0.0076799999999999993,0.012288,,0.004096,,6.814976,10481,4120,153,0.11024110000016663
10482,221.37173979591836,328317301661,1,22.599900141358376,20.2653,22.080512,2.5629,16753,0.001024,4.27008,,0.043008,0.149504,0,0.12928,0.0076799999999999993,0.012799999999999999,,0.003072,,5.906688,10482,4121,153,0.13340020000032382
10483,221.39323679846939,328317504314,1,21.497001871466637,21.1146,22.580736,2.134,86695,0.0012799999999999999,4.363776,,0.040959999999999996,0.52608,0,0.13312,0.007424,0.012544,,0.004096,,7.1982079999999993,10483,4122,153,0.15504770000006829
10484,221.4167098993764,328317715460,1,23.473100736737251,21.8898,21.46816,2.007,41121,0.001024,4.363264,,0.036095999999999996,0.146432,0,0.12672,0.007936,0.011519999999999999,,0.003584,,5.7428479999999995,10484,4123,153,0.17799220000051719
10485,221.43879820011338,328317934358,1,22.088300436735153,23.1768,23.451648,2.8168,16753,0.001024,4.258304,,0.041471999999999995,0.14592,0.000256,0.12672,0.007424,0.010496,,0.0025599999999999998,,7.678464,10485,4124,153,0.20034099999975297
10486,221.45980369897958,328318166126,1,21.005498245358467,21.3985,22.068224,2.1466,16753,0.001024,4.331776,,0.035584,0.148224,0,0.127744,0.0076799999999999993,0.012544,,0.0038399999999999997,,6.7071999999999994,10486,4125,153,0.22133790000043518
10487,221.48276369756235,328318380111,1,22.9599978774786,23.1777,20.99328,2.5534,16753,0.001024,4.252416,,0.038911999999999995,0.1536,0,0.133376,0.0076799999999999993,0.011264,,0.004096,,6.557696,10487,4126,153,0.2439353999998275
10488,221.50426870039681,328318611888,1,21.505001932382584,22.1293,22.937088,1.9739,44504,0.001024,4.369152,,0.501248,0.14899199999999999,0,0.12928,0.0076799999999999993,0.011519999999999999,,0.0025599999999999998,,6.4407039999999993,10488,4127,154,0.003925600000002305
10489,221.52653239795919,328318833181,1,22.263698279857635,21.2273,21.479424,1.9533,23387,0.001024,4.333056,,0.037376,0.150528,0.000256,0.130304,0.007424,0.012544,,0.003072,,7.0891519999999995,10489,4128,154,0.024545399999624351
10490,221.54875199829931,328319045454,1,22.219600155949593,22.61,22.257408,0.4972,16805,0.001024,4.256512,,0.37068799999999996,0.15488,0.000256,0.130048,0.0076799999999999993,0.011519999999999999,,0.0025599999999999998,,7.2312319999999994,10490,4129,154,0.046950099999776285
10491,221.57138149801585,328319271554,1,22.629499435424805,22.665,0.040192,1.9706,16948,0.001024,4.371712,,0.03968,0.14540799999999998,0,0.125184,0.006656,0.011776,,0.003328,,6.369024,10491,4130,154,0.070018700000218814
10492,221.59183259637189,328319498204,1,20.451098680496216,21.0444,22.611712,2.1472,16955,0.001024,4.1459199999999994,,0.0384,0.14668799999999999,0,0.12723199999999998,0.0076799999999999993,0.010752,,0.0025599999999999998,,7.293952,10492,4131,154,0.090111200000137615
10493,221.61325729875281,328319708648,1,21.424703299999237,22.3718,20.408064,2.2932,16753,0.001024,4.265472,,0.33152,0.152064,0,0.131584,0.007424,0.010496,,0.002816,,5.57824,10493,4132,154,0.11164939999980561
10494,221.63442129393422,328319932366,1,21.163994446396828,23.0117,21.416192,2.119,16753,0.001024,4.1922559999999995,,0.040448,0.150784,0.000256,0.131328,0.007424,0.011007999999999999,,0.004096,,6.37568,10494,4133,154,0.13310300000011921
10495,221.6549190972222,328320162483,1,20.497802644968033,20.1491,21.13664,2.206,16753,0.001024,4.263936,,0.036095999999999996,0.150784,0,0.128,0.007168,0.011776,,0.004352,,7.2872959999999996,10495,4134,154,0.15316710000024614
10496,221.67820139597504,328320363974,1,23.282298818230629,21.5224,20.483328,2.333,16753,0.001024,4.1408,,0.044031999999999995,0.154112,0,0.134656,0.010752,0.014591999999999999,,0.002816,,7.15008,10496,4135,154,0.17655000000013388
10497,221.69926919642856,328320579198,1,21.067800000309944,21.3126,23.255808,2.15,16955,0.001024,4.168448,,0.88038399999999994,0.151552,0,0.131584,0.003328,0.012288,,0.003584,,8.657919999999999,10497,4136,154,0.19720239999969635
10498,221.72006420068027,328320792324,1,20.795004442334175,20.1833,21.04704,2.0585,22732,0.001024,4.340736,,0.040192,0.14668799999999999,0,0.125696,0.007424,0.011007999999999999,,0.0025599999999999998,,5.325824,10498,4137,154,0.21825549999994109
10499,221.74173009495465,328320994157,1,21.665893495082855,23.4509,20.7744,2.0887,16753,0.001024,3.981312,,0.036864,0.15231999999999998,0,0.13312,0.003584,0.011519999999999999,,0.002816,,5.751296,10499,4138,154,0.24031060000015714
10500,221.7628264951814,328321228666,1,21.096400916576385,20.6703,21.644544,2.0636,44209,0.0038399999999999997,4.251392,,0.037376,0.15001599999999998,0,0.129792,0.007424,0.012032,,0.002816,,7.478528,10500,4139,155,0.0034780000005412148
10501,221.78367469529476,328321435369,1,20.848199725151062,20.9524,21.078528,2.0692,16753,0.001024,4.2462719999999994,,0.043008,0.446208,0,0.425728,0.007424,0.011519999999999999,,0.004096,,6.989312,10501,4140,155,0.023618799999894691
10502,221.80589979450113,328321644893,1,22.225098684430122,22.1677,20.833792,0.4799,17100,0.001024,4.331264,,0.040704,0.146944,0,0.12672,0.004608,0.011776,,0.003328,,6.816768,10502,4141,155,0.045649600000615465
10503,221.82816510062358,328321866570,1,22.265305742621422,21.1902,0.041472,2.2618,16753,0.001024,4.374784,,0.49484799999999995,0.14668799999999999,0,0.126976,0.007424,0.012032,,0.002816,,5.92512,10503,4142,155,0.06832010000016453
10504,221.84734579790248,328322078472,1,19.180696457624435,20.1772,22.252288,2.1967,16753,0.001024,4.363008,,0.040704,0.14771199999999998,0,0.12825599999999998,0.007424,0.012032,,0.0038399999999999997,,7.334912,10504,4143,155,0.088297500000408036
10505,221.86955239512471,328322280244,1,22.206597030162811,22.1284,19.15648,2.0295,16753,0.001024,4.261632,,0.041471999999999995,0.14668799999999999,0.000256,0.127488,0.003328,0.011264,,0.0038399999999999997,,5.602048,10505,4144,155,0.10942119999981514
10506,221.89022819586168,328322501528,1,20.675800740718842,22.6203,22.1888,2.0923,17150,0.001024,3.974144,,0.039424,0.156416,0,0.137984,0.0076799999999999993,0.010752,,0.0025599999999999998,,6.0464639999999994,10506,4145,155,0.13022520000049553
10507,221.91146489512471,328322727731,1,21.23669907450676,19.9768,20.660736,2.2075,16753,0.0012799999999999999,4.263424,,0.039424,0.14976,0,0.12928,0.0048639999999999994,0.011519999999999999,,0.002816,,6.6913279999999995,10507,4146,155,0.1515002000005552
10508,221.9309044005102,328322927499,1,19.439505413174629,21.1053,21.220096,2.3285,16753,0.001024,4.153344,,0.03584,0.146432,0,0.128,0.0076799999999999993,0.010752,,0.0025599999999999998,,6.76992,10508,4147,155,0.17187480000029609
10509,221.95287549603174,328323138552,1,21.971095353364944,20.881,19.415808,1.9689,16753,0.001024,4.1602559999999995,,0.041471999999999995,0.150272,0,0.131072,0.007424,0.012032,,0.004096,,5.581568,10509,4148,155,0.19337540000014997
10510,221.97417199546484,328323347362,1,21.29649929702282,21.1096,21.940224,2.33,16805,0.001024,4.372736,,0.041984,0.149504,0,0.128512,0.007936,0.011264,,0.003328,,6.904832,10510,4149,155,0.21405140000024403
10511,221.99377109552154,328323558458,1,19.599100574851036,20.0683,21.271808,2.0398,16955,0.001024,4.365568,,0.041984,0.14976,0.000256,0.129792,0.007424,0.011007999999999999,,0.0038399999999999997,,7.314176,10511,4150,155,0.23386949999985518
10512,222.01922879818594,328323759141,1,25.457702577114105,21.8814,19.583488,2.2505,48249,0.001024,4.253952,,0.043775999999999995,0.14899199999999999,0.000256,0.130048,0.007424,0.011519999999999999,,0.0038399999999999997,,5.583616,10512,4151,156,0.004050200000165205
10513,222.03995159438776,328323977955,1,20.722795277833939,20.731,25.43104,1.9727,23582,0.001024,4.142336,,0.33971199999999996,0.1472,0,0.128,0.007168,0.011519999999999999,,0.002816,,8.95744,10513,4152,156,0.023723500000414788
10514,222.060263598356,328324185265,1,20.312003791332245,19.6986,20.697344,0.492,16753,0.001024,4.330496,,0.041215999999999996,0.151552,0,0.131584,0.007168,0.011007999999999999,,0.003328,,5.72288,10514,4153,156,0.044609700000364683
10515,222.08288589852606,328324382251,1,22.622300311923027,26.1795,0.040448,2.1234,16753,0.001024,4.154368,,0.041215999999999996,0.147968,0,0.12928,0.0076799999999999993,0.011776,,0.004096,,5.596416,10515,4154,156,0.066494100000454637
10516,222.10326289682538,328324644046,1,20.37699893116951,20.1361,22.635008,2.275,16955,0.001024,3.977216,,0.041984,0.1536,0,0.133632,0.0063999999999999994,0.012799999999999999,,0.0038399999999999997,,6.727424,10516,4155,156,0.087528800000654883
10517,222.12371070011338,328324845407,1,20.447803661227226,20.7921,20.348416,2.0836,16753,0.001024,4.333568,,0.039424,0.15001599999999998,0.000256,0.13055999999999998,0.007424,0.013056,,0.002816,,6.8607999999999993,10517,4156,156,0.10724650000065594
10518,222.14593679846939,328325053328,1,22.226098924875259,22.0389,20.43264,1.9815,154135,0.001024,4.150016,,0.042496,0.15001599999999998,0,0.130304,0.007424,0.010496,,0.003072,,6.644736,10518,4157,156,0.12945639999998093
10519,222.16703920068025,328325273717,1,21.102402359247208,20.9272,22.203392,2.6524,145466,0.001024,4.36992,,0.036095999999999996,0.152576,0,0.132608,0.007168,0.011264,,0.0025599999999999998,,7.073536,10519,4158,156,0.1506310000004305
10520,222.1899080994898,328325482989,1,22.868899628520012,19.6546,21.074432,2.1446,117567,0.0012799999999999999,4.3264,,0.033535999999999996,0.141312,0,0.122624,0.0048639999999999994,0.011264,,0.003072,,7.3963519999999994,10520,4159,156,0.17395149999993009
10521,222.21161459750567,328325679535,1,21.706497296690941,22.3568,22.855424,2.6327,78639,0.0012799999999999999,4.256,,0.03968,0.149504,0,0.12953599999999998,0.0051199999999999996,0.011264,,0.003072,,6.8057599999999994,10521,4160,156,0.1955221000007441
10522,222.23362699829931,328325903103,1,22.01240137219429,21.1819,21.679616,2.6195,16753,0.0012799999999999999,4.250624,,0.039424,0.149504,0,0.130816,0.0097279999999999988,0.010752,,0.003072,,6.817792,10522,4161,156,0.21971780000058061
10523,222.25310369897957,328326114922,1,19.476700574159622,23.3154,21.998592,2.5191,16753,0.582144,4.254976,,0.033791999999999996,0.146432,0.000256,0.126464,0.007936,0.010752,,0.002816,,8.503808,10523,4162,156,0.2395249999999578
10524,222.2783339994331,328326348076,1,25.230299681425095,21.3337,19.442944,2.838,44157,0.001024,4.140288,,0.040448,0.152832,0,0.132608,0.007424,0.011264,,0.002816,,5.7648639999999993,10524,4163,157,0.0055493999998361687
10525,222.2993817956349,328326561413,1,21.047797054052353,23.6865,25.227264,3.2267,16955,0.001024,4.258048,,0.035328,0.15001599999999998,0.000256,0.130304,0.007936,0.013056,,0.004096,,5.9159039999999994,10525,4164,157,0.025915199999872129
10526,222.31888809523809,328326798278,1,19.506299868226051,20.0159,21.014784,0.5995,16753,0.001024,4.258048,,0.035328,0.15001599999999998,0.000256,0.130304,0.007936,0.013056,,0.004096,,5.9159039999999994,10526,4165,157,0.043443300000035379
10527,222.34055739795917,328326998437,1,21.669302135705948,25.1993,0.04096,2.7765,16753,0.001024,4.133888,,0.039936,0.159488,0,0.13952,0.0076799999999999993,0.012032,,0.003328,,7.1096319999999995,10527,4166,157,0.0652712999999494
10528,222.36135890022675,328327250430,1,20.801501348614693,20.7557,21.642752,2.6234,16948,0.001024,4.260352,,0.03968,0.14848,0.000256,0.12953599999999998,0.0076799999999999993,0.011519999999999999,,0.002816,,7.29472,10528,4167,157,0.0853901999998925
10529,222.3818139951814,328327457987,1,20.455094054341316,18.0199,20.781056,2.6034,16753,0.001024,4.3333119999999994,,0.035584,0.152832,0,0.134912,0.007424,0.011007999999999999,,0.003584,,5.8816,10529,4168,157,0.10631180000018503
10530,222.40182059948978,328327638186,1,20.006604492664337,21.7293,20.437248,2.1647,34578,0.001024,3.9774719999999997,,0.402176,0.150528,0.000256,0.131072,0.007424,0.012032,,0.003072,,5.924096,10530,4169,157,0.12643519999983255
10531,222.42620719954647,328327855479,1,24.386599659919739,20.3245,19.991296,2.3174,31138,0.001024,4.14464,,0.043775999999999995,0.149248,0,0.128512,0.011776,0.012288,,0.0038399999999999997,,6.5597439999999994,10531,4170,157,0.15032630000041536
10532,222.44489190051019,328328058724,1,18.684700131416321,20.5726,24.368128,2.2008,16753,0.001024,4.339712,,0.041215999999999996,0.150528,0,0.130304,0.0097279999999999988,0.011264,,0.0025599999999999998,,7.74784,10532,4171,157,0.16926180000064051
10533,222.4695169005102,328328264450,1,24.624999612569809,20.3898,18.660352,2.4461,16753,0.001024,4.370944,,0.040704,0.14668799999999999,0.000256,0.12723199999999998,0.007424,0.012544,,0.0038399999999999997,,6.643712,10533,4172,157,0.1933273000004192
10534,222.48829649943309,328328468348,1,18.77959817647934,23.9239,24.599296,1.9938,16955,0.001024,3.988736,,0.039424,0.144128,0.000256,0.12544,0.0076799999999999993,0.011007999999999999,,0.004096,,8.855552,10534,4173,157,0.21237040000050911
10535,222.51133769841269,328328707587,1,23.041199892759323,18.8275,18.75328,2.5624,16753,0.001024,4.33536,,0.041471999999999995,0.150528,0,0.128512,0.007936,0.012032,,0.004096,,5.58592,10535,4174,157,0.23548440000013215
10536,222.53133709608844,328328895862,1,19.999397918581963,24.2035,23.036416,2.1613,44352,0.0012799999999999999,4.1646079999999994,,0.576768,0.15231999999999998,0.000256,0.132608,0.007424,0.012799999999999999,,0.002816,,7.883264,10536,4175,158,0.0044484000000011292
10537,222.55299219812923,328329137897,1,21.655101329088211,19.0118,19.965952,2.1166,23387,0.001024,3.980032,,0.347136,0.14899199999999999,0,0.12928,0.007424,0.011519999999999999,,0.002816,,6.829056,10537,4176,158,0.024255900000753172
10538,222.57260189909297,328329328015,1,19.609700888395309,23.1854,21.63072,0.4851,16753,0.001024,4.1536,,0.040192,0.15872,0,0.139008,0.0076799999999999993,0.011776,,0.0038399999999999997,,6.985472,10538,4177,158,0.0451894000007087
10539,222.5955674957483,328329559869,1,22.965596988797188,20.5148,0.040448,2.1984,16955,0.001024,4.376576,,0.041728,0.14771199999999998,0,0.128,0.003584,0.011519999999999999,,0.002816,,5.5339519999999993,10539,4178,158,0.0674486000007164
10540,222.61964629393424,328329765017,1,24.078797549009323,20.8533,22.468864,2.3817,16805,0.001024,4.369408,,0.516864,0.14848,0,0.128768,0.007424,0.011776,,0.0025599999999999998,,5.340672,10540,4179,158,0.09222810000028403
10541,222.63932580073694,328329973550,1,19.679507240653038,20.6392,24.04992,2.1079,16753,0.001024,4.254464,,0.040448,0.14668799999999999,0.000256,0.128,0.007424,0.011007999999999999,,0.0038399999999999997,,8.756224,10541,4180,158,0.11135009999998147
10542,222.660341595805,328330179942,1,21.015794947743416,22.2768,19.658752,2.3088,16753,0.001024,4.1408,,0.043264,0.150784,0,0.130816,0.0076799999999999993,0.011264,,0.002816,,6.369024,10542,4181,158,0.13195670000004611
10543,222.68306009778911,328330402710,1,22.718502208590508,24.9416,20.99456,2.5021,16753,0.001024,4.38016,,0.040448,0.15692799999999998,0.000256,0.138752,0.007424,0.010752,,0.003072,,5.0145279999999994,10543,4182,158,0.15466220000053
10544,222.70394449404762,328330652126,1,20.884396508336067,19.1479,22.70464,2.1882,17150,0.001024,4.365824,,0.349184,0.151552,0,0.131584,0.0076799999999999993,0.011776,,0.003072,,6.427136,10544,4183,158,0.1753790000002482
10545,222.724363598356,328330843605,1,20.419104024767876,20.6644,20.792064,2.3947,16753,0.001024,4.329216,,0.043008,0.150784,0,0.131584,0.007424,0.011519999999999999,,0.002816,,6.9514239999999994,10545,4184,158,0.19567490000008547
10546,222.74653019416098,328331050249,1,22.166596725583076,22.6848,20.475648,2.0232,16753,0.001024,4.26624,,0.045568,0.156416,0,0.129792,0.0048639999999999994,0.010752,,0.003328,,5.902336,10546,4185,158,0.21866850000060367
10547,222.76680539965986,328331277097,1,20.275205373764038,20.7339,22.137856,2.3205,16753,0.001024,4.356352,,0.036608,0.152576,0,0.12928,0.0076799999999999993,0.012288,,0.002816,,7.450112,10547,4186,158,0.23832339999989927
10548,222.78696299603175,328331484436,1,20.157596096396446,20.2577,20.253696,2.5549,44157,0.001024,4.366592,,0.038911999999999995,0.14899199999999999,0,0.130816,0.007424,0.010239999999999999,,0.004096,,5.3439999999999994,10548,4187,159,0.0034669999995458056
10549,222.80921529903628,328331687013,1,22.252302616834641,22.953,20.146176,2.1426,16955,0.006144,4.32256,,0.037376,0.155904,0,0.12928,0.007424,0.011519999999999999,,0.004096,,5.736704,10549,4188,159,0.025034000000232481
10550,222.83080980017007,328331916543,1,21.594502031803131,19.705,22.235904,0.4813,16805,0.001024,4.151808,,0.044288,0.150272,0,0.130816,0.007424,0.011519999999999999,,0.002816,,6.436608,10550,4189,159,0.046494299999721989
10551,222.85183169642858,328332113593,1,21.021896973252296,20.7042,0.040192,2.1888,21091,0.001024,4.339968,,0.040704,0.15001599999999998,0.000256,0.130048,0.007168,0.012288,,0.003072,,5.935872,10551,4190,159,0.067644099999597529
10552,222.87515949546486,328332320635,1,23.327799513936043,21.575,20.987904,2.1873,16948,0.001024,4.370944,,0.038655999999999996,0.1472,0,0.126976,0.0076799999999999993,0.011776,,0.003584,,6.577152,10552,4191,159,0.091290399999707
10553,222.89434179421767,328332536385,1,19.182298332452774,21.5152,23.310848,2.8894,116082,0.001024,4.182784,,0.037888,0.155392,0,0.135424,0.007424,0.011519999999999999,,0.0038399999999999997,,6.788352,10553,4192,159,0.11108609999973851
10554,222.9186473993764,328332751537,1,24.30560439825058,21.1267,19.16416,2.169,16753,0.001024,4.370176,,0.041728,0.14771199999999998,0,0.12825599999999998,0.006912,0.011264,,0.004352,,7.4388479999999992,10554,4193,159,0.13547560000006342
10555,222.9387931972789,328332962804,1,20.145798102021217,23.4795,24.276736,2.5775,16753,0.001024,4.368128,,0.507904,0.15129599999999999,0,0.131328,0.007168,0.011776,,0.003072,,7.72992,10555,4194,159,0.15650800000003073
10556,222.9625979946145,328333197599,1,23.804796859622,19.6442,20.127744,2.8359,16753,0.001024,4.318976,,0.04224,0.1536,0,0.133632,0.007424,0.012288,,0.002816,,5.7515519999999993,10556,4195,159,0.17906070000026375
10557,222.98283039965986,328333394041,1,20.232405513525009,24.528,23.785728,2.4418,16753,0.001024,4.16896,,0.94873599999999991,0.153088,0.000256,0.133888,0.0076799999999999993,0.012799999999999999,,0.004096,,7.779584,10557,4196,159,0.19918570000027103
10558,223.0049819940476,328333639321,1,22.15159498155117,20.9128,20.21888,2.7283,17100,0.001024,4.13056,,0.042752,0.15129599999999999,0,0.129792,0.0076799999999999993,0.011776,,0.004096,,7.387136,10558,4197,159,0.22114770000007411
10559,223.02712269699546,328333848449,1,22.140702232718468,22.601,22.1248,2.2516,21040,0.001024,4.1717759999999995,,0.927488,0.150528,0,0.130816,0.0076799999999999993,0.011776,,0.003584,,7.509504,10559,4198,159,0.24340200000006007
10560,223.04770339427438,328334074459,1,20.580697804689407,20.2902,22.121216,2.0532,44209,0.0012799999999999999,4.257792,,0.0384,0.15564799999999998,0.000256,0.13568,0.003328,0.012032,,0.004096,,7.406592,10560,4199,160,0.0040131000005203532
10561,223.07044730017006,328334277361,1,22.743906825780869,21.9649,20.495616,2.2568,23387,0.0012799999999999999,4.1451519999999995,,0.045056,0.150528,0,0.129792,0.0076799999999999993,0.012288,,0.003328,,5.5820799999999995,10561,4200,160,0.026616800000738294
10562,223.09079059665532,328334497010,1,20.343296229839325,22.0932,22.785536,0.792,16955,0.0012799999999999999,4.3706879999999995,,0.041471999999999995,0.154112,0,0.133888,0.0076799999999999993,0.010752,,0.0025599999999999998,,7.346432,10562,4201,160,0.04610670000056416
10563,223.11033539540816,328334717942,1,19.544798880815506,21.2978,0.040448,2.2609,16753,0.001024,4.329216,,0.04224,0.15129599999999999,0,0.13183999999999998,0.009984,0.011776,,0.003584,,7.052288,10563,4202,160,0.065641500000310771
10564,223.13249789540816,328334930920,1,22.162500768899918,22.7475,19.527168,2.4468,16753,0.001024,4.144128,,0.040448,0.15488,0,0.134912,0.007936,0.011007999999999999,,0.003584,,5.019392,10564,4203,160,0.0878591000000597
10565,223.15308300028343,328335158395,1,20.585104823112488,19.7004,22.159616,2.1353,16753,0.0012799999999999999,4.176384,,0.343808,0.157184,0,0.133376,0.0076799999999999993,0.012544,,0.003584,,5.93408,10565,4204,160,0.10824260000026698
10566,223.17562349773243,328335355399,1,22.540496662259102,19.5815,20.555776,2.3984,16753,0.0012799999999999999,4.164864,,0.043264,0.15923199999999998,0,0.135424,0.007424,0.011264,,0.002816,,6.935808,10566,4205,160,0.13090830000055576
10567,223.19708079648524,328335551214,1,21.457299590110779,22.0752,22.526976,2.4253,17150,0.001024,3.994112,,0.042496,0.152064,0,0.132096,0.007424,0.011776,,0.003072,,8.02944,10567,4206,160,0.15237010000055307
10568,223.21784569869612,328335771966,1,20.764902234077454,20.4694,21.435136,2.1951,22537,0.001024,4.3671039999999994,,0.551424,0.150528,0,0.131328,0.007424,0.012032,,0.004096,,7.080704,10568,4207,160,0.17389830000047368
10569,223.23902410005667,328335976660,1,21.178402006626129,22.4799,20.736512,2.1962,16753,0.001024,4.266496,,0.043264,0.147968,0.000256,0.12825599999999998,0.0076799999999999993,0.011519999999999999,,0.004096,,5.8867199999999995,10569,4208,160,0.19414280000000872
10570,223.25998570011336,328336201459,1,20.961599424481392,21.6553,21.165056,2.3933,16805,0.001024,4.324864,,0.042752,0.158976,0,0.139264,0.007168,0.012032,,0.0038399999999999997,,6.292224,10570,4209,160,0.21499140000014449
10571,223.28202199546485,328336418012,1,22.036295384168625,21.4596,20.950528,2.2943,16753,0.0012799999999999999,3.9810559999999997,,0.042496,0.15231999999999998,0,0.132096,0.0076799999999999993,0.013056,,0.003072,,6.682624,10571,4210,160,0.23766630000045552
10572,223.30283399943309,328336632608,1,20.812004804611206,20.2136,22.006528,2.1669,44504,0.001024,4.1530879999999994,,0.349184,0.14899199999999999,0,0.12928,0.003072,0.010752,,0.0038399999999999997,,7.2151039999999993,10572,4211,161,0.0053565999996862956
10573,223.3237308956916,328336834744,1,20.896896719932556,21.005,20.792576,2.2388,16753,0.0012799999999999999,4.359424,,0.042496,0.148736,0,0.12928,0.0076799999999999993,0.013056,,0.002816,,7.163392,10573,4212,161,0.023830099999941012
10574,223.34610359977324,328337044794,1,22.37270399928093,22.6365,20.882944,0.8091,16753,0.001024,4.151552,,0.036351999999999995,0.152064,0,0.132096,0.010496,0.011264,,0.003584,,5.60128,10574,4213,161,0.046544199999516422
10575,223.36753679846939,328337271159,1,21.433198824524879,22.8453,0.040448,2.4759,16948,0.001024,4.261888,,0.319744,0.14771199999999998,0,0.127488,0.007424,0.012032,,0.003072,,7.499776,10575,4214,161,0.067260099999657541
10576,223.38745170068026,328337499612,1,19.9149027466774,18.6054,21.405952,2.6076,16753,0.001024,4.373504,,0.039936,0.15103999999999998,0.000256,0.132096,0.007424,0.011007999999999999,,0.003584,,5.904896,10576,4215,161,0.087072700000135228
10577,223.41134640022676,328337685666,1,23.894699290394783,22.8564,19.883264,2.3922,16955,0.001024,4.1628159999999994,,0.041471999999999995,0.151552,0,0.132096,0.010752,0.011519999999999999,,0.004096,,5.7374719999999995,10577,4216,161,0.11099060000015015
10578,223.43245689484127,328337914230,1,21.110493689775467,20.666,23.871744,2.3918,16753,0.001024,4.370432,,0.62003199999999992,0.152064,0,0.131328,0.007424,0.012288,,0.002816,,8.021248,10578,4217,161,0.13222499999938009
10579,223.45220469812924,328338120890,1,19.74780298769474,19.8995,21.04832,2.1741,16753,0.0012799999999999999,4.143872,,0.037888,0.15103999999999998,0,0.13055999999999998,0.007424,0.011776,,0.002816,,7.34336,10579,4218,161,0.15252849999978935
10580,223.47527050028344,328338319885,1,23.065801709890366,23.8453,19.770112,2.0322,16805,0.001024,4.2498559999999994,,0.042752,0.15334399999999998,0.000256,0.12928,0.007424,0.012799999999999999,,0.003584,,6.6513919999999995,10580,4219,161,0.17592309999963618
10581,223.49456629818593,328338558338,1,19.295798614621162,21.3049,23.053824,2.3599,16955,0.001024,4.2685439999999994,,0.040959999999999996,0.14976,0.000256,0.129024,0.0063999999999999994,0.011007999999999999,,0.004096,,6.9122559999999993,10581,4220,161,0.19403909999982716
10582,223.51654069586166,328338771387,1,21.974397823214531,19.926,19.269888,2.4348,16753,0.001024,3.9841279999999997,,0.040448,0.151552,0.000256,0.13183999999999998,0.003072,0.011776,,0.004352,,7.621376,10582,4221,161,0.21639649999997346
10583,223.53886739654195,328338970647,1,22.326700389385223,23.5862,21.952512,2.2744,16948,0.001024,4.3307519999999995,,0.22758399999999998,0.155392,0,0.128768,0.0076799999999999993,0.012544,,0.004096,,6.7906559999999994,10583,4222,161,0.23835150000013527
10584,223.56058399943311,328339206509,1,21.716602146625519,18.3691,22.309632,2.1821,44157,0.001024,4.370944,,0.344064,0.150272,0,0.130304,0.003328,0.012032,,0.0038399999999999997,,5.879808,10584,4223,162,0.0044746000003215158
10585,223.58071129535148,328339390200,1,20.127296447753906,22.308,21.695744,2.1827,23387,0.001024,4.246784,,0.041984,0.15462399999999998,0,0.13414399999999999,0.007168,0.011264,,0.004352,,6.959104,10585,4224,162,0.022846099999696889
10586,223.60245929705215,328339613280,1,21.748002618551254,21.871,20.113152,0.516,16955,0.001024,4.3706879999999995,,0.039424,0.148224,0,0.12825599999999998,0.007168,0.011776,,0.003072,,6.796544,10586,4225,162,0.044301099999756843
10587,223.62587449688209,328339831990,1,23.415200412273407,23.0274,0.03968,2.1724,16753,0.001024,4.374016,,0.304128,0.15488,0,0.134912,0.007424,0.012288,,0.003328,,7.162368,10587,4226,162,0.068574400000215974
10588,223.64439259495464,328340062264,1,18.518097698688507,18.9915,22.28352,2.3074,16753,0.0012799999999999999,4.339968,,0.041215999999999996,0.149504,0.000256,0.129792,0.007424,0.011776,,0.0038399999999999997,,7.5110399999999995,10588,4227,162,0.086670100000446837
10589,223.67019199971654,328340252179,1,25.799404829740524,21.5464,18.485248,2.9234,16753,0.001024,3.983104,,0.04224,0.15001599999999998,0,0.130304,0.0076799999999999993,0.011776,,0.0038399999999999997,,5.016832,10589,4228,162,0.11248950000026525
10590,223.68972899659863,328340467643,1,19.536996260285378,23.9416,25.786368,2.0826,17202,0.0012799999999999999,4.376576,,1.02016,0.152064,0,0.13183999999999998,0.007424,0.012032,,0.003584,,8.852992,10590,4229,162,0.13184330000058253
10591,223.70958999433105,328340707059,1,19.860997796058655,18.2584,19.514368,2.0412,16753,0.001024,4.265216,,0.041984,0.1472,0,0.127744,0.007424,0.011007999999999999,,0.003072,,5.957376,10591,4230,162,0.15140200000041659
10592,223.7317005952381,328340889643,1,22.110600024461746,25.9446,19.839744,2.463,16753,0.001024,4.267776,,0.036864,0.1472,0,0.127744,0.007168,0.011007999999999999,,0.004352,,6.651904,10592,4231,162,0.17409260000022186
10593,223.75219730017005,328341149089,1,20.496705546975136,19.4118,22.099456,2.0631,16753,0.0012799999999999999,4.333056,,0.036864,0.147968,0,0.128768,0.007936,0.012544,,0.003328,,5.8903039999999995,10593,4232,162,0.19439030000012281
10594,223.77569839852606,328341343207,1,23.501098155975342,19.5485,20.474112,1.9938,16753,0.001024,4.258304,,0.047104,0.150784,0,0.131584,0.007168,0.012032,,0.003328,,6.84416,10594,4233,162,0.21744010000020353
10595,223.79620819869615,328341538692,1,20.509799942374229,22.3513,23.479552,2.177,16955,0.001024,4.374016,,0.038144,0.150784,0,0.131072,0.007424,0.010239999999999999,,0.003584,,8.041984,10595,4234,162,0.23823850000007951
10596,223.81626839569159,328341762205,1,20.06019651889801,20.5272,20.4864,2.2757,44157,0.001024,4.380672,,0.041728,0.147968,0,0.128512,0.007424,0.012032,,0.002816,,7.178496,10596,4235,163,0.0035766000000876375
10597,223.839388598356,328341967477,1,23.120202124118805,23.1612,20.043008,2.0309,16753,0.001024,4.2641919999999995,,0.039424,0.14899199999999999,0,0.130304,0.007936,0.010752,,0.003584,,5.032448,10597,4236,163,0.025804300000345393
10598,223.86107089710885,328342199089,1,21.682299673557281,20.7879,23.096576,0.5673,16948,0.001024,4.372224,,0.360448,0.150784,0.000256,0.131072,0.007168,0.012288,,0.004096,,5.581312,10598,4237,163,0.0475112000003719
10599,223.88355949546485,328342406968,1,22.48859778046608,21.2119,0.041984,2.1985,16753,0.001024,4.358912,,0.041215999999999996,0.15334399999999998,0,0.133632,0.007424,0.011776,,0.0025599999999999998,,7.2250879999999995,10599,4238,163,0.069996399999581627
10600,223.90468139880952,328342619087,1,21.121904253959656,22.2309,22.476288,2.289,17007,0.001024,4.3328,,0.37734399999999996,0.14899199999999999,0,0.12928,0.003328,0.012032,,0.0038399999999999997,,5.862144,10600,4239,163,0.090485300000182178
10601,223.92537869897959,328342841396,1,20.697299391031265,21.7482,21.087744,2.1575,16753,0.001024,4.170752,,0.042496,0.15103999999999998,0.000256,0.131584,0.010496,0.011776,,0.003072,,8.051968,10601,4240,163,0.11212940000041272
10602,223.94698869756235,328343058878,1,21.609999239444733,22.4632,20.698368,1.9124,16753,0.001024,4.256768,,0.041728,0.15616,0.000256,0.130816,0.007424,0.011776,,0.003584,,6.654208,10602,4241,163,0.13407720000031986
10603,223.97018609693876,328343283510,1,23.197399452328682,20.5195,21.588736,2.2814,16753,0.001024,4.172288,,0.041215999999999996,0.150272,0,0.131072,0.003584,0.012799999999999999,,0.0038399999999999997,,7.742208,10603,4242,163,0.15746450000006007
10604,223.99116420068026,328343488705,1,20.978104323148727,21.4559,23.188736,2.6309,16955,0.001024,4.257536,,0.0384,0.150528,0,0.131328,0.007168,0.012799999999999999,,0.004352,,7.2448,10604,4243,163,0.17836309999984223
10605,224.0119398951247,328343703264,1,20.775694400072098,21.9054,20.949248,2.6968,16948,0.001024,4.32512,,0.037888,0.15231999999999998,0,0.132608,0.007168,0.011007999999999999,,0.003072,,6.135808,10605,4244,163,0.19820379999964644
10606,224.03876839569159,328343922318,1,26.828501373529434,23.4435,20.749568,2.4553,20845,0.001024,4.359424,,0.037632,0.151552,0,0.13183999999999998,0.007424,0.011007999999999999,,0.003328,,8.173312,10606,4245,163,0.22556989999975485
10607,224.06030199829931,328344156753,1,21.533602848649025,20.9502,26.813952,2.1517,16753,0.001024,4.263936,,0.61670399999999992,0.149248,0,0.129792,0.004352,0.012032,,0.003072,,8.101632,10607,4246,163,0.24715279999963968
10608,224.08281679421768,328344366255,1,22.514795884490013,19.9109,21.390336,2.6427,44157,0.001024,4.13824,,0.043264,0.152832,0,0.13312,0.0076799999999999993,0.010752,,0.003072,,6.7107839999999994,10608,4247,164,0.0039970999996512546
10609,224.10546739654194,328344565364,1,22.650603204965591,27.0748,22.612992,2.3187,23589,0.0063999999999999994,4.354304,,0.666368,0.15334399999999998,0,0.132608,0.0076799999999999993,0.011776,,0.002816,,5.540864,10609,4248,164,0.02537179999944783
10610,224.12757249858277,328344836112,1,22.105101495981216,21.91,22.632448,0.4922,122231,0.001024,4.372992,,0.040448,0.1536,0,0.133888,0.0076799999999999993,0.011519999999999999,,0.0038399999999999997,,7.0243839999999995,10610,4249,164,0.048535400000218942
10611,224.14872619756235,328345055212,1,21.153699606657028,22.6291,0.04096,2.2476,127829,0.001024,4.36224,,0.21606399999999998,0.147968,0.000256,0.127488,0.0076799999999999993,0.011519999999999999,,0.002816,,7.240448,10611,4250,164,0.068650100000013481
10612,224.17208469387754,328345281503,1,23.358495905995369,21.6438,21.143808,2.2943,66475,0.001024,4.1699839999999995,,0.042752,0.15129599999999999,0,0.13183999999999998,0.007424,0.011776,,0.003072,,5.600256,10612,4251,164,0.092347400000107882
10613,224.19340449971654,328345497941,1,21.319806575775146,23.171,23.324672,2.0653,112521,0.001024,4.263424,,0.040959999999999996,0.15129599999999999,0,0.13183999999999998,0.007424,0.012799999999999999,,0.003072,,7.1262719999999993,10613,4252,164,0.11337579999963054
10614,224.21491609977323,328345729651,1,21.51159942150116,20.194,21.30048,2.2837,51895,0.001024,4.141312,,0.042496,0.14771199999999998,0.000256,0.128512,0.007424,0.012032,,0.0025599999999999998,,6.0723199999999995,10614,4253,164,0.13592189999963011
10615,224.23824739937641,328345931591,1,23.331299424171448,23.622,21.4912,2.1575,46901,0.001024,4.161536,,0.039424,0.15129599999999999,0,0.130304,0.0076799999999999993,0.012032,,0.002816,,6.7640319999999994,10615,4254,164,0.15877389999968727
10616,224.2594794005102,328346167811,1,21.2320014834404,21.1042,23.299328,2.1832,16753,0.001024,4.337664,,0.228096,0.1472,0.000256,0.127488,0.0063999999999999994,0.011264,,0.0038399999999999997,,6.266112,10616,4255,164,0.17988329999934649
10617,224.2827383999433,328346378853,1,23.2589989900589,22.2666,21.224704,2.6058,16753,0.001024,4.242944,,0.043008,0.14899199999999999,0,0.128768,0.0076799999999999993,0.011264,,0.003584,,6.9701119999999994,10617,4256,164,0.20259819999955653
10618,224.30312109552153,328346601519,1,20.382694900035858,22.9542,23.238656,2.0838,16955,0.001024,4.1717759999999995,,0.040959999999999996,0.153088,0.000256,0.13286399999999998,0.007424,0.011264,,0.003328,,7.996416,10618,4257,164,0.22353849999944941
10619,224.325427196712,328346831061,1,22.306101396679878,21.3014,20.36352,2.0193,16948,0.001024,4.142848,,0.036351999999999995,0.150272,0.000256,0.131328,0.011776,0.011519999999999999,,0.004096,,6.650112,10619,4258,164,0.24597720000019763
10620,224.34732639597505,328347044075,1,21.899199113249779,22.7189,22.287104,1.9636,44209,0.001024,4.347392,,0.040959999999999996,0.152064,0,0.132608,0.0076799999999999993,0.011519999999999999,,0.003072,,6.847744,10620,4259,165,0.0041396999995413353
10621,224.36609370039682,328347271264,1,18.767304718494415,20.9234,21.878528,2.2257,16753,0.001024,3.9815679999999998,,0.03712,0.150528,0.000256,0.13055999999999998,0.007168,0.012544,,0.003328,,8.489728,10621,4260,165,0.02182489999995596
10622,224.38849869614512,328347480498,1,22.404996678233147,22.2575,18.74688,0.546,16955,0.001024,3.991808,,0.03968,0.146944,0,0.12825599999999998,0.0076799999999999993,0.011007999999999999,,0.003584,,7.388672,10622,4261,165,0.043929899999966437
10623,224.41030359977324,328347703073,1,21.804902702569962,22.8844,0.03968,2.1624,116270,0.001024,4.369152,,0.368128,0.310784,0,0.13414399999999999,0.0076799999999999993,0.011776,,0.003328,,5.870336,10623,4262,165,0.066264699999919685
10624,224.43164859693877,328347931917,1,21.344996988773346,17.6323,21.764352,2.1764,34324,0.001024,4.1343999999999994,,0.0384,0.147968,0,0.12825599999999998,0.007168,0.012288,,0.0038399999999999997,,7.252224,10624,4263,165,0.086877299999287061
10625,224.45339829931973,328348108240,1,21.749703213572502,22.2154,21.347072,2.1982,31138,0.001024,4.1451519999999995,,0.48768,0.149248,0,0.129024,0.007936,0.012032,,0.003328,,5.8342399999999994,10625,4264,165,0.10868859999936831
10626,224.47256089852607,328348330394,1,19.162598997354507,22.2791,21.725696,2.3787,16753,0.0012799999999999999,4.36864,,0.037376,0.152064,0,0.131584,0.007424,0.011519999999999999,,0.003328,,6.899712,10626,4265,165,0.12853649999942718
10627,224.49588249716552,328348553185,1,23.321598768234253,20.7107,19.155456,2.113,17295,0.001024,4.3768319999999994,,0.040959999999999996,0.152064,0.000256,0.132352,0.009472,0.011519999999999999,,0.0038399999999999997,,5.5856639999999995,10627,4266,165,0.15122269999937998
10628,224.51678849914964,328348760292,1,20.906001329421997,21.7373,23.300864,2.405,16753,0.0012799999999999999,4.2649599999999994,,0.99148799999999992,0.15334399999999998,0.000256,0.133632,0.007424,0.012288,,0.003584,,6.813952,10628,4267,165,0.17291979999936302
10629,224.5383769982993,328348977665,1,21.58849872648716,19.9375,20.876032,2.0299,16753,0.001024,4.371968,,0.040448,0.15001599999999998,0.000256,0.131328,0.004352,0.011007999999999999,,0.003584,,5.393152,10629,4268,165,0.19376929999998538
10630,224.55906449829931,328349177040,1,20.687500014901161,22.6598,21.577472,2.1196,16805,0.001024,4.333056,,0.228352,0.150272,0.000256,0.130048,0.0076799999999999993,0.012544,,0.003328,,5.9007999999999994,10630,4269,165,0.21545209999931103
10631,224.58107869897958,328349403638,1,22.014200687408447,21.5361,20.676352,2.2212,16753,0.001024,4.147456,,0.03968,0.15129599999999999,0,0.131584,0.007424,0.012799999999999999,,0.003584,,6.590464,10631,4270,165,0.23700860000008106
10632,224.60207169784579,328349618999,1,20.992998033761978,20.9154,21.987584,2.453,44359,0.006144,3.9828479999999997,,0.036608,0.14771199999999998,0,0.128,0.003072,0.012288,,0.004096,,7.6218879999999993,10632,4271,166,0.0039149999993242091
10633,224.62404979450113,328349828153,1,21.978097036480904,21.5359,20.969728,2.139,23387,0.001024,4.3519999999999994,,0.044544,0.152064,0,0.13183999999999998,0.003072,0.011519999999999999,,0.003328,,7.08608,10633,4272,166,0.024749199999860139
10634,224.64386839569161,328350043512,1,19.81860026717186,21.6526,21.947904,0.4852,16948,0.001024,4.1566719999999995,,0.040192,0.151552,0,0.130816,0.003584,0.011519999999999999,,0.003072,,5.89952,10634,4273,166,0.0454608999998527
10635,224.66899419642857,328350260038,1,25.125801563262939,21.2895,0.039936,2.2305,16753,0.001024,4.167936,,0.039936,0.14771199999999998,0,0.128,0.003584,0.012288,,0.002816,,5.5971839999999995,10635,4274,166,0.069850599999881524
10636,224.68948560090703,328350472933,1,20.491404458880424,21.1557,25.108736,2.548,16955,0.001024,4.37376,,0.04224,0.14976,0,0.130304,0.007168,0.012799999999999999,,0.003584,,8.721408,10636,4275,166,0.0904805000000124
10637,224.71417069869614,328350684490,1,24.685097858309746,20.5497,20.475904,2.4883,22537,0.001024,4.366848,,0.0384,0.150784,0,0.131072,0.0076799999999999993,0.011776,,0.004096,,6.5305599999999995,10637,4276,166,0.11501479999969888
10638,224.73301229450112,328350889987,1,18.841596320271492,24.537,24.671488,2.181,16753,0.0012799999999999999,4.346368,,0.040704,0.146176,0.000256,0.128,0.007424,0.011007999999999999,,0.004096,,6.431232,10638,4277,166,0.13366640000003827
10639,224.7511556972789,328351135357,1,18.14340241253376,20.5391,18.819584,2.2931,16753,0.0012799999999999999,4.371968,,0.041215999999999996,0.148736,0,0.12953599999999998,0.007168,0.012544,,0.002816,,5.580032,10639,4278,166,0.15179719999923691
10640,224.77381559665531,328351340748,1,22.659899666905403,24.5998,18.120704,2.012,17513,0.001024,4.177664,,0.33228799999999997,0.15103999999999998,0,0.131328,0.003328,0.012032,,0.003584,,5.017856,10640,4279,166,0.1746778999995513
10641,224.79386099773242,328351586746,1,20.045401528477669,18.6586,22.640384,2.1358,51206,0.001024,4.180736,,0.038911999999999995,0.14668799999999999,0,0.127488,0.005376,0.010752,,0.0025599999999999998,,6.1632,10641,4280,166,0.19461979999960022
10642,224.81625489654195,328351773332,1,22.393899038434029,18.1608,20.025856,2.0369,16948,0.001024,4.365056,,0.040448,0.154112,0,0.133376,0.0076799999999999993,0.011007999999999999,,0.0025599999999999998,,5.594624,10642,4281,166,0.21744739999940066
10643,224.83753529620179,328351954940,1,21.280400454998016,22.8865,22.369024,2.0075,17123,0.001024,4.2606079999999995,,0.040192,0.145664,0,0.126976,0.007424,0.011264,,0.003072,,6.0101119999999995,10643,4282,166,0.23813100000006671
10644,224.8569139951814,328352183805,1,19.378699362277985,19.879,21.262592,2.3392,44157,0.001024,3.971072,,0.043008,0.15334399999999998,0,0.133376,0.009216,0.011519999999999999,,0.004096,,5.895936,10644,4283,167,0.0039930000002641464
10645,224.88101349914965,328352382595,1,24.099504575133324,22.905,19.36512,1.9769,16753,0.001024,4.170496,,0.039936,0.14668799999999999,0,0.126976,0.007424,0.011776,,0.003328,,6.4025599999999994,10645,4284,167,0.02678360000027169
10646,224.90308560090702,328352611645,1,22.072101011872292,20.6942,24.071936,0.4926,16955,0.001024,4.3671039999999994,,0.040959999999999996,0.148736,0.000256,0.12953599999999998,0.007424,0.011776,,0.003584,,9.2776959999999988,10646,4285,167,0.0490325999999186
10647,224.92298839994331,328352818587,1,19.902799278497696,20.6686,0.040192,2.1595,16753,0.001024,4.263936,,0.040704,0.15744,0,0.136704,0.007424,0.012032,,0.004096,,6.769152,10647,4286,167,0.068983099999968545
10648,224.94575379818593,328353025273,1,22.765398025512695,22.8026,19.880448,2.1999,16753,0.001024,4.3440639999999995,,0.041728,0.15231999999999998,0.000256,0.133376,0.007424,0.012544,,0.003328,,5.5892479999999995,10648,4287,167,0.092840000000251166
10649,224.966155194161,328353253299,1,20.401395857334137,22.172,22.753024,2.0614,16948,0.001024,4.254976,,0.28928,0.14899199999999999,0.000256,0.130048,0.0076799999999999993,0.011519999999999999,,0.0025599999999999998,,6.9629439999999994,10649,4288,167,0.11252220000005764
10650,224.98753929988661,328353475019,1,21.3841050863266,20.0252,20.380416,2.2259,17007,0.001024,4.372992,,0.039936,0.152064,0,0.133888,0.008192,0.011007999999999999,,0.004096,,5.019648,10650,4289,167,0.13447540000015579
10651,225.01027479450113,328353675271,1,22.735495120286942,23.6973,21.365248,2.3322,16753,0.0012799999999999999,4.369152,,0.35020799999999996,0.15692799999999998,0,0.133888,0.007936,0.011776,,0.002816,,5.576448,10651,4290,167,0.15686439999990398
10652,225.03047969812926,328353912244,1,20.204903557896614,19.8228,22.613248,2.2644,16753,0.001024,4.2685439999999994,,0.49151999999999996,0.148736,0,0.128768,0.0076799999999999993,0.012032,,0.003072,,8.216832,10652,4291,167,0.17688030000044819
10653,225.05204089427437,328354110472,1,21.561196073889732,21.7844,20.291584,2.246,20845,0.001024,4.260352,,0.043008,0.155392,0.000256,0.135424,0.007424,0.012288,,0.003328,,5.59104,10653,4292,167,0.19840410000051634
10654,225.07197289540815,328354328316,1,19.932001829147339,22.5414,21.55136,2.0594,16753,0.001024,4.332032,,0.044544,0.149248,0,0.12953599999999998,0.0076799999999999993,0.011776,,0.002816,,7.0197759999999993,10654,4293,167,0.21812170000066544
10655,225.09399589710884,328354553730,1,22.023001685738564,20.0041,19.896832,2.1645,16955,0.001024,4.148992,,0.041984,0.151552,0,0.131584,0.0076799999999999993,0.012288,,0.0038399999999999997,,7.536384,10655,4294,167,0.23984800000016548
10656,225.11652509920634,328354753771,1,22.529201582074165,21.3552,22.017536,2.2232,44157,0.001024,4.3404799999999994,,0.78899199999999992,0.15231999999999998,0,0.132608,0.007424,0.011264,,0.003072,,5.8928639999999994,10656,4295,168,0.003787200000260782
10657,225.13794509637188,328354967323,1,21.41999639570713,19.8689,22.48064,2.3019,23582,0.001024,4.336384,,0.042752,0.148736,0,0.12928,0.003328,0.012288,,0.0038399999999999997,,7.4132479999999994,10657,4296,168,0.024063899999418936
10658,225.15946539824262,328355166012,1,21.520301699638367,21.778,21.41952,0.5089,16753,0.001024,4.25856,,0.040959999999999996,0.14976,0,0.12953599999999998,0.003328,0.012288,,0.003328,,6.0643839999999996,10658,4297,168,0.0453840999998647
10659,225.18105999858275,328355383792,1,21.59460075199604,23.627,0.037632,2.0869,16753,0.001024,4.252928,,0.237056,0.14771199999999998,0.000256,0.128768,0.007424,0.012032,,0.003584,,6.8564479999999994,10659,4298,168,0.067143199999918579
10660,225.202790795068,328355620062,1,21.730797365307808,20.405,21.569792,2.1735,17007,0.001024,4.1433599999999995,,0.040448,0.151808,0,0.130304,0.0076799999999999993,0.011007999999999999,,0.003072,,5.8234879999999993,10660,4299,168,0.088688099999671977
10661,225.22447749433107,328355824112,1,21.686699241399765,21.4864,21.718528,2.205,16753,0.001024,4.3706879999999995,,0.036864,0.15488,0,0.13516799999999998,0.007424,0.012288,,0.004096,,7.3973759999999995,10661,4300,168,0.11024379999980738
10662,225.24647549603174,328356038976,1,21.998001262545586,21.7887,21.673216,2.3026,16753,0.001024,3.9889919999999996,,0.038144,0.153088,0,0.131584,0.007424,0.011264,,0.004096,,8.032,10662,4301,168,0.13242029999946681
10663,225.26631199688208,328356256863,1,19.836500287055969,21.5274,21.978624,2.2064,16753,0.001024,4.326656,,0.041215999999999996,0.149248,0,0.12928,0.007424,0.011776,,0.0038399999999999997,,7.1232,10663,4302,168,0.15219359999991866
10664,225.28846649659863,328356472137,1,22.154498845338821,21.5669,19.813632,2.0946,16753,0.001024,4.153856,,0.040192,0.15001599999999998,0.000256,0.130816,0.007424,0.010752,,0.0025599999999999998,,5.5892479999999995,10664,4303,168,0.17407120000007126
10665,225.31064749858277,328356687806,1,22.181002423167229,22.1191,22.104576,2.1303,17150,0.001024,4.2667519999999994,,0.3072,0.149504,0,0.12953599999999998,0.0076799999999999993,0.011264,,0.004096,,5.8856959999999994,10665,4304,168,0.19660209999983635
10666,225.33179979450114,328356908997,1,21.152295172214508,19.8155,22.182912,1.9367,16753,0.001024,4.33024,,0.040959999999999996,0.15488,0,0.12928,0.007424,0.011776,,0.003328,,7.1769599999999993,10666,4305,168,0.21794950000003155
10667,225.35195189909297,328357107152,1,20.152105018496513,21.8884,21.139456,2.116,16753,0.001024,4.16128,,0.040704,0.590336,0,0.570112,0.028928,0.010496,,0.004096,,5.862144,10667,4306,168,0.23763460000009218
10668,225.37644629393424,328357326036,1,24.494394659996033,22.5375,20.132096,2.2532,44157,0.001024,4.364288,,0.0384,0.15129599999999999,0.000256,0.13183999999999998,0.007936,0.012288,,0.003584,,6.497024,10668,4307,169,0.003640800000539457
10669,225.39654049744897,328357551411,1,20.09420283138752,21.111,24.472064,1.9603,16955,0.001024,4.337664,,0.041471999999999995,0.152064,0,0.131328,0.011007999999999999,0.010752,,0.002816,,8.39296,10669,4308,169,0.022892500000125438
10670,225.41770759637188,328357762521,1,21.167099475860596,19.9085,20.072704,0.4991,16805,0.001024,4.367872,,0.041215999999999996,0.14848,0,0.12825599999999998,0.007168,0.011264,,0.003328,,6.64832,10670,4309,169,0.044279400000050373
10671,225.43887729591836,328357961606,1,21.169699728488922,25.5627,0.040192,2.1241,16753,0.001024,4.178432,,0.041215999999999996,0.149504,0.000256,0.130816,0.007424,0.011519999999999999,,0.0038399999999999997,,5.9018239999999995,10671,4310,169,0.065334400000210735
10672,225.45691319444444,328358217233,1,18.035897985100746,19.3407,21.15328,2.0671,16948,0.001024,4.360192,,0.041984,0.15103999999999998,0.000256,0.130816,0.007168,0.012288,,0.002816,,6.116352,10672,4311,169,0.082987400000092748
10673,225.48026999716552,328358410640,1,23.356802761554718,21.0089,18.01216,11.2306,16753,0.001024,4.2496,,0.33536,0.150528,0.000256,0.131072,0.007424,0.012799999999999999,,0.0038399999999999997,,5.017856,10673,4312,169,0.10645569999996951
10674,225.50041899801587,328358620729,1,20.148999989032745,21.3831,23.337216,2.2299,16955,0.001024,4.3351039999999994,,0.041215999999999996,0.15103999999999998,0,0.131328,0.011007999999999999,0.011776,,0.003584,,6.71104,10674,4313,169,0.126458000000639
10675,225.52223570011336,328358834560,1,21.81670255959034,17.7008,20.120576,2.1045,16753,0.001024,4.329472,,0.040448,0.15129599999999999,0.000256,0.13183999999999998,0.007936,0.012032,,0.0038399999999999997,,6.6928639999999993,10675,4314,169,0.14905880000060279
10676,225.54251539824261,328359011568,1,20.279698073863983,23.3921,21.7984,2.0244,16753,0.001024,4.18304,,0.041471999999999995,0.15564799999999998,0,0.135936,0.0076799999999999993,0.016384,,0.003072,,5.329152,10676,4315,169,0.16854710000006889
10677,225.56563329790248,328359245489,1,23.117899894714355,20.1138,20.26112,2.4613,16753,0.001024,4.357632,,0.037888,0.14899199999999999,0,0.128768,0.007424,0.010752,,0.002816,,5.595904,10677,4316,169,0.19249010000021372
10678,225.58670170068027,328359446627,1,21.068403497338295,22.5867,23.10656,2.2214,16753,0.001024,3.983872,,0.038144,0.44518399999999997,0.000256,0.425728,0.0038399999999999997,0.012288,,0.003328,,7.2906239999999993,10678,4317,169,0.21355140000014217
10679,225.60715049603175,328359672494,1,20.448794588446617,19.4148,21.04192,3.1378,16955,0.001024,4.365568,,0.041984,0.149248,0,0.12953599999999998,0.007168,0.011264,,0.003072,,5.661696,10679,4318,169,0.23357280000072933
10680,225.63105159438774,328359866642,1,23.901097476482391,23.954,20.426496,2.1763,44404,0.001024,4.260864,,0.039168,0.14771199999999998,0,0.127744,0.011007999999999999,0.011776,,0.002816,,6.543616,10680,4319,170,0.0042178000003332272
10681,225.65063589852608,328360106182,1,19.584303721785545,20.9702,23.887104,2.5928,23387,0.001024,4.150784,,0.041215999999999996,0.15744,0,0.13286399999999998,0.007424,0.012288,,0.003072,,9.157119999999999,10681,4320,170,0.022760599999855913
10682,225.67615559807254,328360315884,1,25.519698858261108,20.0987,19.506944,0.5075,16753,0.001024,3.977728,,0.04224,0.15616,0.000256,0.13644799999999999,0.007424,0.011776,,0.003072,,6.548736,10682,4321,170,0.0479300000006333
10683,225.695778295068,328360516871,1,19.622696563601494,24.7225,1.801472,2.2263,16955,0.001024,4.363008,,0.03968,0.155136,0.000256,0.133632,0.007168,0.011776,,0.0038399999999999997,,7.289088,10683,4322,170,0.06733650000023772
10684,225.71629820011336,328360764096,1,20.519904792308807,18.8366,19.593984,2.3791,16753,0.001024,4.165632,,0.04224,0.15129599999999999,0,0.131584,0.007424,0.012032,,0.0025599999999999998,,6.7827199999999994,10684,4323,170,0.088141000000177883
10685,225.73889619472789,328360952462,1,22.597994655370712,25.3583,20.494336,1.9722,16753,0.001024,4.388096,,0.040448,0.147968,0,0.12953599999999998,0.0076799999999999993,0.010496,,0.002816,,5.0163199999999994,10685,4324,170,0.11078510000061215
10686,225.76076739654195,328361206045,1,21.871201694011688,19.3671,22.57792,1.9767,16753,0.0012799999999999999,4.375552,,0.33024,0.322048,0,0.128,0.008192,0.012544,,0.0038399999999999997,,5.880064,10686,4325,170,0.13282090000029712
10687,225.78050519416098,328361399716,1,19.737796857953072,20.9147,21.81632,2.1459,16948,0.001024,4.144384,,0.041215999999999996,0.1472,0,0.127744,0.007168,0.012799999999999999,,0.004352,,7.078912,10687,4326,170,0.15231180000046152
10688,225.80283789682539,328361608863,1,22.332701832056046,22.5724,19.762688,2.0512,16955,0.001024,4.260096,,0.043519999999999996,0.15001599999999998,0.000256,0.131072,0.0076799999999999993,0.011776,,0.003072,,5.5562239999999994,10688,4327,170,0.17498440000053961
10689,225.82658179563492,328361834587,1,23.743899539113045,21.9997,22.320128,2.2478,16753,0.001024,4.26368,,0.48281599999999997,0.150528,0,0.130304,0.003328,0.013824,,0.004096,,7.40224,10689,4328,170,0.19827470000018366
10690,225.84691969954648,328362054584,1,20.3379038721323,19.4555,23.70944,2.168,16805,0.001024,4.371712,,0.042496,0.15103999999999998,0,0.130048,0.007424,0.011519999999999999,,0.004096,,6.9603839999999995,10690,4329,170,0.21839009999985137
10691,225.86794449404761,328362249139,1,21.0247952491045,22.7888,20.321792,2.0019,16753,0.001024,4.254976,,0.04224,0.148224,0.000256,0.127488,0.007424,0.011519999999999999,,0.003584,,7.705088,10691,4330,170,0.23950969999987137
10692,225.88949469954647,328362477027,1,21.55020460486412,23.2104,21.024256,2.0625,44359,0.001024,4.374528,,0.041215999999999996,0.148736,0,0.129024,0.007424,0.013056,,0.0038399999999999997,,5.581312,10692,4331,171,0.0042708999999376829
10693,225.90986589427436,328362709131,1,20.371194928884506,20.2257,21.520384,2.1706,112532,0.001024,4.16896,,0.040959999999999996,0.14976,0,0.128768,0.0076799999999999993,0.012032,,0.003072,,6.046208,10693,4332,171,0.023279400000319583
10694,225.93223509778912,328362911388,1,22.369204089045525,21.0235,20.352,0.4962,16753,0.001024,4.273664,,0.040959999999999996,0.14771199999999998,0,0.128512,0.0076799999999999993,0.011519999999999999,,0.004096,,5.586944,10694,4333,171,0.046074699999735458
10695,225.95249979450114,328363121623,1,20.264696329832077,22.9896,0.039936,1.9707,16948,0.001024,4.2703359999999995,,0.64691199999999993,0.14668799999999999,0,0.126976,0.0076799999999999993,0.012032,,0.002816,,7.3599999999999994,10695,4334,171,0.066440700000384822
10696,225.97432269699544,328363351519,1,21.82290330529213,19.221,20.242432,2.404,16753,0.001024,4.2508799999999995,,0.043008,0.1472,0,0.12723199999999998,0.008704,0.011007999999999999,,0.0038399999999999997,,6.562048,10696,4335,171,0.087973800000327174
10697,225.99425279903627,328363543729,1,19.930101931095123,22.3553,21.805568,2.2585,17100,0.001024,4.3343359999999995,,0.037376,0.14899199999999999,0,0.12953599999999998,0.007424,0.010239999999999999,,0.002816,,6.919936,10697,4336,171,0.10805220000020199
10698,226.0195295989229,328363767282,1,25.276800617575645,20.6829,19.922176,2.0649,16753,0.001024,4.262656,,0.041215999999999996,0.147456,0,0.12825599999999998,0.011007999999999999,0.013312,,0.003328,,8.0468479999999989,10698,4337,171,0.13428170000042883
10699,226.04023499858275,328363974111,1,20.705400034785271,21.6243,25.240832,2.1298,16753,0.001024,4.262656,,0.041215999999999996,0.147456,0,0.12825599999999998,0.011007999999999999,0.013312,,0.003328,,8.0468479999999989,10699,4338,171,0.1541071000001466
10700,226.06126330073695,328364190354,1,21.0283026099205,19.9254,20.694016,2.2719,20897,0.001024,4.333056,,0.043264,0.14899199999999999,0.000256,0.128768,0.0076799999999999993,0.011007999999999999,,0.003072,,6.688768,10700,4339,171,0.17521959999976389
10701,226.08280189909297,328364389608,1,21.538598462939262,25.8149,21.00992,2.1417,16753,0.001024,4.342528,,0.040704,0.153088,0.000256,0.1344,0.007424,0.011007999999999999,,0.003584,,6.498304,10701,4340,171,0.19622030000027735
10702,226.10228639455781,328364647757,1,19.484495744109154,20.3737,21.530624,2.1443,17150,0.001024,4.1318399999999995,,0.043264,0.154368,0,0.132096,0.003584,0.012032,,0.004096,,7.915264,10702,4341,171,0.2171358000005057
10703,226.12685129676871,328364851494,1,24.564901366829872,21.1858,19.460864,2.2731,16753,0.001024,4.250112,,0.042496,0.14899199999999999,0,0.129024,0.007424,0.011264,,0.003328,,6.573312,10703,4342,171,0.24131560000023455
10704,226.1469262967687,328365063352,1,20.075000822544098,20.8581,24.544512,2.7598,167154,0.001024,4.1832959999999995,,0.041984,0.16127999999999998,0,0.126464,0.011519999999999999,0.011264,,0.0038399999999999997,,7.212032,10704,4343,172,0.0048284000004059635
10705,226.16691160005669,328365271933,1,19.985303282737732,20.6487,20.0512,2.9438,150243,0.001024,4.14208,,0.040448,0.15001599999999998,0.000256,0.12953599999999998,0.006656,0.010752,,0.002816,,5.750016,10705,4344,172,0.02260510000087379
10706,226.18879109977323,328365478420,1,21.879499778151512,24.384,19.958784,0.5997,49039,0.001024,4.178688,,0.039936,0.147456,0,0.129024,0.007424,0.010752,,0.0025599999999999998,,7.698688,10706,4345,172,0.044314700000541052
10707,226.21014919926304,328365722260,1,21.358098834753036,21.0398,0.03968,2.1035,137371,0.0012799999999999999,4.369152,,0.036351999999999995,0.153856,0,0.13183999999999998,0.007424,0.011264,,0.003328,,6.0659199999999993,10707,4346,172,0.066317700000581681
10708,226.23240719954649,328365932658,1,22.258000448346138,18.4743,21.33248,2.1767,46918,0.001024,4.248832,,0.041984,0.155904,0.000256,0.135936,0.007424,0.011776,,0.003072,,6.563072,10708,4347,172,0.087757300000703253
10709,226.25329149659862,328366117401,1,20.884297788143158,21.6016,22.24,2.1798,16753,0.001024,4.273152,,0.36735999999999996,0.152832,0,0.12825599999999998,0.008192,0.012288,,0.004096,,6.001408,10709,4348,172,0.1086529000003793
10710,226.27255969387755,328366333417,1,19.268197938799858,22.0683,20.865536,2.7443,17000,0.001024,4.369408,,0.0384,0.149504,0,0.129024,0.007424,0.011519999999999999,,0.0038399999999999997,,6.919168,10710,4349,172,0.12787300000036339
10711,226.29488369472787,328366554100,1,22.324001416563988,21.4702,19.244032,2.2835,17100,0.001024,4.33664,,0.043775999999999995,0.14771199999999998,0,0.127744,0.0076799999999999993,0.011007999999999999,,0.003072,,5.568,10711,4350,172,0.15053390000048239
10712,226.31785519416098,328366768802,1,22.9714997112751,20.9025,22.308608,2.0577,16753,0.001024,4.263936,,0.319488,0.148224,0,0.129024,0.007424,0.012032,,0.004096,,5.331968,10712,4351,172,0.17324860000007902
10713,226.33854810090702,328366977827,1,20.692907273769379,19.2407,22.956032,2.0218,16753,0.001024,4.149248,,0.041728,0.149248,0,0.130048,0.0076799999999999993,0.011519999999999999,,0.003072,,7.667456,10713,4352,172,0.19382360000054177
10714,226.35653719529478,328367170234,1,17.98909530043602,22.5783,20.666624,2.0452,16753,0.001024,4.1397759999999995,,0.041471999999999995,0.151552,0,0.13183999999999998,0.007936,0.015616,,0.0038399999999999997,,6.372608,10714,4353,172,0.21164260000023205
10715,226.38031960034013,328367396017,1,23.782404139637947,22.7593,17.9712,2.2513,16753,0.001024,4.169472,,0.343296,0.147968,0,0.127744,0.0076799999999999993,0.011519999999999999,,0.002816,,5.015552,10715,4354,172,0.23551260000022012
10716,226.40022959892289,328367623610,1,19.909998401999474,20.5692,23.769344,2.1868,44359,0.001024,3.984384,,0.040448,0.145152,0,0.126976,0.007168,0.010752,,0.0038399999999999997,,8.881152,10716,4355,173,0.0039886999993541394
10717,226.42567839427437,328367829302,1,25.448795408010483,17.8779,19.877632,2.087,16753,0.001024,4.326912,,0.045312,0.15462399999999998,0,0.1344,0.0076799999999999993,0.011007999999999999,,0.002816,,6.5643519999999995,10717,4356,173,0.028062299999874085
10718,226.4443944940476,328368008081,1,18.716100603342056,23.8712,24.422912,0.5148,34519,0.001024,4.333056,,0.040704,0.150528,0.000256,0.131072,0.007424,0.012288,,0.0025599999999999998,,9.11872,10718,4357,173,0.047105900000133261
10719,226.46972899659863,328368246793,1,25.334501639008522,21.2359,0.038656,2.3165,31138,0.001024,3.9805439999999996,,0.042752,0.15334399999999998,0,0.131328,0.007424,0.012032,,0.004096,,6.560256,10719,4358,173,0.07226859999991575
10720,226.48936209608843,328368459152,1,19.633099436759949,24.1922,25.314816,2.2651,17007,0.0012799999999999999,4.1530879999999994,,0.040704,0.15129599999999999,0.000256,0.132352,0.007424,0.012799999999999999,,0.003072,,8.7715839999999989,10720,4359,173,0.091644000000087544
10721,226.51069859693877,328368701074,1,21.336501464247704,19.043,19.617792,2.4355,16753,0.0012799999999999999,4.1602559999999995,,0.040959999999999996,0.142592,0.000256,0.123136,0.007424,0.011519999999999999,,0.003072,,6.054656,10721,4360,173,0.11301519999960874
10722,226.53304469954648,328368891504,1,22.346101701259613,24.9766,21.312,2.2476,16753,0.001024,4.36992,,0.041215999999999996,0.152064,0,0.132352,0.0076799999999999993,0.011264,,0.003584,,6.77504,10722,4361,173,0.13553239999964717
10723,226.55404619472787,328369141270,1,21.00149542093277,19.5388,22.323456,1.9998,16753,0.001024,4.25472,,0.03968,0.151552,0,0.13183999999999998,0.007424,0.012032,,0.003584,,6.90688,10723,4362,173,0.15774899999996705
10724,226.57656539824262,328369336658,1,22.519202902913094,21.4283,20.922624,2.0527,16753,0.001024,4.25472,,0.03968,0.151552,0,0.13183999999999998,0.007424,0.012032,,0.003584,,6.90688,10724,4363,173,0.17949270000008255
10725,226.59745249433107,328369550941,1,20.887095481157303,22.5134,22.560768,2.1726,17150,0.001024,4.25472,,0.037888,0.154368,0,0.133376,0.003328,0.010752,,0.002816,,6.8935679999999993,10725,4364,173,0.19982869999967079
10726,226.61984499716553,328369776075,1,22.392502054572105,21.6664,20.865024,2.1767,16753,0.001024,4.155904,,0.33100799999999997,0.151552,0,0.132096,0.007424,0.012544,,0.003072,,6.9708799999999993,10726,4365,173,0.22236599999996542
10727,226.63902349773241,328369992739,1,19.178500398993492,22.2633,22.380288,2.1943,16753,0.001024,4.342784,,0.041215999999999996,0.14848,0.000256,0.128768,0.007168,0.011007999999999999,,0.0038399999999999997,,6.9834239999999994,10727,4366,173,0.24141449999933684
10728,226.66086420068027,328370215372,1,21.840702742338181,20.3836,19.15392,2.4882,44157,0.001024,4.267264,,0.043519999999999996,0.15129599999999999,0,0.13055999999999998,0.0076799999999999993,0.012032,,0.003584,,5.909504,10728,4367,174,0.0041391000004296075
10729,226.68360269982992,328370419208,1,22.738499566912651,22.376,21.819136,2.1331,23387,0.001024,4.375552,,0.036864,0.15103999999999998,0,0.128768,0.007424,0.011519999999999999,,0.003072,,6.592256,10729,4368,174,0.025870800000120653
10730,226.70481379676869,328370642968,1,21.21109701693058,19.1888,22.71872,0.5251,17305,0.0012799999999999999,4.3343359999999995,,0.353792,0.153856,0,0.13414399999999999,0.011264,0.011519999999999999,,0.003584,,6.064896,10730,4369,174,0.046458499999971536
10731,226.72578909438775,328370834856,1,20.975297316908836,22.8846,0.039936,2.1662,16753,0.001024,4.150272,,0.04224,0.150528,0,0.130304,0.007424,0.011264,,0.0025599999999999998,,6.8759039999999993,10731,4370,174,0.067647900000338268
10732,226.74871489512472,328371063702,1,22.925801575183868,21.9878,20.952064,2.33,16753,0.001024,4.370944,,0.03712,0.16,0.000256,0.13644799999999999,0.007424,0.013056,,0.0038399999999999997,,6.8057599999999994,10732,4371,174,0.091869900000347116
10733,226.77244599631518,328371283580,1,23.731101304292679,20.7234,22.8992,2.3351,16948,0.001024,3.9864319999999998,,0.036864,0.151808,0,0.132096,0.007424,0.011776,,0.0025599999999999998,,5.9220479999999993,10733,4372,174,0.11481030000049941
10734,226.79208120039681,328371490814,1,19.63520422577858,21.1287,23.714304,2.0981,16955,0.001024,4.361472,,0.042752,0.150528,0.000256,0.129792,0.006144,0.009472,,0.014848,,7.52896,10734,4373,174,0.133977400000731
10735,226.81434689625848,328371702101,1,22.265695035457611,24.0357,19.598336,2.5868,16753,0.001024,3.8935039999999996,,0.038144,0.152064,0.000256,0.132096,0.007936,0.011519999999999999,,0.003328,,5.5989759999999995,10735,4374,174,0.15648080000028131
10736,226.83389550028343,328371942458,1,19.548604264855385,23.0549,22.247936,2.1961,16753,0.001024,4.369152,,0.03712,0.155904,0,0.12953599999999998,0.0076799999999999993,0.011519999999999999,,0.004096,,7.801856,10736,4375,174,0.17597079999995913
10737,226.85608969671202,328372173007,1,22.194195538759232,19.2593,19.536128,2.085,16753,0.001024,4.264448,,0.038144,0.150272,0,0.13055999999999998,0.007424,0.011519999999999999,,0.0025599999999999998,,5.746688,10737,4376,174,0.19840650000060123
10738,226.88012839427438,328372365600,1,24.03869666159153,22.305,22.174208,2.2793,16753,0.001024,4.176896,,0.83763199999999993,0.15001599999999998,0,0.130304,0.007168,0.011776,,0.0038399999999999997,,5.4328319999999994,10738,4377,174,0.22180639999987761
10739,226.90055449971655,328372588650,1,20.426105707883835,19.6166,24.025088,2.4541,16955,0.0012799999999999999,4.140288,,0.036095999999999996,0.150784,0,0.132096,0.007424,0.011007999999999999,,0.003584,,8.157696,10739,4378,174,0.24237970000012865
10740,226.92353319869613,328372784816,1,22.978698834776878,22.5182,20.392192,2.0664,44404,0.001024,4.261888,,0.03328,1.9711999999999998,0,0.130304,0.009984,0.013312,,0.004096,,6.6769919999999994,10740,4379,175,0.0037270000002536108
10741,226.94617760062357,328373009998,1,22.6444024592638,23.4118,22.318848,2.4377,16753,0.007424,4.360192,,0.033791999999999996,0.145664,0.000256,0.12595199999999998,0.008192,0.011007999999999999,,0.003328,,7.396608,10741,4380,175,0.025370800000018789
10742,226.96799730017005,328373244116,1,21.819699555635452,20.457,22.61376,0.4911,16753,0.001024,4.33536,,0.03712,0.15001599999999998,0,0.12953599999999998,0.009472,0.012799999999999999,,0.0025599999999999998,,7.286016,10742,4381,175,0.04748230000041076
10743,226.98945679563491,328373448686,1,21.459495648741722,23.999,0.040192,2.4455,16955,0.001024,4.3325439999999995,,0.039424,0.152832,0,0.133888,0.007424,0.011007999999999999,,0.004096,,6.059264,10743,4382,175,0.069070300000021234
10744,227.01002119472787,328373688676,1,20.564399659633636,21.6825,21.440256,2.1181,16753,0.001024,4.3361279999999995,,0.042752,0.14848,0.000256,0.129024,0.003328,0.011776,,0.004096,,5.3130239999999995,10744,4383,175,0.089613400000416732
10745,227.03332839427438,328373905501,1,23.307198658585548,22.0057,20.545536,2.299,16753,0.001024,4.263936,,0.04224,0.148224,0,0.12825599999999998,0.0076799999999999993,0.011264,,0.002816,,5.593088,10745,4384,175,0.11247910000020056
10746,227.05456799886619,328374125558,1,21.23960480093956,21.6512,23.283968,2.046,16753,0.001024,4.152064,,0.355328,0.14668799999999999,0,0.12672,0.007168,0.011776,,0.003328,,7.251968,10746,4385,175,0.13477240000065649
10747,227.07436369756235,328374342070,1,19.795699045062065,20.5223,21.184512,2.2207,21040,0.001024,4.14464,,0.041984,0.1536,0,0.13183999999999998,0.007424,0.012288,,0.003584,,7.041536,10747,4386,175,0.15403650000007474
10748,227.09664149659864,328374547293,1,22.277798503637314,22.9755,19.810304,2.3961,16955,0.001024,4.24704,,0.040704,0.147968,0,0.129024,0.0076799999999999993,0.012288,,0.0038399999999999997,,6.629632,10748,4387,175,0.17617539999992005
10749,227.1175523951247,328374777048,1,20.910898223519325,22.1117,22.251776,2.3231,16753,0.001024,4.360704,,0.040959999999999996,0.155392,0,0.134656,0.007424,0.014079999999999999,,0.003328,,6.7676159999999994,10749,4388,175,0.1967346000001271
10750,227.13838819444445,328374998165,1,20.835800096392632,19.3191,20.894464,2.179,16805,0.001024,4.163328,,0.03584,0.15129599999999999,0,0.132608,0.0076799999999999993,0.010752,,0.0038399999999999997,,5.8982399999999995,10750,4389,175,0.2178395000000819
10751,227.15917490079363,328375191356,1,20.786706358194351,22.2451,20.811776,1.964,16753,0.001024,4.25984,,0.039168,0.148224,0.000256,0.128512,0.007424,0.011007999999999999,,0.002816,,6.4586239999999995,10751,4390,175,0.23882730000059382
10752,227.18137149943308,328375413807,1,22.19659835100174,20.5384,20.775168,2.3877,44297,0.001024,3.97952,,0.042496,0.147968,0,0.128512,0.007424,0.011776,,0.002816,,6.56128,10752,4391,176,0.003919099999620812
10753,227.20187779903628,328375619191,1,20.506300032138824,20.9957,22.180352,2.0919,23589,0.0012799999999999999,3.97952,,0.039424,0.151808,0,0.132352,0.010752,0.010752,,0.003328,,5.9737599999999995,10753,4392,176,0.023019499999463733
10754,227.22217230017006,328375829148,1,20.294500514864922,21.1176,20.473088,0.5325,16753,0.001024,4.251904,,0.040704,0.153856,0,0.1344,0.003328,0.010752,,0.0025599999999999998,,6.779392,10754,4393,176,0.043548599999667204
10755,227.24420159438773,328376040324,1,22.029293701052666,22.6511,0.040448,2.6033,16948,0.001024,4.148992,,0.04224,0.149248,0,0.129792,0.004096,0.011007999999999999,,0.003072,,5.572096,10755,4394,176,0.0656989999997677
10756,227.266251098356,328376266835,1,22.049503400921822,19.5143,21.99936,2.1699,16753,0.001024,4.263936,,0.732416,0.14976,0,0.130304,0.007424,0.013312,,0.004352,,6.228224,10756,4395,176,0.087632799999482813
10757,227.28722490079363,328376461978,1,20.973801612854004,20.5543,22.030336,2.1071,16753,0.001024,4.139008,,0.0384,0.149248,0.000256,0.12723199999999998,0.007424,0.011007999999999999,,0.004096,,7.622144,10757,4396,176,0.10840259999986301
10758,227.307701098356,328376667521,1,20.476197823882103,21.9393,20.953088,1.9617,16955,0.001024,4.3732479999999994,,0.041215999999999996,0.14899199999999999,0,0.12928,0.007168,0.011264,,0.0038399999999999997,,5.910016,10758,4397,176,0.12989620000007562
10759,227.33119599631519,328376886914,1,23.494897410273552,22.1487,20.438272,2.1236,16753,0.001024,3.9774719999999997,,0.0448,0.152832,0,0.13312,0.009472,0.011007999999999999,,0.004096,,6.546944,10759,4398,176,0.15231609999955253
10760,227.35199159580498,328377108401,1,20.79559862613678,20.758,23.495168,2.1485,16805,0.001024,3.9889919999999996,,0.041215999999999996,0.15001599999999998,0,0.13055999999999998,0.007424,0.011519999999999999,,0.003072,,7.270912,10760,4399,176,0.17301829999996698
10761,227.37289919926303,328377315981,1,20.907603204250336,21.395,20.77568,2.1269,16753,0.001024,4.1459199999999994,,0.040448,0.46771199999999996,0.00896,0.128512,0.00896,0.001536,,0.009984,,6.9301759999999994,10761,4400,176,0.19414309999956458
10762,227.3944253968254,328377529931,1,21.526196971535683,22.4423,20.892416,1.9244,103559,0.001024,4.369152,,0.040959999999999996,0.153856,0.000256,0.133888,0.0076799999999999993,0.011519999999999999,,0.002816,,6.687232,10762,4401,176,0.21580029999950057
10763,227.41680909863945,328377754354,1,22.383701056241989,20.7254,21.506304,2.0489,31557,0.001024,4.195328,,0.041215999999999996,0.1536,0,0.1344,0.011007999999999999,0.012288,,0.003584,,5.996288,10763,4402,176,0.2390306999996028
10764,227.43929879535148,328377961608,1,22.489696741104126,21.2081,22.357248,2.9348,44297,0.001024,4.3648,,0.041984,0.148224,0,0.129024,0.0076799999999999993,0.012032,,0.0025599999999999998,,6.792704,10764,4403,177,0.0039139000000432134
10765,227.45997289540816,328378173689,1,20.674100145697594,21.3253,22.47552,2.4875,16753,0.001024,4.168704,,0.352512,0.148224,0,0.128512,0.003328,0.011264,,0.002816,,5.57184,10765,4404,177,0.02351379999981873
10766,227.48162159863944,328378386942,1,21.648703143000603,23.4244,20.658432,0.5256,16753,0.001024,4.324096,,0.040704,0.151552,0,0.13183999999999998,0.003584,0.011776,,0.003072,,7.519488,10766,4405,177,0.045294800000192481
10767,227.50319509637188,328378621186,1,21.573496982455254,22.8923,0.037888,2.0077,17100,0.001024,4.33408,,0.040448,0.14976,0,0.130304,0.003328,0.012288,,0.004096,,6.813952,10767,4406,177,0.06663250000019616
10768,227.52451019699546,328378850109,1,21.315101534128189,19.7128,21.559808,2.5376,16753,0.001024,4.370432,,0.31462399999999996,0.148224,0.000256,0.127744,0.007424,0.011776,,0.0038399999999999997,,6.856192,10768,4407,177,0.087640699999610661
10769,227.54429900085034,328379047237,1,19.788803532719612,21.6055,21.295104,2.2323,16948,0.001024,4.153344,,0.043264,0.14976,0.000256,0.130048,0.007424,0.011519999999999999,,0.002816,,6.633728,10769,4408,177,0.10741609999968205
10770,227.56779089427437,328379263292,1,23.491892963647842,21.4875,19.76448,1.9983,16805,0.001024,4.145408,,0.294912,0.147968,0,0.126464,0.006912,0.012032,,0.004096,,5.778944,10770,4409,177,0.13304950000019744
10771,227.58783379393424,328379478167,1,20.042899996042252,21.0357,23.494912,2.2746,16753,0.001024,4.182016,,0.036608,0.148736,0.000256,0.128768,0.0076799999999999993,0.012288,,0.0038399999999999997,,7.61728,10771,4410,177,0.15213200000016514
10772,227.61122009637188,328379688524,1,23.386303335428238,19.7813,20.027648,2.5713,16955,0.001024,4.242688,,0.039168,0.149504,0.000256,0.12928,0.007424,0.011776,,0.0025599999999999998,,5.5907839999999993,10772,4411,177,0.17453260000002047
10773,227.63243079648524,328379886337,1,21.210700273513794,25.0396,23.36128,2.1831,16753,0.001024,4.268288,,0.61849599999999993,0.150272,0,0.131584,0.0076799999999999993,0.012288,,0.0038399999999999997,,7.293184,10773,4412,177,0.19565779999993538
10774,227.65271150085033,328380136733,1,20.280703902244568,19.5253,21.1776,2.0984,16753,0.001024,4.366592,,0.043775999999999995,0.15129599999999999,0,0.131584,0.003328,0.011264,,0.002816,,5.930752,10774,4413,177,0.21668320000026142
10775,227.67595299744897,328380331986,1,23.241495713591576,22.5635,20.269056,2.2064,16753,0.001024,4.255744,,0.042752,0.153088,0.000256,0.132352,0.0076799999999999993,0.011007999999999999,,0.0038399999999999997,,6.592256,10775,4414,177,0.23930589999963559
10776,227.69474219812923,328380557621,1,18.789200112223625,21.0858,23.222272,2.1587,44694,0.0012799999999999999,4.3466239999999994,,0.040959999999999996,0.147968,0,0.128,0.003584,0.012032,,0.003072,,6.011648,10776,4415,178,0.0036985999995522434
10777,227.71679019982992,328380768479,1,22.048002108931541,20.8762,18.75712,3.0758,29171,0.001024,4.256256,,0.035584,0.150784,0,0.13183999999999998,0.007424,0.011007999999999999,,0.004352,,6.793728,10777,4416,178,0.025912099999914062
10778,227.73966219529478,328380977241,1,22.871995344758034,22.7415,22.025216,0.4894,16753,0.001024,4.328704,,0.039424,0.149504,0,0.12953599999999998,0.007424,0.010752,,0.003072,,7.3728,10778,4417,178,0.047754700000041339
10779,227.7611935941043,328381204656,1,21.531399339437485,19.5313,0.040448,2.2957,16753,0.001024,4.3351039999999994,,0.34815999999999997,0.150272,0,0.130048,0.003328,0.012032,,0.003328,,6.052096,10779,4418,178,0.068947099999604688
10780,227.78096299603175,328381399969,1,19.769402220845222,22.2839,21.511424,2.0967,16805,0.001024,3.9846399999999997,,0.043264,0.150784,0,0.130816,0.007936,0.011007999999999999,,0.002816,,7.510528,10780,4419,178,0.08914329999970505
10781,227.80269029903627,328381622808,1,21.727303043007851,22.0255,19.748096,2.0169,17100,0.001024,4.257792,,0.041215999999999996,0.154112,0.000256,0.133888,0.007424,0.012032,,0.003584,,5.569024,10781,4420,178,0.11088059999929101
10782,227.82769329648525,328381843063,1,25.002997368574142,21.2265,21.715968,2.1508,16753,0.001024,4.175872,,0.611072,0.14771199999999998,0,0.128512,0.003328,0.012032,,0.003584,,7.158016,10782,4421,178,0.13605719999941357
10783,227.84864029903628,328382055328,1,20.947001874446869,19.9455,24.97152,2.054,16948,0.001024,4.269056,,0.041215999999999996,0.167936,0,0.128,0.004608,0.011264,,0.003584,,7.8376959999999993,10783,4422,178,0.15679019999970478
10784,227.87197320011336,328382254783,1,23.332901298999786,21.9103,20.925952,2.1638,16753,0.001024,4.251392,,0.040704,0.14771199999999998,0,0.128,0.007424,0.011776,,0.004096,,5.58848,10784,4423,178,0.1801313999994818
10785,227.89146929563492,328382473886,1,19.496096298098564,25.1748,23.314176,2.0235,16955,0.0012799999999999999,4.146432,,0.033791999999999996,0.148736,0,0.130048,0.007936,0.010496,,0.0025599999999999998,,7.2970239999999995,10785,4424,178,0.19944279999981518
10786,227.91506919642856,328382725634,1,23.599900305271149,20.8154,19.47904,2.2092,16753,0.001024,4.146688,,0.041215999999999996,0.148224,0.000256,0.128,0.011776,0.011776,,0.003584,,6.5651199999999994,10786,4425,178,0.22276489999967453
10787,227.93770069444443,328382933788,1,22.63149805366993,23.1978,23.574272,1.9928,16753,0.0012799999999999999,4.174592,,0.42624,0.15103999999999998,0,0.130048,0.003584,0.012544,,0.003328,,7.447296,10787,4426,178,0.2458160999995016
10788,227.95964460034011,328383165766,1,21.94390632212162,19.4288,22.617344,2.1967,44297,0.001024,3.986176,,0.03968,0.14899199999999999,0,0.129024,0.007424,0.010752,,0.0025599999999999998,,6.1043199999999995,10788,4427,179,0.0035750999995798338
10789,227.98089129818592,328383360054,1,21.246697753667831,23.3326,21.915904,2.3431,16753,0.001024,4.171008,,0.040959999999999996,0.15103999999999998,0,0.131072,0.0076799999999999993,0.011519999999999999,,0.004352,,7.1769599999999993,10789,4428,179,0.024152599999979429
10790,228.00369619472789,328383593380,1,22.804897278547287,22.8994,21.235712,0.5266,17202,0.001024,4.2631679999999994,,0.041215999999999996,0.14976,0,0.130048,0.003328,0.011264,,0.0038399999999999997,,6.8938239999999995,10790,4429,179,0.047023999999510124
10791,228.02401499433105,328383822374,1,20.318798720836639,22.8925,0.040192,2.1451,16753,0.001024,3.9854079999999996,,0.039424,0.148736,0,0.12928,0.0076799999999999993,0.010496,,0.0025599999999999998,,7.121408,10791,4430,179,0.066964300000108778
10792,228.0471389951814,328384051299,1,23.124000057578087,20.467,20.310784,2.1951,16753,0.001024,4.3609599999999995,,0.039424,0.154112,0,0.13568,0.008192,0.011264,,0.004096,,8.476928,10792,4431,179,0.09071849999963888
10793,228.07005959467119,328384255969,1,22.920599207282066,22.9217,23.089408,2.3045,16753,0.001024,4.258304,,0.87859199999999993,0.147456,0.000256,0.127488,0.009216,0.011264,,0.003584,,7.8794239999999993,10793,4432,179,0.11313329999939015
10794,228.0897933956916,328384485186,1,19.733801484107971,20.0078,22.897664,2.5793,21047,0.001024,4.165888,,0.041215999999999996,0.148224,0,0.129024,0.011007999999999999,0.012544,,0.003584,,7.0517759999999994,10794,4433,179,0.13276299999961338
10795,228.11178419784579,328384685264,1,21.990802139043808,23.565,19.714048,2.1733,16753,0.001024,4.175872,,0.04224,0.15103999999999998,0,0.130048,0.0076799999999999993,0.010752,,0.002816,,5.942272,10795,4434,179,0.15460769999936019
10796,228.13568179563492,328384920914,1,23.897597566246986,22.5655,21.969408,2.3017,16753,0.001024,4.331264,,0.036095999999999996,0.147968,0,0.128768,0.0076799999999999993,0.010752,,0.003072,,7.4513919999999993,10796,4435,179,0.17856329999995069
10797,228.1517475977891,328385146569,1,16.065802425146103,19.5857,22.51008,2.0233,122374,0.001024,4.371456,,0.334848,0.146944,0,0.127488,0.007424,0.011776,,0.0038399999999999997,,7.4193919999999993,10797,4436,179,0.19464040000002569
10798,228.17637159863943,328385342426,1,24.624001234769821,21.9171,16.046848,1.9677,145400,0.001024,4.173312,,0.033535999999999996,0.152832,0,0.13414399999999999,0.007936,0.011007999999999999,,0.0025599999999999998,,5.01504,10798,4437,179,0.21961099999953149
10799,228.19618789682539,328385561597,1,19.81629803776741,23.9914,24.607232,2.1299,79187,0.001024,3.998464,,0.041215999999999996,0.14899199999999999,0,0.128768,0.007424,0.010752,,0.002816,,7.588864,10799,4438,179,0.23969820000002073
10800,228.21623609693876,328385801511,1,20.048199221491814,15.9411,19.788032,2.1615,121267,0.0012799999999999999,4.3192319999999995,,0.041984,0.149248,0,0.12928,0.0038399999999999997,0.011519999999999999,,0.004096,,7.1646719999999995,10800,4439,180,0.003697699999975157
10801,228.23853399943309,328385960922,1,22.297902032732964,25.0518,20.027136,2.0498,78444,0.001024,4.176384,,0.041471999999999995,0.15129599999999999,0,0.128,0.007424,0.011007999999999999,,0.0025599999999999998,,5.0163199999999994,10801,4440,180,0.025619500000175321
10802,228.26023869756236,328386211440,1,21.704697981476784,19.6963,22.286592,0.4911,16753,0.001024,4.1472,,0.394752,0.150784,0,0.130816,0.003328,0.011264,,0.002816,,6.8671999999999995,10802,4441,180,0.047225199999957113
10803,228.2819567956349,328386408403,1,21.718097850680351,20.9114,0.03968,2.2378,16753,0.001024,4.142848,,0.041728,0.15231999999999998,0,0.133376,0.007168,0.013056,,0.0038399999999999997,,7.15008,10803,4442,180,0.068301700000120036
10804,228.3035519982993,328386617517,1,21.595202386379242,21.8732,21.697024,2.1835,16955,0.001024,4.3343359999999995,,0.644096,0.34764799999999996,0,0.322816,0.003328,0.011519999999999999,,0.002816,,7.1165439999999993,10804,4443,180,0.089707499999349238
10805,228.32323419784581,328386836249,1,19.682198762893677,21.7315,21.56928,2.4803,16948,0.001024,4.1408,,0.041471999999999995,0.152064,0,0.132352,0.007424,0.012032,,0.003072,,7.106304,10805,4444,180,0.10962079999990237
10806,228.34643509778911,328387053564,1,23.200899362564087,20.9721,19.66464,2.2297,16753,0.001024,4.199168,,0.041984,0.152576,0,0.132096,0.003328,0.010496,,0.003328,,6.6624,10806,4445,180,0.13272760000018025
10807,228.36843939909295,328387263285,1,22.004300728440285,21.5337,23.181568,2.3135,16753,0.0012799999999999999,4.260864,,0.467968,0.14899199999999999,0,0.129024,0.003328,0.011519999999999999,,0.004096,,7.817728,10807,4446,180,0.1545365000001766
10808,228.387678295068,328387478622,1,19.238896667957306,19.7855,21.99424,2.3774,16753,0.001024,4.372736,,0.040192,0.151808,0,0.132352,0.007424,0.013568,,0.002816,,5.9043839999999994,10808,4447,180,0.17477150000013353
10809,228.41063570011337,328387676477,1,22.95740507543087,23.2182,19.198976,1.9243,16955,0.001024,3.9823359999999997,,0.03968,0.151808,0,0.132096,0.003328,0.011519999999999999,,0.003072,,5.5641599999999993,10809,4448,180,0.19673119999970368
10810,228.43169550028344,328387908659,1,21.059799939393997,21.8081,22.944256,2.4004,16805,0.0012799999999999999,4.2659839999999996,,0.039936,0.153088,0,0.133376,0.007424,0.013056,,0.003584,,6.22976,10810,4449,180,0.21898460000011255
10811,228.45258300028343,328388126740,1,20.887499675154686,20.1444,21.051392,1.9453,34324,0.001024,4.365824,,0.042752,0.150784,0.000256,0.130304,0.0076799999999999993,0.010239999999999999,,0.003584,,5.795328,10811,4450,180,0.2391539999998713
10812,228.47425299744896,328388328184,1,21.669996902346611,22.0891,20.866304,2.4849,58682,0.001024,4.2455039999999995,,0.038655999999999996,0.15129599999999999,0,0.131328,0.007424,0.013312,,0.003584,,7.27424,10812,4451,181,0.0036396000004970119
10813,228.4964170989229,328388549075,1,22.164100781083107,21.6613,21.647616,2.2105,17150,0.001024,4.2688,,0.038911999999999995,0.14976,0,0.130816,0.0076799999999999993,0.011776,,0.0025599999999999998,,7.84256,10813,4452,181,0.025213699999767414
10814,228.51747729591835,328388765688,1,21.060196682810783,20.5929,22.160128,0.4832,16753,0.0012799999999999999,4.1336319999999995,,0.039936,0.148736,0,0.128512,0.0076799999999999993,0.012288,,0.002816,,7.2898559999999994,10814,4453,181,0.045815500000571774
10815,228.53728509778909,328388971617,1,19.807802513241768,22.3999,0.040704,2.0063,16753,0.001024,4.337152,,0.039424,0.1536,0,0.13516799999999998,0.007424,0.010752,,0.003072,,5.9709439999999994,10815,4454,181,0.065810699999929057
10816,228.56012490079365,328389195616,1,22.839803248643875,21.3796,19.783424,2.1768,16753,0.001024,4.3653119999999994,,0.041984,0.14668799999999999,0,0.12723199999999998,0.007424,0.012288,,0.003072,,5.90208,10816,4455,181,0.089537900000323134
10817,228.581255194161,328389409412,1,21.130293607711792,20.8729,22.829056,1.9039,16753,0.001024,4.155648,,0.040704,0.15744,0,0.13055999999999998,0.007424,0.012032,,0.003328,,7.24736,10817,4456,181,0.10983829999986483
10818,228.60332679988662,328389618141,1,22.071605548262596,19.8253,21.108992,2.1992,16955,0.001024,4.363264,,0.0384,0.154368,0.000256,0.13516799999999998,0.003328,0.011519999999999999,,0.004096,,6.800128,10818,4457,181,0.13184040000032837
10819,228.62383909438773,328389816394,1,20.51229402422905,23.7576,22.064384,2.1592,16753,0.001024,4.176384,,0.25574399999999997,0.151552,0,0.128512,0.0076799999999999993,0.010752,,0.0038399999999999997,,6.972416,10819,4458,181,0.15267659999972238
10820,228.64325,328390053970,1,19.410906359553337,20.3532,20.487936,2.1747,16805,0.001024,4.381184,,0.041984,0.150784,0.000256,0.130816,0.007424,0.011007999999999999,,0.003072,,5.872896,10820,4459,181,0.17221940000035829
10821,228.66596919642856,328390257502,1,22.719196975231171,22.0493,19.387392,2.0242,16948,0.001024,3.976704,,0.038911999999999995,0.149248,0.000256,0.12953599999999998,0.003328,0.011776,,0.003584,,5.593856,10821,4460,181,0.19460010000057082
10822,228.68690749716552,328390477995,1,20.938301458954811,20.7284,22.666496,2.2405,16753,0.001024,4.369664,,0.042496,0.155392,0.000256,0.136704,0.007936,0.012032,,0.002816,,5.5979519999999994,10822,4461,181,0.21531920000052196
10823,228.70959569869615,328390685279,1,22.688200697302818,19.4463,20.950784,2.1436,16955,0.001024,4.257792,,0.041984,0.14668799999999999,0,0.12723199999999998,0.007424,0.012544,,0.003584,,6.0357119999999993,10823,4462,181,0.23883569999998144
10824,228.7299170989229,328390879742,1,20.321400836110115,22.5904,22.67648,2.0672,50931,0.001024,4.177408,,0.040448,0.148736,0.000256,0.12928,0.003328,0.012288,,0.003328,,7.2906239999999993,10824,4463,182,0.0034802999998646555
10825,228.75257259778911,328391105646,1,22.65549823641777,20.6947,20.283136,2.228,16753,0.001024,4.34176,,0.04224,0.15462399999999998,0,0.133632,0.007424,0.012032,,0.003584,,5.5828479999999994,10825,4464,182,0.025298599999587168
10826,228.77682929421769,328391312593,1,24.256696924567223,23.1954,22.640384,0.4992,16753,0.001024,4.34304,,0.036864,0.14668799999999999,0,0.126464,0.0076799999999999993,0.011264,,0.003584,,7.3635839999999995,10826,4465,182,0.049796799999967334
10827,228.79771629818592,328391544547,1,20.887004211544991,20.7068,0.040704,2.1482,16955,0.001024,4.15744,,0.036351999999999995,0.150272,0,0.130816,0.007424,0.011007999999999999,,0.002816,,8.83456,10827,4466,182,0.0707644000003711
10828,228.8221565972222,328391751615,1,24.440299719572067,21.7778,20.859648,2.2367,16948,0.001024,4.265728,,0.036351999999999995,0.151552,0,0.132096,0.003328,0.012544,,0.004096,,5.910272,10828,4467,182,0.095935600000302657
10829,228.84287999574829,328391969393,1,20.723398774862289,24.5048,24.422656,2.1591,16753,0.001024,4.373504,,0.040448,0.15231999999999998,0,0.133376,0.007424,0.012032,,0.0025599999999999998,,8.43648,10829,4468,182,0.1155058000003919
10830,228.86615620039683,328392214441,1,23.276204243302345,21.0078,20.70656,2.4693,16805,0.001024,4.35968,,0.391424,0.14668799999999999,0.000256,0.126976,0.003328,0.012288,,0.003584,,5.6007679999999995,10830,4469,182,0.13909249999960593
10831,228.88749089427438,328392424519,1,21.33469469845295,25.0839,23.255552,2.0307,16753,0.0012799999999999999,4.334848,,0.040959999999999996,0.15334399999999998,0,0.133376,0.007424,0.011776,,0.002816,,7.518464,10831,4470,182,0.16065410000010161
10832,228.90707709750566,328392675358,1,19.586203619837761,19.6665,21.3312,2.0701,115178,0.001024,4.143616,,0.039424,0.15129599999999999,0,0.131584,0.007168,0.010496,,0.003072,,6.03776,10832,4471,182,0.18020890000025247
10833,228.93097279620181,328392872023,1,23.89569953083992,23.5852,19.553536,2.2441,16753,0.001024,4.319744,,0.037888,0.150528,0,0.131072,0.009984,0.011007999999999999,,0.002816,,6.37184,10833,4472,182,0.2037265999997544
10834,228.95019010062359,328393107875,1,19.217304885387421,21.5703,23.888896,2.3341,16753,0.001024,4.163328,,0.039936,0.148224,0,0.12953599999999998,0.0076799999999999993,0.012288,,0.0038399999999999997,,9.136128,10834,4473,182,0.22296710000046005
10835,228.976213598356,328393323578,1,26.023497804999352,19.2762,19.1808,2.2277,16948,0.001024,4.1699839999999995,,0.041471999999999995,0.15001599999999998,0,0.130304,0.007424,0.012032,,0.0038399999999999997,,6.3831039999999994,10835,4474,182,0.2494739000003392
10836,228.99707039399092,328393516340,1,20.856795832514763,23.7627,26.00448,2.2155,44644,0.001024,4.2688,,0.039936,0.151808,0,0.13183999999999998,0.007424,0.013056,,0.002816,,9.1799039999999987,10836,4475,183,0.0036889000002702232
10837,229.01812119472788,328393753967,1,21.050801500678062,19.2424,20.847104,2.0886,16753,0.002048,4.24832,,0.043008,0.16,0.000256,0.133376,0.007424,0.012799999999999999,,0.003072,,6.0607999999999995,10837,4476,183,0.024939699999777076
10838,229.04137400085034,328393946391,1,23.252805694937706,26.4882,21.034496,0.5234,16753,0.001024,4.2667519999999994,,0.040959999999999996,0.152576,0,0.13312,0.0076799999999999993,0.011007999999999999,,0.003328,,7.487488,10838,4477,183,0.047247499999684806
10839,229.06324239654194,328394211273,1,21.868396550416946,21.367,0.03968,2.6067,16753,0.0012799999999999999,4.262912,,0.5504,0.14899199999999999,0.000256,0.129024,0.003328,0.012032,,0.003072,,7.4603519999999994,10839,4478,183,0.0687207999999373
10840,229.08286339994331,328394424943,1,19.621003419160843,21.2413,21.840128,2.0708,16805,0.001024,4.143616,,0.040704,0.148224,0.000256,0.129024,0.007424,0.011519999999999999,,0.003328,,6.3697919999999995,10840,4479,183,0.088731200000438548
10841,229.10524730017005,328394637356,1,22.383900359272957,22.3882,19.60192,2.2111,21047,0.001024,4.1638399999999995,,0.038655999999999996,0.148736,0,0.129024,0.0076799999999999993,0.011264,,0.0038399999999999997,,5.740288,10841,4480,183,0.11162580000018352
10842,229.1271179988662,328394861238,1,21.870698779821396,21.4523,22.365184,2.5644,16948,0.0012799999999999999,4.271104,,0.838912,0.150272,0.000256,0.129792,0.0076799999999999993,0.012032,,0.003328,,7.886848,10842,4481,183,0.13259310000012192
10843,229.14776899801586,328395075761,1,20.650999620556831,19.7792,21.821184,2.1749,16753,0.001024,4.24704,,0.043008,0.1536,0,0.133632,0.007936,0.013568,,0.002816,,6.968576,10843,4482,183,0.15430550000019139
10844,229.17165980017006,328395273553,1,23.890802636742592,23.1617,20.666368,2.3298,16753,0.001024,4.269056,,0.04224,0.153088,0,0.13312,0.0076799999999999993,0.011776,,0.002816,,5.75104,10844,4483,183,0.17731800000001385
10845,229.19243300028344,328395505170,1,20.773200318217278,20.999,23.879424,2.0676,16955,0.001024,4.369152,,0.040192,0.153856,0,0.13312,0.007424,0.010752,,0.002816,,7.3607679999999993,10845,4484,183,0.19773710000026767
10846,229.21176619897957,328395715160,1,19.333198666572571,21.4033,20.743936,1.968,22537,0.001024,4.3724799999999995,,0.037376,0.15103999999999998,0,0.130816,0.007424,0.012032,,0.003072,,5.893376,10846,4485,183,0.21763920000012149
10847,229.23408639455781,328395929193,1,22.320196032524109,23.2809,19.31904,2.0654,23387,0.001024,4.334592,,0.03584,0.147968,0.000256,0.128512,0.007424,0.010752,,0.003072,,7.1042559999999995,10847,4486,183,0.23965560000033292
10848,229.25556499433105,328396162002,1,21.478598937392235,20.4642,22.297088,2.2681,44297,0.001024,3.9808,,0.20940799999999998,0.15103999999999998,0,0.130304,0.007424,0.012544,,0.002816,,7.1398399999999995,10848,4487,184,0.0034351999993305071
10849,229.27829879535147,328396366644,1,22.733800113201141,19.5762,21.45792,2.2961,16948,0.001024,4.340992,,0.040959999999999996,0.148224,0.000256,0.128768,0.007168,0.011007999999999999,,0.003328,,6.0029439999999994,10849,4488,184,0.025631099999372964
10850,229.29867739512471,328396562406,1,20.3785989433527,22.3288,22.710528,0.4818,17152,0.0012799999999999999,3.973632,,0.040704,0.15488,0.000256,0.13516799999999998,0.003584,0.013056,,0.002816,,8.2424319999999991,10850,4489,184,0.046170299999175768
10851,229.32226849489794,328396785694,1,23.591099306941032,22.0882,0.04096,1.9938,16753,0.001024,4.3343359999999995,,0.039936,0.151552,0.000256,0.13183999999999998,0.007424,0.011264,,0.004096,,5.6043519999999996,10851,4490,184,0.069606499999281368
10852,229.34321719812925,328397006576,1,20.948702469468117,22.0517,23.565312,2.2754,16753,0.001024,4.17408,,0.040192,0.150784,0,0.13055999999999998,0.0076799999999999993,0.013568,,0.0038399999999999997,,7.415552,10852,4491,184,0.090313799999421462
10853,229.36513399943308,328397227093,1,21.916801109910011,20.4593,20.919552,2.3144,16753,0.001024,4.36992,,0.041471999999999995,0.154112,0,0.13286399999999998,0.007424,0.010752,,0.003328,,6.2016,10853,4492,184,0.11307979999946838
10854,229.38761780045351,328397431686,1,22.48380146920681,23.5964,21.90592,2.044,16753,0.001024,4.36608,,0.040704,0.150528,0,0.12825599999999998,0.0076799999999999993,0.011519999999999999,,0.0038399999999999997,,6.800128,10854,4493,184,0.13470689999940078
10855,229.40855589569159,328397667650,1,20.938094705343246,20.7781,22.45376,2.3962,16955,0.001024,4.371456,,0.040959999999999996,0.15001599999999998,0,0.130304,0.003072,0.012032,,0.004352,,5.903104,10855,4494,184,0.15570129999923665
10856,229.43149659863946,328397875431,1,22.940702736377716,22.5962,20.921088,2.012,16948,0.0012799999999999999,4.148224,,0.040704,0.152064,0,0.132608,0.003328,0.011776,,0.003072,,7.690752,10856,4495,184,0.17941929999960848
10857,229.45056649659864,328398101393,1,19.069898873567581,21.7536,22.91456,2.2005,16753,0.001024,4.181248,,0.041471999999999995,0.149248,0,0.12953599999999998,0.007424,0.011264,,0.003584,,8.39936,10857,4496,184,0.19844859999921027
10858,229.47711939484125,328398318929,1,26.552898809313774,20.9931,19.058176,2.3325,16753,0.001024,4.246528,,0.038911999999999995,0.147456,0,0.128,0.007424,0.010752,,0.0025599999999999998,,6.134784,10858,4497,184,0.22535879999941244
10859,229.49774349489795,328398528860,1,20.624099299311638,23.5727,26.49984,2.1721,16955,0.001024,3.9854079999999996,,0.62976,0.15103999999999998,0,0.130816,0.007424,0.012288,,0.002816,,8.602624,10859,4498,184,0.24473439999928814
10860,229.52033570011338,328398764587,1,22.592205554246902,19.2058,20.62848,2.4582,44349,0.001024,3.977216,,0.040448,0.151552,0,0.131584,0.0076799999999999993,0.011519999999999999,,0.002816,,5.90848,10860,4499,185,0.0041145000004689791
10861,229.541676098356,328398956645,1,21.340398117899895,26.7765,22.572288,2.2158,16753,0.001024,4.3456,,0.040959999999999996,0.151552,0,0.13183999999999998,0.007424,0.011264,,0.003072,,8.176896,10861,4500,185,0.024011200000131794
10862,229.56267989654194,328399224410,1,21.003797650337219,19.5263,21.27872,0.4967,16753,0.001024,4.26112,,0.22784,0.14668799999999999,0,0.12723199999999998,0.003072,0.011264,,0.0038399999999999997,,6.9096959999999994,10862,4501,185,0.04481240000040998
10863,229.58307670068027,328399419673,1,20.396804437041283,24.4847,0.037632,2.0165,16948,0.001024,4.33664,,0.0384,0.14976,0,0.129792,0.003072,0.012032,,0.002816,,6.9496319999999994,10863,4502,185,0.0653877000004286
10864,229.60446929563491,328399664520,1,21.392595022916794,20.0014,20.370176,6.492,16955,0.001024,4.349696,,0.045568,0.149248,0,0.12953599999999998,0.0038399999999999997,0.011519999999999999,,0.002816,,7.4239999999999995,10864,4503,185,0.08683030000065628
10865,229.62646399518141,328399864534,1,21.994698792696,20.787,21.371136,2.148,16753,0.001024,4.340224,,0.525312,0.14899199999999999,0,0.12825599999999998,0.007424,0.012288,,0.003072,,7.414528,10865,4504,185,0.1087258000006841
10866,229.64825389739229,328400072404,1,21.789902821183205,20.5133,21.990144,1.9953,16753,0.001024,4.145408,,0.03968,0.44646399999999997,0,0.427008,0.007424,0.011264,,0.004096,,7.004416,10866,4505,185,0.1304868000006536
10867,229.67055859552153,328400277537,1,22.304698824882507,21.2206,21.755904,2.1873,16753,0.001024,4.147456,,0.040704,0.149248,0.000256,0.128768,0.003072,0.011776,,0.0038399999999999997,,6.2028799999999995,10867,4506,185,0.15277970000079222
10868,229.68862949971654,328400489743,1,18.070904538035393,22.2241,22.2976,2.3776,16753,0.001024,4.2588159999999995,,0.041215999999999996,0.14771199999999998,0.000256,0.127744,0.0076799999999999993,0.011007999999999999,,0.003072,,7.464192,10868,4507,185,0.17045630000029632
10869,229.7126558956916,328400711984,1,24.026395753026009,21.5965,18.0416,2.2274,16955,0.001024,4.17152,,0.244224,0.155904,0,0.131584,0.007424,0.011519999999999999,,0.002816,,5.016576,10869,4508,185,0.19484640000064246
10870,229.73245620039683,328400927949,1,19.800305366516113,22.4272,24.00896,2.2858,23634,0.001024,4.374016,,0.040448,0.15462399999999998,0,0.136192,0.007168,0.011007999999999999,,0.002816,,7.8359039999999993,10870,4509,185,0.21435030000066035
10871,229.7540220946712,328401152221,1,21.565893664956093,17.6582,19.790848,2.3587,16753,0.001024,4.331264,,0.043775999999999995,0.152832,0.000256,0.13286399999999998,0.007424,0.012288,,0.004096,,5.743104,10871,4510,185,0.23603980000007141
10872,229.77372279620181,328401328803,1,19.700702279806137,24.0905,21.536256,2.2278,44860,0.001024,4.260352,,0.625408,0.15001599999999998,0,0.130304,0.004352,0.012288,,0.0038399999999999997,,6.974976,10872,4511,186,0.0034539999996923143
10873,229.7945348993764,328401569708,1,20.812103524804115,19.6892,19.696128,1.9582,51206,0.001024,4.15232,,0.040959999999999996,0.14848,0,0.127488,0.0051199999999999996,0.010496,,0.002816,,6.253568,10873,4512,186,0.024057099999481579
10874,229.81516459750566,328401766600,1,20.629698410630226,21.7893,20.77696,0.475,16753,0.001024,4.372736,,0.040448,0.150272,0,0.130304,0.007424,0.012544,,0.003584,,7.446528,10874,4513,186,0.044271199999457167
10875,229.83820659722221,328401984493,1,23.041998967528343,20.3396,0.040448,2.1722,17123,0.001024,4.1397759999999995,,0.037888,0.15129599999999999,0,0.131584,0.007424,0.013056,,0.003584,,6.768128,10875,4514,186,0.067238399999951071
10876,229.860030194161,328402187889,1,21.823596209287643,20.6385,23.021312,2.238,16753,0.001024,4.3440639999999995,,0.33510399999999996,0.150528,0.000256,0.13055999999999998,0.003328,0.011519999999999999,,0.003072,,5.8785279999999993,10876,4515,186,0.089498199999979988
10877,229.8804126984127,328402394274,1,20.382504910230637,20.1504,21.822464,2.2711,16753,0.0012799999999999999,4.324608,,0.042496,0.148736,0,0.128768,0.007424,0.011519999999999999,,0.0038399999999999997,,7.2668159999999995,10877,4516,186,0.10957949999919947
10878,229.90169849773241,328402595778,1,21.285798400640488,23.0038,20.348416,2.1875,17150,0.001024,4.1487359999999995,,0.044544,0.150784,0,0.131328,0.009984,0.011007999999999999,,0.003584,,5.7446399999999995,10878,4517,186,0.13129299999945943
10879,229.92398349631517,328402825816,1,22.284999489784241,22.27,21.270272,2.1225,16753,0.001024,4.148992,,0.039936,0.14899199999999999,0,0.128768,0.006912,0.011519999999999999,,0.003584,,6.785536,10879,4518,186,0.15357089999997697
10880,229.94678429705215,328403048516,1,22.800801321864128,20.143,22.265856,2.0243,16805,0.001024,4.3663359999999996,,0.043264,0.151552,0,0.132352,0.007936,0.011519999999999999,,0.003328,,8.44416,10880,4519,186,0.17680439999912778
10881,229.97114119897958,328403249946,1,24.3569016456604,21.5394,22.789376,2.1817,16753,0.0012799999999999999,4.334592,,0.040704,0.15001599999999998,0,0.131072,0.007424,0.012032,,0.003328,,7.6528639999999992,10881,4520,186,0.20027659999959724
10882,229.99170989937642,328403465340,1,20.568700507283211,22.4054,24.329728,2.5815,16955,0.001024,4.362496,,0.04224,0.151552,0.000256,0.131072,0.007424,0.011264,,0.003328,,7.2819199999999995,10882,4521,186,0.22133059999941906
10883,230.01279559948978,328403689394,1,21.085700020194054,23.0517,20.545024,2.3203,16753,0.001024,4.260352,,0.043519999999999996,0.145664,0.000256,0.126464,0.011264,0.011264,,0.004352,,6.86848,10883,4522,186,0.24273719999928289
10884,230.03792129393423,328403919911,1,25.125693529844284,23.6648,20.513536,2.1323,44297,0.001024,4.264704,,0.039168,0.146432,0,0.126208,0.010752,0.011007999999999999,,0.003328,,8.152576,10884,4523,187,0.0041989000001194654
10885,230.05754979450111,328404156559,1,19.628500565886497,21.0244,25.099776,2.3939,16948,0.001024,4.385536,,0.040959999999999996,0.149248,0,0.12928,0.007168,0.012288,,0.004096,,6.545408,10885,4524,187,0.023278200000277138
10886,230.0818435941043,328404366803,1,24.293798953294754,21.3522,19.601152,0.5102,16753,0.001024,4.25728,,0.040448,0.152832,0,0.132608,0.007424,0.010752,,0.002816,,5.584384,10886,4525,187,0.047762399999555782
10887,230.10185429421767,328404580325,1,20.010700449347496,25.7939,0.04096,2.2194,16955,0.001024,4.167936,,0.041215999999999996,0.14976,0,0.129792,0.003584,0.011519999999999999,,0.003584,,8.508416,10887,4526,187,0.066487500000221189
10888,230.12421049461452,328404838264,1,22.356200963258743,18.894,20.000768,2.6107,20845,0.001024,4.24576,,0.038144,0.154368,0,0.13414399999999999,0.006144,0.011007999999999999,,0.0038399999999999997,,6.784,10888,4527,187,0.0896480999999767
10889,230.1443262967687,328405027204,1,20.115802064538002,24.5351,22.335488,2.2124,122231,0.001024,4.137728,,0.043008,0.152576,0.000256,0.132608,0.008704,0.011007999999999999,,0.004096,,5.920768,10889,4528,187,0.1113100000002305
10890,230.1676593962585,328405272555,1,23.333098739385605,18.9353,20.097792,2.2308,127973,0.001024,4.137728,,0.043008,0.152576,0.000256,0.132608,0.008704,0.011007999999999999,,0.004096,,5.920768,10890,4529,187,0.13360649999958696
10891,230.18792059948979,328405461908,1,20.261203870177269,23.0051,23.314944,2.4376,48709,0.0012799999999999999,4.158976,,0.040959999999999996,0.15001599999999998,0,0.129792,0.007424,0.011519999999999999,,0.003328,,7.7081599999999995,10891,4530,187,0.15382260000023962
10892,230.21140909863945,328405691959,1,23.488499224185944,21.2198,20.25216,2.3231,84053,0.001024,4.2490879999999995,,0.043264,0.14976,0.000256,0.130048,0.007424,0.011264,,0.002816,,6.273536,10892,4531,187,0.17669469999964349
10893,230.23223849914964,328405904157,1,20.829400047659874,22.6673,23.462912,2.7204,98001,0.001024,4.259072,,0.79411199999999993,0.150272,0,0.131072,0.007424,0.012799999999999999,,0.0025599999999999998,,7.740416,10893,4532,187,0.19815730000027543
10894,230.25249089427436,328406130830,1,20.252395421266556,20.1409,20.798976,2.2255,53535,0.0012799999999999999,4.156416,,0.33100799999999997,0.15129599999999999,0,0.131072,0.007424,0.012799999999999999,,0.0038399999999999997,,5.964544,10894,4533,187,0.21755219999977271
10895,230.27415379818592,328406332239,1,21.66290394961834,23.0889,20.230144,2.6604,16753,0.001024,4.259328,,0.042496,0.151552,0,0.132608,0.0038399999999999997,0.011519999999999999,,0.004096,,6.5943039999999993,10895,4534,187,0.23902889999953914
10896,230.2944067956349,328406563128,1,20.252997055649757,20.6945,21.642752,2.4754,44499,0.001024,4.38656,,0.040959999999999996,0.14771199999999998,0.000256,0.128768,0.0038399999999999997,0.012544,,0.003072,,5.902336,10896,4535,188,0.0038312999995469
10897,230.31624389880952,328406770073,1,21.837102249264717,19.9278,20.236032,2.0897,16753,0.001024,4.2595839999999994,,0.040448,0.148224,0,0.126976,0.007424,0.012032,,0.003328,,6.0482559999999994,10897,4536,188,0.02490250000028027
10898,230.33901719812926,328406969351,1,22.773299366235733,21.7177,21.809664,0.4952,16753,0.001024,4.146176,,0.041215999999999996,0.15001599999999998,0,0.130048,0.007424,0.011776,,0.0038399999999999997,,6.77248,10898,4537,188,0.047395399999913934
10899,230.36138689767571,328407186528,1,22.36969955265522,21.3548,0.04096,2.2057,16805,0.0012799999999999999,4.377088,,0.334848,0.15103999999999998,0,0.131328,0.007424,0.011264,,0.0038399999999999997,,6.125312,10899,4538,188,0.069583999999849766
10900,230.38235229591837,328407400076,1,20.965397357940674,21.0154,22.35264,2.197,16753,0.0012799999999999999,4.37376,,0.040959999999999996,0.152064,0,0.132096,0.0076799999999999993,0.012544,,0.003584,,6.923264,10900,4539,188,0.090459999999438878
10901,230.40342549603173,328407610230,1,21.073199808597565,22.4129,20.940288,2.0545,116488,0.001024,4.256512,,0.535552,0.154112,0.000256,0.133376,0.007424,0.012032,,0.004096,,8.1269759999999991,10901,4540,188,0.11191839999992226
10902,230.42591589427437,328407834359,1,22.490398958325386,22.2787,21.049856,2.1087,16753,0.001024,4.1495039999999994,,0.036095999999999996,0.148224,0,0.128,0.003584,0.011519999999999999,,0.003328,,7.000832,10902,4541,188,0.13453899999967689
10903,230.4477223993764,328408057146,1,21.8065045773983,20.9278,22.472192,2.2913,34324,0.001024,4.3750399999999994,,0.040959999999999996,0.15231999999999998,0,0.131584,0.007424,0.012799999999999999,,0.003584,,6.750464,10903,4542,188,0.15595209999992221
10904,230.46873059807254,328408266424,1,21.008199080824852,21.3416,21.784576,2.5474,31138,0.001024,4.162304,,0.040959999999999996,0.150784,0.000256,0.129024,0.003072,0.011519999999999999,,0.004096,,6.5927679999999995,10904,4543,188,0.17786960000012186
10905,230.48876279761905,328408479840,1,20.03219909965992,22.5138,20.99072,2.1681,16753,0.001024,4.260352,,0.039936,0.148736,0.000256,0.128,0.007424,0.011007999999999999,,0.0038399999999999997,,8.76928,10905,4544,188,0.19727510000029724
10906,230.51158849914964,328408704978,1,22.825701162219048,21.6317,20.01152,2.17,17100,0.001024,3.985664,,0.040448,0.14848,0,0.12928,0.007424,0.011776,,0.0025599999999999998,,5.7664,10906,4545,188,0.2204437999998845
10907,230.53297119472788,328408921295,1,21.382695063948631,21.7323,22.801408,2.6646,16753,0.001024,4.155904,,0.040959999999999996,0.153088,0.000256,0.13312,0.007424,0.013312,,0.003328,,6.0518399999999994,10907,4546,188,0.24128010000003997
10908,230.55260199829931,328409138618,1,19.630802795290947,19.3837,21.362176,2.3067,44492,0.0012799999999999999,4.370432,,0.41292799999999996,0.146432,0.000256,0.12672,0.007424,0.011776,,0.003072,,6.473984,10908,4547,189,0.0044240999995963648
10909,230.57625939625851,328409332455,1,23.657398298382759,23.2495,19.61472,2.0584,16805,0.001024,4.2534399999999994,,0.04224,0.150784,0,0.131072,0.010239999999999999,0.011776,,0.0038399999999999997,,6.544128,10909,4548,189,0.02646550000008574
10910,230.59731529903627,328409564950,1,21.055903285741806,21.0082,23.627264,0.5404,16955,0.001024,4.186112,,0.194816,0.14848,0.000256,0.128768,0.003328,0.011264,,0.0038399999999999997,,7.054848,10910,4549,189,0.047315599999819824
10911,230.61911070011337,328409775032,1,21.795401349663734,21.0791,0.0384,2.1567,16753,0.001024,4.2516479999999994,,0.036864,0.145664,0,0.126208,0.007424,0.011519999999999999,,0.0025599999999999998,,6.221056,10911,4550,189,0.0696936000003916
10912,230.63861609977323,328409985823,1,19.505400210618973,22.2075,21.77792,2.1855,16753,0.001024,4.341248,,0.036864,0.153856,0,0.130816,0.0076799999999999993,0.011007999999999999,,0.003584,,8.835072,10912,4551,189,0.0893871999996918
10913,230.66157239937641,328410207898,1,22.956300526857376,20.9459,19.489536,2.3157,16753,0.0012799999999999999,4.260352,,0.043008,0.148736,0,0.12953599999999998,0.0076799999999999993,0.012544,,0.004096,,5.5641599999999993,10913,4552,189,0.11342739999963669
10914,230.6834267998866,328410417357,1,21.854400634765625,22.2019,22.927616,2.2306,16753,0.001024,4.260096,,0.040704,0.15231999999999998,0,0.132352,0.003072,0.012544,,0.002816,,5.888768,10914,4553,189,0.13462689999960276
10915,230.70426719812923,328410639376,1,20.840398967266083,19.7619,21.83296,2.873,22934,0.001024,4.351744,,0.035328,0.15129599999999999,0,0.131328,0.007424,0.011776,,0.0038399999999999997,,8.159744,10915,4554,189,0.15591169999970589
10916,230.7271375,328410836995,1,22.870302200317383,23.6827,20.82944,2.4261,16753,0.001024,4.1628159999999994,,0.043264,0.150528,0,0.13055999999999998,0.007424,0.012032,,0.003328,,6.791424,10916,4555,189,0.17905869999958668
10917,230.750465795068,328411073822,1,23.328294977545738,21.3576,22.85312,2.4126,16753,0.0012799999999999999,4.370432,,0.225792,0.14848,0.000256,0.129024,0.0076799999999999993,0.010496,,0.0025599999999999998,,7.07968,10917,4556,189,0.20262709999951767
10918,230.77193099489796,328411287398,1,21.465199068188667,21.043,23.251968,3.7969,23387,0.001024,4.16128,,0.475136,0.1536,0,0.12953599999999998,0.0076799999999999993,0.012544,,0.002816,,6.4514559999999994,10918,4557,189,0.22612469999967288
10919,230.79727819586168,328411497828,1,25.347201153635979,23.4066,21.4848,2.4807,17152,0.001024,3.9703039999999996,,0.040704,0.15231999999999998,0.000256,0.132352,0.007936,0.010496,,0.003328,,6.793728,10919,4558,189,0.24831240000003163
10920,230.81912529761902,328411731894,1,21.847100928425789,23.2141,25.325824,3.0821,44297,0.001024,4.273152,,1.149696,0.41753599999999996,0,0.131328,0.009472,0.010752,,0.004096,,8.007168,10920,4559,190,0.00478819999989355
10921,230.84402899659864,328411964035,1,24.90369975566864,23.3862,21.82272,2.3124,16753,0.001024,4.257536,,0.048128,0.15231999999999998,0,0.133376,0.0076799999999999993,0.011264,,0.003328,,7.8343679999999996,10921,4560,190,0.027733799999623443
10922,230.86400089994331,328412197897,1,19.971903413534164,22.6436,24.88064,0.7093,16948,0.001024,4.156928,,0.041984,0.151808,0.000256,0.132096,0.007424,0.011264,,0.003072,,8.403967999999999,10922,4561,190,0.048410600000352133
10923,230.8873875,328412424333,1,23.386599496006966,23.3889,0.040704,2.2986,16753,0.001024,4.169216,,0.0384,0.149504,0,0.12928,0.007424,0.010752,,0.002816,,6.822912,10923,4562,190,0.071400099999664235
10924,230.90781019699546,328412658222,1,20.422697067260742,22.9811,23.375104,2.3541,16955,0.001024,4.1771519999999995,,0.043519999999999996,0.148736,0,0.129024,0.00896,0.012032,,0.004096,,6.140416,10924,4563,190,0.0918467999999848
10925,230.92989389880952,328412888033,1,22.083701565861702,20.6931,20.411392,2.1566,16753,0.001024,4.35968,,0.040448,0.147456,0.000256,0.128512,0.201728,0.011007999999999999,,0.004096,,6.3971839999999993,10925,4564,190,0.11340850000033242
10926,230.95228979591835,328413094964,1,22.395897656679153,22.9388,22.059264,2.317,16753,0.001024,4.3192319999999995,,0.038655999999999996,0.15103999999999998,0,0.131328,0.007168,0.011776,,0.0038399999999999997,,8.5565439999999988,10926,4565,190,0.13609030000043276
10927,230.97394709467119,328413324352,1,21.657299250364304,20.6282,22.368768,2.2079,16753,0.001024,4.2623999999999995,,0.036095999999999996,0.157696,0,0.137984,0.0076799999999999993,0.012799999999999999,,0.003072,,7.183872,10927,4566,190,0.15729889999965962
10928,230.99409649943308,328413530634,1,20.149404183030128,21.4258,21.641472,2.6236,16955,0.001024,4.325632,,0.044031999999999995,0.148224,0,0.125696,0.0076799999999999993,0.010496,,0.0025599999999999998,,5.4461439999999994,10928,4567,190,0.1774652000003698
10929,231.01674139739228,328413744892,1,22.644897922873497,22.6992,20.13184,2.0591,16805,0.001024,4.333056,,0.041471999999999995,0.150272,0,0.130304,0.007424,0.010496,,0.002816,,5.571584,10929,4568,190,0.20076640000024781
10930,231.03819049744897,328413971884,1,21.449100226163864,21.2059,22.618112,2.3228,16948,0.001024,4.326912,,0.930048,0.150272,0.000256,0.131072,0.0076799999999999993,0.011776,,0.003328,,8.018688,10930,4569,190,0.22224689999984548
10931,231.05857809665531,328414183943,1,20.387599244713783,20.327,21.371136,2.3596,16753,0.001024,4.139008,,0.042496,0.153088,0,0.13312,0.007424,0.010752,,0.0025599999999999998,,6.039808,10931,4570,190,0.24349989999973332
10932,231.08183660005668,328414387213,1,23.258503526449203,23.0871,20.440832,2.2483,44297,0.001024,3.966976,,0.038655999999999996,0.152576,0,0.130816,0.0076799999999999993,0.012799999999999999,,0.003072,,6.17728,10932,4571,191,0.0041240999998990446
10933,231.10196690051021,328414618084,1,20.130300894379616,21.4193,23.230464,2.4635,16955,0.001024,3.97952,,0.041984,0.1472,0,0.128,0.0048639999999999994,0.012032,,0.0025599999999999998,,7.465216,10933,4572,191,0.023842900000090594
10934,231.12615309665532,328414832277,1,24.186195805668831,21.4056,20.108544,0.5179,20845,0.001024,4.137216,,0.040448,0.154368,0.000256,0.133632,0.003584,0.011007999999999999,,0.003584,,6.934784,10934,4573,191,0.047225399999661022
10935,231.14596439909297,328415046333,1,19.811302423477173,23.1349,0.0384,2.2192,16753,0.001024,4.36736,,0.042752,0.14848,0,0.129792,0.007424,0.010239999999999999,,0.003328,,6.0474879999999995,10935,4574,191,0.068467600000076345
10936,231.16873249716554,328415277682,1,22.76809886097908,19.6255,19.774464,2.4938,16753,0.001024,4.36736,,0.042752,0.14848,0,0.129792,0.007424,0.010239999999999999,,0.003328,,6.0474879999999995,10936,4575,191,0.089704600000004575
10937,231.18914659863944,328415473937,1,20.414100959897041,23.4856,22.754304,2.3167,16948,0.001024,4.254464,,0.0384,0.14899199999999999,0.000256,0.128768,0.0076799999999999993,0.011007999999999999,,0.0025599999999999998,,8.7488,10937,4576,191,0.11006470000029367
10938,231.21186829648525,328415708793,1,22.721698507666588,20.7331,20.394752,2.1927,16955,0.003584,4.165376,,0.036351999999999995,0.15231999999999998,0.000256,0.132352,0.007424,0.012544,,0.003584,,6.354176,10938,4577,191,0.13318150000031892
10939,231.23309669784581,328415916124,1,21.228400990366936,21.8196,22.711808,2.164,16805,0.001024,4.335616,,0.041215999999999996,0.148224,0,0.128768,0.007424,0.012799999999999999,,0.004096,,6.789632,10939,4578,191,0.15438210000047548
10940,231.254428295068,328416134320,1,21.331597119569778,20.3087,21.20064,2.3076,16753,0.001024,4.2606079999999995,,0.043008,0.149248,0,0.130048,0.007424,0.011776,,0.003584,,6.744064,10940,4579,191,0.17673889999969106
10941,231.27845530045352,328416337407,1,24.027004837989807,23.1565,21.306112,2.3159,23387,0.001024,4.2606079999999995,,0.043008,0.149248,0,0.130048,0.007424,0.011776,,0.003584,,6.744064,10941,4580,191,0.19998719999966852
10942,231.30003889597504,328416568972,1,21.583596244454384,21.0142,24.02304,2.1418,16955,0.0012799999999999999,4.267008,,0.77900799999999992,0.155136,0,0.130304,0.003584,0.011519999999999999,,0.003072,,9.700864,10942,4581,191,0.22124239999993733
10943,231.32047619756236,328416779114,1,20.437302067875862,21.8797,21.558528,2.5466,16753,0.001024,4.337408,,0.040448,0.14848,0,0.130304,0.0076799999999999993,0.011007999999999999,,0.0038399999999999997,,5.3475839999999994,10943,4582,191,0.24185579999993934
10944,231.34240399659862,328416997911,1,21.927798166871071,23.7008,20.417024,2.4156,44492,0.001024,4.147968,,0.046335999999999995,0.15129599999999999,0,0.13183999999999998,0.0076799999999999993,0.011007999999999999,,0.004096,,7.092224,10944,4583,192,0.0036535999997795443
10945,231.36320489654193,328417234919,1,20.800899714231491,21.4847,21.912832,2.5096,16753,0.001024,4.369664,,0.038911999999999995,0.147456,0,0.127744,0.007424,0.012544,,0.003072,,7.3804799999999995,10945,4584,192,0.023610100000041712
10946,231.38597959892289,328417449766,1,22.774701938033104,20.5628,20.76672,0.4881,16753,0.001024,4.3351039999999994,,0.036351999999999995,0.51635199999999992,0,0.12928,0.003584,0.011519999999999999,,0.003328,,7.0830079999999995,10946,4585,192,0.046576099999583676
10947,231.40598939909296,328417655394,1,20.009800791740417,22.1705,0.040192,2.1267,16955,0.001024,4.364288,,0.041984,0.152832,0.000256,0.133376,0.0076799999999999993,0.011519999999999999,,0.004096,,7.0607359999999995,10947,4586,192,0.066344299999400391
10948,231.42840620039681,328417877099,1,22.416802123188972,19.9756,20.00768,2.1423,16753,0.001024,4.372736,,0.03968,0.159488,0.000256,0.136192,0.007424,0.011007999999999999,,0.004096,,7.47776,10948,4587,192,0.090113299999757146
10949,231.44878279478456,328418076855,1,20.376594737172127,22.9989,22.400256,2.0565,16805,0.001024,4.258304,,0.21862399999999999,0.14848,0,0.128512,0.004352,0.012032,,0.002816,,8.015616,10949,4588,192,0.10930159999952593
10950,231.47237230017006,328418306844,1,23.589504882693291,19.7916,20.317952,2.5981,16753,0.0012799999999999999,4.256256,,0.040704,0.150272,0.000256,0.130304,0.007936,0.011264,,0.003328,,5.751808,10950,4589,192,0.13306349999947997
10951,231.49337189625848,328418504760,1,20.999595522880554,23.5412,23.595264,2.022,17150,0.001024,4.342528,,0.51072,0.14848,0,0.128,0.0038399999999999997,0.012799999999999999,,0.004096,,7.131392,10951,4590,192,0.15365349999956379
10952,231.51479069586168,328418740172,1,21.418798714876175,19.4187,20.996608,2.3136,16753,0.0012799999999999999,4.1379839999999994,,0.041984,0.148736,0,0.128768,0.003328,0.011776,,0.003584,,6.117888,10952,4591,192,0.17508969999926194
10953,231.53711879960318,328418934359,1,22.328102961182594,23.7471,21.393408,2.1427,16753,0.001024,4.1699839999999995,,0.038144,0.14771199999999998,0,0.127744,0.007424,0.011264,,0.003072,,7.551488,10953,4592,192,0.19741759999942587
10954,231.557263598356,328419171830,1,20.14479786157608,20.5613,22.297088,2.1591,16753,0.001024,4.379904,,0.219904,0.148736,0,0.128768,0.003584,0.011776,,0.0025599999999999998,,5.877504,10954,4593,192,0.21733839999978954
10955,231.58031999716553,328419377443,1,23.056399077177048,21.5271,20.139264,2.0397,16753,0.001024,4.370176,,0.402688,0.156672,0,0.13696,0.0076799999999999993,0.015104,,0.003328,,6.69056,10955,4594,192,0.24076689999947121
10956,231.60162289540816,328419592714,1,21.302897483110428,22.315,23.034112,2.2991,44499,0.001024,4.369664,,0.040704,0.149504,0.000256,0.12953599999999998,0.007424,0.011264,,0.003328,,9.027584,10956,4595,193,0.0038774000004195841
10957,231.62248129960315,328419815864,1,20.858403295278549,19.8422,21.289472,2.2652,16753,0.001024,4.262656,,0.03584,0.14668799999999999,0.000256,0.127744,0.0076799999999999993,0.013056,,0.0038399999999999997,,6.788608,10957,4596,193,0.023687500000050932
10958,231.64462799744896,328420014286,1,22.146698087453842,23.4158,20.831232,0.4765,16753,0.001024,4.150272,,0.036351999999999995,0.15744,0,0.13696,0.007936,0.012799999999999999,,0.003328,,5.57184,10958,4597,193,0.04598100000021077
10959,231.66686349914966,328420248444,1,22.235501557588577,22.2445,0.039424,2.1109,17000,0.001024,4.267264,,0.598528,0.1472,0,0.127744,0.003072,0.012799999999999999,,0.004096,,6.381824,10959,4598,193,0.068067400000472844
10960,231.68693549461452,328420470889,1,20.071996375918388,19.8486,22.217216,2.5235,16753,0.0012799999999999999,4.2498559999999994,,0.040448,0.145664,0,0.126208,0.007424,0.011007999999999999,,0.003584,,7.7649919999999995,10960,4599,193,0.087980299999799172
10961,231.71049469954647,328420669375,1,23.559205234050751,22.1087,20.052992,2.1439,16955,0.001024,4.369408,,0.043264,0.155392,0,0.13568,0.007424,0.010496,,0.0025599999999999998,,5.58848,10961,4600,193,0.11189910000030068
10962,231.732,328420890462,1,21.505299955606461,22.3372,23.428864,2.1538,16753,0.001024,4.36992,,0.22784,0.146432,0.000256,0.12672,0.0076799999999999993,0.012288,,0.003584,,7.546112,10962,4601,193,0.13324480000028416
10963,231.75131389597504,328421113834,1,19.31389607489109,19.887,21.600256,2.1221,16753,0.001024,4.35968,,0.039424,0.152064,0,0.13286399999999998,0.007936,0.012544,,0.003584,,5.9939839999999993,10963,4602,193,0.15263750000030996
10964,231.774402196712,328421312704,1,23.088300600647926,23.9235,19.297024,2.1865,16753,0.001024,4.3361279999999995,,0.038655999999999996,0.15129599999999999,0,0.132096,0.0076799999999999993,0.012799999999999999,,0.003328,,6.066176,10964,4603,193,0.17615569999998115
10965,231.7958922973356,328421551939,1,21.490100771188736,21.3109,23.077376,2.1201,23589,0.001024,4.390656,,0.040959999999999996,0.14899199999999999,0,0.12928,0.007424,0.012544,,0.0038399999999999997,,6.655488,10965,4604,193,0.19734280000011495
10966,231.81716369756234,328421765048,1,21.271400153636932,19.0584,21.464832,1.9946,16948,0.001024,4.257536,,0.039168,0.15488,0.000256,0.132608,0.0076799999999999993,0.012288,,0.002816,,5.68704,10966,4605,193,0.21955080000043381
10967,231.84088419784578,328421955632,1,23.720500990748405,23.4319,21.245184,2.3699,16753,0.001024,3.9761919999999997,,0.038655999999999996,0.15872,0,0.138752,0.0076799999999999993,0.012288,,0.003584,,5.4799359999999995,10967,4606,193,0.24384980000013456
10968,231.86168639455781,328422189951,1,20.802196115255356,21.5472,23.72096,2.6258,44297,0.001024,3.9761919999999997,,0.038655999999999996,0.15872,0,0.138752,0.0076799999999999993,0.012288,,0.003584,,5.4799359999999995,10968,4607,194,0.0036513999993985635
10969,231.88182539682538,328422405423,1,20.139003172516823,22.2233,20.777728,2.2173,16805,0.001024,4.337664,,0.039936,0.15564799999999998,0,0.13696,0.0076799999999999993,0.011264,,0.003328,,6.2248959999999993,10969,4608,194,0.022929699999622244
10970,231.90634820011337,328422627656,1,24.522803723812103,23.5995,20.107264,0.4978,117443,0.001024,4.189184,,0.035584,0.149504,0,0.130304,0.003584,0.011519999999999999,,0.003584,,6.878208,10970,4609,194,0.047636999999667751
10971,231.93017469529477,328422863651,1,23.826494812965393,20.6603,0.041216,2.1304,16753,0.001024,4.1761279999999994,,0.52147199999999994,0.150272,0,0.13055999999999998,0.007424,0.011264,,0.003584,,7.4513919999999993,10971,4610,194,0.0716802999995707
10972,231.94808419784579,328423070254,1,17.909502610564232,19.3415,23.813888,2.0926,16753,0.001024,4.3663359999999996,,0.040959999999999996,0.152832,0.000256,0.13414399999999999,0.007424,0.011007999999999999,,0.003584,,9.057792,10972,4611,194,0.089792499999930442
10973,231.97253779761903,328423263669,1,24.453599005937576,24.5142,17.887232,2.065,16948,0.001024,4.1308159999999994,,0.47897599999999996,0.155904,0,0.130048,0.007424,0.012544,,0.003328,,5.015296,10973,4612,194,0.11368979999951989
10974,231.99332839427436,328423508811,1,20.790597423911095,24.2361,24.423424,2.6461,17100,0.001024,4.372736,,0.041471999999999995,0.14771199999999998,0,0.128,0.005376,0.010496,,0.003072,,7.843584,10974,4613,194,0.13419689999955153
10975,232.01477659438774,328423751172,1,21.448200568556786,17.8573,20.7872,2.278,16753,0.001024,4.262144,,0.04224,0.149248,0,0.129792,0.0076799999999999993,0.011776,,0.0038399999999999997,,5.985024,10975,4614,194,0.1558629999999539
10976,232.03786529903627,328423929745,1,23.088704794645309,24.1213,21.423104,2.0285,16753,0.001024,4.2613759999999994,,0.041471999999999995,0.1536,0,0.133888,0.007168,0.011776,,0.003584,,6.397952,10976,4615,194,0.17953570000008767
