observation_frame,unscaled_time,frame_timing_timestamp,segment,"frame_interval_ms","cpu_frame_ms","gpu_frame_ms","cpu_render_thread_ms","gc_allocated_in_editor_frame_bytes","VSM.LayoutRemap_gpu_ms","VSM.Allocate_gpu_ms","VSM.InvalidateStatic_gpu_ms","VSM.ClearPhysicalPages_gpu_ms","VSM.StaticCasterCull_gpu_ms","VSM.DynamicCasterCull_gpu_ms","VSM.PageCull_gpu_ms","VSM.StaticRaster_gpu_ms","VSM.DynamicRaster_gpu_ms","VSM.UnityCompatibilityRaster_gpu_ms","VSM.FinalizePages_gpu_ms","VSM.ResetFeedback_gpu_ms","VSM.ResolveAndFeedback_gpu_ms"
14738,116.76214949688209,19073052025075,1,20.618898794054985,21.0241,0.045312,2.24,14555,0.0012799999999999999,16.115455999999998,,0.035328,0.35942399999999997,0,0.34022399999999997,0.0076799999999999993,0.012288,,0.0025599999999999998,,1.030144
14739,116.78216320153061,19073052235316,1,20.013704895973206,18.6806,20.604928,2.8818,14555,0.001024,16.3264,,0.035584,0.34099199999999996,0,0.31923199999999996,0.003584,0.010752,,0.002816,,1.142016
14740,116.80186320153061,19073052422122,1,19.700000062584877,20.7029,20.00384,2.2216,14555,0.001024,16.269824,,0.03968,0.349184,0,0.32972799999999997,0.0076799999999999993,0.011519999999999999,,0.003328,,1.031936
14741,116.821526098356,19073052629151,1,19.662896171212196,20.2729,19.664128,2.1822,14757,0.001024,16.116736,,0.033791999999999996,0.363776,0,0.343296,0.011776,0.010496,,0.0025599999999999998,,1.0304
14742,116.84124360119047,19073052831880,1,19.7175033390522,19.7784,19.653632,2.1748,14555,0.0012799999999999999,16.118016,,0.034048,0.35481599999999996,0,0.334848,0.0084479999999999989,0.011776,,0.002304,,1.03552
14743,116.86116879960316,19073053029664,1,19.925197586417198,19.8083,19.69152,2.1373,14750,0.001024,16.108031999999998,,0.034304,0.374272,0,0.35481599999999996,0.007936,0.012032,,0.0025599999999999998,,1.032448
14744,116.88059569869614,19073053227747,1,19.426899030804634,19.5224,19.908864,1.9151,14555,0.001024,16.329984,,0.034048,0.367616,0.000256,0.347136,0.008192,0.010496,,0.0025599999999999998,,1.031936
14745,116.90025179988662,19073053422971,1,19.656101241707802,19.5063,19.40608,1.9327,14607,0.001024,15.847679999999999,,0.034304,0.33792,0,0.31718399999999997,0.008192,0.011519999999999999,,0.0025599999999999998,,1.03552
14746,116.92005739795918,19073053618034,1,19.805597141385078,20.1388,19.639808,2.0172,14757,0.001024,16.100863999999998,,0.034304,0.334848,0,0.31488,0.0038399999999999997,0.010496,,0.0025599999999999998,,1.0329599999999999
14747,116.94013190192743,19073053819422,1,20.074503496289253,19.147,19.776768,2.5958,14555,0.001024,16.213248,,0.034304,0.35584,0,0.335872,0.007936,0.011264,,0.0025599999999999998,,1.02912
14748,116.95987069869614,19073054010892,1,19.738797098398209,19.7994,20.04864,2.2813,111585,0.001024,16.333824,,0.034304,0.532992,0,0.332544,0.010239999999999999,0.011264,,0.0025599999999999998,,1.0296319999999999
14749,116.97972429846938,19073054208886,1,19.853599369525909,20.1741,19.652864,2.0864,14555,0.001024,16.115455999999998,,0.034048,0.35456,0,0.33433599999999997,0.008192,0.010752,,0.0025599999999999998,,1.030912
14750,116.99969379960316,19073054410627,1,19.969500601291656,19.7067,19.909888,0.5723,14555,0.001024,16.331008,,0.033791999999999996,0.37068799999999996,0,0.35020799999999996,0.008192,0.010752,,0.0025599999999999998,,1.030656
14751,117.01911580215419,19073054607694,1,19.422002136707306,20.5593,0.046848,1.9119,14952,0.001024,15.860736,,0.035584,0.361728,0,0.341248,0.009472,0.011007999999999999,,0.0025599999999999998,,1.03424
14752,117.03852850056688,19073054813287,1,19.412698224186897,18.9456,19.385088,2.3233,14555,0.001024,15.853311999999999,,0.033791999999999996,0.353792,0,0.333312,0.009472,0.012032,,0.002304,,1.031936
14753,117.05820520124716,19073055002743,1,19.676700234413147,20.0991,19.398144,2.1679,14555,0.0012799999999999999,15.842816,,0.034048,0.369664,0,0.350464,0.008192,0.011007999999999999,,0.002304,,1.0311679999999999
14754,117.07785279903628,19073055203734,1,19.647598266601563,19.616,19.657728,2.2129,14555,0.0012799999999999999,16.105216,,0.034048,0.363264,0.000256,0.342784,0.008192,0.012288,,0.0025599999999999998,,1.0304
14755,117.09754720096372,19073055399894,1,19.694402813911438,19.4935,19.6224,2.0434,14555,0.001024,16.096256,,0.034304,0.358912,0,0.33894399999999997,0.0038399999999999997,0.010752,,0.0025599999999999998,,1.03168
14756,117.11747719671202,19073055594829,1,19.929995760321617,19.1843,19.666688,2.2516,14809,0.001024,16.10624,,0.034304,0.36607999999999996,0.000256,0.345856,0.008192,0.011264,,0.0025599999999999998,,1.0304
14757,117.13735489654195,19073055786672,1,19.877700135111809,19.6838,19.91808,1.9401,14555,0.001024,16.33024,,0.034304,0.346368,0.000256,0.325888,0.008192,0.012032,,0.0025599999999999998,,1.035008
14758,117.15706220238094,19073055983510,1,19.707305356860161,19.8256,19.858688,2.0805,20997,0.001024,16.110848,,0.034048,0.33408,0,0.31385599999999997,0.007936,0.011264,,0.0025599999999999998,,1.035008
14759,117.17691079931973,19073056181766,1,19.848596304655075,19.7929,19.673088,2.3068,14750,0.001024,16.098816,,0.034304,0.364544,0,0.34559999999999996,0.008192,0.012032,,0.0025599999999999998,,1.033472
14760,117.1967093962585,19073056379695,1,19.798597320914268,19.9988,19.827456,2.0036,14555,0.001024,16.265728,,0.034304,0.354048,0.000256,0.335872,0.007936,0.010752,,0.002816,,1.03168
14761,117.21655080073695,19073056579683,1,19.841404631733894,19.8951,19.778304,1.9607,111787,0.001024,16.225535999999998,,0.034304,0.366336,0,0.34559999999999996,0.0084479999999999989,0.011264,,0.0025599999999999998,,1.031936
14762,117.23638380102041,19073056778634,1,19.833000376820564,19.5619,19.824384,2.0835,14555,0.001024,16.265472,,0.034816,0.34355199999999997,0,0.32383999999999996,0.008192,0.010496,,0.0025599999999999998,,1.0311679999999999
14763,117.25631590136054,19073056974253,1,19.932100549340248,20.2914,19.811584,0.5528,14555,0.001024,16.267775999999998,,0.034048,0.34815999999999997,0,0.329216,0.008192,0.011007999999999999,,0.0025599999999999998,,1.035008
14764,117.27637310090702,19073057177167,1,20.057199522852898,20.4242,0.044544,2.1793,14555,0.001024,15.904511999999999,,0.037632,0.33792,0,0.318208,0.0038399999999999997,0.010496,,0.0025599999999999998,,1.034752
14765,117.29669559948979,19073057381409,1,20.322497934103012,18.7555,20.032768,2.3622,20339,0.001024,16.269824,,0.040959999999999996,0.36019199999999996,0,0.339968,0.006144,0.011519999999999999,,0.0025599999999999998,,1.036544
14766,117.3162632015306,19073057568964,1,19.567601382732391,20.0436,20.296192,2.2321,14902,0.001024,16.269824,,0.040959999999999996,0.36019199999999996,0,0.339968,0.006144,0.011519999999999999,,0.0025599999999999998,,1.036544
14767,117.33608830073696,19073057769400,1,19.825099036097527,20.1757,19.5648,2.4225,14802,0.001024,15.849984,,0.034304,0.361728,0,0.34227199999999997,0.008192,0.011264,,0.0025599999999999998,,1.02912
14768,117.35577909580499,19073057971157,1,19.690794870257378,20.5499,19.789056,1.9065,20339,0.001024,16.257023999999998,,0.034304,0.33536,0,0.315648,0.007936,0.010752,,0.0025599999999999998,,1.03168
14769,117.37523470096372,19073058176656,1,19.455604255199432,19.0814,19.675648,2.4212,14555,0.001024,15.903744,,0.035584,0.372224,0,0.35148799999999997,0.007424,0.010496,,0.0025599999999999998,,1.035008
14770,117.39519730017007,19073058367470,1,19.962599501013756,20.8137,19.438848,2.0312,28006,0.001024,15.848704,,0.034048,0.374784,0,0.35353599999999996,0.0038399999999999997,0.012032,,0.0025599999999999998,,1.031424
14771,117.41496850198412,19073058575607,1,19.77120153605938,19.3579,19.941888,2.114,14902,0.001024,16.206592,,0.03968,0.34944,0.000256,0.32844799999999996,0.010496,0.011776,,0.002304,,1.028864
14772,117.43484270124716,19073058769186,1,19.874198362231255,18.9899,19.75808,2.127,14555,0.001024,16.215296,,0.034048,0.350976,0.000256,0.33177599999999996,0.0038399999999999997,0.012032,,0.0025599999999999998,,1.0296319999999999
14773,117.4543262967687,19073058959085,1,19.483596086502075,20.4583,19.848704,1.9789,14555,0.001024,16.106496,,0.039424,0.369664,0.000256,0.34944,0.007424,0.010239999999999999,,0.0025599999999999998,,1.031424
14774,117.47440960175736,19073059163668,1,20.08330449461937,19.352,19.45984,1.9022,111585,0.001024,15.915519999999999,,0.034304,0.338176,0,0.318208,0.008192,0.010496,,0.002816,,1.031936
14775,117.49417660147392,19073059357188,1,19.766999408602715,20.0375,20.064256,1.9621,14750,0.001024,16.339712,,0.039936,0.366848,0,0.346624,0.007936,0.010752,,0.0025599999999999998,,1.0344959999999999
14776,117.51438810232426,19073059557563,1,20.21150104701519,19.073,19.74528,0.5885,14555,0.001024,16.215808,,0.03456,0.341504,0.000256,0.322304,0.007936,0.010752,,0.0025599999999999998,,1.031936
14777,117.53434800170068,19073059748293,1,19.959898665547371,20.9361,0.044288,2.1102,14757,0.001024,16.268288,,0.035584,0.353792,0.000256,0.33408,0.0076799999999999993,0.011264,,0.0025599999999999998,,1.0327039999999998
14778,117.55421490221087,19073059957654,1,19.866900518536568,18.7898,19.968,2.1028,14607,0.001024,16.261632,,0.039168,0.35481599999999996,0,0.334592,0.003328,0.011519999999999999,,0.002304,,1.0329599999999999
14779,117.57389859693878,19073060145552,1,19.683694466948509,20.3883,19.848448,1.9736,14555,0.001024,16.097535999999998,,0.039424,0.36224,0.000256,0.342528,0.007424,0.011007999999999999,,0.0025599999999999998,,1.027072
14780,117.59398589852607,19073060349435,1,20.087301731109619,19.951,19.664384,1.9831,14555,0.001024,16.116992,,0.033791999999999996,0.343296,0.000256,0.322816,0.0063999999999999994,0.011519999999999999,,0.0025599999999999998,,1.033472
14781,117.61387230017006,19073060548945,1,19.886402413249016,19.7309,20.069632,2.0107,14555,0.001024,16.352,,0.039168,0.33766399999999996,0,0.31872,0.0076799999999999993,0.011264,,0.0025599999999999998,,1.0311679999999999
14782,117.63381749574829,19073060746254,1,19.945194944739342,19.6277,19.872768,1.9263,14757,0.001024,16.327424,,0.03456,0.345344,0.000256,0.324864,0.0048639999999999994,0.011519999999999999,,0.0025599999999999998,,1.031936
14783,117.6535792020975,19073060942531,1,19.7617057710886,20.3115,19.928576,2.0226,14750,0.001024,16.213248,,0.039424,0.359168,0,0.33971199999999996,0.005632,0.011519999999999999,,0.002816,,1.0329599999999999
14784,117.67357369614513,19073061145646,1,19.994493573904037,19.9138,19.74784,2.029,20997,0.001024,16.212224,,0.033791999999999996,0.36403199999999997,0,0.344064,0.0038399999999999997,0.011264,,0.0025599999999999998,,1.0304
14785,117.6932338010204,19073061344784,1,19.6601040661335,19.9583,19.976704,2.028,14555,0.001024,16.25856,,0.035584,0.359936,0.000256,0.34099199999999996,0.012032,0.010752,,0.0025599999999999998,,1.032192
14786,117.71311919642856,19073061544367,1,19.885394722223282,19.7744,19.630336,2.1535,14555,0.001024,16.110336,,0.034304,0.354048,0,0.333568,0.0038399999999999997,0.010239999999999999,,0.0025599999999999998,,1.034752
14787,117.733325,19073061742111,1,20.205803215503693,19.9421,19.878656,2.0002,111787,0.001024,16.339199999999998,,0.033791999999999996,0.34559999999999996,0,0.325888,0.008192,0.010752,,0.002816,,1.028608
14788,117.75297639597505,19073061941532,1,19.651396200060844,19.5596,20.177408,2.3635,14607,0.001024,16.329728,,0.039168,0.37196799999999997,0,0.351744,0.0076799999999999993,0.011007999999999999,,0.0025599999999999998,,1.030912
14789,117.7740674957483,19073062137128,1,21.091099828481674,19.8962,19.626496,0.6403,14555,0.001024,16.10752,,0.034048,0.34687999999999997,0,0.32767999999999997,0.011264,0.010752,,0.0025599999999999998,,1.033984
14790,117.79354090136054,19073062336090,1,19.473405554890633,21.3184,0.047872,2.1731,14555,0.001024,16.253439999999998,,0.035072,0.35584,0.000256,0.33536,0.007936,0.011519999999999999,,0.0025599999999999998,,1.200896
14791,117.81354139739229,19073062549274,1,20.000496879220009,19.007,19.459584,2.141,14750,0.001024,15.909376,,0.034304,0.37376,0.000256,0.354304,0.008192,0.011264,,0.002816,,1.033472
14792,117.83333939909296,19073062739344,1,19.798001274466515,20.8762,19.962112,2.2037,14757,0.001024,16.257535999999998,,0.039168,0.364544,0,0.345344,0.007424,0.010496,,0.002304,,1.03168
14793,117.85277809665533,19073062948106,1,19.438697025179863,19.9227,19.78752,2.12,14555,0.001024,16.208896,,0.034048,0.364288,0.000256,0.344064,0.008192,0.011519999999999999,,0.0025599999999999998,,1.031936
14794,117.87277949971654,19073063147333,1,20.001403987407684,19.4981,19.415552,2.0725,14555,0.001024,15.854336,,0.034048,0.347392,0,0.327424,0.008192,0.011519999999999999,,0.0025599999999999998,,1.032448
14795,117.89244489795918,19073063342314,1,19.665397703647614,19.4847,19.979776,1.9997,14555,0.001024,16.265728,,0.039168,0.35712,0.000256,0.33766399999999996,0.007424,0.012032,,0.0025599999999999998,,1.030144
14796,117.91226209608843,19073063537161,1,19.817197695374489,19.5749,19.655936,2.0601,14555,0.001024,16.103936,,0.033791999999999996,0.354304,0,0.334848,0.008192,0.010239999999999999,,0.0025599999999999998,,1.0344959999999999
14797,117.93180340136054,19073063732910,1,19.541304558515549,20.0022,19.790848,1.9514,14757,0.001024,16.10496,,0.03584,0.353024,0,0.33305599999999996,0.007424,0.010496,,0.0025599999999999998,,1.033472
14798,117.95185379818594,19073063932932,1,20.050397142767906,19.6904,19.5136,2.0091,14555,0.001024,15.953152,,0.034304,0.34944,0.000256,0.329216,0.0084479999999999989,0.011776,,0.0025599999999999998,,1.03168
14799,117.97175330215418,19073064129836,1,19.899504259228706,19.7486,20.02048,2.5057,14802,0.001024,16.210432,,0.03968,0.3776,0,0.35814399999999996,0.0076799999999999993,0.011776,,0.0025599999999999998,,1.032192
14800,117.99157189625849,19073064327322,1,19.818594679236412,20.544,19.878144,2.5282,111585,0.001024,16.351232,,0.034304,0.342016,0,0.322304,0.009216,0.011519999999999999,,0.0025599999999999998,,1.036544
14801,118.01168799603174,19073064532762,1,20.116100087761879,20.9287,19.769088,2.6159,14555,0.001024,16.207359999999998,,0.034048,0.355072,0,0.33408,0.00896,0.011519999999999999,,0.0025599999999999998,,1.028352
14802,118.03199900085033,19073064742049,1,20.311005413532257,18.9643,20.111872,1.2669,14757,0.001024,16.239103999999998,,0.039168,0.33433599999999997,0,0.31385599999999997,0.007936,0.010239999999999999,,0.002816,,1.033472
14803,118.05196919642857,19073064931692,1,19.97019536793232,25.6231,0.047616,2.8675,14555,0.001024,16.270592,,0.039168,0.334592,0.000256,0.314112,0.009216,0.011776,,0.0025599999999999998,,1.027072
14804,118.0714327026644,19073065187923,1,19.46350559592247,15.6947,19.968256,2.6089,14555,0.001024,16.214527999999998,,0.039168,0.373504,0,0.35328,0.0076799999999999993,0.010239999999999999,,0.0025599999999999998,,1.033728
14805,118.09146780045351,19073065344870,1,20.035097375512123,20.5003,19.443712,2.3027,14555,0.001024,15.858431999999999,,0.03456,0.362496,0.000256,0.342016,0.008704,0.011007999999999999,,0.0025599999999999998,,1.0362879999999999
14806,118.11113949829931,19073065549873,1,19.671697169542313,18.3035,20.016128,2.1003,14555,0.001024,15.918847999999999,,0.03968,0.37452799999999997,0,0.354048,0.007424,0.010239999999999999,,0.0025599999999999998,,1.346048
14807,118.13102269699546,19073065732908,1,19.883198663592339,19.0548,19.644672,2.1284,14952,0.001024,16.097792,,0.03456,0.35584,0.000256,0.33664,0.007936,0.010752,,0.0025599999999999998,,1.030912
14808,118.15120700113378,19073065923456,1,20.184304565191269,19.8368,19.799296,2.1033,14555,0.001024,16.254208,,0.033791999999999996,0.363264,0,0.34227199999999997,0.008192,0.010752,,0.0025599999999999998,,1.033728
14809,118.1706512967687,19073066121824,1,19.444296136498451,19.7756,20.216832,2.0949,14555,0.001024,16.326656,,0.039424,0.527616,0.000256,0.316416,0.009216,0.011264,,0.002304,,1.030656
14810,118.19025469812925,19073066319580,1,19.60340142250061,19.7269,19.434752,2.1001,21049,0.001024,15.854591999999998,,0.034304,0.374784,0,0.354304,0.008192,0.010752,,0.002816,,1.0311679999999999
14811,118.21017220096371,19073066516849,1,19.917502999305725,20.4127,19.583232,1.9876,14555,0.001024,15.860223999999999,,0.039936,0.346368,0,0.32639999999999997,0.008192,0.010752,,0.0025599999999999998,,1.02912
14812,118.23019360119046,19073066720976,1,20.021399483084679,19.2471,19.898368,2.0734,14757,0.001024,16.34176,,0.034304,0.343808,0.000256,0.324864,0.008192,0.010752,,0.002304,,1.032192
14813,118.24987390164398,19073066913447,1,19.68030072748661,19.5287,19.992576,2.0582,111585,0.001024,16.264447999999998,,0.039168,0.366592,0,0.346624,0.0076799999999999993,0.011519999999999999,,0.0025599999999999998,,1.033728
14814,118.26959090136054,19073067108734,1,19.717000424861908,20.2399,19.657728,2.0364,14555,0.001024,16.101376,,0.034304,0.35276799999999997,0.000256,0.33305599999999996,0.004608,0.011519999999999999,,0.0025599999999999998,,1.03168
14815,118.29039569869614,19073067311133,1,20.804798230528831,19.6402,19.685376,0.6021,14750,0.001024,16.110848,,0.034304,0.367872,0.000256,0.34764799999999996,0.007936,0.010239999999999999,,0.0025599999999999998,,1.028608
14816,118.31030569727891,19073067507535,1,19.909998401999474,20.9057,0.044544,1.9113,14555,0.001024,16.098816,,0.039424,0.35737599999999997,0,0.337408,0.007936,0.012032,,0.0025599999999999998,,1.4026239999999999
14817,118.33011330073695,19073067716592,1,19.8076032102108,18.7038,19.892736,2.1587,14757,0.001024,16.100863999999998,,0.039424,0.34687999999999997,0,0.32716799999999996,0.007424,0.010752,,0.0025599999999999998,,1.033984
14818,118.34999730017006,19073067903630,1,19.883999601006508,20.5278,19.779072,1.9184,14555,0.001024,16.097023999999998,,0.040448,0.33305599999999996,0,0.314112,0.011776,0.011519999999999999,,0.0025599999999999998,,1.033472
14819,118.37001410147391,19073068108908,1,20.016800612211227,19.811,19.870208,2.3311,14555,0.001024,16.094464,,0.034304,0.34431999999999996,0,0.32383999999999996,0.0084479999999999989,0.011007999999999999,,0.0025599999999999998,,1.262592
14820,118.38967099631519,19073068307018,1,19.656894728541374,20.9984,19.997696,3.0157,14555,0.001024,16.254208,,0.03584,0.365824,0,0.34559999999999996,0.0048639999999999994,0.010752,,0.0025599999999999998,,1.0327039999999998
14821,118.40962859977324,19073068517002,1,19.957603886723518,19.0668,19.629312,2.44,14607,0.001024,16.113152,,0.034304,0.33664,0,0.316416,0.008192,0.010496,,0.002816,,1.0329599999999999
14822,118.4292875,19073068707670,1,19.658900797367096,20.3829,19.934464,2.2455,14757,0.001024,16.21888,,0.03456,0.34892799999999996,0,0.329472,0.008192,0.011007999999999999,,0.0025599999999999998,,1.029888
14823,118.44875179988662,19073068911499,1,19.464299082756042,19.4571,19.646464,2.0685,14750,0.0012799999999999999,16.093184,,0.03456,0.36531199999999997,0,0.346112,0.008192,0.011264,,0.0025599999999999998,,1.027072
14824,118.4687711026077,19073069106070,1,20.019302144646645,19.8923,19.439872,1.9869,14555,0.001024,15.857408,,0.034048,0.37504,0,0.355072,0.008192,0.010496,,0.0025599999999999998,,1.029888
14825,118.48845199829931,19073069304993,1,19.680894911289215,19.2588,20.008448,1.979,14555,0.001024,16.27776,,0.040704,0.355328,0,0.33510399999999996,0.007424,0.010752,,0.0025599999999999998,,1.030656
14826,118.50848280187074,19073069497581,1,20.030803978443146,19.5113,19.6608,1.9312,111585,0.001024,16.097535999999998,,0.033791999999999996,0.368896,0,0.35020799999999996,0.008192,0.011776,,0.0025599999999999998,,1.031424
14827,118.5279167020975,19073069692694,1,19.433900713920593,20.1739,20.013056,2.1439,14757,0.001024,16.333312,,0.037888,0.33228799999999997,0,0.313088,0.009984,0.012032,,0.002304,,1.03168
14828,118.54769929846938,19073069894433,1,19.782597199082375,19.406,19.408128,0.5936,14555,0.001024,15.864576,,0.034304,0.365568,0,0.345088,0.007936,0.010752,,0.0025599999999999998,,1.0329599999999999
14829,118.56724610260771,19073070088493,1,19.546804949641228,21.1195,0.0448,1.9849,14555,0.001024,15.850752,,0.039168,0.35686399999999996,0,0.337408,0.0076799999999999993,0.011519999999999999,,0.0025599999999999998,,1.027328
14830,118.58702320011338,19073070299688,1,19.777096807956696,18.4727,19.5904,1.8896,14555,0.001024,15.847679999999999,,0.035584,0.36275199999999996,0.000256,0.34355199999999997,0.007936,0.011776,,0.0025599999999999998,,1.028864
14831,118.60707179705214,19073070484415,1,20.048597827553749,19.8587,19.752704,2.3188,14750,0.001024,16.220672,,0.034304,0.34483199999999997,0,0.324864,0.008192,0.011264,,0.0025599999999999998,,1.033984
14832,118.6269875,19073070683002,1,19.915703684091568,19.4944,20.029952,1.9955,82035,0.001024,16.346368,,0.039936,0.3328,0,0.313088,0.003328,0.010496,,0.002304,,1.03168
14833,118.64647539682539,19073070877946,1,19.487896934151649,19.9991,19.89632,2.2387,62274,0.001024,16.331264,,0.034304,0.361216,0,0.34048,0.008192,0.010239999999999999,,0.002816,,1.0296319999999999
14834,118.66657639597506,19073071077937,1,20.100999623537064,20.3901,19.45984,2.0611,28940,0.001024,15.919872,,0.03456,0.35942399999999997,0,0.33894399999999997,0.006656,0.011776,,0.002304,,1.032192
14835,118.68648679846939,19073071281838,1,19.910402595996857,19.4951,20.081664,2.2729,14555,0.001024,16.339712,,0.039168,0.34559999999999996,0,0.323584,0.0076799999999999993,0.010239999999999999,,0.0025599999999999998,,1.0311679999999999
14836,118.70613319869614,19073071476789,1,19.646400585770607,20.253,19.89504,1.945,20997,0.001024,16.333824,,0.034048,0.336896,0,0.316928,0.0084479999999999989,0.012032,,0.002304,,1.0329599999999999
14837,118.72572390164399,19073071679319,1,19.590703770518303,19.2456,19.61344,2.0818,14757,0.001024,15.858431999999999,,0.039424,0.371712,0.000256,0.352,0.0076799999999999993,0.011519999999999999,,0.0025599999999999998,,1.033728
14838,118.74579409722222,19073071871775,1,20.070195198059082,20.351,19.578368,2.2393,14555,0.001024,15.861248,,0.03584,0.373504,0,0.354304,0.0076799999999999993,0.012032,,0.002304,,1.0296319999999999
14839,118.76568669926303,19073072075285,1,19.892601296305656,19.0537,20.040448,2.177,112472,0.001024,16.335872,,0.039424,0.361728,0,0.341248,0.0076799999999999993,0.011007999999999999,,0.002816,,1.0311679999999999
14840,118.78547840136054,19073072265822,1,19.791701808571815,20.1246,19.885568,2.1333,14555,0.001024,16.112896,,0.038911999999999995,0.372992,0,0.353792,0.007424,0.010752,,0.0025599999999999998,,1.0311679999999999
14841,118.8057794005102,19073072467068,1,20.300999283790588,20.4123,19.606016,0.5379,20339,0.0012799999999999999,15.895296,,0.040192,0.361984,0.000256,0.342016,0.0076799999999999993,0.011519999999999999,,0.0025599999999999998,,1.030656
14842,118.82548460175737,19073072671191,1,19.70520056784153,19.9393,0.04608,2.1605,14902,0.001024,16.208896,,0.037376,0.345856,0.000256,0.326656,0.0076799999999999993,0.010239999999999999,,0.002816,,1.035264
14843,118.84515600198412,19073072870584,1,19.671401008963585,19.2348,19.690752,2.2323,14607,0.001024,16.104447999999998,,0.034048,0.363776,0,0.342784,0.0084479999999999989,0.010496,,0.0025599999999999998,,1.0311679999999999
14844,118.86492549603174,19073073062932,1,19.769493490457535,19.9339,19.647232,3.3495,20339,0.0012799999999999999,15.894015999999999,,0.036095999999999996,0.370176,0,0.35020799999999996,0.011519999999999999,0.011776,,0.0025599999999999998,,1.029888
14845,118.88451089852607,19073073262271,1,19.585402682423592,19.9666,19.75168,1.8677,14555,0.001024,16.219648,,0.034048,0.35712,0.000256,0.336896,0.007936,0.010496,,0.0025599999999999998,,1.031936
14846,118.90401870039682,19073073461937,1,19.507801160216331,19.384,19.565568,2.0827,27927,0.001024,15.864832,,0.040448,0.36531199999999997,0,0.345344,0.0076799999999999993,0.010752,,0.0025599999999999998,,1.033472
14847,118.92381119614512,19073073655777,1,19.792495295405388,20.0562,19.484416,2.2018,15097,0.001024,15.945215999999999,,0.034304,0.357632,0,0.337152,0.008192,0.011776,,0.0025599999999999998,,1.032192
14848,118.9435012967687,19073073856339,1,19.690100103616714,19.5686,19.775232,1.9548,14555,0.001024,16.210943999999998,,0.034048,0.350464,0,0.33152,0.007936,0.011776,,0.0025599999999999998,,1.03424
14849,118.96358889597505,19073074052025,1,20.087599754333496,19.2537,19.66464,1.8983,14555,0.001024,16.106496,,0.034048,0.349184,0,0.32844799999999996,0.011264,0.011264,,0.002816,,1.037568
14850,118.98339249574829,19073074244562,1,19.803600385785103,19.731,20.057344,2.0595,14555,0.001024,16.26112,,0.039168,0.371712,0,0.35148799999999997,0.007936,0.010496,,0.002304,,1.03168
14851,119.0032463010204,19073074441872,1,19.853806123137474,19.9003,19.794944,1.9135,14555,0.001024,16.214271999999998,,0.034304,0.36070399999999997,0,0.34176,0.004096,0.012032,,0.002304,,1.032192
14852,119.02317320011338,19073074640875,1,19.926898181438446,20.1133,19.833856,2.1431,112479,0.001024,16.277504,,0.034304,0.37504,0,0.355584,0.0038399999999999997,0.010239999999999999,,0.0025599999999999998,,1.0327039999999998
14853,119.04270999858277,19073074842008,1,19.536798819899559,19.6959,19.91552,1.9927,14555,0.0012799999999999999,16.201984,,0.039424,0.343296,0,0.32383999999999996,0.0076799999999999993,0.011776,,0.0025599999999999998,,1.02912
14854,119.06329679705215,19073075038967,1,20.586797967553139,20.2518,19.5136,0.6351,14607,0.001024,15.917824,,0.03456,0.36991999999999997,0.000256,0.349696,0.007936,0.010239999999999999,,0.0025599999999999998,,1.03552
14855,119.08322799744897,19073075241485,1,19.93120089173317,20.3906,0.045056,2.0072,14750,0.001024,16.34816,,0.035072,0.36019199999999996,0,0.340736,0.004096,0.011264,,0.0025599999999999998,,1.0304
14856,119.10263589852607,19073075445391,1,19.407901912927628,18.7221,19.902464,2.1038,14555,0.0012799999999999999,16.338432,,0.03456,0.35456,0.000256,0.33536,0.007936,0.011776,,0.0025599999999999998,,1.035776
14857,119.12253090277777,19073075632612,1,19.895004108548164,20.5106,19.38304,2.1134,14757,0.001024,15.856639999999999,,0.03456,0.351232,0,0.330496,0.008192,0.009984,,0.003072,,1.0296319999999999
14858,119.14241999716553,19073075837718,1,19.889093935489655,19.7977,19.87584,1.9617,14555,0.001024,16.337152,,0.033791999999999996,0.352512,0,0.33305599999999996,0.008192,0.010239999999999999,,0.002304,,1.0311679999999999
14859,119.16243120039682,19073076035695,1,20.011203363537788,19.525,19.86944,2.1294,14555,0.001024,16.32512,,0.03456,0.338688,0.000256,0.318208,0.008192,0.011007999999999999,,0.0025599999999999998,,1.030912
14860,119.18186299603174,19073076230945,1,19.431795924901962,20.0954,19.985664,1.9288,14555,0.001024,16.269312,,0.034048,0.538368,0.000256,0.518656,0.003072,0.011776,,0.0025599999999999998,,1.0327039999999998
14861,119.20150189909296,19073076431899,1,19.638903439044952,19.6889,19.41632,1.903,14555,0.0012799999999999999,15.857152,,0.03456,0.366336,0,0.346112,0.004096,0.011519999999999999,,0.002304,,1.028864
14862,119.22140829790249,19073076628788,1,19.90639790892601,19.8607,19.61472,2.1115,21199,0.001024,16.099072,,0.034048,0.344064,0,0.324608,0.007936,0.010752,,0.002816,,1.0304
14863,119.24107490079365,19073076827395,1,19.666602835059166,19.8394,19.891712,1.9049,14750,0.001024,16.342016,,0.034048,0.35814399999999996,0.000256,0.3392,0.008192,0.012032,,0.0025599999999999998,,1.0344959999999999
14864,119.26096439909297,19073077025789,1,19.889498129487038,19.3092,19.648512,2.0375,14555,0.001024,16.11392,,0.034304,0.34048,0.000256,0.321536,0.008192,0.011519999999999999,,0.002304,,1.03424
14865,119.28066429988661,19073077218881,1,19.699901342391968,20.3275,19.86432,2.0295,112329,0.001024,16.3264,,0.034048,0.36479999999999996,0,0.34483199999999997,0.0038399999999999997,0.010752,,0.002304,,1.030656
14866,119.3003213010204,19073077422156,1,19.65700089931488,19.2656,19.679488,1.9595,14555,0.001024,16.114176,,0.034304,0.35481599999999996,0,0.334592,0.008192,0.011264,,0.0025599999999999998,,1.0344959999999999
14867,119.32077320011338,19073077614812,1,20.451899617910385,19.8157,19.631872,0.5248,14757,0.001024,15.856128,,0.034048,0.37068799999999996,0,0.35072,0.010496,0.010496,,0.0025599999999999998,,1.035008
14868,119.34072740221087,19073077812969,1,19.954202696681023,20.6881,0.046848,2.1702,14555,0.001024,16.325376,,0.039424,0.37324799999999997,0.000256,0.35353599999999996,0.007424,0.010239999999999999,,0.003072,,1.033472
14869,119.36088120039682,19073078019850,1,20.153798162937164,18.8182,19.9296,2.0559,14555,0.001024,16.344064,,0.033791999999999996,0.37068799999999996,0,0.350464,0.008192,0.010239999999999999,,0.0025599999999999998,,1.031424
14870,119.38066729733559,19073078208032,1,19.78609710931778,20.6983,20.135168,1.886,14555,0.001024,16.339712,,0.034304,0.371456,0,0.35020799999999996,0.0084479999999999989,0.011519999999999999,,0.0025599999999999998,,1.224448
14871,119.40012310090702,19073078415015,1,19.4558035582304,19.5924,19.763456,2.0351,14750,0.001024,16.208896,,0.03456,0.348672,0,0.328192,0.007936,0.011519999999999999,,0.0025599999999999998,,1.035264
14872,119.42002339852607,19073078610939,1,19.900297746062279,20.0851,19.428352,1.8206,14757,0.001024,15.861248,,0.034048,0.36096,0,0.341248,0.004096,0.010239999999999999,,0.0025599999999999998,,1.033984
14873,119.43964180130385,19073078811790,1,19.618403166532516,19.9609,19.856127999999998,1.8042,14555,0.001024,16.263424,,0.034048,0.36147199999999996,0,0.342528,0.008192,0.011519999999999999,,0.0025599999999999998,,1.033216
14874,119.45948679846938,19073079011399,1,19.844997674226761,19.3199,19.626496,1.7961,14555,0.001024,16.0896,,0.034048,0.33971199999999996,0,0.319744,0.0038399999999999997,0.011519999999999999,,0.0025599999999999998,,1.030656
14875,119.47915160147392,19073079204598,1,19.664803519845009,19.9251,19.807488,1.9043,14555,0.001024,16.265216,,0.034048,0.36403199999999997,0,0.34431999999999996,0.0048639999999999994,0.010496,,0.002304,,1.032192
14876,119.49864839852607,19073079403849,1,19.496796652674675,20.0124,19.677952,2.1059,14607,0.001024,16.099584,,0.033791999999999996,0.361984,0,0.342016,0.0084479999999999989,0.012032,,0.002304,,1.029888
14877,119.51858129960317,19073079603973,1,19.932901486754417,19.4797,19.461632,1.8438,14757,0.001024,15.888383999999999,,0.034304,0.370432,0,0.350464,0.008192,0.011264,,0.002816,,1.030912
14878,119.53848669926303,19073079798770,1,19.905399531126022,19.9716,19.909376,1.8295,112277,0.001024,16.343808,,0.03456,0.375552,0,0.35481599999999996,0.0038399999999999997,0.011007999999999999,,0.0025599999999999998,,1.033472
14879,119.55789430272108,19073079998486,1,19.407603889703751,19.2879,19.87328,2.3487,14750,0.001024,16.336128,,0.034304,0.33536,0.000256,0.315392,0.0084479999999999989,0.010239999999999999,,0.0025599999999999998,,1.031424
14880,119.5776873015873,19073080191365,1,19.79299820959568,19.8601,19.376384,0.747,14555,0.001024,15.837952,,0.034048,0.36607999999999996,0,0.34764799999999996,0.008192,0.010239999999999999,,0.003072,,1.032448
14881,119.59783219954647,19073080389966,1,20.144898444414139,21.3437,0.045056,2.2937,14555,0.001024,15.910143999999999,,0.039424,0.36479999999999996,0,0.345088,0.0076799999999999993,0.010239999999999999,,0.0025599999999999998,,1.0329599999999999
14882,119.61770530045351,19073080603403,1,19.873101264238358,18.3946,20.114944,1.9415,14757,0.001024,16.345088,,0.034304,0.34892799999999996,0,0.329984,0.0084479999999999989,0.010752,,0.002816,,1.031936
14883,119.63766860119047,19073080787349,1,19.963299855589867,19.5677,19.83104,2.3522,14555,0.001024,16.247808,,0.03968,0.335872,0,0.316672,0.00896,0.011519999999999999,,0.002304,,1.031936
14884,119.65756119614512,19073080983026,1,19.892595708370209,20.1683,19.935744,4.5808,14555,0.001024,16.348416,,0.034304,0.372224,0,0.35148799999999997,0.006912,0.011264,,0.0025599999999999998,,1.030912
14885,119.67730489654194,19073081184709,1,19.743699580430984,23.6929,19.88864,2.8458,14555,0.001024,16.335872,,0.03456,0.37248,0,0.353792,0.004352,0.011264,,0.003072,,1.033728
14886,119.6968757015306,19073081421638,1,19.570805132389069,19.0826,19.721472,2.1539,14555,0.001024,16.201728,,0.034048,0.355072,0.000256,0.334848,0.008192,0.011264,,0.0025599999999999998,,1.035776
14887,119.71687570153061,19073081612464,1,19.999999552965164,24.0667,19.54432,2.0248,15004,0.001024,15.961856,,0.033791999999999996,0.365568,0,0.34559999999999996,0.008192,0.010752,,0.0025599999999999998,,1.032448
14888,119.73660739795918,19073081853131,1,19.73169669508934,13.0564,19.986176,2.2303,20997,0.001024,16.268288,,0.040192,0.36735999999999996,0,0.34687999999999997,0.011264,0.011519999999999999,,0.002816,,1.028352
14889,119.75655759637188,19073081983695,1,19.950198009610176,20.0589,19.660544,2.1827,14555,0.0012799999999999999,16.1024,,0.034048,0.368896,0,0.348672,0.010496,0.010239999999999999,,0.003072,,1.03552
14890,119.77656410147392,19073082184284,1,20.006505772471428,19.1842,19.981056,2.376,14555,0.001024,16.215296,,0.039424,0.3712,0,0.350976,0.011519999999999999,0.010752,,0.0025599999999999998,,1.032448
14891,119.79638660005668,19073082376126,1,19.8224987834692,20.321,19.99616,2.3412,112277,0.001024,16.250624,,0.03968,0.370176,0.000256,0.35020799999999996,0.0076799999999999993,0.011264,,0.0025599999999999998,,1.02912
14892,119.81585510204081,19073082579336,1,19.468501210212708,19.2536,19.7888,2.2095,14757,0.001024,16.218111999999998,,0.03456,0.363776,0,0.345088,0.004096,0.011007999999999999,,0.0025599999999999998,,1.031424
14893,119.83622449688208,19073082771872,1,20.369395613670349,19.9337,19.44448,0.6094,14555,0.0012799999999999999,15.901183999999999,,0.034048,0.334848,0.000256,0.31590399999999996,0.0038399999999999997,0.011519999999999999,,0.0025599999999999998,,1.0304
14894,119.85644450113378,19073082971209,1,20.220004022121429,21.3143,0.050176,1.9985,14555,0.001024,16.330496,,0.03968,0.37248,0,0.35148799999999997,0.007424,0.012288,,0.0025599999999999998,,1.030656
14895,119.87634939767574,19073083184352,1,19.90489661693573,18.2239,20.19712,2.2837,14750,0.001024,16.098816,,0.04224,0.36147199999999996,0,0.342016,0.007424,0.012032,,0.002816,,1.129472
14896,119.89587140022675,19073083366591,1,19.522001966834068,20.1367,19.891456,2.4215,14555,0.001024,16.329984,,0.034304,0.363776,0,0.34355199999999997,0.008192,0.011264,,0.0025599999999999998,,1.03168
14897,119.91579849773242,19073083567958,1,19.927097484469414,20.0738,19.49312,2.0129,14757,0.001024,15.91936,,0.03456,0.364288,0,0.344064,0.008192,0.011776,,0.002816,,1.031424
14898,119.93549450113379,19073083768696,1,19.696002826094627,19.8635,19.903744,2.037,14607,0.001024,16.341504,,0.034816,0.367104,0.000256,0.34687999999999997,0.008192,0.010752,,0.0025599999999999998,,1.030144
14899,119.95519839852608,19073083967331,1,19.703896716237068,19.5863,19.69152,1.9541,14555,0.001024,16.08576,,0.034048,0.376832,0.000256,0.35686399999999996,0.008192,0.010239999999999999,,0.0025599999999999998,,1.0304
14900,119.97510669642857,19073084163194,1,19.908297806978226,20.0908,19.673088,1.8705,14555,0.001024,15.898368,,0.033791999999999996,0.373504,0,0.353024,0.003584,0.010496,,0.002816,,1.195776
14901,119.9958593962585,19073084364102,1,20.752700045704842,19.4004,19.894528,1.887,14555,0.001024,16.340992,,0.034304,0.349952,0,0.330496,0.008192,0.011519999999999999,,0.0025599999999999998,,1.035264
14902,120.01636189767574,19073084558106,1,20.502502098679543,19.7398,20.72832,2.0583,14757,0.001024,16.249344,,0.03968,0.368384,0,0.34815999999999997,0.003072,0.012032,,0.0025599999999999998,,1.318656
14903,120.03684939767574,19073084755504,1,20.487500354647636,20.0039,20.483584,2.4501,14750,0.001024,15.870208,,0.03968,0.349184,0.000256,0.329472,0.007424,0.011776,,0.0025599999999999998,,1.3724159999999999
14904,120.05705620039681,19073084955543,1,20.20680345594883,21.2445,20.472832,2.2482,112277,0.001024,16.330496,,0.03968,0.353024,0,0.332544,0.007424,0.011264,,0.0025599999999999998,,1.0362879999999999
14905,120.07805049603174,19073085167988,1,20.994296297430992,20.4197,20.185856,2.4303,14555,0.001024,15.919616,,0.039424,0.36607999999999996,0.000256,0.346368,0.010239999999999999,0.010496,,0.0025599999999999998,,1.199872
14906,120.09913550170067,19073085372185,1,21.085005253553391,20.9853,20.972288,0.5631,14555,0.001024,16.109312,,0.036095999999999996,0.361984,0,0.342528,0.007424,0.011264,,0.0025599999999999998,,1.361664
14907,120.11958450255102,19073085582038,1,20.449001342058182,20.9603,0.044032,2.2983,14757,0.001024,16.260096,,0.039936,0.346624,0,0.32511999999999996,0.005376,0.014336,,0.003072,,1.0311679999999999
14908,120.14047110260771,19073085791641,1,20.886600017547607,19.6066,20.418816,1.9665,14607,0.001024,16.22272,,0.043519999999999996,0.35276799999999997,0,0.331264,0.0076799999999999993,0.011776,,0.002816,,1.03424
14909,120.16114419642857,19073085987707,1,20.673094317317009,20.9553,20.875008,2.0075,14555,0.001024,16.330496,,0.039936,0.371456,0,0.35148799999999997,0.0076799999999999993,0.010752,,0.0025599999999999998,,1.3657599999999999
14910,120.18130330215419,19073086197260,1,20.159104838967323,20.8371,20.642816,2.0779,14555,0.001024,16.114176,,0.036351999999999995,0.36863999999999997,0,0.349952,0.0076799999999999993,0.010496,,0.0025599999999999998,,1.0304
14911,120.20184069586168,19073086405631,1,20.537393167614937,20.7798,20.149248,2.0192,14750,0.001024,15.978752,,0.039936,0.371456,0.000256,0.35072,0.005376,0.011264,,0.0025599999999999998,,1.035264
14912,120.22275819869614,19073086613429,1,20.9175031632185,20.3577,20.518912,2.0623,14757,0.001024,16.329984,,0.040704,0.345856,0.000256,0.324864,0.007424,0.0097279999999999988,,0.003072,,1.031424
14913,120.24343979591836,19073086817006,1,20.681597292423248,20.2826,20.901632,2.0579,20997,0.001024,16.112384,,0.039424,0.358656,0.000256,0.33792,0.0076799999999999993,0.010496,,0.0025599999999999998,,1.2034559999999999
14914,120.26376079931973,19073087019832,1,20.321004092693329,20.833,20.409344,2.0183,14555,0.001024,16.10624,,0.044031999999999995,0.33766399999999996,0,0.316672,0.0076799999999999993,0.013568,,0.003072,,1.032192
14915,120.28398339710884,19073087228162,1,20.222598686814308,20.5365,20.280832,1.9457,14555,0.001024,16.116736,,0.03968,0.36531199999999997,0,0.345344,0.0076799999999999993,0.010496,,0.0025599999999999998,,1.0304
14916,120.30458579931972,19073087433527,1,20.602401345968246,20.7394,20.21248,1.8742,20339,0.001024,15.850752,,0.03968,0.36940799999999996,0.000256,0.345344,0.0076799999999999993,0.011264,,0.0025599999999999998,,1.381632
14917,120.32525060232426,19073087640921,1,20.664803683757782,20.3031,20.332288,2.0362,112624,0.001024,16.339199999999998,,0.03968,0.34176,0,0.32,0.0076799999999999993,0.010752,,0.002816,,1.0293759999999998
14918,120.34586809807256,19073087843952,1,20.617496222257614,20.1887,20.644608,1.9306,20391,0.001024,16.347392,,0.040704,0.342016,0.000256,0.319488,0.007936,0.011264,,0.0025599999999999998,,1.203968
14919,120.36734759778911,19073088045839,1,21.479500457644463,20.7143,20.608256,0.6261,14750,0.001024,15.897855999999999,,0.039424,0.35584,0,0.33510399999999996,0.007168,0.011007999999999999,,0.0025599999999999998,,1.3022719999999999
14920,120.38739029903627,19073088252982,1,20.042700693011284,22.3416,0.045056,2.1179,14555,0.001024,16.26368,,0.03712,0.345088,0,0.32255999999999996,0.007936,0.012544,,0.003072,,1.3506559999999999
14921,120.40752619756235,19073088476398,1,20.135898143053055,19.0451,20.022528,2.1113,26413,0.001024,16.277248,,0.039424,0.36863999999999997,0,0.349696,0.011264,0.011264,,0.0025599999999999998,,1.032448
14922,120.42744219812924,19073088666849,1,19.915999844670296,21.3305,20.111616,2.0088,14902,0.001024,16.33792,,0.039168,0.369152,0,0.349696,0.007424,0.010496,,0.0025599999999999998,,1.0304
14923,120.44736389597506,19073088880154,1,19.921697676181793,20.5681,19.891456,2.1123,14555,0.001024,16.333824,,0.034304,0.376064,0,0.35456,0.0084479999999999989,0.009984,,0.0025599999999999998,,1.032192
14924,120.4670327026644,19073089085835,1,19.668806344270706,20.0111,19.906816,1.889,14555,0.001024,16.342271999999998,,0.034048,0.35712,0.000256,0.33664,0.008192,0.010239999999999999,,0.0025599999999999998,,1.0304
14925,120.48698799603174,19073089285946,1,19.955294206738472,19.4535,19.654912,2.0112,14555,0.001024,15.90528,,0.041471999999999995,0.357888,0,0.338176,0.007424,0.012032,,0.002816,,1.027584
14926,120.50656860119047,19073089480481,1,19.580604508519173,20.0147,19.931392,2.0222,14555,0.001024,16.340736,,0.034304,0.37504,0.000256,0.355584,0.008192,0.009984,,0.0025599999999999998,,1.035776
14927,120.52631829648526,19073089680628,1,19.749695435166359,19.5175,19.554816,2.0262,14952,0.001024,15.860223999999999,,0.039424,0.356608,0,0.336128,0.003584,0.011264,,0.0025599999999999998,,1.031424
14928,120.54614730017006,19073089875803,1,19.829003140330315,20.017,19.723264,2.0541,14555,0.001024,16.20096,,0.034048,0.34431999999999996,0,0.323584,0.0084479999999999989,0.012032,,0.002304,,1.0278399999999999
14929,120.56602300170067,19073090075973,1,19.875701516866684,20.0869,19.819776,2.2332,14607,0.001024,16.095744,,0.043008,0.35353599999999996,0,0.333824,0.0076799999999999993,0.011519999999999999,,0.0025599999999999998,,1.0304
14930,120.58539550028344,19073090276842,1,19.372498616576195,19.4245,19.798784,2.0021,112277,0.0012799999999999999,16.220416,,0.034304,0.363776,0,0.34483199999999997,0.007936,0.010752,,0.0025599999999999998,,1.035264
14931,120.60543599773243,19073090471087,1,20.040497183799744,19.5965,19.410944,2.0657,14555,0.001024,15.895296,,0.034048,0.3392,0.000256,0.31923199999999996,0.008192,0.011776,,0.0025599999999999998,,1.029888
14932,120.62537140022675,19073090667052,1,19.935403019189835,20.3225,20.016896,0.5339,46858,0.001024,16.112896,,0.039168,0.359936,0.000256,0.341248,0.004096,0.012288,,0.0025599999999999998,,1.232384
14933,120.6454508999433,19073090870277,1,20.079499110579491,19.7732,0.045056,1.9383,102082,0.001024,15.915519999999999,,0.03584,0.345344,0.000256,0.324864,0.007424,0.010752,,0.003328,,1.029888
14934,120.66484430272108,19073091068009,1,19.393403083086014,19.1049,20.055808,2.0594,60466,0.001024,16.325888,,0.036095999999999996,0.34944,0.000256,0.33024,0.003328,0.011776,,0.0025599999999999998,,1.0344959999999999
14935,120.68489379960317,19073091259058,1,20.049497485160828,20.3679,19.376896,2.2997,14952,0.0012799999999999999,15.860992,,0.03456,0.334848,0,0.31462399999999996,0.008192,0.009984,,0.0025599999999999998,,1.03168
14936,120.70434929846938,19073091462737,1,19.455498084425926,20.3436,20.02688,2.0689,14555,0.001024,16.275968,,0.039424,0.37504,0,0.35456,0.008192,0.010752,,0.0025599999999999998,,1.03168
14937,120.72427969812925,19073091666173,1,19.930399954319,18.9705,19.432704,2.0248,14757,0.001024,16.342271999999998,,0.03456,0.371456,0,0.351744,0.008192,0.011519999999999999,,0.002816,,1.036544
14938,120.74425489654195,19073091855878,1,19.975198432803154,20.3062,19.912192,1.9761,20997,0.001024,16.342271999999998,,0.03456,0.371456,0,0.351744,0.008192,0.011519999999999999,,0.002816,,1.036544
14939,120.76395119756235,19073092058940,1,19.696300849318504,19.0053,19.95904,2.1285,14555,0.001024,16.109056,,0.039424,0.36531199999999997,0,0.344064,0.007424,0.011519999999999999,,0.002816,,1.03424
14940,120.78358529620181,19073092248993,1,19.634097814559937,20.7963,19.6608,2.0639,14607,0.001024,16.096,,0.034304,0.344576,0,0.325376,0.008192,0.011519999999999999,,0.002304,,1.030912
14941,120.80358699688207,19073092456956,1,20.001700147986412,19.3907,19.627008,2.0896,14555,0.0012799999999999999,15.848448,,0.038911999999999995,0.363264,0,0.34431999999999996,0.0076799999999999993,0.011519999999999999,,0.0025599999999999998,,1.032448
14942,120.82363519699545,19073092650863,1,20.048199221491814,19.8629,19.805184,2.0888,14757,0.001024,16.219904,,0.034048,0.363264,0.000256,0.34304,0.009472,0.010752,,0.0025599999999999998,,1.031424
14943,120.84356999716553,19073092849492,1,19.934799522161484,19.1975,20.045312,2.0772,112472,0.001024,16.334848,,0.03968,0.33510399999999996,0,0.31488,0.0076799999999999993,0.010239999999999999,,0.0025599999999999998,,1.031424
14944,120.8642667020975,19073093041467,1,20.696705207228661,20.5619,19.912448,2.1366,14555,0.001024,16.349183999999997,,0.034304,0.355328,0.000256,0.33638399999999996,0.010752,0.010752,,0.0025599999999999998,,1.036032
14945,120.88467369614511,19073093247086,1,20.406994968652725,19.7041,20.667648,0.5891,14555,0.001024,16.339968,,0.039936,0.357632,0,0.339456,0.007424,0.011007999999999999,,0.003072,,1.2904959999999999
14946,120.90411809807256,19073093444127,1,19.444402307271957,20.7804,0.045312,2.1417,14555,0.001024,16.253184,,0.035584,0.336128,0,0.316416,0.003328,0.011007999999999999,,0.0025599999999999998,,1.031424
14947,120.92411569586167,19073093651931,1,19.997598603367805,19.9463,19.430912,2.1235,14757,0.001024,15.891967999999999,,0.034048,0.35225599999999996,0,0.332544,0.012544,0.011519999999999999,,0.002304,,1.029888
14948,120.94380309665533,19073093851394,1,19.687401130795479,20.5701,19.97568,1.928,14555,0.001024,16.259328,,0.038911999999999995,0.341248,0.000256,0.320256,0.003328,0.010496,,0.0025599999999999998,,1.036032
14949,120.9632133999433,19073094057095,1,19.410302862524986,18.9488,19.67104,1.9699,14555,0.001024,16.106752,,0.034304,0.372992,0.000256,0.353024,0.003584,0.011007999999999999,,0.0025599999999999998,,1.0344959999999999
14950,120.98280019841269,19073094246583,1,19.586797803640366,20.0291,19.389696,1.9833,14555,0.001024,15.860736,,0.034304,0.349952,0,0.329984,0.007936,0.011007999999999999,,0.0025599999999999998,,1.0278399999999999
14951,121.00231479591837,19073094446874,1,19.514597952365875,19.5533,19.57376,2.0058,14802,0.001024,15.842303999999999,,0.039424,0.36940799999999996,0.000256,0.348416,0.007424,0.011519999999999999,,0.0025599999999999998,,1.032448
14952,121.02228619614512,19073094642407,1,19.971400499343872,19.4712,19.483392,1.8764,14757,0.001024,15.921408,,0.034048,0.34227199999999997,0,0.32383999999999996,0.0084479999999999989,0.010752,,0.003072,,1.033728
14953,121.04225919784579,19073094837119,1,19.973002374172211,19.6521,19.90912,2.1862,14555,0.001024,16.109824,,0.039168,0.358656,0,0.338176,0.007424,0.011264,,0.002816,,1.0311679999999999
14954,121.06232459608843,19073095033640,1,20.065398886799812,20.1698,19.966976,2.112,14555,0.001024,16.256768,,0.040704,0.372992,0,0.353024,0.004352,0.010496,,0.002816,,1.0329599999999999
14955,121.08201379676871,19073095235338,1,19.689200446009636,19.6317,20.060672,2.0608,14555,0.001024,16.335103999999998,,0.042752,0.354304,0.000256,0.333568,0.007936,0.011776,,0.0025599999999999998,,1.032192
14956,121.10164990079365,19073095431655,1,19.636103883385658,20.1813,19.677184,2.0311,112277,0.001024,16.113152,,0.034048,0.36147199999999996,0,0.340736,0.004096,0.010239999999999999,,0.0025599999999999998,,1.0304
14957,121.1215012967687,19073095633468,1,19.851395860314369,19.4723,19.617024,2.0484,14757,0.001024,15.908864,,0.042752,0.34022399999999997,0.000256,0.31923199999999996,0.007936,0.011264,,0.003072,,1.029888
14958,121.1417306972789,19073095828191,1,20.2294010668993,20.0185,19.84,0.5484,14555,0.001024,16.11904,,0.03584,0.37529599999999996,0,0.35609599999999997,0.0076799999999999993,0.012032,,0.0025599999999999998,,1.03168
14959,121.16160340136054,19073096028376,1,19.872704520821571,20.3486,0.04608,2.1212,14750,0.001024,16.33792,,0.04224,0.34176,0,0.322048,0.0076799999999999993,0.011519999999999999,,0.002304,,1.0293759999999998
14960,121.18107059948979,19073096231862,1,19.467197358608246,19.2375,19.848192,2.144,14555,0.001024,16.105984,,0.039424,0.351232,0,0.33100799999999997,0.0076799999999999993,0.010239999999999999,,0.0025599999999999998,,1.033472
14961,121.2008998015873,19073096424237,1,19.829202443361282,19.8227,19.446784,1.9275,14555,0.001024,15.910656,,0.034048,0.352,0.000256,0.3328,0.0084479999999999989,0.010239999999999999,,0.0025599999999999998,,1.03424
14962,121.22099839852608,19073096622464,1,20.098596811294556,19.8726,19.81312,1.9593,14809,0.001024,16.095232,,0.039424,0.361728,0,0.342784,0.0076799999999999993,0.011264,,0.0025599999999999998,,1.03168
14963,121.24045780187075,19073096821190,1,19.459404051303864,19.3958,20.07424,1.9929,14555,0.0012799999999999999,16.335103999999998,,0.036095999999999996,0.33305599999999996,0,0.314112,0.0076799999999999993,0.011007999999999999,,0.002304,,1.0293759999999998
14964,121.26030229591836,19073097015148,1,19.844494760036469,19.8038,19.42912,1.9693,20997,0.001024,15.863296,,0.034304,0.36096,0,0.34099199999999996,0.008192,0.010239999999999999,,0.0025599999999999998,,1.032192
14965,121.2797373015873,19073097213186,1,19.435005262494087,20.2842,19.827711999999998,2,14555,0.001024,16.101888,,0.039424,0.362496,0,0.343296,0.011007999999999999,0.011264,,0.002304,,1.030656
14966,121.29957259778911,19073097416028,1,19.835297018289566,19.6088,19.413248,1.8856,14555,0.001024,15.856128,,0.034048,0.370944,0,0.352,0.012288,0.011776,,0.0025599999999999998,,1.0278399999999999
14967,121.31909350198413,19073097612116,1,19.520904868841171,19.685,19.815168,2.0151,14952,0.001024,16.110336,,0.039168,0.347904,0,0.326912,0.007424,0.010239999999999999,,0.0025599999999999998,,1.037056
14968,121.338626098356,19073097808966,1,19.532596692442894,19.8402,19.495168,1.8524,14555,0.001024,15.921664,,0.034048,0.35481599999999996,0,0.33638399999999996,0.0038399999999999997,0.011519999999999999,,0.0025599999999999998,,1.033728
14969,121.35861629818594,19073098007368,1,19.99020017683506,19.1993,19.519232,1.8314,112277,0.001024,15.987456,,0.034304,0.34944,0.000256,0.329216,0.008192,0.012799999999999999,,0.0025599999999999998,,1.030144
14970,121.37911299603174,19073098199361,1,20.496698096394539,19.5312,19.97056,2.1755,14555,0.001024,16.101376,,0.036095999999999996,0.364288,0,0.345344,0.007424,0.011007999999999999,,0.002816,,1.030144
14971,121.39932120181406,19073098394673,1,20.2082060277462,19.9843,20.475648,0.7661,14555,0.001024,16.337152,,0.036351999999999995,0.525056,0,0.343296,0.009216,0.011776,,0.0025599999999999998,,1.0329599999999999
14972,121.41937040107709,19073098594516,1,20.049199461936951,21.6003,0.04608,1.8988,14757,0.001024,16.33024,,0.040704,0.36147199999999996,0,0.34227199999999997,0.007424,0.011519999999999999,,0.0025599999999999998,,1.036032
14973,121.43899299886621,19073098810519,1,19.622597843408585,18.7532,20.017408,2.1627,14607,0.001024,16.272384,,0.03968,0.35020799999999996,0,0.329984,0.0076799999999999993,0.011776,,0.0025599999999999998,,1.0311679999999999
14974,121.45877439767573,19073098998051,1,19.781399518251419,20.5318,19.601408,2.3073,14555,0.001024,15.842559999999999,,0.039424,0.379136,0,0.358912,0.007424,0.011519999999999999,,0.002304,,1.0304
14975,121.47883830073695,19073099203369,1,20.06390318274498,20.0194,19.761408,2.2718,14750,0.001024,16.210687999999998,,0.034304,0.372224,0.000256,0.351744,0.0038399999999999997,0.011776,,0.002816,,1.031936
14976,121.49873129960316,19073099403563,1,19.892998039722443,19.5538,20.046848,2.2017,14555,0.001024,16.331008,,0.03968,0.37785599999999997,0.000256,0.3584,0.007424,0.011519999999999999,,0.0025599999999999998,,1.028864
14977,121.51866299603174,19073099599101,1,19.931696355342865,19.7235,19.867904,2.0187,14757,0.001024,16.336896,,0.03456,0.34815999999999997,0.000256,0.328704,0.004096,0.010752,,0.0025599999999999998,,1.032192
14978,121.53882539682539,19073099796336,1,20.162401720881462,20.0217,19.906304,2.2055,14555,0.001024,16.345855999999998,,0.034304,0.37632,0,0.35712,0.0084479999999999989,0.010239999999999999,,0.0025599999999999998,,1.033984
14979,121.5582670989229,19073099996553,1,19.441701471805573,20.4005,20.107776,1.9904,14555,0.001024,16.37376,,0.038911999999999995,0.35609599999999997,0,0.33536,0.0076799999999999993,0.010239999999999999,,0.0025599999999999998,,1.03424
14980,121.57832660147392,19073100200558,1,20.059501752257347,19.2285,19.436544,2.7123,14555,0.001024,15.853824,,0.034304,0.35737599999999997,0,0.33792,0.0084479999999999989,0.010752,,0.002304,,1.030656
14981,121.59814029903627,19073100392843,1,19.813697785139084,21.3291,20.044544,3.0173,14555,0.001024,16.34432,,0.039424,0.35968,0,0.339456,0.007936,0.011776,,0.0025599999999999998,,1.03168
14982,121.61802230017007,19073100606134,1,19.882000982761383,19.8377,19.761664,2.6779,112479,0.001024,16.256256,,0.034304,0.34227199999999997,0,0.32179199999999997,0.008704,0.010496,,0.0025599999999999998,,1.029888
14983,121.63793409863945,19073100804511,1,19.911797717213631,19.8865,19.8656,4.1104,14802,0.004096,16.109568,,0.034304,0.569344,0,0.34176,0.008192,0.010496,,0.002304,,1.0344959999999999
14984,121.65812930130384,19073101003376,1,20.195202901959419,24.1072,19.896832,0.7646,14555,0.001024,16.343808,,0.033791999999999996,0.3328,0,0.313344,0.0038399999999999997,0.011264,,0.002304,,1.0311679999999999
14985,121.67760260062357,19073101244448,1,19.473299384117126,17.6859,0.045312,2.436,14555,0.001024,16.318208,,0.03584,0.37324799999999997,0.000256,0.354304,0.003072,0.012032,,0.0025599999999999998,,1.0311679999999999
14986,121.69710849631518,19073101421307,1,19.505895674228668,18.2361,19.448576,2.4457,14555,0.001024,15.905024,,0.034048,0.366592,0,0.347904,0.007936,0.010239999999999999,,0.002816,,1.0327039999999998
14987,121.71676310232426,19073101603668,1,19.654605537652969,19.2501,19.474944,2.0285,14757,0.001024,15.915519999999999,,0.033791999999999996,0.367872,0,0.34815999999999997,0.0084479999999999989,0.010752,,0.0025599999999999998,,1.034752
14988,121.73666789965986,19073101796169,1,19.904797896742821,18.9301,19.640064,2.2179,14555,0.0012799999999999999,16.098304,,0.034048,0.35686399999999996,0.000256,0.338432,0.012799999999999999,0.010496,,0.0025599999999999998,,1.0293759999999998
14989,121.75622320011337,19073101985470,1,19.55530047416687,19.5562,19.847168,2.0337,14555,0.001024,16.104447999999998,,0.039168,0.366592,0,0.34764799999999996,0.007424,0.010752,,0.0025599999999999998,,1.035776
14990,121.77631989795918,19073102181032,1,20.096698775887489,19.8411,19.58144,2.265,20997,0.001024,15.857152,,0.039168,0.374272,0,0.35481599999999996,0.007936,0.010752,,0.0025599999999999998,,1.0329599999999999
14991,121.79617650226757,19073102379443,1,19.856603816151619,20.1702,20.081408,2.1479,14750,0.001024,16.326656,,0.03968,0.37504,0,0.35584,0.0076799999999999993,0.010752,,0.0025599999999999998,,1.034752
14992,121.81637140022676,19073102581145,1,20.194897428154945,19.0229,19.832832,2.1505,20686,0.001024,16.264191999999998,,0.034304,0.374784,0,0.354048,0.007936,0.011519999999999999,,0.0025599999999999998,,1.033472
14993,121.83600770266439,19073102771374,1,19.636303186416626,20.6664,20.178176,2.2022,14555,0.001024,16.34304,,0.034304,0.37273599999999996,0,0.35225599999999996,0.008192,0.011264,,0.002304,,1.245696
14994,121.85589430272108,19073102978038,1,19.886599853634834,19.1852,19.61728,1.9917,20391,0.001024,16.093439999999998,,0.034304,0.33510399999999996,0.000256,0.314368,0.008192,0.010239999999999999,,0.0025599999999999998,,1.0311679999999999
14995,121.87556050170068,19073103169890,1,19.666198641061783,19.9097,19.85408,1.9542,112277,0.001024,16.266752,,0.03456,0.3712,0,0.35072,0.008192,0.010239999999999999,,0.002816,,1.033984
14996,121.89555629960317,19073103368987,1,19.9957974255085,19.8777,19.582208,2.0819,28006,0.001024,15.854847999999999,,0.038911999999999995,0.361984,0.000256,0.341248,0.0063999999999999994,0.011776,,0.0025599999999999998,,1.031424
14997,121.91556299603174,19073103567764,1,20.006695762276649,20.0641,20.047616,0.5944,14902,0.001536,15.883007999999998,,0.039424,0.364288,0,0.34559999999999996,0.010239999999999999,0.010752,,0.002304,,1.198848
14998,121.93535739795918,19073103768405,1,19.7944026440382,20.3423,0.046336,1.9541,14555,0.0012799999999999999,16.113664,,0.036095999999999996,0.37401599999999996,0.000256,0.35020799999999996,0.0076799999999999993,0.012032,,0.0025599999999999998,,1.03424
14999,121.95586019699546,19073103971828,1,20.50279825925827,19.0699,19.7696,1.9897,14750,0.001024,16.217344,,0.034304,0.368128,0,0.347904,0.0063999999999999994,0.011519999999999999,,0.002304,,1.030656
15000,121.97577899659863,19073104162527,1,19.91879940032959,19.9549,20.48896,2.2934,14555,0.001024,16.207359999999998,,0.03968,0.36863999999999997,0,0.348672,0.0076799999999999993,0.011007999999999999,,0.003072,,1.362688
15001,121.99564820011338,19073104362076,1,19.869202747941017,20.0758,19.892736,2.3367,14555,0.001024,16.34048,,0.034048,0.357632,0,0.33664,0.008192,0.010239999999999999,,0.0025599999999999998,,1.031936
15002,122.01547850056689,19073104562834,1,19.830299541354179,20.8693,19.844096,2.1585,14757,0.001024,16.265216,,0.03456,0.363008,0,0.343296,0.004352,0.011519999999999999,,0.002816,,1.0296319999999999
15003,122.0351806972789,19073104771527,1,19.70219612121582,19.4779,19.815168,2.2874,14555,0.001024,16.268288,,0.034304,0.356352,0.000256,0.337408,0.0084479999999999989,0.011519999999999999,,0.0025599999999999998,,1.0327039999999998
15004,122.05515829790249,19073104966306,1,19.977601245045662,20.3681,19.677696,2.0836,14555,0.001024,15.906816,,0.039168,0.37324799999999997,0,0.353792,0.007424,0.012032,,0.0025599999999999998,,1.032448
15005,122.07505240221089,19073105169987,1,19.894104450941086,19.4029,19.954688,2.141,14607,0.001024,16.214016,,0.035328,0.37273599999999996,0,0.35276799999999997,0.0076799999999999993,0.011007999999999999,,0.0025599999999999998,,1.035776
15006,122.09473429705216,19073105364016,1,19.681895151734352,19.4785,19.867648,2.1601,14555,0.001024,16.333312,,0.03456,0.336896,0,0.317952,0.007936,0.010752,,0.002816,,1.0329599999999999
15007,122.11434620181406,19073105558801,1,19.61190439760685,20.2355,19.6672,2.1099,14750,0.001024,16.097535999999998,,0.034048,0.37196799999999997,0,0.35276799999999997,0.008192,0.010752,,0.0025599999999999998,,1.030912
15008,122.13375909863944,19073105761156,1,19.412897527217865,19.6502,19.590656,2.1796,112479,0.001024,15.852032,,0.039424,0.371456,0,0.351232,0.007424,0.010752,,0.0025599999999999998,,1.032192
15009,122.15317050028344,19073105957658,1,19.411401823163033,20.0577,19.393536,2.082,14555,0.001024,15.849727999999999,,0.033791999999999996,0.37401599999999996,0,0.354048,0.008704,0.011519999999999999,,0.0025599999999999998,,1.0327039999999998
15010,122.17329520266439,19073106158235,1,20.124701783061028,19.2615,19.392,0.6127,14555,0.001024,15.856639999999999,,0.034048,0.373504,0,0.354048,0.0038399999999999997,0.010239999999999999,,0.003072,,1.0329599999999999
15011,122.19282580073695,19073106350850,1,19.530598074197769,20.4993,0.044288,2.0919,14555,0.001024,16.247552,,0.039424,0.34892799999999996,0.000256,0.329216,0.0076799999999999993,0.011776,,0.0025599999999999998,,1.030144
15012,122.21271130243764,19073106555843,1,19.885500892996788,18.2817,19.507968,2.0672,14555,0.001024,15.958015999999999,,0.034304,0.367872,0.000256,0.348416,0.0038399999999999997,0.011519999999999999,,0.0025599999999999998,,1.032192
15013,122.23273139880952,19073106738660,1,20.020095631480217,20.207,19.855616,1.9762,14757,0.001024,16.26496,,0.034304,0.372224,0,0.35276799999999997,0.008192,0.010752,,0.002816,,1.0329599999999999
15014,122.25260299744897,19073106940730,1,19.871598109602928,19.184,20.00128,1.9173,14555,0.001024,16.255488,,0.034304,0.332032,0,0.31385599999999997,0.004096,0.010239999999999999,,0.0025599999999999998,,1.268992
15015,122.2720464994331,19073107132570,1,19.443502649664879,19.8415,19.844864,1.9358,14750,0.001024,16.26496,,0.034304,0.36352,0,0.344576,0.007936,0.010752,,0.002816,,1.0327039999999998
15016,122.29197390164398,19073107330985,1,19.927402958273888,20.0859,19.429888,1.9391,21049,0.001024,15.854336,,0.034304,0.363008,0,0.342784,0.008192,0.010752,,0.0025599999999999998,,1.0327039999999998
15017,122.31174579790249,19073107531844,1,19.771896302700043,19.8937,19.910144,1.9572,14555,0.001024,16.337664,,0.034304,0.370944,0,0.349952,0.007936,0.010239999999999999,,0.0025599999999999998,,1.030912
15018,122.33122490079364,19073107730781,1,19.47910338640213,19.5844,19.7376,1.9078,14757,0.001024,16.207872,,0.034304,0.33433599999999997,0.000256,0.315392,0.008192,0.011264,,0.0025599999999999998,,1.033216
15019,122.35093110119047,19073107926625,1,19.706200808286667,19.6731,19.454464,1.9206,14555,0.0012799999999999999,15.86816,,0.033791999999999996,0.37401599999999996,0,0.35353599999999996,0.008192,0.011007999999999999,,0.002816,,1.0344959999999999
15020,122.37035160147391,19073108123356,1,19.420500844717026,19.8582,19.689472,2.0175,14555,0.001024,16.094464,,0.034304,0.371456,0,0.351744,0.008192,0.012032,,0.002304,,1.0293759999999998
15021,122.39020929705215,19073108321938,1,19.857695326209068,19.4312,19.401984,1.9224,112277,0.001024,15.852032,,0.034048,0.355072,0,0.33638399999999996,0.008192,0.010752,,0.002816,,1.028352
15022,122.4103126984127,19073108516250,1,20.103400573134422,19.6634,19.825408,1.9031,14555,0.001024,16.259328,,0.03456,0.37196799999999997,0,0.35276799999999997,0.008192,0.010752,,0.0025599999999999998,,1.032448
15023,122.43003370181405,19073108712884,1,19.721003249287605,19.7135,20.089344,0.5748,14952,0.001024,15.906816,,0.036864,0.375552,0,0.355328,0.008192,0.010239999999999999,,0.0025599999999999998,,1.0278399999999999
15024,122.44993920068026,19073108910019,1,19.905498251318932,21.1405,0.044544,1.9634,14555,0.001024,15.851519999999999,,0.039168,0.335872,0,0.31513599999999997,0.0076799999999999993,0.010496,,0.0025599999999999998,,1.0344959999999999
15025,122.46960219671202,19073109121424,1,19.662996754050255,19.0736,19.882752,1.9341,14555,0.001024,16.115968,,0.038911999999999995,0.358656,0.000256,0.339968,0.007424,0.011776,,0.002816,,1.035264
15026,122.48911209608843,19073109312160,1,19.509898498654366,19.3143,19.642624,2.0415,14555,0.001024,16.108287999999998,,0.034048,0.336128,0,0.316672,0.0084479999999999989,0.012288,,0.002304,,1.029888
15027,122.50858120039682,19073109505303,1,19.469104707241058,20.1421,19.487232,1.905,14607,0.001024,15.897343999999999,,0.034048,0.36991999999999997,0.000256,0.350464,0.007936,0.010752,,0.002816,,1.0327039999999998
15028,122.52824260204081,19073109706724,1,19.661402329802513,19.4372,19.442432,1.9288,14757,0.001024,15.853824,,0.034304,0.36735999999999996,0.000256,0.34764799999999996,0.008704,0.012032,,0.0025599999999999998,,1.0327039999999998
15029,122.54814139739229,19073109901096,1,19.898794591426849,19.4534,19.64032,1.9777,14555,0.001024,16.1024,,0.034048,0.343808,0,0.32307199999999997,0.007936,0.011776,,0.0025599999999999998,,1.030656
15030,122.56799589710884,19073110095630,1,19.854499027132988,19.6541,19.876352,1.9694,14555,0.001024,16.331008,,0.034048,0.356352,0.000256,0.33664,0.007936,0.011776,,0.0025599999999999998,,1.02912
15031,122.58786850198412,19073110292171,1,19.872605800628662,19.6457,19.846144,1.9147,14750,0.001024,16.272128,,0.034048,0.348672,0,0.328192,0.008192,0.011007999999999999,,0.002304,,1.0344959999999999
15032,122.60729679705214,19073110488628,1,19.428294152021408,19.7649,19.847168,1.9093,14555,0.001024,16.272896,,0.034304,0.37273599999999996,0,0.35225599999999996,0.011264,0.012032,,0.0025599999999999998,,1.0293759999999998
15033,122.62730420209751,19073110686277,1,20.007405430078506,20.0457,19.397888,2.2027,14757,0.001024,15.848192,,0.034304,0.355328,0,0.336128,0.007936,0.011264,,0.0025599999999999998,,1.0329599999999999
15034,122.64732830215419,19073110886734,1,20.024100318551064,19.7496,19.994112,1.9207,164990,0.001024,16.260607999999998,,0.040704,0.371456,0,0.35072,0.0076799999999999993,0.011776,,0.002304,,1.0327039999999998
15035,122.66689949688208,19073111084230,1,19.571194425225258,19.6872,19.954944,1.9178,78037,0.001024,16.224512,,0.036095999999999996,0.353792,0,0.334592,0.007936,0.010752,,0.0025599999999999998,,1.03424
15036,122.68708879676871,19073111281102,1,20.189300179481506,20.099,19.60704,0.5924,28940,0.001024,15.903744,,0.034048,0.33100799999999997,0,0.312832,0.008704,0.010239999999999999,,0.002304,,1.0304
15037,122.7069044005102,19073111482092,1,19.815603271126747,20.508,0.045312,2.0305,14555,0.001024,16.110592,,0.038911999999999995,0.35353599999999996,0.000256,0.333568,0.007424,0.012032,,0.0025599999999999998,,1.0378239999999999
15038,122.72650240221088,19073111687172,1,19.59800161421299,18.8825,19.783424,1.8744,14809,0.001024,16.265216,,0.034304,0.342784,0,0.32307199999999997,0.0084479999999999989,0.011519999999999999,,0.002304,,1.030912
15039,122.74637519841269,19073111875997,1,19.872795790433884,19.9788,19.578624,2.3406,14750,0.0012799999999999999,15.850496,,0.038911999999999995,0.35328,0.000256,0.33408,0.007936,0.011519999999999999,,0.0025599999999999998,,1.0293759999999998
15040,122.76639149659863,19073112075785,1,20.016297698020935,20.3908,19.843328,1.9424,14555,0.001024,16.100352,,0.039936,0.36352,0.000256,0.34304,0.00896,0.011776,,0.0025599999999999998,,1.033472
15041,122.7862378968254,19073112279693,1,19.846400246024132,19.2699,20.001024,1.9767,14555,0.001024,16.263424,,0.038655999999999996,0.35609599999999997,0,0.33561599999999997,0.0076799999999999993,0.011776,,0.0025599999999999998,,1.028864
15042,122.80628730158729,19073112472392,1,20.049404352903366,19.7323,19.821056,2.0839,20997,0.001024,16.09856,,0.03456,0.33510399999999996,0,0.316928,0.007936,0.012288,,0.0025599999999999998,,1.03168
15043,122.82622809665533,19073112669715,1,19.940795376896858,19.9369,20.028416,1.9145,14757,0.001024,16.267519999999998,,0.03456,0.375552,0.000256,0.355328,0.008192,0.010496,,0.0025599999999999998,,1.032192
15044,122.84624990079365,19073112869084,1,20.021803677082062,20.1608,19.913728,1.93,14555,0.001024,16.331519999999998,,0.034048,0.37324799999999997,0,0.35225599999999996,0.007936,0.011264,,0.002816,,1.030912
15045,122.86588409863946,19073113070692,1,19.634198397397995,20.2974,20.000256,2.0523,14555,0.001024,16.267264,,0.040192,0.35072,0.000256,0.329984,0.0076799999999999993,0.011519999999999999,,0.0025599999999999998,,1.032192
15046,122.88588210034013,19073113273666,1,19.998000934720039,19.6522,19.61728,2.5176,14555,0.001024,15.864576,,0.040192,0.36147199999999996,0,0.341504,0.006912,0.010752,,0.0025599999999999998,,1.033216
15047,122.90583720238095,19073113470188,1,19.9551023542881,19.8753,19.975424,1.9342,112472,0.001024,16.206848,,0.033791999999999996,0.368128,0.000256,0.349952,0.0084479999999999989,0.011776,,0.002816,,1.031424
15048,122.92585520124716,19073113668941,1,20.017998293042183,19.6846,19.916032,2.015,14757,0.001024,15.900672,,0.043519999999999996,0.336128,0.000256,0.315648,0.007424,0.011776,,0.0025599999999999998,,1.037568
15049,122.94625170068026,19073113865787,1,20.396498963236809,19.968,20.004096,0.5278,14607,0.001024,16.269312,,0.034304,0.370176,0,0.35020799999999996,0.008192,0.010496,,0.0025599999999999998,,1.030912
15050,122.96610269982993,19073114065467,1,19.850999116897583,20.7361,0.047104,1.956,14555,0.001024,16.329472,,0.036095999999999996,0.35712,0,0.337152,0.007424,0.011776,,0.0025599999999999998,,1.031936
15051,122.98549389880952,19073114272828,1,19.391199573874474,19.4764,19.796224,2.0681,14555,0.001024,16.10624,,0.039424,0.348672,0,0.329472,0.0076799999999999993,0.011776,,0.0025599999999999998,,1.035008
15052,123.00544389880952,19073114467592,1,19.950000569224358,20.3528,19.409664,1.9132,14555,0.001024,15.847423999999998,,0.034048,0.369664,0.000256,0.34944,0.009472,0.010752,,0.002304,,1.028608
15053,123.02538450255102,19073114671120,1,19.940603524446487,19.5589,19.93856,1.973,14757,0.001024,16.222208,,0.039168,0.372224,0,0.352512,0.0076799999999999993,0.011264,,0.0025599999999999998,,1.0378239999999999
15054,123.04551469671202,19073114866709,1,20.13019472360611,19.243,19.917568,1.8624,14555,0.001024,16.339456,,0.034048,0.36531199999999997,0,0.345856,0.003584,0.011776,,0.0025599999999999998,,1.035008
15055,123.06556909722222,19073115059139,1,20.054399967193604,20.0051,20.079616,1.9495,14750,0.001024,16.327168,,0.03968,0.358912,0,0.33971199999999996,0.0076799999999999993,0.009984,,0.0025599999999999998,,1.0293759999999998
15056,123.08529019982993,19073115259190,1,19.721101969480515,19.9437,20.0704,1.8776,14555,0.001024,16.337408,,0.039168,0.365056,0,0.34431999999999996,0.007424,0.011264,,0.0025599999999999998,,1.031424
15057,123.10526809807256,19073115458627,1,19.97789740562439,20.3341,19.69408,1.9624,14555,0.001024,16.103936,,0.034304,0.371456,0.000256,0.35276799999999997,0.004096,0.011007999999999999,,0.0025599999999999998,,1.034752
15058,123.12469430272108,19073115661968,1,19.426204264163971,20.1881,19.96032,1.9013,14757,0.001024,16.25984,,0.038911999999999995,0.35020799999999996,0,0.330496,0.0076799999999999993,0.011264,,0.0025599999999999998,,1.036032
15059,123.14438660005669,19073115863849,1,19.692298024892807,19.348,19.401728,1.8874,14555,0.001024,15.85536,,0.033791999999999996,0.35584,0,0.33561599999999997,0.008192,0.011519999999999999,,0.0025599999999999998,,1.03424
15060,123.16385829790249,19073116057329,1,19.471697509288788,20.0245,19.675136,1.901,112329,0.001024,15.851519999999999,,0.039168,0.355584,0,0.33561599999999997,0.003072,0.010239999999999999,,0.0025599999999999998,,1.030656
15061,123.18387339852607,19073116257574,1,20.01510001718998,19.2731,19.455744,1.9772,14555,0.001024,15.909376,,0.034048,0.35686399999999996,0.000256,0.33792,0.005376,0.010496,,0.0025599999999999998,,1.0311679999999999
15062,123.20405099914966,19073116450305,1,20.177600905299187,19.8496,19.986176,0.5193,14555,0.001024,16.26112,,0.03968,0.37376,0.000256,0.354048,0.0076799999999999993,0.011776,,0.0025599999999999998,,1.033728
15063,123.22374260204082,19073116648801,1,19.691603258252144,20.2459,0.045312,1.7798,14952,0.001024,16.334592,,0.035072,0.352512,0,0.33305599999999996,0.003328,0.011007999999999999,,0.0025599999999999998,,1.0311679999999999
15064,123.24388830073696,19073116851260,1,20.145699381828308,19.1456,19.68,2.0145,14555,0.001024,16.108031999999998,,0.034304,0.355072,0.000256,0.336128,0.007936,0.011519999999999999,,0.0025599999999999998,,1.031936
15065,123.26375139597505,19073117042716,1,19.863095134496689,20.4076,20.114944,1.7985,14555,0.001024,16.349183999999997,,0.035584,0.35225599999999996,0,0.329472,0.007936,0.011264,,0.0025599999999999998,,1.033472
15066,123.28334849773242,19073117246792,1,19.597101956605911,19.5072,19.838976,1.9084,14555,0.001024,16.26368,,0.034304,0.35148799999999997,0,0.33228799999999997,0.008192,0.011007999999999999,,0.002816,,1.031936
15067,123.30323740079365,19073117441864,1,19.888903945684433,20.0937,19.579136,1.9563,20339,0.001024,15.85408,,0.035584,0.336128,0,0.316928,0.0076799999999999993,0.010239999999999999,,0.0025599999999999998,,1.0327039999999998
15068,123.32281680130384,19073117642801,1,19.579401239752769,19.9531,19.873792,1.9156,21344,0.0012799999999999999,16.338943999999998,,0.034048,0.3392,0,0.31872,0.004096,0.010239999999999999,,0.0025599999999999998,,1.0329599999999999
15069,123.34230520124716,19073117842332,1,19.488399848341942,19.6174,19.567104,1.9129,14555,0.001024,15.849984,,0.039424,0.344576,0,0.325376,0.007424,0.010752,,0.002304,,1.030912
15070,123.36207679988662,19073118038506,1,19.771598279476166,19.8704,19.39456,1.8965,20339,0.001024,15.854847999999999,,0.033791999999999996,0.371456,0.000256,0.350976,0.0038399999999999997,0.011007999999999999,,0.0025599999999999998,,1.0278399999999999
15071,123.38204260204081,19073118237210,1,19.965801388025284,19.4772,19.82336,1.8843,14802,0.001024,16.269568,,0.034304,0.336896,0,0.31616,0.0084479999999999989,0.010239999999999999,,0.0025599999999999998,,1.03424
15072,123.40279280045351,19073118431982,1,20.750198513269424,19.7185,19.9488,2.045,26413,0.001024,16.260607999999998,,0.035072,0.337408,0,0.317696,0.007424,0.011519999999999999,,0.0025599999999999998,,1.028352
15073,123.42264630102041,19073118629167,1,19.853500649333,19.9331,20.729088,1.9096,112624,0.001024,16.113152,,0.043264,0.360448,0,0.340736,0.0076799999999999993,0.011264,,0.0025599999999999998,,1.3893119999999999
15074,123.44282679988662,19073118828498,1,20.18049918115139,19.5816,19.83232,2.0494,14555,0.001024,16.09856,,0.039168,0.37196799999999997,0,0.35225599999999996,0.0076799999999999993,0.011519999999999999,,0.0025599999999999998,,1.028864
15075,123.4629626984127,19073119024314,1,20.135898143053055,21.1125,20.156672,0.5249,14555,0.001024,16.263424,,0.036351999999999995,0.349952,0,0.32972799999999997,0.0076799999999999993,0.012032,,0.0025599999999999998,,1.033472
15076,123.48279559948979,19073119235439,1,19.832901656627655,20.3574,0.047104,1.9277,14555,0.001024,16.105472,,0.03968,0.358656,0,0.338688,0.003328,0.011007999999999999,,0.002304,,1.030912
15077,123.50250340136054,19073119439013,1,19.707802683115005,19.9542,19.73248,1.9468,14555,0.001024,16.208896,,0.034048,0.36070399999999997,0,0.341504,0.008192,0.010239999999999999,,0.002304,,1.0304
15078,123.52244419642857,19073119638555,1,19.940795376896858,19.4322,19.757568,1.9238,14757,0.001024,16.214271999999998,,0.034048,0.370176,0.000256,0.350976,0.005632,0.011264,,0.0025599999999999998,,1.031936
15079,123.54188219954648,19073119832877,1,19.4380022585392,20.0783,19.932416,1.9239,14750,0.000768,16.213248,,0.040959999999999996,0.357888,0.000256,0.337408,0.007936,0.010239999999999999,,0.0025599999999999998,,1.032192
15080,123.56188769841269,19073120033660,1,20.005498081445694,19.9138,19.417344,1.8848,14555,0.001024,15.911168,,0.034304,0.333312,0,0.314368,0.0084479999999999989,0.010496,,0.002304,,1.0304
15081,123.58170189909296,19073120232798,1,19.814200699329376,19.6105,19.979264,1.9481,14555,0.001024,16.258048,,0.03968,0.344064,0,0.323328,0.007424,0.011776,,0.0025599999999999998,,1.035008
15082,123.60157390164399,19073120428903,1,19.872002303600311,19.3234,19.807744,1.9665,14607,0.001024,16.26496,,0.034816,0.346112,0.000256,0.327424,0.007936,0.011776,,0.002816,,1.0311679999999999
15083,123.62142490079364,19073120622137,1,19.850999116897583,20.1046,19.83872,1.9304,14757,0.001024,16.105216,,0.03968,0.37401599999999996,0,0.35456,0.007424,0.011776,,0.0025599999999999998,,1.028864
15084,123.64137509920634,19073120823183,1,19.950198009610176,19.8352,19.839488,1.8713,14555,0.001024,16.265216,,0.034304,0.37401599999999996,0.000256,0.35456,0.007936,0.012032,,0.0025599999999999998,,1.033216
15085,123.6611262967687,19073121021535,1,19.751196727156639,19.7912,19.926528,1.8959,14555,0.001024,16.342783999999998,,0.034048,0.34764799999999996,0.000256,0.328192,0.0084479999999999989,0.010752,,0.0025599999999999998,,1.0344959999999999
15086,123.68055800028344,19073121219447,1,19.4317027926445,19.9361,19.73888,1.877,112277,0.001024,15.845887999999999,,0.035584,0.349696,0,0.330496,0.003584,0.011264,,0.0025599999999999998,,1.033728
15087,123.70019489795918,19073121418808,1,19.636897370219231,20.1642,19.401472,3.1775,14750,0.001024,15.852032,,0.03456,0.370944,0,0.352,0.0084479999999999989,0.011264,,0.0025599999999999998,,1.0344959999999999
15088,123.72031379676871,19073121620450,1,20.118899643421173,21.5188,19.618816,0.7252,14757,0.001024,15.866624,,0.039424,0.365824,0.000256,0.34687999999999997,0.0076799999999999993,0.011007999999999999,,0.0025599999999999998,,1.03424
15089,123.73997699829931,19073121835638,1,19.66320164501667,20.6705,0.045824,3.5359,14555,0.001024,16.107264,,0.043264,0.336896,0,0.31616,0.0084479999999999989,0.011519999999999999,,0.002304,,1.03168
15090,123.75988839994331,19073122042343,1,19.911400973796844,18.591,19.783936,3.6071,14555,0.001024,15.842559999999999,,0.033791999999999996,0.36352,0,0.342784,0.008704,0.012032,,0.0025599999999999998,,1.034752
15091,123.77950690192743,19073122228253,1,19.618501886725426,22.8511,19.817472,3.0986,14555,0.001024,16.2176,,0.034304,0.367872,0,0.348672,0.00896,0.012032,,0.0025599999999999998,,1.0296319999999999
15092,123.7996181972789,19073122456764,1,20.111294463276863,17.3159,19.676672,2.8908,14555,0.001024,16.115199999999998,,0.034048,0.38118399999999997,0,0.361728,0.0084479999999999989,0.010752,,0.0025599999999999998,,1.029888
15093,123.81930080073695,19073122629923,1,19.68260295689106,20.4167,20.093696,2.3657,14809,0.001024,16.340992,,0.038911999999999995,0.356352,0,0.336128,0.007936,0.011519999999999999,,0.0025599999999999998,,1.0368
15094,123.83900569727891,19073122834090,1,19.704896956682205,17.696,19.659264,2.1759,20997,0.001024,16.116992,,0.03456,0.347392,0,0.327424,0.008192,0.011519999999999999,,0.0025599999999999998,,1.031424
15095,123.85906179846938,19073123011050,1,20.056100562214851,19.3522,19.670528,2.3641,14750,0.001024,16.107264,,0.034048,0.360448,0,0.34048,0.0051199999999999996,0.012032,,0.0025599999999999998,,1.031936
15096,123.87923990221088,19073123204572,1,20.178103819489479,19.884,20.045568,2.1913,14555,0.001024,16.336128,,0.034048,0.342016,0,0.321536,0.008192,0.010752,,0.003072,,1.0293759999999998
15097,123.89905189909297,19073123403412,1,19.811997190117836,19.5244,20.153344,2.0338,14555,0.001024,16.21376,,0.193024,0.365824,0,0.33971199999999996,0.0076799999999999993,0.011007999999999999,,0.0025599999999999998,,1.029888
15098,123.91876559665532,19073123598656,1,19.713697955012321,20.0089,19.8144,2.0348,14757,0.001024,16.258816,,0.034304,0.34483199999999997,0.000256,0.324864,0.008192,0.012032,,0.0025599999999999998,,1.031936
15099,123.93955060232426,19073123798745,1,20.785005763173103,19.9094,19.689216,1.9726,112277,0.001024,16.117248,,0.034304,0.3712,0,0.350976,0.0084479999999999989,0.010752,,0.0025599999999999998,,1.0329599999999999
15100,123.9590591978458,19073123997839,1,19.508594647049904,19.8331,20.762368,1.9956,14555,0.001024,16.333824,,0.039424,0.36352,0,0.343808,0.009472,0.010752,,0.0025599999999999998,,1.2928
15101,123.9794667020975,19073124196170,1,20.407503470778465,19.7888,19.419392,0.5627,14555,0.001024,15.866112,,0.034048,0.35456,0,0.333824,0.007936,0.011519999999999999,,0.0025599999999999998,,1.033472
15102,123.99913920068026,19073124394058,1,19.672498106956482,21.6716,0.045056,1.902,14555,0.001024,16.10368,,0.040959999999999996,0.352512,0,0.329984,0.0076799999999999993,0.009984,,0.0025599999999999998,,1.199104
15103,124.01915399659863,19073124610774,1,20.014796406030655,18.5474,19.641088,1.9996,14952,0.001024,16.107775999999998,,0.03456,0.366336,0,0.347136,0.0084479999999999989,0.010239999999999999,,0.0025599999999999998,,1.030912
15104,124.03905070153061,19073124796248,1,19.896704703569412,20.3545,19.99104,2.0592,14607,0.001024,16.263935999999998,,0.04224,0.370176,0.000256,0.349952,0.003328,0.011519999999999999,,0.0025599999999999998,,1.033728
15105,124.05897599914965,19073124999793,1,19.925298169255257,20.1594,19.881216,2.5273,14555,0.001024,16.332288,,0.034304,0.361984,0,0.342016,0.008192,0.011264,,0.0025599999999999998,,1.032448
15106,124.0791089994331,19073125201387,1,20.132999867200851,19.547,19.862784,1.9571,14555,0.001024,16.107775999999998,,0.039424,0.368896,0,0.347904,0.007424,0.011776,,0.002816,,1.033472
15107,124.09850829790248,19073125396857,1,19.39929835498333,20.0307,20.153344,1.9803,14555,0.001024,16.338943999999998,,0.038911999999999995,0.37273599999999996,0,0.352512,0.003584,0.012032,,0.002304,,1.029888
15108,124.11793540249433,19073125597164,1,19.427103921771049,19.9935,19.380992,1.995,14757,0.001024,15.851007999999998,,0.034304,0.34099199999999996,0,0.321024,0.011776,0.010239999999999999,,0.0025599999999999998,,1.028352
15109,124.1375589994331,19073125797099,1,19.623596221208572,20.5343,19.4048,1.8891,14555,0.001024,15.864576,,0.034304,0.333824,0.000256,0.314368,0.007936,0.011776,,0.0025599999999999998,,1.03424
15110,124.1571213010204,19073126002442,1,19.562302157282829,18.7561,19.595008,2.1889,14555,0.001024,15.861759999999999,,0.040704,0.372224,0,0.35276799999999997,0.0076799999999999993,0.011007999999999999,,0.0025599999999999998,,1.0327039999999998
15111,124.17709319727891,19073126190003,1,19.971895962953568,19.6182,19.545344,2.0097,14750,0.001024,15.856128,,0.042752,0.342016,0,0.322048,0.003584,0.012032,,0.0025599999999999998,,1.029888
15112,124.19692490079365,19073126386185,1,19.8317039757967,19.6026,19.95648,2.154,112277,0.001024,16.214527999999998,,0.039936,0.353024,0.000256,0.33305599999999996,0.007424,0.011007999999999999,,0.0025599999999999998,,1.033216
15113,124.21679990079365,19073126582211,1,19.874999299645424,20.2262,19.79904,2.0016,14757,0.001024,16.228863999999998,,0.034048,0.37196799999999997,0,0.353024,0.007936,0.010496,,0.002816,,1.033728
15114,124.23657869897959,19073126784473,1,19.778797402977943,19.3427,19.860736,0.56,14555,0.001024,16.089344,,0.034048,0.36479999999999996,0,0.345344,0.010752,0.011519999999999999,,0.0025599999999999998,,1.20704
15115,124.25628689767574,19073126977900,1,19.708199426531792,21.112,0.044544,2.1786,14607,0.001024,15.895296,,0.039936,0.364544,0,0.344576,0.007424,0.011007999999999999,,0.002816,,1.03424
15116,124.27616780045351,19073127189020,1,19.880902022123337,18.8108,19.681536,2.1397,14555,0.001024,16.105472,,0.033791999999999996,0.365824,0,0.345344,0.0084479999999999989,0.011776,,0.002304,,1.033472
15117,124.29563149801587,19073127377128,1,19.463697448372841,20.2297,19.8656,2.723,14555,0.001024,16.093439999999998,,0.039168,0.380416,0.000256,0.36070399999999997,0.007424,0.011519999999999999,,0.0025599999999999998,,1.030144
15118,124.31552899659863,19073127579425,1,19.897498190402985,19.6523,19.4304,2.1257,14555,0.001024,15.86304,,0.034304,0.363008,0,0.34227199999999997,0.007936,0.011007999999999999,,0.002816,,1.03168
15119,124.33523460175736,19073127775948,1,19.705604761838913,19.3025,19.893248,2.1679,14952,0.001024,16.342783999999998,,0.034304,0.33510399999999996,0,0.31488,0.008192,0.012032,,0.0025599999999999998,,1.033984
15120,124.35514199971655,19073127968973,1,19.907398149371147,19.47,19.678208,2.1823,20997,0.001024,16.107775999999998,,0.03968,0.348416,0,0.32844799999999996,0.008192,0.011519999999999999,,0.0025599999999999998,,1.0327039999999998
15121,124.37482099631519,19073128163673,1,19.678996875882149,19.8264,19.888128,2.0503,14555,0.001024,16.3328,,0.034048,0.369152,0.000256,0.34815999999999997,0.003584,0.011519999999999999,,0.0025599999999999998,,1.03424
15122,124.3947762967687,19073128361937,1,19.95529979467392,20.1068,19.653632,1.9973,14555,0.001024,16.113408,,0.034304,0.353792,0,0.333312,0.008192,0.011776,,0.002304,,1.035264
15123,124.41429959608843,19073128563005,1,19.523300230503082,19.7463,19.932672,1.8963,14555,0.001024,16.338432,,0.034048,0.363264,0,0.342528,0.007936,0.011776,,0.0025599999999999998,,1.032192
15124,124.43410649801586,19073128760468,1,19.806902855634689,19.2925,19.483648,2.1518,14757,0.001024,15.910143999999999,,0.034048,0.36224,0,0.34176,0.010752,0.011264,,0.0025599999999999998,,1.032192
15125,124.45475150226757,19073128953393,1,20.645003765821457,19.935,19.794176,1.9505,112277,0.001024,16.256,,0.034048,0.334848,0,0.31590399999999996,0.008192,0.011264,,0.0025599999999999998,,1.032192
15126,124.47486040249433,19073129152743,1,20.1089009642601,19.5314,20.636672,2.0155,14607,0.001024,16.213248,,0.039168,0.36863999999999997,0.000256,0.348672,0.003072,0.011776,,0.0025599999999999998,,1.3706239999999998
15127,124.49503059807256,19073129348057,1,20.170195028185844,19.9991,20.08576,0.5452,14750,0.001024,16.34176,,0.039424,0.33536,0,0.315392,0.007424,0.012032,,0.0025599999999999998,,1.036544
15128,124.51447380243764,19073129548048,1,19.443204626441002,21.5943,0.047616,1.95,14555,0.001024,16.268031999999998,,0.041471999999999995,0.376064,0,0.356352,0.008192,0.011264,,0.0025599999999999998,,1.031936
15129,124.53413300028345,19073129763991,1,19.659196957945824,19.1353,19.419648,2.2891,14757,0.001024,15.85536,,0.039424,0.35942399999999997,0,0.338432,0.008192,0.010496,,0.0025599999999999998,,1.0329599999999999
15130,124.55379379960317,19073129955344,1,19.660798832774162,20.0409,19.625472,2.2142,14555,0.001024,16.111615999999998,,0.034304,0.33638399999999996,0,0.316416,0.003584,0.010752,,0.002304,,1.03168
15131,124.57323679846938,19073130155753,1,19.442999735474586,19.7621,19.656448,1.9329,14555,0.001024,16.098816,,0.034048,0.33664,0,0.316416,0.008192,0.011264,,0.0025599999999999998,,1.029888
15132,124.59297339852607,19073130353374,1,19.736599177122116,19.4462,19.410688,2.5484,14555,0.001024,15.84128,,0.03456,0.353024,0.000256,0.33305599999999996,0.010752,0.011007999999999999,,0.0025599999999999998,,1.032448
15133,124.61238339710884,19073130547836,1,19.409999251365662,20.3666,19.723008,2.0685,14555,0.001024,16.220672,,0.034304,0.333824,0.000256,0.31488,0.007936,0.011264,,0.0025599999999999998,,1.033728
15134,124.63207050028345,19073130751502,1,19.687103107571602,18.7877,19.386624,1.9707,14757,0.001024,15.858944,,0.033791999999999996,0.33536,0.000256,0.31462399999999996,0.011776,0.010496,,0.0025599999999999998,,1.0344959999999999
15135,124.65191879960317,19073130939379,1,19.848300144076347,19.9147,19.674112,1.9681,32321,0.001024,16.111615999999998,,0.034304,0.368896,0,0.348416,0.0084479999999999989,0.012032,,0.0025599999999999998,,1.029888
15136,124.67193689767574,19073131138526,1,20.018098875880241,19.266,19.816704,1.8382,64082,0.001024,16.263424,,0.034048,0.347904,0,0.32844799999999996,0.008192,0.011007999999999999,,0.002304,,1.033472
15137,124.69161819727891,19073131331186,1,19.681299105286598,19.4831,20.000512,2.031,62326,0.001024,16.270592,,0.03584,0.357888,0,0.338432,0.007424,0.011264,,0.002816,,1.0329599999999999
15138,124.71128259637187,19073131526017,1,19.664399325847626,20.4933,19.664128,2.1189,126662,0.001024,16.105216,,0.03456,0.346624,0.000256,0.327424,0.008192,0.011519999999999999,,0.0025599999999999998,,1.0296319999999999
15139,124.73127030187074,19073131730950,1,19.98770609498024,19.5104,19.64032,2.088,14757,0.001024,16.096256,,0.034304,0.3392,0,0.318976,0.008192,0.012032,,0.0025599999999999998,,1.029888
15140,124.75106130243763,19073131926054,1,19.791001453995705,19.9857,19.949312,0.6372,14555,0.001024,16.222976,,0.039424,0.342528,0,0.323584,0.007424,0.012032,,0.0025599999999999998,,1.031936
15141,124.77071140164398,19073132125911,1,19.65009979903698,20.7546,0.04608,2.023,14555,0.001024,15.903488,,0.03712,0.35814399999999996,0,0.338432,0.007936,0.011519999999999999,,0.002304,,1.031424
15142,124.79062650226757,19073132333457,1,19.915100187063217,18.7557,19.625728,2.1022,14555,0.001024,15.899135999999999,,0.03968,0.337152,0,0.317696,0.007936,0.010752,,0.0025599999999999998,,1.02912
15143,124.8100588010204,19073132521014,1,19.432298839092255,19.4556,19.8784,1.9262,20534,0.0012799999999999999,16.346111999999998,,0.034048,0.346368,0,0.325888,0.008192,0.011007999999999999,,0.002816,,1.033472
15144,124.8295089994331,19073132715570,1,19.450198858976364,19.6403,19.44448,2.2377,14902,0.001024,15.863807999999999,,0.034048,0.37248,0,0.352,0.0084479999999999989,0.011264,,0.0025599999999999998,,1.0296319999999999
15145,124.84943939909297,19073132911973,1,19.930399954319,20.0985,19.416064,2.0115,20339,0.001024,15.852288,,0.033791999999999996,0.363264,0,0.34355199999999997,0.004096,0.009984,,0.0025599999999999998,,1.0293759999999998
15146,124.86909000141723,19073133112958,1,19.650602713227272,19.3995,19.899648,2.3409,20997,0.001024,16.342783999999998,,0.035072,0.34944,0,0.32896,0.0038399999999999997,0.011519999999999999,,0.0025599999999999998,,1.034752
15147,124.88872850056688,19073133306953,1,19.638499245047569,20.3953,19.63008,2.0411,14555,0.001024,15.870464,,0.039424,0.358656,0.000256,0.3392,0.007936,0.010239999999999999,,0.002304,,1.0344959999999999
15148,124.90863110119047,19073133510906,1,19.902599975466728,19.001,19.629056,2.1248,28058,0.001024,16.09856,,0.033791999999999996,0.34355199999999997,0.000256,0.323328,0.008192,0.011519999999999999,,0.0025599999999999998,,1.031936
15149,124.92853280187074,19073133700916,1,19.90170031785965,20.1765,19.8656,2.078,14902,0.001024,16.329984,,0.034304,0.364544,0,0.345344,0.00896,0.011007999999999999,,0.0025599999999999998,,1.031424
15150,124.9490429988662,19073133902681,1,20.510196685791016,19.139,19.88224,2.1005,14555,0.001024,16.340224,,0.034048,0.35737599999999997,0,0.337152,0.0084479999999999989,0.012288,,0.002304,,1.031936
15151,124.96850669642856,19073134094071,1,19.463697448372841,20.1677,20.49536,2.0317,112472,0.001024,16.101632,,0.039168,0.368896,0,0.34559999999999996,0.0076799999999999993,0.011264,,0.002816,,1.277952
15152,124.98841189767573,19073134295748,1,19.905202090740204,19.5035,19.429376,2.1168,14555,0.001024,15.870975999999999,,0.034048,0.361216,0,0.34022399999999997,0.008192,0.010496,,0.0025599999999999998,,1.034752
15153,125.00858059807256,19073134490783,1,20.168701186776161,20.9127,19.885824,0.5693,14555,0.001024,16.338687999999998,,0.033791999999999996,0.34099199999999996,0.000256,0.32051199999999996,0.005888,0.011264,,0.0025599999999999998,,1.030656
15154,125.02847390164399,19073134699910,1,19.893303513526917,20.1276,0.04608,2.0921,14757,0.001024,16.247552,,0.03968,0.369664,0.000256,0.348416,0.0076799999999999993,0.012032,,0.0025599999999999998,,1.030144
15155,125.04796490221088,19073134901186,1,19.491000100970268,19.0827,19.872,2.0836,14555,0.001024,16.338432,,0.033791999999999996,0.36224,0,0.34227199999999997,0.008192,0.011519999999999999,,0.0025599999999999998,,1.033472
15156,125.06761389597506,19073135092013,1,19.648993387818336,20.097,19.427328,1.9726,14555,0.001024,15.890944,,0.034304,0.36940799999999996,0.000256,0.349696,0.008192,0.011007999999999999,,0.002816,,1.0296319999999999
15157,125.08783390022676,19073135292983,1,20.220004022121429,19.7064,19.660544,1.9566,14555,0.001024,16.096512,,0.034048,0.371456,0,0.353024,0.007936,0.010496,,0.002304,,1.034752
15158,125.10727050028345,19073135490047,1,19.436599686741829,19.5689,20.202752,1.9261,14555,0.001024,16.3456,,0.039424,0.37324799999999997,0,0.35225599999999996,0.005632,0.011776,,0.0025599999999999998,,1.030144
15159,125.12716600056689,19073135685736,1,19.89549957215786,19.5683,19.415296,1.9002,17124,0.001024,15.849215999999998,,0.034304,0.35225599999999996,0,0.33228799999999997,0.005376,0.011519999999999999,,0.002816,,1.031424
15160,125.14660590277778,19073135881419,1,19.439902156591415,20.1645,19.876352,1.9431,14555,0.001024,16.333568,,0.034048,0.35276799999999997,0.000256,0.333568,0.007936,0.011776,,0.0025599999999999998,,1.03168
15161,125.16641310232426,19073136083064,1,19.807199016213417,19.5047,19.403776,2.1093,14555,0.001024,15.871232,,0.034048,0.357632,0,0.33894399999999997,0.008192,0.010496,,0.0025599999999999998,,1.0311679999999999
15162,125.18600780187074,19073136278111,1,19.594699144363403,20.1882,19.80032,1.9053,14555,0.001024,16.256768,,0.034304,0.35712,0,0.337152,0.008192,0.011264,,0.0025599999999999998,,1.032448
15163,125.20574579790249,19073136479993,1,19.737996160984039,19.1322,19.586304,1.9107,14555,0.001024,15.856128,,0.039168,0.353792,0,0.3328,0.003328,0.010752,,0.002816,,1.0278399999999999
15164,125.22527789824262,19073136671315,1,19.5321012288332,19.6988,19.70688,1.8608,112479,0.0012799999999999999,16.111104,,0.034304,0.370432,0.000256,0.350464,0.007936,0.011007999999999999,,0.0025599999999999998,,1.0396159999999999
15165,125.24497359693878,19073136868303,1,19.695699214935303,19.5813,19.513088,1.9326,14555,0.001024,15.924992,,0.034304,0.36147199999999996,0,0.34176,0.004096,0.011519999999999999,,0.0025599999999999998,,1.032192
15166,125.26511659580498,19073137064116,1,20.142998546361923,20.2052,19.670016,0.6161,14555,0.001024,16.097792,,0.033791999999999996,0.352512,0,0.33305599999999996,0.008192,0.011776,,0.0025599999999999998,,1.029888
15167,125.28502089710884,19073137266168,1,19.904300570487976,20.4973,0.04992,1.8981,14750,0.001024,16.212736,,0.039424,0.3584,0,0.33792,0.0076799999999999993,0.011007999999999999,,0.003072,,1.029888
15168,125.30513699688208,19073137471141,1,20.116100087761879,19.13,19.850496,2.2409,14555,0.001024,16.101376,,0.039168,0.36019199999999996,0.000256,0.34099199999999996,0.003584,0.011007999999999999,,0.0025599999999999998,,1.0311679999999999
15169,125.32459509637188,19073137662441,1,19.458100199699402,19.7023,20.099328,3.7237,14809,0.0012799999999999999,16.337664,,0.03456,0.37068799999999996,0,0.350464,0.0084479999999999989,0.011007999999999999,,0.002304,,1.2083199999999998
15170,125.34444779620181,19073137859464,1,19.852699711918831,22.359,19.449344,3.3932,14555,0.001024,15.864832,,0.03456,0.366592,0,0.347904,0.007936,0.012032,,0.0025599999999999998,,1.0362879999999999
15171,125.36454180130384,19073138083054,1,20.0940053910017,19.7602,19.823104,2.1705,14555,0.001024,16.258304,,0.03456,0.333568,0,0.314112,0.0084479999999999989,0.010496,,0.002304,,1.032192
15172,125.38397359693877,19073138280656,1,19.431795924901962,18.2827,20.090112,2.3859,20997,0.001024,16.327424,,0.039936,0.36275199999999996,0,0.342784,0.011007999999999999,0.012288,,0.0025599999999999998,,1.030912
15173,125.40381919642857,19073138463483,1,19.845599308609962,19.9318,19.407872,2.0647,14555,0.001024,15.859712,,0.034048,0.357632,0.000256,0.33792,0.008192,0.011264,,0.0025599999999999998,,1.0296319999999999
15174,125.42333110119047,19073138662801,1,19.511904567480087,19.1829,19.826944,2.0205,14757,0.001024,16.105216,,0.039424,0.35481599999999996,0,0.33408,0.0076799999999999993,0.011776,,0.0025599999999999998,,1.028864
15175,125.44323599773242,19073138854630,1,19.90489661693573,19.2697,19.490048,1.9992,14750,0.001024,15.906559999999999,,0.034048,0.37068799999999996,0,0.35072,0.008192,0.010752,,0.002304,,1.0296319999999999
15176,125.46383650085033,19073139047327,1,20.60050331056118,20.0964,19.882496,1.983,14555,0.001024,16.107008,,0.034304,0.35942399999999997,0.000256,0.33971199999999996,0.007936,0.012032,,0.0025599999999999998,,1.03424
15177,125.48395199829932,19073139248291,1,20.115496590733528,19.2099,20.579328,1.8509,112277,0.001024,16.343808,,0.036351999999999995,0.350464,0,0.33024,0.0076799999999999993,0.011519999999999999,,0.0025599999999999998,,1.2920319999999998
15178,125.50389379960318,19073139440390,1,19.941801205277443,19.6732,20.089088,1.8767,14555,0.001024,16.341248,,0.03968,0.37273599999999996,0,0.351744,0.0076799999999999993,0.011776,,0.0025599999999999998,,1.033216
15179,125.52413049886621,19073139637122,1,20.236698910593987,21.0313,19.920384,0.5476,14757,0.001024,16.339456,,0.034304,0.36070399999999997,0,0.341248,0.0076799999999999993,0.012032,,0.002816,,1.030656
15180,125.54375639880952,19073139847435,1,19.625900313258171,20.7452,0.045312,1.8338,14607,0.001024,15.847168,,0.03968,0.36147199999999996,0.000256,0.341504,0.005632,0.010239999999999999,,0.002304,,1.199872
15181,125.56316279761904,19073140054887,1,19.406398758292198,18.7878,19.606784,1.8706,14555,0.001024,15.87328,,0.039168,0.363264,0,0.344064,0.007424,0.011519999999999999,,0.002816,,1.036544
15182,125.5827839994331,19073140242765,1,19.621202722191811,20.2788,19.385856,2.1769,14555,0.001024,15.85536,,0.034048,0.340736,0.000256,0.321024,0.0084479999999999989,0.011776,,0.0025599999999999998,,1.031424
15183,125.60272779903627,19073140445553,1,19.943799823522568,20.0038,19.598592,2.1744,14750,0.001024,15.848704,,0.034048,0.35456,0,0.33510399999999996,0.008192,0.011264,,0.0025599999999999998,,1.210624
15184,125.62217149943311,19073140645591,1,19.443700090050697,19.5619,19.919872,2.0854,14757,0.001024,16.342271999999998,,0.034048,0.367104,0,0.34687999999999997,0.007936,0.010496,,0.0025599999999999998,,1.03424
15185,125.64178550170068,19073140841210,1,19.614001736044884,19.3781,19.411712,2.1055,49369,0.001024,15.856639999999999,,0.034048,0.36479999999999996,0,0.34431999999999996,0.0084479999999999989,0.011519999999999999,,0.0025599999999999998,,1.03168
15186,125.66166369756235,19073141034991,1,19.878195598721504,20.0123,19.613184,2.0066,14555,0.001024,15.894528,,0.040192,0.365056,0.000256,0.345088,0.007424,0.010496,,0.0025599999999999998,,1.029888
15187,125.68176639739228,19073141235114,1,20.102700218558311,19.322,19.844864,2.1381,14757,0.001024,16.25984,,0.034048,0.37324799999999997,0,0.354048,0.008704,0.011007999999999999,,0.0025599999999999998,,1.032448
15188,125.70158900226757,19073141428334,1,19.822604954242706,19.7585,20.087808,2.0625,14555,0.001024,16.345088,,0.03968,0.367872,0.000256,0.345856,0.0076799999999999993,0.010752,,0.0025599999999999998,,1.0304
15189,125.72105420209751,19073141625919,1,19.46520060300827,20.2605,19.791872,2.2437,14757,0.001024,16.207615999999998,,0.033791999999999996,0.37196799999999997,0,0.352512,0.008192,0.011519999999999999,,0.0025599999999999998,,1.031936
15190,125.74116539824263,19073141828524,1,20.111195743083954,19.637,19.453952,2.4922,112277,0.001024,15.85792,,0.034048,0.37068799999999996,0,0.352,0.0084479999999999989,0.011776,,0.002816,,1.032192
15191,125.76059919926303,19073142024894,1,19.433800131082535,20.5734,20.067328,3.0742,14802,0.001024,16.270336,,0.036095999999999996,0.33766399999999996,0,0.317952,0.003328,0.012032,,0.0025599999999999998,,1.029888
15192,125.78053120039682,19073142230628,1,19.932001829147339,19.4494,19.435008,0.7861,14555,0.0012799999999999999,15.846143999999999,,0.034304,0.376064,0,0.35737599999999997,0.008192,0.010752,,0.0025599999999999998,,1.045504
15193,125.80066449829931,19073142425122,1,20.133297890424728,21.5414,0.045824,2.2543,14555,0.001024,15.901952,,0.039168,0.348672,0,0.32844799999999996,0.0076799999999999993,0.011264,,0.0025599999999999998,,1.031424
15194,125.82077799744897,19073142640536,1,20.113499835133553,18.3266,20.110848,2.1579,14757,0.001024,16.339712,,0.040959999999999996,0.359936,0,0.337408,0.0076799999999999993,0.010239999999999999,,0.0025599999999999998,,1.030912
15195,125.84064700255101,19073142823802,1,19.8690053075552,19.0994,20.088064,2.0323,14555,0.001024,16.331008,,0.039936,0.361728,0,0.341504,0.0076799999999999993,0.010239999999999999,,0.002816,,1.0304
15196,125.8601339994331,19073143014796,1,19.486997276544571,19.8488,19.846656,2.0303,14555,0.001024,16.264704,,0.034304,0.355584,0,0.336896,0.008192,0.010752,,0.0025599999999999998,,1.034752
15197,125.88010029761904,19073143213284,1,19.966298714280128,20.3957,19.453184,2.2497,14555,0.001024,15.905792,,0.034304,0.334848,0,0.314368,0.0084479999999999989,0.010239999999999999,,0.0025599999999999998,,1.0296319999999999
15198,125.90000160147392,19073143417241,1,19.901303574442863,19.6678,19.956224,2.2076,20997,0.001024,15.908351999999999,,0.039168,0.351232,0,0.330496,0.007424,0.011007999999999999,,0.002816,,1.0304
15199,125.91963129960317,19073143613919,1,19.629698246717453,19.8036,19.88224,2.2151,14952,0.001024,16.34432,,0.034048,0.337152,0.000256,0.317952,0.007936,0.011007999999999999,,0.0025599999999999998,,1.035264
15200,125.93950379818594,19073143811955,1,19.872497767210007,20.046,19.589376,2.1448,14555,0.001024,15.855616,,0.039424,0.35020799999999996,0,0.33177599999999996,0.008192,0.012032,,0.002304,,1.030144
15201,125.95945160147392,19073144012415,1,19.947802647948265,19.7286,19.877632,2.1408,14555,0.001024,16.336384,,0.03456,0.365824,0,0.34559999999999996,0.0076799999999999993,0.012032,,0.0025599999999999998,,1.030656
15202,125.97971079931972,19073144209701,1,20.259197801351547,19.9455,19.899136,2.4484,14607,0.001024,15.954687999999999,,0.038911999999999995,0.373504,0,0.354304,0.007936,0.012032,,0.0025599999999999998,,1.031424
15203,125.99971680130385,19073144409156,1,20.006002858281136,19.7724,20.24576,2.3864,112277,0.001024,16.101632,,0.03584,0.333568,0,0.31257599999999996,0.0076799999999999993,0.010496,,0.003072,,1.194496
15204,126.01959800170067,19073144606880,1,19.881200045347214,19.851,20.002816,2.3044,14757,0.001024,16.261376,,0.034048,0.333312,0,0.314368,0.004096,0.011264,,0.002304,,1.220864
15205,126.0397637967687,19073144805390,1,20.165795460343361,20.917,19.839744,0.6132,14555,0.001024,16.258816,,0.03456,0.37401599999999996,0.000256,0.35353599999999996,0.007936,0.010496,,0.0025599999999999998,,1.030144
15206,126.05946060090703,19073145014560,1,19.696803763508797,20.8838,0.043264,2.0852,14555,0.001024,16.331775999999998,,0.041215999999999996,0.336896,0,0.316416,0.007424,0.010752,,0.0025599999999999998,,1.0327039999999998
15207,126.07891989795918,19073145223398,1,19.459297880530357,18.8055,19.64032,2.1336,14750,0.001024,15.9104,,0.040192,0.372224,0,0.35276799999999997,0.007424,0.011007999999999999,,0.002816,,1.033728
15208,126.09893450255102,19073145411453,1,20.014604553580284,19.5315,19.472128,2.047,14555,0.001024,15.908095999999999,,0.034304,0.375808,0,0.355328,0.008192,0.011776,,0.002816,,1.029888
15209,126.11838159722221,19073145606768,1,19.447093829512596,19.6772,19.98976,1.9708,14757,0.001024,16.098048,,0.038911999999999995,0.333568,0,0.314368,0.0076799999999999993,0.010752,,0.002304,,1.0293759999999998
15210,126.13817069869614,19073145803540,1,19.789101555943489,19.3332,19.4304,1.9147,14555,0.001024,15.869183999999999,,0.034048,0.342784,0,0.32255999999999996,0.008192,0.010496,,0.0025599999999999998,,1.036544
15211,126.1577961026077,19073145996872,1,19.625402987003326,19.7895,19.770368,2.1364,14555,0.001024,16.218111999999998,,0.03456,0.371456,0,0.35148799999999997,0.008192,0.011519999999999999,,0.0025599999999999998,,1.0327039999999998
15212,126.17740960175736,19073146194767,1,19.613498821854591,19.9083,19.593984,2.0057,14555,0.001024,15.851007999999998,,0.039424,0.34892799999999996,0,0.32844799999999996,0.00896,0.011519999999999999,,0.002304,,1.030912
15213,126.19749869614512,19073146393850,1,20.089093595743179,19.8004,19.608832,2.1486,14607,0.001024,16.093695999999998,,0.033791999999999996,0.332544,0,0.313344,0.007936,0.011264,,0.002816,,1.034752
15214,126.21749710175736,19073146591854,1,19.998405128717422,19.7753,20.061952,2.0161,14555,0.001024,16.339456,,0.039424,0.35148799999999997,0,0.33024,0.0076799999999999993,0.010752,,0.002304,,1.031936
15215,126.23734569869615,19073146789607,1,19.848596304655075,19.0131,19.980032,1.9418,14952,0.001024,16.256256,,0.039168,0.36275199999999996,0,0.342528,0.0076799999999999993,0.011264,,0.0025599999999999998,,1.0327039999999998
15216,126.257201098356,19073146979738,1,19.855400547385216,20.4026,19.811072,1.965,112277,0.001024,16.105472,,0.034048,0.34687999999999997,0,0.32767999999999997,0.008192,0.011264,,0.0025599999999999998,,1.034752
15217,126.27698699688209,19073147183764,1,19.785897806286812,19.5985,19.843584,1.9466,14555,0.001024,16.269056,,0.034304,0.370944,0,0.351232,0.007936,0.010496,,0.0025599999999999998,,1.033216
15218,126.29748540249433,19073147379749,1,20.498406141996384,19.9972,19.779328,0.6322,20339,0.001024,16.206592,,0.033791999999999996,0.35225599999999996,0,0.33228799999999997,0.008192,0.010239999999999999,,0.0025599999999999998,,1.0311679999999999
15219,126.31737429846939,19073147579721,1,19.888896495103836,21.0391,0.044288,2.1738,14902,0.0012799999999999999,16.332031999999998,,0.03968,0.365056,0,0.343808,0.007424,0.010239999999999999,,0.0025599999999999998,,1.03424
15220,126.33699329648526,19073147790112,1,19.618997350335121,18.4931,19.890944,2.2081,14555,0.001024,16.336896,,0.033791999999999996,0.344064,0,0.323328,0.0084479999999999989,0.010752,,0.0025599999999999998,,1.0327039999999998
15221,126.35684970238094,19073147975043,1,19.8564063757658,20.8967,19.58912,2.0045,20339,0.001024,15.868672,,0.03968,0.334848,0,0.315392,0.007424,0.011776,,0.0025599999999999998,,1.03552
15222,126.37689829931972,19073148184010,1,20.048597827553749,19.6037,19.834624,2.0437,14555,0.001024,16.2688,,0.034304,0.346624,0.000256,0.32639999999999997,0.0084479999999999989,0.010239999999999999,,0.0025599999999999998,,1.0304
15223,126.39674959608843,19073148380047,1,19.85129714012146,19.6711,20.041472,2.1922,28253,0.001024,16.328704,,0.033791999999999996,0.343808,0,0.323584,0.008192,0.011264,,0.0025599999999999998,,1.031424
15224,126.41648939909297,19073148576758,1,19.739802926778793,19.7929,19.818496,2.1869,20997,0.001024,16.268544,,0.034048,0.355584,0,0.334592,0.0084479999999999989,0.011776,,0.0025599999999999998,,1.0329599999999999
15225,126.43633319869615,19073148774687,1,19.843799993395805,20.6275,19.734784,1.931,14902,0.001024,16.216064,,0.03456,0.341504,0,0.322304,0.006912,0.011519999999999999,,0.0025599999999999998,,1.03552
15226,126.45603630243764,19073148980962,1,19.703103229403496,19.5644,19.823872,2.0387,14555,0.001024,16.11008,,0.03968,0.367616,0.000256,0.348416,0.007424,0.012032,,0.002304,,1.032448
15227,126.47611070011337,19073149176606,1,20.074397325515747,19.6911,19.67616,1.9531,14555,0.001024,16.098304,,0.034048,0.368896,0.000256,0.34944,0.013056,0.011007999999999999,,0.0025599999999999998,,1.033984
15228,126.49656490221088,19073149373517,1,20.454201847314835,19.4734,20.058624,2.0767,14555,0.001024,16.254208,,0.039168,0.366592,0.000256,0.34687999999999997,0.007424,0.010752,,0.0025599999999999998,,1.0296319999999999
15229,126.51599430272108,19073149568251,1,19.429400563240051,20.3903,20.41856,2.2386,112479,0.001024,16.335103999999998,,0.042752,0.372992,0,0.352,0.0076799999999999993,0.011776,,0.0025599999999999998,,1.032448
15230,126.53582779903627,19073149772154,1,19.83349584043026,19.9039,19.409408,1.9505,14555,0.001024,15.864576,,0.034304,0.372224,0.000256,0.351744,0.005632,0.010239999999999999,,0.0025599999999999998,,1.033472
15231,126.55608830073696,19073149971193,1,20.260501652956009,20.0769,19.815936,0.8499,14750,0.001024,16.109824,,0.034048,0.370944,0.000256,0.350976,0.004096,0.012032,,0.0025599999999999998,,1.030656
15232,126.57614069586167,19073150171962,1,20.052395761013031,21.4958,0.052736,2.13,14555,0.001024,16.210432,,0.041984,0.364544,0,0.34431999999999996,0.0076799999999999993,0.011007999999999999,,0.002816,,1.03552
15233,126.59585559807256,19073150386920,1,19.714903086423874,17.9611,20.03968,2.421,14555,0.001024,16.338432,,0.039936,0.361984,0,0.342784,0.010752,0.010239999999999999,,0.002304,,1.033216
15234,126.6156762967687,19073150566531,1,19.820699468255043,20.9212,19.677952,2.139,14607,0.001024,16.110592,,0.034304,0.361984,0.000256,0.34176,0.0084479999999999989,0.012032,,0.002304,,1.032192
15235,126.63541559665532,19073150775743,1,19.7393000125885,19.3398,19.812096,2.6056,14757,0.001024,16.11008,,0.040192,0.33305599999999996,0,0.3136,0.0076799999999999993,0.011007999999999999,,0.0025599999999999998,,1.032192
15236,126.65487859977324,19073150969141,1,19.463002681732178,20.4842,19.710976,2.3746,32126,0.001024,16.108544,,0.034048,0.36147199999999996,0,0.342784,0.006144,0.010752,,0.0025599999999999998,,1.031424
15237,126.67471729733559,19073151173983,1,19.838698208332062,19.8786,19.438336,2.7438,64082,0.001024,15.904255999999998,,0.034304,0.353024,0.000256,0.33305599999999996,0.004352,0.009984,,0.0025599999999999998,,1.0311679999999999
15238,126.69456879960318,19073151372769,1,19.851502031087875,20.1015,19.821568,5.3786,62274,0.001024,16.105216,,0.03584,0.361216,0.000256,0.34227199999999997,0.007168,0.012032,,0.0025599999999999998,,1.0378239999999999
15239,126.71420179988661,19073151573784,1,19.633000716567039,20.0447,19.825152,3.2773,29135,0.001024,16.112384,,0.036095999999999996,0.365056,0,0.34431999999999996,0.003328,0.012032,,0.0025599999999999998,,1.032192
15240,126.73395139597505,19073151774231,1,19.74959671497345,19.6565,19.609856,2.6255,14757,0.001024,16.100863999999998,,0.034304,0.332032,0.000256,0.311808,0.008192,0.011007999999999999,,0.0025599999999999998,,1.0296319999999999
15241,126.75379820011338,19073151970796,1,19.846804440021515,19.6327,19.730688,2.6175,14555,0.001024,15.84896,,0.039424,0.37068799999999996,0.000256,0.35072,0.007936,0.010752,,0.0025599999999999998,,1.032192
15242,126.77378249716553,19073152167123,1,19.984297454357147,19.9883,19.819264,3.4065,112417,0.001024,16.123136,,0.036095999999999996,0.33536,0,0.31513599999999997,0.003584,0.012032,,0.002304,,1.030912
