observation_frame,unscaled_time,frame_timing_timestamp,segment,"frame_interval_ms","cpu_frame_ms","gpu_frame_ms","cpu_render_thread_ms","gc_allocated_in_editor_frame_bytes","VSM.LayoutRemap_gpu_ms","VSM.Allocate_gpu_ms","VSM.InvalidateStatic_gpu_ms","VSM.ClearPhysicalPages_gpu_ms","VSM.StaticCasterCull_gpu_ms","VSM.DynamicCasterCull_gpu_ms","VSM.PageCull_gpu_ms","VSM.StaticRaster_gpu_ms","VSM.DynamicRaster_gpu_ms","VSM.UnityCompatibilityRaster_gpu_ms","VSM.FinalizePages_gpu_ms","VSM.ResetFeedback_gpu_ms","VSM.ResolveAndFeedback_gpu_ms"
4496,41.192155300453514,19072296924517,1,5.1044006831943989,5.6185,4.96512,2.4955,14555,0.001024,0.74060799999999993,,0.033024,0.08448,0,0.065792,0.007936,0.011519999999999999,,0.0025599999999999998,,1.607168
4497,41.196965802154196,19072296980702,1,4.81050182133913,5.4837,4.766464,1.7242,14555,0.001024,0.74060799999999993,,0.033024,0.08448,0,0.065792,0.007936,0.011519999999999999,,0.0025599999999999998,,1.607168
4498,41.202076098356009,19072297035539,1,5.1102964207530022,4.023,4.788224,1.8071,14555,0.001024,0.73292799999999991,,0.034048,0.083712,0,0.065024,0.007168,0.012799999999999999,,0.0025599999999999998,,1.58848
4499,41.207481001984128,19072297075769,1,5.4049035534262657,5.5093,5.084416,2.0122,14555,0.001024,0.739328,,0.035328,0.083456,0,0.065536,0.003328,0.014591999999999999,,0.002048,,1.763328
4500,41.2126593962585,19072297130862,1,5.1783942617475986,4.3167,5.315328,1.8557,14555,0.001024,0.728576,,0.033791999999999996,0.083712,0,0.065279999999999991,0.0076799999999999993,0.012288,,0.002304,,1.605632
4501,41.217538102324262,19072297174029,1,4.878705833107233,5.6743,5.04832,1.8418,14555,0.001024,0.735744,,0.032768,0.08294399999999999,0,0.064767999999999992,0.0076799999999999993,0.011776,,0.0025599999999999998,,1.741568
4502,41.222501998299315,19072297230772,1,4.96389577165246,5.212,4.9664,1.8884,14555,0.001024,0.735744,,0.032768,0.08294399999999999,0,0.064767999999999992,0.0076799999999999993,0.011776,,0.0025599999999999998,,1.741568
4503,41.227638399943309,19072297282892,1,5.1364018581807613,5.3754,4.942336,1.7837,14555,0.001024,0.734976,,0.03328,0.082688,0,0.064256,0.007424,0.014336,,0.002304,,1.982464
4504,41.23273959750567,19072297336646,1,5.1011973991990089,5.1877,5.116416,1.979,51895,0.001024,0.737024,,0.033024,0.092159999999999992,0,0.073216,0.0076799999999999993,0.011519999999999999,,0.002304,,2.089216
4505,41.237891397392289,19072297388523,1,5.1517998799681664,4.9956,5.088256,2.0037,14555,0.001024,0.739072,,0.03328,0.091648,0,0.071936,0.007424,0.013056,,0.002304,,1.838336
4506,41.242502898242627,19072297438479,1,4.6115010045468807,4.5294,5.061376,0.5795,14750,0.001024,0.72832,,0.032512,0.089855999999999991,0,0.068864,0.007424,0.014848,,0.002304,,1.851136
4507,41.248817800453516,19072297483773,1,6.3149021007120609,6.3844,0.034048,1.9414,14555,0.001024,0.729088,,0.033024,0.084735999999999992,0.000256,0.066048,0.007168,0.013568,,0.002304,,1.588992
4508,41.2536625,19072297547617,1,4.8446995206177235,3.5834,6.243328,2.285,14555,0.001024,0.74060799999999993,,0.81151999999999991,0.107264,0,0.07782399999999999,0.0076799999999999993,0.012544,,0.0025599999999999998,,1.8611199999999999
4509,41.258772300170065,19072297583451,1,5.1098000258207321,4.599,4.874496,1.8053,14555,0.001024,0.73651199999999994,,0.033024,0.084224,0,0.065536,0.007424,0.012544,,0.002304,,1.590272
4510,41.263780697278911,19072297629441,1,5.0083971582353115,6.6032,5.091328,1.8746,14555,0.001024,0.741888,,0.035584,0.086272,0.000256,0.068096,0.007424,0.012032,,0.002304,,1.586176
4511,41.268815299036277,19072297695473,1,5.0346017815172672,4.7741,4.973568,1.8846,14757,0.0012799999999999999,0.740864,,0.035072,0.082431999999999991,0,0.064,0.007424,0.012544,,0.002304,,1.604608
4512,41.27369299886621,19072297743214,1,4.8777000047266483,5.0106,5.014528,2.0036,14555,0.0012799999999999999,0.74112,,0.034304,0.087039999999999992,0,0.06912,0.007936,0.013568,,0.002048,,1.583616
4513,41.278784502551019,19072297793320,1,5.0915037281811237,5.3507,4.860416,1.9033,14555,0.0012799999999999999,0.73215999999999992,,0.038144,0.086784,0,0.068352,0.007936,0.012288,,0.002304,,1.60384
4514,41.283959899376413,19072297846827,1,5.1753968000411987,4.6493,5.07264,2.1232,14555,0.001024,0.724992,,0.033024,0.093696,0,0.073984,0.0076799999999999993,0.014079999999999999,,0.002304,,1.8327039999999999
4515,41.288984297052153,19072297893320,1,5.0243977457284927,5.2806,5.086208,2.2347,14555,0.001024,0.73139199999999993,,0.03328,0.084992,0,0.066048,0.0076799999999999993,0.013824,,0.002048,,1.8368
4516,41.294204202097504,19072297946126,1,5.21990517154336,4.9965,5.021952,2.2989,14555,0.001024,0.731904,,0.033024,0.089855999999999991,0,0.070144,0.007424,0.012032,,0.0025599999999999998,,2.0876799999999998
4517,41.2993966978458,19072297996091,1,5.1924958825111389,5.1116,5.204992,2.0788,14555,0.001024,0.740096,,0.033024,0.086272,0,0.067583999999999991,0.007424,0.012799999999999999,,0.002304,,2.059008
4518,41.304175396825393,19072298047207,1,4.778699018061161,5.5019,5.161984,1.868,14555,0.001024,0.74214399999999991,,0.033024,0.089088,0,0.069632,0.007936,0.012032,,0.002304,,1.8496
4519,41.309248596938772,19072298102226,1,5.0731999799609184,5.07,4.82688,1.8611,14607,0.001024,0.73395199999999994,,0.032768,0.084224,0,0.066048,0.0076799999999999993,0.013568,,0.002048,,1.59104
4520,41.314513697562354,19072298152926,1,5.2651003934443,4.5662,5.051392,1.8173,14555,0.001024,0.734208,,0.034048,0.08448,0.000256,0.06656,0.007424,0.012288,,0.002048,,1.60256
4521,41.319341999716549,19072298198588,1,4.828302189707756,4.6728,5.228288,1.957,14555,0.001024,0.74214399999999991,,0.03456,0.086272,0,0.068352,0.011007999999999999,0.013312,,0.002304,,1.588736
4522,41.32449180130385,19072298245316,1,5.1498017273843288,5.6071,4.800768,1.9788,14555,0.001024,0.737536,,0.034048,0.081664,0.000256,0.063744,0.004608,0.011264,,0.002304,,1.5897599999999998
4523,41.3295667020975,19072298301387,1,5.0749005749821663,5.4852,5.058304,1.9519,14555,0.001024,0.73215999999999992,,0.033535999999999996,0.083968,0.000256,0.065792,0.003328,0.013824,,0.002048,,1.587712
4524,41.334821400226758,19072298356239,1,5.2546979859471321,4.935,5.063424,2.0259,14555,0.001024,0.74060799999999993,,0.0384,0.08524799999999999,0,0.067071999999999993,0.007936,0.012799999999999999,,0.002304,,1.58848
4525,41.340094997165529,19072298405589,1,5.2735968492925167,4.5103,5.30304,1.998,14555,0.001024,0.731904,,0.0384,0.092928,0,0.073728,0.007424,0.014848,,0.002048,,1.7671679999999999
4526,41.345266099773241,19072298450692,1,5.1711024716496468,5.0689,5.261312,1.884,14555,0.001024,0.73804799999999993,,0.033024,0.092159999999999992,0,0.072703999999999991,0.007936,0.011264,,0.002048,,1.8442239999999999
4527,41.350370698696146,19072298501381,1,5.104599054902792,5.7056,5.073408,1.7776,14555,0.001024,0.73804799999999993,,0.03328,0.083712,0,0.065792,0.007168,0.012799999999999999,,0.002304,,1.870336
4528,41.355467396541947,19072298558437,1,5.0966977141797543,5.0819,5.147392,1.9289,14555,0.001024,0.733696,,0.033024,0.085504,0,0.066816,0.007424,0.013568,,0.002304,,1.828352
4529,41.36064630102041,19072298609256,1,5.1789046265184879,5.0973,5.073408,2.122,14555,0.001024,0.741888,,0.033024,0.083968,0.000256,0.066304,0.0048639999999999994,0.011776,,0.002304,,2.091008
4530,41.365584800170069,19072298660229,1,4.9384990707039833,5.1854,5.156864,1.9815,14555,0.001024,0.736768,,0.033024,0.084224,0.000256,0.066048,0.0076799999999999993,0.012544,,0.002304,,1.84192
4531,41.370629400510204,19072298712083,1,5.044600460678339,5.3258,4.860416,2.0082,14757,0.0012799999999999999,0.739072,,0.033024,0.089855999999999991,0,0.069632,0.007936,0.011776,,0.002304,,1.587712
4532,41.3755952026644,19072298765341,1,4.965802188962698,4.5885,5.092864,2.0698,14555,0.001024,0.739584,,0.033024,0.087808,0,0.068096,0.007424,0.012799999999999999,,0.002048,,1.589248
4533,41.38090819869614,19072298811226,1,5.3129959851503372,5.2153,4.94848,2.0245,14555,0.0012799999999999999,0.735232,,0.033024,0.09344,0,0.07296,0.0076799999999999993,0.012544,,0.002304,,1.587712
4534,41.385711302437642,19072298863379,1,4.8031038604676723,4.6588,5.220352,2.1169,14555,0.001024,0.73139199999999993,,0.041984,0.088576,0,0.06912,0.0076799999999999993,0.015872,,0.0025599999999999998,,1.586944
4535,41.390963796768709,19072298909967,1,5.2524944767355919,5.3911,4.847104,2.2171,14555,0.001024,0.736256,,0.034048,0.089088,0,0.069376,0.006656,0.011776,,0.002304,,1.588992
4536,41.39632210175737,19072298963878,1,5.35830482840538,5.3949,5.228288,1.8865,14750,0.001024,0.729088,,0.032512,0.08576,0.000256,0.067583999999999991,0.007424,0.013568,,0.002304,,1.606144
4537,41.401639902210881,19072299017827,1,5.3178006783127785,4.6535,5.353216,1.9152,14555,0.001024,0.736256,,0.035584,0.087039999999999992,0.000256,0.06912,0.011776,0.010752,,0.002304,,1.604352
4538,41.406693296485258,19072299064362,1,5.0533944740891457,5.1119,5.236992,1.947,20997,0.001024,0.736256,,0.035584,0.087039999999999992,0.000256,0.06912,0.011776,0.010752,,0.002304,,1.604352
4539,41.412047796201811,19072299115481,1,5.3544999100267887,5.6223,5.078272,1.9755,14555,0.001024,0.72704,,0.03328,0.091392,0.000256,0.072448,0.009216,0.014848,,0.002304,,1.8439679999999998
4540,41.4170718962585,19072299171704,1,5.0241001881659031,5.5892,5.268992,2.1264,14555,0.001024,0.74214399999999991,,0.03328,0.091648,0,0.071168,0.0076799999999999993,0.012544,,0.002304,,2.007552
4541,41.421902501417229,19072299227596,1,4.83060535043478,4.7591,5.062144,2.0271,14555,0.001024,0.739584,,0.033024,0.086272,0,0.068096,0.003328,0.013312,,0.002304,,1.8439679999999998
4542,41.426962896825394,19072299275187,1,5.06039522588253,5.2507,4.810752,2.0234,14555,0.001024,0.728576,,0.03328,0.089855999999999991,0,0.070656,0.003584,0.014336,,0.002048,,1.830144
4543,41.432113598356004,19072299327694,1,5.1507013849914074,4.7201,5.033728,2.6605,14555,0.0012799999999999999,0.739584,,0.032768,0.09036799999999999,0,0.070144,0.0076799999999999993,0.012544,,0.002304,,1.851648
4544,41.436951799886621,19072299374895,1,4.8382016830146313,5.7591,5.024768,2.4656,14555,0.001024,0.74214399999999991,,0.034048,0.087296,0.000256,0.068608,0.007936,0.011007999999999999,,0.002304,,1.8309119999999999
4545,41.442193700396821,19072299432486,1,5.2419006824493408,4.691,4.880896,2.138,14555,0.001024,0.739072,,0.035328,0.084992,0.000256,0.067071999999999993,0.0076799999999999993,0.014336,,0.002304,,1.58848
4546,41.447040001417228,19072299479396,1,4.8463009297847748,4.7914,5.21856,2.1915,14555,0.001024,0.73727999999999994,,0.03456,0.082688,0.000256,0.064767999999999992,0.0076799999999999993,0.012799999999999999,,0.002048,,1.58848
4547,41.452396797052153,19072299527310,1,5.3567956201732159,4.8006,4.756736,2.0268,14555,0.001024,0.73139199999999993,,0.03456,0.08576,0,0.067583999999999991,0.007168,0.013312,,0.002304,,1.58592
4548,41.457336699263038,19072299575316,1,4.9399021081626415,5.3064,5.325824,2.4544,14555,0.001024,0.734976,,0.033024,0.082176,0,0.063744,0.003328,0.011519999999999999,,0.002304,,1.586176
4549,41.4623875,19072299628380,1,5.0508007407188416,5.0969,4.999936,1.8105,14555,0.001024,0.727808,,0.034048,0.312832,0,0.064512,0.00896,0.013056,,0.002304,,1.5872
4550,41.467514696712016,19072299679349,1,5.1271966658532619,5.2629,5.0112,2.0542,51053,0.001024,0.730112,,0.032768,0.084224,0,0.06656,0.003072,0.013824,,0.002048,,1.85472
4551,41.472642098922904,19072299731978,1,5.1274020224809647,4.6852,5.115136,2.3655,14555,0.001024,0.73215999999999992,,0.03328,0.083712,0.000256,0.065279999999999991,0.003328,0.015359999999999999,,0.002048,,1.599488
4552,41.478743296485256,19072299778830,1,6.1011975631117821,5.4576,4.787968,0.6392,14555,0.001024,0.73215999999999992,,0.03328,0.083712,0.000256,0.065279999999999991,0.003328,0.015359999999999999,,0.002048,,1.599488
4553,41.483401296768704,19072299833406,1,4.6580000780522823,6.1661,0.033536,2.2131,50851,0.0012799999999999999,0.741632,,0.03328,0.09267199999999999,0.000256,0.073216,0.011264,0.014848,,0.002304,,1.7720319999999998
4554,41.48845759637188,19072299895067,1,5.0562997348606586,3.9064,4.437248,2.4389,14555,0.0038399999999999997,0.742656,,0.033791999999999996,0.084224,0,0.066048,0.008704,0.011264,,0.002304,,1.587712
4555,41.493653996598638,19072299934131,1,5.1964004524052143,6.8102,4.54656,0.5388,14555,0.001024,0.731648,,0.032768,0.086272,0.000256,0.06784,0.003072,0.015104,,0.002304,,2.011904
4556,41.498989002267571,19072300002233,1,5.3350054658949375,4.5539,0.03456,1.8614,14555,0.001024,0.74137599999999992,,0.032768,0.08524799999999999,0.000256,0.067328,0.007168,0.012544,,0.002304,,1.7607679999999999
4557,41.505282596371877,19072300047772,1,6.2935939058661461,5.598,5.437184,2.2766,14555,0.001024,0.74137599999999992,,0.032768,0.08524799999999999,0.000256,0.067328,0.007168,0.012544,,0.002304,,1.7607679999999999
4558,41.51042619756236,19072300103752,1,5.143600981682539,4.4124,4.505344,2.3941,50903,0.001024,0.73983999999999994,,0.03328,0.078336,0,0.06016,0.007936,0.010496,,0.002816,,1.584128
4559,41.516132298752829,19072300147876,1,5.7061011902987957,5.1636,4.556032,1.9358,14555,0.001024,0.736,,0.03328,0.080896,0,0.06297599999999999,0.0076799999999999993,0.011264,,0.0025599999999999998,,1.607424
4560,41.520013697562355,19072300199512,1,3.8813988212496042,6.7472,4.504832,0.5317,50851,0.001024,0.72704,,0.032512,0.087296,0,0.068864,0.007424,0.011776,,0.002048,,1.6030719999999998
4561,41.525387202380948,19072300266984,1,5.3735049441456795,5.8172,0.033536,1.7157,50851,0.001024,0.72704,,0.032512,0.087296,0,0.068864,0.007424,0.011776,,0.002048,,1.6030719999999998
4562,41.530849000850338,19072300325156,1,5.4617985151708126,4.1708,4.519936,0.6202,50851,0.001024,0.752128,,0.033791999999999996,0.080384,0,0.061952,0.0076799999999999993,0.010239999999999999,,0.002304,,1.606144
4563,41.5360843962585,19072300366864,1,5.2353953942656517,5.2341,0.034816,0.6828,50851,0.001024,0.730112,,0.032768,0.08576,0,0.067071999999999993,0.003328,0.012799999999999999,,0.002304,,1.608704
4564,41.540796102607707,19072300419205,1,4.7117061913013458,5.622,0.03456,0.4984,50851,0.001024,0.736768,,0.03328,0.091136,0,0.072191999999999992,0.007424,0.013568,,0.002304,,1.604352
4565,41.5465623015873,19072300475425,1,5.7661989703774452,4.3524,0.044288,0.4903,51046,0.001024,0.736768,,0.03328,0.091136,0,0.072191999999999992,0.007424,0.013568,,0.002304,,1.604352
4566,41.551339299886621,19072300518949,1,4.7769984230399132,5.8819,0.033536,0.6199,50851,0.001024,0.732416,,0.032768,0.087039999999999992,0,0.068352,0.003328,0.014848,,0.002304,,1.603584
4567,41.556722796201811,19072300577768,1,5.3834961727261543,5.4714,0.044288,0.6511,50851,0.001024,0.740096,,0.267264,0.087039999999999992,0.000256,0.06784,0.003072,0.014848,,0.002304,,1.602048
4568,41.562063598356005,19072300632482,1,5.3408020175993443,4.7693,0.042752,0.6863,50851,0.001024,0.72883199999999992,,0.03456,0.090112,0,0.07168,0.003072,0.01664,,0.002048,,1.5864319999999998
4569,41.566752501417234,19072300680175,1,4.6889032237231731,5.7097,0.041984,0.5459,51053,0.001024,0.740352,,0.034304,0.10239999999999999,0,0.06784,0.003584,0.012032,,0.002304,,1.5997439999999998
4570,41.571327600623583,19072300737272,1,4.57509933039546,4.5752,0.043264,0.4712,14555,0.001024,0.73344,,0.033024,0.091648,0,0.071936,0.003328,0.014079999999999999,,0.002304,,1.60768
4571,41.576812599206349,19072300783024,1,5.4849986918270588,5.4097,0.034304,0.7134,14555,0.001024,0.740864,,0.033024,0.101632,0,0.08294399999999999,0.010239999999999999,0.0097279999999999988,,0.0038399999999999997,,1.872896
4572,41.581360700113379,19072300837121,1,4.5481007546186447,4.4923,0.04224,2.0354,14555,0.001024,0.740864,,0.033024,0.101632,0,0.08294399999999999,0.010239999999999999,0.0097279999999999988,,0.0038399999999999997,,1.872896
4573,41.585942602040816,19072300882044,1,4.5819017104804516,3.8758,4.4928,1.7581,50851,0.001024,0.741888,,0.032768,0.080384,0,0.06272,0.007424,0.012032,,0.0025599999999999998,,1.587712
4574,41.590941496598639,19072300920802,1,4.9988944083452225,6.1177,4.591616,1.9825,14555,0.001024,0.729344,,0.032768,0.091904,0.000256,0.071424,0.007424,0.013568,,0.002304,,1.6048639999999998
4575,41.595791099773244,19072300981979,1,4.8496033996343613,3.7203,4.649472,0.5412,14555,0.001024,0.737792,,0.038144,0.08576,0,0.06784,0.0076799999999999993,0.013312,,0.002048,,1.5882239999999999
4576,41.600382100340134,19072301019182,1,4.5910007320344448,5.6649,0.034048,1.8461,14555,0.001024,0.737792,,0.038144,0.08576,0,0.06784,0.0076799999999999993,0.013312,,0.002048,,1.5882239999999999
4577,41.604949496882085,19072301075831,1,4.5673963613808155,4.0731,4.577792,1.7608,14555,0.001024,0.73548799999999992,,0.033024,0.0832,0,0.065024,0.003328,0.011519999999999999,,0.002048,,1.58592
4578,41.609554698129251,19072301116562,1,4.6052010729908943,5.1467,4.542208,2.0965,14555,0.001024,0.731904,,0.03328,0.088832,0,0.069632,0.0076799999999999993,0.014591999999999999,,0.002304,,1.588736
4579,41.614036699263039,19072301168029,1,4.4820010662078857,4.0624,4.502784,1.6943,14555,0.001024,0.740352,,0.032768,0.083712,0,0.065536,0.007168,0.013568,,0.002304,,1.5900159999999999
4580,41.618647796201813,19072301208653,1,4.6110968105494976,4.4507,4.538112,1.8682,14555,0.001024,0.726016,,0.032768,0.08448,0,0.066304,0.0076799999999999993,0.014591999999999999,,0.002048,,1.5866879999999999
4581,41.623247796201809,19072301253160,1,4.6000001020729542,5.5105,4.513536,1.8724,14555,0.001024,0.734208,,0.032768,0.082688,0,0.064512,0.007424,0.012799999999999999,,0.002304,,1.589248
4582,41.627738598356011,19072301308265,1,4.490802064538002,3.5561,4.582656,1.5988,14555,0.001024,0.734208,,0.032768,0.082688,0,0.064512,0.007424,0.012799999999999999,,0.002304,,1.589248
4583,41.632315100623579,19072301343826,1,4.5765023678541183,5.4949,4.53632,1.7548,14555,0.001024,0.73983999999999994,,0.032512,0.083968,0.000256,0.066304,0.007168,0.013568,,0.002048,,1.586944
4584,41.637090100623581,19072301398775,1,4.7749998047947884,3.9208,4.550912,1.7392,14555,0.001024,0.734976,,0.032768,0.084992,0.000256,0.067071999999999993,0.0076799999999999993,0.014591999999999999,,0.002048,,1.6048639999999998
4585,41.641588796768708,19072301437983,1,4.4986959546804428,4.3914,4.686592,1.6925,14555,0.001024,0.734976,,0.032768,0.084992,0.000256,0.067071999999999993,0.0076799999999999993,0.014591999999999999,,0.002048,,1.6048639999999998
4586,41.646200602324264,19072301481897,1,4.61180554702878,4.5315,4.549888,1.7408,14555,0.001024,0.73548799999999992,,0.033024,0.083968,0,0.065279999999999991,0.007424,0.012288,,0.002304,,1.587456
4587,41.650716801303851,19072301527212,1,4.5161987654864788,5.2009,4.534528,1.9317,14555,0.001024,0.738304,,0.032768,0.08294399999999999,0,0.065279999999999991,0.007424,0.012799999999999999,,0.0025599999999999998,,1.590784
4588,41.6556047973356,19072301579221,1,4.88799624145031,3.9917,4.55424,1.7649,14555,0.001024,0.731648,,0.032768,0.08294399999999999,0.000256,0.065024,0.003072,0.015872,,0.002304,,1.5879679999999998
4589,41.660004896541949,19072301619138,1,4.4000991620123386,4.7323,4.53632,1.8065,14555,0.001024,0.731648,,0.032768,0.08294399999999999,0.000256,0.065024,0.003072,0.015872,,0.002304,,1.5879679999999998
4590,41.664443501984124,19072301666461,1,4.43860562518239,4.9415,4.521984,3.0444,14555,0.001024,0.72729599999999994,,0.033024,0.086528,0,0.06912,0.003584,0.013568,,0.002304,,1.611008
4591,41.669111600056688,19072301715876,1,4.6680979430675507,4.7377,4.596736,1.94,14757,0.001024,0.737536,,0.032768,0.086016,0,0.06784,0.003328,0.013824,,0.002304,,1.586176
4592,41.673631696428572,19072301763253,1,4.5200963504612446,4.4213,4.579328,2.0076,14555,0.001024,0.737536,,0.032768,0.086016,0,0.06784,0.003328,0.013824,,0.002304,,1.586176
4593,41.6782387967687,19072301807466,1,4.6071005053818226,4.1809,4.57088,1.7473,14555,0.001024,0.739328,,0.032768,0.085504,0,0.067071999999999993,0.007168,0.012799999999999999,,0.002304,,1.58592
4594,41.682936798469385,19072301849275,1,4.6980017796158791,5.2226,4.521984,1.9499,14555,0.001024,0.735744,,0.032768,0.084735999999999992,0.000256,0.066304,0.007424,0.012544,,0.002304,,1.590272
4595,41.687373398526077,19072301901501,1,4.4366000220179558,4.4035,4.5568,1.888,14555,0.001024,0.737792,,0.032768,0.087296,0,0.06912,0.004608,0.014336,,0.002304,,1.586944
4596,41.691893501984126,19072301945536,1,4.5201033353805542,4.4945,4.526336,1.7407,14555,0.001024,0.735744,,0.033024,0.083968,0,0.065536,0.009984,0.012799999999999999,,0.002304,,1.60768
4597,41.696631101190476,19072301990481,1,4.7375992871820927,4.7574,4.560896,1.6179,14555,0.001024,0.738304,,0.032768,0.086784,0,0.068352,0.0063999999999999994,0.013056,,0.002048,,1.6033279999999999
4598,41.701140596655328,19072302038055,1,4.5094955712556839,3.9377,4.717312,1.6516,14750,0.001024,0.738304,,0.032768,0.086784,0,0.068352,0.0063999999999999994,0.013056,,0.002048,,1.6033279999999999
4599,41.705769798752833,19072302077432,1,4.62920218706131,4.5131,4.494336,1.6413,14555,0.001024,0.731136,,0.032512,0.086784,0,0.069376,0.004352,0.011007999999999999,,0.0025599999999999998,,1.5915519999999999
4600,41.710329400510204,19072302122563,1,4.5596016570925713,4.842,4.54016,1.8051,14555,0.001024,0.739072,,0.032768,0.0832,0,0.064512,0.007424,0.013568,,0.002048,,1.586944
4601,41.716034800170064,19072302170983,1,5.7053994387388229,4.5202,4.540672,1.829,14607,0.001024,0.739072,,0.032768,0.0832,0,0.064512,0.007424,0.013568,,0.002048,,1.586944
4602,41.719762202380949,19072302216185,1,3.7274023052304983,4.9254,4.704256,2.2874,14555,0.001024,0.740096,,0.033535999999999996,0.084992,0,0.065792,0.0084479999999999989,0.011519999999999999,,0.002304,,1.7989119999999998
4603,41.725011401643989,19072302265439,1,5.2491994574666023,5.0181,4.760832,2.3761,14555,0.001024,0.740096,,0.033535999999999996,0.084992,0,0.065792,0.0084479999999999989,0.011519999999999999,,0.002304,,1.7989119999999998
4604,41.729588300736957,19072302315620,1,4.5768991112709045,5.0875,4.520704,1.437,14555,0.001024,0.738304,,0.033535999999999996,0.086528,0,0.067328,0.005888,0.013312,,0.002304,,1.602304
4605,41.734132001133787,19072302366495,1,4.5437002554535866,3.8451,4.551168,1.7482,14555,0.001024,0.730368,,0.033024,0.087039999999999992,0,0.068864,0.007424,0.011007999999999999,,0.002304,,1.58848
4606,41.738778302154195,19072302404946,1,4.6463008038699627,5.1553,4.52608,1.7746,51543,0.001024,0.729088,,0.032768,0.08294399999999999,0,0.064767999999999992,0.004352,0.014848,,0.002048,,1.58592
4607,41.743154202097507,19072302456499,1,4.3759001418948174,4.6331,4.521216,1.6959,14555,0.001024,0.73651199999999994,,0.032512,0.080896,0,0.06272,0.007424,0.013568,,0.002304,,1.588736
4608,41.748477196712017,19072302502830,1,5.322994664311409,4.3289,4.527616,0.5228,14555,0.001024,0.74137599999999992,,0.03328,0.084735999999999992,0,0.066816,0.007424,0.014079999999999999,,0.002048,,1.5897599999999998
4609,41.753042495748296,19072302546119,1,4.5652990229427814,5.6629,0.041984,1.851,14555,0.001024,0.726016,,0.032768,0.085504,0,0.067583999999999991,0.007936,0.013056,,0.002304,,1.85344
4610,41.757579499716549,19072302602748,1,4.5370040461421013,3.2646,4.544256,1.799,14555,0.001024,0.73088,,0.032512,0.08832,0,0.07039999999999999,0.007424,0.012799999999999999,,0.002304,,1.5882239999999999
4611,41.762176296768708,19072302635394,1,4.5967972837388515,5.2524,4.528128,1.885,14555,0.001024,0.734976,,0.032512,0.083968,0.000256,0.065536,0.0076799999999999993,0.012032,,0.002304,,1.5872
4612,41.766747200963714,19072302687918,1,4.5709041878581047,4.8522,4.498944,1.6508,14757,0.001024,0.729088,,0.032768,0.091648,0,0.071936,0.003328,0.014848,,0.002048,,1.587456
4613,41.771325496031743,19072302736440,1,4.5782951638102531,4.6919,4.546304,1.8228,14555,0.001024,0.740096,,0.033024,0.0832,0,0.065279999999999991,0.007424,0.014336,,0.002048,,1.590784
4614,41.775828195861678,19072302783359,1,4.5026997104287148,4.6277,4.563712,1.9003,14555,0.001024,0.74368,,0.032768,0.08524799999999999,0,0.067328,0.0076799999999999993,0.013056,,0.002048,,1.585664
4615,41.780445401077095,19072302829636,1,4.6172053553164005,4.6943,4.540672,2.016,14555,0.0012799999999999999,0.73292799999999991,,0.033024,0.082688,0.000256,0.063744,0.0076799999999999993,0.012544,,0.002304,,1.5879679999999998
4616,41.78506819727891,19072302876579,1,4.6227960847318172,4.6235,4.595456,1.9194,14555,0.001024,0.732416,,0.032512,0.087039999999999992,0,0.068352,0.0076799999999999993,0.014079999999999999,,0.002048,,1.5864319999999998
4617,41.789680697278911,19072302922814,1,4.6124998480081558,4.4205,4.590592,1.794,14555,0.001024,0.737792,,0.032768,0.084992,0.000256,0.066048,0.007424,0.011776,,0.002304,,1.606912
4618,41.79424430272109,19072302967019,1,4.5636054128408432,4.1324,4.524032,1.6377,14555,0.001024,0.73395199999999994,,0.032768,0.0832,0,0.065792,0.007424,0.013056,,0.002304,,1.590528
4619,41.79882069869614,19072303008343,1,4.5763961970806122,4.6911,4.546048,1.7337,14555,0.001024,0.73395199999999994,,0.032768,0.0832,0,0.065792,0.007424,0.013056,,0.002304,,1.590528
4620,41.803405201247166,19072303055254,1,4.5845024287700653,4.7049,4.554752,1.6406,14555,0.001024,0.737792,,0.033024,0.083968,0,0.065279999999999991,0.007424,0.012288,,0.002304,,1.589248
4621,41.807910501700675,19072303102303,1,4.5053004287183285,4.6416,4.556544,1.8244,14555,0.001024,0.72883199999999992,,0.033024,0.08448,0,0.066304,0.004352,0.014079999999999999,,0.002304,,1.587712
4622,41.812597399376415,19072303148719,1,4.6868976205587387,4.3644,4.563968,1.856,14555,0.001024,0.74137599999999992,,0.032512,0.08576,0,0.067071999999999993,0.007424,0.012799999999999999,,0.002304,,1.5882239999999999
4623,41.817179698129252,19072303192363,1,4.5822989195585251,4.816,4.579584,1.9885,14555,0.001024,0.737024,,0.03328,0.085504,0.000256,0.067071999999999993,0.0076799999999999993,0.014336,,0.002304,,1.5879679999999998
4624,41.821750999149657,19072303240523,1,4.5713009312748909,4.2543,4.576,2.0941,14555,0.001024,0.73062399999999994,,0.033024,0.091392,0,0.071424,0.0076799999999999993,0.011776,,0.002304,,1.590784
4625,41.826296697845805,19072303283066,1,4.5456988736987114,4.6432,4.545024,1.8352,14555,0.001024,0.730368,,0.033024,0.08806399999999999,0,0.068352,0.003584,0.013824,,0.002048,,1.5872
4626,41.830964795918362,19072303329498,1,4.6680979430675507,5.0707,4.598784,1.8202,14555,0.001024,0.73881599999999992,,0.032512,0.084735999999999992,0,0.06656,0.007424,0.013056,,0.0025599999999999998,,1.58848
4627,41.835543197278909,19072303380205,1,4.5784013345837593,4.4409,4.585216,1.8028,14555,0.001024,0.73983999999999994,,0.032768,0.086272,0,0.068096,0.0076799999999999993,0.014591999999999999,,0.002048,,1.587456
4628,41.840092800453512,19072303424614,1,4.5496029779314995,4.1495,4.554752,2.0062,14555,0.001024,0.73292799999999991,,0.033024,0.08576,0.000256,0.067071999999999993,0.007424,0.013568,,0.002304,,1.590272
4629,41.844707199546484,19072303466109,1,4.6143992803990841,4.7304,4.594176,1.7175,14555,0.001024,0.73139199999999993,,0.033024,0.083968,0.000256,0.065536,0.011519999999999999,0.012799999999999999,,0.002048,,1.5866879999999999
4630,41.849203698979593,19072303513413,1,4.4964994303882122,4.9823,4.52096,1.7601,14555,0.0012799999999999999,0.73088,,0.032768,0.083968,0.000256,0.065792,0.007168,0.012799999999999999,,0.002304,,1.590528
4631,41.8538248015873,19072303563236,1,4.621102474629879,4.4757,4.557568,1.8732,14750,0.001024,0.73395199999999994,,0.033024,0.08448,0,0.066304,0.007424,0.014591999999999999,,0.002304,,1.586176
4632,41.858394401927434,19072303607993,1,4.569600336253643,4.6293,4.589568,2.0617,14555,0.001024,0.73804799999999993,,0.033024,0.084992,0.000256,0.066816,0.007424,0.012288,,0.002304,,1.59232
4633,41.863028096655327,19072303654286,1,4.6336948871612549,4.6731,4.544512,1.7396,14555,0.001024,0.729344,,0.032768,0.08294399999999999,0,0.064512,0.007424,0.011519999999999999,,0.0025599999999999998,,1.586944
4634,41.867605498866212,19072303701017,1,4.5774020254611969,4.1133,4.548352,1.5829,14757,0.001024,0.732672,,0.032768,0.082431999999999991,0,0.064512,0.007424,0.011519999999999999,,0.002304,,1.6063999999999998
4635,41.872184800170068,19072303742150,1,4.5793014578521252,4.6546,4.557312,1.5988,14555,0.001024,0.736256,,0.033024,0.08448,0,0.066048,0.007168,0.011776,,0.002304,,1.5872
4636,41.876662797619048,19072303788696,1,4.4779973104596138,4.747,4.54656,1.7281,14555,0.001024,0.73804799999999993,,0.032512,0.084735999999999992,0.000256,0.067071999999999993,0.007424,0.013312,,0.002048,,1.58848
4637,41.881318501984126,19072303836166,1,4.6557043679058552,4.8509,4.51456,1.7292,14555,0.001024,0.73983999999999994,,0.032768,0.082431999999999991,0.000256,0.064256,0.007424,0.012799999999999999,,0.002304,,1.5897599999999998
4638,41.885829095804986,19072303884675,1,4.5105936005711555,4.1052,4.575488,1.8836,14555,0.0012799999999999999,0.736,,0.032768,0.083968,0,0.065536,0.003328,0.014079999999999999,,0.002304,,1.588736
4639,41.890440497448978,19072303925727,1,4.6114018186926842,4.5021,4.568576,1.9117,14555,0.001024,0.73983999999999994,,0.032768,0.083968,0,0.066048,0.0076799999999999993,0.012544,,0.002304,,1.587712
4640,41.895065299036283,19072303970748,1,4.6248016878962517,5.096,4.563456,1.9074,14555,0.001024,0.738304,,0.032768,0.086784,0.000256,0.068608,0.0076799999999999993,0.014848,,0.002048,,1.58592
4641,41.899561996882085,19072304021708,1,4.4966978020966053,4.448,4.564992,1.8529,14555,0.001024,0.730368,,0.03328,0.086528,0.000256,0.068096,0.0076799999999999993,0.010752,,0.002304,,1.588736
4642,41.904190901360543,19072304066188,1,4.62890462949872,4.2877,4.543232,2.1677,14555,0.001024,0.731904,,0.032512,0.087808,0,0.069376,0.011264,0.014591999999999999,,0.002304,,1.587712
4643,41.908762996031747,19072304109065,1,4.5720948837697506,4.9119,4.539136,1.6678,20997,0.001024,0.73344,,0.032768,0.087551999999999991,0,0.06912,0.0076799999999999993,0.011519999999999999,,0.002304,,1.5930879999999998
4644,41.913333602607707,19072304158184,1,4.5706066302955151,4.6923,4.548352,1.5819,14555,0.001024,0.73727999999999994,,0.032512,0.084735999999999992,0,0.06656,0.0076799999999999993,0.013312,,0.002304,,1.6017919999999999
4645,41.918195797902492,19072304205107,1,4.86219534650445,3.9902,4.54144,1.6183,14607,0.001024,0.72627199999999992,,0.032768,0.082688,0,0.064512,0.0076799999999999993,0.013568,,0.002304,,1.6063999999999998
4646,41.922925,19072304245009,1,4.7292020171880722,4.65,4.744192,1.6881,14555,0.001024,0.740096,,0.033024,0.086272,0,0.068096,0.007424,0.013312,,0.002304,,1.587456
4647,41.927725099206349,19072304291509,1,4.8000994138419628,5.0946,4.813824,1.6708,14555,0.001024,0.73804799999999993,,0.033024,0.08294399999999999,0,0.064767999999999992,0.007424,0.012544,,0.002304,,1.588992
4648,41.932475198412696,19072304342455,1,4.7500990331172943,5.0397,4.831232,1.922,14555,0.0012799999999999999,0.73651199999999994,,0.033535999999999996,0.084992,0,0.067583999999999991,0.0076799999999999993,0.014591999999999999,,0.002304,,1.589248
4649,41.937303302154191,19072304392852,1,4.8281038179993629,4.4293,4.733952,1.8883,14555,0.001024,0.73215999999999992,,0.03328,0.083968,0,0.066048,0.0076799999999999993,0.011776,,0.002304,,1.5897599999999998
4650,41.941803996598637,19072304437145,1,4.5006945729255676,4.5891,4.742656,1.7826,14555,0.001024,0.735744,,0.033024,0.08524799999999999,0,0.067071999999999993,0.007424,0.013824,,0.002304,,1.773056
4651,41.946380201247166,19072304483036,1,4.5762048102915287,5.0109,4.542464,1.6992,14555,0.001024,0.73062399999999994,,0.033024,0.084224,0,0.065536,0.0038399999999999997,0.013056,,0.002304,,1.6081919999999998
4652,41.950987698412696,19072304533145,1,4.6074972487986088,5.593,4.553216,2.2824,14555,0.001024,0.742656,,0.03328,0.083968,0,0.065792,0.007424,0.011776,,0.0025599999999999998,,1.583616
4653,41.956117495748295,19072304589075,1,5.1297973841428757,3.6373,4.587264,1.9003,14555,0.001024,0.741888,,0.032768,0.08294399999999999,0,0.064767999999999992,0.007936,0.013312,,0.002048,,1.587712
4654,41.961406696428568,19072304625448,1,5.2892006933689117,4.3955,5.040896,1.9605,14555,0.001024,0.740096,,0.033024,0.08524799999999999,0,0.067071999999999993,0.006912,0.013824,,0.002048,,1.610752
4655,41.966535997732421,19072304669403,1,5.1293014548718929,5.4196,4.54912,2.0561,14757,0.001024,0.740096,,0.033024,0.08524799999999999,0,0.067071999999999993,0.006912,0.013824,,0.002048,,1.610752
4656,41.971140901360542,19072304723599,1,4.6049035154283047,6.2602,4.521728,1.5979,14555,0.001024,0.74470399999999992,,0.033024,0.084735999999999992,0,0.06656,0.005888,0.010752,,0.004096,,1.6128
4657,41.97563900226757,19072304786201,1,4.4981008395552635,3.4247,4.580608,1.6082,14555,0.001024,0.739328,,0.032768,0.087808,0,0.069376,0.007168,0.014336,,0.002304,,1.5864319999999998
4658,41.980278798185942,19072304820448,1,4.6397959813475609,5.396,4.540416,1.678,14555,0.0012799999999999999,0.733696,,0.032768,0.0832,0,0.065024,0.007424,0.013056,,0.002304,,1.5879679999999998
4659,41.984861196145125,19072304874408,1,4.5823981054127216,4.0691,4.551424,1.7069,14555,0.001024,0.736768,,0.032768,0.083456,0,0.065279999999999991,0.003328,0.013824,,0.002304,,1.5882239999999999
4660,41.989348596938775,19072304915099,1,4.4874008744955063,4.7447,4.5312,2.1031,51543,0.001024,0.738304,,0.032768,0.083456,0.000256,0.065024,0.007168,0.014848,,0.002304,,1.588736
4661,41.9939452026644,19072304962546,1,4.5966058969497681,4.5591,4.560128,1.7032,14555,0.001024,0.736256,,0.033791999999999996,0.083456,0,0.065024,0.0076799999999999993,0.013568,,0.002304,,1.5864319999999998
4662,41.999140398242631,19072305008137,1,5.1951957866549492,4.3858,4.585472,0.5266,14555,0.0012799999999999999,0.73727999999999994,,0.03328,0.083712,0,0.065536,0.007424,0.013056,,0.002304,,1.603584
4663,42.003709502551018,19072305051995,1,4.56910440698266,5.7906,0.044032,2.1926,14555,0.001024,0.73651199999999994,,0.033024,0.082431999999999991,0,0.064,0.003072,0.013056,,0.002304,,1.5866879999999999
4664,42.00826659580499,19072305109901,1,4.5570931397378445,3.5011,4.538368,1.956,14750,0.001024,0.735232,,0.03328,0.085504,0,0.066816,0.003328,0.015104,,0.002304,,1.588992
4665,42.012679499716555,19072305144912,1,4.4129039160907269,5.4995,4.548352,1.9504,14555,0.001024,0.737792,,0.032512,0.085504,0,0.067071999999999993,0.003328,0.013824,,0.002304,,1.5833599999999999
4666,42.017242701247163,19072305199907,1,4.5632016845047474,4.4396,4.46336,1.7099,14555,0.001024,0.726016,,0.03328,0.091904,0,0.071936,0.003072,0.012544,,0.002304,,1.587712
4667,42.021845301870748,19072305244303,1,4.6026008203625679,4.4253,4.54784,1.8555,14555,0.001024,0.73856,,0.032768,0.082688,0,0.064767999999999992,0.007424,0.012288,,0.002304,,1.58848
4668,42.026396598639451,19072305288556,1,4.5512965880334377,4.705,4.557056,1.7338,14555,0.0012799999999999999,0.735232,,0.032256,0.083968,0.000256,0.066048,0.010239999999999999,0.015359999999999999,,0.002048,,1.6051199999999999
4669,42.030980697278913,19072305335606,1,4.5840987004339695,4.0442,4.542976,1.8889,14555,0.001024,0.73088,,0.032512,0.080639999999999989,0,0.061952,0.007424,0.012288,,0.002048,,1.588992
4670,42.035529896541945,19072305376048,1,4.5491992495954037,5.0357,4.570112,1.8987,14555,0.001024,0.734208,,0.033024,0.084992,0,0.067071999999999993,0.00896,0.013824,,0.002304,,1.589504
4671,42.040183198696141,19072305426405,1,4.6533020213246346,4.5159,4.531712,2.4872,14555,0.001024,0.72576,,0.033024,0.0832,0,0.064767999999999992,0.0076799999999999993,0.012544,,0.002304,,1.590272
4672,42.045574596088436,19072305471564,1,5.391397513449192,4.7742,4.57472,2.9612,14555,0.001024,0.74982399999999994,,0.033535999999999996,0.084224,0.000256,0.066048,0.0076799999999999993,0.011776,,0.0025599999999999998,,1.58592
4673,42.050128996598637,19072305519306,1,4.5544006861746311,4.9328,4.578304,2.2186,14555,0.001024,0.750336,,0.033535999999999996,0.084224,0,0.066304,0.005376,0.009984,,0.002816,,1.5866879999999999
4674,42.055064498299316,19072305568634,1,4.9355016089975834,4.7375,4.54016,2.5584,14555,0.001024,0.73881599999999992,,0.03328,0.083712,0,0.065536,0.007424,0.014591999999999999,,0.002304,,1.58848
4675,42.059761196145125,19072305616009,1,4.6966979280114174,5.1464,4.559616,2.4714,14555,0.001024,0.75135999999999992,,0.033535999999999996,0.083456,0.000256,0.065024,0.0076799999999999993,0.012032,,0.002304,,1.588992
4676,42.064776098356006,19072305667473,1,5.0149019807577133,5.0272,4.550656,2.794,14555,0.001024,0.74752,,0.033535999999999996,0.082688,0.000256,0.064256,0.003328,0.011007999999999999,,0.0025599999999999998,,1.588992
4677,42.06941439909297,19072305717745,1,4.6383007429540157,4.551,4.545536,2.3632,14757,0.001024,0.750848,,0.03328,0.08294399999999999,0,0.064512,0.007424,0.011776,,0.0025599999999999998,,1.5872
4678,42.074021797052154,19072305763255,1,4.6073980629444122,4.6689,4.543744,2.2164,14555,0.001024,0.740352,,0.032768,0.085504,0,0.06656,0.007424,0.011519999999999999,,0.002304,,1.5872
4679,42.079092899659862,19072305809944,1,5.0711026415228844,5.0962,4.535808,2.5908,14555,0.001024,0.751616,,0.03328,0.083456,0,0.065279999999999991,0.006656,0.011007999999999999,,0.002304,,1.586944
4680,42.083559700963718,19072305860906,1,4.4668014161288738,4.7798,4.51968,2.2498,14555,0.001024,0.739328,,0.03328,0.081664,0.000256,0.063232,0.007936,0.011519999999999999,,0.002304,,1.5900159999999999
4681,42.088190901360541,19072305908704,1,4.6312003396451473,4.4122,4.516864,2.3442,14555,0.001024,0.731904,,0.033024,0.086272,0,0.06784,0.003072,0.012288,,0.002304,,1.58592
4682,42.09324800170068,19072305952826,1,5.0571002066135406,4.9442,4.569344,2.1762,14555,0.001024,0.741632,,0.033791999999999996,0.084992,0.000256,0.06656,0.010496,0.011007999999999999,,0.002304,,1.5879679999999998
4683,42.098426601473918,19072306002268,1,5.1785996183753014,4.2221,4.536064,2.7145,14555,0.001024,0.74214399999999991,,0.032768,0.080639999999999989,0,0.062464,0.003328,0.014848,,0.002048,,1.60384
4684,42.104066496598641,19072306044489,1,5.6398953311145306,5.7513,4.538624,2.3143,14555,0.001024,0.751616,,0.03328,0.081664,0,0.063232,0.003584,0.011519999999999999,,0.002304,,1.5882239999999999
4685,42.109197101757367,19072306102002,1,5.1306053064763546,4.6104,4.525312,2.7144,14555,0.001024,0.74905599999999994,,0.033535999999999996,0.0832,0,0.065024,0.003328,0.010496,,0.002304,,1.602304
4686,42.1140545989229,19072306148106,1,4.8574972897768021,6.2213,4.526848,2.4741,14555,0.001024,0.739072,,0.033535999999999996,0.082176,0.000256,0.064767999999999992,0.008704,0.012032,,0.002304,,1.58592
4687,42.119288102324262,19072306210319,1,5.23350341245532,4.8494,4.5376,2.8076,14607,0.001024,0.746752,,0.03328,0.08294399999999999,0.000256,0.064512,0.003328,0.011264,,0.002304,,1.609216
4688,42.124245897108842,19072306258813,1,4.9577946774661541,5.0852,4.516096,2.5411,14555,0.001024,0.735232,,0.033024,0.084992,0.000256,0.066048,0.0076799999999999993,0.010752,,0.002304,,1.5882239999999999
4689,42.129136196145126,19072306309665,1,4.8902989365160465,5.037,4.510208,2.5125,14555,0.001024,0.74905599999999994,,0.033024,0.082688,0,0.064512,0.003328,0.012288,,0.0025599999999999998,,1.585408
4690,42.133719097222219,19072306360035,1,4.582901019603014,5.0678,4.585216,1.9538,14555,0.001024,0.749568,,0.03328,0.081919999999999993,0,0.063488,0.004096,0.010496,,0.002304,,1.590272
4691,42.13892889739229,19072306410713,1,5.2098003216087818,4.1006,4.519936,2.5897,14555,0.001024,0.739072,,0.033024,0.083456,0,0.064767999999999992,0.003328,0.013312,,0.002304,,1.604352
4692,42.144554698129248,19072306451719,1,5.6258006952703,5.5124,4.507392,3.1971,14555,0.001024,0.75059199999999993,,0.03328,0.082431999999999991,0,0.064,0.0038399999999999997,0.011007999999999999,,0.002304,,1.5900159999999999
4693,42.149948200113379,19072306506843,1,5.3935018368065357,4.7935,4.56064,2.0517,14555,0.001024,0.748288,,0.033024,0.081408,0.000256,0.063232,0.011264,0.010752,,0.002304,,1.587712
4694,42.155330498866213,19072306554778,1,5.3822989575564861,4.8414,4.507392,2.9885,14555,0.0012799999999999999,0.74316799999999994,,0.032512,0.083968,0,0.065792,0.003328,0.013824,,0.002304,,1.602816
4695,42.160383496315191,19072306603192,1,5.0529972650110722,6.4587,4.525312,2.2934,14750,0.001024,0.73856,,0.033535999999999996,0.080127999999999991,0,0.062208,0.0048639999999999994,0.010496,,0.002304,,1.586944
4696,42.165273802437639,19072306667779,1,4.8903059214353561,5.2332,4.508672,2.4742,14555,0.001024,0.735744,,0.033024,0.083456,0,0.065024,0.0076799999999999993,0.011264,,0.002816,,1.609472
4697,42.170658602607709,19072306720111,1,5.384800024330616,5.2315,4.549888,3.0369,14757,0.001024,0.751616,,0.03328,0.083712,0,0.065792,0.008192,0.010752,,0.002816,,1.586944
4698,42.175170096371879,19072306772426,1,4.5114937238395214,4.8744,4.516096,1.7828,14555,0.001024,0.745728,,0.03328,0.08448,0,0.066304,0.0038399999999999997,0.011776,,0.003072,,1.605376
4699,42.179741397392291,19072306821170,1,4.5713009312748909,3.9413,4.550656,1.8135,14555,0.001024,0.73215999999999992,,0.033024,0.085504,0,0.067328,0.0076799999999999993,0.012544,,0.002304,,1.586944
4700,42.184301799886619,19072306860583,1,4.5604025945067406,5.1428,4.553728,2.2078,14555,0.001024,0.737792,,0.033024,0.082431999999999991,0.000256,0.064512,0.007168,0.012288,,0.002304,,1.59104
4701,42.188890802154191,19072306912011,1,4.58900211378932,4.9414,4.530688,1.727,14555,0.001024,0.74316799999999994,,0.033024,0.083712,0,0.065792,0.0076799999999999993,0.012799999999999999,,0.002304,,1.586944
4702,42.19340399659864,19072306961425,1,4.5131943188607693,4.1231,4.569344,1.9375,14555,0.001024,0.74316799999999994,,0.033024,0.083712,0,0.065792,0.0076799999999999993,0.012799999999999999,,0.002304,,1.586944
4703,42.197954698129251,19072307002656,1,4.5507014729082584,4.5361,4.493824,1.9626,14555,0.001024,0.730112,,0.03328,0.087039999999999992,0,0.067583999999999991,0.0076799999999999993,0.014591999999999999,,0.002048,,1.5879679999999998
4704,42.202518098072559,19072307048017,1,4.5634000562131405,4.5247,4.528896,1.7919,14555,0.001024,0.731136,,0.032768,0.085504,0,0.06656,0.0076799999999999993,0.014336,,0.002304,,1.5915519999999999
4705,42.2071123015873,19072307093264,1,4.5942035503685474,4.6476,4.542976,1.8181,14555,0.0012799999999999999,0.73062399999999994,,0.033024,0.084224,0,0.066304,0.007424,0.013568,,0.002304,,1.586176
4706,42.211689399092968,19072307139740,1,4.5770974829792976,4.5336,4.576256,1.9519,14555,0.001024,0.72806399999999993,,0.032768,0.083968,0.000256,0.065792,0.010239999999999999,0.012032,,0.002048,,1.5900159999999999
4707,42.216218501984123,19072307185076,1,4.5291027054190636,4.4422,4.54144,1.9578,14555,0.001024,0.740096,,0.032768,0.0832,0.000256,0.065024,0.0063999999999999994,0.013824,,0.002304,,1.5866879999999999
4708,42.220878897392289,19072307229498,1,4.6603954397141933,4.7639,4.517888,2.2117,14555,0.001024,0.737536,,0.032768,0.084992,0,0.066816,0.011519999999999999,0.012544,,0.0025599999999999998,,1.607168
4709,42.225472498582768,19072307277137,1,4.5936009846627712,5.0654,4.648448,2.2641,14555,0.001024,0.73088,,0.033791999999999996,0.088576,0.000256,0.068608,0.0038399999999999997,0.010496,,0.002304,,1.588992
4710,42.230076197562354,19072307327791,1,4.6036988496780396,4.326,4.577536,2.0435,14555,0.001024,0.727552,,0.032512,0.085504,0,0.06784,0.004096,0.012799999999999999,,0.002048,,1.587456
4711,42.234590802154194,19072307371051,1,4.5146048069000244,4.6762,4.563456,1.7847,14555,0.001024,0.739584,,0.032768,0.087296,0,0.068608,0.003328,0.013312,,0.002304,,1.5897599999999998
4712,42.239161096938773,19072307417813,1,4.5702946372330189,4.2065,4.504576,1.8031,51543,0.001024,0.73139199999999993,,0.032768,0.086272,0,0.06784,0.003328,0.013568,,0.002304,,1.5879679999999998
4713,42.243830598072563,19072307459878,1,4.6695009805262089,4.7177,4.522752,1.8962,14555,0.001024,0.740352,,0.032768,0.086016,0,0.06784,0.010239999999999999,0.014079999999999999,,0.002304,,1.5866879999999999
4714,42.248921400226756,19072307507055,1,5.090801976621151,4.8362,4.493056,0.5665,14555,0.001024,0.737792,,0.03328,0.084224,0,0.066304,0.003328,0.013824,,0.002304,,1.58848
4715,42.253491496598635,19072307555417,1,4.5700962655246258,5.1905,0.034816,2.5263,14555,0.001024,0.73395199999999994,,0.033024,0.08806399999999999,0.000256,0.069632,0.003328,0.011264,,0.002304,,1.586944
4716,42.258040199829928,19072307607322,1,4.5487033203244209,3.9208,4.552448,2.0003,14555,0.001024,0.730112,,0.033024,0.083456,0.000256,0.064767999999999992,0.0076799999999999993,0.013056,,0.002048,,1.588992
4717,42.262964399092972,19072307646530,1,4.92419907823205,5.0855,4.51584,2.5946,14555,0.001024,0.730112,,0.033024,0.083456,0.000256,0.064767999999999992,0.0076799999999999993,0.013056,,0.002048,,1.588992
4718,42.267513201530612,19072307697385,1,4.5488025061786175,4.8149,4.511232,2.2296,14757,0.001024,0.750336,,0.033535999999999996,0.0832,0,0.065279999999999991,0.0076799999999999993,0.011776,,0.0025599999999999998,,1.58848
4719,42.272117396541951,19072307745534,1,4.6041947789490223,4.7986,4.571648,2.1169,14555,0.001024,0.750336,,0.033535999999999996,0.0832,0,0.065279999999999991,0.0076799999999999993,0.011776,,0.0025599999999999998,,1.58848
4720,42.27668039965986,19072307793520,1,4.5630033127963543,4.3834,4.57984,1.9086,14555,0.001024,0.734464,,0.032768,0.085504,0,0.066816,0.0076799999999999993,0.014848,,0.002048,,1.588992
4721,42.281199000850336,19072307837354,1,4.5186011120676994,4.8946,4.512768,1.7154,14555,0.001024,0.734464,,0.032768,0.083968,0,0.065792,0.007424,0.012288,,0.002304,,1.587712
4722,42.285773100907029,19072307886300,1,4.5741000212728977,4.0788,4.525312,1.7918,43774,0.001024,0.727552,,0.032768,0.084224,0,0.065792,0.003328,0.014079999999999999,,0.002048,,1.588736
4723,42.290290299036279,19072307927088,1,4.5171980746090412,4.3787,4.551424,1.6977,14555,0.001024,0.733184,,0.032768,0.08524799999999999,0,0.067071999999999993,0.0076799999999999993,0.014336,,0.002304,,1.588736
4724,42.294851395975058,19072307970875,1,4.5610968954861164,4.6783,4.491008,2.292,14555,0.001024,0.727808,,0.033024,0.083712,0,0.065279999999999991,0.0048639999999999994,0.014848,,0.002304,,1.5866879999999999
4725,42.299415497448976,19072308017658,1,4.5641013421118259,5.1331,4.531968,2.2498,14555,0.001792,0.73856,,0.03328,0.081919999999999993,0,0.063232,0.0076799999999999993,0.011776,,0.0025599999999999998,,1.5879679999999998
4726,42.304022399376414,19072308068989,1,4.6069021336734295,4.5183,4.54784,2.3616,14555,0.001024,0.743424,,0.033024,0.081408,0,0.06297599999999999,0.0076799999999999993,0.011519999999999999,,0.002304,,1.58592
4727,42.308592800453511,19072308114172,1,4.5704012736678123,4.1087,4.587008,2.2265,14555,0.0012799999999999999,0.73983999999999994,,0.033024,0.091392,0.000256,0.071424,0.007424,0.012799999999999999,,0.002304,,1.59232
4728,42.313178698979591,19072308155259,1,4.5858984813094139,4.4551,4.553472,1.9202,14750,0.001024,0.727552,,0.032768,0.082176,0.000256,0.064,0.005888,0.013568,,0.002304,,1.586944
4729,42.31775839710884,19072308199810,1,4.5796982012689114,4.4501,4.556288,2.0235,14555,0.001024,0.737792,,0.032768,0.083456,0,0.065279999999999991,0.007424,0.012032,,0.0025599999999999998,,1.587456
4730,42.322328897392289,19072308244311,1,4.5705004595220089,4.864,4.553984,1.7506,14607,0.0012799999999999999,0.73062399999999994,,0.032768,0.083456,0.000256,0.065536,0.006144,0.014079999999999999,,0.002304,,1.59104
4731,42.326900999149657,19072308292951,1,4.57210186868906,4.3465,4.547072,1.8007,14555,0.001024,0.72550399999999993,,0.033024,0.083712,0.000256,0.066048,0.007424,0.014336,,0.002304,,1.5900159999999999
4732,42.331507702664396,19072308336416,1,4.6067032963037491,4.5812,4.558848,1.8168,14555,0.001024,0.741632,,0.032512,0.084735999999999992,0.000256,0.066304,0.007168,0.013312,,0.002304,,1.588992
4733,42.336051998299318,19072308382228,1,4.5442958362400532,4.6185,4.583424,2.0843,14555,0.0012799999999999999,0.73804799999999993,,0.03328,0.084735999999999992,0,0.066304,0.0076799999999999993,0.013312,,0.002304,,1.5897599999999998
4734,42.340634998582765,19072308428413,1,4.5830002054572105,4.8818,4.520448,2.3566,14555,0.001024,0.739328,,0.033024,0.092416,0,0.071936,0.0076799999999999993,0.013312,,0.002304,,1.5915519999999999
4735,42.345402600623579,19072308477231,1,4.76760184392333,4.4275,4.563968,2.2414,14555,0.001024,0.733184,,0.032768,0.083968,0,0.065279999999999991,0.007424,0.013824,,0.002304,,1.586176
4736,42.349961196145124,19072308521506,1,4.5585953630506992,4.3226,4.693504,2.1622,67268,0.001024,0.73088,,0.032768,0.09036799999999999,0,0.070656,0.0076799999999999993,0.011776,,0.002304,,1.590272
4737,42.354500099206348,19072308564732,1,4.5389030128717422,5.0447,4.582912,1.8351,60466,0.001024,0.737536,,0.03328,0.087039999999999992,0,0.067583999999999991,0.0076799999999999993,0.015359999999999999,,0.002048,,1.587712
4738,42.359082298752831,19072308615179,1,4.5821997337043285,4.512,4.520192,1.8918,14555,0.001024,0.731136,,0.032768,0.084224,0,0.066304,0.007168,0.013056,,0.0025599999999999998,,1.5930879999999998
4739,42.3636299957483,19072308660299,1,4.5476970262825489,4.5638,4.557568,1.661,32126,0.001024,0.739584,,0.033024,0.083456,0,0.065279999999999991,0.006144,0.015104,,0.002304,,1.588736
4740,42.368348497732427,19072308705937,1,4.718502052128315,4.468,4.517376,1.6794,29287,0.001024,0.740864,,0.032768,0.08448,0,0.06656,0.007168,0.012544,,0.002304,,1.5882239999999999
4741,42.372942800453515,19072308750617,1,4.594302736222744,4.4368,4.701184,2.0001,14555,0.001024,0.73881599999999992,,0.032768,0.084992,0,0.066816,0.003328,0.014848,,0.002304,,1.757696
4742,42.377566595804986,19072308794985,1,4.62379539385438,4.9429,4.56704,2.1759,14555,0.0012799999999999999,0.728576,,0.032512,0.084224,0.000256,0.065792,0.007168,0.013056,,0.002304,,1.5900159999999999
4743,42.382076601473919,19072308844414,1,4.5100054703652859,4.4305,4.591104,2.0033,14555,0.001024,0.73651199999999994,,0.032768,0.087039999999999992,0,0.068352,0.007424,0.012544,,0.002304,,1.587456
4744,42.386650800736959,19072308888719,1,4.5741992071270943,4.6275,4.505344,2.342,14555,0.001024,0.72883199999999992,,0.032768,0.081919999999999993,0.000256,0.063488,0.003072,0.013312,,0.002304,,1.589504
4745,42.391225800736962,19072308934994,1,4.5750001445412636,4.7248,4.550144,2.4633,14555,0.001024,0.73651199999999994,,0.033024,0.089343999999999993,0,0.069887999999999992,0.007424,0.014591999999999999,,0.002304,,1.589248
4746,42.395768601190476,19072308982242,1,4.542800597846508,4.289,4.554496,1.715,14555,0.001024,0.735232,,0.032768,0.082176,0,0.064256,0.0076799999999999993,0.013056,,0.002304,,1.5900159999999999
4747,42.400333397108845,19072309025132,1,4.5647961087524891,4.7779,4.508928,1.6827,14555,0.001024,0.73215999999999992,,0.032768,0.083456,0,0.065279999999999991,0.0076799999999999993,0.013568,,0.002304,,1.588992
4748,42.405063300736963,19072309072911,1,4.729903768748045,4.6385,4.5376,2.0238,14555,0.001024,0.72550399999999993,,0.032512,0.08576,0,0.067583999999999991,0.006912,0.012799999999999999,,0.002304,,1.5900159999999999
4749,42.409646400226755,19072309119296,1,4.5830993913114071,4.4432,4.71808,1.8407,20997,0.001024,0.741888,,0.032512,0.081919999999999993,0.000256,0.063744,0.007168,0.012032,,0.002304,,1.587712
4750,42.414167701247166,19072309163728,1,4.52130101621151,4.5906,4.565248,1.8304,14555,0.001024,0.735744,,0.032768,0.086784,0,0.068096,0.007424,0.014336,,0.002304,,1.58848
4751,42.4199294005102,19072309209634,1,5.7616992853581905,5.1363,4.486912,2.6476,14555,0.001024,0.73983999999999994,,0.032768,0.084224,0,0.066816,0.0048639999999999994,0.012799999999999999,,0.002048,,1.608704
4752,42.4244876984127,19072309260997,1,4.55829780548811,4.6811,5.241088,1.8622,14555,0.001024,0.730112,,0.03328,0.303104,0.000256,0.06272,0.004096,0.010496,,0.0025599999999999998,,1.7553919999999998
4753,42.429047696995461,19072309307808,1,4.5599984005093575,3.9548,4.535296,1.8249,14555,0.001024,0.740864,,0.032768,0.08448,0,0.066048,0.003072,0.014079999999999999,,0.002304,,1.587456
4754,42.433628096655326,19072309347356,1,4.5803994871675968,6.1535,4.54144,1.8379,14555,0.001024,0.73983999999999994,,0.032768,0.083968,0,0.065792,0.003328,0.013568,,0.002048,,1.590528
4755,42.438160997732425,19072309408891,1,4.5329011045396328,4.4186,4.546816,1.7863,14555,0.001024,0.730368,,0.033024,0.082431999999999991,0,0.064512,0.007424,0.014079999999999999,,0.002304,,1.5864319999999998
4756,42.442752097505668,19072309453077,1,4.5910999178886414,4.1894,4.511488,2.0155,14555,0.001024,0.727808,,0.033024,0.082688,0,0.064,0.007424,0.011519999999999999,,0.002304,,1.5897599999999998
4757,42.44734869614512,19072309494971,1,4.5965984463691711,4.5859,4.569344,1.8615,14555,0.001024,0.73651199999999994,,0.032768,0.08448,0,0.06656,0.009472,0.013824,,0.002304,,1.587456
4758,42.451911196145126,19072309540830,1,4.5624999329447746,4.6085,4.56576,1.9323,14555,0.001024,0.739328,,0.032768,0.082176,0,0.064512,0.008704,0.013824,,0.002304,,1.589248
4759,42.456500701530608,19072309586915,1,4.5895054936409,4.6013,4.545792,2.2934,14555,0.001024,0.739072,,0.033024,0.085504,0,0.06656,0.007424,0.011776,,0.002304,,1.5864319999999998
4760,42.461002898242626,19072309632928,1,4.5021967962384224,4.61,4.562944,2.1303,14555,0.001024,0.73062399999999994,,0.032768,0.084992,0,0.066304,0.0076799999999999993,0.012288,,0.002304,,1.5882239999999999
4761,42.465590001417233,19072309679028,1,4.587103147059679,4.994,4.485888,2.1789,14750,0.001024,0.734464,,0.032768,0.09036799999999999,0,0.070912,0.007424,0.013312,,0.002304,,1.58848
4762,42.4701174957483,19072309728968,1,4.5274943113327026,4.5702,4.550656,1.9199,14757,0.001024,0.739072,,0.033024,0.08524799999999999,0,0.067071999999999993,0.006912,0.013568,,0.002304,,1.5866879999999999
4763,42.474674496882088,19072309774670,1,4.5570009388029575,4.3443,4.511488,1.8117,14555,0.001024,0.734464,,0.032768,0.084992,0,0.067071999999999993,0.007424,0.013312,,0.002304,,1.5866879999999999
4764,42.479223901643991,19072309818113,1,4.5494046062231064,4.4835,4.534016,1.8395,14555,0.001024,0.74060799999999993,,0.032768,0.083968,0,0.065536,0.007168,0.014336,,0.002304,,1.5866879999999999
4765,42.483798398526076,19072309862948,1,4.5744967646896839,4.6906,4.525824,1.7105,14555,0.001024,0.736,,0.032768,0.086272,0.000256,0.06784,0.007168,0.011776,,0.002304,,1.585152
4766,42.488331597222221,19072309909854,1,4.5331986621022224,4.1234,4.541696,1.7184,14555,0.001024,0.736,,0.032768,0.086272,0.000256,0.06784,0.007168,0.011776,,0.002304,,1.585152
4767,42.492929301303853,19072309951088,1,4.59770392626524,4.5022,4.513536,1.7328,51543,0.001024,0.73856,,0.032768,0.082431999999999991,0,0.064,0.007168,0.011776,,0.002304,,1.588736
4768,42.497620996315192,19072309996110,1,4.691694863140583,4.6056,4.576,2.1452,14555,0.001024,0.739328,,0.033024,0.081919999999999993,0,0.064,0.0076799999999999993,0.014079999999999999,,0.002048,,1.589504
4769,42.502619097222222,19072310042166,1,4.99810092151165,4.5892,4.685312,0.5455,14555,0.001024,0.737536,,0.032768,0.091392,0,0.071168,0.003328,0.012799999999999999,,0.002304,,1.60768
4770,42.507196102607708,19072310088058,1,4.5770052820444107,5.7659,0.034048,2.3601,14555,0.001024,0.73856,,0.033024,0.089855999999999991,0,0.071424,0.0076799999999999993,0.014591999999999999,,0.002304,,1.585152
4771,42.511740695861675,19072310145717,1,4.5445933938026428,3.8858,4.552704,1.8341,14555,0.001024,0.739328,,0.033024,0.083712,0,0.065279999999999991,0.006912,0.011519999999999999,,0.002048,,1.5882239999999999
4772,42.516228195861679,19072310184575,1,4.4875000603497028,4.7183,4.52736,2.2095,14555,0.001024,0.73088,,0.033024,0.08448,0,0.066816,0.003072,0.013568,,0.002048,,1.586944
4773,42.520783900226753,19072310231758,1,4.5557045377790928,4.7985,4.466944,1.7191,14555,0.0012799999999999999,0.73471999999999993,,0.032768,0.086016,0,0.067583999999999991,0.003072,0.013056,,0.002304,,1.588992
4774,42.525308602607709,19072310279743,1,4.5247022062540054,4.257,4.53248,1.7148,14607,0.0012799999999999999,0.73471999999999993,,0.032768,0.086016,0,0.067583999999999991,0.003072,0.013056,,0.002304,,1.588992
4775,42.529839795918363,19072310322313,1,4.5311935245990753,4.4713,4.507136,1.8212,14555,0.001024,0.736,,0.032768,0.082176,0,0.064,0.003328,0.013568,,0.002048,,1.5879679999999998
4776,42.534380697278912,19072310367026,1,4.54090116545558,4.5816,4.507904,1.6819,14555,0.001024,0.73139199999999993,,0.033024,0.084992,0,0.067071999999999993,0.003328,0.011776,,0.002304,,1.588736
4777,42.538965199829931,19072310412842,1,4.5845024287700653,4.7102,4.523264,2.0296,14555,0.001024,0.736768,,0.032768,0.08524799999999999,0,0.06656,0.010752,0.013824,,0.002048,,1.587712
4778,42.544479095804988,19072310459944,1,5.5138957686722279,4.3277,4.562688,1.8924,14555,0.001024,0.73395199999999994,,0.032768,0.087039999999999992,0.000256,0.068352,0.0097279999999999988,0.013056,,0.002304,,1.58848
4779,42.549633000283443,19072310503221,1,5.1539046689867973,4.6384,5.489408,2.4027,14555,0.001024,0.729344,,0.032768,0.08576,0,0.067328,0.009984,0.015872,,0.002304,,2.11968
4780,42.554693700396825,19072310549605,1,5.0607002340257168,4.5702,5.151488,1.8426,14555,0.0012799999999999999,0.734464,,0.03328,0.084992,0.000256,0.067071999999999993,0.003328,0.015359999999999999,,0.002048,,1.884672
4781,42.55997310090703,19072310595307,1,5.2794003859162331,5.4399,5.035008,2.1202,14555,0.001024,0.729856,,0.032768,0.083968,0,0.065024,0.007936,0.012032,,0.002304,,1.828096
4782,42.564808496315194,19072310649706,1,4.8353956080973148,5.3839,5.257728,1.887,14555,0.169984,0.739584,,0.033024,0.08576,0.000256,0.06784,0.007424,0.012288,,0.002304,,1.87008
4783,42.569881498015874,19072310703545,1,5.0730016082525253,4.81,4.808704,2.2507,14757,0.001024,0.74137599999999992,,0.033024,0.08524799999999999,0.000256,0.066816,0.007936,0.013312,,0.002304,,1.5848959999999999
4784,42.574601197562359,19072310751645,1,4.7196997329592705,5.3567,5.052928,1.9423,14555,0.001024,0.726016,,0.03456,0.089343999999999993,0.000256,0.070144,0.007936,0.012799999999999999,,0.002304,,1.586944
4785,42.579545301870745,19072310805212,1,4.9441042356193066,5.0819,4.700928,1.9103,14555,0.001024,0.73292799999999991,,0.034304,0.090112,0,0.070912,0.0076799999999999993,0.013824,,0.002048,,1.586944
4786,42.584641397392289,19072310856031,1,5.0960956141352654,4.9283,4.912896,2.3299,14555,0.001024,0.73215999999999992,,0.035072,0.091904,0,0.071424,0.011007999999999999,0.013056,,0.002048,,1.59104
4787,42.589746499433105,19072310905314,1,5.1051019690930843,4.8453,5.08416,1.9766,14555,0.001024,0.73856,,0.033024,0.089088,0.000256,0.06912,0.0076799999999999993,0.012799999999999999,,0.002304,,1.8559999999999999
4788,42.59514990079365,19072310953767,1,5.4034013301134109,4.9538,5.081088,1.8881,14555,0.001024,0.73856,,0.033024,0.089088,0.000256,0.06912,0.0076799999999999993,0.012799999999999999,,0.002304,,1.8559999999999999
4789,42.600257801870747,19072311003305,1,5.1079010590910912,4.7852,5.39136,2.0181,14555,0.001024,0.73344,,0.033535999999999996,0.087039999999999992,0,0.06784,0.0076799999999999993,0.014591999999999999,,0.002048,,1.8608639999999999
4790,42.605356101190473,19072311051157,1,5.0982991233468056,5.6129,5.080064,1.9445,14555,0.001024,0.730112,,0.033024,0.083712,0,0.065792,0.007424,0.014591999999999999,,0.002304,,2.106368
4791,42.610583701814058,19072311107286,1,5.2276006899774075,5.134,5.083904,2.4805,14555,0.001024,0.741632,,0.032768,0.084224,0,0.06656,0.0076799999999999993,0.012032,,0.002304,,2.0938239999999997
4792,42.615630796485256,19072311158626,1,5.0470945425331593,4.9153,5.030912,2.0096,14555,0.001024,0.72959999999999992,,0.032768,0.084224,0,0.065536,0.007424,0.013824,,0.002304,,1.8373119999999998
4793,42.620639200680273,19072311207779,1,5.0084041431546211,5.1771,5.03296,2.307,14750,0.001024,0.734464,,0.032768,0.086528,0,0.06784,0.0076799999999999993,0.013056,,0.002048,,1.8270719999999998
4794,42.625499999999995,19072311259550,1,4.8607992939651012,5.2533,4.986368,1.8464,14555,0.001024,0.738304,,0.03712,0.091136,0,0.07168,0.007424,0.011776,,0.002304,,1.8508799999999999
4795,42.631149900793652,19072311312083,1,5.649900995194912,5.0051,4.841216,1.8498,14555,0.0012799999999999999,0.73804799999999993,,0.033024,0.09472,0,0.07424,0.007424,0.013056,,0.0025599999999999998,,1.589504
4796,42.6361294005102,19072311362134,1,4.9794996157288551,4.9139,5.628416,1.8655,14555,0.001024,0.742912,,0.036095999999999996,0.089088,0.000256,0.069632,0.007424,0.013056,,0.002304,,1.7656319999999999
4797,42.641015901360539,19072311411273,1,4.8865010030567646,4.9976,4.705792,1.8059,14555,0.001024,0.736768,,0.033791999999999996,0.092416,0.000256,0.072703999999999991,0.007424,0.012288,,0.002304,,1.5872
4798,42.646039002267571,19072311461249,1,5.0231008790433407,5.513,4.852736,1.7887,14555,0.001024,0.739072,,0.305152,0.094975999999999991,0,0.068864,0.0076799999999999993,0.014591999999999999,,0.002304,,1.6084479999999999
4799,42.651261600056685,19072311516379,1,5.2225976251065731,5.0158,5.014528,1.9047,14555,0.001024,0.730112,,0.038911999999999995,0.087039999999999992,0.000256,0.067071999999999993,0.007424,0.012799999999999999,,0.002304,,1.602048
4800,42.6563375,19072311566537,1,5.0758998841047287,4.7946,5.193984,2.0837,14555,0.001024,0.73471999999999993,,0.03328,0.088832,0,0.07039999999999999,0.007424,0.015104,,0.002048,,1.8457599999999998
4801,42.66155579648526,19072311614483,1,5.2182963117957115,5.422,5.057792,1.9208,14555,0.001024,0.73471999999999993,,0.03328,0.088832,0,0.07039999999999999,0.007424,0.015104,,0.002048,,1.8457599999999998
4802,42.666509502551015,19072311668703,1,4.9537061713635921,5.2825,4.975104,2.1114,14757,0.001024,0.736256,,0.03328,0.091392,0.000256,0.072191999999999992,0.007936,0.014591999999999999,,0.002304,,1.833728
4803,42.671277898242629,19072311721528,1,4.76839579641819,5.6667,4.993024,2.6082,14555,0.001024,0.736256,,0.033024,0.086784,0,0.068352,0.007424,0.013568,,0.002304,,1.851136
4804,42.67609820011338,19072311778195,1,4.8203016631305218,4.6576,4.741376,2.0893,14555,0.001024,0.737024,,0.033024,0.087039999999999992,0,0.068352,0.007424,0.011007999999999999,,0.002304,,1.829376
4805,42.681355598072564,19072311824771,1,5.2573978900909424,4.6822,4.79232,1.8568,14555,0.001024,0.72883199999999992,,0.032512,0.08448,0,0.066304,0.003328,0.012288,,0.002048,,1.589504
4806,42.686136798469384,19072311871593,1,4.7812005504965782,4.5513,5.237248,2.0972,14555,0.001024,0.73727999999999994,,0.03328,0.086784,0,0.068608,0.007424,0.015616,,0.002304,,1.7535999999999998
4807,42.691349596088436,19072311917106,1,5.2127977833151817,4.9615,4.76416,1.8282,14555,0.001024,0.741632,,0.03456,0.084224,0,0.06656,0.007424,0.014591999999999999,,0.002304,,1.588992
4808,42.696447902494327,19072311966721,1,5.0983065739274025,5.301,5.192704,1.862,14555,0.001024,0.740096,,0.033024,0.08576,0.000256,0.067583999999999991,0.005888,0.012288,,0.002304,,1.602304
4809,42.701514200680272,19072312019731,1,5.06629841402173,4.6343,5.073664,2.0159,14555,0.001024,0.740096,,0.033024,0.08576,0.000256,0.067583999999999991,0.005888,0.012288,,0.002304,,1.602304
4810,42.706464101473919,19072312066074,1,4.9499007873237133,5.3382,5.004032,1.8236,14555,0.0012799999999999999,0.731904,,0.038911999999999995,0.083712,0.000256,0.065024,0.003072,0.012544,,0.002304,,1.6033279999999999
4811,42.711776098356005,19072312119456,1,5.3119966760277748,5.1656,4.97024,2.211,14555,0.0012799999999999999,0.742912,,0.033535999999999996,0.09036799999999999,0.000256,0.071168,0.0076799999999999993,0.013824,,0.002048,,1.958912
4812,42.716865001417233,19072312171112,1,5.08890300989151,5.2436,5.296128,2.1989,14555,0.0012799999999999999,0.742912,,0.033535999999999996,0.09036799999999999,0.000256,0.071168,0.0076799999999999993,0.013824,,0.002048,,1.958912
4813,42.721857100340131,19072312223548,1,4.9920990131795406,5.005,5.070592,1.9392,14555,0.0012799999999999999,0.740864,,0.03328,0.08576,0.000256,0.06784,0.0076799999999999993,0.013824,,0.002304,,2.08256
4814,42.72696459750567,19072312273598,1,5.1074973307549953,5.2605,4.96896,2.1317,14607,0.001024,0.730112,,0.033024,0.09088,0.000256,0.070656,0.009472,0.011776,,0.002304,,1.828352
4815,42.732133000283447,19072312326203,1,5.1684025675058365,5.0498,5.090816,2.2602,14555,0.001024,0.739584,,0.03328,0.089088,0,0.069632,0.007936,0.012799999999999999,,0.002304,,1.833216
4816,42.737208801020408,19072312376701,1,5.0758006982505322,4.8655,5.158656,2.0983,14555,0.001024,0.72550399999999993,,0.033024,0.083968,0,0.065536,0.011519999999999999,0.012288,,0.002304,,1.9896319999999998
4817,42.742272200963718,19072312425356,1,5.0634001381695271,5.0532,5.046784,2.1681,14555,0.001024,0.739328,,0.034048,0.083456,0,0.065792,0.003072,0.016384,,0.002304,,1.776384
4818,42.74738059807256,19072312475888,1,5.1083969883620739,5.2148,4.809472,1.7957,51543,0.001024,0.730368,,0.033024,0.092416,0,0.07296,0.003072,0.012032,,0.002304,,1.5915519999999999
4819,42.752542198129248,19072312528036,1,5.161600187420845,5.1793,5.0752,1.9771,14555,0.001024,0.74060799999999993,,0.0384,0.087039999999999992,0,0.068096,0.0076799999999999993,0.015104,,0.002304,,1.58848
4820,42.757660196995467,19072312579829,1,5.1179989241063595,5.1801,5.142016,0.5287,14555,0.001024,0.732672,,0.035584,0.091648,0.000256,0.071936,0.006912,0.013312,,0.002304,,1.6048639999999998
4821,42.763972696995467,19072312631630,1,6.3125002197921276,5.8683,0.034048,2.0806,14555,0.001024,0.73548799999999992,,0.032768,0.330752,0.000256,0.31232,0.0076799999999999993,0.012544,,0.002304,,1.5872
4822,42.768825,19072312690313,1,4.8523028381168842,4.3726,5.996544,1.9682,14757,0.001024,0.74060799999999993,,0.033024,0.088832,0,0.068608,0.003328,0.013312,,0.002304,,2.736128
4823,42.774022300170067,19072312734039,1,5.1973001100122929,4.7959,4.826624,1.7428,14750,0.001024,0.73548799999999992,,0.032768,0.08524799999999999,0,0.065792,0.0076799999999999993,0.011519999999999999,,0.002304,,1.602816
4824,42.779270996315191,19072312781998,1,5.2486960776150227,6.3542,5.01248,1.7879,14555,0.001024,0.741632,,0.035072,0.09036799999999999,0.000256,0.070656,0.007424,0.012288,,0.0025599999999999998,,1.606144
4825,42.784324100056686,19072312845540,1,5.0531039014458656,4.8486,5.159424,1.9509,14555,0.001024,0.737024,,0.032512,0.402176,0.000256,0.384256,0.007168,0.013312,,0.0025599999999999998,,1.6081919999999998
4826,42.789335501700677,19072312894026,1,5.011401604861021,5.2661,5.093632,2.2478,14555,0.001024,0.73344,,0.032768,0.084992,0,0.066816,0.007424,0.011776,,0.002304,,1.834496
4827,42.7945047973356,19072312946687,1,5.1692957058548927,5.638,4.988416,2.0112,14555,0.001024,0.738304,,0.03328,0.086016,0,0.066816,0.003072,0.013312,,0.002304,,2.097664
4828,42.799737996031745,19072313003067,1,5.2331988699734211,4.5948,5.142528,1.7346,14555,0.001024,0.738304,,0.03328,0.086016,0,0.066816,0.003072,0.013312,,0.002304,,2.097664
4829,42.804806101190472,19072313049015,1,5.0681051798164845,4.8841,5.21728,1.8062,14555,0.001024,0.739072,,0.033791999999999996,0.087296,0,0.06784,0.0048639999999999994,0.013824,,0.002048,,2.094592
4830,42.809640596655328,19072313097856,1,4.834495484828949,5.1903,5.03552,2.0819,14555,0.001024,0.722688,,0.032768,0.0896,0,0.07039999999999999,0.005632,0.011007999999999999,,0.002304,,1.863424
4831,42.8156125,19072313149759,1,5.9719034470617771,5.6024,4.822016,2.0733,14555,0.001024,0.728576,,0.033024,0.092159999999999992,0,0.072191999999999992,0.0076799999999999993,0.014336,,0.002304,,1.5864319999999998
4832,42.820758496315193,19072313205783,1,5.14599634334445,5.1655,5.94048,2.9121,14555,0.0012799999999999999,0.730368,,0.0384,0.09472,0.000256,0.065024,0.00896,0.011264,,0.0025599999999999998,,1.853696
4833,42.82559810090703,19072313257438,1,4.8396047204732895,4.5452,5.13024,1.9765,14555,0.001024,0.734208,,0.038655999999999996,0.08832,0,0.06912,0.0076799999999999993,0.012799999999999999,,0.0025599999999999998,,2.0707839999999997
4834,42.830780102040812,19072313302890,1,5.1820012740790844,6.5285,4.8,2.4578,14555,0.001024,0.737536,,0.032768,0.084992,0,0.06656,0.0076799999999999993,0.012288,,0.002304,,1.587712
4835,42.835626296768709,19072313368175,1,4.8461947590112686,4.4273,5.169664,1.8917,14555,0.001024,0.72883199999999992,,0.178944,0.091648,0,0.07296,0.003072,0.014848,,0.002304,,1.605632
4836,42.840730300453515,19072313412448,1,5.1040034741163254,4.7809,4.82176,1.8073,14555,0.001024,0.733184,,0.038655999999999996,0.087039999999999992,0,0.067071999999999993,0.007168,0.014079999999999999,,0.002304,,1.606912
4837,42.845650899943308,19072313460257,1,4.9205995164811611,5.2185,5.091328,2.3105,14555,0.001024,0.73292799999999991,,0.038655999999999996,0.08448,0,0.066048,0.007936,0.013824,,0.002304,,1.7418239999999998
4838,42.850703996598639,19072313512442,1,5.0530964508652687,5.1826,4.897024,1.7004,14555,0.001024,0.74060799999999993,,0.0384,0.090112,0,0.069887999999999992,0.007424,0.012288,,0.002304,,1.5900159999999999
4839,42.85581600056689,19072313564268,1,5.11200400069356,5.2415,5.030144,2.0936,14555,0.001024,0.737536,,0.03328,0.08576,0.000256,0.068096,0.007424,0.011776,,0.002304,,1.86496
4840,42.86105209750567,19072313616683,1,5.2360971458256245,4.5087,5.092352,1.886,14555,0.001024,0.73215999999999992,,0.03328,0.08832,0,0.069887999999999992,0.003328,0.015359999999999999,,0.002304,,1.852928
4841,42.866118700396825,19072313661770,1,5.06660295650363,5.2658,5.216,1.8181,14757,0.001024,0.73395199999999994,,0.032768,0.084735999999999992,0,0.06656,0.007936,0.010239999999999999,,0.002304,,2.0743679999999998
4842,42.87111500141723,19072313714428,1,4.9963011406362057,5.1167,5.044224,1.8313,14555,0.001024,0.729344,,0.032512,0.083712,0,0.065536,0.0076799999999999993,0.014079999999999999,,0.002048,,1.862144
4843,42.876248497732426,19072313765595,1,5.133496131747961,4.8849,4.97664,1.9956,14555,0.001024,0.73804799999999993,,0.033024,0.094463999999999992,0,0.075264,0.010752,0.012288,,0.002048,,2.020096
4844,42.881214399092968,19072313814444,1,4.9659013748168945,5.2008,4.826368,2.3215,14555,0.001024,0.72704,,0.03328,0.09088,0,0.070912,0.003072,0.012799999999999999,,0.0025599999999999998,,1.590784
4845,42.886351998299318,19072313866452,1,5.1375990733504295,5.4572,4.935936,1.8339,14555,0.0048639999999999994,0.73471999999999993,,0.040448,0.086016,0,0.067071999999999993,0.003072,0.013056,,0.002304,,1.586944
4846,42.891205697278913,19072313921024,1,4.8536988906562328,4.8942,5.126656,1.7802,14555,0.001024,0.737024,,0.038655999999999996,0.09036799999999999,0,0.070144,0.007424,0.013312,,0.002304,,1.605376
4847,42.895816900510205,19072313969966,1,4.6112034469842911,4.6832,4.823296,1.7744,14555,0.0012799999999999999,0.73344,,0.038655999999999996,0.0896,0,0.069632,0.0076799999999999993,0.013824,,0.002048,,1.6063999999999998
4848,42.90038470096372,19072314016798,1,4.5678005553781986,5.0707,4.595968,1.9456,14555,0.001024,0.73983999999999994,,0.032768,0.0896,0,0.070912,0.007424,0.012032,,0.002304,,1.587712
4849,42.90498259637188,19072314067505,1,4.5978953130543232,4.911,4.54784,1.8064,14555,0.001024,0.73139199999999993,,0.033024,0.089343999999999993,0.000256,0.069376,0.0076799999999999993,0.012032,,0.002048,,1.5866879999999999
4850,42.909742899659861,19072314116615,1,4.7603030689060688,4.6003,4.57472,1.7407,20997,0.001024,0.741888,,0.033024,0.088576,0,0.068352,0.007424,0.012799999999999999,,0.002304,,1.587456
4851,42.9147672973356,19072314162618,1,5.0243977457284927,4.7354,4.736,2.0714,14555,0.001024,0.729088,,0.033024,0.089343999999999993,0,0.070656,0.003072,0.013568,,0.0025599999999999998,,1.5882239999999999
4852,42.920204499716554,19072314209972,1,5.4372022859752178,5.1371,4.994816,1.7538,14555,0.001024,0.72832,,0.033024,0.092928,0,0.07296,0.00896,0.012032,,0.002304,,1.7738239999999998
4853,42.924782801870748,19072314261343,1,4.5783021487295628,4.0775,5.421824,1.7342,14750,0.0012799999999999999,0.732672,,0.033024,0.090112,0,0.070912,0.0076799999999999993,0.013824,,0.002304,,1.5866879999999999
4854,42.929340596655329,19072314302118,1,4.5577948912978172,4.9654,4.551168,1.7936,14607,0.0012799999999999999,0.732672,,0.033024,0.090112,0,0.070912,0.0076799999999999993,0.013824,,0.002304,,1.5866879999999999
4855,42.934153599773239,19072314351772,1,4.81300288811326,5.5897,4.549632,1.6609,14555,0.0012799999999999999,0.727552,,0.033024,0.084992,0,0.066816,0.0076799999999999993,0.013312,,0.002304,,1.58848
4856,42.938744897959182,19072314407669,1,4.5912982895970345,4.8637,4.783872,1.7677,14555,0.001024,0.73344,,0.033024,0.089088,0.000256,0.070656,0.0076799999999999993,0.013568,,0.002048,,1.5879679999999998
4857,42.943346102607705,19072314456306,1,4.6012047678232193,4.0986,4.570112,1.7803,14555,0.001024,0.73344,,0.033024,0.089088,0.000256,0.070656,0.0076799999999999993,0.013568,,0.002048,,1.5879679999999998
4858,42.947930796485259,19072314497292,1,4.5846938155591488,4.895,4.580608,2.011,14555,0.001024,0.725248,,0.032768,0.087808,0.000256,0.068608,0.007424,0.013312,,0.002304,,1.59104
4859,42.952732397959181,19072314546242,1,4.8016016371548176,4.6168,4.56448,1.7242,14555,0.001024,0.725248,,0.032768,0.087808,0.000256,0.068608,0.007424,0.013312,,0.002304,,1.59104
4860,42.957524900793651,19072314592410,1,4.7925026156008244,4.6034,4.781568,1.7814,14555,0.001024,0.74112,,0.033024,0.087039999999999992,0.000256,0.067328,0.007424,0.012544,,0.002304,,1.60384
4861,42.962072399376417,19072314638444,1,4.5474986545741558,4.5339,4.765184,1.7714,14555,0.001024,0.73983999999999994,,0.033024,0.089088,0.000256,0.068864,0.011519999999999999,0.012032,,0.002304,,1.5882239999999999
4862,42.966856101190473,19072314683783,1,4.7837016172707081,4.725,4.54016,1.9609,14757,0.001024,0.736256,,0.033024,0.086528,0.000256,0.06784,0.003072,0.010752,,0.002304,,1.586176
4863,42.971427699829931,19072314731033,1,4.5715984888374805,5.2449,4.75776,1.7648,14555,0.001024,0.739584,,0.038911999999999995,0.08806399999999999,0.000256,0.069887999999999992,0.0076799999999999993,0.012032,,0.002048,,1.61024
4864,42.976000800736962,19072314783482,1,4.5731007121503353,4.2193,4.552448,1.7465,14555,0.001024,0.736256,,0.03328,0.091136,0,0.07168,0.007424,0.011519999999999999,,0.002048,,1.5900159999999999
4865,42.980606802721084,19072314825675,1,4.6060020104050636,4.6176,4.545792,1.7435,14555,0.001024,0.736256,,0.03328,0.091136,0,0.07168,0.007424,0.011519999999999999,,0.002048,,1.5900159999999999
4866,42.985185997732422,19072314871851,1,4.5791948214173317,4.6496,4.582912,1.7496,14555,0.001024,0.73548799999999992,,0.03328,0.089088,0,0.070144,0.0076799999999999993,0.014336,,0.002048,,1.587712
4867,42.989795401077096,19072314918347,1,4.6094032004475594,4.7264,4.5632,1.7033,14555,0.001024,0.733184,,0.033024,0.088576,0,0.068096,0.0076799999999999993,0.012032,,0.002304,,1.5912959999999998
4868,42.994402501417234,19072314965611,1,4.6071005053818226,4.531,4.58496,1.9459,14555,0.001024,0.740096,,0.033024,0.08806399999999999,0,0.069632,0.0076799999999999993,0.012288,,0.002304,,1.58848
4869,42.999034098639456,19072315010921,1,4.6315970830619335,4.5448,4.586496,1.7086,51543,0.001024,0.736256,,0.032768,0.088832,0.000256,0.069887999999999992,0.0076799999999999993,0.014079999999999999,,0.002048,,1.590784
4870,43.003600899943308,19072315056369,1,4.5668012462556362,4.5464,4.603136,1.7487,14555,0.001024,0.7424,,0.03328,0.092159999999999992,0,0.07168,0.007424,0.013824,,0.002304,,1.603584
4871,43.008709601757367,19072315101833,1,5.1087019965052605,4.5257,4.539648,0.5642,14555,0.001024,0.72473599999999994,,0.032768,0.090624,0,0.070144,0.007424,0.013824,,0.0025599999999999998,,1.602816
4872,43.0133042020975,19072315147090,1,4.5946002937853336,5.786,0.055296,2.1786,14555,0.0048639999999999994,0.72806399999999993,,0.033024,0.092416,0,0.072448,0.007424,0.012288,,0.002304,,1.7589759999999999
4873,43.017869501133788,19072315204950,1,4.5652990229427814,3.9773,4.57984,1.8552,14555,0.001024,0.740352,,0.03328,0.091392,0.000256,0.07168,0.007424,0.015616,,0.002048,,1.589504
4874,43.022347200963715,19072315244723,1,4.4776997528970242,4.5987,4.536576,1.7957,14555,0.001024,0.740352,,0.03328,0.091392,0.000256,0.07168,0.007424,0.015616,,0.002048,,1.589504
4875,43.026919997165528,19072315290710,1,4.5727961696684361,4.7773,4.461568,1.7507,14555,0.001024,0.741632,,0.033024,0.081408,0,0.063232,0.007424,0.011519999999999999,,0.002304,,1.589504
4876,43.03148349631519,19072315338483,1,4.563499242067337,4.634,4.54912,1.7275,14555,0.001024,0.741632,,0.033024,0.081408,0,0.063232,0.007424,0.011519999999999999,,0.002304,,1.589504
4877,43.036054301303857,19072315384823,1,4.5708050020039082,4.3063,4.53632,1.651,14555,0.001024,0.72627199999999992,,0.032768,0.083712,0,0.065536,0.0076799999999999993,0.012544,,0.002304,,1.605632
4878,43.040654896541952,19072315427886,1,4.6005952171981335,4.4329,4.547328,1.8183,14555,0.001024,0.733696,,0.032768,0.082431999999999991,0,0.064512,0.0076799999999999993,0.012288,,0.002048,,1.5882239999999999
4879,43.045220500283442,19072315472215,1,4.5656035654246807,4.6151,4.583168,1.8076,14555,0.001024,0.73881599999999992,,0.032768,0.08524799999999999,0,0.067328,0.0076799999999999993,0.013568,,0.002304,,1.5879679999999998
4880,43.049835402494331,19072315518366,1,4.6149021945893764,4.6136,4.545792,1.7963,14555,0.001024,0.737792,,0.033024,0.083456,0,0.065279999999999991,0.0076799999999999993,0.012799999999999999,,0.002304,,1.59104
4881,43.054383999433107,19072315564502,1,4.5485971495509148,4.6206,4.58496,1.7163,14555,0.001024,0.73471999999999993,,0.033024,0.089855999999999991,0,0.071168,0.005888,0.015359999999999999,,0.002304,,1.587712
4882,43.059125,19072315610708,1,4.7410004772245884,4.5162,4.535552,1.7597,14555,0.001024,0.72729599999999994,,0.033024,0.091904,0,0.071936,0.0076799999999999993,0.012288,,0.002048,,1.5936
4883,43.063693197278909,19072315655870,1,4.5681972987949848,4.778,4.729344,1.7834,14555,0.001024,0.737536,,0.032512,0.091392,0,0.071424,0.0076799999999999993,0.014336,,0.002304,,1.75616
4884,43.068299496882084,19072315703650,1,4.6062995679676533,4.5793,4.54144,1.7309,14757,0.0012799999999999999,0.73548799999999992,,0.033024,0.09088,0.000256,0.070912,0.007424,0.012032,,0.002304,,1.5882239999999999
4885,43.072890001417235,19072315749443,1,4.5905043371021748,4.5114,4.591616,1.7878,14555,0.001024,0.736256,,0.033024,0.091392,0,0.072448,0.007424,0.015359999999999999,,0.002304,,1.586944
4886,43.077468601190475,19072315794557,1,4.5785997062921524,4.8095,4.563712,1.6927,14750,0.001024,0.736768,,0.03328,0.089855999999999991,0,0.070912,0.0076799999999999993,0.012288,,0.002048,,1.589248
4887,43.082058297902492,19072315842652,1,4.5896968804299831,4.4216,4.5632,1.9394,14555,0.001024,0.74137599999999992,,0.033024,0.0896,0.000256,0.069632,0.007424,0.014079999999999999,,0.002304,,1.585408
4888,43.086650496031744,19072315886868,1,4.592197947204113,4.6788,4.55936,1.708,14555,0.001024,0.731136,,0.033024,0.0896,0,0.070144,0.007424,0.013824,,0.002048,,1.588736
4889,43.0912172973356,19072315933656,1,4.5668012462556362,4.599,4.575744,1.756,14555,0.001024,0.730112,,0.032768,0.091904,0.000256,0.071936,0.0076799999999999993,0.016128,,0.002048,,1.587712
4890,43.095792701247163,19072315979646,1,4.5754038728773594,4.5257,4.546304,1.7507,14555,0.0012799999999999999,0.72729599999999994,,0.033024,0.087039999999999992,0,0.06784,0.007424,0.012544,,0.002304,,1.5912959999999998
4891,43.100363102324259,19072316024903,1,4.5704012736678123,4.527,4.551168,1.7232,14555,0.001024,0.72959999999999992,,0.033024,0.088832,0,0.069887999999999992,0.0076799999999999993,0.012799999999999999,,0.002048,,1.601024
4892,43.104919997165531,19072316070173,1,4.5568947680294514,4.5384,4.544,2.2341,14555,0.001024,0.728576,,0.03328,0.090112,0,0.070656,0.0076799999999999993,0.012288,,0.002304,,1.5879679999999998
4893,43.109503096655324,19072316115557,1,4.5830993913114071,4.5927,4.541696,2.0652,14555,0.001024,0.742656,,0.03328,0.091136,0.000256,0.072448,0.007424,0.011264,,0.002304,,1.589504
4894,43.114262896825394,19072316161484,1,4.7598001547157764,5.0954,4.554496,2.1269,14555,0.001024,0.73139199999999993,,0.03328,0.092159999999999992,0.000256,0.071936,0.0076799999999999993,0.013056,,0.002304,,1.59104
4895,43.118857100340136,19072316212438,1,4.5942035503685474,4.913,4.741632,1.9603,14555,0.001024,0.735744,,0.03328,0.090112,0.000256,0.070144,0.0076799999999999993,0.010496,,0.002304,,1.587456
4896,43.123382001133784,19072316261568,1,4.5249005779623985,3.8459,4.569344,1.6332,14555,0.001024,0.737792,,0.03328,0.088832,0,0.06784,0.004608,0.013312,,0.002304,,1.605632
4897,43.127970301870747,19072316300027,1,4.5883008278906345,4.6595,4.50816,2.4646,14555,0.001024,0.74368,,0.033024,0.08448,0,0.06656,0.003328,0.012288,,0.002304,,1.589248
4898,43.13252220096372,19072316346622,1,4.5518991537392139,5.1325,4.545024,1.9945,14607,0.001024,0.74393599999999993,,0.03328,0.082176,0,0.064,0.0038399999999999997,0.011519999999999999,,0.002048,,1.586176
4899,43.137116298185937,19072316397947,1,4.5940973795950413,4.3957,4.535552,2.2127,14555,0.001024,0.730368,,0.033024,0.08294399999999999,0,0.064,0.003328,0.012288,,0.002304,,1.58848
4900,43.141675800736962,19072316441904,1,4.5595024712383747,4.6665,4.580608,1.8058,14555,0.0012799999999999999,0.74112,,0.032768,0.090112,0.000256,0.070144,0.007936,0.013312,,0.002304,,1.588736
4901,43.146440695861678,19072316488569,1,4.76489495486021,4.1892,4.534272,1.8258,14555,0.001024,0.72832,,0.032768,0.084224,0,0.065536,0.003072,0.013568,,0.002304,,1.593856
4902,43.1510044005102,19072316530461,1,4.56370459869504,4.6837,4.750592,2.0148,14555,0.001024,0.740864,,0.032768,0.082431999999999991,0,0.064256,0.0076799999999999993,0.013056,,0.002304,,1.585408
4903,43.155593898809521,19072316577298,1,4.58949850872159,5.0306,4.53632,1.8045,14555,0.001024,0.73471999999999993,,0.032768,0.081152,0.000256,0.063232,0.007424,0.012032,,0.002304,,1.587456
4904,43.160170401077096,19072316627604,1,4.5765023678541183,4.4448,4.568576,1.8909,14555,0.001024,0.739072,,0.032768,0.086528,0,0.06784,0.003328,0.015359999999999999,,0.002304,,1.5872
4905,43.164744600340136,19072316672052,1,4.5741992071270943,4.5424,4.550144,1.8485,14555,0.001024,0.731136,,0.032768,0.084735999999999992,0,0.066304,0.0076799999999999993,0.012544,,0.002048,,1.590272
4906,43.169322902494329,19072316717476,1,4.5783021487295628,4.6627,4.560128,1.7784,14757,0.0012799999999999999,0.732672,,0.033024,0.08448,0,0.065792,0.007424,0.014079999999999999,,0.002304,,1.588736
4907,43.173885501700681,19072316764103,1,4.5625991187989712,4.5868,4.54912,1.6405,14555,0.001024,0.737792,,0.032768,0.083968,0,0.066048,0.007424,0.013568,,0.002304,,1.588736
4908,43.17842969812925,19072316809971,1,4.5441966503858566,4.4879,4.538368,1.725,14555,0.001024,0.74112,,0.033024,0.08524799999999999,0,0.066816,0.007424,0.013568,,0.002304,,1.589248
4909,43.183010997732424,19072316854850,1,4.5812996104359627,4.5001,4.524032,2.079,14555,0.001024,0.737792,,0.033024,0.083456,0,0.065279999999999991,0.006144,0.014079999999999999,,0.002304,,1.588736
4910,43.187572597789114,19072316899851,1,4.5616002753376961,4.5119,4.56576,1.8758,14555,0.001024,0.74368,,0.032768,0.083456,0,0.065279999999999991,0.007424,0.014591999999999999,,0.002304,,1.589248
4911,43.192152997448979,19072316944970,1,4.5803994871675968,4.9588,4.532992,1.8618,14555,0.001024,0.736768,,0.033024,0.086272,0,0.06784,0.0084479999999999989,0.012799999999999999,,0.002304,,1.5882239999999999
4912,43.196906299603171,19072316994558,1,4.7533023171126842,4.0165,4.5632,2.0194,14555,0.001024,0.74214399999999991,,0.032768,0.084224,0,0.065792,0.0076799999999999993,0.013312,,0.002304,,1.590784
4913,43.201491900510206,19072317034723,1,4.5856009237468243,4.7275,4.723456,1.827,14555,0.001024,0.73881599999999992,,0.032768,0.08294399999999999,0.000256,0.064767999999999992,0.003072,0.015104,,0.002304,,1.590784
4914,43.205996896258505,19072317081998,1,4.5049958862364292,4.9373,4.505344,2.1027,14555,0.001024,0.73062399999999994,,0.032768,0.082688,0,0.064256,0.003328,0.011519999999999999,,0.002048,,1.5900159999999999
4915,43.210569501133783,19072317131371,1,4.5726047828793526,4.7929,4.542976,1.8026,14555,0.001024,0.726528,,0.033024,0.086784,0.000256,0.068352,0.003328,0.014591999999999999,,0.002048,,1.588736
4916,43.215101197562355,19072317179300,1,4.5316964387893677,4.5575,4.559872,2.0262,14555,0.001024,0.73548799999999992,,0.033024,0.08524799999999999,0,0.067328,0.007168,0.013056,,0.002304,,1.589248
4917,43.219664498299316,19072317224875,1,4.5633008703589439,4.1023,4.509184,1.7764,14555,0.001024,0.729344,,0.032768,0.085504,0,0.067071999999999993,0.007168,0.012032,,0.002304,,1.586176
4918,43.224379499716548,19072317265898,1,4.7150012105703354,4.454,4.54272,1.7826,14555,0.001024,0.734208,,0.033024,0.084224,0.000256,0.066304,0.007168,0.013056,,0.002304,,1.5882239999999999
4919,43.228954499716551,19072317310438,1,4.5750001445412636,4.4601,4.687104,2.005,14750,0.001024,0.736,,0.032768,0.083968,0,0.065536,0.003328,0.012799999999999999,,0.002304,,1.6066559999999999
4920,43.2335251984127,19072317355039,1,4.570698831230402,5.2871,4.556288,1.8862,14555,0.001024,0.74112,,0.032512,0.08294399999999999,0,0.064767999999999992,0.007424,0.012032,,0.002048,,1.594112
4921,43.238109098639455,19072317407910,1,4.5839003287255764,4.484,4.52736,1.9135,14555,0.001024,0.729344,,0.033024,0.081664,0.000256,0.064,0.0076799999999999993,0.012799999999999999,,0.002304,,1.588992
4922,43.242883397108841,19072317452750,1,4.7742985188961029,4.111,4.58752,1.8321,14555,0.001024,0.735744,,0.032768,0.084735999999999992,0,0.066816,0.0076799999999999993,0.012288,,0.002048,,1.58848
4923,43.247433602607707,19072317493860,1,4.5502055436372757,4.7182,4.738048,1.7179,14555,0.001024,0.736,,0.032768,0.083456,0,0.065024,0.003072,0.012799999999999999,,0.002304,,1.7623039999999999
4924,43.252007497165529,19072317541042,1,4.573894664645195,4.8051,4.536832,1.9505,51543,0.001024,0.73727999999999994,,0.032768,0.087296,0,0.068864,0.0063999999999999994,0.014079999999999999,,0.002048,,1.589504
4925,43.256661302437642,19072317589093,1,4.6538054011762142,4.3117,4.549376,2.064,14555,0.001024,0.733696,,0.032768,0.08576,0,0.067583999999999991,0.007424,0.012288,,0.002304,,1.5879679999999998
4926,43.262068898809524,19072317632210,1,5.4075964726507664,4.6162,4.54144,0.5412,14555,0.001024,0.73292799999999991,,0.032768,0.08448,0,0.06656,0.0076799999999999993,0.012799999999999999,,0.002048,,1.5997439999999998
4927,43.26668149801587,19072317678372,1,4.6125990338623524,5.7485,0.034048,1.8517,14757,0.001024,0.73881599999999992,,0.033024,0.24192,0,0.22323199999999999,0.007424,0.014591999999999999,,0.002304,,1.759488
4928,43.271250701530612,19072317735857,1,4.5692035928368568,3.6514,4.589056,1.7952,14555,0.001024,0.727552,,0.032768,0.085504,0.000256,0.067071999999999993,0.0076799999999999993,0.013824,,0.002304,,1.589504
4929,43.275732801870745,19072317772371,1,4.4821002520620823,5.6161,4.544768,2.2734,14555,0.001024,0.73215999999999992,,0.033024,0.084735999999999992,0.000256,0.066304,0.0076799999999999993,0.012799999999999999,,0.002048,,1.586944
4930,43.280307397959184,19072317828532,1,4.5745959505438805,4.3172,4.464384,1.767,14555,0.001024,0.73856,,0.033024,0.087808,0,0.068608,0.007424,0.012799999999999999,,0.002304,,1.590272
4931,43.284877097505664,19072317871704,1,4.56969952210784,4.4673,4.550656,1.8267,14555,0.0012799999999999999,0.73292799999999991,,0.033024,0.08448,0,0.066048,0.003072,0.015616,,0.002304,,1.587456
4932,43.289431200396827,19072317916377,1,4.5541026629507542,5.0353,4.539136,1.8387,14555,0.001024,0.737792,,0.032768,0.087296,0,0.068608,0.0076799999999999993,0.014591999999999999,,0.002304,,1.5912959999999998
4933,43.294004095804986,19072317966730,1,4.5728953555226326,4.0431,4.534016,1.7524,14555,0.001024,0.739328,,0.032768,0.08294399999999999,0,0.064256,0.0063999999999999994,0.012544,,0.002304,,1.588736
4934,43.298564200680268,19072318007161,1,4.5601050369441509,4.626,4.554752,1.9073,14555,0.001024,0.726528,,0.033024,0.0832,0.000256,0.064767999999999992,0.00896,0.013824,,0.002304,,1.58848
4935,43.30327110260771,19072318053421,1,4.7069019638001919,4.8486,4.525568,2.3047,14555,0.001024,0.737024,,0.033024,0.084735999999999992,0,0.06656,0.003328,0.013056,,0.002304,,1.590272
4936,43.307818098072559,19072318101907,1,4.5469952747225761,4.6376,4.704256,2.3798,14555,0.0012799999999999999,0.734464,,0.032768,0.081408,0,0.063488,0.0076799999999999993,0.010752,,0.002304,,1.5879679999999998
4937,43.312384601757365,19072318148283,1,4.5665036886930466,4.7795,4.533504,2.143,14555,0.0012799999999999999,0.734464,,0.032768,0.081408,0,0.063488,0.0076799999999999993,0.010752,,0.002304,,1.5879679999999998
4938,43.316929995748296,19072318196078,1,4.5453938655555248,4.6596,4.556032,1.7951,14555,0.0012799999999999999,0.736256,,0.032768,0.084992,0,0.066816,0.003328,0.013568,,0.002304,,1.5912959999999998
4939,43.321644897959182,19072318242674,1,4.7149020247161388,4.3711,4.526848,2.0368,14555,0.0012799999999999999,0.736256,,0.032768,0.084992,0,0.066816,0.003328,0.013568,,0.002304,,1.5912959999999998
4940,43.326048696145122,19072318286385,1,4.4037983752787113,4.5697,4.534784,1.9766,14555,0.001024,0.741632,,0.03328,0.084735999999999992,0,0.066304,0.007424,0.010752,,0.002304,,1.5872
4941,43.330604995748295,19072318332082,1,4.5562996529042721,5.341,4.539392,1.6704,14555,0.001024,0.741632,,0.03328,0.084735999999999992,0,0.066304,0.007424,0.010752,,0.002304,,1.5872
4942,43.335340100623583,19072318385492,1,4.7351047396659851,3.5589,4.526848,1.6047,14607,0.001024,0.732416,,0.032768,0.084224,0,0.06656,0.007424,0.014336,,0.002304,,1.605376
4943,43.339869699546483,19072318421081,1,4.5295991003513336,4.4336,4.707072,1.5907,14555,0.0012799999999999999,0.737024,,0.032512,0.087039999999999992,0,0.068864,0.007424,0.011264,,0.0025599999999999998,,1.588992
4944,43.34442609835601,19072318465417,1,4.5563988387584686,4.5753,4.518912,1.8676,14555,0.0012799999999999999,0.740096,,0.032768,0.080639999999999989,0,0.062208,0.007424,0.012032,,0.002304,,1.5864319999999998
4945,43.3491873015873,19072318511170,1,4.7612031921744347,4.5673,4.532736,1.9457,14555,0.001024,0.727552,,0.032768,0.08524799999999999,0,0.067328,0.0076799999999999993,0.012544,,0.002048,,1.607168
4946,43.3539670989229,19072318556843,1,4.77979751303792,5.0718,4.738816,2.4113,14555,0.001024,0.73881599999999992,,0.032768,0.084735999999999992,0,0.066048,0.003584,0.014591999999999999,,0.002048,,1.585664
4947,43.358540695861677,19072318607561,1,4.5735971070826054,4.3112,4.755456,2.2539,14555,0.001024,0.739328,,0.03328,0.092159999999999992,0,0.071424,0.010752,0.014079999999999999,,0.002048,,1.585664
4948,43.363123398526078,19072318650673,1,4.5827026478946209,4.8314,4.56704,1.8163,14555,0.001024,0.739328,,0.03328,0.092159999999999992,0,0.071424,0.010752,0.014079999999999999,,0.002048,,1.585664
4949,43.3676968962585,19072318698987,1,4.5734979212284088,4.4666,4.552704,1.8677,14757,0.001024,0.74316799999999994,,0.032768,0.08524799999999999,0,0.06656,0.003328,0.012288,,0.002304,,1.6051199999999999
4950,43.372269501133786,19072318743653,1,4.5726047828793526,4.6168,4.543744,1.5894,14555,0.001024,0.74316799999999994,,0.032768,0.08524799999999999,0,0.06656,0.003328,0.012288,,0.002304,,1.6051199999999999
4951,43.376798596938777,19072318789821,1,4.529095720499754,4.5635,4.560384,1.7385,14555,0.001024,0.73881599999999992,,0.033024,0.084992,0,0.067071999999999993,0.007424,0.014336,,0.002048,,1.6081919999999998
4952,43.381530300453512,19072318835456,1,4.7317035496234894,4.5478,4.5056,1.9498,14750,0.001024,0.732416,,0.032768,0.08576,0,0.067071999999999993,0.011264,0.012799999999999999,,0.002304,,1.5872
4953,43.386106597222224,19072318880934,1,4.5762965455651283,4.5926,4.718336,1.8179,14555,0.001024,0.726784,,0.032512,0.083712,0,0.065536,0.003328,0.012544,,0.002304,,1.747456
4954,43.390661500850335,19072318926860,1,4.5549036003649235,4.6069,4.561408,1.7778,14555,0.001024,0.74214399999999991,,0.032768,0.086016,0,0.067328,0.0076799999999999993,0.012799999999999999,,0.002048,,1.5872
4955,43.395442800453516,19072318972929,1,4.7812997363507748,4.7048,4.531712,2.0042,14555,0.001024,0.737792,,0.033024,0.087296,0,0.068096,0.003328,0.012032,,0.002048,,1.588736
4956,43.399935196995465,19072319019977,1,4.4923964887857437,4.5543,4.713984,2.2246,14555,0.001024,0.73292799999999991,,0.033024,0.0896,0,0.070912,0.003328,0.011776,,0.002048,,1.747968
4957,43.40443450255102,19072319065520,1,4.4993055053055286,5.0453,4.51968,1.971,14555,0.001024,0.72704,,0.033024,0.092159999999999992,0,0.073216,0.003328,0.014079999999999999,,0.002304,,1.5864319999999998
4958,43.409026799886618,19072319115973,1,4.5922971330583096,4.3245,4.483328,2.0932,14555,0.001024,0.733184,,0.032768,0.084224,0,0.066304,0.003072,0.012799999999999999,,0.0025599999999999998,,1.586944
4959,43.413577898242629,19072319159218,1,4.5510982163250446,4.4381,4.57472,2.0539,20997,0.001024,0.733184,,0.032768,0.084224,0,0.066304,0.003072,0.012799999999999999,,0.0025599999999999998,,1.586944
4960,43.418125297619049,19072319203599,1,4.5473994687199593,4.5639,4.525056,1.5744,14555,0.001024,0.729856,,0.033024,0.08448,0.000256,0.066304,0.007424,0.012032,,0.002304,,1.588992
4961,43.422705102040815,19072319249238,1,4.5798043720424175,4.6553,4.526592,1.61,14555,0.0012799999999999999,0.740096,,0.033024,0.083456,0,0.065024,0.007168,0.014079999999999999,,0.002304,,1.605888
4962,43.42746349914966,19072319295791,1,4.7583971172571182,4.3861,4.554496,1.7977,14555,0.001024,0.736768,,0.032768,0.0832,0.000256,0.065024,0.007424,0.011776,,0.002304,,1.593856
4963,43.432217998866214,19072319339652,1,4.7544995322823524,4.5992,4.739072,2.1535,14555,0.001024,0.741888,,0.033024,0.083968,0,0.065792,0.003072,0.013824,,0.002304,,1.585408
4964,43.436994097222218,19072319385644,1,4.7760982997715473,5.276,4.733184,1.9019,14555,0.001024,0.727552,,0.032768,0.081664,0,0.064,0.007424,0.012288,,0.0025599999999999998,,1.769728
4965,43.4421419005102,19072319438404,1,5.147803109139204,4.4274,4.760576,2.0653,14555,0.001024,0.735744,,0.034048,0.084992,0,0.067071999999999993,0.0097279999999999988,0.013568,,0.002048,,1.744384
4966,43.446682199546487,19072319482678,1,4.5402990654110909,4.5526,5.115904,2.0232,14555,0.0012799999999999999,0.72832,,0.032768,0.087808,0,0.069887999999999992,0.003328,0.014591999999999999,,0.002048,,1.5879679999999998
4967,43.451233397108844,19072319528204,1,4.5511974021792412,4.9641,4.520192,1.6372,14555,0.0012799999999999999,0.72832,,0.032768,0.087808,0,0.069887999999999992,0.003328,0.014591999999999999,,0.002048,,1.5879679999999998
4968,43.455745599489795,19072319577845,1,4.5122024603188038,4.8397,4.524032,1.6571,14555,0.001024,0.74214399999999991,,0.033024,0.080639999999999989,0.000256,0.061695999999999994,0.003328,0.012288,,0.002048,,1.590272
4969,43.460288201530609,19072319626242,1,4.5426022261381149,4.6277,4.500736,2.2069,14555,0.0012799999999999999,0.734976,,0.032768,0.086784,0,0.068608,0.003072,0.013824,,0.002304,,1.589504
4970,43.464858198696142,19072319672519,1,4.5699970796704292,4.6989,4.52864,1.9278,14555,0.001024,0.737536,,0.033024,0.082176,0,0.064256,0.003328,0.012799999999999999,,0.0025599999999999998,,1.5900159999999999
4971,43.46944329648526,19072319719508,1,4.5850980095565319,4.8432,4.546048,2.0378,14757,0.001024,0.741632,,0.032768,0.082176,0,0.064,0.004352,0.011519999999999999,,0.002048,,1.5900159999999999
4972,43.474189498299317,19072319767940,1,4.7462019138038158,3.9822,4.56064,2.1291,14555,0.001024,0.731648,,0.032768,0.081919999999999993,0.000256,0.063488,0.003072,0.014336,,0.002304,,1.588992
4973,43.478767396541947,19072319807762,1,4.5778984203934669,4.5746,4.7168,1.6341,14555,0.001024,0.738304,,0.032768,0.084224,0,0.066304,0.005376,0.012032,,0.002304,,1.5866879999999999
4974,43.48332220096372,19072319853508,1,4.5548044145107269,4.7477,4.529408,1.884,14555,0.001024,0.73804799999999993,,0.033024,0.08524799999999999,0,0.067071999999999993,0.007424,0.013568,,0.0025599999999999998,,1.5915519999999999
4975,43.4879047973356,19072319900985,1,4.5825964771211147,4.9098,4.573696,1.6111,14555,0.001024,0.73727999999999994,,0.032512,0.08524799999999999,0.000256,0.067071999999999993,0.007424,0.014079999999999999,,0.002304,,1.606144
4976,43.492487096088432,19072319950083,1,4.5822989195585251,4.1211,4.56192,2.1508,14555,0.001024,0.73727999999999994,,0.032768,0.08524799999999999,0.000256,0.067328,0.007168,0.012032,,0.002304,,1.587456
4977,43.497048696145121,19072319991294,1,4.5616002753376961,4.8721,4.561152,1.8068,14555,0.001024,0.74137599999999992,,0.032768,0.086272,0,0.067583999999999991,0.0076799999999999993,0.012544,,0.002048,,1.587456
4978,43.5018295989229,19072320040015,1,4.7809029929339886,4.4999,4.534784,2.4941,51543,0.001024,0.739328,,0.032768,0.08448,0.000256,0.06656,0.003328,0.015616,,0.002304,,1.589504
4979,43.506514101473918,19072320085014,1,4.684502724558115,5.0353,4.599552,1.9454,14555,0.0012799999999999999,0.73548799999999992,,0.03328,0.085504,0,0.067583999999999991,0.0076799999999999993,0.013824,,0.002304,,1.5997439999999998
4980,43.511442998866208,19072320135367,1,4.928897600620985,4.6179,4.577792,0.6056,14555,0.0012799999999999999,0.73548799999999992,,0.03328,0.085504,0,0.067583999999999991,0.0076799999999999993,0.013824,,0.002304,,1.5997439999999998
4981,43.516022498582764,19072320181546,1,4.5794998295605183,5.3584,0.034048,1.6939,14555,0.001024,0.737536,,0.032768,0.087296,0.000256,0.068608,0.003328,0.015104,,0.002304,,1.6051199999999999
4982,43.520606200396827,19072320235130,1,4.5837019570171833,3.736,4.558848,1.9755,14555,0.001024,0.730112,,0.032768,0.08576,0,0.066816,0.007424,0.013056,,0.002048,,1.589504
4983,43.525307497165528,19072320272490,1,4.7012967988848686,4.6614,4.553472,2.0751,14555,0.001024,0.735744,,0.032768,0.085504,0,0.067071999999999993,0.010496,0.013312,,0.002304,,1.588992
4984,43.529877799036278,19072320319104,1,4.5703020878136158,4.7825,4.672256,1.72,14555,0.001024,0.72627199999999992,,0.033024,0.088832,0,0.069376,0.007424,0.012799999999999999,,0.002304,,1.589248
4985,43.534467701247166,19072320366929,1,4.5899022370576859,4.3776,4.552704,2.2231,14750,0.0012799999999999999,0.73548799999999992,,0.033024,0.083712,0,0.065792,0.003072,0.013568,,0.002304,,1.5882239999999999
4986,43.539002501417229,19072320410705,1,4.5348000712692738,5.0281,4.574976,2.0485,14607,0.001024,0.735232,,0.032768,0.082431999999999991,0,0.063488,0.004608,0.012544,,0.002304,,1.590272
4987,43.543612996031747,19072320460986,1,4.6104947105050087,4.6455,4.511232,1.759,14555,0.001024,0.733696,,0.033024,0.084224,0.000256,0.066048,0.008192,0.014079999999999999,,0.002048,,1.588736
4988,43.548164101473922,19072320507441,1,4.5511056669056416,4.0972,4.587776,1.9022,14555,0.001024,0.73088,,0.033024,0.087039999999999992,0,0.068864,0.003072,0.014848,,0.002048,,1.587456
4989,43.552887096088433,19072320548413,1,4.72299475222826,5.089,4.52224,1.8164,14555,0.001024,0.729088,,0.032768,0.083968,0,0.065536,0.008192,0.013568,,0.002304,,1.591808
4990,43.557456398809521,19072320599303,1,4.5693027786910534,4.2944,4.705536,2.1288,14555,0.001024,0.73088,,0.032768,0.08806399999999999,0,0.069632,0.003328,0.012544,,0.002304,,1.782528
4991,43.562001899092969,19072320642247,1,4.5455005019903183,4.8085,4.538112,1.9898,14555,0.0012799999999999999,0.74112,,0.032512,0.084992,0,0.067071999999999993,0.007424,0.015104,,0.002304,,1.588992
4992,43.566607397959181,19072320690332,1,4.6054990962147713,4.471,4.542464,1.9987,14757,0.0012799999999999999,0.74112,,0.032512,0.084992,0,0.067071999999999993,0.007424,0.015104,,0.002304,,1.588992
4993,43.571358099489792,19072320735042,1,4.7507015988230705,4.3577,4.577536,1.8703,14555,0.001024,0.741888,,0.033024,0.086272,0,0.068096,0.007424,0.012544,,0.002304,,1.583616
4994,43.575948497732426,19072320778619,1,4.5903981663286686,4.8042,4.736512,2.3299,14555,0.001024,0.741888,,0.033024,0.086272,0,0.068096,0.007424,0.012544,,0.002304,,1.583616
4995,43.580616496598637,19072320826661,1,4.6679987572133541,4.6549,4.566272,1.6805,14555,0.001024,0.73088,,0.032768,0.084735999999999992,0.000256,0.067071999999999993,0.003328,0.012799999999999999,,0.002048,,1.5915519999999999
4996,43.58506160005669,19072320873210,1,4.4451034627854824,4.5302,4.545792,1.9146,14555,0.001024,0.737536,,0.032768,0.084992,0,0.066816,0.007424,0.014336,,0.002048,,1.586944
4997,43.58965649801587,19072320918512,1,4.5948978513479233,4.6767,4.523776,1.9563,14555,0.001024,0.73344,,0.032768,0.082176,0,0.063744,0.003328,0.013312,,0.002048,,1.5882239999999999
4998,43.59418830073696,19072320965279,1,4.5318026095628738,5.0096,4.568576,1.7575,14555,0.001024,0.739328,,0.032768,0.086016,0.000256,0.068096,0.0076799999999999993,0.014079999999999999,,0.002304,,1.5900159999999999
4999,43.598763499149655,19072321015375,1,4.5751985162496567,4.1013,4.51328,1.8442,14555,0.001024,0.728576,,0.032512,0.08576,0,0.067328,0.011007999999999999,0.013568,,0.002304,,1.586944
5000,43.603339002267575,19072321056388,1,4.5755030587315559,4.9286,4.551424,2.0158,14555,0.001024,0.734464,,0.032768,0.08524799999999999,0,0.067071999999999993,0.007424,0.012799999999999999,,0.002304,,1.589248
5001,43.607946797052151,19072321105674,1,4.6077948063611984,4.1202,4.56448,1.7765,14555,0.001024,0.72883199999999992,,0.032768,0.087039999999999992,0,0.068864,0.003072,0.015872,,0.002304,,1.58848
5002,43.612500899943306,19072321146876,1,4.5541026629507542,4.6242,4.556032,1.7038,14555,0.001024,0.740352,,0.033024,0.083968,0,0.066048,0.007424,0.012288,,0.0025599999999999998,,1.587456
5003,43.617244401927437,19072321193118,1,4.7435020096600056,4.5118,4.563712,2.1609,14555,0.0012799999999999999,0.73856,,0.03328,0.083968,0.000256,0.066304,0.003328,0.013824,,0.002304,,1.588736
5004,43.621789498299322,19072321238236,1,4.5450963079929352,4.7451,4.724992,1.8165,14555,0.0012799999999999999,0.73856,,0.038144,0.089855999999999991,0,0.070144,0.003328,0.012032,,0.002048,,1.588992
5005,43.626264597505667,19072321285687,1,4.47509903460741,4.4928,4.48896,2.341,14555,0.001024,0.741632,,0.032768,0.083712,0,0.066048,0.003328,0.013568,,0.002304,,1.586944
5006,43.630836996882081,19072321330615,1,4.57239942625165,4.7282,4.462848,2.1062,14555,0.001024,0.74214399999999991,,0.032512,0.083456,0,0.065279999999999991,0.003072,0.013312,,0.002048,,1.585664
5007,43.63536529903628,19072321377897,1,4.5283022336661816,4.8791,4.546304,2.113,14555,0.001024,0.74214399999999991,,0.032512,0.083456,0,0.065279999999999991,0.003072,0.013312,,0.002048,,1.585664
5008,43.63994370039682,19072321426688,1,4.5784013345837593,4.38,4.513536,1.7444,14555,0.001024,0.732672,,0.03328,0.090112,0,0.069376,0.0076799999999999993,0.013568,,0.002048,,1.5933439999999999
5009,43.644507001133782,19072321470488,1,4.5633008703589439,4.6742,4.555008,1.9342,14555,0.001024,0.73471999999999993,,0.032512,0.086528,0.000256,0.068352,0.007936,0.013312,,0.002048,,1.5879679999999998
5010,43.649096797052152,19072321517230,1,4.58979606628418,4.3651,4.542208,2.0114,14555,0.001024,0.72832,,0.033024,0.083712,0,0.065536,0.0076799999999999993,0.014079999999999999,,0.002048,,1.58592
5011,43.653645301870746,19072321560881,1,4.5485049486160278,4.6245,4.56448,1.7899,14555,0.001024,0.73983999999999994,,0.032256,0.084992,0,0.06656,0.003072,0.014848,,0.002304,,1.5864319999999998
5012,43.658172902494329,19072321607126,1,4.5276004821062088,4.4376,4.532992,1.8825,14555,0.001024,0.73139199999999993,,0.033024,0.083456,0,0.065792,0.003328,0.015872,,0.002304,,1.5900159999999999
5013,43.6627998015873,19072321651502,1,4.6268990263342857,4.5643,4.505856,2.2562,14555,0.001024,0.737024,,0.032768,0.083456,0,0.065536,0.003328,0.013568,,0.002048,,1.586176
5014,43.667499397675734,19072321697145,1,4.6995962038636208,4.4655,4.5376,2.04,14757,0.001024,0.74316799999999994,,0.03328,0.0832,0.000256,0.064767999999999992,0.003584,0.011264,,0.002304,,1.605888
5015,43.672050701530608,19072321741800,1,4.5513040386140347,5.4325,4.575744,2.0713,14555,0.001024,0.735744,,0.032768,0.086528,0,0.068352,0.010239999999999999,0.015616,,0.002048,,1.590784
5016,43.6766919005102,19072321796125,1,4.6411990188062191,3.9593,4.528384,1.8532,14555,0.001024,0.735744,,0.032768,0.086528,0,0.068352,0.010239999999999999,0.015616,,0.002048,,1.590784
5017,43.681200297619043,19072321835718,1,4.5083970762789249,4.4826,4.547328,1.818,14555,0.001024,0.734464,,0.032768,0.083456,0,0.065536,0.007424,0.012544,,0.002304,,1.5882239999999999
5018,43.685797902494329,19072321880544,1,4.5976047404110432,4.8359,4.553728,1.7553,14750,0.004096,0.729344,,0.03328,0.087808,0,0.069632,0.004096,0.013312,,0.002304,,1.587712
5019,43.690393501984126,19072321928903,1,4.595599602907896,4.4049,4.574208,1.8892,14555,0.001024,0.740352,,0.033024,0.08524799999999999,0,0.067071999999999993,0.003328,0.012799999999999999,,0.002048,,1.588992
5020,43.69517390164399,19072321972952,1,4.7803996130824089,4.7438,4.502784,2.6503,14555,0.001024,0.740352,,0.032768,0.086528,0.000256,0.06784,0.003072,0.013824,,0.002304,,1.5864319999999998
5021,43.699660799319723,19072322020390,1,4.4868974946439266,4.6808,4.463104,2.2151,14555,0.001024,0.740096,,0.033791999999999996,0.08806399999999999,0,0.068352,0.004608,0.011519999999999999,,0.002304,,1.5882239999999999
5022,43.704264299886617,19072322067198,1,4.6035004779696465,4.3372,4.466176,2.559,14555,0.001024,0.740096,,0.033024,0.088832,0.000256,0.068352,0.003328,0.015104,,0.002048,,1.588736
5023,43.70899469954648,19072322110570,1,4.7303996980190277,4.8152,4.572928,2.097,14555,0.001024,0.73856,,0.03328,0.081152,0.000256,0.06297599999999999,0.0038399999999999997,0.010496,,0.002304,,1.5933439999999999
5024,43.713561600056686,19072322158722,1,4.5669004321098328,4.6509,4.709888,2.3562,14555,0.0012799999999999999,0.739584,,0.032768,0.084224,0.000256,0.065792,0.007424,0.014079999999999999,,0.002304,,1.587712
5025,43.718142098922904,19072322205231,1,4.5804986730217934,4.6253,4.55808,1.8678,14555,0.001024,0.73983999999999994,,0.032512,0.082431999999999991,0,0.064512,0.007424,0.012544,,0.002304,,1.588736
5026,43.722715497448981,19072322251484,1,4.5733987353742123,4.7074,4.564224,1.8308,14555,0.001024,0.74137599999999992,,0.032512,0.086784,0,0.068864,0.007424,0.015104,,0.002304,,1.5866879999999999
5027,43.727295500283446,19072322298558,1,4.5800027437508106,4.8608,4.553728,1.9049,14555,0.001024,0.72704,,0.032768,0.086016,0,0.067583999999999991,0.003328,0.012288,,0.002048,,1.59104
5028,43.731814002267569,19072322347166,1,4.5185019262135029,4.2502,4.565504,2.0276,14555,0.0012799999999999999,0.741888,,0.033024,0.083712,0,0.065279999999999991,0.003328,0.013824,,0.002304,,1.588736
5029,43.736396499433106,19072322389668,1,4.5824972912669182,4.7706,4.490496,1.9446,14555,0.001024,0.742656,,0.033024,0.084735999999999992,0,0.066304,0.003072,0.013056,,0.002304,,1.588736
5030,43.740923100907025,19072322437374,1,4.5266016386449337,4.4973,4.562176,2.0818,14607,0.001024,0.742656,,0.033024,0.084735999999999992,0,0.066304,0.003072,0.013056,,0.002304,,1.588736
5031,43.745444501133782,19072322482347,1,4.5214002020657063,4.6673,4.508928,1.8634,14555,0.001024,0.73062399999999994,,0.032768,0.08448,0,0.066048,0.003328,0.012544,,0.002304,,1.58848
5032,43.750228798185937,19072322529020,1,4.7842971980571747,4.3538,4.50304,2.357,14555,0.001024,0.73471999999999993,,0.032768,0.08294399999999999,0,0.065024,0.007936,0.011776,,0.002304,,1.5897599999999998
5033,43.754778302154193,19072322572558,1,4.5495037920773029,4.7501,4.746496,1.8766,51543,0.001024,0.74752,,0.039424,0.084224,0,0.065279999999999991,0.007936,0.011776,,0.002304,,1.58848
5034,43.759963300736956,19072322620059,1,5.1849987357854843,4.235,4.524288,2.3105,14555,0.001024,0.742656,,0.032768,0.0832,0,0.065024,0.007424,0.012032,,0.002304,,1.589504
5035,43.76501789965986,19072322662409,1,5.0545991398394108,4.5602,5.167616,0.6771,14555,0.0012799999999999999,0.73062399999999994,,0.032768,0.082431999999999991,0,0.064256,0.003328,0.013312,,0.002304,,1.5872
5036,43.771083198696147,19072322708011,1,6.0652992688119411,5.8077,0.034816,2.0931,14757,0.0012799999999999999,0.73062399999999994,,0.032768,0.082431999999999991,0,0.064256,0.003328,0.013312,,0.002304,,1.5872
5037,43.7756549957483,19072322766088,1,4.5717968605458736,4.1704,6.04416,1.9013,14555,0.001024,0.737536,,0.032768,0.086784,0,0.068096,0.007424,0.012032,,0.002048,,1.59104
5038,43.780870996315194,19072322807792,1,5.2160006016492844,4.9638,4.551424,2.2067,14555,0.001024,0.737536,,0.032768,0.086784,0,0.068096,0.007424,0.012032,,0.002048,,1.59104
5039,43.785667396541946,19072322857430,1,4.79640020057559,5.9939,5.200128,1.9247,43628,0.001024,0.73983999999999994,,0.03328,0.092416,0,0.073728,0.007424,0.015872,,0.002304,,1.669376
5040,43.790675297619046,19072322917369,1,5.0079012289643288,4.9703,4.771584,2.0764,14555,0.001024,0.73548799999999992,,0.034816,0.086272,0,0.068096,0.003328,0.013568,,0.002048,,1.5879679999999998
5041,43.7960593962585,19072322967072,1,5.3840987384319305,5.2165,4.983296,2.6081,14555,0.001024,0.729344,,0.034048,0.088832,0.000256,0.070144,0.009216,0.015616,,0.002304,,1.588736
5042,43.801246400226752,19072323019237,1,5.1870038732886314,5.5691,4.984832,1.7954,14555,0.0012799999999999999,0.73215999999999992,,0.033024,0.084735999999999992,0,0.06656,0.007424,0.011776,,0.002304,,1.992448
5043,43.806333900226754,19072323074928,1,5.0874999724328518,4.2824,5.164032,2.1102,14555,0.0012799999999999999,0.73215999999999992,,0.033024,0.084735999999999992,0,0.06656,0.007424,0.011776,,0.002304,,1.992448
5044,43.811581299603176,19072323117752,1,5.2473992109298706,5.1532,5.069056,2.0506,14555,0.001024,0.73088,,0.03328,0.08524799999999999,0,0.067583999999999991,0.003328,0.013312,,0.002304,,1.8257919999999999
5045,43.816769196428567,19072323169284,1,5.1878970116376877,5.3793,5.21856,2.1991,14555,0.001024,0.73292799999999991,,0.03328,0.083712,0,0.065792,0.003328,0.013824,,0.002048,,1.878528
5046,43.82180309665533,19072323223077,1,5.0339000299572945,4.869,5.171456,2.2156,14555,0.001024,0.73856,,0.033535999999999996,0.08448,0,0.066816,0.003584,0.015359999999999999,,0.002048,,2.061824
5047,43.8269045989229,19072323271767,1,5.1015024073421955,5.2858,5.009408,2.5538,14555,0.000768,0.74060799999999993,,0.034048,0.084992,0,0.067071999999999993,0.0038399999999999997,0.013568,,0.002304,,1.8475519999999999
5048,43.831645301870743,19072323324625,1,4.7407029196619987,5.2322,5.084672,2.1644,14555,0.001024,0.738304,,0.032768,0.082176,0.000256,0.064256,0.007424,0.012288,,0.002304,,1.842944
5049,43.836415497448975,19072323376947,1,4.7701955772936344,5.0125,4.721408,2.6219,14750,0.001024,0.731136,,0.033535999999999996,0.090112,0,0.07039999999999999,0.003072,0.013312,,0.002304,,1.590272
5050,43.842671598639456,19072323427072,1,6.2561011873185635,5.1062,4.719616,2.8534,14555,0.0012799999999999999,0.743424,,0.037376,0.087808,0,0.068864,0.0084479999999999989,0.012288,,0.002304,,1.5897599999999998
5051,43.847216099773242,19072323478134,1,4.5445011928677559,5.2657,5.731328,1.9904,14555,0.001024,0.749568,,0.040448,0.085504,0,0.066048,0.004352,0.009984,,0.003584,,1.85984
5052,43.852240001417229,19072323530791,1,5.02390181645751,4.4384,4.524544,2.4436,14555,0.001024,0.738304,,0.032512,0.082431999999999991,0,0.064,0.003328,0.013568,,0.002304,,1.589248
5053,43.857556299603175,19072323575175,1,5.3162979893386364,6.0219,5.011712,1.8406,14555,0.001024,0.74316799999999994,,0.033024,0.083456,0,0.064767999999999992,0.003328,0.011776,,0.0025599999999999998,,1.6015359999999998
5054,43.862530102040814,19072323635394,1,4.9738022498786449,4.261,5.279232,1.7786,14555,0.001024,0.737024,,0.032768,0.08294399999999999,0.000512,0.065024,0.011519999999999999,0.015359999999999999,,0.252928,,1.7728
5055,43.867804301303856,19072323678004,1,5.2741994149982929,5.2123,4.96512,2.2189,14902,0.001024,0.73139199999999993,,0.032768,0.08576,0,0.068096,0.007424,0.013824,,0.002304,,1.746432
5056,43.8726547973356,19072323730127,1,4.85049607232213,5.4792,5.252864,2.0938,14555,0.001024,0.730368,,0.032768,0.08524799999999999,0,0.066816,0.003328,0.011776,,0.002304,,2.0139519999999997
5057,43.877901899092969,19072323784919,1,5.247101653367281,5.2579,4.825856,2.5178,14555,0.001024,0.732416,,0.033024,0.084735999999999992,0,0.06656,0.007424,0.016384,,0.002304,,1.5897599999999998
5058,43.883030697278912,19072323837498,1,5.1287980750203133,4.6703,5.229568,2.0714,14555,0.001024,0.74214399999999991,,0.033024,0.082688,0.000256,0.064256,0.007424,0.013056,,0.002304,,2.106368
5059,43.888114498299316,19072323884201,1,5.0838012248277664,5.2749,5.072128,2.2287,14555,0.001024,0.737792,,0.033024,0.0832,0.000256,0.065024,0.0076799999999999993,0.010752,,0.002304,,2.0907519999999997
5060,43.893163399943312,19072323936950,1,5.0489017739892006,5.0647,5.0752,1.9662,14555,0.001024,0.73881599999999992,,0.03328,0.092416,0,0.072191999999999992,0.010239999999999999,0.014079999999999999,,0.002304,,1.847808
5061,43.898221896258505,19072323987597,1,5.0584962591528893,5.5608,4.78976,1.988,14555,0.001024,0.73215999999999992,,0.033535999999999996,0.08294399999999999,0.000256,0.064767999999999992,0.007168,0.012032,,0.002304,,1.587712
5062,43.903206901927433,19072324043205,1,4.9850055947899818,4.5147,5.030912,2.5173,14555,0.001024,0.736768,,0.19584,0.08832,0.000256,0.069376,0.007424,0.012544,,0.002304,,1.763328
5063,43.908653096655328,19072324088352,1,5.4461946710944176,5.3594,4.958976,1.9603,14555,0.001024,0.72729599999999994,,0.032768,0.087296,0,0.068608,0.007424,0.011776,,0.002304,,1.585408
5064,43.913633701814057,19072324141946,1,4.9806050956249237,4.7731,5.409792,1.8898,14555,0.001024,0.731136,,0.03456,0.084992,0,0.067071999999999993,0.0076799999999999993,0.012032,,0.002048,,1.587712
5065,43.9187,19072324189677,1,5.06629841402173,5.5811,4.965376,1.6803,20997,0.001024,0.733696,,0.034048,0.08448,0.000256,0.066304,0.0063999999999999994,0.012799999999999999,,0.002048,,1.6048639999999998
5066,43.923479995748295,19072324245488,1,4.7799958847463131,4.6964,5.05216,1.7571,14555,0.001024,0.73651199999999994,,0.033024,0.087808,0,0.069376,0.007424,0.015104,,0.002304,,1.602048
5067,43.928569302721087,19072324292452,1,5.0893072038888931,5.0477,4.743168,1.9549,14555,0.001024,0.73395199999999994,,0.03456,0.083712,0,0.065279999999999991,0.007168,0.012799999999999999,,0.002304,,1.611264
5068,43.933816298185938,19072324342929,1,5.2469954825937748,5.994,5.082112,1.8282,14555,0.0012799999999999999,0.74112,,0.033535999999999996,0.082431999999999991,0,0.064512,0.007936,0.011776,,0.0025599999999999998,,1.864704
5069,43.938921697845807,19072324402869,1,5.105399526655674,3.6786,5.215744,1.8594,14555,0.001024,0.74137599999999992,,0.03328,0.084735999999999992,0,0.066816,0.0076799999999999993,0.013568,,0.0025599999999999998,,1.835008
5070,43.94417660147392,19072324439655,1,5.2549038082361221,5.0763,5.085952,1.9627,16021,0.001024,0.734976,,0.03328,0.091904,0.000256,0.07168,0.011776,0.012799999999999999,,0.002304,,2.08512
5071,43.949195897108844,19072324490418,1,5.0192954950034618,6.0182,5.221376,1.9,15487,0.0012799999999999999,0.733184,,0.033024,0.08448,0.000256,0.066304,0.007424,0.014336,,0.002048,,1.851392
5072,43.955053798185936,19072324550600,1,5.857901182025671,4.4582,5.007104,2.5247,14555,0.001024,0.73548799999999992,,0.034304,0.08448,0,0.06656,0.007424,0.012288,,0.002304,,1.586944
5073,43.960183397108842,19072324595182,1,5.1295990124344826,5.4096,5.829376,2.4779,14555,0.001024,0.735232,,0.03456,0.08576,0,0.067328,0.003328,0.013056,,0.002304,,1.8626559999999999
5074,43.965151998299319,19072324649278,1,4.9686012789607048,5.1381,5.10336,3.1473,14555,0.001024,0.73881599999999992,,0.032768,0.086784,0,0.068608,0.0076799999999999993,0.015872,,0.002304,,2.0526079999999998
5075,43.970203698979589,19072324700659,1,5.0517008639872074,5.6152,4.952064,1.9408,14757,0.0025599999999999998,0.739072,,0.042496,0.090624,0,0.07039999999999999,0.012288,0.010239999999999999,,0.002304,,1.587456
5076,43.975062797619046,19072324756811,1,4.8590986989438534,5.1823,5.04192,1.9792,14555,0.001024,0.729088,,0.035328,0.081408,0,0.063488,0.003072,0.012544,,0.002304,,1.5879679999999998
5077,43.9798920989229,19072324808634,1,4.8293014988303185,4.7869,4.599552,1.7746,14555,0.001024,0.740352,,0.033024,0.090112,0,0.071424,0.007168,0.015104,,0.002048,,1.58592
5078,43.984884601757365,19072324856503,1,4.9925027415156364,5.0482,4.815872,1.8448,14555,0.001024,0.731904,,0.282624,0.083456,0,0.064256,0.0076799999999999993,0.012288,,0.002304,,1.590272
5079,43.9900202026644,19072324906985,1,5.135600920766592,5.4555,4.935424,1.9113,14750,0.001024,0.74060799999999993,,0.039168,0.081919999999999993,0,0.064256,0.010752,0.014336,,0.002048,,1.60768
5080,43.995080498866209,19072324961540,1,5.0602960400283337,4.1597,5.153792,1.9411,14555,0.172544,0.73804799999999993,,0.032768,0.084992,0.000256,0.066816,0.007424,0.011519999999999999,,0.002304,,1.603584
5081,44.000140497448974,19072325003137,1,5.059998482465744,5.3784,5.040384,1.9797,14555,0.001024,0.73062399999999994,,0.033535999999999996,0.094208,0,0.073472,0.0076799999999999993,0.013312,,0.002304,,1.862912
5082,44.005374900793647,19072325056921,1,5.2344035357236862,5.4779,5.031168,2.3661,51543,0.001024,0.73292799999999991,,0.03328,0.086784,0.000256,0.068608,0.0076799999999999993,0.014079999999999999,,0.002048,,2.077696
5083,44.010389101473919,19072325111700,1,5.0142006948590279,5.1809,5.053696,2.3663,14555,0.001024,0.74214399999999991,,0.032768,0.086528,0,0.067583999999999991,0.003328,0.011519999999999999,,0.002304,,1.833472
5084,44.015903996598638,19072325163509,1,5.51489507779479,5.0102,4.997888,0.7474,14555,0.001024,0.73062399999999994,,0.032768,0.089088,0,0.071168,0.011776,0.015104,,0.002304,,1.839872
5085,44.021434899376416,19072325213611,1,5.5309026502072811,5.9101,0.05376,1.9009,14555,0.001024,0.724992,,0.03328,0.087039999999999992,0,0.068352,0.007168,0.013568,,0.002304,,1.8608639999999999
5086,44.026577402210883,19072325272712,1,5.1425029523670673,3.713,5.51552,2.2658,14555,0.001024,0.740096,,0.038911999999999995,0.086016,0,0.066304,0.0076799999999999993,0.161792,,0.0025599999999999998,,1.8321919999999998
5087,44.031385196995465,19072325309842,1,4.8077949322760105,5.7812,5.119744,2.3384,14555,0.001024,0.736,,0.032768,0.083712,0,0.065536,0.007424,0.012799999999999999,,0.002048,,1.886976
5088,44.036228096655329,19072325367654,1,4.8428997397422791,5.6573,4.784128,1.9352,14555,0.001024,0.729088,,0.033024,0.087551999999999991,0.000256,0.068096,0.007424,0.013568,,0.002304,,1.5882239999999999
5089,44.04156789965986,19072325424227,1,5.3398031741380692,4.8377,4.763904,2.5851,14555,0.0012799999999999999,0.736768,,0.032768,0.32255999999999996,0.000256,0.06656,0.009216,0.016384,,0.002048,,1.7438719999999999
5090,44.047235898526075,19072325472604,1,5.6679989211261272,4.696,5.26592,2.4704,14555,0.0012799999999999999,0.736768,,0.032768,0.32255999999999996,0.000256,0.06656,0.009216,0.016384,,0.002048,,1.7438719999999999
5091,44.052303096655329,19072325519564,1,5.067198071628809,6.5137,5.203456,2.3786,14555,0.001024,0.731648,,0.03328,0.082176,0,0.064,0.007936,0.010752,,0.0025599999999999998,,1.5882239999999999
5092,44.057564200680268,19072325584701,1,5.2611040882766247,5.0925,4.937472,2.5255,14555,0.001024,0.73215999999999992,,0.039424,0.084224,0,0.066048,0.00896,0.013568,,0.002304,,1.605376
5093,44.062814902210881,19072325635626,1,5.2507016807794571,5.5402,4.985088,2.1602,14555,0.001024,0.74112,,0.039936,0.082688,0,0.063744,0.007424,0.011264,,0.0025599999999999998,,1.58592
5094,44.0678549957483,19072325691028,1,5.0400933250784874,4.4878,5.222144,2.3471,14757,0.001024,0.741888,,0.032768,0.326656,0,0.308736,0.0076799999999999993,0.015616,,0.002048,,1.757696
5095,44.072632298752829,19072325735906,1,4.7773029655218124,5.2922,5.006336,2.4745,14555,0.001024,0.73881599999999992,,0.032768,0.08448,0.000256,0.066304,0.007424,0.013312,,0.002304,,1.8432
5096,44.078076601473924,19072325788828,1,5.4443026892840862,5.4214,4.779008,2.5475,14555,0.001024,0.7424,,0.033535999999999996,0.0832,0.000256,0.065024,0.0076799999999999993,0.010752,,0.002304,,1.59232
5097,44.083474702380954,19072325843042,1,5.398100707679987,5.1673,5.02144,2.8731,14555,0.001024,0.747776,,0.033535999999999996,0.0832,0,0.065279999999999991,0.007424,0.011519999999999999,,0.0025599999999999998,,2.08512
5098,44.088761798469385,19072325894715,1,5.2870959043502808,4.7544,5.2416,2.4795,14555,0.001024,0.75315199999999993,,0.033791999999999996,0.083456,0.000256,0.065279999999999991,0.0076799999999999993,0.011519999999999999,,0.002816,,2.06208
5099,44.093857801870747,19072325942259,1,5.0960034132003784,5.4515,5.268992,2.2041,14555,0.001024,0.737536,,0.033024,0.083968,0.000256,0.065536,0.009472,0.012288,,0.002304,,2.14016
5100,44.099031001984123,19072325996774,1,5.1732002757489681,4.9849,5.069056,2.4368,14555,0.001024,0.74316799999999994,,0.033024,0.084992,0,0.06656,0.003328,0.012799999999999999,,0.0025599999999999998,,1.842944
5101,44.103994798752829,19072326046623,1,4.9637965857982635,5.1835,4.70528,2.4968,14555,0.001024,0.73139199999999993,,0.032768,0.083968,0,0.066048,0.007168,0.012032,,0.002304,,1.6115199999999998
5102,44.109406901927436,19072326098458,1,5.4121031425893307,5.8186,4.708352,2.8902,14555,0.001024,0.74726399999999993,,0.033024,0.08294399999999999,0,0.064512,0.0076799999999999993,0.011264,,0.002304,,1.606912
5103,44.114644798752835,19072326156644,1,5.2378969267010689,5.3742,4.472064,3.1039,14555,0.001024,0.7488,,0.033535999999999996,0.09036799999999999,0,0.069887999999999992,0.007936,0.011776,,0.002304,,1.588992
5104,44.1194373015873,19072326210386,1,4.7925026156008244,4.7158,4.458752,2.7454,14555,0.001024,0.739584,,0.03328,0.08294399999999999,0,0.064256,0.0076799999999999993,0.012032,,0.0025599999999999998,,1.5866879999999999
5105,44.1244,19072326257544,1,4.9626985564827919,5.3792,4.515584,2.5467,14555,0.001024,0.739584,,0.03328,0.08294399999999999,0,0.064256,0.0076799999999999993,0.012032,,0.0025599999999999998,,1.5866879999999999
5106,44.129161302437637,19072326311336,1,4.7613023780286312,5.152,4.566784,2.0735,14555,0.001024,0.75135999999999992,,0.033024,0.07936,0,0.061695999999999994,0.007936,0.012032,,0.0025599999999999998,,1.586176
5107,44.134574900793652,19072326362856,1,5.4135983809828758,4.4433,4.747008,2.6098,14555,0.001024,0.72627199999999992,,0.032512,0.081664,0,0.063488,0.003328,0.012288,,0.002304,,1.59104
5108,44.139204301303856,19072326407289,1,4.6294005587697029,4.9404,5.134848,2.731,14750,0.0012799999999999999,0.73856,,0.03328,0.081919999999999993,0,0.063232,0.0076799999999999993,0.012288,,0.002304,,1.823488
5109,44.144031101190471,19072326456693,1,4.8267999663949013,5.0294,4.549888,2.3476,14607,0.001024,0.74803199999999992,,0.033535999999999996,0.082431999999999991,0,0.063744,0.003584,0.012288,,0.0025599999999999998,,1.586944
5110,44.149400297619046,19072326506987,1,5.3691966459155083,5.0766,4.524544,2.9441,14555,0.001024,0.74803199999999992,,0.033535999999999996,0.082431999999999991,0,0.063744,0.003584,0.012288,,0.0025599999999999998,,1.586944
5111,44.153976700680268,19072326557753,1,4.5764031819999218,5.2516,4.53888,2.1879,14555,0.001024,0.728576,,0.032768,0.084224,0,0.065279999999999991,0.003328,0.012032,,0.0025599999999999998,,1.5933439999999999
5112,44.158919401927434,19072326610269,1,4.9427011981606483,4.7786,4.551424,2.5695,14555,0.001024,0.728576,,0.032768,0.084224,0,0.065279999999999991,0.003328,0.012032,,0.0025599999999999998,,1.5933439999999999
5113,44.163620301870743,19072326658055,1,4.7009000554680824,4.9034,4.56576,2.2178,14555,0.001024,0.75008,,0.033024,0.082688,0,0.064256,0.007936,0.012288,,0.0025599999999999998,,1.5864319999999998
5114,44.168205697278907,19072326707089,1,4.5853955671191216,4.4896,4.677888,1.8486,14757,0.001024,0.73062399999999994,,0.032768,0.083456,0,0.065024,0.0076799999999999993,0.013824,,0.002304,,1.5864319999999998
5115,44.172738499149659,19072326751985,1,4.5328019186854362,4.6519,4.518656,1.7033,14555,0.001024,0.741888,,0.032768,0.086016,0,0.067583999999999991,0.007168,0.015359999999999999,,0.002304,,1.587712
5116,44.177503996598638,19072326798504,1,4.7654975205659866,4.2604,4.55936,1.7861,14555,0.0012799999999999999,0.73727999999999994,,0.032512,0.084735999999999992,0.000256,0.066304,0.007424,0.013056,,0.002304,,1.5933439999999999
5117,44.1820170989229,19072326841108,1,4.5131021179258823,4.5396,4.723456,1.6939,14555,0.001024,0.741632,,0.032768,0.0832,0.000256,0.065024,0.0076799999999999993,0.013824,,0.002304,,1.602048
5118,44.18662819586168,19072326886504,1,4.6110968105494976,4.5829,4.513024,1.8552,14555,0.001024,0.734976,,0.033024,0.084735999999999992,0,0.06656,0.003328,0.012032,,0.002304,,1.589248
5119,44.191197597789113,19072326932333,1,4.56940196454525,4.6611,4.580352,1.8602,14555,0.001024,0.731648,,0.032512,0.084992,0,0.066816,0.0076799999999999993,0.014848,,0.002304,,1.58848
5120,44.1957672973356,19072326978944,1,4.56969952210784,4.7027,4.559872,1.799,14555,0.001024,0.73088,,0.032768,0.084992,0,0.066816,0.007424,0.013824,,0.002048,,1.5912959999999998
5121,44.200373299319729,19072327025971,1,4.6060020104050636,4.4056,4.550912,1.9165,14555,0.001024,0.733184,,0.033024,0.080384,0,0.061695999999999994,0.0076799999999999993,0.012288,,0.002304,,1.588992
5122,44.204943296485261,19072327070027,1,4.5699970796704292,4.6955,4.585216,1.7827,14555,0.001024,0.72550399999999993,,0.032512,0.085504,0,0.067328,0.007424,0.012288,,0.002304,,1.590784
5123,44.209523696145126,19072327116982,1,4.5803994871675968,4.6233,4.544512,1.9169,14555,0.0012799999999999999,0.731648,,0.032512,0.089855999999999991,0.000256,0.070912,0.008192,0.011776,,0.002304,,1.5879679999999998
5124,44.214212400793649,19072327163215,1,4.68870485201478,4.5668,4.57472,1.7839,14555,0.001024,0.730368,,0.03328,0.0896,0,0.070912,0.007424,0.013056,,0.002304,,1.589248
5125,44.218729499716552,19072327208883,1,4.5170988887548447,4.7061,4.593664,2.0187,14555,0.001024,0.739584,,0.032768,0.08524799999999999,0,0.065536,0.007424,0.012544,,0.002304,,1.5879679999999998
5126,44.223277898242628,19072327255944,1,4.5483983121812344,4.42,4.568576,1.8435,14555,0.001024,0.733184,,0.03328,0.087039999999999992,0,0.06912,0.0076799999999999993,0.015616,,0.0025599999999999998,,1.58848
5127,44.22796699971655,19072327300144,1,4.6891015954315662,4.8495,4.529408,1.7811,14555,0.001024,0.731904,,0.0384,0.089088,0,0.069887999999999992,0.007424,0.014848,,0.002304,,1.5879679999999998
5128,44.232612400793649,19072327348639,1,4.6454011462628841,4.3092,4.66432,1.8329,14555,0.001024,0.731904,,0.0384,0.089088,0,0.069887999999999992,0.007424,0.014848,,0.002304,,1.5879679999999998
5129,44.237267701247163,19072327391731,1,4.6553006395697594,4.8893,4.532992,1.7667,14555,0.0012799999999999999,0.738304,,0.032768,0.083968,0.000256,0.066048,0.007424,0.012799999999999999,,0.002304,,1.5897599999999998
5130,44.241841000566893,19072327440624,1,4.5732995495200157,5.1182,4.727296,1.8755,14555,0.001024,0.734464,,0.032512,0.086016,0,0.067583999999999991,0.010239999999999999,0.013568,,0.002304,,1.7623039999999999
5131,44.246392495748296,19072327491806,1,4.5514949597418308,4.3255,4.548864,2.1876,14555,0.001024,0.73804799999999993,,0.032768,0.081919999999999993,0,0.064,0.009984,0.012799999999999999,,0.002304,,1.590784
5132,44.250981498015868,19072327535061,1,4.58900211378932,4.4303,4.5312,1.85,14555,0.001024,0.74112,,0.033024,0.08294399999999999,0,0.064,0.0076799999999999993,0.014336,,0.0025599999999999998,,1.5900159999999999
5133,44.255518098072564,19072327579364,1,4.5365998521447182,4.7087,4.56448,1.7193,51543,0.001024,0.74112,,0.033024,0.08294399999999999,0,0.064,0.0076799999999999993,0.014336,,0.0025599999999999998,,1.5900159999999999
5134,44.260035296201814,19072327626451,1,4.5171980746090412,4.6787,4.52096,1.6266,14555,0.001024,0.737536,,0.032768,0.084992,0,0.06656,0.007424,0.013312,,0.002048,,1.604096
5135,44.265085898526074,19072327673238,1,5.0506023690104485,4.1104,4.49664,0.614,14555,0.001024,0.740096,,0.033024,0.08448,0,0.066304,0.005376,0.012288,,0.002304,,1.5912959999999998
5136,44.269653599773243,19072327714342,1,4.5677013695240021,5.7551,0.035072,1.7596,14757,0.001024,0.73983999999999994,,0.032768,0.0832,0,0.065279999999999991,0.0051199999999999996,0.013312,,0.002304,,1.604352
5137,44.274225602324265,19072327771893,1,4.5720026828348637,3.2403,4.553472,1.8997,14555,0.001024,0.73881599999999992,,0.032768,0.08524799999999999,0,0.067583999999999991,0.007936,0.013824,,0.002048,,1.587712
5138,44.278902699829928,19072327804296,1,4.67709731310606,5.2298,4.545792,1.8581,14555,0.001024,0.73881599999999992,,0.032768,0.08524799999999999,0,0.067583999999999991,0.007936,0.013824,,0.002048,,1.587712
5139,44.283465695861679,19072327856594,1,4.5629958622157574,4.3609,4.659968,1.558,14555,0.001024,0.73088,,0.032768,0.08448,0.000256,0.066048,0.009472,0.012799999999999999,,0.002304,,1.589504
5140,44.288059899376414,19072327900203,1,4.5942035503685474,4.5938,4.529664,1.9674,14555,0.001024,0.73088,,0.032768,0.08448,0.000256,0.066048,0.009472,0.012799999999999999,,0.002304,,1.589504
5141,44.292636500850335,19072327946141,1,4.5766015537083149,4.7577,4.581632,1.6948,14750,0.001024,0.731904,,0.033024,0.083712,0,0.065279999999999991,0.007424,0.013056,,0.002304,,1.605632
5142,44.297239597505666,19072327993718,1,4.6030967496335506,4.4915,4.552704,1.7219,14555,0.001024,0.7424,,0.032768,0.08524799999999999,0,0.06656,0.0076799999999999993,0.012288,,0.002304,,1.588736
5143,44.301834098639453,19072328038633,1,4.5945011079311371,4.6365,4.576,1.7298,14555,0.001024,0.735744,,0.032768,0.087551999999999991,0,0.069376,0.007424,0.013824,,0.002048,,1.586176
5144,44.306405796485258,19072328084998,1,4.5716976746916771,4.4373,4.579072,1.7107,14555,0.001024,0.732416,,0.032768,0.089343999999999993,0,0.069632,0.00896,0.012544,,0.002304,,1.5900159999999999
5145,44.311040901360542,19072328129371,1,4.6351049095392227,4.6751,4.555264,1.7139,14555,0.001024,0.73088,,0.033535999999999996,0.086528,0,0.067071999999999993,0.0076799999999999993,0.013568,,0.002304,,1.6063999999999998
5146,44.315644501133782,19072328176122,1,4.603599663823843,4.5473,4.609536,1.7378,14555,0.001024,0.742656,,0.033024,0.091648,0.000256,0.071936,0.007424,0.014848,,0.002304,,1.61024
5147,44.320234297052153,19072328221595,1,4.58979606628418,4.5539,4.578304,1.8919,14555,0.0012799999999999999,0.7424,,0.033024,0.090624,0,0.07039999999999999,0.007424,0.013312,,0.0025599999999999998,,1.5872
5148,44.324812400793647,19072328267134,1,4.57810377702117,4.9415,4.570368,1.8548,14555,0.0012799999999999999,0.740864,,0.032768,0.093183999999999989,0,0.072448,0.007424,0.013824,,0.002304,,1.5900159999999999
5149,44.32943900226757,19072328316549,1,4.6266014687716961,4.2622,4.553728,1.7517,14555,0.001024,0.72729599999999994,,0.032768,0.092928,0,0.073472,0.003072,0.013312,,0.0025599999999999998,,1.5872
5150,44.334051601473924,19072328359171,1,4.6125990338623524,4.6604,4.610048,1.7603,14555,0.001024,0.737792,,0.033024,0.09088,0,0.070912,0.007424,0.012544,,0.002048,,1.605376
5151,44.338639696712015,19072328405775,1,4.5880950056016445,4.5983,4.584192,1.7308,14555,0.001024,0.727808,,0.033024,0.0896,0,0.06912,0.0076799999999999993,0.013056,,0.002048,,1.604608
5152,44.343240100623582,19072328451758,1,4.60040383040905,4.5523,4.562176,1.7449,14555,0.001024,0.737024,,0.032768,0.089343999999999993,0,0.06912,0.007424,0.012799999999999999,,0.002304,,1.5866879999999999
5153,44.347823398526074,19072328497281,1,4.5832977630198,4.6674,4.591104,1.7125,14607,0.001024,0.739072,,0.03328,0.091136,0,0.07168,0.003584,0.014079999999999999,,0.002304,,1.605888
5154,44.352384800170064,19072328543955,1,4.5614014379680157,4.5862,4.561664,1.7783,14555,0.001024,0.731136,,0.033024,0.090112,0,0.070912,0.010496,0.012799999999999999,,0.002304,,1.5912959999999998
5155,44.356981597222223,19072328589817,1,4.5967972837388515,4.6059,4.548608,1.7661,49697,0.001024,0.734464,,0.03328,0.08806399999999999,0,0.068096,0.007424,0.013568,,0.002304,,1.585664
5156,44.361992701247161,19072328635876,1,5.0111040472984314,4.5778,4.573952,1.7747,78054,0.001024,0.736256,,0.03328,0.092159999999999992,0.000256,0.072191999999999992,0.007424,0.013056,,0.002304,,1.589248
5157,44.36729700255102,19072328681654,1,5.3043011575937271,4.6375,4.991232,2.3625,14555,0.001024,0.740864,,0.033024,0.091648,0,0.07168,0.003072,0.015616,,0.002304,,1.8408959999999999
5158,44.37187809665533,19072328728029,1,4.58109425380826,4.9513,5.11872,1.876,14757,0.001024,0.731648,,0.03456,0.086016,0,0.06784,0.003328,0.013568,,0.002048,,1.761792
5159,44.376480902777779,19072328777542,1,4.6028061769902706,4.7787,4.568576,1.8872,32126,0.001024,0.735232,,0.033024,0.092928,0,0.073984,0.003072,0.014848,,0.002304,,1.5882239999999999
5160,44.381060997732426,19072328825329,1,4.5800949446856976,5.3198,4.589056,1.994,28940,0.001024,0.74137599999999992,,0.033024,0.092928,0,0.072703999999999991,0.003072,0.012799999999999999,,0.002304,,1.590528
5161,44.385655201247161,19072328878527,1,4.5942035503685474,4.4413,4.561664,1.6978,14555,0.001024,0.73215999999999992,,0.032768,0.089088,0,0.06912,0.007424,0.014336,,0.002304,,1.589248
5162,44.390232100340135,19072328922940,1,4.5768991112709045,4.5883,4.568832,1.741,14555,0.001024,0.734976,,0.033024,0.09036799999999999,0,0.071168,0.0076799999999999993,0.012288,,0.002304,,1.5933439999999999
5163,44.39478159722222,19072328968823,1,4.5494968071579933,4.7416,4.549376,1.7781,14555,0.001024,0.72959999999999992,,0.032768,0.093183999999999989,0,0.072703999999999991,0.0076799999999999993,0.013056,,0.002304,,1.5866879999999999
5164,44.399425099206347,19072329016239,1,4.6435021795332432,4.3777,4.539648,1.7511,14555,0.001024,0.740096,,0.033024,0.085504,0.000256,0.067071999999999993,0.004608,0.011519999999999999,,0.002048,,1.588992
5165,44.404016298185937,19072329060016,1,4.5911991037428379,4.6289,4.62208,1.9739,14555,0.0012799999999999999,0.74316799999999994,,0.03328,0.088576,0,0.06784,0.007424,0.014079999999999999,,0.002304,,1.590272
5166,44.40879779620181,19072329106305,1,4.7814981080591679,4.4024,4.564224,1.7352,14555,0.001024,0.73651199999999994,,0.032768,0.09088,0,0.070656,0.0076799999999999993,0.013312,,0.002304,,1.6097279999999998
5167,44.41337380243764,19072329150329,1,4.5760064385831356,4.7629,4.757504,1.9091,14555,0.001024,0.739072,,0.033024,0.092416,0.000256,0.072448,0.007936,0.012799999999999999,,0.002048,,1.58592
5168,44.417955102040814,19072329197958,1,4.5812996104359627,4.6941,4.553216,1.7311,14555,0.001024,0.740864,,0.033024,0.089343999999999993,0,0.070656,0.003072,0.015104,,0.002304,,1.58592
5169,44.422534700963716,19072329244899,1,4.5795990154147148,4.6235,4.568832,1.7211,20997,0.001024,0.740864,,0.033024,0.089343999999999993,0,0.070656,0.003072,0.015104,,0.002304,,1.58592
5170,44.427124100056687,19072329291134,1,4.5893993228673935,4.7595,4.558848,1.9244,14555,0.001024,0.730368,,0.032768,0.086528,0,0.068352,0.009472,0.015104,,0.002304,,1.59104
5171,44.431706101190471,19072329338729,1,4.5820013619959354,4.5175,4.574208,1.8311,14555,0.001024,0.74316799999999994,,0.033024,0.08832,0,0.068096,0.0076799999999999993,0.013056,,0.002304,,1.58592
5172,44.43629900085034,19072329383904,1,4.5928996987640858,4.4592,4.565248,1.7486,14555,0.001024,0.73856,,0.033024,0.09088,0.000256,0.07039999999999999,0.0076799999999999993,0.012544,,0.002304,,1.589248
5173,44.440916595804985,19072329428496,1,4.6175951138138771,4.7558,4.568832,1.7729,14555,0.001024,0.736,,0.033024,0.090624,0,0.071424,0.0048639999999999994,0.013824,,0.002048,,1.60768
5174,44.44551549744898,19072329476054,1,4.5989016070961952,4.3718,4.590336,1.6847,14750,0.0012799999999999999,0.73215999999999992,,0.032768,0.086272,0,0.067583999999999991,0.007424,0.012032,,0.002304,,1.603584
5175,44.450061600056685,19072329519772,1,4.5461026020348072,4.7374,4.563456,1.7043,14555,0.0012799999999999999,0.73215999999999992,,0.032768,0.086272,0,0.067583999999999991,0.007424,0.012032,,0.002304,,1.603584
5176,44.454628302154191,19072329567146,1,4.56670206040144,4.5016,4.539904,1.7164,14555,0.0012799999999999999,0.732416,,0.03328,0.087551999999999991,0,0.068352,0.00896,0.013824,,0.002304,,1.58592
5177,44.459208099489793,19072329612162,1,4.5797973871231079,4.5703,4.547584,1.9327,14555,0.001024,0.737024,,0.032768,0.086784,0,0.068608,0.0076799999999999993,0.013824,,0.002304,,1.590528
5178,44.463816801303857,19072329657865,1,4.6087019145488739,4.9509,4.560384,1.7363,14555,0.001024,0.740096,,0.032768,0.090112,0.000256,0.071424,0.007424,0.013568,,0.002304,,1.587456
5179,44.468610997732426,19072329707374,1,4.7941962257027626,4.3633,4.580352,1.707,14757,0.001024,0.74137599999999992,,0.032768,0.0896,0,0.069632,0.005376,0.012288,,0.002304,,1.587456
5180,44.473649000850337,19072329751007,1,5.038002971559763,4.4613,4.774144,1.782,14555,0.001024,0.736768,,0.039168,0.093952,0,0.073216,0.003328,0.013312,,0.002304,,1.58592
5181,44.478715299036281,19072329795620,1,5.06629841402173,5.003,5.01888,1.7785,14555,0.001024,0.738304,,0.035072,0.089343999999999993,0,0.07039999999999999,0.007424,0.013568,,0.002304,,1.6081919999999998
5182,44.483341198979588,19072329845650,1,4.6258997172117233,4.5126,5.048064,1.7575,14555,0.0012799999999999999,0.736768,,0.033024,0.091648,0,0.07296,0.007424,0.011519999999999999,,0.002048,,1.764608
5183,44.48788229875283,19072329890776,1,4.54110000282526,4.979,4.602368,1.6435,14555,0.001024,0.73804799999999993,,0.03328,0.09267199999999999,0,0.073216,0.007424,0.013568,,0.002304,,1.604096
5184,44.500242602040814,19072329940566,1,12.360303662717342,4.9372,4.527872,1.6793,14555,0.001024,0.72832,,0.033024,0.087551999999999991,0,0.068864,0.007424,0.012288,,0.002304,,1.586944
5185,44.50718319869614,19072329989938,1,6.9405967369675636,4.6779,4.515584,1.6988,14555,0.001024,0.734208,,0.033024,0.09036799999999999,0.000256,0.071424,0.0076799999999999993,0.014079999999999999,,0.002304,,1.588992
5186,44.514120797902493,19072330036717,1,6.9375992752611637,8.2819,4.515072,1.8586,51543,0.0012799999999999999,0.73548799999999992,,0.033024,0.083712,0,0.066048,0.0076799999999999993,0.011264,,0.002304,,1.5846399999999998
5187,44.521789200680267,19072330119536,1,7.6684029772877693,9.1979,4.519936,1.9268,14555,0.001024,0.735744,,0.03328,0.086272,0,0.068096,0.007424,0.011264,,0.0025599999999999998,,1.58848
5188,44.55156979875283,19072330211515,1,29.780598357319832,6.9898,4.429824,0.5629,14555,0.001024,0.735744,,0.03328,0.086272,0,0.068096,0.007424,0.011264,,0.0025599999999999998,,1.58848
5189,44.555689902210879,19072330281413,1,4.1201035492122173,7.5109,0.033536,1.5828,14607,0.001024,0.74137599999999992,,0.032256,0.082176,0,0.066048,0.005888,0.011264,,0.001792,,1.5872
5190,44.5602751984127,19072330356522,1,4.585296381264925,6.6956,4.504832,1.8062,14555,0.001024,0.74137599999999992,,0.032256,0.082176,0,0.066048,0.005888,0.011264,,0.001792,,1.5872
5191,44.564809396258504,19072330423478,1,4.5341979712247849,30.1805,4.512256,1.9172,14555,0.001024,0.737536,,0.033024,0.084224,0,0.066304,0.005888,0.013824,,0.002304,,1.584128
5192,44.569343402777776,19072330725283,1,4.5340065844357014,4.0466,4.512512,1.8437,14757,0.001024,0.73292799999999991,,0.033024,0.093696,0,0.073216,0.0076799999999999993,0.013312,,0.002304,,1.586944
5193,44.574049496882083,19072330765749,1,4.706094041466713,3.9326,4.515328,1.5961,14555,0.001024,0.739584,,0.033024,0.087808,0,0.069632,0.003328,0.014848,,0.002048,,1.6030719999999998
5194,44.578615596655325,19072330805075,1,4.5660999603569508,4.7583,4.684544,1.5886,14555,0.001024,0.739584,,0.033024,0.087808,0,0.069632,0.003328,0.014848,,0.002048,,1.6030719999999998
5195,44.583168898809525,19072330852658,1,4.5533021911978722,4.5781,4.542464,1.5641,14555,0.001024,0.73139199999999993,,0.032768,0.083968,0,0.066048,0.007424,0.014336,,0.002048,,1.6063999999999998
5196,44.587767297335596,19072330898439,1,4.5983986929059029,4.4384,4.532736,1.7059,14555,0.001024,0.736768,,0.033024,0.086784,0.000256,0.06784,0.0076799999999999993,0.012288,,0.002304,,1.587712
5197,44.592356299603175,19072330942823,1,4.58900211378932,4.8614,4.572416,1.884,14555,0.001024,0.736768,,0.033024,0.086784,0.000256,0.06784,0.0076799999999999993,0.012288,,0.002304,,1.587712
5198,44.59687009637188,19072330991437,1,4.5137968845665455,4.3873,4.565504,2.0046,14750,0.001024,0.73727999999999994,,0.032256,0.08294399999999999,0.000256,0.064512,0.00896,0.012288,,0.002304,,1.586944
5199,44.601441496598639,19072331035310,1,4.5714001171290874,4.5648,4.49024,1.8112,14555,0.001024,0.73983999999999994,,0.032768,0.089855999999999991,0,0.071168,0.003328,0.011776,,0.002304,,1.5864319999999998
5200,44.606010196995463,19072331080958,1,4.5687002129852772,4.5853,4.553728,1.8302,14555,0.001024,0.731136,,0.032768,0.091392,0,0.071424,0.003072,0.012799999999999999,,0.0025599999999999998,,1.590528
5201,44.610575899943306,19072331126811,1,4.5657027512788773,4.6742,4.540416,1.8313,14555,0.001024,0.739072,,0.03328,0.09344,0.000256,0.073472,0.0076799999999999993,0.014336,,0.002048,,1.58592
5202,44.615203599773238,19072331173553,1,4.627699963748455,4.4172,4.54784,1.7679,14555,0.001024,0.734976,,0.033024,0.08832,0,0.068352,0.010752,0.011519999999999999,,0.002304,,1.5900159999999999
5203,44.619803698979588,19072331217725,1,4.6000992879271507,4.6983,4.603648,1.9605,14555,0.001024,0.735744,,0.032768,0.088576,0,0.068864,0.007936,0.012799999999999999,,0.002304,,1.5879679999999998
5204,44.624411500850336,19072331264708,1,4.607801791280508,4.7364,4.583424,1.7246,14555,0.001024,0.739328,,0.032768,0.0896,0,0.069632,0.007424,0.012799999999999999,,0.002304,,1.6084479999999999
5205,44.628997796201816,19072331312072,1,4.5862952247262,4.3174,4.577024,1.8688,14555,0.001024,0.739072,,0.032768,0.088576,0,0.070144,0.007424,0.013568,,0.002048,,1.58848
5206,44.633614002267571,19072331355246,1,4.6162060461938381,5.2173,4.570112,1.7382,14555,0.0012799999999999999,0.739584,,0.032768,0.089088,0,0.069632,0.007424,0.012799999999999999,,0.002304,,1.5915519999999999
5207,44.638173596938771,19072331407419,1,4.5595946721732616,4.1162,4.59136,1.7251,14555,0.001024,0.734464,,0.032768,0.085504,0.000256,0.067328,0.008704,0.012288,,0.002048,,1.5846399999999998
5208,44.642761996882086,19072331448581,1,4.5884000137448311,4.7897,4.538112,1.7631,14555,0.001024,0.732416,,0.032768,0.083456,0,0.065279999999999991,0.003328,0.013056,,0.002304,,1.58848
5209,44.64736600056689,19072331496478,1,4.6040038578212261,4.4505,4.578816,1.724,14555,0.001024,0.74060799999999993,,0.032768,0.084224,0.000256,0.065536,0.003328,0.012288,,0.002304,,1.589248
5210,44.651978401360545,19072331540983,1,4.6124006621539593,4.5168,4.579072,1.7796,14555,0.001024,0.727552,,0.032768,0.08448,0.000256,0.066048,0.009216,0.014848,,0.002304,,1.590272
5211,44.656514696712016,19072331586151,1,4.5362953096628189,4.5555,4.591872,1.718,14555,0.001024,0.73548799999999992,,0.033024,0.083712,0,0.065536,0.012288,0.012288,,0.002048,,1.6030719999999998
5212,44.661091298185937,19072331631706,1,4.5766015537083149,4.4955,4.528128,1.7246,14555,0.001024,0.73727999999999994,,0.032768,0.08294399999999999,0,0.065024,0.0076799999999999993,0.012544,,0.002048,,1.5866879999999999
5213,44.665686600056688,19072331676661,1,4.5953020453453064,4.9278,4.55552,2.2453,14555,0.001024,0.7424,,0.033024,0.082688,0,0.064767999999999992,0.003328,0.013824,,0.002048,,1.60896
5214,44.670285600907029,19072331725939,1,4.5990007929503918,4.5431,4.571136,2.2313,14757,0.001024,0.73983999999999994,,0.033024,0.090624,0,0.071424,0.006656,0.012288,,0.0025599999999999998,,1.585664
5215,44.674851098356008,19072331771370,1,4.5654973946511745,4.5859,4.576256,1.7243,14555,0.001024,0.736,,0.032768,0.09267199999999999,0,0.071936,0.007424,0.013824,,0.002304,,1.6066559999999999
5216,44.679418197278913,19072331817229,1,4.5670988038182259,4.3329,4.54144,2.163,14555,0.001024,0.729088,,0.032768,0.089855999999999991,0,0.070144,0.007424,0.015104,,0.002304,,1.604608
5217,44.684002699829932,19072331860558,1,4.5845024287700653,5.309,4.552448,1.8372,14555,0.0012799999999999999,0.75008,,0.034048,0.089855999999999991,0,0.068864,0.0076799999999999993,0.010752,,0.002304,,1.5915519999999999
5218,44.688578096655327,19072331913648,1,4.57539688795805,3.8719,4.557056,1.6928,14555,0.001024,0.72448,,0.033024,0.0896,0.000256,0.069887999999999992,0.007424,0.013312,,0.002048,,1.5848959999999999
5219,44.693160196995464,19072331952367,1,4.582100547850132,4.5568,4.561664,2.0966,14555,0.001024,0.739328,,0.033024,0.08576,0.000256,0.067328,0.0076799999999999993,0.015616,,0.002304,,1.5864319999999998
5220,44.697691198979591,19072331997935,1,4.5310021378099918,4.738,4.559872,1.6973,14555,0.001024,0.739328,,0.033024,0.08576,0.000256,0.067328,0.0076799999999999993,0.015616,,0.002304,,1.5864319999999998
5221,44.702611096938774,19072332045315,1,4.9198977649211884,4.6004,4.524288,1.6431,14555,0.001024,0.730112,,0.032768,0.083968,0,0.065792,0.009472,0.013312,,0.002304,,1.59104
5222,44.707187797619049,19072332091319,1,4.5767007395625114,4.7075,4.886272,2.0259,14555,0.0012799999999999999,0.73983999999999994,,0.033024,0.084224,0,0.066048,0.007424,0.011007999999999999,,0.002048,,1.769216
5223,44.711763499149662,19072332138394,1,4.575701430439949,4.7602,4.561152,1.865,14555,0.001024,0.73727999999999994,,0.032768,0.08448,0,0.066304,0.009984,0.011264,,0.002304,,1.58848
5224,44.716358701814059,19072332185996,1,4.59520285949111,4.5133,4.544512,1.869,14555,0.001024,0.736768,,0.032768,0.086784,0,0.068352,0.0076799999999999993,0.012799999999999999,,0.002304,,1.588992
5225,44.720941099773242,19072332231129,1,4.5823981054127216,4.5306,4.573952,2.1349,14555,0.001024,0.73215999999999992,,0.032768,0.082176,0,0.064,0.003072,0.014079999999999999,,0.002304,,1.592576
5226,44.725476197562358,19072332276435,1,4.5350976288318634,4.8945,4.556288,1.6392,14555,0.001024,0.740352,,0.033024,0.088576,0,0.069632,0.003328,0.013568,,0.002304,,1.585408
5227,44.730060997732423,19072332325380,1,4.584799986332655,4.2281,4.522752,1.9881,14555,0.001024,0.734208,,0.033024,0.08524799999999999,0,0.066816,0.007424,0.013824,,0.002304,,1.589248
5228,44.734634899376417,19072332367661,1,4.5739016495645046,4.9272,4.556032,1.8897,14555,0.001024,0.732672,,0.033024,0.084992,0,0.06656,0.0076799999999999993,0.012032,,0.0025599999999999998,,1.5872
5229,44.7392091978458,19072332416933,1,4.5742983929812908,4.1824,4.546048,1.7378,14555,0.001024,0.729344,,0.032768,0.086016,0.000256,0.06784,0.007168,0.014336,,0.002304,,1.58848
5230,44.743907801870748,19072332458757,1,4.698603879660368,5.0895,4.516608,1.7477,14555,0.001024,0.74112,,0.032768,0.081408,0,0.063744,0.004608,0.013056,,0.002304,,1.588736
5231,44.748495401077093,19072332509652,1,4.5875990763306618,3.9983,4.719872,2.0563,14750,0.001024,0.736,,0.033024,0.084224,0,0.066048,0.007424,0.014848,,0.002304,,1.586176
5232,44.753215901360541,19072332549635,1,4.7205002047121525,4.9949,4.565248,1.75,14555,0.001024,0.741888,,0.032768,0.08832,0,0.069632,0.007424,0.012288,,0.002304,,1.588736
5233,44.757820500283444,19072332599584,1,4.6045989729464054,4.3259,4.698368,1.8709,14607,0.001024,0.733696,,0.033024,0.08448,0.000256,0.06656,0.0076799999999999993,0.014079999999999999,,0.002048,,1.7418239999999998
5234,44.762398497732427,19072332642843,1,4.5779976062476635,4.822,4.567552,1.715,14555,0.001024,0.735232,,0.03328,0.08576,0,0.067583999999999991,0.0076799999999999993,0.011519999999999999,,0.002048,,1.58592
5235,44.767113399943312,19072332691063,1,4.7149020247161388,4.5501,4.573952,1.8769,51543,0.001024,0.73804799999999993,,0.032512,0.086272,0.000256,0.068352,0.007424,0.013568,,0.002048,,1.585664
5236,44.771700099206349,19072332736564,1,4.5866994187235832,4.4867,4.698368,1.7887,14757,0.001024,0.737024,,0.0384,0.081664,0,0.063744,0.007424,0.013056,,0.0025599999999999998,,1.5866879999999999
5237,44.776625198412695,19072332781431,1,4.9250992015004158,4.748,4.557312,0.5598,14555,0.0012799999999999999,0.740352,,0.032768,0.084224,0,0.066048,0.0038399999999999997,0.013568,,0.002048,,1.5982079999999999
5238,44.781180598072559,19072332828911,1,4.5553995296359062,5.5098,0.043008,1.8137,14555,0.001024,0.73215999999999992,,0.03328,0.08576,0,0.067328,0.003328,0.013056,,0.002304,,1.8490879999999998
5239,44.785748596938774,19072332884009,1,4.5679989270865917,3.934,4.53504,1.7113,14555,0.001024,0.732672,,0.03328,0.088832,0,0.069632,0.003072,0.013568,,0.002304,,1.5872
5240,44.790256101190472,19072332923349,1,4.507504403591156,4.7139,4.544,1.912,14555,0.0012799999999999999,0.736,,0.032768,0.085504,0.000256,0.067328,0.0076799999999999993,0.012288,,0.002304,,1.589248
5241,44.794829095804985,19072332970488,1,4.5729945413768291,4.5061,4.487424,1.6102,14555,0.001024,0.733696,,0.033024,0.087808,0,0.068608,0.008192,0.013312,,0.002048,,1.60768
5242,44.799594997165528,19072333015549,1,4.7659012489020824,4.5183,4.548608,1.729,14555,0.001024,0.729088,,0.032768,0.086272,0.000256,0.067328,0.007168,0.012544,,0.002304,,1.589504
5243,44.806357497165529,19072333060732,1,6.7624999210238457,4.5186,4.746496,1.7673,14555,0.001024,0.73727999999999994,,0.033024,0.084992,0,0.066816,0.007424,0.014079999999999999,,0.002304,,1.584384
5244,44.811560296201812,19072333105918,1,5.20279910415411,4.7,4.538368,4.7,14555,0.001024,0.737536,,0.033024,0.083712,0,0.065536,0.007424,0.012544,,0.002304,,1.591808
5245,44.81609299886621,19072333152918,1,4.53270273283124,4.6093,4.575744,1.7607,14555,0.001024,0.75059199999999993,,0.03328,0.083968,0,0.065536,0.0097279999999999988,0.010496,,0.002304,,1.604096
5246,44.820656299603172,19072333199011,1,4.5633008703589439,6.8347,4.512256,2.0104,14555,0.001024,0.739072,,0.033024,0.083968,0,0.065792,0.0076799999999999993,0.013312,,0.002304,,1.587456
5247,44.825207801870746,19072333267358,1,4.5515024103224277,5.1918,4.54784,1.6759,14555,0.001024,0.741632,,0.03328,0.092416,0,0.072191999999999992,0.007424,0.012544,,0.002304,,1.588992
5248,44.829766198979591,19072333319276,1,4.5583969913423061,4.5523,4.528128,1.6591,14555,0.001024,0.73548799999999992,,0.032768,0.08294399999999999,0,0.065024,0.0076799999999999993,0.014591999999999999,,0.002304,,1.5872
5249,44.834330697278908,19072333364799,1,4.5644980855286121,4.7542,4.540416,1.7202,14555,0.001024,0.73983999999999994,,0.032768,0.083456,0,0.065536,0.007424,0.011776,,0.002304,,1.587712
5250,44.838848398526075,19072333412341,1,4.5177014544606209,4.4319,4.538368,1.875,14555,0.001024,0.73139199999999993,,0.032768,0.08832,0,0.070144,0.011776,0.013824,,0.002048,,1.5872
5251,44.843416298185936,19072333456660,1,4.5678997412323952,4.7067,4.498688,1.6283,14555,0.001024,0.740864,,0.03328,0.092416,0,0.073728,0.007424,0.013312,,0.002304,,1.5900159999999999
5252,44.848003599773243,19072333503727,1,4.5873015187680721,4.2443,4.547072,1.9159,14555,0.001024,0.74137599999999992,,0.032512,0.082688,0,0.064512,0.007424,0.014336,,0.002304,,1.586176
5253,44.852751998299318,19072333546170,1,4.7483984380960464,4.7703,4.561664,1.7191,14555,0.001024,0.72576,,0.033024,0.092416,0.000256,0.071936,0.007424,0.013824,,0.002048,,1.609472
5254,44.85735819869614,19072333593873,1,4.6062003821134567,4.3809,4.724736,1.77,14555,0.001024,0.729088,,0.033024,0.093696,0,0.073984,0.007424,0.014336,,0.002304,,1.6017919999999999
5255,44.861939795918367,19072333637682,1,4.5815971679985523,4.5553,4.586752,1.7487,14555,0.001024,0.729344,,0.033024,0.088832,0,0.069376,0.011007999999999999,0.012288,,0.002048,,1.609472
5256,44.866507001133783,19072333683235,1,4.5672054402530193,4.7904,4.561152,2.2714,14555,0.0012799999999999999,0.737792,,0.032512,0.09344,0,0.074495999999999993,0.003328,0.014079999999999999,,0.002048,,1.586944
5257,44.871069997165534,19072333731139,1,4.5629958622157574,4.8935,4.544,1.9236,14757,0.001024,0.729856,,0.03328,0.088832,0,0.069376,0.007424,0.013312,,0.002048,,1.59104
5258,44.87563810232426,19072333780074,1,4.5681050978600979,4.297,4.541184,1.7688,14555,0.001024,0.739584,,0.033024,0.089088,0,0.070656,0.007936,0.012544,,0.002304,,1.586944
5259,44.880259297052156,19072333823044,1,4.6211946755647659,4.5886,4.548096,1.815,14555,0.001024,0.72729599999999994,,0.033024,0.088576,0,0.068352,0.007424,0.013568,,0.002304,,1.588992
5260,44.884921697845805,19072333868930,1,4.6624005772173405,4.9643,4.599808,1.715,14555,0.001024,0.742912,,0.033024,0.086784,0,0.068352,0.003328,0.013312,,0.002048,,1.604608
5261,44.889385196995462,19072333918573,1,4.4634989462792873,4.2067,4.556032,1.6027,14555,0.001024,0.727808,,0.032768,0.08576,0.000256,0.067583999999999991,0.003072,0.014591999999999999,,0.002304,,1.59104
5262,44.894145096371879,19072333960640,1,4.759899340569973,4.7642,4.521984,1.882,14555,0.001024,0.72806399999999993,,0.033024,0.083456,0,0.065279999999999991,0.007168,0.012799999999999999,,0.002304,,1.586944
5263,44.898717198129248,19072334008282,1,4.57210186868906,4.795,4.73088,1.7273,14750,0.001024,0.73804799999999993,,0.033024,0.082431999999999991,0.000256,0.064,0.003072,0.012032,,0.002304,,1.607424
5264,44.905266496598635,19072334056232,1,6.5492982976138592,4.203,4.553216,1.8597,14555,0.001024,0.73344,,0.032768,0.082176,0.000256,0.064,0.007424,0.012544,,0.002304,,1.588736
5265,44.909999199263034,19072334098262,1,4.7327028587460518,4.7704,4.542208,1.7381,14555,0.001024,0.73983999999999994,,0.033024,0.084224,0,0.066304,0.0076799999999999993,0.013312,,0.002304,,1.588736
5266,44.914549496882081,19072334145966,1,4.5502977445721626,7.6215,4.547328,2.0477,14555,0.001024,0.738304,,0.033024,0.08524799999999999,0,0.067071999999999993,0.007424,0.013824,,0.0025599999999999998,,1.5897599999999998
5267,44.9191375,19072334222181,1,4.5880032703280449,3.3643,4.514304,1.8292,14555,0.001024,0.738304,,0.033024,0.08524799999999999,0,0.067071999999999993,0.007424,0.013824,,0.0025599999999999998,,1.5897599999999998
5268,44.923677501417231,19072334255824,1,4.5400015078485012,4.7398,4.571392,1.6522,20997,0.001024,0.7424,,0.033024,0.0832,0,0.064767999999999992,0.006656,0.012032,,0.002304,,1.587712
5269,44.928226998299316,19072334303222,1,4.5494968071579933,4.6884,4.524544,1.663,14555,0.001024,0.7424,,0.033024,0.0832,0,0.064767999999999992,0.006656,0.012032,,0.002304,,1.587712
5270,44.932782100340134,19072334350106,1,4.5551019720733166,4.576,4.525056,1.745,14555,0.001024,0.737536,,0.032768,0.080896,0.000256,0.06297599999999999,0.007424,0.012288,,0.002304,,1.590528
5271,44.937407100340131,19072334395866,1,4.6250000596046448,4.9789,4.538112,1.9399,14555,0.001024,0.736256,,0.032768,0.0832,0,0.064767999999999992,0.007424,0.013312,,0.002048,,1.586944
5272,44.94211119614512,19072334445655,1,4.7040958888828754,4.1559,4.605184,1.7413,14555,0.001024,0.737024,,0.032768,0.08448,0.000256,0.066048,0.007424,0.013056,,0.002304,,1.587456
5273,44.946717701247167,19072334487214,1,4.606504924595356,4.9814,4.678656,1.9822,14555,0.001024,0.734208,,0.033024,0.086784,0,0.068608,0.007424,0.012032,,0.002304,,1.590528
5274,44.951315299036281,19072334537028,1,4.5975977554917336,4.4477,4.584192,2.279,14555,0.001024,0.74214399999999991,,0.03328,0.0896,0.000256,0.069887999999999992,0.011007999999999999,0.013824,,0.002304,,1.586176
5275,44.955883496315188,19072334581505,1,4.5681972987949848,4.6223,4.579584,1.7071,14555,0.001024,0.73471999999999993,,0.032768,0.084224,0,0.066048,0.003328,0.014591999999999999,,0.002304,,1.6048639999999998
5276,44.960463102324262,19072334627728,1,4.5796060003340244,4.8008,4.548352,1.7068,14607,0.001024,0.73471999999999993,,0.032768,0.084224,0,0.066048,0.003328,0.014591999999999999,,0.002304,,1.6048639999999998
5277,44.9650466978458,19072334675736,1,4.58359532058239,4.0371,4.54784,1.6606,14555,0.001024,0.72832,,0.032768,0.0832,0.000256,0.065792,0.007424,0.011776,,0.002304,,1.61024
5278,44.969781597222223,19072334716107,1,4.7348993830382824,4.6806,4.558592,1.6734,14757,0.0012799999999999999,0.74060799999999993,,0.032768,0.086016,0.000256,0.068096,0.007424,0.012032,,0.002048,,1.587456
5279,44.974348802437639,19072334762913,1,4.5672054402530193,4.8382,4.708352,2.167,14555,0.001024,0.73215999999999992,,0.032512,0.082176,0,0.063744,0.003328,0.012799999999999999,,0.002304,,1.7556479999999999
5280,44.97907699829932,19072334811295,1,4.7281957231462,4.613,4.562432,1.8329,14555,0.001024,0.73062399999999994,,0.032768,0.087039999999999992,0,0.06912,0.003328,0.015104,,0.002304,,1.584384
5281,44.984200099206348,19072334857425,1,5.1231007091701031,4.6095,4.710144,1.8096,14555,0.001024,0.729856,,0.032768,0.084992,0,0.066816,0.003072,0.014336,,0.0025599999999999998,,1.764864
5282,44.989545996315194,19072334903520,1,5.3458972834050655,4.4827,5.101056,2.2156,14555,0.001024,0.74137599999999992,,0.03456,0.088576,0,0.069887999999999992,0.003072,0.014336,,0.002304,,1.75488
5283,44.994680902777773,19072334948347,1,5.1349066197872162,4.8108,5.334784,1.7697,14555,0.001024,0.74137599999999992,,0.03456,0.088576,0,0.069887999999999992,0.003072,0.014336,,0.002304,,1.75488
5284,44.999882596371883,19072334996455,1,5.2016936242580414,5.4483,5.112576,1.7771,14555,0.001024,0.738304,,0.032768,0.089088,0,0.070656,0.007424,0.013056,,0.002304,,1.8961919999999999
5285,45.004951700680273,19072335050938,1,5.0691044889390469,5.5648,5.180928,1.9183,14555,0.001024,0.737536,,0.03328,0.087039999999999992,0,0.06912,0.0076799999999999993,0.015104,,0.002304,,2.0961279999999998
5286,45.010054896541945,19072335106586,1,5.1031960174441338,5.0378,5.054464,1.7354,14555,0.001024,0.72729599999999994,,0.033024,0.083456,0,0.065024,0.0076799999999999993,0.011264,,0.002048,,1.866752
5287,45.014899596088433,19072335156964,1,4.8446995206177235,4.6761,5.067264,1.9963,14555,0.001024,0.73983999999999994,,0.032512,0.08524799999999999,0,0.067071999999999993,0.0076799999999999993,0.012544,,0.002304,,1.8508799999999999
5288,45.019973497732423,19072335203725,1,5.0739017315208912,5.8891,4.823296,1.8966,51543,0.001024,0.734208,,0.032768,0.086016,0,0.066816,0.007936,0.013312,,0.002048,,1.590272
5289,45.024747200963716,19072335262616,1,4.7737034037709236,4.2785,5.059584,1.8786,14555,0.001024,0.732416,,0.034048,0.09472,0.000256,0.075264,0.004352,0.014591999999999999,,0.002304,,1.6033279999999999
5290,45.030205598072563,19072335305401,1,5.4583973251283169,4.805,4.749056,0.6047,14555,0.001024,0.732416,,0.034048,0.09472,0.000256,0.075264,0.004352,0.014591999999999999,,0.002304,,1.6033279999999999
5291,45.036217495748296,19072335353451,1,6.0118976980447769,6.1459,0.04224,1.8563,14555,0.001024,0.7424,,0.040192,0.087551999999999991,0.000256,0.068352,0.003584,0.011264,,0.002304,,1.602048
5292,45.040794501133782,19072335414910,1,4.5770052820444107,3.7803,5.977344,2.3173,14555,0.001024,0.72832,,0.033024,0.428288,0,0.070912,0.009216,0.014079999999999999,,0.0025599999999999998,,1.75744
5293,45.045885402494328,19072335452713,1,5.0909011624753475,5.6255,4.567552,1.835,14555,0.001024,0.740096,,0.032768,0.094975999999999991,0.000256,0.07551999999999999,0.007424,0.011776,,0.002304,,1.588992
5294,45.051016496598635,19072335508968,1,5.1310942508280277,5.654,5.064192,1.7741,14750,0.001024,0.740096,,0.038911999999999995,0.087551999999999991,0.000256,0.068096,0.0076799999999999993,0.012799999999999999,,0.002048,,1.604096
5295,45.056162996031745,19072335565508,1,5.1464992575347424,4.7557,5.09568,1.8634,14555,0.0012799999999999999,0.73395199999999994,,0.033024,0.087039999999999992,0.000256,0.068608,0.006656,0.013056,,0.002304,,1.8892799999999998
5296,45.061194897959183,19072335613065,1,5.031901877373457,5.0479,5.13792,1.9541,14555,0.001024,0.734976,,0.03328,0.091136,0,0.07168,0.0048639999999999994,0.016384,,0.002304,,1.8475519999999999
5297,45.06624139739229,19072335663544,1,5.04649942740798,5.1703,5.019392,1.935,14555,0.001024,0.735744,,0.033535999999999996,0.092928,0.000256,0.07424,0.0076799999999999993,0.013824,,0.002304,,1.860352
5298,45.0709998015873,19072335715247,1,4.7584041021764278,5.0829,5.024512,2.118,14757,0.0012799999999999999,0.740864,,0.033024,0.089855999999999991,0,0.070656,0.007168,0.011264,,0.0025599999999999998,,2.11584
5299,45.075775602324264,19072335766076,1,4.7758007422089577,4.9845,4.733952,1.8651,14555,0.001024,0.739584,,0.03328,0.089855999999999991,0,0.070912,0.003072,0.013824,,0.0025599999999999998,,1.8675199999999998
5300,45.081099496882082,19072335815921,1,5.3238947875797749,4.9843,4.75136,2.0362,14555,0.001024,0.736,,0.03328,0.090112,0,0.071424,0.005888,0.012544,,0.002304,,1.5912959999999998
5301,45.085622696995465,19072335865764,1,4.5231999829411507,4.7853,5.311744,1.7861,14555,0.001024,0.74368,,0.038655999999999996,0.091648,0,0.07168,0.007424,0.014591999999999999,,0.002304,,1.762816
5302,45.090639101473919,19072335913617,1,5.0164046697318554,4.894,4.496384,1.865,14555,0.001024,0.731648,,0.033024,0.093952,0,0.073984,0.007424,0.012799999999999999,,0.002304,,1.590784
5303,45.095985898526074,19072335962557,1,5.3467969410121441,5.4706,5.00352,1.9124,14555,0.001024,0.730368,,0.034048,0.09036799999999999,0,0.070656,0.003072,0.014591999999999999,,0.002304,,1.605632
5304,45.100891999716552,19072336017263,1,4.9061011523008347,4.199,5.2672,1.9875,14555,0.001024,0.73856,,0.038655999999999996,0.088832,0,0.070656,0.007424,0.012799999999999999,,0.002304,,1.75616
5305,45.105844600340134,19072336059253,1,4.9526006914675236,5.1301,4.944128,2.1246,14555,0.001024,0.737024,,0.03328,0.087808,0,0.068608,0.007424,0.012799999999999999,,0.002304,,1.7438719999999999
5306,45.11086590136054,19072336110554,1,5.0213010981678963,5.5207,4.931328,1.7851,14555,0.001024,0.742912,,0.03328,0.08576,0,0.06784,0.0076799999999999993,0.014591999999999999,,0.002304,,1.76
5307,45.115973398526073,19072336165761,1,5.1074973307549953,4.8166,4.999168,1.8465,14555,0.001024,0.729856,,0.032768,0.087808,0.000256,0.069632,0.009216,0.012032,,0.002304,,2.09408
5308,45.120922300170065,19072336213927,1,4.9489014782011509,5.1996,5.082112,1.7912,14555,0.001024,0.731136,,0.033024,0.090112,0,0.07039999999999999,0.010496,0.013312,,0.002304,,1.8688
5309,45.125916099773242,19072336265923,1,4.9937996082007885,4.6191,4.768,2.0666,14555,0.001024,0.737536,,0.03328,0.092159999999999992,0.000256,0.072703999999999991,0.003328,0.012544,,0.002304,,1.8222079999999998
5310,45.130957100340133,19072336312114,1,5.0410004332661629,5.1337,4.969984,1.7624,14555,0.001024,0.726016,,0.033024,0.08448,0,0.066048,0.007424,0.012544,,0.002048,,1.771264
5311,45.136069600340136,19072336363451,1,5.1124999299645424,4.9394,5.016832,1.6836,14555,0.0012799999999999999,0.7424,,0.035328,0.089343999999999993,0,0.069887999999999992,0.007424,0.015616,,0.002304,,1.605888
5312,45.141069401927439,19072336412845,1,4.9998015165328979,4.9967,4.849664,1.6839,14555,0.0012799999999999999,0.734976,,0.0384,0.092928,0,0.073728,0.003328,0.013056,,0.002304,,1.6099839999999999
5313,45.146102501417232,19072336462812,1,5.0330995582044125,5.0223,4.978688,1.8487,14555,0.003328,0.732416,,0.270848,0.094463999999999992,0.000256,0.069887999999999992,0.007424,0.014848,,0.002304,,1.608704
5314,45.151112202380951,19072336513035,1,5.0097010098397732,5.2796,5.014272,1.7945,14555,0.0012799999999999999,0.73088,,0.039424,0.08832,0,0.068096,0.0076799999999999993,0.011776,,0.002304,,1.60128
5315,45.15607609835601,19072336565831,1,4.96389577165246,4.9884,4.985088,1.874,14555,0.0012799999999999999,0.738304,,0.036095999999999996,0.090112,0.000256,0.071424,0.004608,0.012544,,0.002048,,1.592064
5316,45.161251098356004,19072336615715,1,5.1750000566244125,5.3157,4.94336,2.0961,14607,0.001024,0.742912,,0.03328,0.087808,0,0.06784,0.010496,0.013056,,0.002304,,1.744384
5317,45.166276502267571,19072336668872,1,5.0254040397703648,4.6856,5.152256,1.7106,14555,0.001024,0.74060799999999993,,0.03328,0.08524799999999999,0.000256,0.067071999999999993,0.003072,0.015104,,0.002304,,2.1258239999999997
5318,45.17101609977324,19072336715728,1,4.73959743976593,5.027,5.001984,1.7764,14757,0.001024,0.74060799999999993,,0.03328,0.08524799999999999,0.000256,0.067071999999999993,0.003072,0.015104,,0.002304,,2.1258239999999997
5319,45.175814299886618,19072336765998,1,4.7981999814510345,5.0575,4.72832,1.9035,14555,0.001024,0.73651199999999994,,0.033024,0.091392,0.000256,0.070912,0.007424,0.013824,,0.002304,,1.8426879999999999
5320,45.180979896541949,19072336816573,1,5.16559649258852,5.0296,4.766208,1.7251,14555,0.001024,0.737024,,0.03328,0.087551999999999991,0,0.067328,0.007424,0.013056,,0.002048,,1.589504
5321,45.1862549957483,19072336866869,1,5.2750990726053715,4.6872,5.151744,1.7078,14555,0.001024,0.736768,,0.033024,0.088576,0.000256,0.068608,0.007936,0.013824,,0.002048,,1.604608
5322,45.191049702380951,19072336913741,1,4.7947065904736519,4.9009,5.006592,1.8278,14555,0.001024,0.72832,,0.036608,0.246272,0,0.07296,0.004608,0.013056,,0.002304,,1.606144
5323,45.196015497448975,19072336962750,1,4.9657952040433884,5.1438,4.761344,1.7149,14555,0.001024,0.728576,,0.279296,0.0896,0,0.069887999999999992,0.003328,0.015359999999999999,,0.002304,,1.6099839999999999
5324,45.201149397675735,19072337014188,1,5.1339003257453442,5.2504,4.952576,1.7639,14555,0.001024,0.733184,,0.041984,0.091136,0,0.071168,0.0076799999999999993,0.012032,,0.002304,,1.607168
5325,45.206177600623583,19072337066692,1,5.0282031297683716,4.7985,5.115648,1.762,14750,0.001024,0.72576,,0.032768,0.335872,0,0.31616,0.007424,0.013568,,0.002304,,1.799936
5326,45.211189597505665,19072337114677,1,5.0119967199862,4.98,5.007616,1.826,14555,0.001024,0.73727999999999994,,0.033024,0.089855999999999991,0.000256,0.07039999999999999,0.007168,0.015359999999999999,,0.002304,,1.8572799999999998
5327,45.216198398526075,19072337164477,1,5.0088008865714073,5.4601,4.992512,1.7922,14555,0.001024,0.741632,,0.033535999999999996,0.086016,0,0.067071999999999993,0.0076799999999999993,0.013824,,0.002304,,1.868544
5328,45.22128650085034,19072337219078,1,5.088102538138628,4.6891,4.984832,1.9317,14555,0.001024,0.735232,,0.033024,0.090624,0,0.072191999999999992,0.007168,0.011264,,0.002304,,2.109696
5329,45.226193799603173,19072337265969,1,4.90729883313179,4.9577,5.062912,1.8473,14555,0.001024,0.74214399999999991,,0.033024,0.093183999999999989,0.000256,0.073216,0.007424,0.011264,,0.002304,,2.006784
5330,45.231140497448976,19072337315546,1,4.9466979689896107,5.3361,4.631296,1.8635,14555,0.001024,0.727808,,0.033024,0.087296,0,0.068864,0.0076799999999999993,0.012032,,0.002048,,1.590272
5331,45.236184098639455,19072337368907,1,5.0436011515557766,4.9933,4.923648,1.8083,14555,0.001024,0.73983999999999994,,0.041984,0.091136,0.000256,0.072191999999999992,0.011264,0.015616,,0.002048,,1.586944
5332,45.2410748015873,19072337418840,1,4.89070313051343,4.7258,5.010176,1.7203,14555,0.001024,0.740864,,0.035584,0.091392,0,0.070912,0.007424,0.013568,,0.002048,,1.606912
5333,45.246084098639457,19072337466098,1,5.0092972815036774,4.9667,4.883456,2.073,14555,0.001024,0.74137599999999992,,0.035328,0.0896,0.000256,0.069376,0.007424,0.011776,,0.002304,,1.604096
5334,45.251140001417234,19072337515765,1,5.0559029914438725,4.8563,4.989184,1.7816,14555,0.001024,0.74137599999999992,,0.035328,0.0896,0.000256,0.069376,0.007424,0.011776,,0.002304,,1.604096
5335,45.256371598639454,19072337564328,1,5.2315969951450825,5.0628,5.042688,1.8173,14555,0.001024,0.731648,,0.033024,0.087296,0.000256,0.067328,0.0076799999999999993,0.012032,,0.002304,,1.7822719999999999
5336,45.2616378968254,19072337614956,1,5.2662980742752552,5.3073,5.203456,1.983,14555,0.001024,0.74137599999999992,,0.03328,0.09036799999999999,0,0.071168,0.007424,0.015616,,0.002304,,2.0139519999999997
5337,45.266749702380949,19072337668029,1,5.1118056289851665,5.2251,5.244416,1.8807,14555,0.001024,0.73292799999999991,,0.033535999999999996,0.087296,0,0.06912,0.0097279999999999988,0.012799999999999999,,0.002304,,1.831936
5338,45.27167699829932,19072337720280,1,4.9272957257926464,4.9881,5.087232,2.1988,51745,0.001024,0.731648,,0.03328,0.091136,0.000256,0.070656,0.007424,0.013568,,0.002048,,2.131712
5339,45.2768012967687,19072337770161,1,5.1242983900010586,4.9392,4.902144,1.7962,14555,0.001024,0.73651199999999994,,0.033024,0.091648,0,0.071936,0.003072,0.013312,,0.002304,,1.856512
5340,45.281686897675733,19072337819553,1,4.8856008797883987,5.1374,5.118208,0.5254,14555,0.001024,0.736,,0.033024,0.087808,0.000256,0.06784,0.007424,0.011007999999999999,,0.002304,,1.851136
5341,45.287322498582768,19072337870927,1,5.6356010027229786,5.6512,0.044288,1.8867,42487,0.001024,0.734464,,0.033024,0.088832,0.000256,0.069632,0.003328,0.012544,,0.002048,,1.586944
5342,45.292144699546483,19072337927439,1,4.82220109552145,4.4526,5.627392,2.0855,14555,0.001024,0.736,,0.032768,0.089343999999999993,0,0.069632,0.007424,0.012288,,0.002304,,1.5915519999999999
5343,45.297186401643991,19072337971965,1,5.0417021848261356,4.78,4.791296,2.0525,14555,0.001024,0.736,,0.032768,0.089343999999999993,0,0.069632,0.007424,0.012288,,0.002304,,1.5915519999999999
5344,45.302024199263037,19072338019765,1,4.8377974890172482,5.8558,4.759552,1.7805,14555,0.001024,0.73983999999999994,,0.038655999999999996,0.089343999999999993,0.000256,0.069376,0.007424,0.014336,,0.002304,,1.606144
5345,45.307125099206345,19072338078323,1,5.1008998416364193,4.7987,4.813312,1.7187,14555,0.001024,0.739328,,0.302336,0.09344,0.000256,0.073984,0.0076799999999999993,0.014848,,0.002304,,1.603584
5346,45.312142899659861,19072338126310,1,5.0178002566099167,4.9532,5.078272,2.0304,14555,0.001024,0.732416,,0.035584,0.089855999999999991,0,0.069632,0.007168,0.012799999999999999,,0.002048,,1.77664
5347,45.317215497448977,19072338175842,1,5.0725978799164295,4.7178,4.989696,2.0351,14555,0.001024,0.73881599999999992,,0.033024,0.339456,0,0.073216,0.005376,0.015872,,0.002304,,1.8439679999999998
5348,45.321990901360543,19072338223020,1,4.7754039987921715,5.4573,5.055744,1.9003,14555,0.001024,0.739328,,0.038655999999999996,0.091648,0,0.072191999999999992,0.0076799999999999993,0.013824,,0.002304,,1.763328
5349,45.327039002267568,19072338277593,1,5.0481008365750313,4.9678,4.750592,1.8042,14555,0.001024,0.73983999999999994,,0.03328,0.092928,0,0.07296,0.003328,0.014591999999999999,,0.002304,,1.844992
5350,45.33179289965986,19072338327271,1,4.7538974322378635,4.9678,5.022208,2.0398,14555,0.001024,0.739328,,0.033024,0.093183999999999989,0.000256,0.07296,0.010752,0.012799999999999999,,0.002304,,1.8270719999999998
5351,45.336300297619047,19072338376949,1,4.5073977671563625,4.7343,4.732928,1.8149,14555,0.001024,0.739072,,0.03456,0.088576,0,0.068608,0.0076799999999999993,0.012032,,0.002304,,1.59232
5352,45.341065398242627,19072338424292,1,4.7651007771492,5.2488,4.493568,1.7566,14555,0.001024,0.739584,,0.033024,0.08576,0,0.066816,0.007424,0.013312,,0.002048,,1.589504
5353,45.346001197562359,19072338476780,1,4.935799166560173,4.5099,4.739584,2.0335,14555,0.001024,0.74060799999999993,,0.03456,0.089343999999999993,0,0.069887999999999992,0.003328,0.013312,,0.002048,,1.5848959999999999
5354,45.351004301303853,19072338521879,1,5.0031035207211971,4.4059,4.888832,1.752,14555,0.001024,0.74060799999999993,,0.03456,0.089343999999999993,0,0.069887999999999992,0.003328,0.013312,,0.002048,,1.5848959999999999
5355,45.355609800170065,19072338565938,1,4.6054990962147713,5.2123,5.029376,1.8005,14555,0.001024,0.73062399999999994,,0.032768,0.080639999999999989,0,0.062208,0.007424,0.012544,,0.002304,,1.87008
5356,45.360191999716548,19072338618061,1,4.5821997337043285,4.537,4.571648,1.8715,14802,0.001024,0.74137599999999992,,0.033535999999999996,0.08832,0,0.068352,0.0076799999999999993,0.015616,,0.002304,,1.5872
5357,45.364924199263037,19072338663431,1,4.7321994788944721,5.0729,4.558592,2.0815,14555,0.001024,0.740096,,0.033024,0.089855999999999991,0,0.069376,0.003072,0.011776,,0.002304,,1.592064
5358,45.369506696428573,19072338714160,1,4.5824972912669182,4.9742,4.712448,1.9613,14902,0.001024,0.740352,,0.032768,0.086016,0.000256,0.066816,0.007424,0.012544,,0.002304,,1.586176
5359,45.374290001417229,19072338763902,1,4.7833048738539219,4.3368,4.5632,1.755,14555,0.001024,0.73881599999999992,,0.03328,0.091136,0,0.070656,0.007424,0.012544,,0.002048,,1.5879679999999998
5360,45.378873398526075,19072338807270,1,4.5833969488739967,4.5344,4.763648,2.1226,14555,0.001024,0.73727999999999994,,0.032768,0.090624,0.000256,0.07039999999999999,0.0076799999999999993,0.012032,,0.002048,,1.5915519999999999
5361,45.383449999999996,19072338852614,1,4.5766015537083149,4.9095,4.565504,2.0995,14555,0.001024,0.73727999999999994,,0.032768,0.090624,0.000256,0.07039999999999999,0.0076799999999999993,0.012032,,0.002048,,1.5915519999999999
5362,45.388030102040815,19072338901709,1,4.5801019296050072,4.5884,4.55552,1.8643,14555,0.001024,0.741888,,0.032768,0.083456,0.000256,0.065792,0.0076799999999999993,0.012544,,0.002304,,1.585408
5363,45.39261510062358,19072338947593,1,4.584998358041048,4.568,4.554496,2.0082,14555,0.0012799999999999999,0.73395199999999994,,0.032768,0.08448,0,0.066304,0.006912,0.011776,,0.002304,,1.587456
5364,45.3972216978458,19072338993273,1,4.6065971255302429,4.5523,4.564992,1.9986,14555,0.001024,0.735232,,0.032768,0.08448,0,0.066048,0.0076799999999999993,0.011519999999999999,,0.002304,,1.58848
5365,45.401766900510204,19072339038796,1,4.5452024787664413,4.4854,4.5824,1.6215,14555,0.001024,0.73983999999999994,,0.032512,0.086016,0.000256,0.068096,0.005376,0.012544,,0.002304,,1.6084479999999999
5366,45.406336096938773,19072339083650,1,4.5691966079175472,4.6803,4.503808,1.7273,14555,0.001024,0.728576,,0.032768,0.086272,0,0.068096,0.007424,0.012544,,0.002304,,1.5879679999999998
5367,45.411072200963716,19072339130453,1,4.7361040487885475,4.6675,4.574464,1.8578,14555,0.001024,0.737792,,0.033024,0.084992,0,0.066816,0.003072,0.015359999999999999,,0.002048,,1.589504
5368,45.415649397675736,19072339177128,1,4.5771966688334942,4.5233,4.712192,1.8491,14555,0.001024,0.740096,,0.033791999999999996,0.084224,0,0.06656,0.0097279999999999988,0.013568,,0.002048,,1.588992
5369,45.420217198129251,19072339222361,1,4.5678005553781986,4.5303,4.553728,1.7252,14555,0.0012799999999999999,0.740096,,0.032512,0.083456,0,0.065792,0.003328,0.013312,,0.002048,,1.588736
5370,45.425025496031743,19072339267664,1,4.8082978464663029,4.7495,4.553984,1.8147,20997,0.0012799999999999999,0.740096,,0.032512,0.083456,0,0.065792,0.003328,0.013312,,0.002048,,1.588736
5371,45.429633602607709,19072339315159,1,4.6081067994236946,4.4609,4.781056,1.7119,14555,0.001024,0.737024,,0.032768,0.091392,0,0.071168,0.0076799999999999993,0.015872,,0.002304,,1.609216
5372,45.434234998582767,19072339359768,1,4.6013961546123028,4.7375,4.59904,1.7736,14555,0.001024,0.742656,,0.033024,0.091648,0.000256,0.072703999999999991,0.007424,0.012544,,0.002048,,1.5879679999999998
5373,45.438805697278909,19072339407143,1,4.570698831230402,4.7028,4.568832,1.8873,14555,0.001024,0.73395199999999994,,0.032768,0.09036799999999999,0,0.069887999999999992,0.007936,0.014079999999999999,,0.002304,,1.586176
5374,45.443397902494333,19072339454171,1,4.59220539778471,4.5374,4.555264,1.8276,14555,0.001024,0.741632,,0.033024,0.090624,0,0.07168,0.010752,0.013568,,0.002304,,1.588736
5375,45.447986996882086,19072339499545,1,4.5890943147242069,4.7205,4.573696,1.7826,14555,0.001024,0.73548799999999992,,0.033024,0.089343999999999993,0,0.06912,0.0076799999999999993,0.014848,,0.002304,,1.586176
5376,45.452758297902491,19072339546750,1,4.771301057189703,4.5237,4.5696,1.7325,14555,0.001024,0.737792,,0.033024,0.089343999999999993,0,0.069887999999999992,0.0076799999999999993,0.012032,,0.002048,,1.588736
5377,45.457336500850339,19072339591987,1,4.5782029628753662,4.6318,4.741632,2.2937,14555,0.001024,0.735232,,0.033024,0.08576,0,0.066048,0.010752,0.013568,,0.002048,,1.5848959999999999
5378,45.461969997165532,19072339638305,1,4.6334965154528618,4.8812,4.562176,1.8067,14555,0.001024,0.739584,,0.033024,0.091136,0,0.070912,0.010752,0.013056,,0.002304,,1.588736
5379,45.46655240221088,19072339687117,1,4.5824050903320313,4.3914,4.608,1.721,14555,0.001024,0.737536,,0.033024,0.08806399999999999,0.000256,0.069887999999999992,0.0076799999999999993,0.014848,,0.002304,,1.6030719999999998
5380,45.471115001417232,19072339731031,1,4.5625991187989712,4.5905,4.56576,1.987,14757,0.001024,0.74060799999999993,,0.032768,0.090112,0,0.07168,0.0076799999999999993,0.013568,,0.0025599999999999998,,1.592832
5381,45.475698901643987,19072339776936,1,4.5839003287255764,5.1167,4.543488,1.7429,14555,0.001024,0.73548799999999992,,0.03328,0.08806399999999999,0,0.068608,0.0076799999999999993,0.012544,,0.002304,,1.5872
5382,45.480273596938773,19072339828103,1,4.574695136398077,4.1181,4.562176,1.7346,14555,0.001024,0.739072,,0.032768,0.082176,0,0.064,0.0038399999999999997,0.012544,,0.002048,,1.585152
5383,45.484840596655324,19072339869284,1,4.5669996179640293,4.6195,4.550656,1.7313,14555,0.001024,0.739072,,0.032768,0.082176,0,0.064,0.0038399999999999997,0.012544,,0.002048,,1.585152
5384,45.489609700963719,19072339915479,1,4.7691045328974724,4.5594,4.554496,1.7067,14555,0.001024,0.729088,,0.032768,0.085504,0,0.067071999999999993,0.003328,0.013568,,0.002304,,1.589248
5385,45.494204301303853,19072339961073,1,4.5946002937853336,4.5387,4.743168,1.8178,14555,0.001024,0.733696,,0.032768,0.084735999999999992,0,0.066816,0.0076799999999999993,0.011776,,0.002304,,1.604096
5386,45.4994419005102,19072340006460,1,5.2375993691384792,4.6106,4.575232,1.7787,14555,0.001024,0.736768,,0.033024,0.08576,0,0.067328,0.0076799999999999993,0.013056,,0.002304,,1.590528
5387,45.504025297619044,19072340052566,1,4.5833969488739967,4.7712,5.217024,1.9702,14555,0.001024,0.740096,,0.032768,0.091904,0,0.072448,0.007424,0.013312,,0.002304,,1.821184
5388,45.508600496031747,19072340100278,1,4.5751985162496567,5.0069,4.574208,1.8206,14555,0.001024,0.732672,,0.033024,0.08832,0.000256,0.068608,0.003072,0.013056,,0.002304,,1.592832
5389,45.513159800170065,19072340150347,1,4.5593040995299816,5.0919,4.55168,2.128,14750,0.001024,0.73856,,0.032768,0.090624,0,0.07039999999999999,0.003072,0.013824,,0.0025599999999999998,,1.586944
5390,45.517715695861675,19072340201266,1,4.555895458906889,4.8607,4.545536,1.8971,14555,0.001024,0.735744,,0.033024,0.091136,0,0.070656,0.003328,0.013056,,0.002304,,1.588736
5391,45.522297300170067,19072340249873,1,4.5816041529178619,3.9583,4.531712,1.7812,51543,0.001024,0.73215999999999992,,0.033024,0.086528,0.000256,0.067583999999999991,0.003328,0.011776,,0.002304,,1.5882239999999999
5392,45.526849801587296,19072340289456,1,4.5525012537837029,4.6522,4.562944,1.7984,14555,0.001024,0.742656,,0.032768,0.084735999999999992,0,0.06656,0.007424,0.013056,,0.0025599999999999998,,1.60256
5393,45.53188740079365,19072340335978,1,5.0375992432236671,4.7082,4.52992,0.5059,14555,0.001024,0.742656,,0.032768,0.084735999999999992,0,0.06656,0.007424,0.013056,,0.0025599999999999998,,1.60256
5394,45.53638759920635,19072340383060,1,4.5001986436545849,5.337,0.033792,1.7787,14555,0.001024,0.737024,,0.03328,0.083712,0,0.065792,0.011007999999999999,0.013312,,0.002304,,1.8639359999999998
5395,45.540977699829931,19072340436430,1,4.5901006087660789,3.7163,4.483584,1.7352,14555,0.001024,0.727552,,0.032768,0.084735999999999992,0,0.066816,0.0076799999999999993,0.014079999999999999,,0.002048,,1.5900159999999999
5396,45.54549489795918,19072340473593,1,4.5171980746090412,4.9474,4.561152,1.8317,14555,0.001024,0.727552,,0.032768,0.084735999999999992,0,0.066816,0.0076799999999999993,0.014079999999999999,,0.002048,,1.5900159999999999
5397,45.550148299319723,19072340523067,1,4.6534012071788311,4.6435,4.491264,1.7968,14555,0.001024,0.731904,,0.032768,0.089855999999999991,0,0.069376,0.007424,0.014336,,0.0025599999999999998,,1.590272
5398,45.554680102040813,19072340569502,1,4.5318026095628738,4.4189,4.638976,2.0173,14555,0.001024,0.743424,,0.033024,0.08832,0,0.069632,0.003072,0.012544,,0.002304,,1.5897599999999998
5399,45.559190901360545,19072340613691,1,4.5107994228601456,4.4439,4.504576,1.7953,14555,0.001024,0.743424,,0.033024,0.08832,0,0.069632,0.003072,0.012544,,0.002304,,1.5897599999999998
5400,45.563697696995462,19072340658130,1,4.5067956671118736,5.0819,4.498176,1.9526,14607,0.001024,0.729088,,0.032768,0.086016,0.000256,0.067583999999999991,0.007424,0.013824,,0.002304,,1.60256
5401,45.568299496882084,19072340708949,1,4.6017998829483986,4.7484,4.478464,1.7095,14555,0.001024,0.731648,,0.03328,0.086528,0,0.067328,0.0076799999999999993,0.012288,,0.002304,,1.586944
5402,45.57291339994331,19072340756433,1,4.613902885466814,3.8675,4.589568,1.724,14757,0.001024,0.73292799999999991,,0.032768,0.08576,0,0.06784,0.007424,0.013056,,0.0025599999999999998,,1.6084479999999999
5403,45.577499702380948,19072340795108,1,4.58630220964551,4.6424,4.58368,1.6795,14555,0.001024,0.73292799999999991,,0.032768,0.08576,0,0.06784,0.007424,0.013056,,0.0025599999999999998,,1.6084479999999999
5404,45.582212096088433,19072340841532,1,4.712393507361412,4.4829,4.565248,1.5574,14555,0.001024,0.73215999999999992,,0.032512,0.08576,0,0.067583999999999991,0.007424,0.013056,,0.002304,,1.604352
5405,45.586773299319724,19072340886361,1,4.5612030662596226,4.7148,4.694528,1.7325,14555,0.001024,0.73856,,0.032768,0.08524799999999999,0,0.067583999999999991,0.0076799999999999993,0.014848,,0.002304,,1.590272
5406,45.591349496882081,19072340933509,1,4.5761973597109318,4.614,4.53888,1.7479,14555,0.001024,0.73856,,0.032768,0.08524799999999999,0,0.067583999999999991,0.0076799999999999993,0.014848,,0.002304,,1.590272
5407,45.595988102324263,19072340979649,1,4.638605285435915,4.6568,4.55424,1.6805,14555,0.001024,0.736256,,0.032768,0.081664,0.000256,0.063232,0.009216,0.012799999999999999,,0.002048,,1.5866879999999999
5408,45.600590695861676,19072341026217,1,4.602593369781971,4.8859,4.548096,1.777,14555,0.001024,0.736256,,0.032768,0.081664,0.000256,0.063232,0.009216,0.012799999999999999,,0.002048,,1.5866879999999999
5409,45.605271301020409,19072341075076,1,4.6806051395833492,4.1952,4.64128,1.6973,14555,0.001024,0.732672,,0.033024,0.087296,0,0.067071999999999993,0.007424,0.012799999999999999,,0.002304,,1.607936
5410,45.60980870181406,19072341117028,1,4.5374007895588875,4.6649,4.580352,2.0711,14555,0.001024,0.733184,,0.033024,0.089088,0,0.070912,0.003328,0.014591999999999999,,0.002048,,1.591808
5411,45.614391397392289,19072341163677,1,4.5826956629753113,4.8684,4.596736,1.8588,14555,0.001024,0.73804799999999993,,0.03328,0.09088,0,0.071424,0.0076799999999999993,0.013568,,0.002304,,1.590272
5412,45.618993197278911,19072341212361,1,4.6017998829483986,4.841,4.566016,1.8065,14555,0.001024,0.72959999999999992,,0.03328,0.0896,0,0.071424,0.007424,0.012288,,0.002304,,1.588992
5413,45.623583397108838,19072341260771,1,4.5901997946202755,4.1361,4.578816,1.7569,14555,0.001024,0.727552,,0.033535999999999996,0.087808,0.000256,0.068864,0.010752,0.012288,,0.002304,,1.604096
5414,45.628149397675735,19072341302132,1,4.5660007745027542,4.5273,4.559872,1.8975,15118,0.001024,0.739328,,0.033024,0.091392,0,0.071424,0.011007999999999999,0.012799999999999999,,0.002304,,1.588736
5415,45.632736600056688,19072341347405,1,4.5872023329138756,4.8326,4.55168,1.5961,48806,0.001024,0.733184,,0.032768,0.084992,0,0.066816,0.007424,0.014079999999999999,,0.0025599999999999998,,1.6048639999999998
5416,45.637323696145124,19072341395731,1,4.5870961621403694,4.3313,4.547584,1.9054,14555,0.001024,0.7424,,0.032768,0.086272,0,0.06784,0.003328,0.011264,,0.002048,,1.5879679999999998
5417,45.64209759778911,19072341439044,1,4.7739017754793167,4.6346,4.584192,2.1465,14555,0.001024,0.739072,,0.032768,0.08524799999999999,0,0.067328,0.0076799999999999993,0.014336,,0.002304,,1.5879679999999998
5418,45.646695599489796,19072341485390,1,4.5980014838278294,4.7801,4.752896,1.8929,14555,0.001024,0.729344,,0.032768,0.083712,0,0.065024,0.0076799999999999993,0.012544,,0.002304,,1.765888
5419,45.651273398526072,19072341533191,1,4.57779923453927,4.5236,4.57728,1.7305,14555,0.001024,0.735744,,0.033024,0.087039999999999992,0,0.068608,0.007424,0.014336,,0.002048,,1.586176
5420,45.655875297619048,19072341578427,1,4.6018990688025951,4.783,4.542208,1.9464,14555,0.001024,0.733184,,0.032768,0.081152,0,0.06272,0.0076799999999999993,0.011264,,0.002304,,1.589504
5421,45.660347399376413,19072341626257,1,4.4721015729010105,4.7555,4.511232,2.1991,14555,0.001024,0.732672,,0.032768,0.0896,0,0.068864,0.0063999999999999994,0.014848,,0.002304,,1.605888
5422,45.664921102607707,19072341673812,1,4.5737032778561115,5.2645,4.524288,2.882,14750,0.001024,0.73062399999999994,,0.032768,0.084992,0,0.06656,0.0076799999999999993,0.012544,,0.002048,,1.585664
5423,45.669476700680271,19072341726457,1,4.5555979013442993,3.7342,4.538112,1.8641,14959,0.001024,0.73062399999999994,,0.032768,0.084992,0,0.06656,0.0076799999999999993,0.012544,,0.002048,,1.585664
5424,45.674041801303851,19072341763799,1,4.5651006512343884,4.843,4.526592,1.6654,14555,0.001024,0.74112,,0.033024,0.08576,0,0.067328,0.0051199999999999996,0.013824,,0.0025599999999999998,,1.589248
5425,45.678569097222223,19072341812229,1,4.5272959396243095,4.1863,4.547328,1.8387,14555,0.001024,0.74112,,0.033024,0.08576,0,0.067328,0.0051199999999999996,0.013824,,0.0025599999999999998,,1.589248
5426,45.683114498299318,19072341854092,1,4.5454008504748344,4.5285,4.508928,1.6765,14555,0.001024,0.726784,,0.032512,0.08448,0.000256,0.066048,0.003072,0.014336,,0.002304,,1.590784
5427,45.687866298185938,19072341899377,1,4.7518000937998295,4.8307,4.52736,1.819,14555,0.001024,0.731136,,0.032768,0.08576,0,0.068096,0.007424,0.013312,,0.002304,,1.588736
5428,45.692452196712019,19072341947684,1,4.5858984813094139,4.1819,4.72576,2.1471,14555,0.001024,0.731136,,0.033024,0.083968,0,0.066048,0.003328,0.014079999999999999,,0.002048,,1.585664
5429,45.6970670989229,19072341989503,1,4.6149021945893764,4.8702,4.563968,1.8957,14555,0.001024,0.738304,,0.032768,0.087551999999999991,0,0.06912,0.005632,0.012544,,0.002304,,1.588992
5430,45.701812996031741,19072342038205,1,4.7458969056606293,4.7203,4.594944,1.8204,14555,0.001024,0.73881599999999992,,0.033024,0.084992,0,0.067328,0.007936,0.014079999999999999,,0.002304,,1.587712
5431,45.706421201814059,19072342085408,1,4.6082059852778912,4.3968,4.725504,1.8299,14555,0.001024,0.739328,,0.033024,0.084224,0,0.066304,0.007424,0.012544,,0.002304,,1.5864319999999998
5432,45.710929095804985,19072342129376,1,4.5078941620886326,4.9164,4.581888,2.0199,14555,0.0012799999999999999,0.73881599999999992,,0.033024,0.087551999999999991,0,0.068608,0.0076799999999999993,0.013568,,0.002048,,1.592064
5433,45.715526296768708,19072342178540,1,4.5972010120749474,4.7773,4.48128,1.7892,14555,0.0012799999999999999,0.73881599999999992,,0.033024,0.087551999999999991,0,0.068608,0.0076799999999999993,0.013568,,0.002048,,1.592064
5434,45.720034197845806,19072342226313,1,4.5079011470079422,4.263,4.569088,1.9103,14555,0.001024,0.739584,,0.033024,0.084992,0,0.067328,0.007424,0.015359999999999999,,0.002048,,1.5872
5435,45.724571201814058,19072342268943,1,4.5370040461421013,4.7772,4.491776,1.8924,14555,0.001024,0.74060799999999993,,0.032768,0.084224,0,0.065792,0.005376,0.011776,,0.002304,,1.590272
5436,45.729131101190475,19072342316715,1,4.5598992146551609,4.2466,4.509696,1.6168,14555,0.001024,0.73983999999999994,,0.032768,0.089088,0,0.07039999999999999,0.007424,0.015359999999999999,,0.002304,,1.5864319999999998
5437,45.73369389880952,19072342359181,1,4.5627974905073643,4.6349,4.534784,1.7898,14555,0.001024,0.731648,,0.032768,0.083968,0.000256,0.065792,0.007424,0.013824,,0.002304,,1.5912959999999998
5438,45.738462996031743,19072342405530,1,4.7690970823168755,4.5008,4.541696,1.8681,14555,0.001024,0.739072,,0.032768,0.083712,0.000256,0.065279999999999991,0.0076799999999999993,0.013056,,0.002048,,1.58592
5439,45.743239498299317,19072342450538,1,4.77650249376893,4.9991,4.735488,1.856,14555,0.001024,0.73727999999999994,,0.033024,0.087551999999999991,0,0.067583999999999991,0.007424,0.011776,,0.002304,,1.5879679999999998
5440,45.74778470096372,19072342500529,1,4.5452024787664413,4.09,4.77184,1.9938,14555,0.001024,0.739072,,0.032768,0.090112,0,0.070656,0.010496,0.013824,,0.002304,,1.5900159999999999
5441,45.752378996598637,19072342541429,1,4.5942957513034344,5.0672,4.522496,1.9779,14555,0.001024,0.739072,,0.032768,0.090112,0,0.070656,0.010496,0.013824,,0.002304,,1.5900159999999999
5442,45.756936401643991,19072342592101,1,4.5574051328003407,4.6233,4.56448,1.5687,14555,0.001024,0.739328,,0.032768,0.084224,0,0.066304,0.007424,0.013312,,0.002048,,1.59872
5443,45.761494401927436,19072342638334,1,4.55800024792552,4.3156,4.54784,1.6957,14555,0.001024,0.73292799999999991,,0.032512,0.08524799999999999,0.000256,0.067071999999999993,0.0076799999999999993,0.013056,,0.002304,,1.585664
5444,45.766068501984122,19072342681490,1,4.5741000212728977,4.639,4.523008,1.7625,14607,0.001024,0.734976,,0.032768,0.081664,0.000256,0.063232,0.003072,0.012799999999999999,,0.002304,,1.5900159999999999
5445,45.770639101473918,19072342727880,1,4.5705996453762054,4.5298,4.558848,1.7292,14757,0.001024,0.734976,,0.032768,0.081664,0.000256,0.063232,0.003072,0.012799999999999999,,0.002304,,1.5900159999999999
5446,45.775190398242628,19072342773178,1,4.5512965880334377,4.6035,4.550144,1.6856,51543,0.001024,0.736,,0.032768,0.083968,0,0.065792,0.0076799999999999993,0.012288,,0.002304,,1.5900159999999999
5447,45.779969097222221,19072342819213,1,4.778699018061161,4.7632,4.526592,1.8488,14555,0.001024,0.73088,,0.033024,0.082688,0,0.064,0.005632,0.014336,,0.002048,,1.5872
5448,45.784681696428571,19072342866845,1,4.7125993296504021,4.2552,4.751616,0.529,14555,0.001024,0.73088,,0.033024,0.09036799999999999,0,0.071168,0.007168,0.011776,,0.002304,,1.6063999999999998
5449,45.789523200113379,19072342909397,1,4.8415036872029305,6.0433,0.044032,1.8214,14555,0.001024,0.728576,,0.033024,0.338688,0,0.068608,0.004608,0.014591999999999999,,0.002304,,1.605376
5450,45.794100099206346,19072342969830,1,4.5768991112709045,3.2909,4.816128,1.7022,14555,0.001024,0.728576,,0.033024,0.338688,0,0.068608,0.004608,0.014591999999999999,,0.002304,,1.605376
5451,45.79864239654195,19072343002739,1,4.5422972179949284,4.8047,4.555776,1.7992,14555,0.001024,0.72832,,0.033024,0.091136,0,0.07168,0.003328,0.014336,,0.002304,,1.5879679999999998
5452,45.803175701530613,19072343050786,1,4.5333048328757286,4.9309,4.521216,1.707,14555,0.001024,0.734464,,0.033024,0.089343999999999993,0,0.070144,0.0076799999999999993,0.014079999999999999,,0.0025599999999999998,,1.590784
5453,45.807786196145123,19072343100095,1,4.6104947105050087,4.7011,4.513792,1.7833,14555,0.001024,0.73727999999999994,,0.032768,0.08294399999999999,0,0.064767999999999992,0.009472,0.012032,,0.002304,,1.5872
5454,45.812380498866212,19072343147106,1,4.594302736222744,4.2492,4.583424,1.8791,14555,0.0012799999999999999,0.72806399999999993,,0.033024,0.084735999999999992,0,0.066048,0.0076799999999999993,0.013056,,0.002304,,1.589504
5455,45.816967800453511,19072343189598,1,4.5873015187680721,4.4807,4.57344,1.8076,14750,0.001024,0.732416,,0.033024,0.088576,0,0.068608,0.0084479999999999989,0.012799999999999999,,0.002304,,1.592576
5456,45.821533602607708,19072343234405,1,4.5658019371330738,4.798,4.564736,1.8086,14555,0.001024,0.732416,,0.033024,0.088576,0,0.068608,0.0084479999999999989,0.012799999999999999,,0.002304,,1.592576
5457,45.8261667020975,19072343282385,1,4.6330993063747883,4.575,4.558336,1.8399,14555,0.001024,0.730112,,0.033024,0.087551999999999991,0.000256,0.068352,0.003328,0.012544,,0.002304,,1.5864319999999998
5458,45.830735799319726,19072343328135,1,4.5690974220633507,4.9921,4.60416,2.0848,14555,0.001024,0.73983999999999994,,0.03328,0.0896,0,0.069632,0.003328,0.011264,,0.002304,,1.592064
5459,45.835321499433107,19072343378056,1,4.5857001096010208,4.4308,4.55424,1.9191,14555,0.001024,0.739072,,0.033024,0.0896,0,0.07039999999999999,0.003584,0.012288,,0.002048,,1.592064
5460,45.840092495748294,19072343422364,1,4.7709965147078037,4.9079,4.566528,2.1534,14555,0.001024,0.739584,,0.033024,0.093696,0,0.073216,0.003328,0.012544,,0.002304,,1.5864319999999998
5461,45.844676296768704,19072343471443,1,4.58380114287138,4.1282,4.740352,1.8433,14555,0.001024,0.739584,,0.033024,0.093696,0,0.073216,0.003328,0.012544,,0.002304,,1.5864319999999998
5462,45.849248398526072,19072343512725,1,4.57210186868906,5.0044,4.565248,1.6318,14555,0.001024,0.742656,,0.032768,0.084224,0.000256,0.066304,0.007424,0.014079999999999999,,0.002304,,1.602304
5463,45.853805902777779,19072343562769,1,4.5575043186545372,4.4863,4.552192,1.62,14555,0.001024,0.736768,,0.032768,0.08448,0,0.066304,0.007424,0.011776,,0.002304,,1.5900159999999999
5464,45.858333099489791,19072343607632,1,4.527196753770113,4.3283,4.52736,1.6084,14555,0.001024,0.736768,,0.032768,0.08448,0,0.066304,0.007424,0.011776,,0.002304,,1.5900159999999999
5465,45.8629172973356,19072343650915,1,4.584197886288166,4.6617,4.510464,1.7657,14555,0.001024,0.732416,,0.032768,0.083712,0,0.065792,0.009472,0.014079999999999999,,0.002048,,1.5872
5466,45.867461196145122,19072343697532,1,4.54389862716198,4.5287,4.568576,1.8617,14555,0.001024,0.72729599999999994,,0.033024,0.083712,0,0.065279999999999991,0.007424,0.013824,,0.0025599999999999998,,1.587456
5467,45.872023398526075,19072343742819,1,4.562202375382185,4.5436,4.522496,2.0304,14757,0.001024,0.73651199999999994,,0.032768,0.08524799999999999,0,0.067071999999999993,0.003328,0.012799999999999999,,0.002048,,1.5897599999999998
5468,45.876595096371879,19072343788255,1,4.5716976746916771,4.568,4.545536,2.0196,14555,0.001024,0.73651199999999994,,0.032768,0.08524799999999999,0,0.067071999999999993,0.003328,0.012799999999999999,,0.002048,,1.5897599999999998
5469,45.881197902494328,19072343833935,1,4.6028061769902706,4.5853,4.5568,1.7507,14555,0.001024,0.74060799999999993,,0.033024,0.092159999999999992,0,0.072191999999999992,0.003072,0.013312,,0.002304,,1.590528
5470,45.8857919005102,19072343879788,1,4.5939981937408447,4.4687,4.570624,1.8859,14555,0.001024,0.738304,,0.033024,0.090624,0,0.071168,0.011776,0.013312,,0.0025599999999999998,,1.587456
5471,45.890483198696145,19072343924475,1,4.6912981197237968,4.6658,4.579328,1.7795,14555,0.001024,0.729088,,0.033024,0.0896,0.000256,0.069632,0.0076799999999999993,0.012288,,0.002048,,1.590272
5472,45.895118098072558,19072343971133,1,4.63489955291152,4.5178,4.584448,1.9648,14555,0.001024,0.74112,,0.032768,0.082431999999999991,0,0.064512,0.0076799999999999993,0.014336,,0.002304,,1.586176
5473,45.900038697562358,19072344016311,1,4.9205995164811611,4.8449,4.698624,1.888,14555,0.001024,0.73651199999999994,,0.032256,0.08524799999999999,0,0.066816,0.009216,0.014848,,0.002304,,1.886464
5474,45.90460639880952,19072344064760,1,4.5677013695240021,4.5923,4.901376,1.8502,14555,0.001024,0.73651199999999994,,0.032256,0.08524799999999999,0,0.066816,0.009216,0.014848,,0.002304,,1.886464
5475,45.909192899659864,19072344110683,1,4.58650104701519,4.9039,4.54272,1.8836,14555,0.001024,0.739328,,0.032768,0.082688,0,0.065024,0.0076799999999999993,0.011776,,0.002048,,1.589504
5476,45.913800999149657,19072344159722,1,4.6080993488430977,4.691,4.564224,1.7422,14555,0.001024,0.735744,,0.032512,0.083968,0.000256,0.065536,0.007424,0.012288,,0.002048,,1.589504
5477,45.918360296201811,19072344206632,1,4.559297114610672,4.5081,4.590848,1.7065,14555,0.001024,0.735744,,0.032512,0.083968,0.000256,0.065536,0.007424,0.012288,,0.002048,,1.589504
5478,45.922897200963718,19072344251713,1,4.5369048602879047,4.4378,4.544512,1.8289,14555,0.001024,0.723712,,0.032768,0.08294399999999999,0,0.064,0.003584,0.013568,,0.002304,,1.5912959999999998
5479,45.92746719812925,19072344296091,1,4.5699970796704292,4.6766,4.521472,1.8496,20997,0.001024,0.723712,,0.032768,0.08294399999999999,0,0.064,0.003584,0.013568,,0.002304,,1.5912959999999998
5480,45.932013895975054,19072344342857,1,4.5466977171599865,4.4915,4.542464,1.9167,14555,0.001024,0.74112,,0.033024,0.084992,0,0.067071999999999993,0.003328,0.012799999999999999,,0.002048,,1.584128
5481,45.936617602040812,19072344387772,1,4.6037058345973492,4.6424,4.532992,1.9651,14555,0.001024,0.741888,,0.032768,0.085504,0,0.067328,0.003328,0.014079999999999999,,0.002304,,1.590272
5482,45.94118030045351,19072344434196,1,4.5626983046531677,4.6776,4.596736,1.851,14555,0.001024,0.741888,,0.032768,0.085504,0,0.067328,0.003328,0.014079999999999999,,0.002304,,1.590272
5483,45.945769600340135,19072344480972,1,4.58929967135191,4.5368,4.543488,2.0952,14555,0.001024,0.73804799999999993,,0.032768,0.084992,0,0.066816,0.0048639999999999994,0.015104,,0.002048,,1.590784
5484,45.950331498015871,19072344526340,1,4.5618978329002857,4.6606,4.566272,1.861,14555,0.001024,0.739328,,0.033024,0.088576,0,0.068608,0.009984,0.012799999999999999,,0.002304,,1.590528
5485,45.954863201530607,19072344572946,1,4.5317034237086773,4.4045,4.543744,1.6944,14555,0.001024,0.743424,,0.033024,0.083968,0.000256,0.065279999999999991,0.003072,0.011519999999999999,,0.002304,,1.588736
5486,45.95941580215419,19072344616991,1,4.5526004396378994,4.5807,4.505088,1.6581,14555,0.001024,0.743424,,0.033024,0.083968,0.000256,0.065279999999999991,0.003072,0.011519999999999999,,0.002304,,1.588736
5487,45.963987996031747,19072344662798,1,4.5721940696239471,4.4759,4.53376,1.6096,14555,0.001024,0.731904,,0.032768,0.084735999999999992,0,0.066048,0.007424,0.012544,,0.002304,,1.606912
5488,45.96857310090703,19072344707557,1,4.5851049944758415,4.4617,4.550912,1.8147,14802,0.001024,0.74214399999999991,,0.032512,0.083456,0,0.065279999999999991,0.0076799999999999993,0.013056,,0.002304,,1.586944
5489,45.973121598639452,19072344752174,1,4.5484979636967182,4.5227,4.557824,1.8657,14757,0.001024,0.739328,,0.032768,0.083968,0,0.065792,0.007424,0.014336,,0.002304,,1.5879679999999998
5490,45.977691397392292,19072344797401,1,4.5697987079620361,4.6586,4.531456,1.8924,14555,0.0012799999999999999,0.737536,,0.032768,0.083968,0.000256,0.065279999999999991,0.003328,0.013568,,0.002304,,1.591808
5491,45.982265001417232,19072344843987,1,4.573604092001915,4.4217,4.535808,1.8088,14555,0.001024,0.734976,,0.032768,0.086784,0.000256,0.068096,0.003328,0.012799999999999999,,0.002048,,1.58592
5492,45.986850999149659,19072344888204,1,4.5859976671636105,4.607,4.567552,1.839,14555,0.001024,0.73471999999999993,,0.032768,0.087039999999999992,0.000256,0.067328,0.007424,0.012288,,0.002304,,1.592832
5493,45.991475999149657,19072344934274,1,4.6250000596046448,4.6346,4.565248,1.75,14555,0.001024,0.73881599999999992,,0.033024,0.091136,0,0.070912,0.007424,0.015359999999999999,,0.002304,,1.587712
5494,45.996103195861679,19072344980620,1,4.6271965838968754,4.6067,4.607488,1.7367,14555,0.001024,0.733696,,0.03328,0.090112,0,0.069632,0.0076799999999999993,0.011776,,0.002304,,1.60768
5495,46.000832001133787,19072345026687,1,4.728805273771286,4.5072,4.580864,1.8173,14555,0.001024,0.73139199999999993,,0.032768,0.091136,0,0.071936,0.0076799999999999993,0.013568,,0.002048,,1.587712
5496,46.005429499716548,19072345071759,1,4.597498569637537,4.7614,4.731392,1.8689,14555,0.001024,0.73139199999999993,,0.032768,0.091136,0,0.071936,0.0076799999999999993,0.013568,,0.002048,,1.587712
5497,46.010050701530609,19072345119373,1,4.6212016604840755,4.933,4.578816,1.8927,14555,0.001024,0.732672,,0.033535999999999996,0.088832,0,0.070656,0.003072,0.015104,,0.002304,,1.585664
5498,46.014615802154196,19072345168703,1,4.5651006512343884,4.7878,4.602368,1.992,14555,0.001024,0.74214399999999991,,0.032768,0.089855999999999991,0,0.069887999999999992,0.003328,0.012544,,0.002048,,1.5864319999999998
5499,46.019535600907027,19072345216581,1,4.9197985790669918,4.384,4.54912,2.3474,14555,0.0012799999999999999,0.735744,,0.03456,0.087296,0.000256,0.068608,0.003328,0.013824,,0.002304,,1.747968
5500,46.024318501984126,19072345260421,1,4.7829011455178261,4.7169,4.893952,1.7933,14555,0.0012799999999999999,0.735744,,0.03456,0.087296,0.000256,0.068608,0.003328,0.013824,,0.002304,,1.747968
5501,46.029088796768704,19072345307590,1,4.770294763147831,4.5996,4.759296,1.8603,52235,0.001024,0.731648,,0.034304,0.085504,0,0.067071999999999993,0.003328,0.014336,,0.002304,,1.60256
5502,46.033781696428569,19072345353586,1,4.6928995288908482,4.7741,4.759552,1.9606,14555,0.001024,0.733696,,0.034048,0.082431999999999991,0.000256,0.064256,0.007424,0.012799999999999999,,0.002048,,1.590784
5503,46.038817899659861,19072345401327,1,5.0362031906843185,4.8867,4.545792,0.5419,14555,0.001024,0.73471999999999993,,0.032768,0.083968,0.000256,0.065536,0.003072,0.013824,,0.002304,,1.595648
5504,46.043363697562356,19072345450194,1,4.5457980595529079,5.63,0.03456,1.8446,14555,0.0012799999999999999,0.731648,,0.033024,0.08832,0.000256,0.06912,0.003328,0.012799999999999999,,0.002048,,1.604608
5505,46.047951799886619,19072345506494,1,4.5881024561822414,3.8291,4.526592,1.8781,14555,0.001024,0.73804799999999993,,0.032512,0.084224,0.000256,0.066048,0.007424,0.012799999999999999,,0.002304,,1.592576
5506,46.052443799603175,19072345544785,1,4.4919997453689575,4.9901,4.56064,1.9493,14555,0.001024,0.73088,,0.033024,0.093183999999999989,0.000256,0.072703999999999991,0.0076799999999999993,0.014079999999999999,,0.002048,,1.5872
5507,46.05702859977324,19072345594686,1,4.584799986332655,4.2656,4.476672,1.691,14555,0.001024,0.73088,,0.033024,0.093183999999999989,0.000256,0.072703999999999991,0.0076799999999999993,0.014079999999999999,,0.002048,,1.5872
5508,46.061608801020405,19072345637342,1,4.5802011154592037,4.6576,4.564224,1.8853,14555,0.0012799999999999999,0.737536,,0.032768,0.086528,0,0.068352,0.003584,0.014079999999999999,,0.002304,,1.5882239999999999
5509,46.066200701530612,19072345683918,1,4.5919003896415234,4.8123,4.557056,1.9395,14555,0.001024,0.73088,,0.032768,0.088576,0.000256,0.069376,0.003328,0.013824,,0.002048,,1.5882239999999999
5510,46.070760196995465,19072345732041,1,4.5594954863190651,4.4473,4.579072,1.9625,14757,0.001024,0.73139199999999993,,0.033024,0.086272,0.000256,0.067328,0.00896,0.014591999999999999,,0.002304,,1.588992
5511,46.075360700113379,19072345776514,1,4.6005030162632465,4.5751,4.530432,1.7698,14555,0.001024,0.741888,,0.033024,0.083456,0,0.065792,0.003584,0.012799999999999999,,0.002304,,1.588992
5512,46.079752501417232,19072345822265,1,4.3918010778725147,4.449,4.497152,2.4365,14555,0.001024,0.73344,,0.033535999999999996,0.082431999999999991,0.000256,0.064256,0.003072,0.012799999999999999,,0.002304,,1.604096
5513,46.08429910005669,19072345866755,1,4.54659853130579,4.9148,4.459776,2.1691,14555,0.001024,0.749568,,0.033535999999999996,0.083456,0.000256,0.065024,0.0038399999999999997,0.011007999999999999,,0.002304,,1.5882239999999999
5514,46.0888718962585,19072345915903,1,4.5727961696684361,4.9437,4.519168,2.1104,14555,0.0012799999999999999,0.74214399999999991,,0.032768,0.084735999999999992,0.000256,0.066304,0.0076799999999999993,0.012288,,0.002304,,1.588736
5515,46.093452402210886,19072345965340,1,4.58050612360239,4.0287,4.54912,1.7374,14555,0.001024,0.73062399999999994,,0.032768,0.083456,0,0.065792,0.003328,0.014591999999999999,,0.002304,,1.5879679999999998
5516,46.097984197845804,19072346005627,1,4.5317956246435642,4.4743,4.557824,1.7383,14555,0.001024,0.73062399999999994,,0.032768,0.083456,0,0.065792,0.003328,0.014591999999999999,,0.002304,,1.5879679999999998
5517,46.102534998582762,19072346050370,1,4.550800658762455,4.4406,4.520448,2.0882,14555,0.001024,0.730368,,0.032768,0.08294399999999999,0.000256,0.065024,0.006656,0.011776,,0.002304,,1.59104
5518,46.107155102040814,19072346094776,1,4.6201036311686039,4.9306,4.525568,1.9753,14555,0.001024,0.740864,,0.032768,0.083968,0,0.065792,0.007424,0.012288,,0.002304,,1.585408
5519,46.111623398526078,19072346144082,1,4.468296654522419,4.3634,4.522496,2.4509,14555,0.001024,0.732672,,0.032768,0.0832,0,0.065024,0.006144,0.011776,,0.002048,,1.5897599999999998
5520,46.116198596938773,19072346187716,1,4.5751985162496567,4.6475,4.5312,1.9142,14555,0.001024,0.73856,,0.03328,0.082431999999999991,0.000256,0.064512,0.007168,0.011007999999999999,,0.002304,,1.5864319999999998
5521,46.120766801303851,19072346234191,1,4.5682042837142944,4.5225,4.5568,2.2607,14750,0.001024,0.740864,,0.032768,0.083712,0,0.065279999999999991,0.0048639999999999994,0.011264,,0.002048,,1.5900159999999999
5522,46.125340100623582,19072346279416,1,4.5732995495200157,4.024,4.542208,1.7258,14555,0.001024,0.72576,,0.033024,0.085504,0,0.06784,0.006912,0.014079999999999999,,0.002304,,1.607936
5523,46.129928500566891,19072346319656,1,4.5884000137448311,4.7862,4.545024,1.5907,14555,0.001024,0.72576,,0.033024,0.085504,0,0.06784,0.006912,0.014079999999999999,,0.002304,,1.607936
5524,46.134480300453511,19072346367518,1,4.5517999678850174,4.378,4.568064,1.6569,14555,0.001024,0.740352,,0.033024,0.081919999999999993,0,0.063488,0.0076799999999999993,0.013312,,0.002048,,1.605632
5525,46.139039498299319,19072346411298,1,4.5591979287564754,4.6107,4.537088,1.9099,14555,0.001024,0.73881599999999992,,0.032768,0.08832,0,0.069887999999999992,0.007168,0.012799999999999999,,0.0025599999999999998,,1.590272
5526,46.143638201530614,19072346457405,1,4.5987032353878021,4.7814,4.546048,1.7695,14555,0.001024,0.742912,,0.032768,0.082176,0,0.064,0.003072,0.013312,,0.002304,,1.588736
5527,46.148198596938776,19072346505219,1,4.560395609587431,4.4298,4.576256,2.2781,14555,0.001024,0.73344,,0.033024,0.087551999999999991,0,0.06912,0.007424,0.013568,,0.002304,,1.58592
5528,46.152765901360546,19072346549517,1,4.5673046261072159,4.5758,4.537856,1.8989,14555,0.001024,0.73856,,0.033024,0.09344,0,0.073216,0.004608,0.013056,,0.002304,,1.583872
5529,46.157336401643988,19072346595275,1,4.5705004595220089,4.6437,4.557056,2.0071,14555,0.001024,0.73856,,0.033024,0.09344,0,0.073216,0.004608,0.013056,,0.002304,,1.583872
5530,46.161921499433106,19072346641712,1,4.5850980095565319,4.821,4.550144,1.8822,14555,0.001024,0.732416,,0.03328,0.08576,0,0.067328,0.003328,0.012544,,0.002304,,1.5866879999999999
5531,46.166467899659864,19072346689922,1,4.5464001595973969,4.3746,4.559104,1.7159,14555,0.001024,0.729856,,0.033024,0.089855999999999991,0,0.07039999999999999,0.003328,0.015359999999999999,,0.002048,,1.589504
5532,46.171022796201811,19072346733668,1,4.5548966154456139,4.4376,4.531712,1.6877,14809,0.001024,0.740352,,0.033024,0.084735999999999992,0,0.066304,0.003072,0.012288,,0.002304,,1.5915519999999999
5533,46.175590001417234,19072346778044,1,4.5672054402530193,4.7571,4.530432,1.9451,14555,0.001024,0.740864,,0.032768,0.082431999999999991,0,0.064256,0.007424,0.012288,,0.002304,,1.587456
5534,46.180159998582766,19072346825615,1,4.5699970796704292,4.3008,4.535808,1.9869,14555,0.001024,0.73651199999999994,,0.032512,0.084735999999999992,0,0.066816,0.007424,0.013056,,0.002048,,1.6063999999999998
5535,46.184769501133786,19072346868623,1,4.6095023863017559,5.3114,4.566272,2.5528,14555,0.001024,0.73395199999999994,,0.033024,0.0832,0.000256,0.064512,0.003328,0.012032,,0.002304,,1.589248
5536,46.189319501133788,19072346921737,1,4.550000187009573,4.0257,4.58368,2.1341,14555,0.001024,0.739584,,0.032768,0.083968,0,0.065792,0.007168,0.013056,,0.002048,,1.587456
5537,46.1938998015873,19072346961994,1,4.5803003013134,4.7033,4.524288,2.0286,14555,0.001024,0.737536,,0.033024,0.08576,0,0.067583999999999991,0.003328,0.013312,,0.002304,,1.586944
5538,46.198463499149661,19072347009027,1,4.56369761377573,4.4351,4.55296,1.98,14555,0.001024,0.741632,,0.033024,0.083968,0,0.066048,0.008704,0.012288,,0.002048,,1.592064
5539,46.203007100340137,19072347053378,1,4.54360106959939,4.4904,4.552448,1.7559,14555,0.001024,0.741632,,0.033024,0.083968,0,0.066048,0.008704,0.012288,,0.002048,,1.592064
5540,46.207748901643988,19072347098282,1,4.7418014146387577,4.737,4.518656,1.6641,14555,0.001024,0.737536,,0.032768,0.0832,0.000256,0.064767999999999992,0.003072,0.015616,,0.002304,,1.5864319999999998
5541,46.212348001700676,19072347145652,1,4.5990999788045883,4.4284,4.71808,1.6632,14555,0.001024,0.73881599999999992,,0.032768,0.08294399999999999,0,0.064767999999999992,0.0076799999999999993,0.012032,,0.002304,,1.602816
5542,46.216947902494326,19072347189936,1,4.5999009162187576,4.4562,4.583936,2.016,14555,0.001024,0.739584,,0.032768,0.082176,0.000256,0.064256,0.0076799999999999993,0.013824,,0.002048,,1.5912959999999998
5543,46.221487698412695,19072347234498,1,4.5397956855595112,4.9598,4.579328,1.9187,14555,0.001024,0.737536,,0.032768,0.08448,0.000256,0.066048,0.0076799999999999993,0.012288,,0.002304,,1.590784
5544,46.226105399659865,19072347284096,1,4.6177012845873833,4.8349,4.521216,2.1596,14555,0.001024,0.741632,,0.032768,0.088576,0.000256,0.069887999999999992,0.003328,0.010752,,0.002304,,1.589504
5545,46.230589200680271,19072347332445,1,4.48380084708333,4.7239,4.509184,1.7963,14555,0.001024,0.731136,,0.032768,0.085504,0,0.06784,0.003328,0.015104,,0.002304,,1.604352
5546,46.235128500566894,19072347379684,1,4.5392997562885284,4.1176,4.540672,1.7697,14555,0.001024,0.731136,,0.032768,0.085504,0,0.06784,0.003328,0.015104,,0.002304,,1.604352
5547,46.239676395975053,19072347420860,1,4.547895397990942,5.026,4.530944,1.8319,14555,0.001024,0.733696,,0.032768,0.083456,0,0.065279999999999991,0.0051199999999999996,0.012288,,0.002048,,1.592064
5548,46.24424219812925,19072347471120,1,4.5658019371330738,4.6145,4.522752,1.6509,14555,0.001024,0.729088,,0.032768,0.087296,0.000256,0.069376,0.003328,0.013824,,0.002048,,1.5864319999999998
5549,46.248815695861673,19072347517265,1,4.5734979212284088,4.0531,4.5376,1.8968,14555,0.001024,0.73983999999999994,,0.032768,0.084735999999999992,0,0.066304,0.007424,0.012288,,0.002304,,1.586176
5550,46.253361996882084,19072347557796,1,4.5463009737432,4.4051,4.554752,1.8671,14555,0.001024,0.73983999999999994,,0.032768,0.084735999999999992,0,0.066304,0.007424,0.012288,,0.002304,,1.586176
5551,46.257910296201814,19072347601847,1,4.5482991263270378,4.936,4.521984,1.7911,14555,0.001024,0.734464,,0.033024,0.084224,0,0.066304,0.003328,0.015359999999999999,,0.002048,,1.58848
5552,46.262700800736958,19072347651207,1,4.7905044630169868,4.388,4.534528,2.1812,14555,0.001024,0.73215999999999992,,0.032768,0.081408,0,0.06297599999999999,0.003072,0.010239999999999999,,0.0025599999999999998,,1.5879679999999998
5553,46.267197902494331,19072347695087,1,4.4971015304327011,4.7509,4.728832,2.2154,14555,0.001024,0.73215999999999992,,0.032768,0.081408,0,0.06297599999999999,0.003072,0.010239999999999999,,0.0025599999999999998,,1.5879679999999998
5554,46.271734601757366,19072347742596,1,4.5366990379989147,4.4252,4.512768,1.8229,14952,0.001024,0.73215999999999992,,0.032768,0.084992,0.000256,0.066816,0.003072,0.013568,,0.002304,,1.5872
5555,46.2762501984127,19072347786848,1,4.51559666544199,4.5897,4.518656,1.7573,14555,0.001024,0.73215999999999992,,0.032768,0.084992,0.000256,0.066816,0.003072,0.013568,,0.002304,,1.5872
5556,46.280815001417231,19072347832745,1,4.5648030936717987,4.4652,4.503296,1.799,52235,0.0012799999999999999,0.731136,,0.033024,0.082688,0,0.063744,0.003328,0.011519999999999999,,0.002304,,1.590272
5557,46.2858922973356,19072347877397,1,5.0772959366440773,4.5113,4.539392,2.0698,14555,0.001024,0.742656,,0.033024,0.085504,0,0.067583999999999991,0.005632,0.013056,,0.002048,,1.588736
5558,46.291285799319724,19072347922510,1,5.3935018368065357,4.6318,4.507648,0.6374,14555,0.001024,0.72959999999999992,,0.032768,0.082688,0.000256,0.064256,0.007424,0.013312,,0.002304,,1.59232
5559,46.295870202664396,19072347968828,1,4.5844032429158688,5.9458,0.03456,2.0555,14555,0.001024,0.733696,,0.04224,0.087551999999999991,0,0.067583999999999991,0.003328,0.011519999999999999,,0.003328,,1.610496
5560,46.300436096938775,19072348028286,1,4.5658941380679607,3.955,4.564736,1.8757,14555,0.001024,0.73548799999999992,,0.032768,0.082176,0,0.064,0.003072,0.013056,,0.002304,,1.588992
5561,46.30496870039682,19072348067836,1,4.5326035469770432,5.145,4.548608,1.9356,14555,0.001024,0.737024,,0.032768,0.084735999999999992,0,0.066304,0.003328,0.011776,,0.002304,,1.5882239999999999
5562,46.309532199546481,19072348119286,1,4.563499242067337,5.0121,4.510464,1.7212,14555,0.001024,0.7424,,0.032768,0.082688,0,0.064767999999999992,0.003328,0.012544,,0.002304,,1.590784
5563,46.314116801303854,19072348169407,1,4.5846016146242619,4.1843,4.544,2.0346,14555,0.001024,0.74137599999999992,,0.032768,0.084735999999999992,0,0.066816,0.003328,0.012288,,0.002304,,1.589248
5564,46.318730697278909,19072348211250,1,4.6138959005475044,4.7573,4.560896,1.9772,14555,0.001024,0.73983999999999994,,0.032512,0.090112,0,0.07039999999999999,0.003328,0.012032,,0.002304,,1.589504
5565,46.323302097505668,19072348258823,1,4.5714001171290874,4.1916,4.589056,1.9437,14555,0.001024,0.72729599999999994,,0.032768,0.084735999999999992,0.000256,0.066304,0.0076799999999999993,0.014848,,0.002304,,1.5866879999999999
5566,46.327832397959185,19072348300739,1,4.5303003862500191,4.6159,4.564992,1.9026,14555,0.001024,0.739328,,0.032768,0.0832,0,0.065279999999999991,0.003072,0.012288,,0.002048,,1.6033279999999999
5567,46.332376098356008,19072348346898,1,4.5437002554535866,4.9374,4.508672,1.8762,14555,0.001024,0.739328,,0.032768,0.0832,0,0.065279999999999991,0.003072,0.012288,,0.002048,,1.6033279999999999
5568,46.336944097222222,19072348396272,1,4.5679989270865917,4.7308,4.524032,1.6387,14555,0.001024,0.741888,,0.033024,0.083712,0,0.065536,0.003328,0.015104,,0.002304,,1.5900159999999999
5569,46.341549000850335,19072348443580,1,4.6049035154283047,3.9851,4.552448,2.0839,14555,0.001024,0.741888,,0.033024,0.083712,0,0.065536,0.003328,0.015104,,0.002304,,1.5900159999999999
5570,46.346095698696146,19072348483431,1,4.5466977171599865,4.783,4.573184,1.8143,14555,0.001024,0.73292799999999991,,0.033024,0.083968,0,0.065792,0.003072,0.014848,,0.002304,,1.59104
5571,46.350631200396826,19072348531261,1,4.5355018228292465,4.5348,4.542208,1.7162,14555,0.001024,0.739072,,0.033024,0.082431999999999991,0.000256,0.064256,0.0076799999999999993,0.014336,,0.002048,,1.5872
5572,46.3552167020975,19072348576609,1,4.5855017378926277,4.4884,4.513024,1.9332,14555,0.001024,0.731648,,0.033024,0.086528,0,0.068352,0.009984,0.014079999999999999,,0.002304,,1.587456
5573,46.359801197562355,19072348621493,1,4.5844954438507557,4.4387,4.564992,1.9808,14555,0.001024,0.73292799999999991,,0.032768,0.084224,0,0.06656,0.007424,0.012799999999999999,,0.002304,,1.590272
5574,46.364369699546486,19072348665880,1,4.5685018412768841,4.5646,4.55808,1.743,67268,0.001024,0.73292799999999991,,0.032768,0.084224,0,0.06656,0.007424,0.012799999999999999,,0.002304,,1.590272
5575,46.368930498866213,19072348711526,1,4.5607993379235268,4.8218,4.557824,2.0912,60668,0.001024,0.740352,,0.032768,0.085504,0,0.06784,0.003328,0.012544,,0.002304,,1.589504
5576,46.373501700680272,19072348759744,1,4.5712017454206944,4.3586,4.53248,2.2216,14607,0.001024,0.730368,,0.033024,0.086016,0.000256,0.067583999999999991,0.0038399999999999997,0.013056,,0.002304,,1.586944
5577,46.378044997165532,19072348803330,1,4.5432965271174908,4.9634,4.557824,1.8989,14555,0.001024,0.73727999999999994,,0.033024,0.083712,0,0.065536,0.007424,0.011519999999999999,,0.0025599999999999998,,1.5900159999999999
5578,46.3826375,19072348852964,1,4.5925029553473,4.6319,4.528896,2.1673,32126,0.001024,0.73881599999999992,,0.03328,0.086272,0.000256,0.068096,0.003328,0.013568,,0.002304,,1.587456
5579,46.387217396541949,19072348899283,1,4.5798965729773045,4.3089,4.565504,2.0031,28940,0.001024,0.74368,,0.032768,0.08448,0,0.066304,0.003072,0.012799999999999999,,0.0025599999999999998,,1.5879679999999998
5580,46.391759601757364,19072348942372,1,4.5422050170600414,4.3582,4.556544,1.7644,14555,0.001024,0.73548799999999992,,0.032768,0.08448,0,0.066048,0.0038399999999999997,0.013824,,0.002304,,1.58848
5581,46.396308701814057,19072348985954,1,4.5491000637412071,4.6745,4.526848,1.7346,14555,0.001024,0.72883199999999992,,0.033024,0.0832,0,0.064256,0.004096,0.014848,,0.002304,,1.5866879999999999
5582,46.400832702664395,19072349032699,1,4.52400092035532,4.5019,4.527104,1.6496,14555,0.001024,0.72883199999999992,,0.033024,0.0832,0,0.064256,0.004096,0.014848,,0.002304,,1.5866879999999999
5583,46.405377699829927,19072349077718,1,4.5449971221387386,4.4501,4.50432,1.8026,14555,0.001024,0.735232,,0.032768,0.087296,0,0.06912,0.003584,0.013312,,0.002048,,1.588736
5584,46.409973398526077,19072349122219,1,4.5956987887620926,4.987,4.52736,2.1585,14555,0.001024,0.74060799999999993,,0.032768,0.08524799999999999,0,0.066304,0.007424,0.014079999999999999,,0.002048,,1.5866879999999999
5585,46.414721400226753,19072349172089,1,4.74800169467926,4.6681,4.581376,1.9202,14555,0.0012799999999999999,0.738304,,0.033024,0.081919999999999993,0,0.063744,0.007936,0.011776,,0.002304,,1.590272
5586,46.419276700680271,19072349218770,1,4.55530034378171,3.9762,4.722688,2.0505,14555,0.001024,0.740096,,0.032768,0.084992,0,0.067328,0.0076799999999999993,0.012544,,0.002304,,1.5872
5587,46.423869798752833,19072349258532,1,4.5930980704724789,4.6568,4.539648,1.7566,14750,0.001024,0.72806399999999993,,0.032512,0.082688,0,0.064512,0.003328,0.012288,,0.002304,,1.5897599999999998
5588,46.428370797902495,19072349305100,1,4.5009991154074669,4.8474,4.528128,1.6909,20997,0.001024,0.72806399999999993,,0.032512,0.082688,0,0.064512,0.003328,0.012288,,0.002304,,1.5897599999999998
5589,46.432912096088437,19072349353574,1,4.5412983745336533,4.5243,4.521472,1.7402,14555,0.001024,0.73727999999999994,,0.033024,0.081919999999999993,0.000256,0.063488,0.003072,0.014079999999999999,,0.002304,,1.5900159999999999
5590,46.437519196428568,19072349398817,1,4.6071005053818226,4.4048,4.525312,2.0343,14555,0.001024,0.73727999999999994,,0.033024,0.081919999999999993,0.000256,0.063488,0.003072,0.014079999999999999,,0.002304,,1.5900159999999999
5591,46.442075198412695,19072349442865,1,4.5560020953416824,5.0836,4.5888,1.9986,14555,0.001024,0.73292799999999991,,0.033024,0.08524799999999999,0,0.067071999999999993,0.003328,0.010752,,0.002304,,1.5897599999999998
5592,46.4468343962585,19072349493701,1,4.7591980546712875,3.9414,4.542976,1.8795,14555,0.001024,0.73395199999999994,,0.033024,0.084735999999999992,0,0.066304,0.003328,0.016384,,0.002304,,1.747456
5593,46.451436996882087,19072349533115,1,4.6026008203625679,5.0002,4.730624,2.0465,14555,0.001024,0.73395199999999994,,0.033024,0.084735999999999992,0,0.066304,0.003328,0.016384,,0.002304,,1.747456
5594,46.45596809807256,19072349583117,1,4.5311013236641884,4.507,4.567296,1.7038,14555,0.001024,0.74112,,0.032768,0.08448,0,0.066048,0.003328,0.014336,,0.002304,,1.588736
5595,46.460522597789115,19072349628187,1,4.5544998720288277,4.744,4.54144,1.7138,14555,0.0012799999999999999,0.734208,,0.032512,0.08448,0,0.066048,0.003072,0.013824,,0.002304,,1.589504
5596,46.465123001700675,19072349675627,1,4.60040383040905,4.3808,4.533504,1.9583,14555,0.001024,0.72704,,0.032768,0.081919999999999993,0.000256,0.063744,0.006656,0.011776,,0.002304,,1.588992
5597,46.469671499433105,19072349719435,1,4.5484979636967182,4.551,4.57088,1.7688,14757,0.001024,0.729088,,0.032768,0.084735999999999992,0,0.066048,0.003584,0.012032,,0.002304,,1.58848
5598,46.474227600623578,19072349764945,1,4.556101281195879,4.5974,4.521472,1.8495,14555,0.001024,0.73856,,0.032768,0.086016,0,0.067328,0.003328,0.013824,,0.002304,,1.5915519999999999
5599,46.478802196712017,19072349810919,1,4.5745959505438805,4.4307,4.539648,1.9143,14555,0.001024,0.731136,,0.033024,0.084735999999999992,0.000256,0.066816,0.003328,0.013824,,0.002048,,1.586176
5600,46.4834339994331,19072349855226,1,4.6318029053509235,4.8271,4.558592,2.0822,14555,0.001024,0.742912,,0.032768,0.092159999999999992,0,0.071936,0.0076799999999999993,0.012799999999999999,,0.002048,,1.592064
5601,46.488080300453511,19072349903497,1,4.6463008038699627,4.7017,4.607232,1.9476,14555,0.001024,0.742912,,0.032768,0.092159999999999992,0,0.071936,0.0076799999999999993,0.012799999999999999,,0.002048,,1.592064
5602,46.4925794005102,19072349950514,1,4.4991001486778259,4.5239,4.540928,2.0599,14555,0.001024,0.73856,,0.032768,0.084992,0.000256,0.066816,0.003328,0.013056,,0.002304,,1.612032
5603,46.497118998015871,19072349995753,1,4.5395973138511181,5.1518,4.560128,2.0598,14555,0.003072,0.736256,,0.033024,0.080127999999999991,0.000256,0.061439999999999995,0.004096,0.010752,,0.002304,,1.5900159999999999
5604,46.5017577026644,19072350047271,1,4.6387044712901115,3.88,4.5184,2.0757,14555,0.001024,0.73651199999999994,,0.033024,0.08576,0.000256,0.06784,0.007424,0.012288,,0.002304,,1.587712
5605,46.506249702380948,19072350086071,1,4.4919997453689575,4.4609,4.544,1.8971,14555,0.002304,0.730112,,0.03328,0.08448,0,0.065536,0.007424,0.014591999999999999,,0.002048,,1.586944
5606,46.510790199829927,19072350130680,1,4.5404974371194839,4.511,4.538624,1.7726,14555,0.002304,0.730112,,0.03328,0.08448,0,0.065536,0.007424,0.014591999999999999,,0.002048,,1.586944
5607,46.515755201247167,19072350175790,1,4.9650012515485287,4.9059,4.52608,1.9059,14555,0.001024,0.739584,,0.032512,0.085504,0.000256,0.066816,0.007424,0.012544,,0.002304,,1.589504
5608,46.521018898809523,19072350224849,1,5.2636973559856415,4.5745,4.9344,2.1318,14555,0.001024,0.734464,,0.03456,0.086016,0,0.067583999999999991,0.009472,0.012544,,0.002048,,1.819392
5609,46.52586590136054,19072350270594,1,4.8470026813447475,4.6836,5.243648,1.7509,14555,0.001024,0.734464,,0.03456,0.086016,0,0.067583999999999991,0.009472,0.012544,,0.002048,,1.819392
5610,46.530410600907025,19072350317430,1,4.544699564576149,5.0559,4.828672,1.6993,14555,0.001024,0.74316799999999994,,0.03328,0.087296,0,0.06912,0.007168,0.014591999999999999,,0.002304,,1.585152
5611,46.534955399659864,19072350367989,1,4.5447987504303455,5.4687,4.520192,1.719,52235,0.001024,0.74316799999999994,,0.03328,0.087296,0,0.06912,0.007168,0.014591999999999999,,0.002304,,1.585152
5612,46.539511302437639,19072350422676,1,4.5559029094874859,4.0332,4.51712,1.669,14555,0.001024,0.73062399999999994,,0.032512,0.083712,0,0.065279999999999991,0.011264,0.013824,,0.002304,,1.5882239999999999
5613,46.544683900226758,19072350463008,1,5.1725977100431919,4.5392,4.533504,0.5359,14555,0.001024,0.734976,,0.033024,0.084735999999999992,0,0.06656,0.0076799999999999993,0.013312,,0.002304,,1.601024
5614,46.549270096371878,19072350508400,1,4.5861960388720036,5.57,0.034304,1.9231,14555,0.0012799999999999999,0.73088,,0.033024,0.091392,0,0.070912,0.0076799999999999993,0.013568,,0.002304,,1.6048639999999998
5615,46.553825297619049,19072350564100,1,4.5552011579275131,3.8769,4.557056,1.7651,14555,0.001024,0.735232,,0.03328,0.086272,0.000256,0.068352,0.007936,0.014848,,0.002048,,1.586944
5616,46.558324999999996,19072350602869,1,4.4997022487223148,4.8896,4.530176,1.8397,14555,0.001024,0.725248,,0.032768,0.086784,0,0.068864,0.007424,0.013056,,0.002304,,1.594368
5617,46.562892198129248,19072350651765,1,4.5671979896724224,4.4805,4.479488,1.6209,14555,0.001024,0.737024,,0.033024,0.093183999999999989,0,0.073216,0.007936,0.012799999999999999,,0.002304,,1.586944
5618,46.567477699829929,19072350696570,1,4.5855017378926277,4.6393,4.557568,1.8442,14555,0.001024,0.72729599999999994,,0.032768,0.084992,0.000256,0.067071999999999993,0.0076799999999999993,0.013824,,0.002304,,1.5882239999999999
5619,46.572059098639457,19072350742963,1,4.5813987962901592,4.8869,4.556032,1.9153,14757,0.001024,0.728576,,0.032768,0.084735999999999992,0.000256,0.066304,0.0076799999999999993,0.013568,,0.002048,,1.5900159999999999
5620,46.576624702380947,19072350791832,1,4.5656035654246807,4.1957,4.562944,1.9882,14802,0.001024,0.741888,,0.032768,0.085504,0.000256,0.067071999999999993,0.007424,0.014591999999999999,,0.002304,,1.589248
5621,46.581197200963715,19072350833789,1,4.5724986121058464,5.1367,4.541184,1.8729,14555,0.001024,0.72959999999999992,,0.032768,0.083456,0,0.065024,0.0076799999999999993,0.012288,,0.002048,,1.5900159999999999
5622,46.585783701814059,19072350885156,1,4.58650104701519,4.0906,4.54784,1.8774,14555,0.001024,0.73215999999999992,,0.032768,0.08448,0,0.066304,0.003072,0.014591999999999999,,0.002304,,1.587712
5623,46.590355201247164,19072350926062,1,4.571499302983284,4.4248,4.56832,1.7136,14555,0.001024,0.73062399999999994,,0.032768,0.091648,0,0.072703999999999991,0.007424,0.013312,,0.002304,,1.58848
5624,46.594890001417234,19072350970310,1,4.5348000712692738,4.6409,4.539392,1.9081,14555,0.001024,0.740864,,0.033024,0.08448,0,0.06656,0.007424,0.012032,,0.002304,,1.6063999999999998
5625,46.599483999433104,19072351016719,1,4.5939981937408447,5.5388,4.516608,1.7816,14555,0.001024,0.74470399999999992,,0.03328,0.081919999999999993,0,0.063488,0.0076799999999999993,0.010752,,0.002304,,1.586944
5626,46.604035402494333,19072351072107,1,4.5514032244682312,3.547,4.564992,1.9323,14555,0.001024,0.737792,,0.032768,0.08524799999999999,0.000256,0.066816,0.0084479999999999989,0.014079999999999999,,0.002304,,1.585152
5627,46.6085841978458,19072351107577,1,4.5487955212593079,4.6769,4.549632,1.8548,14555,0.001024,0.73856,,0.032768,0.086272,0,0.068352,0.0076799999999999993,0.014079999999999999,,0.002304,,1.5897599999999998
5628,46.61335379818594,19072351154346,1,4.7696004621684551,4.681,4.519936,1.8003,14555,0.001024,0.730112,,0.033024,0.084224,0.000256,0.06656,0.0097279999999999988,0.014079999999999999,,0.002304,,1.585408
5629,46.61791220238095,19072351201156,1,4.5584039762616158,4.2261,4.754176,1.6632,14555,0.001024,0.73548799999999992,,0.033024,0.083456,0.000256,0.065279999999999991,0.0076799999999999993,0.011519999999999999,,0.002048,,1.605888
5630,46.622485402494327,19072351243417,1,4.5731998980045319,4.5706,4.536064,1.921,14555,0.001024,0.733696,,0.032256,0.090112,0,0.071168,0.007424,0.014591999999999999,,0.002304,,1.58848
5631,46.627046102607707,19072351289123,1,4.56070015206933,5.2826,4.552448,2.0196,14555,0.001024,0.72704,,0.032768,0.086016,0.000256,0.068352,0.007424,0.014848,,0.002304,,1.592064
5632,46.6316625,19072351341949,1,4.6163974329829216,4.1223,4.527872,2.4337,14555,0.001024,0.74214399999999991,,0.032768,0.083712,0,0.065792,0.004608,0.012544,,0.002304,,1.58848
5633,46.636248200113378,19072351383172,1,4.5857001096010208,5.2801,4.570112,2.054,14555,0.001024,0.737024,,0.03328,0.083712,0,0.065279999999999991,0.008192,0.011007999999999999,,0.0025599999999999998,,1.5900159999999999
5634,46.640822101757365,19072351435973,1,4.5739016495645046,3.7584,4.562944,1.9376,14555,0.001024,0.73983999999999994,,0.033024,0.089343999999999993,0.000256,0.069887999999999992,0.007936,0.013824,,0.002304,,1.590272
5635,46.645379698129247,19072351473557,1,4.5575965195894241,5.3577,4.555776,1.6308,14555,0.0012799999999999999,0.73881599999999992,,0.032768,0.08294399999999999,0.000256,0.065024,0.0076799999999999993,0.013056,,0.002048,,1.5900159999999999
5636,46.649910997732427,19072351527134,1,4.5312996953725815,4.2767,4.534016,1.601,14555,0.001024,0.732672,,0.032768,0.082688,0.000256,0.064767999999999992,0.007424,0.012032,,0.002304,,1.590528
5637,46.654446697845806,19072351569901,1,4.53570019453764,4.4869,4.510464,1.7203,14555,0.001024,0.736768,,0.032768,0.08524799999999999,0,0.067071999999999993,0.006144,0.015359999999999999,,0.002048,,1.5864319999999998
5638,46.65900330215419,19072351614770,1,4.5566041953861713,4.4695,4.511232,1.889,14555,0.001024,0.72704,,0.032768,0.084992,0,0.066304,0.003584,0.013312,,0.002304,,1.5900159999999999
5639,46.663548497732421,19072351659465,1,4.5451954938471317,4.4755,4.537856,1.8019,14555,0.001024,0.735232,,0.032768,0.08576,0,0.067583999999999991,0.0076799999999999993,0.012799999999999999,,0.002304,,1.586176
5640,46.668138895975055,19072351704220,1,4.5903981663286686,4.4369,4.517888,2.5226,14555,0.001024,0.729856,,0.033024,0.084735999999999992,0,0.066816,0.003584,0.012544,,0.002048,,1.5882239999999999
5641,46.672723802437638,19072351748589,1,4.5849066227674484,5.3027,4.58112,2.0132,14757,0.0012799999999999999,0.74112,,0.03328,0.080639999999999989,0,0.062208,0.003072,0.010752,,0.0025599999999999998,,1.5872
5642,46.677298299319723,19072351801616,1,4.5744967646896839,4.231,4.571648,2.1393,14555,0.001024,0.739584,,0.032768,0.08576,0.000256,0.067071999999999993,0.003072,0.012288,,0.002304,,1.5930879999999998
5643,46.681832596371883,19072351843926,1,4.5342971570789814,4.4598,4.550144,1.8235,14555,0.001024,0.738304,,0.033024,0.084735999999999992,0,0.06656,0.003328,0.010752,,0.002304,,1.587456
5644,46.686431200396825,19072351888524,1,4.5986040495336056,4.639,4.516864,1.8587,14555,0.001024,0.73804799999999993,,0.032768,0.084992,0,0.066816,0.003328,0.011264,,0.002304,,1.590272
5645,46.690991496598635,19072351934914,1,4.5602964237332344,4.2621,4.564224,1.933,14555,0.001024,0.74137599999999992,,0.032768,0.0832,0.000256,0.064767999999999992,0.0076799999999999993,0.013312,,0.002304,,1.588736
5646,46.695589200680267,19072351977535,1,4.59770392626524,4.515,4.542208,1.9817,14555,0.001024,0.73881599999999992,,0.032512,0.086528,0.000256,0.068096,0.007424,0.012032,,0.002048,,1.586944
5647,46.700135997732424,19072352022685,1,4.546796903014183,4.7769,4.548352,1.9583,14555,0.001024,0.735232,,0.032512,0.084224,0,0.066304,0.007424,0.013312,,0.002304,,1.5900159999999999
5648,46.704663598356007,19072352070454,1,4.5276004821062088,4.4046,4.547584,2.157,14555,0.001024,0.73856,,0.03328,0.085504,0,0.067071999999999993,0.007424,0.013824,,0.002304,,1.5882239999999999
5649,46.70935530045351,19072352114500,1,4.69170231372118,4.4965,4.50688,2.2273,14555,0.001024,0.73856,,0.032768,0.079872,0,0.061952,0.003072,0.012544,,0.002304,,1.59104
5650,46.713880399659864,19072352159465,1,4.5250994153320789,5.085,4.672512,2.1216,14555,0.001024,0.740096,,0.033024,0.089088,0,0.069887999999999992,0.006144,0.015104,,0.002304,,1.587456
5651,46.71845970096372,19072352210315,1,4.5793014578521252,4.0976,4.507136,1.955,14555,0.001024,0.73856,,0.033024,0.08524799999999999,0.000256,0.067071999999999993,0.0038399999999999997,0.012032,,0.002048,,1.59104
5652,46.723019699546484,19072352251291,1,4.5599984005093575,5.0418,4.558848,1.8314,14555,0.001024,0.737024,,0.032768,0.090112,0,0.070144,0.003328,0.015104,,0.002048,,1.58592
5653,46.727574100056685,19072352301709,1,4.5544006861746311,4.5184,4.5312,1.9002,14750,0.001024,0.730112,,0.032768,0.08448,0,0.066048,0.003328,0.015104,,0.002048,,1.5897599999999998
5654,46.732136096938774,19072352346893,1,4.5619970187544823,4.7774,4.544512,1.9563,14555,0.001024,0.73471999999999993,,0.033024,0.08576,0,0.067328,0.003328,0.013568,,0.002304,,1.585664
5655,46.736732801870744,19072352394667,1,4.5967050828039646,4.1631,4.53888,1.8286,14555,0.001024,0.737792,,0.032768,0.084224,0,0.065536,0.007168,0.012544,,0.002304,,1.5897599999999998
5656,46.74126719812925,19072352436298,1,4.5343963429331779,4.7424,4.55936,1.8695,14555,0.001024,0.73139199999999993,,0.032512,0.086016,0.000256,0.06784,0.003072,0.013312,,0.002304,,1.5882239999999999
5657,46.745806200396821,19072352483722,1,4.5390021987259388,4.7286,4.510208,1.907,14555,0.001024,0.73215999999999992,,0.032768,0.084224,0,0.066304,0.003328,0.014079999999999999,,0.002304,,1.590528
5658,46.750578195861678,19072352531008,1,4.7719953581690788,4.3639,4.499968,2.0822,14555,0.001024,0.73139199999999993,,0.033024,0.084992,0.000256,0.066816,0.007424,0.013056,,0.002304,,1.58848
5659,46.755191397392288,19072352574647,1,4.6132015995681286,4.8293,4.747264,2.3331,14555,0.001024,0.731904,,0.038655999999999996,0.082431999999999991,0,0.064767999999999992,0.007424,0.011264,,0.002304,,1.589248
5660,46.759731001984122,19072352622940,1,4.539604764431715,4.1713,4.590848,1.8216,14555,0.001024,0.732416,,0.033024,0.083968,0,0.065536,0.003328,0.014336,,0.002048,,1.5879679999999998
5661,46.76427599914966,19072352664653,1,4.5449971221387386,4.8308,4.512768,1.7427,14555,0.0012799999999999999,0.72806399999999993,,0.032512,0.085504,0,0.066816,0.007424,0.013056,,0.002048,,1.590272
5662,46.768794897959182,19072352712961,1,4.5188986696302891,4.5171,4.5184,2.2698,14555,0.001024,0.73344,,0.033024,0.08524799999999999,0,0.066816,0.003328,0.012032,,0.002304,,1.5912959999999998
5663,46.7733169005102,19072352758132,1,4.5220027677714825,4.3504,4.506624,1.7131,14757,0.001024,0.726016,,0.032768,0.08576,0,0.067328,0.007424,0.015104,,0.0025599999999999998,,1.58848
5664,46.77785530045351,19072352801636,1,4.53840009868145,4.5769,4.492544,2.3861,14607,0.0012799999999999999,0.73856,,0.032768,0.081664,0,0.063488,0.007424,0.011519999999999999,,0.002048,,1.592832
5665,46.782469401927436,19072352847405,1,4.6141012571752071,4.958,4.534784,1.7254,14555,0.001024,0.74803199999999992,,0.03328,0.082431999999999991,0,0.064256,0.009984,0.011264,,0.002816,,1.585408
5666,46.787018601190475,19072352896985,1,4.5491992495954037,4.0335,4.572416,1.9055,81310,0.001024,0.74112,,0.032768,0.083712,0,0.065536,0.007424,0.013312,,0.002304,,1.5900159999999999
5667,46.791912400793649,19072352937320,1,4.8937997780740261,4.8011,4.537856,1.8605,14555,0.001024,0.734208,,0.032768,0.087808,0,0.069632,0.003072,0.015616,,0.002304,,1.588992
5668,46.797072101757365,19072352985331,1,5.1597007550299168,4.7665,4.51328,0.8047,14555,0.001024,0.733184,,0.032768,0.08524799999999999,0.000256,0.067328,0.003328,0.011519999999999999,,0.002304,,1.6081919999999998
5669,46.801641298185942,19072353032996,1,4.5691966079175472,5.8106,0.03456,2.337,14555,0.001024,0.735744,,0.034048,0.10291199999999999,0,0.064,0.005376,0.010752,,0.002304,,1.585664
5670,46.806180598072558,19072353091102,1,4.5392997562885284,3.2329,4.549376,1.8118,14555,0.0012799999999999999,0.74112,,0.033024,0.079872,0,0.061439999999999995,0.007424,0.013056,,0.002304,,1.589504
5671,46.811006802721089,19072353123431,1,4.826204851269722,5.3027,4.52224,2.0025,14555,0.001024,0.726784,,0.032768,0.08294399999999999,0,0.064767999999999992,0.0076799999999999993,0.015104,,0.002304,,1.5872
5672,46.815581802721084,19072353176458,1,4.5750001445412636,4.8161,4.804864,1.8606,14555,0.001024,0.73215999999999992,,0.038655999999999996,0.091136,0,0.070656,0.007424,0.014591999999999999,,0.002304,,1.59104
5673,46.820128798185941,19072353224619,1,4.5469952747225761,4.4415,4.543744,1.983,14555,0.001024,0.739584,,0.032512,0.086272,0,0.067583999999999991,0.006144,0.014336,,0.002304,,1.5866879999999999
5674,46.824736600056688,19072353269034,1,4.607801791280508,5.0728,4.543744,2.0023,14555,0.001024,0.73344,,0.033024,0.084992,0.000256,0.066304,0.007424,0.012544,,0.002304,,1.5879679999999998
5675,46.829370096371882,19072353319762,1,4.6334965154528618,4.4178,4.579072,1.7272,14555,0.001024,0.739328,,0.033024,0.0832,0,0.065024,0.008704,0.015616,,0.002304,,1.587456
5676,46.8338799957483,19072353363940,1,4.50989929959178,4.5585,4.573952,1.7765,14555,0.001024,0.737536,,0.033024,0.08294399999999999,0.000256,0.065024,0.0076799999999999993,0.013312,,0.002048,,1.592832
5677,46.838421598639457,19072353409525,1,4.5416029170155525,4.6506,4.521728,1.6906,14555,0.001024,0.731648,,0.033024,0.086016,0.000256,0.06784,0.007424,0.013056,,0.002304,,1.588992
5678,46.843025099206351,19072353456031,1,4.6035004779696465,4.5237,4.52224,1.822,14555,0.001024,0.72959999999999992,,0.032768,0.082688,0,0.064256,0.010496,0.013056,,0.002304,,1.5879679999999998
5679,46.8475920989229,19072353501268,1,4.5669996179640293,4.2181,4.578048,1.6553,14555,0.001024,0.73983999999999994,,0.032512,0.083712,0,0.065279999999999991,0.007424,0.013312,,0.002048,,1.5900159999999999
5680,46.852179095804985,19072353543449,1,4.5869969762861729,5.2231,4.542976,1.8471,14555,0.001024,0.731904,,0.03328,0.08524799999999999,0.000256,0.067071999999999993,0.010752,0.013568,,0.002304,,1.590528
5681,46.856724100056688,19072353595680,1,4.5450041070580482,4.2775,4.553216,1.6805,14555,0.0012799999999999999,0.73983999999999994,,0.032768,0.08294399999999999,0.000256,0.065024,0.007424,0.013056,,0.002304,,1.586176
5682,46.861314498299315,19072353638455,1,4.5903981663286686,4.1897,4.529408,1.7211,14555,0.001024,0.737792,,0.032768,0.084224,0,0.065792,0.007168,0.013312,,0.002304,,1.589248
5683,46.86590950255102,19072353680352,1,4.5950040221214294,4.649,4.565504,1.827,14555,0.001024,0.73804799999999993,,0.032768,0.08576,0,0.067583999999999991,0.007424,0.013312,,0.0025599999999999998,,1.587712
5684,46.870517899659859,19072353726842,1,4.6083969064056873,4.6031,4.564736,1.8939,14902,0.001024,0.73062399999999994,,0.032768,0.084992,0.000256,0.06656,0.0076799999999999993,0.014848,,0.002304,,1.588992
5685,46.87504289965986,19072353772873,1,4.5250002294778824,4.4438,4.546304,1.7657,14555,0.001024,0.74214399999999991,,0.033024,0.081919999999999993,0,0.063232,0.0063999999999999994,0.011776,,0.002304,,1.59104
5686,46.8795827026644,19072353817311,1,4.5398031361401081,4.5366,4.559104,1.8507,14750,0.001024,0.737792,,0.03328,0.086784,0.000256,0.068096,0.0076799999999999993,0.015359999999999999,,0.002048,,1.588736
5687,46.884701098356004,19072353862677,1,5.1183956675231457,4.6646,4.525568,2.4044,14555,0.001024,0.736256,,0.033024,0.086016,0,0.067583999999999991,0.007936,0.012799999999999999,,0.002048,,1.609216
5688,46.889274702380952,19072353909323,1,4.573604092001915,5.5367,4.582144,2.0446,14555,0.0012799999999999999,0.751104,,0.033791999999999996,0.07936,0,0.060927999999999996,0.008192,0.011776,,0.002304,,1.5879679999999998
5689,46.893781398809523,19072353964690,1,4.5066964812576771,3.8176,4.516096,1.8612,14555,0.001024,0.73292799999999991,,0.032768,0.090112,0,0.069632,0.0076799999999999993,0.012799999999999999,,0.002048,,1.59104
5690,46.898335600907025,19072354002866,1,4.554202314466238,5.285,4.526592,1.891,14555,0.0012799999999999999,0.737536,,0.03328,0.085504,0,0.067071999999999993,0.0076799999999999993,0.015104,,0.002304,,1.588992
5691,46.902883099489792,19072354055716,1,4.5474986545741558,4.3156,4.539904,1.6737,14555,0.001024,0.740352,,0.032768,0.0832,0.000256,0.065024,0.005376,0.013056,,0.002304,,1.592832
5692,46.907480300453514,19072354098872,1,4.5972010120749474,4.5401,4.523264,1.595,14555,0.001024,0.728576,,0.032768,0.083712,0,0.065536,0.007168,0.015104,,0.002304,,1.587456
5693,46.912108900226755,19072354144273,1,4.6285996213555336,4.3586,4.555776,1.955,14555,0.001024,0.731136,,0.033024,0.083712,0.000256,0.065792,0.007424,0.012032,,0.002048,,1.588736
5694,46.916695096371882,19072354187859,1,4.5861960388720036,4.5896,4.619264,2.2204,14555,0.001024,0.731904,,0.032768,0.086528,0,0.068608,0.0076799999999999993,0.014079999999999999,,0.002048,,1.5879679999999998
5695,46.921301197562357,19072354233755,1,4.60610119625926,4.6293,4.570624,2.0241,14555,0.001024,0.731648,,0.033024,0.08576,0,0.067583999999999991,0.0076799999999999993,0.013568,,0.002304,,1.592064
5696,46.925913201530612,19072354280048,1,4.6120039187371731,4.7321,4.583936,1.969,14555,0.001024,0.739072,,0.033024,0.084224,0,0.065792,0.007936,0.013312,,0.002048,,1.590272
5697,46.930519997165533,19072354327369,1,4.606795497238636,4.6799,4.59136,1.9585,20997,0.001024,0.739072,,0.033024,0.084224,0,0.065792,0.007936,0.013312,,0.002048,,1.590272
5698,46.935045996315189,19072354374168,1,4.5259990729391575,4.5285,4.585984,1.7026,14555,0.001024,0.73215999999999992,,0.032768,0.085504,0.000256,0.066816,0.007424,0.014591999999999999,,0.002304,,1.58848
5699,46.939645301870748,19072354419453,1,4.599305335432291,5.1228,4.502528,1.594,14555,0.001024,0.73395199999999994,,0.032768,0.084224,0.000256,0.06656,0.003072,0.013056,,0.002304,,1.590528
5700,46.944220996315188,19072354470681,1,4.5756944455206394,3.9281,4.575232,1.7987,14555,0.001024,0.740864,,0.032768,0.086528,0.000256,0.068096,0.007424,0.013824,,0.002048,,1.5864319999999998
5701,46.948786996882085,19072354509962,1,4.5660007745027542,4.5463,4.546048,1.9676,14555,0.0012799999999999999,0.73292799999999991,,0.032768,0.08524799999999999,0,0.067071999999999993,0.003328,0.012032,,0.002304,,1.5872
5702,46.953563895975051,19072354555425,1,4.7768992371857166,4.6426,4.552448,1.7583,14555,0.001024,0.733184,,0.032768,0.08524799999999999,0,0.066304,0.007424,0.013312,,0.002304,,1.5900159999999999
5703,46.958128500566893,19072354601851,1,4.5646047219634056,4.5535,4.74496,1.8466,14555,0.001024,0.73983999999999994,,0.033024,0.081408,0,0.063232,0.003072,0.013824,,0.002304,,1.5879679999999998
5704,46.962704499716551,19072354647386,1,4.5759989880025387,4.5447,4.56192,1.7594,14555,0.001024,0.735232,,0.032768,0.082176,0,0.064,0.007424,0.011519999999999999,,0.002304,,1.588992
5705,46.967272696995465,19072354692833,1,4.5681972987949848,5.0102,4.526336,1.9875,14555,0.001024,0.73804799999999993,,0.032768,0.081408,0,0.063232,0.0084479999999999989,0.013056,,0.002304,,1.5897599999999998
5706,46.971877898242631,19072354742935,1,4.6052010729908943,4.8352,4.57984,1.962,14757,0.001024,0.730368,,0.033024,0.08448,0,0.066304,0.0076799999999999993,0.013312,,0.002304,,1.5900159999999999
5707,46.976438499149658,19072354791287,1,4.5606009662151337,4.0318,4.581376,1.7887,14555,0.001024,0.72959999999999992,,0.032768,0.08576,0,0.067071999999999993,0.009472,0.014591999999999999,,0.002304,,1.586944
5708,46.981002898242629,19072354831605,1,4.5643988996744156,4.5419,4.54016,1.7684,14607,0.001024,0.73344,,0.032768,0.08576,0,0.067328,0.009472,0.012544,,0.002304,,1.590528
5709,46.985777997448977,19072354877024,1,4.7750989906489849,4.7031,4.541952,1.6106,14853,0.001024,0.733696,,0.032768,0.086016,0,0.068096,0.007424,0.013568,,0.002304,,1.5882239999999999
5710,46.990372101757366,19072354924055,1,4.5941043645143509,4.5791,4.751616,1.9595,14555,0.001024,0.737536,,0.033024,0.084992,0,0.06656,0.0076799999999999993,0.013568,,0.002304,,1.590784
5711,46.994937599206345,19072354969846,1,4.5654973946511745,4.5037,4.576768,1.7586,14555,0.001024,0.74214399999999991,,0.032512,0.081919999999999993,0.000256,0.063232,0.0076799999999999993,0.013056,,0.002304,,1.5872
5712,46.9995464994331,19072355014883,1,4.608900286257267,4.9346,4.544512,1.9776,14555,0.001024,0.739328,,0.032512,0.083712,0,0.065279999999999991,0.006144,0.013056,,0.002304,,1.589248
5713,47.004511096938771,19072355064229,1,4.9645975232124329,4.58,4.592896,1.8696,14555,0.001024,0.736768,,0.032768,0.08524799999999999,0,0.066816,0.0076799999999999993,0.014591999999999999,,0.002304,,1.5882239999999999
5714,47.009835898526077,19072355110029,1,5.324801430106163,4.6768,4.9408,2.1846,14555,0.001024,0.730112,,0.03328,0.0896,0,0.070656,0.007424,0.012288,,0.002304,,1.7687039999999998
5715,47.01458849914966,19072355156797,1,4.7526005655527115,4.7333,5.050112,1.7716,14555,0.001024,0.73344,,0.033024,0.092416,0,0.072191999999999992,0.007424,0.012544,,0.0025599999999999998,,1.821184
5716,47.019981101190474,19072355204130,1,5.3926021791994572,4.5696,4.70784,1.7701,14555,0.001024,0.740096,,0.035072,0.08806399999999999,0.000256,0.069376,0.007424,0.012799999999999999,,0.002304,,1.589504
5717,47.024890901360543,19072355249826,1,4.9098003655672073,5.9044,5.213184,2.3132,14555,0.001024,0.73804799999999993,,0.032768,0.087296,0.000256,0.06912,0.007424,0.012288,,0.002304,,1.58848
5718,47.03014389880952,19072355308870,1,5.2529973909258842,4.5595,4.883456,2.2752,14555,0.001024,0.736,,0.033024,0.24140799999999998,0.000256,0.067583999999999991,0.0076799999999999993,0.014079999999999999,,0.002048,,1.585152
5719,47.03523839994331,19072355354465,1,5.0945011898875237,5.1427,5.23392,2.1275,14750,0.001024,0.741888,,0.033024,0.090624,0,0.071168,0.0076799999999999993,0.013312,,0.002048,,1.5882239999999999
5720,47.040343601190472,19072355405892,1,5.1052011549472809,5.1684,4.90496,2.1921,52235,0.001024,0.739328,,0.033791999999999996,0.08524799999999999,0.000256,0.067328,0.003072,0.014591999999999999,,0.002304,,1.5882239999999999
5721,47.045540695861675,19072355457576,1,5.19709475338459,5.0178,5.078016,1.7652,14555,0.001024,0.738304,,0.033024,0.3392,0,0.06656,0.007424,0.012288,,0.002048,,1.6033279999999999
5722,47.05139219812925,19072355507754,1,5.8515020646154881,5.0439,5.133312,0.5213,14555,0.001024,0.73215999999999992,,0.033024,0.08524799999999999,0,0.067328,0.007168,0.012799999999999999,,0.002048,,1.8928639999999999
5723,47.056580902777775,19072355558193,1,5.1887044683098793,6.2065,0.034816,1.9033,14555,0.001024,0.73727999999999994,,0.033535999999999996,0.092416,0.000256,0.07296,0.0076799999999999993,0.013312,,0.002048,,2.066432
5724,47.061719997165532,19072355620258,1,5.1390943117439747,4.1556,5.170944,1.9031,14555,0.001024,0.729856,,0.03328,0.091648,0,0.072448,0.007424,0.014591999999999999,,0.002304,,2.0019199999999997
5725,47.066731001984124,19072355661814,1,5.0110048614442348,6.2154,5.108736,2.2152,14555,0.001024,0.742656,,0.03328,0.08448,0,0.066304,0.007424,0.014336,,0.002304,,1.856512
5726,47.071486798469387,19072355723968,1,4.7557963989675045,4.9148,4.991744,2.1205,14757,0.001024,0.736,,0.03328,0.087551999999999991,0,0.068608,0.003328,0.015104,,0.002304,,2.10816
5727,47.076475099206348,19072355773116,1,4.9883006140589714,5.2938,4.72832,1.9481,14555,0.001024,0.736256,,0.032512,0.08524799999999999,0,0.06656,0.007424,0.013312,,0.002304,,1.830144
5728,47.081553599773244,19072355826054,1,5.0785006023943424,4.5801,4.97664,1.9494,14555,0.001024,0.72959999999999992,,0.033024,0.0896,0,0.069887999999999992,0.003072,0.011519999999999999,,0.002304,,1.845248
5729,47.086571896258505,19072355871855,1,5.0182966515421867,4.8803,5.055488,1.9634,14555,0.001024,0.72704,,0.039936,0.08832,0,0.069632,0.007424,0.013056,,0.002304,,1.7605119999999999
5730,47.091435997732425,19072355920658,1,4.8641012981534,4.9634,4.996352,1.859,14555,0.260864,0.740096,,0.032512,0.091392,0,0.071168,0.0076799999999999993,0.012032,,0.002048,,1.589504
5731,47.096786500850335,19072355970292,1,5.3505031391978264,5.6003,4.839424,2.2083,14555,0.001024,0.734208,,0.0384,0.08524799999999999,0,0.066304,0.007424,0.013056,,0.002304,,1.592064
5732,47.101828698979588,19072356026295,1,5.0421981140971184,5.0204,5.329408,1.9656,14555,0.001024,0.73856,,0.033535999999999996,0.326144,0,0.055552,0.027903999999999998,0.015104,,0.003584,,1.76128
5733,47.106917701247163,19072356076499,1,5.0890021957457066,4.6854,5.0048,1.8941,14555,0.001024,0.73881599999999992,,0.033791999999999996,0.08448,0,0.06656,0.0076799999999999993,0.013824,,0.002048,,1.60384
5734,47.111978096655328,19072356123353,1,5.06039522588253,5.0803,5.08288,2.4486,14555,0.001024,0.72576,,0.03328,0.088576,0,0.070656,0.0076799999999999993,0.014336,,0.002048,,1.8539519999999998
5735,47.117202997448977,19072356174156,1,5.2249007858335972,5.1076,5.038336,2.4715,14555,0.001024,0.734976,,0.033791999999999996,0.09036799999999999,0.000256,0.070912,0.0076799999999999993,0.013312,,0.002304,,1.823232
5736,47.121960700113377,19072356225232,1,4.7577028162777424,5.987,5.197056,2.5594,14555,0.001024,0.7424,,0.033535999999999996,0.0832,0,0.065024,0.0076799999999999993,0.009984,,0.002816,,2.087424
5737,47.127508000283441,19072356285102,1,5.5472999811172485,5.0483,4.74496,2.9055,14555,0.001024,0.750848,,0.033535999999999996,0.080384,0,0.061952,0.0038399999999999997,0.010752,,0.002304,,1.8237439999999998
5738,47.132573901643987,19072356335585,1,5.0659012049436569,4.9365,5.078784,2.6235,14555,0.001024,0.753408,,0.03328,0.081919999999999993,0,0.063488,0.007424,0.011519999999999999,,0.0025599999999999998,,1.840384
5739,47.137467602040815,19072356384950,1,4.89370059221983,4.6162,5.048064,2.3505,14555,0.001024,0.73727999999999994,,0.032768,0.083968,0,0.066048,0.007424,0.013824,,0.002304,,1.833728
5740,47.142676601473923,19072356431112,1,5.2089993841946125,5.5111,4.856576,2.2007,14555,0.001024,0.728576,,0.03328,0.08448,0,0.066048,0.0076799999999999993,0.015104,,0.002304,,1.590784
5741,47.1479001984127,19072356486223,1,5.2235969342291355,5.2489,5.200384,2.51,14555,0.001024,0.729344,,0.032768,0.352,0,0.065024,0.004608,0.014079999999999999,,0.002304,,1.590272
5742,47.152689002267572,19072356538712,1,4.788803867995739,4.8761,4.95872,2.3262,14555,0.001024,0.73548799999999992,,0.034304,0.084224,0.000256,0.065536,0.0076799999999999993,0.014079999999999999,,0.002048,,1.5915519999999999
5743,47.158068296485261,19072356587473,1,5.3792940452694893,5.2003,4.747008,2.8062,14555,0.001024,0.73548799999999992,,0.032768,0.325632,0,0.067071999999999993,0.007424,0.013824,,0.002304,,1.583872
5744,47.163105796485262,19072356639476,1,5.0375000573694706,5.2762,4.764672,2.0602,14555,0.001024,0.74137599999999992,,0.033024,0.33024,0,0.066816,0.0076799999999999993,0.010752,,0.0025599999999999998,,1.58592
5745,47.168941900510205,19072356692238,1,5.836104042828083,4.4955,4.980992,2.67,14757,0.001024,0.739072,,0.034304,0.082176,0,0.064256,0.007424,0.013056,,0.0025599999999999998,,1.5866879999999999
5746,47.1738924957483,19072356737193,1,4.9505950883030891,6.388,5.1584,2.4602,14555,0.001024,0.748288,,0.033535999999999996,0.238592,0,0.06297599999999999,0.003584,0.012288,,0.0025599999999999998,,1.739264
5747,47.180080102040812,19072356801073,1,6.1876061372458935,4.9915,4.896768,2.7354,14555,0.001024,0.739328,,0.032768,0.08294399999999999,0.000256,0.064767999999999992,0.007936,0.011519999999999999,,0.002304,,1.7820159999999998
5748,47.185978599773243,19072356850988,1,5.89849753305316,5.8471,5.37472,2.2268,14802,0.001024,0.739072,,0.03328,0.080384,0,0.062208,0.008192,0.010239999999999999,,0.002304,,2.06208
5749,47.191133496315189,19072356909459,1,5.1548965275287628,4.3319,4.818176,2.7626,14555,0.001024,0.731136,,0.032768,0.086016,0.000256,0.06784,0.0084479999999999989,0.012799999999999999,,0.002048,,1.899776
5750,47.196216099773238,19072356952778,1,5.0826035439968109,7.1009,5.071872,2.4722,14555,0.001024,0.753408,,0.18431999999999998,0.08576,0,0.064767999999999992,0.0076799999999999993,0.011264,,0.002304,,1.7390079999999999
5751,47.201463499149661,19072357023787,1,5.2473992109298706,5.1902,5.065472,1.9649,14555,0.001024,0.744448,,0.033024,0.08294399999999999,0.000256,0.065279999999999991,0.005888,0.011264,,0.0025599999999999998,,1.853184
5752,47.206537698412696,19072357075689,1,5.0741992890834808,4.8272,5.218048,2.2382,14555,0.001024,0.73727999999999994,,0.033024,0.084735999999999992,0,0.066304,0.0076799999999999993,0.012544,,0.002304,,2.00832
5753,47.21184319727891,19072357123961,1,5.3054988384246826,5.0335,5.042176,2.527,14555,0.001024,0.737792,,0.033535999999999996,0.084224,0,0.065792,0.007424,0.014848,,0.0025599999999999998,,2.0774399999999997
5754,47.216936401643991,19072357174296,1,5.0932043232023716,5.7491,5.051136,1.861,14555,0.001024,0.74803199999999992,,0.033535999999999996,0.081919999999999993,0,0.063488,0.004096,0.011776,,0.002304,,2.088704
5755,47.222420996315194,19072357231787,1,5.4845944978296757,4.2093,4.745984,2.9161,14555,0.001024,0.73856,,0.033024,0.084735999999999992,0.000256,0.06656,0.003584,0.013568,,0.002048,,1.591808
5756,47.227923299319727,19072357273880,1,5.5023031309247017,6.1869,4.886272,3.0636,14555,0.001024,0.742656,,0.033791999999999996,0.082176,0,0.064256,0.003328,0.011264,,0.002304,,1.82272
5757,47.23311719812925,19072357335749,1,5.1938989199697971,5.2011,5.026304,2.3819,14555,0.001024,0.748288,,0.033791999999999996,0.0832,0,0.064512,0.008704,0.011264,,0.002304,,1.8224639999999999
5758,47.238176799886617,19072357387760,1,5.0596017390489578,4.9676,5.18144,2.2695,14555,0.001024,0.74214399999999991,,0.032512,0.0832,0,0.065279999999999991,0.003072,0.012032,,0.0025599999999999998,,1.83808
5759,47.24321439909297,19072357437436,1,5.0375992432236671,5.1807,5.031936,1.889,14555,0.001024,0.73344,,0.03328,0.08524799999999999,0,0.067071999999999993,0.0076799999999999993,0.012032,,0.002304,,1.8455039999999998
5760,47.2481839994331,19072357489243,1,4.96960012242198,4.9974,4.756224,1.8291,14555,0.001024,0.740352,,0.03328,0.084992,0,0.066304,0.007424,0.012032,,0.002304,,1.590784
5761,47.253244997165531,19072357539217,1,5.0609977915883064,4.7169,4.935936,1.7379,14555,0.001024,0.72832,,0.034304,0.081664,0,0.063232,0.007424,0.012288,,0.002304,,1.590528
5762,47.258116000566893,19072357586386,1,4.8710033297538757,5.1691,4.800768,2.126,14555,0.001024,0.740352,,0.034048,0.08524799999999999,0,0.067328,0.0076799999999999993,0.014336,,0.002304,,1.5866879999999999
5763,47.263373696145123,19072357638077,1,5.257695447653532,5.0592,4.822016,2.0935,14555,0.001024,0.73651199999999994,,0.27955199999999997,0.089088,0,0.068864,0.0076799999999999993,0.013312,,0.002048,,1.586176
5764,47.268520996315189,19072357688669,1,5.1473001949489117,5.2325,5.257472,2.1329,14555,0.0012799999999999999,0.730368,,0.03328,0.085504,0,0.067328,0.199424,0.014848,,0.003072,,1.7523199999999999
5765,47.273438598356009,19072357740994,1,4.9176020547747612,4.4534,4.963328,2.1339,14757,0.001024,0.73215999999999992,,0.0384,0.087296,0,0.068864,0.007424,0.015104,,0.002048,,1.58592
5766,47.278528996598638,19072357785528,1,5.0903982482850552,6.1567,4.894464,2.1968,14555,0.001024,0.726784,,0.032768,0.334592,0,0.066304,0.007936,0.012544,,0.002048,,1.7664
5767,47.28378280187075,19072357847095,1,5.2538053132593632,4.4683,5.060096,1.9177,14555,0.001024,0.735232,,0.03328,0.091904,0,0.072191999999999992,0.007424,0.015616,,0.002304,,1.8828799999999999
5768,47.288873200113379,19072357891778,1,5.0903982482850552,4.9633,5.238784,2.0532,14555,0.001024,0.74214399999999991,,0.03328,0.08576,0,0.067583999999999991,0.010239999999999999,0.013312,,0.002304,,1.8342399999999999
5769,47.294011401643992,19072357941411,1,5.1382016390562057,5.587,5.073152,2.05,52235,0.001024,0.738304,,0.032512,0.083968,0,0.065279999999999991,0.007168,0.012544,,0.002048,,2.099968
5770,47.2991753968254,19072357997281,1,5.1639950834214687,4.9064,5.11104,2.1189,14555,0.001024,0.74214399999999991,,0.033024,0.085504,0.000256,0.067071999999999993,0.0076799999999999993,0.014848,,0.002304,,1.858816
5771,47.305155902777777,19072358046345,1,5.9805060736835,4.9393,5.022208,0.762,14555,0.001024,0.74112,,0.032768,0.084224,0,0.066304,0.005632,0.012032,,0.002304,,1.844736
5772,47.311088102324263,19072358095738,1,5.9321997687220573,6.7787,0.033792,2.1496,14555,0.001024,0.740096,,0.033535999999999996,0.084992,0,0.066304,0.007936,0.011776,,0.002304,,1.857024
5773,47.31626659580499,19072358163525,1,5.1784934476017952,3.6878,5.118208,1.9777,14555,0.001024,0.737792,,0.034048,0.24115199999999998,0,0.22092799999999999,0.0038399999999999997,0.012032,,0.002304,,2.115328
5774,47.320955300453512,19072358200403,1,4.68870485201478,6.0142,5.166336,1.8534,14555,0.001024,0.73983999999999994,,0.032768,0.084735999999999992,0,0.06656,0.0076799999999999993,0.013056,,0.002048,,1.861632
5775,47.326088399943309,19072358260545,1,5.1330993883311749,5.5209,4.659712,1.6788,14555,0.001024,0.73062399999999994,,0.032768,0.09267199999999999,0,0.072191999999999992,0.007936,0.012544,,0.002048,,1.586176
5776,47.331318501984128,19072358315754,1,5.2301022224128246,5.2305,5.110272,1.9267,14555,0.001024,0.72704,,0.032768,0.084224,0,0.065792,0.0076799999999999993,0.013312,,0.0025599999999999998,,1.588992
5777,47.336382100340131,19072358368059,1,5.06359850987792,5.1594,5.212672,1.7663,14555,0.001024,0.74060799999999993,,0.034304,0.085504,0,0.067071999999999993,0.00896,0.015104,,0.002304,,1.586944
5778,47.341223299319729,19072358419653,1,4.8411991447210312,5.0045,5.040128,2.2396,14750,0.001024,0.73139199999999993,,0.038655999999999996,0.086272,0.000256,0.067328,0.0076799999999999993,0.013568,,0.002048,,1.58848
5779,47.346434297052156,19072358469698,1,5.21099753677845,4.8369,4.822528,2.1271,14555,0.001024,0.735744,,0.035072,0.086784,0,0.06656,0.010752,0.014079999999999999,,0.002304,,1.591808
5780,47.351443700396821,19072358518067,1,5.0094034522771835,5.6531,5.18656,1.9454,14555,0.001024,0.74137599999999992,,0.035328,0.091904,0,0.072448,0.006912,0.012288,,0.002048,,1.7605119999999999
5781,47.35657869897959,19072358574598,1,5.1349983550608158,4.5947,4.996864,2.0204,14555,0.001024,0.73804799999999993,,0.035328,0.09344,0,0.07296,0.007936,0.012032,,0.002048,,1.590528
5782,47.361190199829927,19072358620545,1,4.6115010045468807,5.0388,5.106688,2.1806,14555,0.001024,0.738304,,0.033535999999999996,0.092159999999999992,0,0.071936,0.007424,0.013568,,0.002304,,1.8508799999999999
5783,47.365926998299315,19072358670933,1,4.7367983497679234,5.1737,4.595456,1.7933,14555,0.001024,0.7424,,0.033535999999999996,0.088576,0.000256,0.070144,0.007936,0.015104,,0.002048,,1.5897599999999998
5784,47.370550800736957,19072358722670,1,4.6238023787736893,5.1786,4.711424,1.9487,14757,0.0012799999999999999,0.740352,,0.032768,0.08294399999999999,0.000256,0.064767999999999992,0.007168,0.012799999999999999,,0.002304,,1.586176
5785,47.375240398242632,19072358774456,1,4.689597524702549,4.3098,4.553216,2.161,14555,0.001024,0.727552,,0.033024,0.087296,0.000256,0.068608,0.0076799999999999993,0.012544,,0.002048,,1.587712
5786,47.3803762967687,19072358817554,1,5.1358984783291817,4.7039,4.72064,1.9279,14555,0.001024,0.72729599999999994,,0.03328,0.252672,0.000256,0.073472,0.009216,0.014336,,0.002304,,1.58592
5787,47.385597902494332,19072358864593,1,5.2216057665646076,5.5912,5.112064,2.1257,14555,0.001024,0.734976,,0.032512,0.082431999999999991,0,0.064256,0.258048,0.014336,,0.002304,,1.584384
5788,47.390192800453512,19072358920505,1,4.5948978513479233,3.8593,5.197056,1.8236,14607,0.001024,0.731904,,0.032768,0.086528,0.000256,0.06784,0.007424,0.013312,,0.002304,,1.604352
5789,47.394813796768709,19072358959098,1,4.6209963038563728,5.3204,4.573952,1.9408,14555,0.001024,0.73881599999999992,,0.032768,0.08294399999999999,0,0.064512,0.007424,0.013824,,0.002304,,1.586944
5790,47.399476296768704,19072359012302,1,4.6625002287328243,4.8228,4.598784,2.1738,14555,0.001024,0.739584,,0.032768,0.08448,0,0.066816,0.0076799999999999993,0.012799999999999999,,0.002304,,1.5882239999999999
5791,47.403981802721084,19072359060530,1,4.5055057853460312,4.8415,4.638464,1.9104,14555,0.001024,0.734208,,0.032768,0.090624,0,0.07168,0.007424,0.014079999999999999,,0.002304,,1.58848
5792,47.40879779620181,19072359108945,1,4.8159933649003506,4.5642,4.475392,1.886,14555,0.001024,0.737792,,0.03328,0.090112,0.000256,0.07039999999999999,0.007424,0.011776,,0.002304,,1.594112
5793,47.413353599773238,19072359154587,1,4.5558037236332893,4.5874,4.790272,2.5001,14555,0.001024,0.73139199999999993,,0.032768,0.08524799999999999,0,0.066816,0.0076799999999999993,0.012799999999999999,,0.002304,,1.822976
5794,47.417934899376412,19072359200461,1,4.5812996104359627,4.8861,4.538112,1.7139,14555,0.001024,0.741632,,0.033535999999999996,0.084992,0,0.066048,0.0076799999999999993,0.012032,,0.002304,,1.5872
5795,47.422543898809522,19072359249322,1,4.6089994721114635,4.6959,4.55552,1.648,14555,0.0012799999999999999,0.737024,,0.032768,0.087551999999999991,0.000256,0.069376,0.007168,0.015104,,0.002304,,1.590272
5796,47.427131200396822,19072359296281,1,4.5873015187680721,4.2106,4.58368,2.0483,14555,0.001024,0.72473599999999994,,0.032768,0.083456,0.000256,0.065536,0.007424,0.013824,,0.002304,,1.59104
5797,47.4317167020975,19072359338387,1,4.5855017378926277,4.9211,4.553728,1.9664,20997,0.001024,0.740864,,0.033024,0.08294399999999999,0,0.064512,0.007424,0.013056,,0.002304,,1.587712
5798,47.436258099489791,19072359387598,1,4.54139756038785,4.7894,4.563712,1.8761,14555,0.001024,0.739328,,0.033024,0.084992,0,0.066304,0.007424,0.012799999999999999,,0.002304,,1.592576
5799,47.440847200963717,19072359435492,1,4.5891012996435165,4.6668,4.524032,2.0081,14555,0.001024,0.736,,0.033024,0.08524799999999999,0,0.067328,0.007424,0.014079999999999999,,0.002304,,1.5872
5800,47.446580902777775,19072359482160,1,5.7337018661201,4.5629,4.569856,1.8059,14555,0.001024,0.731648,,0.032512,0.08294399999999999,0,0.064512,0.007424,0.012032,,0.002048,,1.605376
5801,47.45150749716553,19072359527789,1,4.926594439893961,3.9073,4.526592,2.0287,14555,0.001024,0.731648,,0.032512,0.08294399999999999,0,0.064512,0.007424,0.012032,,0.002048,,1.605376
5802,47.455990596655326,19072359566862,1,4.4830995611846447,7.0333,4.53888,1.5957,14555,0.001024,0.750848,,0.033024,0.081664,0,0.063488,0.007936,0.010239999999999999,,0.002816,,1.6033279999999999
5803,47.460536897675738,19072359637195,1,4.5463009737432,3.5936,4.54272,1.8501,14555,0.001024,0.74060799999999993,,0.032768,0.08524799999999999,0,0.067583999999999991,0.007936,0.013056,,0.002304,,1.586944
5804,47.465288598356004,19072359673131,1,4.7517009079456329,4.9646,4.525568,1.8456,14555,0.001024,0.727808,,0.032512,0.082431999999999991,0.000256,0.064256,0.007168,0.013312,,0.002304,,1.59232
5805,47.470071499433104,19072359722777,1,4.7829011455178261,4.2939,4.7296,1.8228,14757,0.001024,0.734208,,0.033024,0.0832,0,0.064512,0.007424,0.013056,,0.002304,,1.585152
5806,47.474656901927439,19072359765716,1,4.5854025520384312,4.8801,4.748032,2.2664,14555,0.001024,0.72883199999999992,,0.033024,0.087039999999999992,0,0.068608,0.008704,0.012288,,0.002304,,1.771776
5807,47.479224496882082,19072359814517,1,4.5675947330892086,4.773,4.571648,1.8772,14555,0.001024,0.740352,,0.032768,0.08448,0,0.066816,0.0076799999999999993,0.015104,,0.002048,,1.586176
5808,47.48375829790249,19072359862247,1,4.5338012278079987,4.4111,4.545792,2.2944,14555,0.0012799999999999999,0.737792,,0.032512,0.085504,0,0.067071999999999993,0.007424,0.013568,,0.002304,,1.612288
5809,47.488314902210881,19072359906358,1,4.5566041953861713,5.1208,4.506624,2.0309,14555,0.001024,0.74470399999999992,,0.03328,0.0832,0,0.065024,0.007936,0.012288,,0.002304,,1.587712
5810,47.492861996882084,19072359957566,1,4.5470944605767727,4.6937,4.538112,1.9234,14750,0.001024,0.744192,,0.033535999999999996,0.084992,0.000256,0.06656,0.007424,0.010496,,0.0025599999999999998,,1.589248
5811,47.4974545989229,19072360004503,1,4.5926021412014961,3.9957,4.530944,1.8438,14555,0.001024,0.734464,,0.032768,0.084735999999999992,0,0.066048,0.005632,0.013824,,0.002304,,1.588992
5812,47.502138697562359,19072360044460,1,4.6840985305607319,4.6151,4.566528,1.9941,14555,0.001024,0.73881599999999992,,0.032768,0.08576,0,0.067583999999999991,0.007424,0.013824,,0.002304,,1.590784
5813,47.506732100340137,19072360090611,1,4.5934026129543781,4.6793,4.659968,1.8946,14555,0.001024,0.74060799999999993,,0.032768,0.081919999999999993,0.000256,0.064256,0.007424,0.012288,,0.002304,,1.603584
5814,47.511320897108838,19072360137404,1,4.5887967571616173,5.2208,4.570368,1.9684,14555,0.003584,0.740096,,0.032768,0.084992,0,0.066304,0.003584,0.012032,,0.0025599999999999998,,1.587456
5815,47.515895996315194,19072360189612,1,4.57509933039546,3.8909,4.568064,1.762,14555,0.001024,0.73344,,0.032768,0.08294399999999999,0,0.064512,0.007424,0.013056,,0.002304,,1.5882239999999999
5816,47.520525602324263,19072360228521,1,4.6296059153974056,4.8365,4.553472,2.0119,14555,0.001024,0.740096,,0.032768,0.081408,0,0.063232,0.007424,0.014848,,0.002304,,1.590528
5817,47.524995698696145,19072360276886,1,4.4700964353978634,4.6487,4.519424,1.7308,14555,0.001024,0.73062399999999994,,0.032768,0.08294399999999999,0.000256,0.064767999999999992,0.004096,0.012544,,0.002304,,1.589504
5818,47.529581901927436,19072360323373,1,4.5862030237913132,4.5114,4.531968,1.7384,14555,0.001024,0.726016,,0.03328,0.083968,0,0.066048,0.007424,0.013312,,0.002304,,1.5872
5819,47.5342003968254,19072360368487,1,4.6184947714209557,4.5398,4.560384,1.8407,14555,0.001024,0.734208,,0.032768,0.083712,0,0.065536,0.007424,0.011519999999999999,,0.0025599999999999998,,1.590528
5820,47.538965299036278,19072360413885,1,4.7649024054408073,4.4934,4.581376,1.8505,14555,0.001024,0.737792,,0.032768,0.084735999999999992,0,0.066304,0.0076799999999999993,0.015616,,0.002304,,1.5872
5821,47.544013300736957,19072360458819,1,5.0480016507208347,4.2979,4.759552,1.8847,14555,0.001024,0.740864,,0.033024,0.08576,0,0.06784,0.007424,0.012544,,0.002304,,1.587456
5822,47.54876819727891,19072360501798,1,4.7548967413604259,4.8245,5.028608,1.732,52235,0.001024,0.736256,,0.032768,0.086272,0,0.068352,0.0076799999999999993,0.013824,,0.002304,,1.8455039999999998
5823,47.553355399659864,19072360550043,1,4.5872023329138756,4.2791,4.723456,2.1589,14555,0.0012799999999999999,0.739072,,0.032768,0.084735999999999992,0,0.066816,0.004352,0.012799999999999999,,0.002304,,1.752576
5824,47.5583419005102,19072360592834,1,4.986500833183527,5.2904,4.565504,0.5289,14555,0.001024,0.73804799999999993,,0.032768,0.083968,0.000256,0.065792,0.007168,0.012799999999999999,,0.002304,,1.601024
5825,47.563254698129249,19072360645738,1,4.9127978272736073,5.6271,0.034816,1.9511,14555,0.001024,0.733696,,0.032768,0.08294399999999999,0,0.064767999999999992,0.0076799999999999993,0.012799999999999999,,0.002304,,1.5872
5826,47.567823802437637,19072360702009,1,4.56910440698266,3.5018,4.889088,1.8339,14555,0.001024,0.727808,,0.18816,0.093952,0,0.07424,0.007424,0.012799999999999999,,0.002304,,1.603584
5827,47.572390199829933,19072360737027,1,4.56639751791954,5.2377,4.545536,1.7788,14757,0.001024,0.732672,,0.03328,0.08448,0,0.06656,0.003584,0.012032,,0.002304,,1.5866879999999999
5828,47.576917602040815,19072360789404,1,4.5274021103978157,4.6967,4.5184,1.6081,14555,0.001024,0.73983999999999994,,0.033024,0.089088,0,0.06912,0.0076799999999999993,0.013568,,0.002048,,1.610496
5829,47.581529896541952,19072360836371,1,4.6122944913804531,4.5476,4.537856,1.9037,14555,0.001024,0.732672,,0.032768,0.082176,0,0.063488,0.007424,0.012799999999999999,,0.002304,,1.5872
5830,47.586105598072564,19072360881847,1,4.575701430439949,4.7107,4.57856,1.7518,14555,0.001024,0.737792,,0.032768,0.08524799999999999,0,0.067071999999999993,0.0076799999999999993,0.012288,,0.002048,,1.589248
5831,47.590696499433108,19072360928954,1,4.5909015461802483,4.6517,4.557568,1.8205,14607,0.001024,0.739328,,0.032768,0.084224,0.000256,0.065536,0.007936,0.012032,,0.002048,,1.5879679999999998
5832,47.595306200396827,19072360975471,1,4.609700758010149,4.67,4.574208,1.7157,14555,0.001024,0.729856,,0.032768,0.093696,0.000256,0.07424,0.007424,0.014591999999999999,,0.002304,,1.587712
5833,47.599912896825394,19072361022171,1,4.6066963113844395,4.6676,4.583936,2.2102,14555,0.001024,0.73881599999999992,,0.032768,0.09036799999999999,0,0.071424,0.007424,0.012544,,0.002304,,1.588736
5834,47.604659297052152,19072361068847,1,4.7464002855122089,4.5532,4.588032,1.7791,14555,0.0012799999999999999,0.729344,,0.03328,0.0896,0,0.070144,0.0076799999999999993,0.014848,,0.002048,,1.589248
5835,47.609246102607706,19072361114379,1,4.5868055894970894,4.3107,4.72064,2.0186,14555,0.001024,0.735744,,0.033024,0.081919999999999993,0,0.063488,0.007424,0.013056,,0.002304,,1.592064
5836,47.614070599489793,19072361157486,1,4.8244968056678772,4.9636,4.562688,1.9928,14555,0.001024,0.731904,,0.03328,0.088576,0,0.06912,0.007424,0.014848,,0.002304,,1.588736
5837,47.618616397392287,19072361207122,1,4.5457980595529079,5.0424,4.799488,1.5747,14555,0.001024,0.73651199999999994,,0.032512,0.083968,0.000256,0.065536,0.0097279999999999988,0.013312,,0.002304,,1.797888
5838,47.623193296485262,19072361257546,1,4.5768991112709045,4.2047,4.538368,1.8014,14555,0.001024,0.727808,,0.032768,0.08576,0,0.067583999999999991,0.007424,0.014591999999999999,,0.002304,,1.586944
5839,47.6277751984127,19072361299593,1,4.5819017104804516,4.609,4.539648,1.8011,14555,0.001024,0.73215999999999992,,0.033024,0.08524799999999999,0.000256,0.066816,0.003072,0.012799999999999999,,0.002304,,1.590528
5840,47.632372101757369,19072361345683,1,4.5969034545123577,4.8934,4.57856,1.7103,14555,0.001024,0.73062399999999994,,0.032768,0.087039999999999992,0.000256,0.068864,0.003072,0.014591999999999999,,0.002304,,1.583872
5841,47.636963598356004,19072361394617,1,4.5914966613054276,4.7527,4.57088,1.8104,14555,0.001024,0.737024,,0.033024,0.08294399999999999,0,0.065024,0.00896,0.012288,,0.002304,,1.5897599999999998
5842,47.641741801303851,19072361442144,1,4.7782030887901783,4.2898,4.569856,1.7261,14555,0.001024,0.73292799999999991,,0.032512,0.087039999999999992,0,0.068864,0.010239999999999999,0.015616,,0.002304,,1.5864319999999998
5843,47.64627269699546,19072361485042,1,4.5308955013751984,4.4076,4.750592,1.7516,14750,0.001024,0.735744,,0.032512,0.083456,0,0.065536,0.003328,0.014079999999999999,,0.002304,,1.6081919999999998
5844,47.65085780187075,19072361529118,1,4.5851049944758415,5.5231,4.517632,1.6279,14555,0.001024,0.73344,,0.032768,0.084224,0,0.066304,0.007424,0.012544,,0.002304,,1.5864319999999998
5845,47.655420202664395,19072361584349,1,4.5624007470905781,3.8858,4.565504,1.6208,14555,0.001024,0.736256,,0.032768,0.082176,0,0.064256,0.011776,0.013568,,0.002304,,1.606912
5846,47.659973497732423,19072361623207,1,4.5532952062785625,4.3788,4.531968,2.0663,14555,0.001024,0.744192,,0.032768,0.087039999999999992,0,0.06912,0.007424,0.014336,,0.002304,,1.5864319999999998
5847,47.664692396541945,19072361666995,1,4.7188987955451012,4.5901,4.543232,3.3474,14555,0.001024,0.738304,,0.032768,0.087296,0,0.068864,0.003328,0.014591999999999999,,0.002048,,1.610496
5848,47.669275899943308,19072361712896,1,4.58350358530879,4.9324,4.542208,2.132,14555,0.001024,0.740864,,0.03328,0.080639999999999989,0,0.062464,0.009216,0.010496,,0.002304,,1.5897599999999998
5849,47.673889200680271,19072361762220,1,4.6133007854223251,4.4284,4.56576,2.116,14757,0.001024,0.726016,,0.032768,0.083968,0.000256,0.065792,0.0076799999999999993,0.012288,,0.002304,,1.584384
5850,47.6784339994331,19072361806504,1,4.5447987504303455,4.7569,4.589824,1.7141,14555,0.001024,0.73215999999999992,,0.033024,0.084735999999999992,0,0.066048,0.0076799999999999993,0.011519999999999999,,0.002048,,1.5866879999999999
5851,47.683047300170067,19072361854073,1,4.6133007854223251,4.8824,4.521472,1.665,14555,0.001024,0.737792,,0.032768,0.083456,0,0.064512,0.0076799999999999993,0.014336,,0.002304,,1.590528
5852,47.687566801303852,19072361902897,1,4.5195012353360653,4.1408,4.545536,1.7808,14555,0.001024,0.742656,,0.032768,0.083712,0,0.065279999999999991,0.0076799999999999993,0.013312,,0.002304,,1.5879679999999998
5853,47.692111798469384,19072361944305,1,4.5449971221387386,4.468,4.546816,1.8194,14555,0.001024,0.729088,,0.033024,0.086016,0,0.06784,0.007424,0.013568,,0.002304,,1.58848
5854,47.696807199546484,19072361988985,1,4.6954010613262653,5.0705,4.523264,1.7135,14555,0.001024,0.734976,,0.032768,0.081664,0.000256,0.063232,0.0076799999999999993,0.012544,,0.002048,,1.5882239999999999
5855,47.701626998299318,19072362039690,1,4.8197987489402294,4.0107,4.672,1.7455,14555,0.001024,0.732672,,0.032768,0.083456,0,0.065024,0.003072,0.015359999999999999,,0.002048,,1.6033279999999999
5856,47.7061998015873,19072362079797,1,4.5728031545877457,4.4755,4.775424,1.8023,14555,0.001024,0.742656,,0.032512,0.084735999999999992,0.000256,0.067328,0.003328,0.012288,,0.002048,,1.604096
5857,47.710770698696145,19072362124552,1,4.5708972029387951,4.794,4.575488,2.0952,14555,0.001024,0.72576,,0.033024,0.086784,0,0.068352,0.007936,0.013824,,0.002304,,1.586944
5858,47.715348596938775,19072362172492,1,4.5778984203934669,5.0936,4.551168,1.6967,14555,0.001024,0.73727999999999994,,0.032768,0.085504,0,0.067071999999999993,0.0076799999999999993,0.013312,,0.002304,,1.592064
5859,47.7199338010204,19072362223428,1,4.5852041803300381,4.55,4.553472,2.3234,14555,0.001024,0.73471999999999993,,0.033024,0.082431999999999991,0.000256,0.064256,0.003328,0.014336,,0.002048,,1.587456
5860,47.7245172973356,19072362268928,1,4.5834961347281933,4.3881,4.508416,1.8505,14555,0.001024,0.73344,,0.03328,0.09088,0,0.071936,0.0076799999999999993,0.012288,,0.002048,,1.589504
5861,47.7289968962585,19072362312809,1,4.4795987196266651,4.5607,4.553984,1.7318,14555,0.001024,0.73651199999999994,,0.032768,0.084992,0,0.066816,0.007168,0.013312,,0.0025599999999999998,,1.605376
5862,47.73376349914966,19072362358416,1,4.7666030004620552,5.2117,4.524032,1.6567,14555,0.001024,0.733696,,0.032768,0.082688,0,0.064767999999999992,0.007424,0.012544,,0.002304,,1.591808
5863,47.738495797902495,19072362410533,1,4.7322986647486687,4.0376,4.737024,1.9257,14555,0.001024,0.737024,,0.033024,0.085504,0.000256,0.067071999999999993,0.007936,0.013568,,0.002304,,1.5872
5864,47.743066801303854,19072362450909,1,4.5710033737123013,4.5199,4.713984,1.7905,14555,0.001024,0.737024,,0.032768,0.084224,0,0.066048,0.007424,0.013056,,0.002304,,1.5897599999999998
5865,47.747629095804989,19072362496108,1,4.5622945763170719,4.6208,4.553984,1.9714,14555,0.001024,0.741632,,0.032768,0.08524799999999999,0,0.067583999999999991,0.0076799999999999993,0.014336,,0.002048,,1.60768
5866,47.752172498582766,19072362542316,1,4.5434026978909969,5.6024,4.528896,1.9844,14555,0.001024,0.73471999999999993,,0.032512,0.08524799999999999,0,0.06656,0.007168,0.012544,,0.002304,,1.591808
5867,47.756739399092972,19072362598340,1,4.5669004321098328,3.68,4.533504,1.7999,14555,0.001024,0.741888,,0.033024,0.084224,0,0.066048,0.007424,0.012799999999999999,,0.002304,,1.5882239999999999
5868,47.761295698696145,19072362635140,1,4.5562996529042721,4.5893,4.545024,1.9561,14555,0.001024,0.736768,,0.033024,0.084735999999999992,0.000256,0.066048,0.0076799999999999993,0.013312,,0.002304,,1.588992
5869,47.765868098072559,19072362681033,1,4.57239942625165,4.4969,4.53888,1.7307,14555,0.001024,0.737024,,0.032768,0.08524799999999999,0.000256,0.067583999999999991,0.003328,0.013312,,0.002304,,1.588736
5870,47.770408198696146,19072362726002,1,4.5401006937026978,5.2531,4.551424,1.714,14757,0.001024,0.73881599999999992,,0.032768,0.08448,0,0.065792,0.0076799999999999993,0.012799999999999999,,0.002304,,1.588736
5871,47.77499890164399,19072362778533,1,4.5907031744718552,4.1774,4.506112,1.8233,14555,0.001024,0.729088,,0.033024,0.080896,0,0.06297599999999999,0.007424,0.012799999999999999,,0.0025599999999999998,,1.586944
5872,47.779592198129251,19072362820307,1,4.593296442180872,4.58,4.582144,1.9991,14555,0.001024,0.737024,,0.033024,0.08524799999999999,0,0.067328,0.007936,0.014336,,0.002048,,1.585408
5873,47.784282001133782,19072362866107,1,4.6898028813302517,4.5602,4.572672,1.9322,14555,0.001024,0.729344,,0.032768,0.086272,0.000256,0.068096,0.003584,0.012032,,0.002304,,1.588736
5874,47.788984800170063,19072362911709,1,4.7027990221977234,4.2537,4.598016,1.9433,14555,0.001024,0.740352,,0.032768,0.083968,0,0.065792,0.007424,0.015104,,0.002304,,1.589504
5875,47.793495401077095,19072362954246,1,4.5106010511517525,5.0962,4.68096,1.7729,14607,0.001024,0.74112,,0.032768,0.085504,0,0.067583999999999991,0.0076799999999999993,0.013312,,0.002048,,1.5900159999999999
5876,47.79801490221088,19072363005208,1,4.5195012353360653,4.2003,4.55168,1.7312,14750,0.0012799999999999999,0.735744,,0.033024,0.090624,0,0.07168,0.0076799999999999993,0.014336,,0.002048,,1.588992
5877,47.802623299319727,19072363047211,1,4.6083969064056873,4.6748,4.511488,1.6152,52235,0.001024,0.727552,,0.032768,0.0832,0.000256,0.065279999999999991,0.007424,0.012032,,0.002048,,1.607424
5878,47.807265901360545,19072363093959,1,4.6426020562648773,4.4783,4.579584,2.1125,14555,0.001024,0.74112,,0.032768,0.08448,0,0.066304,0.006912,0.013056,,0.002304,,1.5846399999999998
5879,47.812106398809519,19072363138742,1,4.8404973931610584,4.5672,4.563968,0.5279,14555,0.0012799999999999999,0.72806399999999993,,0.033024,0.08524799999999999,0,0.06656,0.0076799999999999993,0.011776,,0.002048,,1.610496
5880,47.816822498582766,19072363184414,1,4.7160997055470943,5.4111,0.035072,2.039,14555,0.001024,0.73088,,0.033024,0.092159999999999992,0,0.07296,0.007168,0.013568,,0.002304,,1.5866879999999999
5881,47.821359899376418,19072363238525,1,4.5374007895588875,4.5763,4.6912,2.0302,14555,0.001024,0.732672,,0.038911999999999995,0.09036799999999999,0,0.069887999999999992,0.007936,0.013824,,0.002304,,1.59232
5882,47.8259248015873,19072363284288,1,4.5649022795259953,4.1244,4.52352,1.842,14555,0.001024,0.741888,,0.032768,0.083456,0.000256,0.065279999999999991,0.0076799999999999993,0.012032,,0.002304,,1.586176
5883,47.830638697562357,19072363325532,1,4.7138961963355541,4.5719,4.537856,2.0054,14555,0.0012799999999999999,0.73983999999999994,,0.033024,0.091136,0,0.07168,0.011519999999999999,0.012288,,0.002048,,1.591808
5884,47.835281498015874,19072363371251,1,4.64280042797327,4.6875,4.68224,2.1299,14555,0.001024,0.741888,,0.032512,0.087551999999999991,0,0.067328,0.0076799999999999993,0.015359999999999999,,0.002304,,1.753344
5885,47.839824199263035,19072363418126,1,4.5427014119923115,4.7866,4.562688,1.9848,14555,0.001024,0.736256,,0.032512,0.091136,0,0.071168,0.004352,0.012288,,0.002304,,1.589504
5886,47.844394097222221,19072363465992,1,4.5698978938162327,4.376,4.586752,2.3892,14555,0.001024,0.72959999999999992,,0.03328,0.09036799999999999,0,0.070656,0.007424,0.013312,,0.002304,,1.58848
5887,47.848974496882086,19072363509752,1,4.5803994871675968,4.7641,4.54784,1.7595,14555,0.001024,0.733184,,0.03328,0.087808,0,0.06912,0.007424,0.013312,,0.002304,,1.5900159999999999
5888,47.8535452026644,19072363557393,1,4.5707058161497116,4.6121,4.56064,1.6113,14555,0.001024,0.73548799999999992,,0.032768,0.08576,0,0.067328,0.00896,0.012544,,0.002304,,1.586944
5889,47.858136401643989,19072363603514,1,4.5911991037428379,5.0246,4.5504,1.7043,14555,0.001024,0.73344,,0.033024,0.08576,0,0.067583999999999991,0.007424,0.012799999999999999,,0.002304,,1.588736
5890,47.862709601757366,19072363653760,1,4.5731998980045319,3.9708,4.564224,2.0923,14555,0.0012799999999999999,0.74112,,0.033024,0.08524799999999999,0,0.067328,0.007424,0.013056,,0.002304,,1.5866879999999999
5891,47.867270401077093,19072363693468,1,4.5607993379235268,5.1383,4.54912,1.631,14555,0.001024,0.73727999999999994,,0.032768,0.082431999999999991,0,0.064767999999999992,0.003072,0.013568,,0.002304,,1.58848
5892,47.871915901360545,19072363744851,1,4.6455003321170807,4.1819,4.548608,1.8855,14757,0.001024,0.73395199999999994,,0.033024,0.08576,0,0.06784,0.003072,0.011776,,0.002304,,1.590272
5893,47.876587797619045,19072363786670,1,4.67189634218812,4.8414,4.552704,2.1928,14555,0.001024,0.739328,,0.032768,0.082176,0,0.064512,0.003072,0.015359999999999999,,0.0025599999999999998,,1.5882239999999999
5894,47.881228996598637,19072363835084,1,4.6411990188062191,4.47,4.725248,1.8401,14555,0.001024,0.72959999999999992,,0.033024,0.08524799999999999,0.000256,0.06656,0.003328,0.012032,,0.002048,,1.7518079999999998
5895,47.885712896825396,19072363879784,1,4.4839000329375267,5.1734,4.544512,1.8197,14555,0.001024,0.737536,,0.033024,0.0832,0.000256,0.064512,0.003072,0.013824,,0.002304,,1.587456
5896,47.890268898809524,19072363931518,1,4.5560020953416824,4.1098,4.525824,1.928,14555,0.001024,0.739072,,0.033024,0.08524799999999999,0,0.067071999999999993,0.003328,0.013824,,0.002048,,1.5897599999999998
5897,47.894808900226757,19072363972616,1,4.5400015078485012,4.4391,4.53632,1.849,14555,0.001024,0.735744,,0.033024,0.08576,0.000256,0.067328,0.008192,0.013568,,0.002304,,1.585408
5898,47.899399496882083,19072364017007,1,4.5905965380370617,4.9104,4.518656,1.8043,14555,0.001024,0.731648,,0.033024,0.08294399999999999,0.000256,0.064767999999999992,0.004096,0.013824,,0.002048,,1.5882239999999999
5899,47.904027600623579,19072364066111,1,4.6281036920845509,4.4475,4.557568,1.9862,14555,0.001024,0.742656,,0.033024,0.087551999999999991,0.000256,0.06912,0.0076799999999999993,0.014079999999999999,,0.002304,,1.589504
5900,47.9085670989229,19072364110586,1,4.5394981279969215,4.2934,4.536064,1.91,14555,0.001024,0.739328,,0.033024,0.084224,0.000256,0.065536,0.003072,0.012799999999999999,,0.002304,,1.589248
5901,47.913031802721086,19072364153520,1,4.4647036120295525,4.8394,4.523776,1.7479,14555,0.001024,0.74214399999999991,,0.032768,0.090112,0.000256,0.069632,0.003072,0.013568,,0.002304,,1.590272
5902,47.917570797902492,19072364201914,1,4.5389952138066292,4.2598,4.515072,1.8027,14555,0.001024,0.736256,,0.032768,0.08448,0,0.066304,0.0076799999999999993,0.011776,,0.002304,,1.589248
5903,47.922155300453511,19072364244512,1,4.5845024287700653,4.4985,4.520448,1.8063,14555,0.001024,0.730368,,0.032768,0.08576,0,0.06784,0.008704,0.011264,,0.002304,,1.59104
5904,47.926881498015874,19072364289497,1,4.7261975705623627,4.5639,4.565248,1.9252,14555,0.001024,0.739328,,0.032768,0.082431999999999991,0.000256,0.064512,0.0076799999999999993,0.013568,,0.002048,,1.588992
5905,47.93141659580499,19072364335136,1,4.5350976288318634,4.6621,4.71168,1.9179,14555,0.001024,0.739072,,0.033024,0.088832,0,0.068864,0.007424,0.013056,,0.002304,,1.606144
5906,47.936009197845806,19072364381757,1,4.5926021412014961,4.3866,4.513024,1.7231,20997,0.001024,0.737024,,0.03328,0.085504,0,0.067583999999999991,0.007424,0.014336,,0.002048,,1.58848
5907,47.9406047973356,19072364425623,1,4.595599602907896,4.701,4.568832,2.3291,14555,0.001024,0.738304,,0.033024,0.084735999999999992,0.000256,0.066816,0.007424,0.012288,,0.002304,,1.589248
5908,47.945183801020406,19072364472633,1,4.5790039002895355,4.8127,4.571136,2.0219,14555,0.001024,0.72959999999999992,,0.032768,0.083456,0,0.065279999999999991,0.003328,0.015616,,0.002304,,1.5879679999999998
5909,47.949776296768704,19072364520760,1,4.59249597042799,5.3171,4.564736,1.9652,14750,0.001024,0.739328,,0.032768,0.085504,0,0.067328,0.0076799999999999993,0.011519999999999999,,0.002304,,1.589504
5910,47.954319501133782,19072364573931,1,4.5432043261826038,4.1064,4.57344,1.9067,14555,0.001024,0.732672,,0.032768,0.082688,0,0.065024,0.0076799999999999993,0.014079999999999999,,0.002304,,1.587712
5911,47.958970202664396,19072364614995,1,4.6507013030350208,4.8742,4.515328,1.8947,14555,0.001024,0.72550399999999993,,0.032768,0.084992,0,0.066816,0.0084479999999999989,0.011776,,0.002304,,1.590784
5912,47.9634544005102,19072364663737,1,4.4841980561614037,3.7189,4.574464,1.8176,14555,0.0012799999999999999,0.739328,,0.032768,0.084992,0,0.066304,0.007168,0.013056,,0.002048,,1.5864319999999998
5913,47.968019699546481,19072364700926,1,4.5652990229427814,4.8935,4.524032,1.5672,14555,0.001024,0.73983999999999994,,0.032512,0.080896,0,0.062464,0.011007999999999999,0.012288,,0.002048,,1.6033279999999999
5914,47.972750496031743,19072364749861,1,4.7307964414358139,4.3614,4.541952,1.8336,14757,0.001024,0.73548799999999992,,0.032512,0.087808,0,0.069376,0.007424,0.014591999999999999,,0.002304,,1.588736
5915,47.977306299603171,19072364793475,1,4.5558037236332893,5.0176,4.705792,1.7539,14555,0.001024,0.735232,,0.039168,0.081664,0.000256,0.063744,0.0076799999999999993,0.012288,,0.002048,,1.589248
5916,47.981883297902492,19072364843651,1,4.5769982971251011,4.246,4.53888,1.7294,14555,0.001024,0.739072,,0.033024,0.0832,0,0.064256,0.0048639999999999994,0.011007999999999999,,0.002048,,1.6048639999999998
5917,47.986438201530611,19072364886111,1,4.5549036003649235,4.4735,4.54656,1.9905,14555,0.001024,0.73804799999999993,,0.032768,0.081919999999999993,0,0.063488,0.0076799999999999993,0.011519999999999999,,0.002048,,1.5879679999999998
5918,47.991065802154196,19072364930846,1,4.6276007778942585,4.6039,4.538624,1.7637,14555,0.001024,0.73088,,0.032768,0.083968,0.000256,0.065536,0.003584,0.011776,,0.002304,,1.5882239999999999
5919,47.995595996315188,19072364976885,1,4.5301942154765129,4.5051,4.542208,2.0088,14607,0.0012799999999999999,0.739072,,0.032768,0.087551999999999991,0,0.069376,0.007424,0.013568,,0.002304,,1.588992
5920,48.000235898526078,19072365021936,1,4.639902152121067,4.7211,4.584448,2.1343,14555,0.001024,0.735744,,0.033024,0.081408,0,0.063744,0.003584,0.013056,,0.002048,,1.5882239999999999
5921,48.004770599489795,19072365069147,1,4.5347008854150772,4.572,4.543488,2.3935,14555,0.0012799999999999999,0.72704,,0.03328,0.087296,0,0.06784,0.007936,0.013568,,0.002304,,1.590272
5922,48.009356901927433,19072365114867,1,4.58630220964551,4.5851,4.585472,2.1078,14555,0.001024,0.7424,,0.033024,0.08832,0,0.06912,0.007424,0.012799999999999999,,0.002304,,1.590528
5923,48.014149397675737,19072365160718,1,4.7924956306815147,5.1994,4.559872,2.3595,14555,0.001024,0.74112,,0.032768,0.088576,0,0.069632,0.0076799999999999993,0.010752,,0.0025599999999999998,,1.5866879999999999
5924,48.018890802154196,19072365212712,1,4.7414046712219715,4.6318,4.767232,1.669,14555,0.0012799999999999999,0.74470399999999992,,0.033024,0.081152,0,0.063232,0.007424,0.011007999999999999,,0.0025599999999999998,,1.7984
5925,48.02343820153061,19072365259030,1,4.5473994687199593,3.8786,4.71936,1.6818,14555,0.001024,0.73727999999999994,,0.032768,0.08832,0,0.07039999999999999,0.003328,0.012288,,0.002304,,1.5882239999999999
5926,48.028024596088436,19072365297816,1,4.5863944105803967,5.2383,4.528896,1.6437,14555,0.001024,0.737536,,0.032768,0.086016,0,0.06784,0.007424,0.014336,,0.002304,,1.59104
5927,48.032636600056691,19072365350199,1,4.6120039187371731,4.4595,4.555776,1.8872,14555,0.001024,0.741632,,0.032768,0.084735999999999992,0,0.06656,0.007424,0.015359999999999999,,0.002048,,1.5882239999999999
5928,48.037143402777772,19072365394794,1,4.5068026520311832,4.3364,4.524032,1.9553,14555,0.001024,0.73215999999999992,,0.032768,0.084992,0,0.066304,0.0076799999999999993,0.011519999999999999,,0.002048,,1.5915519999999999
5929,48.042020202664396,19072365438158,1,4.8767998814582825,4.8905,4.561408,1.8162,14555,0.001024,0.736,,0.032768,0.084224,0,0.065792,0.0076799999999999993,0.014336,,0.002304,,1.5912959999999998
5930,48.046583801020404,19072365487063,1,4.5635984279215336,4.4158,4.85248,2.2592,14555,0.001024,0.732416,,0.033024,0.090112,0.000256,0.071168,0.007424,0.013824,,0.002304,,1.839872
5931,48.051441801303852,19072365531221,1,4.8580002039670944,4.8203,4.544,1.882,14555,0.001024,0.733696,,0.032768,0.083456,0.000256,0.065536,0.0076799999999999993,0.012288,,0.0025599999999999998,,1.585152
5932,48.056582001133783,19072365579424,1,5.1401997916400433,4.5262,4.755968,1.9591,52235,0.001024,0.741632,,0.032768,0.084735999999999992,0.000256,0.066304,0.007424,0.012032,,0.002304,,1.5912959999999998
5933,48.061140901360545,19072365624686,1,4.5589003711938858,4.5905,5.198848,1.8382,14555,0.001024,0.730112,,0.032768,0.081664,0.000256,0.063488,0.003072,0.012799999999999999,,0.002304,,1.851392
5934,48.066289795918365,19072365670591,1,5.1488946191966534,5.0657,4.535296,0.5364,14555,0.001024,0.743424,,0.03328,0.088576,0,0.070656,0.0076799999999999993,0.013312,,0.002304,,1.590528
5935,48.071022101757364,19072365721248,1,4.7323056496679783,6.0567,0.041728,2.3384,14757,0.0012799999999999999,0.729088,,0.033535999999999996,0.0832,0,0.065279999999999991,0.0051199999999999996,0.015104,,0.0025599999999999998,,1.592576
5936,48.075565199829931,19072365781815,1,4.5430981554090977,3.7066,4.711168,2.0398,14555,0.001024,0.733696,,0.032768,0.091904,0.000256,0.07296,0.0076799999999999993,0.012544,,0.002304,,1.586944
5937,48.080000099206345,19072365818881,1,4.4348994269967079,4.794,4.449024,2.2026,14555,0.001024,0.737792,,0.03328,0.0896,0,0.069887999999999992,0.003584,0.011776,,0.002304,,1.606912
5938,48.084551998299318,19072365866821,1,4.5518991537392139,5.0909,4.484096,1.6912,14555,0.001024,0.741632,,0.032768,0.089855999999999991,0,0.071424,0.010752,0.013056,,0.0025599999999999998,,1.586176
5939,48.089191000566892,19072365917730,1,4.6390024945139885,4.19,4.519936,1.8527,14555,0.001024,0.73651199999999994,,0.033024,0.084735999999999992,0.000256,0.06656,0.007424,0.012799999999999999,,0.002048,,1.5897599999999998
5940,48.093714101473921,19072365959630,1,4.5231007970869541,4.8117,4.561152,1.7896,14555,0.001024,0.73344,,0.032512,0.081919999999999993,0,0.063488,0.0076799999999999993,0.012544,,0.002304,,1.588992
5941,48.098331901927438,19072366007747,1,4.61780047044158,4.5871,4.563456,1.6578,14555,0.001024,0.737024,,0.033024,0.086272,0.000256,0.06784,0.003584,0.014079999999999999,,0.002304,,1.586944
5942,48.10289820011338,19072366053618,1,4.5662983320653439,4.4865,4.51584,1.7468,14750,0.001024,0.726784,,0.032768,0.08448,0,0.066048,0.007424,0.014591999999999999,,0.002304,,1.5882239999999999
5943,48.107390695861675,19072366098483,1,4.49249567463994,4.5891,4.557824,1.8595,14555,0.001024,0.734208,,0.033024,0.086784,0.000256,0.068864,0.007168,0.011776,,0.002304,,1.5866879999999999
5944,48.111952997448981,19072366144374,1,4.5623015612363815,4.4146,4.540416,1.8125,14555,0.001024,0.73804799999999993,,0.032768,0.085504,0,0.067583999999999991,0.0076799999999999993,0.011776,,0.002304,,1.589504
5945,48.11678339710884,19072366188520,1,4.83039952814579,4.7896,4.534784,1.708,14555,0.001024,0.735744,,0.032768,0.087039999999999992,0,0.06912,0.007936,0.015616,,0.002304,,1.587712
5946,48.121300899943307,19072366236416,1,4.5175026170909405,4.2701,4.7411199999999996,1.969,14555,0.001024,0.73139199999999993,,0.036351999999999995,0.08576,0,0.067071999999999993,0.0076799999999999993,0.016128,,0.002304,,1.59104
5947,48.125844196428567,19072366279117,1,4.5432965271174908,4.5341,4.566784,2.112,14555,0.001024,0.73471999999999993,,0.032768,0.0832,0,0.064256,0.0076799999999999993,0.012032,,0.002304,,1.587456
5948,48.130471499433106,19072366324458,1,4.6273032203316689,4.7151,4.52224,1.8149,14555,0.001024,0.727552,,0.032768,0.084224,0,0.066304,0.0076799999999999993,0.013056,,0.002304,,1.5900159999999999
5949,48.135003195861678,19072366371609,1,4.5316964387893677,4.6652,4.53376,2.1431,14555,0.001024,0.731904,,0.032768,0.082431999999999991,0,0.064,0.0076799999999999993,0.013824,,0.002304,,1.5846399999999998
5950,48.139664902210882,19072366418261,1,4.6617062762379646,4.461,4.577024,2.2794,14555,0.001024,0.726784,,0.032512,0.086272,0,0.068096,0.007424,0.013312,,0.002304,,1.5912959999999998
5951,48.144200297619044,19072366462871,1,4.535395186394453,4.7095,4.579072,1.8139,14555,0.001024,0.732672,,0.032768,0.08576,0,0.067328,0.007424,0.011776,,0.002304,,1.590528
5952,48.148805598072563,19072366509966,1,4.6053002588450909,4.8588,4.57472,1.5978,14555,0.001024,0.737536,,0.032768,0.083712,0,0.065792,0.0076799999999999993,0.015104,,0.002304,,1.589248
5953,48.153299496882084,19072366558554,1,4.4938987120985985,4.3999,4.518656,1.7327,14555,0.001024,0.73139199999999993,,0.032768,0.085504,0,0.067071999999999993,0.007424,0.011519999999999999,,0.002304,,1.589504
5954,48.157942198129248,19072366602553,1,4.6427012421190739,4.4111,4.515584,2.1262,14555,0.001024,0.733184,,0.032512,0.08524799999999999,0.000256,0.066816,0.007168,0.013056,,0.002304,,1.5897599999999998
5955,48.162404698129251,19072366646664,1,4.4625001028180122,4.995,4.549888,1.7531,14555,0.001024,0.741888,,0.033024,0.083968,0,0.065792,0.007168,0.010752,,0.002304,,1.5879679999999998
5956,48.166958397108843,19072366696614,1,4.5536989346146584,4.0003,4.518912,1.7601,14555,0.001024,0.737536,,0.032768,0.084992,0,0.067071999999999993,0.007424,0.013568,,0.002048,,1.5900159999999999
5957,48.171599397675735,19072366736617,1,4.641000647097826,5.039,4.535296,1.8434,14757,0.001024,0.73344,,0.033024,0.086272,0,0.068352,0.007424,0.013056,,0.0025599999999999998,,1.592064
5958,48.17608560090703,19072366787007,1,4.4862031936645508,4.1288,4.548352,1.6543,14555,0.001024,0.731648,,0.032768,0.08448,0,0.066304,0.007936,0.013056,,0.002048,,1.587712
5959,48.180633900226752,19072366828295,1,4.5482991263270378,4.6413,4.530944,1.7663,14555,0.001024,0.73344,,0.032512,0.082688,0,0.064512,0.003328,0.012544,,0.002304,,1.5879679999999998
5960,48.185332801870743,19072366874708,1,4.6989014372229576,5.2179,4.52992,1.906,14555,0.000768,0.738304,,0.032768,0.083712,0,0.065279999999999991,0.007424,0.015872,,0.002048,,1.587456
5961,48.189839200680268,19072366926887,1,4.5063989236950874,3.8089,4.606976,1.9624,14555,0.001024,0.739328,,0.032768,0.08448,0.000256,0.066304,0.0076799999999999993,0.011776,,0.002048,,1.5879679999999998
5962,48.194411302437636,19072366964976,1,4.57210186868906,5.0227,4.555008,1.7811,14555,0.001024,0.734464,,0.032768,0.082688,0,0.063744,0.007424,0.011264,,0.002304,,1.587456
5963,48.198962202380947,19072367015203,1,4.5508998446166515,4.605,4.551936,1.6066,14607,0.001024,0.73651199999999994,,0.032768,0.087551999999999991,0,0.06912,0.0076799999999999993,0.014336,,0.002048,,1.606144
5964,48.203570401077094,19072367061253,1,4.6081985346972942,4.1509,4.51968,1.6188,14555,0.001024,0.734976,,0.032768,0.08524799999999999,0,0.06784,0.007168,0.011776,,0.0025599999999999998,,1.588736
5965,48.208150198412696,19072367102762,1,4.5797973871231079,4.8368,4.585216,2.2679,14555,0.001024,0.729856,,0.033024,0.085504,0,0.066816,0.007424,0.012032,,0.002048,,1.589504
5966,48.212778599773237,19072367151130,1,4.6284012496471405,4.454,4.566528,1.6529,14555,0.001024,0.735232,,0.032768,0.08524799999999999,0,0.067071999999999993,0.007424,0.013056,,0.002304,,1.604608
5967,48.217291595804987,19072367195670,1,4.5129959471523762,4.4202,4.519424,1.885,14555,0.001024,0.73088,,0.03328,0.08832,0.000256,0.070144,0.010752,0.013568,,0.002304,,1.585664
5968,48.222132298752832,19072367239872,1,4.8407027497887611,4.4572,4.581632,1.8978,14555,0.001024,0.72832,,0.032768,0.083456,0,0.065279999999999991,0.007424,0.013312,,0.002048,,1.590528
5969,48.226707596371881,19072367284444,1,4.5752977021038532,5.425,4.81792,1.7271,14555,0.001024,0.74112,,0.032768,0.086272,0.000256,0.068608,0.0076799999999999993,0.015104,,0.002048,,1.6081919999999998
5970,48.231285097789112,19072367338694,1,4.5775012113153934,3.8132,4.551936,1.9162,14555,0.001024,0.735744,,0.032768,0.08576,0.000256,0.068096,0.0076799999999999993,0.011519999999999999,,0.002304,,1.589504
5971,48.235844302721084,19072367376826,1,4.5592049136757851,5.1699,4.548352,1.9673,14555,0.001024,0.72806399999999993,,0.03328,0.085504,0,0.067071999999999993,0.0076799999999999993,0.014848,,0.002048,,1.587712
5972,48.240577196712017,19072367428525,1,4.732893779873848,4.2326,4.550912,1.7139,14555,0.001024,0.736256,,0.032768,0.084224,0,0.065792,0.0076799999999999993,0.014336,,0.002304,,1.588736
5973,48.244947498582768,19072367470851,1,4.3703019618988037,5.0809,4.529152,1.7387,14555,0.001024,0.740352,,0.032768,0.084992,0,0.066816,0.007424,0.015104,,0.002304,,1.5864319999999998
5974,48.249558900226752,19072367521660,1,4.6114018186926842,4.0225,4.52224,1.8246,14555,0.001024,0.732672,,0.03328,0.083456,0.000256,0.065536,0.007936,0.011519999999999999,,0.002048,,1.589248
5975,48.254229499716551,19072367561885,1,4.6705994755029678,4.836,4.591104,1.6709,14750,0.0012799999999999999,0.7424,,0.033024,0.087551999999999991,0,0.069376,0.0076799999999999993,0.014336,,0.002304,,1.586944
5976,48.258786302437642,19072367610245,1,4.5568025670945644,4.6301,4.57728,1.8936,14555,0.001024,0.73983999999999994,,0.032768,0.082688,0,0.064256,0.007424,0.011007999999999999,,0.0025599999999999998,,1.592576
5977,48.263367800453516,19072367656546,1,4.5814979821443558,4.7095,4.591616,2.0399,14555,0.001024,0.73344,,0.032768,0.086528,0.000256,0.068096,0.0076799999999999993,0.012032,,0.002304,,1.585408
5978,48.267994699546485,19072367703641,1,4.6268990263342857,4.583,4.584448,1.926,14555,0.001024,0.726016,,0.032768,0.086016,0.000256,0.067583999999999991,0.0076799999999999993,0.012032,,0.002304,,1.589504
5979,48.272474596088436,19072367749471,1,4.4798967428505421,4.5653,4.535296,1.9339,14757,0.001024,0.740864,,0.032768,0.0832,0.000256,0.065024,0.007424,0.013568,,0.002304,,1.589504
5980,48.277028599773239,19072367795124,1,4.5540034770965576,4.3223,4.519936,1.7891,14555,0.001024,0.72576,,0.033024,0.087808,0.000256,0.06912,0.007424,0.015359999999999999,,0.002304,,1.5912959999999998
5981,48.281765100623581,19072367838347,1,4.7365007922053337,4.6539,4.52608,1.7079,14555,0.001024,0.73727999999999994,,0.032768,0.083456,0,0.065024,0.007424,0.012799999999999999,,0.002304,,1.5864319999999998
5982,48.2863387967687,19072367884886,1,4.5736962929368019,4.65,4.724992,1.6763,42614,0.001024,0.736256,,0.032768,0.084992,0,0.06656,0.003328,0.014336,,0.002048,,1.7674239999999999
5983,48.2908998015873,19072367931386,1,4.5610046945512295,4.9159,4.535296,2.3675,14555,0.001024,0.739584,,0.033024,0.0832,0,0.065024,0.007424,0.012032,,0.002304,,1.588736
5984,48.2955419005102,19072367980545,1,4.642099142074585,4.0859,4.549376,1.7869,14555,0.001024,0.72729599999999994,,0.032768,0.084992,0.000256,0.067071999999999993,0.0076799999999999993,0.013056,,0.002304,,1.586176
5985,48.299993898809525,19072368021404,1,4.4519985094666481,4.9561,4.553728,2.1731,14555,0.001024,0.734976,,0.032768,0.087039999999999992,0,0.068096,0.006144,0.011519999999999999,,0.002304,,1.588736
5986,48.304562499999996,19072368070965,1,4.5686010271310806,4.5022,4.493824,2.1418,14555,0.001024,0.73804799999999993,,0.03328,0.090112,0.000256,0.07168,0.0076799999999999993,0.016128,,0.002048,,1.592832
5987,48.309193998015871,19072368115987,1,4.631497897207737,4.885,4.551168,1.8181,52235,0.001024,0.740096,,0.032768,0.081152,0,0.063232,0.007424,0.011519999999999999,,0.002304,,1.59104
5988,48.3143339994331,19072368164837,1,5.14000141993165,4.0541,4.537088,1.6288,14555,0.001024,0.73727999999999994,,0.033024,0.080639999999999989,0.000256,0.062208,0.007424,0.012544,,0.002304,,1.6048639999999998
5989,48.319652799036277,19072368205378,1,5.3187995217740536,4.3759,4.543744,0.6301,14555,0.001024,0.74060799999999993,,0.033024,0.082688,0,0.064256,0.007168,0.012544,,0.0025599999999999998,,1.588992
5990,48.324166702097507,19072368249137,1,4.5139030553400517,6.6911,0.034048,2.3125,14555,0.001024,0.732672,,0.033024,0.0832,0,0.065024,0.003584,0.013312,,0.002304,,1.604608
5991,48.3290876984127,19072368316048,1,4.9209962598979473,3.4257,4.512768,2.3853,14555,0.001024,0.732672,,0.033024,0.0832,0,0.065024,0.003584,0.013312,,0.002304,,1.604608
5992,48.333586699263037,19072368350305,1,4.4990009628236294,5.8774,4.561152,1.7349,14555,0.001024,0.74470399999999992,,0.033024,0.083968,0,0.066048,0.0076799999999999993,0.011264,,0.002304,,1.589504
5993,48.338126395975053,19072368409079,1,4.5396964997053146,4.0918,4.53888,1.692,14555,0.001024,0.736,,0.033024,0.084224,0,0.06656,0.0097279999999999988,0.013056,,0.002304,,1.585664
5994,48.342667998866212,19072368449997,1,4.5416029170155525,4.5785,4.532736,2.0651,14555,0.001024,0.734208,,0.032768,0.08448,0,0.066304,0.003072,0.012288,,0.002304,,1.5879679999999998
5995,48.347241397392288,19072368495782,1,4.5733987353742123,4.6656,4.523264,1.7379,14555,0.001024,0.729856,,0.033024,0.086784,0,0.068096,0.003328,0.013568,,0.002304,,1.590272
5996,48.3518202026644,19072368542438,1,4.5788050629198551,4.6417,4.549376,1.7995,14555,0.001024,0.729344,,0.032768,0.08524799999999999,0,0.066816,0.003328,0.015104,,0.002048,,1.586944
5997,48.356564498299321,19072368588855,1,4.744295496493578,4.3768,4.516352,2.3193,14555,0.001024,0.735232,,0.032768,0.084224,0,0.066304,0.003328,0.012799999999999999,,0.002304,,1.5897599999999998
5998,48.361089795918367,19072368632623,1,4.525297787040472,5.0803,4.580608,1.9527,14555,0.001024,0.738304,,0.033791999999999996,0.08576,0,0.066304,0.004096,0.010752,,0.002304,,1.585664
5999,48.365638499149661,19072368683426,1,4.5487033203244209,4.3778,4.506624,1.7526,14555,0.001024,0.735744,,0.032512,0.0832,0,0.065536,0.003072,0.013824,,0.002304,,1.5900159999999999
6000,48.370266595804985,19072368727204,1,4.6280967071652412,4.6287,4.529408,1.9174,67743,0.001024,0.733696,,0.032768,0.08448,0.000256,0.066816,0.0076799999999999993,0.013312,,0.002048,,1.585664
6001,48.374729499716551,19072368773491,1,4.462903831154108,4.3103,4.539904,1.7557,74748,0.001024,0.732416,,0.032768,0.083968,0,0.066304,0.003328,0.011519999999999999,,0.002304,,1.589248
6002,48.379895996315192,19072368816594,1,5.1664966158568859,4.8474,4.50432,2.6763,14555,0.001024,0.739072,,0.032768,0.083456,0,0.065024,0.003328,0.013824,,0.002048,,1.6063999999999998
6003,48.384537400793647,19072368865068,1,4.6414043754339218,5.203,4.520448,1.9525,21453,0.001024,0.75135999999999992,,0.033024,0.0832,0.000256,0.064767999999999992,0.003584,0.010496,,0.002304,,1.589504
6004,48.389090695861675,19072368917098,1,4.5532952062785625,3.8991,4.537344,2.2381,39613,0.001024,0.73471999999999993,,0.032512,0.08294399999999999,0,0.064767999999999992,0.003328,0.012544,,0.002304,,1.6084479999999999
6005,48.393563895975056,19072368956089,1,4.4732000678777695,5.3726,4.542976,1.8967,14555,0.001024,0.748544,,0.03328,0.0832,0,0.065024,0.007424,0.011776,,0.0025599999999999998,,1.5912959999999998
6006,48.398104896541945,19072369009815,1,4.5410003513097763,4.1029,4.519424,1.6704,14555,0.001024,0.73651199999999994,,0.033024,0.08576,0,0.067328,0.0076799999999999993,0.015104,,0.002304,,1.586176
6007,48.402716496598636,19072369050844,1,4.6116001904010773,4.948,4.525568,1.837,14607,0.001024,0.73548799999999992,,0.033024,0.08448,0,0.06656,0.0076799999999999993,0.013824,,0.002304,,1.594368
6008,48.407266999716555,19072369100324,1,4.5505031011998653,4.3836,4.514304,1.8469,14750,0.001024,0.730112,,0.032768,0.083968,0,0.065536,0.007424,0.013824,,0.002048,,1.584128
6009,48.411844401927439,19072369144160,1,4.5774020254611969,4.2232,4.557824,2.217,14555,0.001024,0.73395199999999994,,0.032768,0.08294399999999999,0,0.064767999999999992,0.003328,0.011519999999999999,,0.002304,,1.59104
6010,48.4164169005102,19072369186392,1,4.5724986121058464,5.0037,4.603392,1.9717,14555,0.001024,0.739584,,0.033024,0.087808,0.000256,0.068096,0.007424,0.011776,,0.002304,,1.587712
6011,48.420998802437637,19072369236429,1,4.5819017104804516,4.1666,4.555008,2.1511,14555,0.001024,0.72704,,0.032256,0.086272,0,0.068352,0.008704,0.013824,,0.002304,,1.59232
6012,48.425570202664396,19072369278095,1,4.5714001171290874,5.0009,4.56064,2.2467,14555,0.001024,0.73856,,0.033024,0.084224,0,0.066048,0.003072,0.013312,,0.002304,,1.586944
6013,48.430510997732426,19072369328104,1,4.9407952465116978,4.5123,4.547328,2.0114,14555,0.001024,0.72806399999999993,,0.032768,0.081919999999999993,0,0.064,0.007168,0.012799999999999999,,0.002304,,1.588992
6014,48.435683397108839,19072369373227,1,5.1723993383347988,4.413,4.911616,1.7531,14555,0.001024,0.73215999999999992,,0.032768,0.086016,0,0.068096,0.0076799999999999993,0.015359999999999999,,0.0025599999999999998,,1.6051199999999999
6015,48.440843098072563,19072369417357,1,5.1597007550299168,4.4503,5.089024,1.971,20997,0.001024,0.737024,,0.034048,0.08576,0,0.067328,0.007424,0.013824,,0.002304,,1.588992
6016,48.445937599206346,19072369461860,1,5.0945011898875237,5.2784,5.138688,2.2076,14555,0.001024,0.734464,,0.035072,0.086528,0.000256,0.068608,0.0076799999999999993,0.014591999999999999,,0.002048,,1.73952
6017,48.450968799603174,19072369514644,1,5.0312005914747715,4.9353,5.067264,1.6481,14555,0.001024,0.737792,,0.032768,0.332032,0,0.31385599999999997,0.011007999999999999,0.013568,,0.002304,,1.6030719999999998
6018,48.456829698129248,19072369563997,1,5.8608986437320709,5.2551,5.072384,2.4733,14555,0.001024,0.72576,,0.032768,0.087039999999999992,0,0.06912,0.0076799999999999993,0.014591999999999999,,0.002048,,1.8257919999999999
6019,48.46185629960317,19072369616548,1,5.026601254940033,4.9069,5.84832,2.6189,14555,0.001024,0.73727999999999994,,0.033535999999999996,0.08448,0,0.066304,0.007936,0.014848,,0.002048,,2.048512
6020,48.467148497732424,19072369665617,1,5.2921981550753117,5.5654,5.004288,2.0811,14555,0.001024,0.741888,,0.032768,0.085504,0,0.067583999999999991,0.003584,0.012544,,0.0025599999999999998,,1.7390079999999999
6021,48.4719047973356,19072369721271,1,4.7562997788190842,5.246,5.265152,2.4648,14757,0.001024,0.737792,,0.033024,0.084992,0.000256,0.066816,0.007424,0.012799999999999999,,0.002304,,1.8460159999999999
6022,48.477006802721085,19072369773731,1,5.1020053215324879,5.5579,4.742912,2.1765,14555,0.001024,0.732672,,0.033535999999999996,0.09267199999999999,0,0.072703999999999991,0.007424,0.014848,,0.002048,,1.8472959999999998
6023,48.482194600340137,19072369829310,1,5.1877978257834911,4.6497,5.069568,2.2466,14555,0.001024,0.728576,,0.033024,0.08524799999999999,0,0.066816,0.005888,0.012032,,0.002304,,1.841152
6024,48.486979499716554,19072369875807,1,4.7848992981016636,4.9282,5.17504,2.3037,14555,0.001024,0.737536,,0.033024,0.091392,0,0.072703999999999991,0.003328,0.012544,,0.002304,,2.009344
6025,48.492047597789117,19072369925089,1,5.0680981948971748,5.2596,4.68992,1.8902,14555,0.001024,0.737536,,0.033024,0.083456,0.000256,0.065536,0.003072,0.013568,,0.002304,,1.5872
6026,48.497030796485262,19072369977685,1,4.9831988289952278,4.807,5.11232,1.8157,14555,0.001024,0.737024,,0.0384,0.08448,0.000256,0.066304,0.007424,0.013824,,0.002304,,1.590784
6027,48.502042800453516,19072370025755,1,5.0120041705667973,5.2507,4.956416,2.1824,14555,0.001024,0.740352,,0.034048,0.087551999999999991,0,0.069376,0.007424,0.013824,,0.002304,,1.582848
6028,48.50689289965986,19072370078262,1,4.850099328905344,4.6733,4.930816,1.9602,14555,0.001024,0.735232,,0.03456,0.081664,0,0.063488,0.0076799999999999993,0.012799999999999999,,0.002304,,1.605888
6029,48.512099199263034,19072370124995,1,5.2062994800508022,4.9796,4.895488,1.7896,14555,0.001024,0.72704,,0.038655999999999996,0.09088,0,0.072191999999999992,0.007424,0.012288,,0.002304,,1.588992
6030,48.51715160147392,19072370174791,1,5.0524021498858929,5.2909,5.178368,1.925,14555,0.001024,0.731904,,0.03328,0.086528,0,0.068352,0.007424,0.011519999999999999,,0.002304,,2.020864
6031,48.521992800453511,19072370227700,1,4.8411991447210312,4.5603,5.042944,1.8187,14555,0.001024,0.729344,,0.03328,0.091904,0.000256,0.073472,0.007424,0.013312,,0.002304,,1.854464
6032,48.527124596088434,19072370273303,1,5.1317955367267132,5.3872,4.817408,2.3361,14555,0.001024,0.72959999999999992,,0.033535999999999996,0.095744,0,0.076288,0.007424,0.014079999999999999,,0.002304,,1.8275839999999999
6033,48.53234959608843,19072370327175,1,5.2249999716877937,4.8233,5.1136,1.7895,14555,0.0012799999999999999,0.73395199999999994,,0.033024,0.090112,0,0.071168,0.006912,0.013056,,0.002048,,1.864704
6034,48.537650297619045,19072370375408,1,5.3007015958428383,4.9431,5.207296,2.0241,14555,0.001024,0.727552,,0.033024,0.086784,0,0.06784,0.003328,0.011776,,0.002304,,2.019328
6035,48.542492602040817,19072370424839,1,4.8423046246171,4.9473,5.009152,1.9184,14555,0.001024,0.74137599999999992,,0.038911999999999995,0.089343999999999993,0,0.070144,0.007424,0.014336,,0.002048,,1.587456
6036,48.547535700113379,19072370474312,1,5.0430982373654842,5.5758,4.808448,1.793,14555,0.001024,0.740864,,0.033024,0.091648,0,0.072703999999999991,0.0076799999999999993,0.012799999999999999,,0.002048,,1.589248
6037,48.552523596938777,19072370530070,1,4.9878968857228756,5.4285,5.019392,2.0889,14555,0.001024,0.734976,,0.034304,0.084224,0,0.066048,0.007424,0.015104,,0.002304,,1.587456
6038,48.557558900226752,19072370584355,1,5.0353030674159527,4.58,4.901632,1.7537,14555,0.001024,0.73088,,0.03584,0.0896,0,0.070144,0.0076799999999999993,0.012544,,0.002304,,1.600768
6039,48.562540199829932,19072370630155,1,4.9812993966042995,4.9449,5.069312,1.8139,52430,0.0012799999999999999,0.730368,,0.032768,0.085504,0,0.067071999999999993,0.007424,0.012799999999999999,,0.002304,,1.607936
6040,48.567877196712018,19072370679604,1,5.3369970992207527,4.9956,4.981248,1.8423,14555,0.001024,0.734976,,0.03968,0.09344,0,0.07424,0.0076799999999999993,0.015616,,0.002304,,1.605888
6041,48.572715596655328,19072370729560,1,4.8384000547230244,5.1817,5.209856,0.5365,14757,0.001024,0.72729599999999994,,0.032768,0.091136,0.000256,0.071936,0.007424,0.013056,,0.002304,,2.000896
6042,48.578786302437642,19072370781377,1,6.070705596357584,5.8973,0.040704,2.1456,14555,0.001024,0.733184,,0.03328,0.091136,0,0.07168,0.0076799999999999993,0.013824,,0.002304,,1.589248
6043,48.583901899092972,19072370840350,1,5.1155965775251389,4.673,5.825536,2.14,14555,0.001024,0.73292799999999991,,0.03328,0.092416,0,0.072448,0.007424,0.012544,,0.002304,,2.4691199999999998
6044,48.5889170989229,19072370887080,1,5.01520000398159,5.0851,5.08416,1.8109,14555,0.001024,0.744448,,0.038655999999999996,0.087808,0,0.068096,0.0076799999999999993,0.013312,,0.002304,,1.9125759999999998
6045,48.594078401360541,19072370937931,1,5.1613026298582554,5.3649,4.996864,2.0508,14555,0.001024,0.729856,,0.03328,0.09036799999999999,0,0.070912,0.007424,0.011776,,0.002304,,2.142464
6046,48.599147498582767,19072370991580,1,5.06909703835845,5.0216,5.136128,1.7099,14555,0.001024,0.736,,0.03328,0.091392,0,0.070912,0.007424,0.014079999999999999,,0.002048,,1.8908159999999998
6047,48.603820401077094,19072371041796,1,4.6729026362299919,5.0864,5.056512,1.9239,14607,0.001024,0.74060799999999993,,0.033024,0.08448,0,0.065536,0.0076799999999999993,0.012032,,0.002304,,1.8590719999999998
6048,48.609147101757365,19072371092660,1,5.3267008624970913,5.1182,4.647936,2.4373,14555,0.0012799999999999999,0.73651199999999994,,0.033024,0.08576,0,0.067583999999999991,0.007424,0.015872,,0.002304,,1.590784
6049,48.61410089994331,19072371143842,1,4.9537983722984791,5.0452,5.296384,2.2893,14555,0.001024,0.740864,,0.03456,0.08576,0.000256,0.067071999999999993,0.0076799999999999993,0.012032,,0.002304,,1.58592
6050,48.619029896541946,19072371194294,1,4.9289967864751816,4.8738,4.704768,1.8007,14555,0.001024,0.7424,,0.041728,0.090112,0,0.069632,0.0051199999999999996,0.013312,,0.002304,,1.5900159999999999
6051,48.623853195861678,19072371243032,1,4.8232991248369217,5.6451,4.89472,1.9177,14555,0.001024,0.735744,,0.032768,0.32896,0,0.31052799999999997,0.0076799999999999993,0.014591999999999999,,0.002048,,1.606144
6052,48.629009502551021,19072371299483,1,5.1563065499067307,4.5507,4.741888,2.0208,14555,0.001024,0.740352,,0.034304,0.089855999999999991,0.000256,0.069632,0.003072,0.012799999999999999,,0.002304,,1.589248
6053,48.634113499149656,19072371344990,1,5.1039964891970158,5.0561,5.139968,1.9698,14555,0.001024,0.73804799999999993,,0.0384,0.086272,0,0.06784,0.0076799999999999993,0.013312,,0.002048,,1.7664
6054,48.639513499149658,19072371395551,1,5.4000001400709152,4.8162,5.14688,1.8081,14555,0.001024,0.74112,,0.033535999999999996,0.090112,0,0.07168,0.007424,0.012288,,0.002304,,1.8677759999999999
6055,48.644728195861674,19072371443713,1,5.2146967500448227,5.7297,5.388288,1.8647,14555,0.001024,0.737024,,0.033535999999999996,0.26444799999999996,0,0.24473599999999998,0.011264,0.013824,,0.002304,,2.1058559999999997
6056,48.649827699829927,19072371501010,1,5.0995037890970707,4.7832,5.190912,1.7496,14555,0.001024,0.73139199999999993,,0.033535999999999996,0.091392,0,0.07168,0.004352,0.013568,,0.002048,,2.050304
6057,48.654903897392288,19072371548842,1,5.0761974416673183,5.0165,5.067008,2.0972,14555,0.001024,0.737536,,0.03328,0.084992,0,0.06656,0.007424,0.014079999999999999,,0.002048,,2.12864
6058,48.660169302721087,19072371599007,1,5.2654054015874863,5.3817,5.062912,2.3234,14555,0.001024,0.737792,,0.033024,0.092159999999999992,0,0.072191999999999992,0.003072,0.012288,,0.002304,,1.854976
6059,48.665226098356008,19072371652824,1,5.0567956641316414,5.3397,5.248256,2.4457,14555,0.0012799999999999999,0.729088,,0.03584,0.090624,0,0.069887999999999992,0.007424,0.014336,,0.002304,,1.856256
6060,48.670125999149661,19072371706221,1,4.8999008722603321,4.9868,4.803584,1.8937,14723,0.001024,0.73471999999999993,,0.033024,0.086272,0.000256,0.06784,0.007424,0.013824,,0.002304,,1.58848
6061,48.67464409722222,19072371756089,1,4.5180981978774071,5.2948,,2.0594,14589,0.001024,0.73471999999999993,,0.033024,0.086272,0.000256,0.06784,0.007424,0.013824,,0.002304,,1.58848
6062,48.685243501984125,19072371809037,1,10.599404573440552,5.1909,4.495616,5.1909,14555,0.001024,0.741632,,0.038655999999999996,0.087551999999999991,0,0.068096,0.004096,0.011519999999999999,,0.002048,,1.590784
6063,48.690274298469383,19072371860946,1,5.0307963974773884,4.4638,5.137664,1.3726,14555,0.001024,0.741632,,0.038655999999999996,0.087551999999999991,0,0.068096,0.004096,0.011519999999999999,,0.002048,,1.590784
6064,48.695348299319726,19072371905584,1,5.0740009173750877,4.706,5.05856,1.6468,14555,0.001024,0.737792,,0.034304,0.087808,0,0.070144,0.007168,0.012288,,0.0025599999999999998,,1.600768
6065,48.700507001133786,19072371952644,1,5.1587019115686417,10.7158,5.06368,1.8369,14555,0.001024,0.733184,,0.033535999999999996,0.081408,0,0.06272,0.007424,0.012799999999999999,,0.002304,,1.866752
6066,48.705612797619047,19072372059802,1,5.10579627007246,4.8436,5.138944,2.1791,14555,0.002816,0.734464,,0.03328,0.084992,0,0.067328,0.003328,0.014591999999999999,,0.002048,,1.810176
6067,48.710654896541946,19072372108238,1,5.0420989282429218,5.3998,5.079808,1.7494,14555,0.001024,0.743424,,0.033535999999999996,0.082688,0,0.064512,0.0063999999999999994,0.013056,,0.002304,,2.118912
6068,48.71568929988662,19072372162236,1,5.0344034098088741,4.8618,5.026048,2.3798,14750,0.001024,0.739072,,0.032768,0.08806399999999999,0.000256,0.07039999999999999,0.007424,0.012032,,0.002304,,1.845248
6069,48.720731001984127,19072372210854,1,5.0417021848261356,5.0016,5.001728,1.9001,14555,0.001024,0.73088,,0.032768,0.091392,0,0.071168,0.007424,0.013056,,0.002304,,1.84192
6070,48.725652196712019,19072372260870,1,4.92119463160634,5.3664,5.024256,2.4703,14555,0.001024,0.740096,,0.032768,0.083968,0.000256,0.066048,0.0076799999999999993,0.013056,,0.002048,,1.5866879999999999
6071,48.730741702097504,19072372314534,1,5.0895055755972862,5.0706,4.906496,1.9652,14555,0.001024,0.72704,,0.038655999999999996,0.089343999999999993,0,0.069887999999999992,0.007424,0.012288,,0.002304,,1.587456
6072,48.735472101757367,19072372365240,1,4.7303996980190277,5.246,4.837632,1.9877,14555,0.001024,0.74368,,0.034048,0.08524799999999999,0.000256,0.067071999999999993,0.007424,0.014079999999999999,,0.002048,,1.5846399999999998
6073,48.7405204010771,19072372417700,1,5.0482992082834244,4.843,4.712704,1.7478,14555,0.001024,0.73651199999999994,,0.033024,0.35148799999999997,0,0.332544,0.007424,0.012288,,0.002304,,1.592832
6074,48.745636096938775,19072372466130,1,5.1156957633793354,4.9139,4.972032,1.6493,14555,0.0012799999999999999,0.734976,,0.035328,0.085504,0,0.067328,0.0076799999999999993,0.013568,,0.002304,,1.6030719999999998
6075,48.750749199263034,19072372515269,1,5.1131024956703186,4.5245,5.1328,1.6458,14555,0.001024,0.73856,,0.033024,0.083968,0,0.066048,0.003584,0.011519999999999999,,0.002048,,1.939968
6076,48.755933999433104,19072372560514,1,5.1848003640770912,4.916,5.105408,2.1995,14555,0.001024,0.728576,,0.037376,0.08524799999999999,0.000256,0.066816,0.007424,0.013824,,0.002304,,1.7502719999999998
6077,48.761074298469389,19072372609674,1,5.14029897749424,5.3269,5.099264,1.9184,14555,0.001024,0.732416,,0.032768,0.084992,0,0.06656,0.003584,0.013312,,0.002304,,1.871616
6078,48.766164498299318,19072372662943,1,5.0901998765766621,5.3338,5.185536,2.0925,14555,0.001024,0.734976,,0.032512,0.086272,0,0.06784,0.007424,0.013056,,0.002304,,1.866752
6079,48.771209197845806,19072372716281,1,5.0446996465325356,5.1899,5.07648,1.8662,14757,0.001024,0.740864,,0.033024,0.091136,0,0.07296,0.007424,0.014336,,0.002048,,1.850112
6080,48.776073100907027,19072372768180,1,4.8639029264450073,4.62,5.021184,1.9307,14555,0.001024,0.733696,,0.0384,0.09088,0,0.071424,0.007424,0.013312,,0.002304,,1.875456
6081,48.780919401927434,19072372814380,1,4.8463009297847748,5.3596,4.836096,1.8837,14555,0.001024,0.737024,,0.03328,0.089855999999999991,0,0.070144,0.0076799999999999993,0.013056,,0.002304,,1.588736
6082,48.785489696712013,19072372867976,1,4.5702946372330189,4.8424,4.82688,2.1615,14555,0.001024,0.738304,,0.038655999999999996,0.089088,0,0.071168,0.007424,0.015104,,0.002304,,1.5848959999999999
6083,48.790066702097505,19072372916400,1,4.5770052820444107,4.7442,4.557568,1.8086,14555,0.001024,0.73651199999999994,,0.033024,0.08832,0.000256,0.068608,0.007424,0.011776,,0.002304,,1.588736
6084,48.794780102040818,19072372963842,1,4.7133998014032841,5.0382,4.54784,1.8451,14555,0.001024,0.739328,,0.033024,0.090624,0.000256,0.070912,0.003328,0.013312,,0.002304,,1.5882239999999999
6085,48.799940001417234,19072373014224,1,5.1598995923995972,4.3587,4.70016,1.9679,14555,0.001024,0.739072,,0.03456,0.091392,0,0.071424,0.0076799999999999993,0.012799999999999999,,0.002048,,1.587712
6086,48.804691000566891,19072373057811,1,4.75099915638566,4.894,5.133312,1.9264,14607,0.001024,0.741632,,0.03328,0.091136,0,0.070912,0.0076799999999999993,0.015359999999999999,,0.002304,,2.088704
6087,48.809344501133786,19072373106751,1,4.6535003930330276,4.473,4.737024,1.8583,14555,0.001024,0.724992,,0.033024,0.089855999999999991,0,0.069632,0.007424,0.013056,,0.002304,,1.586944
6088,48.813894997165534,19072373151481,1,4.5504961162805557,5.3263,4.5568,2.3749,52235,0.001024,0.735232,,0.033024,0.089343999999999993,0,0.070144,0.007424,0.016384,,0.002304,,1.586176
6089,48.818633496315194,19072373204744,1,4.7384989447891712,4.6703,4.598272,1.7961,14555,0.001024,0.737792,,0.033024,0.086272,0,0.067328,0.007424,0.012544,,0.002304,,1.590784
6090,48.82350340136054,19072373251447,1,4.8699048347771168,4.9594,4.603648,0.5764,14555,0.001024,0.74214399999999991,,0.032768,0.087039999999999992,0,0.06784,0.0076799999999999993,0.015104,,0.002304,,1.597696
6091,48.828372300170066,19072373301041,1,4.8688990063965321,5.5174,0.04224,1.9541,14555,0.001024,0.740096,,0.032768,0.0896,0.000256,0.070912,0.003072,0.013056,,0.002304,,1.5897599999999998
6092,48.832889002267571,19072373356215,1,4.5167021453380585,3.545,4.84224,1.9602,14555,0.001024,0.730368,,0.032768,0.086272,0,0.067328,0.0076799999999999993,0.014848,,0.002048,,1.5879679999999998
6093,48.837382298752836,19072373391665,1,4.49329661205411,4.8443,4.562688,1.7973,14555,0.0012799999999999999,0.74112,,0.033024,0.089343999999999993,0.000256,0.069632,0.007424,0.011519999999999999,,0.002304,,1.5897599999999998
6094,48.841944997165534,19072373440108,1,4.5626983046531677,5.2949,4.471552,1.7497,14555,0.0012799999999999999,0.72550399999999993,,0.032768,0.089855999999999991,0,0.07039999999999999,0.003584,0.012799999999999999,,0.002048,,1.5897599999999998
6095,48.846545202664394,19072373493057,1,4.6002054587006569,4.4029,4.54272,1.7706,14555,0.001024,0.732672,,0.033024,0.0832,0.000256,0.064767999999999992,0.007424,0.013056,,0.002304,,1.589504
6096,48.851325396825395,19072373537086,1,4.7801942564547062,4.4455,4.579072,1.837,14555,0.001024,0.730112,,0.032768,0.0832,0,0.065279999999999991,0.0076799999999999993,0.014591999999999999,,0.002048,,1.5866879999999999
6097,48.855905399659861,19072373581541,1,4.5800027437508106,4.4167,4.757504,1.6973,14555,0.001024,0.73881599999999992,,0.032768,0.0832,0,0.065024,0.0076799999999999993,0.012544,,0.002304,,1.5897599999999998
6098,48.860593898809519,19072373625708,1,4.68849902972579,4.7394,4.5632,1.8539,14555,0.001024,0.737024,,0.032768,0.084992,0,0.06656,0.0076799999999999993,0.015359999999999999,,0.002304,,1.587712
6099,48.86514630102041,19072373673102,1,4.5524020679295063,4.7878,4.665344,1.9728,14555,0.001024,0.733696,,0.033024,0.081408,0,0.063232,0.003328,0.013824,,0.002048,,1.589504
6100,48.869750701530613,19072373720980,1,4.6044006012380123,4.209,4.5312,2.0127,14750,0.001024,0.72832,,0.033024,0.082176,0,0.064,0.007424,0.011519999999999999,,0.002304,,1.586176
6101,48.874317396541947,19072373763070,1,4.56669507548213,5.0868,4.58112,1.9529,14757,0.001024,0.734208,,0.033024,0.086272,0.000256,0.068352,0.008704,0.013312,,0.002304,,1.587712
6102,48.878886798469388,19072373813938,1,4.56940196454525,4.1573,4.548096,1.8094,14555,0.001024,0.74112,,0.032768,0.086784,0,0.068608,0.003328,0.014336,,0.002304,,1.5866879999999999
6103,48.883500999149661,19072373855511,1,4.614200908690691,4.7363,4.547584,1.9854,14555,0.001024,0.734976,,0.033024,0.083456,0,0.065279999999999991,0.007424,0.011519999999999999,,0.002304,,1.5912959999999998
6104,48.888073001700675,19072373902874,1,4.5720026828348637,4.3476,4.588288,1.6199,14555,0.001024,0.738304,,0.033024,0.08448,0,0.066304,0.0084479999999999989,0.014079999999999999,,0.002304,,1.60384
6105,48.892656200396821,19072373946350,1,4.5831985771656036,4.6163,4.54784,1.9186,14555,0.001024,0.726784,,0.032768,0.086016,0,0.068096,0.007424,0.011007999999999999,,0.002304,,1.5882239999999999
6106,48.897265802154195,19072373992513,1,4.6096015721559525,5.0449,4.568832,1.9963,14555,0.001024,0.739328,,0.032768,0.08448,0.000256,0.06656,0.0076799999999999993,0.013056,,0.002048,,1.5879679999999998
6107,48.902061096938773,19072374042962,1,4.7952947206795216,4.4782,4.58752,1.7759,14555,0.001024,0.740352,,0.032768,0.086272,0,0.067583999999999991,0.007424,0.015359999999999999,,0.002048,,1.5879679999999998
6108,48.906579896541949,19072374087744,1,4.5187994837760925,4.4107,4.708864,1.8732,14555,0.001024,0.74112,,0.033024,0.083712,0,0.065536,0.0076799999999999993,0.012799999999999999,,0.002304,,1.5897599999999998
6109,48.911164498299321,19072374131851,1,4.5846016146242619,4.432,4.563712,1.7513,14555,0.001024,0.731648,,0.03328,0.081664,0.000256,0.063744,0.0076799999999999993,0.013568,,0.002048,,1.589248
6110,48.9156998015873,19072374176171,1,4.5353034511208534,4.9232,4.562688,1.6971,14555,0.001024,0.742656,,0.032768,0.086016,0.000256,0.067328,0.0076799999999999993,0.014848,,0.002048,,1.587456
6111,48.920304301303851,19072374225403,1,4.6044997870922089,4.4179,4.510208,2.428,14555,0.001024,0.73983999999999994,,0.032768,0.081664,0,0.06297599999999999,0.003328,0.013056,,0.002048,,1.587456
6112,48.924975297619042,19072374269582,1,4.670996218919754,5.0288,4.564224,1.8853,14555,0.001024,0.74496,,0.03328,0.084992,0,0.066304,0.0076799999999999993,0.011776,,0.0025599999999999998,,1.5915519999999999
6113,48.92952760062358,19072374319870,1,4.55230288207531,4.4008,4.548096,2.1545,14555,0.001024,0.73292799999999991,,0.03328,0.08576,0,0.067583999999999991,0.007424,0.014591999999999999,,0.0025599999999999998,,1.584384
6114,48.934087096088433,19072374363878,1,4.5594954863190651,4.88,4.559616,1.9952,14555,0.001024,0.729088,,0.032768,0.079872,0,0.061952,0.008704,0.010752,,0.002304,,1.5933439999999999
6115,48.938628500566892,19072374412678,1,4.5414045453071594,4.1239,4.5952,2.1364,14555,0.001024,0.741632,,0.032768,0.08448,0.000256,0.066304,0.003072,0.013056,,0.002304,,1.58848
6116,48.943168197278908,19072374453917,1,4.5396964997053146,4.5896,4.51456,1.6796,20997,0.001024,0.741632,,0.032768,0.08448,0.000256,0.066304,0.003072,0.013056,,0.002304,,1.58848
6117,48.947707397959185,19072374499813,1,4.5392005704343319,4.5959,4.524032,1.6613,14555,0.001024,0.73727999999999994,,0.032768,0.083968,0,0.065279999999999991,0.008704,0.014079999999999999,,0.002304,,1.604352
6118,48.952419897959182,19072374545772,1,4.7125001437962055,4.4593,4.51968,1.83,14555,0.001024,0.737792,,0.032768,0.087296,0.000256,0.068608,0.003072,0.012032,,0.002304,,1.590528
6119,48.957038201530608,19072374590365,1,4.6183033846318722,4.8193,4.69632,1.9731,14555,0.001024,0.740096,,0.032768,0.082431999999999991,0,0.064256,0.003328,0.011776,,0.002304,,1.58592
6120,48.961544699546486,19072374638558,1,4.506498109549284,4.7913,4.53376,2.0487,14555,0.001024,0.736,,0.032768,0.081919999999999993,0,0.063488,0.003328,0.011776,,0.002304,,1.588736
6121,48.965999702380948,19072374686471,1,4.4550029560923576,4.6297,4.557312,1.7916,14555,0.001024,0.73062399999999994,,0.032768,0.084224,0,0.065792,0.003328,0.012799999999999999,,0.002304,,1.587712
6122,48.97057580073696,19072374732768,1,4.5760981738567352,4.4793,4.419328,2.097,14757,0.001024,0.72806399999999993,,0.032768,0.084992,0.000256,0.066304,0.00896,0.014336,,0.002048,,1.589248
6123,48.975099596088434,19072374777561,1,4.5237955637276173,4.643,4.493312,2.2491,14555,0.001024,0.740864,,0.032768,0.089088,0,0.068864,0.003328,0.011007999999999999,,0.002304,,1.592832
6124,48.980047101757364,19072374823991,1,4.94750589132309,4.5721,4.506624,2.0724,14555,0.001024,0.732416,,0.03328,0.081152,0,0.06272,0.007424,0.011519999999999999,,0.002304,,1.6051199999999999
6125,48.98452099631519,19072374869712,1,4.4738943688571453,5.1529,4.570624,2.0095,14555,0.001024,0.75059199999999993,,0.03328,0.082176,0,0.063488,0.008704,0.011264,,0.0025599999999999998,,1.5879679999999998
6126,48.98902320011338,19072374921241,1,4.502203781157732,3.8426,4.52608,1.8244,14555,0.001024,0.736,,0.032768,0.08576,0.000256,0.06784,0.007936,0.011776,,0.002048,,1.588736
6127,48.993595401077094,19072374959667,1,4.5722010545432568,4.5693,4.485632,1.9006,14555,0.001024,0.733184,,0.033024,0.08524799999999999,0,0.067328,0.0076799999999999993,0.014336,,0.002304,,1.590272
6128,48.99813139880952,19072375005360,1,4.5359977521002293,5.2942,4.542464,1.728,14555,0.001024,0.74496,,0.03328,0.082176,0,0.064256,0.003328,0.010239999999999999,,0.0025599999999999998,,1.588992
6129,49.002750297619045,19072375058302,1,4.6188989654183388,3.8334,4.510976,2.0736,14555,0.001024,0.736768,,0.032768,0.083712,0.000256,0.065279999999999991,0.003584,0.012544,,0.002048,,1.5900159999999999
6130,49.007313102324261,19072375096636,1,4.5628044754266739,5.2096,4.541696,2.118,14607,0.001024,0.741888,,0.03328,0.082431999999999991,0,0.064,0.007936,0.010752,,0.002304,,1.5848959999999999
6131,49.01183570011338,19072375148732,1,4.5225978828966618,4.1196,4.539648,1.7199,14555,0.001024,0.732416,,0.032768,0.082431999999999991,0,0.064,0.007936,0.014848,,0.0025599999999999998,,1.5879679999999998
6132,49.016436096938776,19072375189928,1,4.60039684548974,4.2358,4.57216,1.7114,14555,0.001024,0.737792,,0.032768,0.08448,0,0.06656,0.007424,0.015104,,0.002304,,1.585664
6133,49.020996201814057,19072375232286,1,4.5601050369441509,5.0411,4.563968,2.1325,14750,0.001024,0.73881599999999992,,0.032768,0.084735999999999992,0,0.06656,0.0076799999999999993,0.013824,,0.002048,,1.5915519999999999
6134,49.02555340136054,19072375282697,1,4.5571997761726379,3.9762,4.535296,2.0421,14555,0.001024,0.740864,,0.032768,0.085504,0,0.066816,0.007424,0.011519999999999999,,0.002048,,1.5866879999999999
6135,49.030069401927435,19072375322459,1,4.5160003937780857,5.0149,4.540928,2.182,14555,0.001024,0.733696,,0.033024,0.082176,0,0.064,0.0076799999999999993,0.012288,,0.002048,,1.589248
6136,49.034620301870746,19072375372608,1,4.5508998446166515,4.4605,4.491264,2.0213,14555,0.001024,0.737024,,0.033024,0.087551999999999991,0,0.068096,0.0076799999999999993,0.012544,,0.002304,,1.61024
6137,49.039191099773241,19072375417213,1,4.5707980170845985,4.8354,4.522752,1.818,14555,0.001024,0.739584,,0.032256,0.084224,0,0.065279999999999991,0.007424,0.012544,,0.002304,,1.5879679999999998
6138,49.043807298752832,19072375465567,1,4.6161990612745285,3.8777,4.550912,1.6879,14555,0.001024,0.73548799999999992,,0.032768,0.086016,0,0.06784,0.007424,0.013568,,0.002304,,1.5879679999999998
6139,49.04833149801587,19072375504344,1,4.5241992920637131,4.6462,4.512512,2.0256,14555,0.001024,0.72883199999999992,,0.032768,0.082176,0,0.064512,0.003328,0.014079999999999999,,0.002048,,1.587456
6140,49.053101899092965,19072375550806,1,4.7704009339213371,4.9163,4.580352,1.8429,14555,0.001024,0.734464,,0.033024,0.083712,0,0.065279999999999991,0.0076799999999999993,0.012032,,0.002048,,1.606912
6141,49.057800396825392,19072375599969,1,4.6984977088868618,4.2589,4.747264,1.9296,14555,0.001024,0.739328,,0.033024,0.084735999999999992,0,0.066816,0.007424,0.014079999999999999,,0.002048,,1.58592
6142,49.062227501417233,19072375642558,1,4.4271047227084637,4.979,4.55552,1.9056,14555,0.001024,0.73651199999999994,,0.032768,0.084224,0,0.066048,0.007424,0.012288,,0.002304,,1.588992
6143,49.066815299036278,19072375692348,1,4.5877974480390549,4.4912,4.521472,1.6328,52235,0.001024,0.73344,,0.032768,0.084735999999999992,0,0.066816,0.007424,0.014336,,0.002304,,1.5864319999999998
6144,49.071399596088433,19072375737260,1,4.5842970721423626,4.565,4.569856,1.7098,14757,0.001024,0.740096,,0.033024,0.0832,0,0.065024,0.007424,0.013568,,0.002304,,1.61024
6145,49.076322002551017,19072375782910,1,4.9224062822759151,4.2328,4.544768,0.526,14555,0.001024,0.73548799999999992,,0.032768,0.083456,0,0.065279999999999991,0.007424,0.012032,,0.002304,,1.60384
6146,49.080861500850339,19072375825238,1,4.5394981279969215,5.3935,0.046336,2.3941,14555,0.001024,0.73804799999999993,,0.032768,0.085504,0,0.067328,0.0076799999999999993,0.012799999999999999,,0.002304,,1.855488
6147,49.08544239654195,19072375879173,1,4.5808958820998669,3.8254,4.521216,2.2451,14555,0.001024,0.74214399999999991,,0.03328,0.086272,0,0.067583999999999991,0.007424,0.015104,,0.002304,,1.586944
6148,49.08997470238095,19072375917427,1,4.5323059894144535,4.8613,4.559104,1.8932,14555,0.001024,0.73727999999999994,,0.033024,0.085504,0,0.067583999999999991,0.0076799999999999993,0.013824,,0.002304,,1.5900159999999999
6149,49.094644501133786,19072375966040,1,4.6697985380887985,4.5514,4.499456,2.5008,14555,0.001024,0.73983999999999994,,0.033024,0.090112,0,0.07039999999999999,0.007936,0.013056,,0.002048,,1.587456
6150,49.099738697562358,19072376011554,1,5.0941966474056244,5.0842,4.503296,2.7238,14555,0.001024,0.750848,,0.034048,0.087808,0,0.06912,0.0076799999999999993,0.011264,,0.002304,,1.5912959999999998
6151,49.104567602040817,19072376062396,1,4.8289042897522449,5.1558,4.487424,2.3487,14555,0.001024,0.74470399999999992,,0.033791999999999996,0.090112,0.000256,0.069632,0.004096,0.011519999999999999,,0.0025599999999999998,,1.5900159999999999
6152,49.10973339710884,19072376113954,1,5.1657948642969131,4.6216,4.886784,2.6914,14555,0.001024,0.73062399999999994,,0.033024,0.08524799999999999,0,0.066816,0.007424,0.013312,,0.002304,,1.5915519999999999
6153,49.114327196712019,19072376160170,1,4.5937998220324516,5.2678,4.598528,2.24,14555,0.001024,0.741888,,0.03328,0.091904,0,0.071168,0.007424,0.010496,,0.002304,,1.5897599999999998
6154,49.119166198979592,19072376212848,1,4.8390021547675133,4.4933,4.532224,2.7007,14555,0.001024,0.740864,,0.033024,0.084735999999999992,0,0.06656,0.0076799999999999993,0.012544,,0.002048,,1.586944
6155,49.123988796768707,19072376257781,1,4.8225978389382362,5.1545,4.49792,2.3704,14555,0.001024,0.747008,,0.03328,0.082688,0,0.064256,0.0038399999999999997,0.010752,,0.002304,,1.5866879999999999
6156,49.128526998299314,19072376309326,1,4.5382017269730568,5.0232,4.548864,2.306,14555,0.001024,0.746752,,0.03328,0.080896,0,0.062208,0.008192,0.010752,,0.002304,,1.587456
6157,49.133364795918368,19072376359558,1,4.8377974890172482,4.5419,4.50176,2.2744,14555,0.001024,0.74368,,0.03328,0.08448,0.000256,0.06656,0.003328,0.010239999999999999,,0.002304,,1.607424
6158,49.13790219671202,19072376404977,1,4.5374007895588875,5.0375,4.551936,2.1971,14555,0.001024,0.753664,,0.03328,0.08448,0,0.06656,0.007424,0.012288,,0.002304,,1.585408
6159,49.142643501984125,19072376455352,1,4.741305485367775,4.2823,4.532224,2.35,14555,0.001024,0.72550399999999993,,0.032768,0.084992,0,0.066816,0.007424,0.010752,,0.002304,,1.5866879999999999
6160,49.147203798185942,19072376498175,1,4.5602964237332344,4.7855,4.563456,2.1745,14555,0.001024,0.74137599999999992,,0.033535999999999996,0.080896,0.000256,0.06297599999999999,0.0076799999999999993,0.010239999999999999,,0.002304,,1.590784
6161,49.151920096371882,19072376546030,1,4.7162980772554874,4.2678,4.529152,2.2738,14555,0.001024,0.734976,,0.032768,0.087296,0,0.06912,0.007168,0.014591999999999999,,0.002304,,1.587712
6162,49.156923901643992,19072376588708,1,5.00380527228117,5.1529,4.502272,2.4713,14555,0.001024,0.74649599999999994,,0.03328,0.08294399999999999,0.000256,0.065024,0.003584,0.011264,,0.002304,,1.5882239999999999
6163,49.161882596371882,19072376640237,1,4.95869480073452,4.8751,4.548352,2.2489,14555,0.001024,0.74905599999999994,,0.033535999999999996,0.08448,0.000256,0.066048,0.007936,0.010752,,0.002304,,1.588992
6164,49.167201197562356,19072376688988,1,5.3186011500656605,4.7437,4.512768,2.745,14555,0.001024,0.75238399999999994,,0.03328,0.07936,0,0.060927999999999996,0.003584,0.010752,,0.0025599999999999998,,1.604096
6165,49.171904698129246,19072376736425,1,4.7035007737576962,5.2936,4.566784,2.0889,14952,0.001024,0.745984,,0.033535999999999996,0.084735999999999992,0,0.06656,0.0076799999999999993,0.011776,,0.0025599999999999998,,1.589248
6166,49.177016000566894,19072376789361,1,5.1113022491335869,4.5824,4.546048,2.5204,14555,0.001024,0.74112,,0.032512,0.08524799999999999,0,0.067071999999999993,0.008192,0.011007999999999999,,0.002048,,1.604352
6167,49.181527799036282,19072376835185,1,4.5117982663214207,5.3591,4.538112,1.8505,14555,0.001024,0.74905599999999994,,0.033791999999999996,0.080127999999999991,0.000256,0.061952,0.0076799999999999993,0.010752,,0.0025599999999999998,,1.587456
6168,49.18660579648526,19072376888776,1,5.0779972225427628,4.2482,4.484608,2.2029,14555,0.001024,0.733184,,0.033024,0.084224,0,0.066304,0.007424,0.012799999999999999,,0.002304,,1.588736
6169,49.191460600907028,19072376931258,1,4.8548043705523014,5.1179,4.54016,2.5338,14555,0.001024,0.75264,,0.03328,0.083456,0,0.065279999999999991,0.008192,0.010239999999999999,,0.002304,,1.5897599999999998
6170,49.196899000850337,19072376982437,1,5.4383999668061733,5.1418,4.540416,1.6815,14555,0.001024,0.739328,,0.033535999999999996,0.0832,0,0.065024,0.0048639999999999994,0.010752,,0.0025599999999999998,,1.591808
6171,49.202045599489793,19072377033855,1,5.1465984433889389,4.3079,4.506112,2.8941,14555,0.0012799999999999999,0.73856,,0.032512,0.0832,0,0.065279999999999991,0.0076799999999999993,0.013312,,0.002304,,1.605632
6172,49.207024397675738,19072377076934,1,4.97879832983017,5.8115,4.502016,2.2149,14607,0.0012799999999999999,0.75059199999999993,,0.03328,0.081408,0,0.063488,0.004096,0.010752,,0.0025599999999999998,,1.605632
6173,49.21159509637188,19072377135049,1,4.570698831230402,5.6797,4.545024,2.1638,14555,0.001024,0.75008,,0.03328,0.084224,0.000256,0.066048,0.007936,0.010752,,0.002304,,1.586944
6174,49.216149199263036,19072377191846,1,4.5541026629507542,4.2783,4.539904,2.1282,14555,0.001024,0.72883199999999992,,0.033024,0.083712,0.000256,0.065279999999999991,0.004608,0.012799999999999999,,0.002304,,1.5879679999999998
6175,49.220740398242626,19072377234629,1,4.5911991037428379,4.5474,4.538112,2.154,14555,0.001024,0.73395199999999994,,0.032768,0.083712,0.000256,0.064767999999999992,0.007424,0.011264,,0.0025599999999999998,,1.5912959999999998
6176,49.225281200396822,19072377280103,1,4.5408019796013832,4.6369,4.525568,1.6712,14555,0.001024,0.74060799999999993,,0.032768,0.085504,0,0.067328,0.006912,0.013056,,0.002304,,1.6048639999999998
6177,49.23003429705215,19072377326472,1,4.7530964948236942,3.8558,4.5568,1.6681,14555,0.001024,0.733696,,0.032768,0.086016,0,0.068352,0.007424,0.012544,,0.002048,,1.588736
6178,49.234610097789115,19072377365030,1,4.5758006162941456,4.8505,4.724992,1.8927,14555,0.001024,0.736,,0.032768,0.086528,0,0.068096,0.0076799999999999993,0.013056,,0.002304,,1.6066559999999999
6179,49.239148696145122,19072377413535,1,4.538598470389843,4.3446,4.551168,2.001,14555,0.001024,0.72806399999999993,,0.032768,0.084224,0.000256,0.066304,0.006912,0.014591999999999999,,0.002048,,1.589248
6180,49.243751395975053,19072377456981,1,4.6027000062167645,4.6527,4.51584,2.0483,14555,0.001024,0.740864,,0.032768,0.084992,0,0.06656,0.007424,0.014336,,0.002304,,1.61024
6181,49.248457596371878,19072377503508,1,4.7062002122402191,5.488,4.580352,1.8908,14555,0.001024,0.7488,,0.033791999999999996,0.083456,0,0.065536,0.010496,0.010752,,0.002304,,1.587712
6182,49.253099496882086,19072377558388,1,4.6419003047049046,3.7971,4.69376,1.9504,14555,0.001024,0.727808,,0.03328,0.093183999999999989,0,0.07296,0.007424,0.012032,,0.002304,,1.786368
6183,49.257663102324258,19072377596359,1,4.5636054128408432,5.0038,4.566528,1.8828,14555,0.001024,0.732416,,0.032768,0.083456,0,0.065792,0.007424,0.013824,,0.0025599999999999998,,1.5846399999999998
6184,49.262207298752834,19072377646397,1,4.5441966503858566,4.1133,4.528128,1.6626,14555,0.001024,0.735232,,0.032768,0.0832,0,0.064767999999999992,0.003328,0.010496,,0.002304,,1.588736
6185,49.266850701530608,19072377687530,1,4.6434029936790466,4.7197,4.5248,1.8062,14555,0.001024,0.74112,,0.032768,0.086016,0.000256,0.06784,0.007424,0.015616,,0.002048,,1.602816
6186,49.271346201814055,19072377734727,1,4.49550012126565,5.3078,4.68864,1.8508,14757,0.001024,0.735232,,0.039168,0.086016,0.000256,0.067328,0.0076799999999999993,0.013312,,0.002048,,1.590272
6187,49.275995698696143,19072377787805,1,4.649497102946043,4.1408,4.471808,1.8812,14555,0.001024,0.74137599999999992,,0.033024,0.09036799999999999,0,0.07039999999999999,0.007424,0.012544,,0.002304,,1.5879679999999998
6188,49.280523001700679,19072377829213,1,4.5273029245436192,4.65,4.557312,1.8366,14555,0.001024,0.73292799999999991,,0.033024,0.083968,0.000256,0.066304,0.007424,0.013568,,0.002304,,1.59104
6189,49.285097200963719,19072377875713,1,4.5741992071270943,4.1342,4.57984,1.6383,14555,0.001024,0.741632,,0.032768,0.08832,0.000256,0.069632,0.0076799999999999993,0.015104,,0.002304,,1.587712
6190,49.28965639880952,19072377917055,1,4.5591979287564754,5.0213,4.550912,2.0041,14555,0.001024,0.73804799999999993,,0.032768,0.086528,0,0.06784,0.0051199999999999996,0.012799999999999999,,0.002304,,1.589248
6191,49.294448497732425,19072377967268,1,4.7920988872647285,4.1093,4.536832,1.7297,14555,0.001024,0.731904,,0.032768,0.08448,0,0.066048,0.007424,0.012544,,0.002048,,1.587456
6192,49.299067198129251,19072378008361,1,4.6187005937099457,4.8051,4.769536,1.8943,14555,0.001024,0.731904,,0.033024,0.082688,0.000256,0.064767999999999992,0.0076799999999999993,0.012799999999999999,,0.002304,,1.5866879999999999
6193,49.30374199971655,19072378056412,1,4.6748016029596329,4.9626,4.5972479999999996,1.8663,14555,0.001024,0.731904,,0.033024,0.082688,0.000256,0.064767999999999992,0.0076799999999999993,0.012799999999999999,,0.002304,,1.5866879999999999
6194,49.30841519982993,19072378106038,1,4.6732001937925816,4.8129,4.581376,1.7952,14555,0.001024,0.737024,,0.03328,0.083712,0,0.065279999999999991,0.0076799999999999993,0.012799999999999999,,0.002304,,1.5900159999999999
6195,49.313011500850337,19072378154167,1,4.5963008888065815,4.3561,4.714496,1.976,14555,0.001024,0.73088,,0.032768,0.085504,0,0.067071999999999993,0.0076799999999999993,0.012288,,0.002304,,1.588992
6196,49.317550496031743,19072378197728,1,4.5389952138066292,4.4234,4.575744,2.0502,52235,0.001024,0.734976,,0.033024,0.08294399999999999,0,0.065024,0.007424,0.012544,,0.0025599999999999998,,1.587456
6197,49.3221468962585,19072378241962,1,4.596400074660778,5.1214,4.526592,1.7977,14555,0.001024,0.737536,,0.032768,0.08448,0,0.06656,0.007424,0.013568,,0.002048,,1.589504
6198,49.327245096371882,19072378293176,1,5.098199937492609,4.1799,4.562432,0.5479,14750,0.001024,0.741888,,0.032768,0.084735999999999992,0,0.06656,0.007424,0.013568,,0.002304,,1.5999999999999999
6199,49.331830102040811,19072378334975,1,4.585005808621645,5.4815,0.03456,1.8416,14555,0.0012799999999999999,0.740864,,0.033024,0.09267199999999999,0.000256,0.072191999999999992,0.007936,0.013312,,0.002304,,1.8688
6200,49.336341801303853,19072378389790,1,4.5116990804672241,3.9893,4.55168,1.8391,14555,0.001024,0.73983999999999994,,0.032768,0.085504,0,0.067583999999999991,0.007424,0.011007999999999999,,0.002048,,1.58848
6201,49.340880902777776,19072378429683,1,4.5391013845801353,4.9929,4.46976,2.4951,14555,0.001024,0.741888,,0.032768,0.083456,0,0.065024,0.0076799999999999993,0.012544,,0.002048,,1.59104
6202,49.345427997448979,19072378479612,1,4.5470944605767727,4.3498,4.511232,2.195,14555,0.001024,0.730368,,0.033024,0.087296,0.000256,0.06784,0.007424,0.012544,,0.002304,,1.5897599999999998
6203,49.349942899659865,19072378523110,1,4.5149023644626141,4.5743,4.536576,2.145,14555,0.001024,0.73139199999999993,,0.033024,0.084992,0,0.066816,0.0076799999999999993,0.012799999999999999,,0.002304,,1.5897599999999998
6204,49.354565596655327,19072378568853,1,4.6226968988776207,4.5179,4.486144,1.6769,14555,0.001024,0.728576,,0.033024,0.09036799999999999,0.000256,0.070656,0.007424,0.014079999999999999,,0.002304,,1.590528
6205,49.359044401927434,19072378614032,1,4.4788052327930927,4.4716,4.526848,1.9754,14555,0.001024,0.737024,,0.032768,0.08576,0.000256,0.067583999999999991,0.007168,0.012799999999999999,,0.002304,,1.590784
6206,49.36358560090703,19072378658748,1,4.5411991886794567,4.6989,4.529664,1.6163,14555,0.001024,0.738304,,0.033024,0.08448,0,0.066048,0.007424,0.014079999999999999,,0.002048,,1.585408
6207,49.368319798752836,19072378705737,1,4.73419763147831,4.4151,4.51328,1.6381,14555,0.001024,0.730112,,0.033024,0.0832,0,0.064512,0.010239999999999999,0.013568,,0.002304,,1.588992
6208,49.372943700396824,19072378749888,1,4.6239015646278858,4.4979,4.705792,1.9578,14757,0.001024,0.74137599999999992,,0.032768,0.08576,0,0.067328,0.007424,0.014079999999999999,,0.002304,,1.5872
6209,49.377522200963718,19072378794867,1,4.5785005204379559,4.9617,4.592384,1.9494,14555,0.001024,0.73651199999999994,,0.032768,0.084224,0.000256,0.065792,0.007424,0.013568,,0.002304,,1.588992
6210,49.382182901077094,19072378844484,1,4.6606999821960926,4.3961,4.563456,1.9257,14555,0.001024,0.73651199999999994,,0.033024,0.0832,0.000256,0.065279999999999991,0.003328,0.013056,,0.002304,,1.5866879999999999
6211,49.38671449829932,19072378888445,1,4.5315972529351711,5.0193,4.57472,1.8489,14555,0.001024,0.731904,,0.033024,0.08448,0,0.066304,0.0051199999999999996,0.012799999999999999,,0.0025599999999999998,,1.59104
6212,49.391477501417235,19072378938638,1,4.7630029730498791,4.3689,4.573696,2.0627,14555,0.001024,0.734208,,0.032768,0.08806399999999999,0.000256,0.069632,0.003072,0.015359999999999999,,0.002304,,1.5879679999999998
6213,49.396094302721089,19072378982327,1,4.6168011613190174,4.7871,4.748032,1.7067,14555,0.0012799999999999999,0.734976,,0.032512,0.082431999999999991,0,0.065024,0.008192,0.014848,,0.002304,,1.59232
6214,49.400567396541945,19072379030198,1,4.4730938971042633,4.185,4.5248,1.6868,14555,0.001024,0.731648,,0.032768,0.083968,0.000256,0.065792,0.0076799999999999993,0.012032,,0.002048,,1.5872
6215,49.405139597505666,19072379072048,1,4.5722010545432568,4.8688,4.526848,1.6187,14555,0.001024,0.729088,,0.032768,0.083968,0,0.065792,0.0051199999999999996,0.013056,,0.002048,,1.5882239999999999
6216,49.40971809807256,19072379120736,1,4.5785005204379559,4.6509,4.546048,1.6373,14607,0.001024,0.737792,,0.033024,0.082431999999999991,0.000256,0.063744,0.0076799999999999993,0.012288,,0.002304,,1.5897599999999998
6217,49.414330102040815,19072379167245,1,4.6120039187371731,4.5202,4.556544,1.7818,14555,0.001024,0.739072,,0.032768,0.082688,0,0.065024,0.007424,0.014079999999999999,,0.002304,,1.589504
6218,49.418870301870747,19072379212447,1,4.5401998795568943,4.2438,4.54656,1.6836,14555,0.001024,0.734208,,0.032768,0.08448,0.000256,0.066048,0.0076799999999999993,0.012799999999999999,,0.002304,,1.6033279999999999
6219,49.4234299957483,19072379254885,1,4.5596938580274582,4.5434,4.56192,1.8821,14555,0.001024,0.72959999999999992,,0.033024,0.085504,0,0.067328,0.0076799999999999993,0.014591999999999999,,0.002304,,1.586176
6220,49.428008801020404,19072379300319,1,4.5788050629198551,4.8135,4.544256,2.0394,14555,0.001024,0.73344,,0.033024,0.08448,0.000256,0.066048,0.0076799999999999993,0.013824,,0.002304,,1.588992
6221,49.432574900793647,19072379348454,1,4.5660999603569508,4.4085,4.564736,2.0493,14555,0.0012799999999999999,0.741632,,0.033024,0.090624,0,0.070656,0.003328,0.015616,,0.002304,,1.584384
6222,49.437458397108841,19072379392539,1,4.8834960907697678,4.4313,4.550656,1.712,14555,0.001024,0.736,,0.032768,0.087808,0.000256,0.068352,0.0076799999999999993,0.012544,,0.002304,,1.60384
6223,49.442060600907027,19072379436852,1,4.6022036112844944,4.5968,4.854528,2.1965,14555,0.001024,0.73983999999999994,,0.033024,0.089855999999999991,0,0.070656,0.0076799999999999993,0.015104,,0.002304,,1.814784
6224,49.4466674957483,19072379482820,1,4.6068946830928326,5.1681,4.582912,2.0232,20997,0.001024,0.73139199999999993,,0.033024,0.088832,0,0.069376,0.007424,0.012544,,0.002304,,1.5912959999999998
6225,49.451266298185942,19072379534501,1,4.5988024212419987,4.416,4.589824,1.831,14555,0.001024,0.731136,,0.033024,0.092416,0,0.072703999999999991,0.0076799999999999993,0.011264,,0.002304,,1.58592
6226,49.455769401927434,19072379578661,1,4.5031039044260979,4.5422,4.563968,2.0057,14555,0.0012799999999999999,0.737536,,0.033024,0.086528,0,0.068352,0.007424,0.012288,,0.002304,,1.590272
6227,49.460267396541951,19072379624083,1,4.4979946687817574,4.5503,4.489728,1.7791,14555,0.001024,0.737536,,0.033024,0.09036799999999999,0,0.071936,0.0097279999999999988,0.015104,,0.002048,,1.5864319999999998
6228,49.464806901927439,19072379669586,1,4.5395055785775185,4.6183,4.476672,1.6477,14555,0.001024,0.73856,,0.033024,0.086528,0.000256,0.06784,0.007936,0.012544,,0.002304,,1.60768
6229,49.469381802721088,19072379715769,1,4.574900958687067,4.4471,4.510208,1.6853,14555,0.001024,0.73344,,0.032768,0.084992,0,0.06656,0.007424,0.012288,,0.002304,,1.606144
6230,49.473955498866211,19072379760240,1,4.5736962929368019,4.5086,4.560384,1.884,14757,0.001024,0.730112,,0.033024,0.08806399999999999,0,0.07039999999999999,0.007424,0.012288,,0.002304,,1.587712
6231,49.478582001133788,19072379805326,1,4.6265022829174995,5.1369,4.555264,1.9696,14750,0.001024,0.730368,,0.032512,0.083456,0,0.065536,0.0076799999999999993,0.011776,,0.0025599999999999998,,1.5866879999999999
6232,49.483090802154194,19072379856695,1,4.5088008046150208,4.4104,4.539648,1.7814,14555,0.001024,0.737024,,0.032768,0.09036799999999999,0,0.071168,0.003328,0.013824,,0.002304,,1.588992
6233,49.487827699829928,19072379900799,1,4.73689753562212,4.305,4.549632,2.2919,14555,0.0012799999999999999,0.73548799999999992,,0.03328,0.09036799999999999,0.000256,0.07039999999999999,0.010239999999999999,0.012799999999999999,,0.002304,,1.588992
6234,49.4924205994898,19072379943849,1,4.5928996987640858,4.944,4.732416,2.0551,14555,0.001024,0.738304,,0.033791999999999996,0.083456,0,0.065536,0.003328,0.011264,,0.002304,,1.588992
6235,49.496995996315192,19072379993289,1,4.57539688795805,5.0029,4.571904,1.8336,14555,0.0012799999999999999,0.734208,,0.033024,0.08806399999999999,0,0.069887999999999992,0.007424,0.013824,,0.002304,,1.590272
6236,49.501540596655325,19072380043318,1,4.5446003787219524,4.4463,4.55168,1.8512,14555,0.001024,0.739072,,0.033024,0.086528,0.000256,0.068352,0.007168,0.013568,,0.002304,,1.586176
6237,49.506084899376418,19072380087781,1,4.5443028211593628,3.9495,4.52736,1.6534,14555,0.001024,0.741632,,0.032768,0.0832,0,0.065024,0.007424,0.013312,,0.002304,,1.5879679999999998
6238,49.510673398526073,19072380127276,1,4.5884991995990276,4.8732,4.51712,1.7501,14555,0.001024,0.72806399999999993,,0.032768,0.082176,0,0.064,0.011519999999999999,0.014079999999999999,,0.002304,,1.587712
6239,49.515420500283447,19072380176008,1,4.7471015714108944,4.7946,4.559872,1.7237,14555,0.001024,0.73881599999999992,,0.033024,0.08294399999999999,0,0.065024,0.0076799999999999993,0.011264,,0.002304,,1.604608
6240,49.520026899092969,19072380223954,1,4.60639875382185,4.0149,4.725248,2.1001,14555,0.001024,0.74137599999999992,,0.032768,0.08524799999999999,0,0.067071999999999993,0.007424,0.012799999999999999,,0.002304,,1.761024
6241,49.524544600340136,19072380264103,1,4.5177014544606209,4.9796,4.5376,1.7112,14555,0.001024,0.73088,,0.032768,0.083712,0,0.065279999999999991,0.0076799999999999993,0.011776,,0.002048,,1.59232
6242,49.52909090136054,19072380313899,1,4.5463009737432,4.3934,4.553728,1.8033,14555,0.001024,0.731904,,0.032768,0.086528,0,0.068608,0.007424,0.014848,,0.002304,,1.585664
6243,49.533858900226754,19072380357833,1,4.7679990530014038,4.868,4.527104,1.7879,14555,0.001024,0.729856,,0.032768,0.08524799999999999,0,0.06656,0.0076799999999999993,0.013056,,0.002048,,1.590528
6244,49.53844280045351,19072380406513,1,4.5839003287255764,4.4751,4.739328,1.7559,14555,0.001024,0.731648,,0.03584,0.085504,0,0.067071999999999993,0.007424,0.013056,,0.002304,,1.6051199999999999
6245,49.543110097789111,19072380451264,1,4.6672974713146687,4.4171,4.562432,1.7529,14555,0.001024,0.738304,,0.032768,0.081408,0,0.063488,0.007424,0.012544,,0.002304,,1.588736
6246,49.547637996031746,19072380495435,1,4.5278980396687984,4.7462,4.56448,1.7798,14555,0.001024,0.743424,,0.032768,0.082176,0,0.064256,0.0076799999999999993,0.016384,,0.002304,,1.5872
6247,49.552238499149659,19072380542897,1,4.6005030162632465,5.1708,4.592896,1.7,14555,0.001024,0.736256,,0.032768,0.08448,0,0.066304,0.0076799999999999993,0.014079999999999999,,0.002048,,1.591808
6248,49.556834700963719,19072380594605,1,4.5962017029523849,4.0021,4.580864,1.893,14555,0.001024,0.731904,,0.032768,0.086528,0,0.068352,0.011776,0.012799999999999999,,0.002048,,1.587712
6249,49.5614251984127,19072380634626,1,4.5904973521828651,4.8365,4.57472,1.833,14555,0.001024,0.737792,,0.032768,0.083456,0,0.065024,0.0076799999999999993,0.013568,,0.002304,,1.587456
6250,49.566086196145122,19072380682991,1,4.6609975397586823,4.8793,4.556288,1.7624,14555,0.001024,0.7424,,0.03328,0.09088,0.000256,0.071424,0.003328,0.013056,,0.002304,,1.586944
6251,49.570695996315187,19072380731784,1,4.6097999438643456,4.0828,4.575744,2.0453,52437,0.001024,0.730368,,0.032768,0.08524799999999999,0,0.06656,0.007424,0.014591999999999999,,0.002048,,1.588736
6252,49.575165901360542,19072380772612,1,4.46990504860878,4.9439,4.573952,1.8164,14555,0.001024,0.737792,,0.032768,0.0832,0,0.065024,0.007424,0.012799999999999999,,0.002304,,1.588736
6253,49.580491198979587,19072380822051,1,5.3252978250384331,4.2155,4.518656,0.6153,14555,0.001024,0.72704,,0.03328,0.085504,0,0.067583999999999991,0.007424,0.014079999999999999,,0.002048,,1.5866879999999999
6254,49.585288598356009,19072380864206,1,4.7973995096981525,6.0484,0.034048,1.7852,14555,0.001024,0.741888,,0.032512,0.100352,0,0.082431999999999991,0.008704,0.010496,,0.003072,,1.600512
6255,49.590248299319725,19072380924690,1,4.959701094776392,3.2147,4.709632,1.7603,14555,0.001024,0.732672,,0.032768,0.08832,0,0.069887999999999992,0.007424,0.012544,,0.002304,,1.588736
6256,49.594815100623578,19072380956837,1,4.5668012462556362,5.5156,4.996352,1.8112,14555,0.001024,0.734464,,0.032768,0.084992,0.000256,0.06656,0.0076799999999999993,0.013056,,0.002304,,1.756672
6257,49.599520599489793,19072381011993,1,4.7054989263415337,4.4861,4.4736,1.81,14555,0.001024,0.735232,,0.03328,0.090624,0,0.071424,0.006144,0.012544,,0.002304,,1.5882239999999999
6258,49.6046795989229,19072381056854,1,5.1589994691312313,5.0655,4.760832,1.8299,14555,0.001024,0.734208,,0.03328,0.08832,0.000256,0.069632,0.007168,0.014591999999999999,,0.002304,,1.587712
6259,49.609282901077094,19072381107509,1,4.6033021062612534,4.8598,5.135104,1.9268,14555,0.001024,0.734464,,0.033024,0.084224,0,0.065536,0.007424,0.012799999999999999,,0.002048,,1.856768
6260,49.613852196712017,19072381156107,1,4.5692957937717438,4.9407,4.594688,2.1584,14607,0.001024,0.737536,,0.032768,0.08576,0,0.06784,0.0076799999999999993,0.014591999999999999,,0.002304,,1.585152
6261,49.618427898242629,19072381205514,1,4.575701430439949,4.5112,4.541696,1.9211,14555,0.001024,0.73856,,0.033024,0.083968,0.000256,0.065024,0.007424,0.012288,,0.002304,,1.5879679999999998
6262,49.622999397675734,19072381250626,1,4.571499302983284,4.8557,4.562176,1.8502,14555,0.001024,0.74214399999999991,,0.033024,0.091648,0,0.072703999999999991,0.0076799999999999993,0.014591999999999999,,0.002304,,1.588992
6263,49.627585700113379,19072381299183,1,4.58630220964551,4.4146,4.546304,1.7334,14555,0.001024,0.72627199999999992,,0.03328,0.092416,0,0.072703999999999991,0.007424,0.012544,,0.002304,,1.591808
6264,49.632121102607705,19072381343329,1,4.53540263697505,4.574,4.561408,1.7148,14750,0.001024,0.74060799999999993,,0.033024,0.084735999999999992,0,0.06656,0.004096,0.013312,,0.002304,,1.6033279999999999
6265,49.636664795918364,19072381389069,1,4.543693270534277,4.5077,4.517376,1.5439,14555,0.001024,0.736,,0.033024,0.082431999999999991,0,0.064512,0.007424,0.011264,,0.002304,,1.589248
6266,49.641437096088431,19072381434146,1,4.7723003663122654,4.8649,4.529152,1.9248,14555,0.0012799999999999999,0.733696,,0.033024,0.08448,0.000256,0.06656,0.0051199999999999996,0.015616,,0.002048,,1.588736
6267,49.646164696712013,19072381482795,1,4.7276006080210209,4.3302,4.749824,1.7853,14555,0.001024,0.739584,,0.032512,0.086528,0,0.06784,0.0076799999999999993,0.014591999999999999,,0.002048,,1.589248
6268,49.650578500566894,19072381526097,1,4.4138040393590927,4.9249,4.537856,1.7329,14555,0.001024,0.736256,,0.032768,0.08524799999999999,0.000256,0.066816,0.007424,0.011519999999999999,,0.002304,,1.584384
6269,49.655140100623584,19072381575346,1,4.5616002753376961,4.2876,4.550912,1.8742,14555,0.001024,0.72550399999999993,,0.032768,0.08524799999999999,0,0.067328,0.0076799999999999993,0.011776,,0.002304,,1.586944
6270,49.659728798185938,19072381618222,1,4.5886975713074207,4.6648,4.546048,1.9594,14555,0.001024,0.740096,,0.03328,0.089088,0,0.070144,0.007424,0.012544,,0.002304,,1.586176
6271,49.664626998299319,19072381664870,1,4.8982002772390842,4.7669,4.566528,2.12,14555,0.001024,0.733696,,0.032768,0.092159999999999992,0,0.070912,0.007424,0.013568,,0.002304,,1.5915519999999999
6272,49.669929202097507,19072381712539,1,5.3022038191556931,4.1439,4.880128,1.6941,14555,0.001024,0.74060799999999993,,0.032512,0.085504,0,0.06656,0.007424,0.012544,,0.002304,,1.607424
6273,49.674495599489795,19072381753978,1,4.56639751791954,4.6446,,1.7827,14757,0.001024,0.74060799999999993,,0.032512,0.085504,0,0.06656,0.007424,0.012544,,0.002304,,1.607424
6274,49.685135501700678,19072381800424,1,10.639902204275131,5.1196,4.486656,5.1196,14555,0.001024,0.740352,,0.033024,0.08448,0,0.066304,0.003072,0.015104,,0.002304,,1.58592
6275,49.690218799603173,19072381851620,1,5.0832978449761868,5.6924,5.12128,1.3964,14555,0.001024,0.74368,,0.035072,0.084735999999999992,0,0.066816,0.0038399999999999997,0.011776,,0.002304,,1.744384
6276,49.695375701530608,19072381908544,1,5.1569021306931973,4.3123,5.124608,1.9016,14555,0.001024,0.739072,,0.032768,0.08806399999999999,0,0.06912,0.0076799999999999993,0.012032,,0.002304,,1.6033279999999999
6277,49.700525999149654,19072381951667,1,5.1502976566553116,10.6914,5.129472,1.8041,14555,0.001024,0.739584,,0.03328,0.084735999999999992,0.000256,0.066304,0.007424,0.012032,,0.002304,,1.901824
6278,49.705745096371878,19072382058581,1,5.2190972492098808,4.7389,5.137152,1.7399,14555,0.004608,0.73548799999999992,,0.033024,0.08576,0,0.067583999999999991,0.007424,0.013824,,0.002304,,1.84448
6279,49.7108545989229,19072382105970,1,5.1095024682581425,5.1894,5.039104,1.8864,14555,0.001024,0.736256,,0.03328,0.085504,0,0.06656,0.005632,0.012799999999999999,,0.002048,,1.8524159999999998
6280,49.715955201247162,19072382157864,1,5.10060228407383,5.2187,5.084416,1.7893,14555,0.001024,0.73062399999999994,,0.033024,0.0832,0.000256,0.065024,0.007424,0.013824,,0.002304,,2.1222399999999997
6281,49.721018601190472,19072382210051,1,5.0634001381695271,5.5211,5.072896,2.0312,14555,0.001024,0.73471999999999993,,0.032768,0.089343999999999993,0,0.071168,0.008192,0.012799999999999999,,0.002048,,1.834752
6282,49.725719997165534,19072382265262,1,4.7013959847390652,5.1439,4.987648,2.0419,14555,0.001024,0.74137599999999992,,0.032768,0.091392,0.000256,0.071424,0.00896,0.013312,,0.002304,,1.8309119999999999
6283,49.731046797052151,19072382316701,1,5.3268000483512878,5.4204,4.731904,2.4602,14555,0.001024,0.736768,,0.033535999999999996,0.093696,0.000256,0.073216,0.007424,0.011776,,0.002304,,1.5879679999999998
6284,49.735891000566895,19072382370905,1,4.8442035913467407,4.3412,5.026048,2.3354,14555,0.001024,0.74214399999999991,,0.0384,0.086528,0,0.068096,0.007424,0.014079999999999999,,0.002048,,1.588992
6285,49.74112490079365,19072382414317,1,5.2339001558721066,5.0892,4.807936,1.9341,14555,0.001024,0.736256,,0.033024,0.36224,0,0.34431999999999996,0.005632,0.013824,,0.002304,,1.588736
6286,49.746103599773242,19072382465209,1,4.9786991439759731,5.1093,5.215232,1.5731,14555,0.001024,0.740096,,0.033024,0.087551999999999991,0,0.068352,0.007936,0.015872,,0.002048,,1.605632
6287,49.751217899659864,19072382516302,1,5.1142997108399868,5.0077,4.955648,1.6974,14555,0.001024,0.729088,,0.039424,0.084735999999999992,0,0.066816,0.007424,0.012288,,0.002304,,1.58592
6288,49.75627380243764,19072382566379,1,5.0559029914438725,5.2753,5.076224,1.9142,14555,0.001024,0.739072,,0.032512,0.085504,0,0.067328,0.003328,0.012288,,0.002048,,2.0032
6289,49.7617544005102,19072382619132,1,5.4805981926620007,4.795,5.101312,2.1279,14555,0.001024,0.74060799999999993,,0.033535999999999996,0.083712,0,0.065536,0.003328,0.015359999999999999,,0.002048,,1.831168
6290,49.766754301303855,19072382667082,1,4.9999007023870945,5.6885,5.384448,1.998,14555,0.001024,0.73804799999999993,,0.03328,0.287232,0.000256,0.068352,0.0097279999999999988,0.015359999999999999,,0.002304,,2.0623359999999997
6291,49.771571102607709,19072382723967,1,4.8168012872338295,4.8549,5.043712,2.6495,14757,0.001024,0.73471999999999993,,0.03328,0.083712,0.000256,0.065536,0.003328,0.012544,,0.002304,,1.855232
6292,49.776671301020407,19072382772516,1,5.1001985557377338,5.7195,4.8064,1.8082,14555,0.001024,0.742912,,0.033024,0.089855999999999991,0,0.070144,0.0076799999999999993,0.013056,,0.002304,,1.844992
6293,49.781613201530611,19072382829711,1,4.9419007264077663,4.4721,4.756992,2.0613,14555,0.001024,0.733696,,0.032768,0.083456,0.000256,0.065279999999999991,0.0076799999999999993,0.012799999999999999,,0.002304,,1.5915519999999999
6294,49.786800899943309,19072382874432,1,5.1876986399292946,4.7202,4.968704,1.8803,43714,0.001024,0.726784,,0.032768,0.091136,0.000256,0.072448,0.0076799999999999993,0.015359999999999999,,0.002048,,1.747712
6295,49.7917748015873,19072382921634,1,4.9739014357328415,5.6128,5.171968,1.9355,14555,0.001024,0.73548799999999992,,0.035328,0.082176,0,0.063488,0.007424,0.014079999999999999,,0.002304,,1.606144
6296,49.796852295918363,19072382977762,1,5.07749430835247,4.3109,4.953856,2.3386,14555,0.001024,0.736,,0.039168,0.087039999999999992,0,0.068608,0.0076799999999999993,0.012799999999999999,,0.002304,,1.5897599999999998
6297,49.8019454010771,19072383020871,1,5.093105137348175,5.5479,5.044992,1.8822,14555,0.001024,0.737024,,0.033024,0.087039999999999992,0,0.068608,0.007424,0.013824,,0.002304,,1.605888
6298,49.807052097505668,19072383076350,1,5.106696393340826,4.6015,5.07776,1.9821,14555,0.001024,0.73088,,0.04224,0.086272,0,0.06784,0.007424,0.012544,,0.002304,,1.739264
6299,49.812152295918366,19072383122365,1,5.1001985557377338,5.5395,5.01632,1.8501,14555,0.001024,0.729344,,0.038655999999999996,0.087551999999999991,0.000256,0.068864,0.007424,0.012799999999999999,,0.002304,,1.6063999999999998
6300,49.817124000850335,19072383177760,1,4.9717049114406109,4.6173,5.0816,1.964,14607,0.0012799999999999999,0.735232,,0.03328,0.08448,0,0.066816,0.0076799999999999993,0.011519999999999999,,0.002304,,1.8508799999999999
6301,49.822139696712014,19072383223933,1,5.015695933252573,5.3657,5.014272,1.8158,52235,0.001024,0.73881599999999992,,0.033535999999999996,0.09088,0,0.070656,0.007424,0.013312,,0.002304,,1.8526719999999999
6302,49.827469600340137,19072383277590,1,5.3299036808311939,4.9852,4.926976,2.6399,14555,0.001024,0.739072,,0.032768,0.086784,0,0.068352,0.005888,0.012799999999999999,,0.002048,,1.978368
6303,49.832380498866215,19072383327442,1,4.910898394882679,5.4948,5.277952,0.5295,14555,0.001024,0.74316799999999994,,0.034048,0.08806399999999999,0,0.069376,0.011776,0.010496,,0.002304,,1.84832
6304,49.838133602607705,19072383382390,1,5.753103643655777,5.5619,0.043008,1.8454,14555,0.001024,0.73651199999999994,,0.03328,0.09036799999999999,0,0.072191999999999992,0.0076799999999999993,0.012288,,0.002304,,1.590272
6305,49.842906299603172,19072383438009,1,4.7726971097290516,4.0325,5.627648,2.4007,14555,0.001024,0.73804799999999993,,0.034048,0.2432,0,0.064767999999999992,0.0076799999999999993,0.011007999999999999,,0.002304,,1.869824
6306,49.848057298752835,19072383478334,1,5.150998942553997,4.9855,4.844544,1.7802,14555,0.001024,0.72832,,0.032768,0.08576,0,0.066816,0.003328,0.014336,,0.002304,,1.5879679999999998
6307,49.853216999716551,19072383528189,1,5.1597007550299168,6.2242,5.055488,2.1986,14555,0.001024,0.73727999999999994,,0.034304,0.085504,0,0.067071999999999993,0.0076799999999999993,0.013312,,0.002048,,1.589248
6308,49.858194600340134,19072383590431,1,4.9776006489992142,4.2363,4.98048,1.764,14555,0.001024,0.73471999999999993,,0.034304,0.093696,0.000256,0.073984,0.0084479999999999989,0.013824,,0.002304,,1.794816
6309,49.863223001700675,19072383632794,1,5.0284015014767647,5.344,4.850432,1.7306,14555,0.001024,0.739584,,0.035328,0.084992,0,0.06656,0.007424,0.012544,,0.002304,,1.6048639999999998
6310,49.868206696428572,19072383686234,1,4.9836947582662106,5.0498,5.062656,1.8098,14555,0.001024,0.726016,,0.034304,0.094208,0,0.07424,0.012032,0.014079999999999999,,0.002304,,1.607424
6311,49.873199496882087,19072383736732,1,4.9928002990782261,5.2062,5.025536,1.83,14902,0.001024,0.73983999999999994,,0.041984,0.09036799999999999,0,0.071936,0.003072,0.015359999999999999,,0.002048,,1.60384
6312,49.878490398242626,19072383788794,1,5.29090128839016,4.9396,4.973824,1.7786,14555,0.0012799999999999999,0.73651199999999994,,0.0384,0.085504,0,0.065792,0.0076799999999999993,0.012799999999999999,,0.002304,,1.607424
6313,49.883580902777773,19072383838190,1,5.0905044190585613,4.7114,5.26848,1.8971,14555,0.001024,0.739072,,0.033535999999999996,0.0896,0.000256,0.069887999999999992,0.007424,0.014079999999999999,,0.002048,,1.8496
6314,49.888650999149661,19072383885304,1,5.0700963474810123,5.3353,5.060352,2.1789,14555,0.001024,0.736256,,0.03328,0.087808,0.000256,0.068864,0.007424,0.013056,,0.002304,,1.85344
6315,49.893735501700675,19072383938657,1,5.0845025107264519,5.0949,5.048576,1.9804,14555,0.001024,0.73856,,0.033024,0.0896,0,0.069887999999999992,0.003328,0.012544,,0.002048,,1.834496
6316,49.898805201247164,19072383989606,1,5.0696996040642262,5.0997,5.072896,2.0679,14555,0.001024,0.730368,,0.03328,0.089088,0,0.07039999999999999,0.003072,0.013824,,0.002304,,1.8175999999999999
6317,49.903755498866211,19072384040603,1,4.9502975307404995,5.2438,5.042432,1.9959,14555,0.001024,0.730368,,0.033024,0.09088,0.000256,0.071936,0.0076799999999999993,0.013056,,0.002304,,1.8539519999999998
6318,49.908808496315189,19072384093041,1,5.0529972650110722,4.8932,4.934656,1.9092,14555,0.001024,0.73856,,0.03584,0.086784,0,0.066048,0.007424,0.013056,,0.002304,,1.590528
6319,49.9138292020975,19072384141973,1,5.020705983042717,4.9407,5.031936,1.7607,14555,0.001024,0.73062399999999994,,0.033024,0.092159999999999992,0,0.073472,0.007936,0.012544,,0.002304,,1.605888
6320,49.918982702664394,19072384191380,1,5.1535004749894142,4.8746,4.921088,1.9377,14555,0.0012799999999999999,0.72959999999999992,,0.03584,0.092928,0,0.07296,0.007424,0.012288,,0.002304,,1.5882239999999999
6321,49.923881901927437,19072384240126,1,4.8991991207003593,5.4763,5.14944,1.8654,14555,0.001024,0.741888,,0.034304,0.08832,0,0.069376,0.0076799999999999993,0.015359999999999999,,0.002048,,1.773312
6322,49.928852600623578,19072384294889,1,4.9706986173987389,4.7059,4.864256,1.8267,14555,0.001024,0.736256,,0.033024,0.367616,0.000256,0.068352,0.0076799999999999993,0.012544,,0.002304,,1.587712
6323,49.933912996031744,19072384341948,1,5.06039522588253,5.5693,5.018368,2.108,14555,0.001024,0.730112,,0.033024,0.08806399999999999,0,0.06784,0.0076799999999999993,0.011519999999999999,,0.002304,,1.7756159999999999
6324,49.93916429988662,19072384397641,1,5.251303780823946,4.5283,5.04832,1.8077,14750,0.001024,0.74060799999999993,,0.033535999999999996,0.090112,0,0.07168,0.008192,0.013568,,0.002048,,1.8657279999999998
6325,49.944068799603173,19072384442924,1,4.9044997431337833,4.9571,5.133568,1.8779,14555,0.001024,0.739328,,0.033535999999999996,0.088576,0,0.068352,0.005376,0.012544,,0.002304,,2.098176
6326,49.949159502551019,19072384492495,1,5.0907027907669544,4.9723,4.989952,1.8496,20997,0.0012799999999999999,0.733184,,0.033791999999999996,0.088832,0,0.069887999999999992,0.007168,0.013312,,0.002304,,2.079488
6327,49.954322796201815,19072384542218,1,5.1632937975227833,5.6973,5.071104,2.5147,14555,0.001024,0.730112,,0.033024,0.090624,0,0.071424,0.003072,0.012032,,0.002304,,1.846528
6328,49.959363102324261,19072384599191,1,5.040306132286787,5.1931,5.135104,2.0932,14555,0.001024,0.736768,,0.033024,0.08806399999999999,0,0.069376,0.009472,0.011264,,0.002304,,1.5900159999999999
6329,49.964893296485258,19072384651122,1,5.530194379389286,4.6607,5.009152,1.9387,14555,0.001024,0.740352,,0.035584,0.093696,0,0.073472,0.0076799999999999993,0.012799999999999999,,0.002304,,1.587456
6330,49.969885296201809,19072384697729,1,4.9919998273253441,5.1459,5.529856,1.9389,14555,0.001024,0.740352,,0.033024,0.23679999999999998,0,0.217856,0.0097279999999999988,0.013056,,0.002048,,1.7871359999999998
6331,49.974465001417229,19072384749188,1,4.579705186188221,4.8848,4.708864,1.6531,14757,0.0012799999999999999,0.726528,,0.039424,0.090624,0,0.070144,0.0076799999999999993,0.012032,,0.002304,,1.606912
6332,49.979495996315194,19072384798036,1,5.0309947691857815,5.4367,4.547328,1.7687,14555,0.001024,0.74214399999999991,,0.033024,0.08832,0,0.07039999999999999,0.003328,0.013824,,0.002304,,1.58592
6333,49.984706901927439,19072384852403,1,5.21090580150485,4.9728,4.982784,1.7336,14555,0.001024,0.731904,,0.034304,0.08524799999999999,0,0.067071999999999993,0.0076799999999999993,0.012544,,0.002048,,1.606912
6334,49.9897797973356,19072384902131,1,5.0728954374790192,4.823,5.222656,1.7412,14555,0.001024,0.72883199999999992,,0.03328,0.34022399999999997,0,0.073472,0.007424,0.014591999999999999,,0.002048,,1.7707519999999999
6335,49.994779095804986,19072384950361,1,4.9992986023426056,4.7879,5.048832,1.8981,14555,0.001024,0.73062399999999994,,0.033791999999999996,0.086272,0,0.067071999999999993,0.0076799999999999993,0.012544,,0.002304,,1.8457599999999998
6336,50.000001296768708,19072384998240,1,5.2222008816897869,5.4546,4.979456,2.4793,14555,0.001024,0.729088,,0.03328,0.091136,0.000256,0.071168,0.003072,0.015616,,0.002304,,2.085376
6337,50.005678096655323,19072385052786,1,5.6767999194562435,5.3608,5.148928,1.9577,14555,0.001024,0.731648,,0.03328,0.087551999999999991,0,0.068096,0.011007999999999999,0.013568,,0.002304,,1.862912
6338,50.010806398809521,19072385106394,1,5.1283021457493305,4.5006,5.7088,1.9133,14555,0.001024,0.735232,,0.036095999999999996,0.093183999999999989,0,0.071168,0.011007999999999999,0.013056,,0.0025599999999999998,,2.254336
6339,50.015388201530612,19072385151400,1,4.581802524626255,6.0976,5.120768,2.0208,14555,0.001024,0.73395199999999994,,0.032768,0.08832,0,0.068864,0.007424,0.011519999999999999,,0.002304,,1.891328
6340,50.019956101190473,19072385212376,1,4.5678997412323952,4.8533,4.553216,1.9786,14607,0.001024,0.73983999999999994,,0.033024,0.093696,0,0.073728,0.007424,0.011007999999999999,,0.0025599999999999998,,1.586944
6341,50.024747796201815,19072385260909,1,4.7916951589286327,6.3676,4.549888,2.0267,14555,0.001024,0.7488,,0.033791999999999996,0.08806399999999999,0.000256,0.068864,0.007168,0.011264,,0.002304,,1.588992
6342,50.029831299603174,19072385324585,1,5.0835032016038895,3.804,4.769536,1.9675,14555,0.001024,0.740864,,0.033535999999999996,0.090112,0.000256,0.071168,0.003072,0.014591999999999999,,0.002304,,1.5831039999999998
6343,50.034857596371879,19072385362625,1,5.0262967124581337,4.358,5.00608,1.7222,14555,0.001024,0.735232,,0.034816,0.090112,0,0.070912,0.006144,0.013056,,0.0025599999999999998,,1.605632
6344,50.039356802721088,19072385406205,1,4.4992063194513321,4.4781,4.98432,1.6512,14555,0.001024,0.739328,,0.035328,0.083712,0.000256,0.065792,0.003328,0.012544,,0.002048,,1.6099839999999999
6345,50.04391400226757,19072385450986,1,4.5571997761726379,5.1351,4.54912,1.6083,14555,0.001024,0.741632,,0.033024,0.086528,0,0.068608,0.003072,0.011776,,0.002304,,1.587712
6346,50.048605902777773,19072385502337,1,4.6919006854295731,5.0291,4.54528,1.6917,14555,0.001024,0.737792,,0.033024,0.085504,0,0.066816,0.0076799999999999993,0.012544,,0.002304,,1.5866879999999999
6347,50.053347696995466,19072385552628,1,4.7417944297194481,4.4956,4.579072,1.7468,14555,0.001024,0.739072,,0.033024,0.08294399999999999,0,0.064767999999999992,0.007424,0.012799999999999999,,0.002304,,1.6084479999999999
6348,50.058100198412696,19072385597584,1,4.7525013796985149,4.486,4.786944,1.9066,14555,0.001024,0.733696,,0.033024,0.096256,0.000256,0.076544,0.0076799999999999993,0.014591999999999999,,0.002048,,1.790976
6349,50.062608397108839,19072385642444,1,4.5081987045705318,5.1934,4.748288,1.7454,14555,0.001024,0.735744,,0.032768,0.08576,0,0.067328,0.007424,0.014848,,0.002048,,1.588736
6350,50.072937599206348,19072385694378,1,10.329201817512512,4.2491,4.49536,1.7301,52437,0.001024,0.735744,,0.032768,0.08576,0,0.067328,0.007424,0.014848,,0.002048,,1.588736
6351,50.077891298185939,19072385736869,1,4.9536991864442825,4.7712,4.514048,1.7513,14555,0.001024,0.73856,,0.033024,0.091648,0.000256,0.072191999999999992,0.003328,0.012799999999999999,,0.002304,,1.591808
6352,50.082952501417232,19072385784581,1,5.0612031482160091,4.422,4.539904,0.5955,14555,0.001024,0.740864,,0.033024,0.092928,0.000256,0.072703999999999991,0.0076799999999999993,0.015104,,0.002304,,1.5846399999999998
6353,50.087471797052153,19072385828801,1,4.5192954130470753,12.2453,0.042496,1.9901,14555,0.001024,0.73344,,0.032512,0.086016,0,0.06912,0.003328,0.010752,,0.002048,,1.60896
6354,50.092073802437639,19072385951254,1,4.6020052395761013,3.4734,4.500992,1.5532,14750,0.001024,0.739072,,0.033024,0.091136,0,0.070144,0.003328,0.014336,,0.002048,,1.604352
6355,50.096562096088434,19072385985988,1,4.4882935471832752,4.4895,4.506624,1.6426,14555,0.0012799999999999999,0.73344,,0.033024,0.092416,0,0.072703999999999991,0.003328,0.012544,,0.0025599999999999998,,1.592576
6356,50.101107397959183,19072386030883,1,4.5453016646206379,4.8476,4.541696,1.5934,14555,0.001024,0.729344,,0.032256,0.086528,0.000256,0.068352,0.007424,0.012288,,0.002304,,1.58592
6357,50.105702699829926,19072386079359,1,4.5953020453453064,4.7222,4.527104,1.8081,14555,0.001024,0.739072,,0.033024,0.086272,0,0.068352,0.003072,0.011519999999999999,,0.002304,,1.6066559999999999
6358,50.110261500850335,19072386126581,1,4.5588011853396893,4.0846,4.564224,1.9374,14555,0.001024,0.733184,,0.032768,0.083712,0.000256,0.065792,0.0076799999999999993,0.014079999999999999,,0.002048,,1.589248
6359,50.115416801303851,19072386167427,1,5.1553002558648586,4.8729,4.546816,1.7979,14555,0.0012799999999999999,0.739072,,0.032768,0.084224,0.000256,0.066304,0.007424,0.013312,,0.002304,,1.5912959999999998
6360,50.120452295918362,19072386216156,1,5.0354944542050362,4.3921,5.12768,1.8462,14555,0.001024,0.73395199999999994,,0.032768,0.090624,0,0.071424,0.0076799999999999993,0.012288,,0.002304,,1.5864319999999998
6361,50.124993197278911,19072386260077,1,4.54090116545558,4.8646,5.003776,1.8688,14555,0.001024,0.740352,,0.0384,0.09344,0,0.072703999999999991,0.007424,0.013312,,0.002304,,1.604096
6362,50.129579301303856,19072386308723,1,4.5861038379371166,5.2027,4.539392,1.742,14555,0.001024,0.728576,,0.033024,0.0896,0.000256,0.069376,0.007424,0.013824,,0.002048,,1.58592
6363,50.134176799886617,19072386360750,1,4.597498569637537,4.7814,4.56832,1.7936,14555,0.001024,0.736768,,0.03328,0.089343999999999993,0,0.068864,0.005888,0.012032,,0.0025599999999999998,,1.5915519999999999
6364,50.138826998299315,19072386408564,1,4.6501983888447285,4.7914,4.5696,1.7214,14555,0.001024,0.729344,,0.033024,0.086784,0.000256,0.067071999999999993,0.0076799999999999993,0.013056,,0.002304,,1.603584
6365,50.1433547973356,19072386456478,1,4.5277988538146019,4.2607,4.57728,1.7035,14555,0.001024,0.740864,,0.032768,0.0896,0,0.070656,0.0076799999999999993,0.013568,,0.002048,,1.5879679999999998
6366,50.148112096088433,19072386499085,1,4.7572986222803593,4.6772,4.571904,1.759,14555,0.0012799999999999999,0.74137599999999992,,0.033024,0.088832,0,0.069632,0.007424,0.014591999999999999,,0.002304,,1.5864319999999998
6367,50.15272509920635,19072386545857,1,4.6130032278597355,4.8114,4.73344,1.8518,14555,0.001024,0.734464,,0.03328,0.090112,0,0.070912,0.007424,0.012799999999999999,,0.002048,,1.779968
6368,50.157284998582767,19072386593971,1,4.5598992146551609,4.3744,4.591872,1.7615,14555,0.001024,0.735744,,0.03328,0.091392,0,0.071424,0.004352,0.013568,,0.002048,,1.6030719999999998
6369,50.161878302154193,19072386637715,1,4.5933034271001816,4.6706,4.54144,1.7523,14555,0.001024,0.729344,,0.032768,0.0896,0,0.069887999999999992,0.007424,0.012544,,0.002304,,1.587712
6370,50.166447399376416,19072386684421,1,4.5690974220633507,4.722,4.57088,1.8866,14555,0.001024,0.73292799999999991,,0.032768,0.091392,0,0.071168,0.007424,0.013824,,0.002304,,1.5872
6371,50.171047498582766,19072386731641,1,4.6000992879271507,4.9204,4.544256,1.7299,14555,0.001024,0.739584,,0.033024,0.093952,0,0.073472,0.0076799999999999993,0.012544,,0.002048,,1.603584
6372,50.175723802437638,19072386780845,1,4.6763038262724876,4.1065,4.58112,1.7614,14757,0.0012799999999999999,0.731648,,0.033024,0.092416,0.000256,0.073472,0.007424,0.011776,,0.002048,,1.585664
6373,50.180260402494326,19072386821910,1,4.5365998521447182,4.8986,4.583424,1.7254,14555,0.001024,0.73651199999999994,,0.03328,0.089088,0.000256,0.069887999999999992,0.007424,0.013824,,0.002304,,1.6066559999999999
6374,50.184878698979588,19072386870896,1,4.6182963997125626,4.2987,4.589824,1.7582,14555,0.001024,0.736256,,0.033024,0.090112,0,0.07168,0.007424,0.011776,,0.002304,,1.5872
6375,50.189397101757365,19072386913883,1,4.5184027403593063,4.8362,4.527104,1.8843,14555,0.001024,0.734208,,0.033024,0.087296,0.000256,0.067328,0.009216,0.014848,,0.002304,,1.5882239999999999
6376,50.193952699829929,19072386962245,1,4.5555979013442993,4.4203,4.559616,1.7067,14555,0.001024,0.738304,,0.033024,0.089343999999999993,0,0.069632,0.007424,0.012288,,0.002304,,1.5882239999999999
6377,50.198716801303853,19072387006448,1,4.764101468026638,4.564,4.541696,1.7621,14555,0.001024,0.733184,,0.033535999999999996,0.09267199999999999,0,0.07296,0.006912,0.013568,,0.002304,,1.5866879999999999
6378,50.210661096938772,19072387052088,1,11.944295838475227,4.5552,4.751616,1.8073,14555,0.001024,0.72959999999999992,,0.033024,0.086272,0,0.066816,0.0076799999999999993,0.013056,,0.002304,,1.7768959999999998
6379,50.217375701530614,19072387097640,1,6.7146047949790955,4.5728,4.507648,1.8238,14555,0.001024,0.739584,,0.033024,0.090112,0,0.069887999999999992,0.007424,0.013056,,0.002304,,1.58592
6380,50.224004896541949,19072387143368,1,6.6291950643062592,8.4795,4.534784,1.8339,14607,0.001536,0.73548799999999992,,0.033024,0.087808,0,0.07039999999999999,0.0076799999999999993,0.011007999999999999,,0.002304,,1.5879679999999998
6381,50.229913895975052,19072387228163,1,5.9089995920658112,8.728,4.514048,2.0864,14555,0.0012799999999999999,0.734208,,0.032512,0.080639999999999989,0.000256,0.064,0.003328,0.010496,,0.0025599999999999998,,1.586944
6382,50.260009098639451,19072387315443,1,30.095202848315239,6.6839,4.424192,1.4055,14555,0.002816,0.730368,,0.033535999999999996,0.08294399999999999,0,0.066048,0.0076799999999999993,0.011519999999999999,,0.002304,,1.58848
6383,50.265797300170064,19072387382282,1,5.7882014662027359,5.9794,4.516096,1.6752,14750,0.001024,0.74393599999999993,,0.033024,0.079615999999999992,0,0.061695999999999994,0.007424,0.012288,,0.0025599999999999998,,1.5864319999999998
6384,50.27059309807256,19072387442076,1,4.7957981005311012,6.3233,4.49152,2.2831,14555,0.001024,0.732672,,0.032768,0.083456,0,0.065792,0.007424,0.011264,,0.002304,,1.5872
6385,50.275102097505666,19072387505309,1,4.5089996419847012,32.1304,4.542208,2.0669,14757,0.0012799999999999999,0.742656,,0.032768,0.07936,0,0.062464,0.007424,0.010752,,0.0025599999999999998,,1.588992
6386,50.2796623015873,19072387826613,1,4.5602042227983475,4.0575,4.532736,1.8199,14555,0.001024,0.738304,,0.03328,0.084735999999999992,0,0.067071999999999993,0.007168,0.015104,,0.002048,,1.585408
6387,50.284206901927433,19072387867188,1,4.5446003787219524,4.2665,4.544,1.7428,14555,0.0012799999999999999,0.734208,,0.032768,0.09036799999999999,0.000256,0.071168,0.007424,0.012799999999999999,,0.002304,,1.5897599999999998
6388,50.288754698129253,19072387909853,1,4.5477962121367455,4.7288,4.519936,1.7021,14555,0.001024,0.72806399999999993,,0.032768,0.087808,0,0.06912,0.003072,0.014079999999999999,,0.002304,,1.5848959999999999
6389,50.29354100056689,19072387957141,1,4.7863023355603218,4.6628,4.532736,1.5629,14555,0.001024,0.73983999999999994,,0.032768,0.084992,0,0.066816,0.007424,0.014848,,0.002304,,1.604608
6390,50.298027196712013,19072388003769,1,4.4861962087452412,4.0683,4.676352,1.9359,14555,0.001024,0.74316799999999994,,0.033024,0.08524799999999999,0,0.067328,0.007424,0.014848,,0.002048,,1.5864319999999998
6391,50.3028251984127,19072388044452,1,4.7980016097426414,4.9297,4.556032,1.7369,14555,0.001024,0.736,,0.032768,0.086784,0,0.068864,0.0076799999999999993,0.012799999999999999,,0.002304,,1.590784
6392,50.307389200680269,19072388093749,1,4.5640021562576294,4.6721,4.774912,1.8641,14555,0.001024,0.739072,,0.032768,0.083968,0,0.065792,0.0076799999999999993,0.012799999999999999,,0.0025599999999999998,,1.7822719999999999
6393,50.311982901077094,19072388140470,1,4.5937001705169678,4.3526,4.542208,1.7197,14555,0.001024,0.731904,,0.032512,0.083456,0.000256,0.065792,0.0076799999999999993,0.012032,,0.002048,,1.606144
6394,50.316567701247166,19072388183996,1,4.584799986332655,4.7828,4.571904,1.7979,14555,0.001024,0.735232,,0.033024,0.083712,0.000256,0.065536,0.011776,0.014591999999999999,,0.002304,,1.5864319999999998
6395,50.321169798752834,19072388231824,1,4.6020974405109882,4.5807,4.556032,1.868,14555,0.001024,0.736,,0.033024,0.087551999999999991,0.000256,0.068096,0.0076799999999999993,0.014591999999999999,,0.002304,,1.588992
6396,50.32573519699546,19072388277631,1,4.565398208796978,4.5246,4.58624,1.8547,52235,0.0012799999999999999,0.734464,,0.03328,0.08524799999999999,0,0.067071999999999993,0.007424,0.012032,,0.002304,,1.5897599999999998
6397,50.330410700113376,19072388322877,1,4.6755028888583183,4.6067,4.541952,1.804,14555,0.001024,0.737536,,0.033024,0.091136,0.000256,0.071168,0.003072,0.012288,,0.002304,,1.5897599999999998
6398,50.335386096938777,19072388368944,1,4.9753966741263866,4.7526,4.566016,0.5293,14555,0.001024,0.73983999999999994,,0.033024,0.085504,0,0.067071999999999993,0.007424,0.013312,,0.0025599999999999998,,1.604352
6399,50.33988169642857,19072388416470,1,4.4955993071198463,5.2117,0.0448,1.8584,14555,0.001024,0.73651199999999994,,0.032768,0.348416,0,0.07039999999999999,0.010239999999999999,0.013824,,0.002304,,1.5930879999999998
6400,50.344436897675735,19072388468587,1,4.5552011579275131,4.2367,4.483328,1.8591,14555,0.001024,0.737024,,0.033024,0.093183999999999989,0,0.072703999999999991,0.003072,0.014336,,0.002304,,1.589248
6401,50.348985997732427,19072388510954,1,4.5491000637412071,4.6222,4.529152,1.8578,14555,0.001024,0.72832,,0.032768,0.08576,0,0.067071999999999993,0.004096,0.013056,,0.002304,,1.5872
6402,50.35347809665533,19072388557176,1,4.4920989312231541,4.5478,4.522496,1.7441,14555,0.001024,0.736256,,0.03328,0.091392,0,0.071936,0.007168,0.012799999999999999,,0.002304,,1.58848
6403,50.358101502267573,19072388602654,1,4.6234056353569031,4.6239,4.486912,2.1672,14555,0.001024,0.729088,,0.033024,0.092416,0,0.073216,0.007424,0.013056,,0.002304,,1.5897599999999998
6404,50.362593402777776,19072388648893,1,4.491900559514761,4.4095,4.503552,1.8816,14555,0.0012799999999999999,0.735744,,0.033024,0.09036799999999999,0,0.069632,0.007424,0.012544,,0.002304,,1.5864319999999998
6405,50.367061401643987,19072388692988,1,4.4679990969598293,5.047,4.499712,1.8396,14555,0.001024,0.731648,,0.032768,0.093952,0.000256,0.073984,0.003072,0.013568,,0.002304,,1.5912959999999998
6406,50.371662096088436,19072388743458,1,4.60069440305233,4.2132,4.514304,1.7006,14555,0.001024,0.733184,,0.03328,0.090112,0,0.070656,0.007424,0.013824,,0.002048,,1.59232
6407,50.376201098356006,19072388785590,1,4.5390021987259388,4.6163,4.577792,1.6849,39524,0.001024,0.740096,,0.032768,0.08832,0,0.06912,0.0076799999999999993,0.011776,,0.002048,,1.605888
6408,50.380955300453515,19072388831753,1,4.7542019747197628,4.2063,4.523008,1.6387,90532,0.001024,0.74112,,0.03328,0.086272,0.000256,0.06784,0.003584,0.012032,,0.002304,,1.6063999999999998
6409,50.385525800736957,19072388873816,1,4.5705004595220089,4.5119,4.727808,1.9945,14555,0.001024,0.739584,,0.032512,0.087039999999999992,0,0.06912,0.007424,0.013824,,0.002304,,1.76128
6410,50.390108099489794,19072388918935,1,4.5822989195585251,5.0827,4.55296,1.6942,14555,0.001024,0.737024,,0.032768,0.08524799999999999,0,0.067071999999999993,0.003328,0.012288,,0.002048,,1.6063999999999998
6411,50.394683496315189,19072388969762,1,4.57539688795805,4.2834,4.556544,1.7975,32126,0.0012799999999999999,0.740864,,0.032768,0.082176,0,0.063488,0.0076799999999999993,0.013056,,0.002304,,1.5866879999999999
6412,50.399305697278912,19072389012596,1,4.622200969606638,4.5935,4.55808,2.0377,28940,0.001024,0.73471999999999993,,0.032768,0.084735999999999992,0,0.06656,0.0076799999999999993,0.012799999999999999,,0.002048,,1.5866879999999999
6413,50.40387869897959,19072389058531,1,4.5730015262961388,4.5131,4.594432,1.7752,14555,0.001024,0.739072,,0.033024,0.090624,0,0.07039999999999999,0.007424,0.013824,,0.002304,,1.5864319999999998
6414,50.408512096088437,19072389103662,1,4.6333973295986652,4.6892,4.555776,2.0299,14555,0.001024,0.737024,,0.03328,0.089855999999999991,0,0.071168,0.0076799999999999993,0.012544,,0.002304,,1.590528
6415,50.413014597505665,19072389150554,1,4.5025013387203217,4.5298,4.540672,1.8114,14555,0.0012799999999999999,0.74112,,0.033024,0.089855999999999991,0.000256,0.070144,0.003328,0.015359999999999999,,0.002304,,1.585408
6416,50.417590901360541,19072389195852,1,4.5763039961457253,4.6023,4.557312,1.7134,14750,0.001024,0.737792,,0.033024,0.08832,0,0.068608,0.007936,0.012544,,0.002304,,1.587712
6417,50.422212096088437,19072389241875,1,4.6211946755647659,4.675,4.557312,1.9144,14555,0.0012799999999999999,0.72806399999999993,,0.03328,0.09472,0.000256,0.073984,0.007936,0.012544,,0.002304,,1.5915519999999999
6418,50.4268498015873,19072389288625,1,4.6377056278288364,4.9441,4.590592,1.7153,14607,0.0012799999999999999,0.740352,,0.03328,0.087551999999999991,0,0.06912,0.0076799999999999993,0.015104,,0.002304,,1.609216
6419,50.431485898526077,19072389338066,1,4.6360967680811882,4.106,4.576512,1.9345,14555,0.001024,0.729856,,0.033024,0.087039999999999992,0,0.068864,0.007424,0.012799999999999999,,0.002304,,1.5882239999999999
6420,50.436017396541949,19072389379126,1,4.5314980670809746,4.6511,4.589312,1.7721,14555,0.001024,0.737024,,0.03328,0.086784,0.000256,0.06784,0.0076799999999999993,0.014079999999999999,,0.002048,,1.6051199999999999
6421,50.440587896825392,19072389425637,1,4.5705004595220089,4.5471,4.57728,1.8078,14555,0.001024,0.740096,,0.033024,0.088832,0.000256,0.069632,0.0076799999999999993,0.013056,,0.002304,,1.590272
6422,50.445169501133783,19072389471108,1,4.5816041529178619,4.7594,4.544,1.7114,14555,0.001024,0.733696,,0.033024,0.090624,0.000256,0.071168,0.007424,0.014591999999999999,,0.002304,,1.587712
6423,50.4498093962585,19072389518702,1,4.6398951672017574,4.6294,4.566016,1.8339,20997,0.001024,0.733696,,0.032768,0.082688,0,0.065024,0.0076799999999999993,0.011519999999999999,,0.002304,,1.5912959999999998
6424,50.454391198979593,19072389564996,1,4.581802524626255,4.8423,4.613376,2.0562,14555,0.001024,0.737536,,0.032768,0.09088,0.000256,0.071424,0.0076799999999999993,0.014591999999999999,,0.002304,,1.586944
6425,50.459189902210881,19072389613419,1,4.7987033613026142,4.5325,4.559104,1.8173,14555,0.001024,0.72832,,0.033024,0.091392,0,0.072191999999999992,0.0076799999999999993,0.011776,,0.002048,,1.591808
6426,50.463721499433106,19072389658744,1,4.5315972529351711,4.7621,4.765952,1.7292,14555,0.001024,0.735232,,0.03328,0.088576,0,0.068864,0.005888,0.014336,,0.002048,,1.810176
6427,50.468336996882087,19072389706365,1,4.6154973097145557,4.0861,4.520448,1.7273,14555,0.001024,0.72832,,0.033024,0.088832,0,0.070144,0.003328,0.013056,,0.002048,,1.5897599999999998
6428,50.472848398526075,19072389747226,1,4.5114015229046345,5.0813,4.558848,1.7247,14757,0.001024,0.741632,,0.032512,0.086016,0,0.06784,0.007424,0.015359999999999999,,0.002304,,1.585152
6429,50.477400800736959,19072389798039,1,4.5524020679295063,4.5647,4.528896,1.8032,14555,0.001024,0.739072,,0.032768,0.082688,0,0.064256,0.007424,0.013056,,0.002048,,1.590784
6430,50.482006802721088,19072389843686,1,4.6060020104050636,4.6267,4.525824,1.8036,14555,0.001024,0.732416,,0.032768,0.0832,0,0.064767999999999992,0.006656,0.011776,,0.002304,,1.5879679999999998
6431,50.486546301020404,19072389889953,1,4.5394981279969215,4.1539,4.5824,1.8666,14555,0.0012799999999999999,0.733184,,0.032768,0.0896,0.000256,0.069887999999999992,0.003328,0.012799999999999999,,0.002304,,1.59104
6432,50.491180300453514,19072389931492,1,4.6339994296431541,4.8378,4.530176,1.8161,14555,0.001024,0.73651199999999994,,0.032768,0.08294399999999999,0,0.064512,0.0076799999999999993,0.012288,,0.002048,,1.5866879999999999
6433,50.495815398242627,19072389979870,1,4.6350979246199131,4.3642,4.551424,1.9156,14555,0.001024,0.73215999999999992,,0.032768,0.083968,0,0.065279999999999991,0.0076799999999999993,0.013056,,0.002048,,1.590272
6434,50.50031029620181,19072390023512,1,4.4948980212211609,5.0496,4.591872,1.7734,14555,0.001024,0.736768,,0.032768,0.08294399999999999,0,0.064512,0.011264,0.013312,,0.002304,,1.588736
6435,50.504949000850338,19072390074008,1,4.6387044712901115,4.0721,4.55424,1.7727,14555,0.001024,0.735232,,0.03328,0.08448,0,0.066304,0.0076799999999999993,0.013312,,0.002304,,1.5900159999999999
6436,50.50946439909297,19072390114729,1,4.5153982937335968,4.9184,4.53632,1.9989,14555,0.001024,0.737792,,0.032768,0.084992,0,0.06656,0.0076799999999999993,0.011519999999999999,,0.002048,,1.586944
6437,50.514014101473919,19072390163913,1,4.549702163785696,4.4085,4.56576,1.8044,14555,0.001024,0.741888,,0.032512,0.0832,0,0.065024,0.007424,0.013312,,0.002304,,1.5879679999999998
6438,50.518602501417234,19072390207998,1,4.5884000137448311,4.6234,4.53248,1.9774,14555,0.001024,0.73139199999999993,,0.033024,0.08524799999999999,0,0.067071999999999993,0.003328,0.012799999999999999,,0.002048,,1.5872
6439,50.523172696995459,19072390254232,1,4.5701954513788223,4.4123,4.57088,1.7435,14555,0.001024,0.74060799999999993,,0.032768,0.083968,0,0.065536,0.003584,0.014336,,0.002048,,1.5866879999999999
6440,50.527809098639452,19072390298355,1,4.6364017762243748,4.5132,4.549632,1.8621,14555,0.001024,0.731648,,0.032768,0.084224,0,0.065792,0.007424,0.012288,,0.002048,,1.592064
6441,50.532299496882082,19072390343487,1,4.4903983362019062,4.9816,4.55424,1.9299,14555,0.001024,0.732416,,0.032768,0.08294399999999999,0.000256,0.064767999999999992,0.003328,0.013568,,0.002304,,1.586944
6442,50.537075396825394,19072390393303,1,4.7758999280631542,4.623,4.533248,1.8521,14555,0.001024,0.740352,,0.032768,0.081919999999999993,0,0.063744,0.007424,0.012032,,0.002304,,1.5866879999999999
6443,50.5416718962585,19072390439533,1,4.5964992605149746,4.4249,4.757248,1.8526,14555,0.001024,0.74214399999999991,,0.032512,0.086528,0,0.068352,0.0076799999999999993,0.014336,,0.002304,,1.772544
6444,50.546226502267572,19072390483782,1,4.5546060428023338,4.8221,4.577024,1.9308,14555,0.001024,0.738304,,0.033024,0.086016,0,0.06784,0.003328,0.011776,,0.002304,,1.590528
6445,50.55087599914966,19072390532003,1,4.649497102946043,4.7408,4.530432,1.6295,14555,0.001024,0.736,,0.032768,0.084224,0,0.065792,0.0076799999999999993,0.012544,,0.002304,,1.603584
6446,50.555341999716553,19072390579411,1,4.4660004787147045,4.0187,4.546048,1.8645,14555,0.001024,0.73344,,0.032768,0.082688,0,0.064,0.0076799999999999993,0.012799999999999999,,0.002304,,1.592576
6447,50.559969097222222,19072390619598,1,4.6270973980426788,4.7835,4.524544,2.0473,14555,0.001024,0.742656,,0.032768,0.086016,0.000256,0.06784,0.003328,0.013056,,0.002304,,1.5882239999999999
6448,50.564527799036277,19072390667433,1,4.5587019994854927,4.6596,4.601344,1.682,14555,0.001024,0.73395199999999994,,0.032768,0.087039999999999992,0,0.068352,0.007424,0.013312,,0.002304,,1.590272
6449,50.569035600907029,19072390714029,1,4.5078019611537457,4.8159,4.532992,1.8327,14750,0.0012799999999999999,0.741632,,0.032768,0.08524799999999999,0,0.066816,0.0076799999999999993,0.013568,,0.002048,,1.5879679999999998
6450,50.573644196428567,19072390762188,1,4.6085957437753677,4.045,4.481792,1.7913,14757,0.001024,0.72704,,0.03328,0.086784,0,0.067328,0.003328,0.013312,,0.002304,,1.588736
6451,50.578146400226757,19072390802638,1,4.502203781157732,4.5394,4.52736,1.8623,52235,0.001024,0.732672,,0.033024,0.084224,0.000256,0.066048,0.0051199999999999996,0.011776,,0.002304,,1.590784
6452,50.58360080073696,19072390848032,1,5.4544005542993546,4.5703,4.566272,2.004,14555,0.001024,0.73062399999999994,,0.032768,0.08832,0,0.069887999999999992,0.003072,0.014336,,0.0025599999999999998,,1.585408
6453,50.588900701530612,19072390893735,1,5.299900658428669,4.9259,4.589312,0.5392,14555,0.001024,0.742912,,0.032768,0.084224,0,0.06656,0.009472,0.011264,,0.002304,,1.603584
6454,50.593987896825396,19072390942994,1,5.0871954299509525,5.9789,0.043264,2.7402,14555,0.001024,0.736,,0.033024,0.085504,0,0.067328,0.003328,0.013824,,0.0025599999999999998,,1.839616
6455,50.598538796768707,19072391002783,1,4.5508998446166515,5.111,4.563968,2.2559,14555,0.001024,0.743424,,0.034048,0.084992,0,0.066816,0.0038399999999999997,0.011264,,0.002304,,1.587712
6456,50.603560898526077,19072391053893,1,5.0221015699207783,4.8991,4.528128,2.5274,14555,0.001024,0.740096,,0.032512,0.079872,0,0.061952,0.010496,0.010752,,0.002048,,1.61024
6457,50.608112202380951,19072391102884,1,4.5513040386140347,5.0756,4.501504,2.4977,14555,0.001024,0.744192,,0.033024,0.080639999999999989,0,0.062464,0.0076799999999999993,0.012032,,0.002304,,1.58848
6458,50.612658602607709,19072391153640,1,4.5464001595973969,4.6398,4.534272,1.8552,14555,0.001024,0.745728,,0.033791999999999996,0.08294399999999999,0,0.065024,0.007424,0.011776,,0.002304,,1.6033279999999999
6459,50.617556901927436,19072391200038,1,4.8982994630932808,4.9745,4.576768,1.9603,14555,0.001024,0.748544,,0.033791999999999996,0.082688,0,0.064,0.0076799999999999993,0.012288,,0.0025599999999999998,,1.587712
6460,50.623034800170068,19072391249783,1,5.47789828851819,3.9761,4.480256,2.6968,14555,0.001024,0.73395199999999994,,0.032768,0.084224,0.000256,0.066304,0.003328,0.013056,,0.002304,,1.590784
6461,50.628638300736959,19072391289544,1,5.60350064188242,5.4793,4.49536,2.4283,15170,0.001792,0.735232,,0.033024,0.082176,0,0.064,0.007424,0.011007999999999999,,0.002304,,1.590528
6462,50.633178500566892,19072391344337,1,4.5401998795568943,5.4333,5.043968,2.4878999999999998,48806,0.001024,0.75238399999999994,,0.032768,0.081408,0,0.063488,0.008192,0.011007999999999999,,0.002304,,2.093056
6463,50.638473596938773,19072391398670,1,5.295096430927515,5.1369,4.52352,2.8718,14555,0.001024,0.730368,,0.033024,0.083712,0,0.065536,0.007424,0.012544,,0.002304,,1.58848
6464,50.643050800736958,19072391450039,1,4.5772036537528038,4.9126,4.60288,2.0994,14555,0.001024,0.74368,,0.03328,0.08448,0,0.065536,0.007424,0.011264,,0.0025599999999999998,,1.5882239999999999
6465,50.647811897675737,19072391499165,1,4.7610970214009285,4.733,4.546816,2.5469,14555,0.001024,0.74982399999999994,,0.03328,0.083456,0.000256,0.065279999999999991,0.0076799999999999993,0.011776,,0.002304,,1.590528
6466,50.652350099206345,19072391546495,1,4.5382017269730568,4.9262,4.54656,2.2454,14555,0.001024,0.74982399999999994,,0.03328,0.083456,0.000256,0.065279999999999991,0.0076799999999999993,0.011776,,0.002304,,1.590528
6467,50.656898200113375,19072391595757,1,4.5481007546186447,4.7956,4.519424,1.7718,14555,0.003072,0.74316799999999994,,0.033024,0.082431999999999991,0.000256,0.064,0.007936,0.011519999999999999,,0.002304,,1.58592
6468,50.661424496882084,19072391643713,1,4.5262966305017471,4.8343,4.53376,2.023,14555,0.001024,0.742912,,0.03328,0.084992,0,0.06656,0.003584,0.011776,,0.002816,,1.590528
6469,50.666126502267574,19072391692056,1,4.702005535364151,3.7194,4.500992,2.4099,14555,0.001024,0.74137599999999992,,0.033024,0.08524799999999999,0,0.067071999999999993,0.003328,0.013312,,0.002304,,1.5897599999999998
6470,50.67123609693877,19072391729250,1,5.1095946691930294,5.0723,4.506368,2.4368,14757,0.001024,0.745216,,0.033535999999999996,0.082176,0,0.064,0.003584,0.011264,,0.002304,,1.60768
6471,50.675820500283443,19072391779973,1,4.5844032429158688,5.2275,4.564992,1.7693,14757,0.001024,0.749568,,0.033535999999999996,0.082431999999999991,0,0.063744,0.011776,0.011776,,0.0025599999999999998,,1.602048
6472,50.68039389880952,19072391832248,1,4.5733987353742123,3.6874,4.56448,1.7714,14555,0.001024,0.737792,,0.033024,0.083456,0,0.064512,0.007424,0.011007999999999999,,0.002048,,1.5897599999999998
6473,50.684903401360543,19072391869122,1,4.5095025561749935,4.8701,4.537088,1.8183,14555,0.001024,0.7424,,0.032768,0.084224,0,0.066048,0.010752,0.014079999999999999,,0.002048,,1.5866879999999999
6474,50.689541000566891,19072391917823,1,4.637598991394043,4.5148,4.49792,1.9286,14555,0.001024,0.734208,,0.032512,0.083712,0,0.065792,0.007424,0.012288,,0.002304,,1.589504
6475,50.694036500850338,19072391962971,1,4.49550012126565,4.9613,4.548608,1.8175,14555,0.001024,0.737792,,0.03328,0.08294399999999999,0,0.065024,0.004352,0.014079999999999999,,0.002048,,1.589504
6476,50.698664795918368,19072392012584,1,4.6282950788736343,4.1489,4.51072,1.9534,14555,0.001024,0.73471999999999993,,0.03328,0.0832,0,0.065024,0.007424,0.012799999999999999,,0.0025599999999999998,,1.604608
6477,50.703198696145122,19072392054073,1,4.5339004136621952,5.2186,4.597504,1.8091,14555,0.001024,0.74112,,0.032768,0.086272,0.000256,0.066816,0.007424,0.011519999999999999,,0.002304,,1.5912959999999998
6478,50.7078047973356,19072392106259,1,4.60610119625926,3.8464,4.52224,1.7774,14555,0.0012799999999999999,0.73881599999999992,,0.033024,0.0832,0,0.064767999999999992,0.003328,0.015104,,0.002048,,1.5897599999999998
6479,50.7125049957483,19072392144723,1,4.70019830390811,4.7154,4.512768,1.7659,14555,0.001024,0.73548799999999992,,0.032768,0.086272,0,0.06784,0.007424,0.012032,,0.002048,,1.585408
6480,50.717147399376415,19072392191877,1,4.6424036845564842,4.5882,4.748032,1.6682,14555,0.001024,0.737792,,0.032768,0.083712,0.000256,0.066304,0.008704,0.014336,,0.002048,,1.5879679999999998
6481,50.721598497732423,19072392237759,1,4.4510983861982822,4.9722,4.539648,1.6727,14750,0.001024,0.737792,,0.032768,0.084735999999999992,0,0.06656,0.007424,0.012032,,0.002048,,1.5897599999999998
6482,50.72614579790249,19072392287481,1,4.5473002828657627,4.6438,4.507648,1.9217,14555,0.001024,0.73651199999999994,,0.032768,0.085504,0,0.067583999999999991,0.007424,0.013056,,0.002304,,1.5864319999999998
6483,50.730727196712017,19072392333919,1,4.5813987962901592,4.7345,4.52736,1.9193,14555,0.001024,0.73062399999999994,,0.032768,0.083456,0,0.065536,0.007424,0.012799999999999999,,0.0025599999999999998,,1.590784
6484,50.73525829790249,19072392381264,1,4.5311013236641884,3.8874,4.55424,1.772,14555,0.001024,0.734208,,0.033024,0.086528,0,0.067583999999999991,0.0084479999999999989,0.015616,,0.002048,,1.586944
6485,50.739796201814059,19072392420138,1,4.53790370374918,4.5037,4.512768,1.6901,14555,0.001024,0.735744,,0.032768,0.082431999999999991,0,0.064,0.007424,0.013312,,0.002304,,1.589504
6486,50.744569302721089,19072392465175,1,4.7731008380651474,4.6205,4.513024,1.7273,14555,0.001024,0.734208,,0.032768,0.083456,0,0.065279999999999991,0.007168,0.014079999999999999,,0.002304,,1.585152
6487,50.74918049886621,19072392511380,1,4.6111959964036942,4.5343,4.748288,1.8634,14555,0.0012799999999999999,0.738304,,0.038911999999999995,0.086016,0,0.067583999999999991,0.007424,0.014591999999999999,,0.002304,,1.6063999999999998
6488,50.753751296768705,19072392556723,1,4.5707980170845985,4.4697,4.510464,1.7462,14555,0.001024,0.7424,,0.032768,0.082688,0,0.064512,0.003072,0.011519999999999999,,0.002304,,1.588736
6489,50.758295698696145,19072392601420,1,4.5444020070135593,4.7651,4.612864,1.8669,14555,0.001024,0.734464,,0.033024,0.091136,0.000256,0.07168,0.007424,0.014591999999999999,,0.002304,,1.588736
6490,50.762894997165532,19072392649071,1,4.5992983505129814,5.1021,4.54912,1.8772,14555,0.001024,0.73139199999999993,,0.032768,0.085504,0.000256,0.06784,0.0076799999999999993,0.013312,,0.002304,,1.587712
6491,50.7674968962585,19072392700092,1,4.6018990688025951,4.177,4.576512,1.8246,14555,0.001024,0.731904,,0.03328,0.08832,0.000256,0.069632,0.0076799999999999993,0.013568,,0.002304,,1.587712
6492,50.772088300736961,19072392741862,1,4.5914044603705406,4.632,4.574208,1.8794,14757,0.001024,0.734208,,0.033535999999999996,0.089855999999999991,0,0.070144,0.004352,0.012288,,0.002048,,1.58848
6493,50.776699100056689,19072392788182,1,4.610799252986908,4.5332,4.576512,2.0574,14555,0.001024,0.736,,0.033024,0.090624,0.000256,0.071424,0.004608,0.012799999999999999,,0.002304,,1.5872
6494,50.781275099206347,19072392833514,1,4.5759989880025387,4.621,4.588544,1.7201,14555,0.001024,0.738304,,0.033024,0.090624,0,0.07168,0.007424,0.012544,,0.002304,,1.590784
6495,50.7858588010204,19072392879724,1,4.5837019570171833,4.8332,4.548608,1.7511,14555,0.001024,0.736,,0.032768,0.083968,0,0.066048,0.003072,0.013824,,0.0025599999999999998,,1.5864319999999998
6496,50.7904547973356,19072392928056,1,4.5959963463246822,4.2727,4.562688,1.961,14555,0.001024,0.734208,,0.033024,0.09267199999999999,0,0.071936,0.007424,0.012799999999999999,,0.002304,,1.59232
6497,50.7950420989229,19072392970783,1,4.5873015187680721,4.653,4.577792,1.7914,14555,0.001024,0.739584,,0.032768,0.086784,0,0.068608,0.0076799999999999993,0.012288,,0.002304,,1.58592
6498,50.799637996031741,19072393017313,1,4.5958971604704857,4.8421,4.572928,1.8729,14555,0.001024,0.735744,,0.033024,0.086784,0.000256,0.068608,0.0076799999999999993,0.012032,,0.002048,,1.5882239999999999
6499,50.804213300736961,19072393065734,1,4.5753046870231628,4.6717,4.573696,1.928,14555,0.0012799999999999999,0.743424,,0.032768,0.086016,0,0.068096,0.003328,0.013312,,0.002304,,1.586944
6500,50.8087702026644,19072393112451,1,4.556901752948761,4.1812,4.546048,1.7387,14555,0.001024,0.738304,,0.032768,0.0832,0,0.064767999999999992,0.008704,0.013056,,0.002304,,1.590784
6501,50.813444097222224,19072393154263,1,4.6738944947719574,4.5843,4.542208,1.7822,14555,0.001024,0.73983999999999994,,0.033024,0.083712,0,0.065536,0.0076799999999999993,0.013056,,0.002048,,1.585152
6502,50.81795430130385,19072393200106,1,4.5102043077349663,4.6599,4.555264,1.792,14555,0.001024,0.72627199999999992,,0.032768,0.083456,0,0.065536,0.008704,0.013824,,0.002304,,1.58848
6503,50.822570599489794,19072393246705,1,4.6162982471287251,4.4731,4.585216,1.7727,14555,0.001024,0.73292799999999991,,0.033024,0.080639999999999989,0.000256,0.062464,0.009216,0.015359999999999999,,0.0025599999999999998,,1.588736
6504,50.827143700396824,19072393291436,1,4.5731007121503353,4.6698,4.592128,2.0133,14555,0.001024,0.725248,,0.032512,0.083712,0,0.065536,0.007424,0.015104,,0.002304,,1.590528
6505,50.831718601190474,19072393338134,1,4.574900958687067,4.9745,4.554752,1.7937,52287,0.001024,0.73471999999999993,,0.033024,0.081919999999999993,0.000256,0.063488,0.0076799999999999993,0.012288,,0.002304,,1.5848959999999999
6506,50.836330201247165,19072393387879,1,4.6116001904010773,4.1005,4.55296,1.823,14555,0.001024,0.73727999999999994,,0.033024,0.08448,0.000256,0.065792,0.0076799999999999993,0.011776,,0.002304,,1.588992
6507,50.841335997732422,19072393428884,1,5.0057964399456978,5.0241,4.581632,0.5358,14555,0.001024,0.739584,,0.033024,0.087808,0,0.06784,0.0076799999999999993,0.013056,,0.002048,,1.605888
6508,50.845966298185942,19072393479125,1,4.6303006820380688,5.44,0.044288,1.7359,14555,0.001024,0.733184,,0.033024,0.083968,0,0.065536,0.007424,0.012799999999999999,,0.002304,,1.764608
6509,50.850452097505666,19072393533525,1,4.485799465328455,3.5034,4.54272,1.907,14555,0.001024,0.737024,,0.033024,0.087039999999999992,0,0.068608,0.007424,0.012032,,0.002304,,1.589504
6510,50.855025496031743,19072393568559,1,4.5733987353742123,4.8403,4.525056,1.8431,14555,0.001024,0.731648,,0.033024,0.087039999999999992,0,0.067328,0.011519999999999999,0.012799999999999999,,0.002048,,1.5866879999999999
6511,50.859520500283445,19072393616962,1,4.4950041919946671,4.7529,4.484352,1.7385,14555,0.001024,0.74137599999999992,,0.033024,0.087551999999999991,0.000256,0.068864,0.007424,0.010752,,0.002304,,1.5897599999999998
6512,50.864372101757368,19072393664491,1,4.8516015522181988,4.7332,4.535552,1.8027,14555,0.001024,0.735232,,0.032768,0.082431999999999991,0,0.064767999999999992,0.007424,0.012288,,0.002304,,1.588736
6513,50.868888697562355,19072393711823,1,4.5165959745645523,4.1483,4.787968,1.766,14555,0.001024,0.741888,,0.032768,0.083456,0,0.065536,0.005888,0.013568,,0.002304,,1.797632
6514,50.873472101757365,19072393753306,1,4.5834043994545937,4.8628,4.549632,1.7256,14952,0.001024,0.73395199999999994,,0.033024,0.083968,0,0.066048,0.0076799999999999993,0.013824,,0.002304,,1.586176
6515,50.878055902777774,19072393801934,1,4.58380114287138,4.5425,4.560384,1.8073,14555,0.001024,0.74112,,0.033024,0.082688,0,0.064512,0.007424,0.012544,,0.002304,,1.5897599999999998
6516,50.8826468962585,19072393847359,1,4.5909932814538479,4.5212,4.561664,1.8965,14555,0.001024,0.733184,,0.032512,0.0896,0,0.07168,0.0076799999999999993,0.013824,,0.002048,,1.5879679999999998
6517,50.88721699971655,19072393892571,1,4.5701032504439354,5.0407,4.56832,1.7381,14555,0.001024,0.739584,,0.032768,0.08576,0,0.067071999999999993,0.007936,0.012032,,0.002048,,1.604096
6518,50.891822902494326,19072393942978,1,4.6059028245508671,4.0415,4.544768,1.7753,14555,0.001024,0.72959999999999992,,0.033024,0.084735999999999992,0,0.066816,0.0051199999999999996,0.014848,,0.002048,,1.588736
6519,50.896434502551017,19072393983393,1,4.6116001904010773,4.6844,4.584192,1.8581,14555,0.001024,0.731904,,0.032768,0.0832,0.000256,0.065024,0.0076799999999999993,0.014079999999999999,,0.002304,,1.586944
6520,50.900999199263033,19072394030237,1,4.5646969228982925,5.1523,4.594432,1.8655,14555,0.001024,0.73983999999999994,,0.032768,0.086528,0,0.067328,0.007424,0.013312,,0.002304,,1.585408
6521,50.905573696145126,19072394081760,1,4.5744967646896839,4.4357,4.541952,1.7422,14555,0.0012799999999999999,0.73215999999999992,,0.032768,0.089088,0,0.069887999999999992,0.0076799999999999993,0.011776,,0.002048,,1.585408
6522,50.910165695861679,19072394126117,1,4.59199957549572,4.2805,4.557056,1.8407,14555,0.001024,0.73548799999999992,,0.032768,0.084735999999999992,0,0.06656,0.007424,0.015104,,0.002048,,1.586944
6523,50.9147718962585,19072394168922,1,4.6062003821134567,4.541,4.567296,1.9132,14555,0.001024,0.731904,,0.03328,0.090624,0,0.070912,0.007424,0.013056,,0.002304,,1.592064
6524,50.91929630102041,19072394214332,1,4.5244046486914158,5.1157,4.588032,1.815,14555,0.001024,0.73856,,0.032512,0.086528,0,0.068096,0.0076799999999999993,0.012288,,0.002304,,1.5882239999999999
6525,50.923936096938775,19072394265489,1,4.6397959813475609,4.2874,4.500992,1.8414,14555,0.001024,0.72576,,0.032768,0.082176,0.000256,0.064,0.007168,0.011776,,0.002304,,1.58592
6526,50.928491298185939,19072394308363,1,4.5552011579275131,4.5514,4.597504,1.9664,14555,0.001024,0.74112,,0.033024,0.084735999999999992,0.000256,0.066816,0.007936,0.011519999999999999,,0.002048,,1.5915519999999999
6527,50.933131398809522,19072394353877,1,4.64010052382946,4.7681,4.554752,1.6641,14555,0.001024,0.737792,,0.032768,0.084735999999999992,0,0.066048,0.007424,0.015104,,0.002304,,1.5872
6528,50.937636196145121,19072394401558,1,4.5047975145280361,4.4418,4.569088,1.6977,14555,0.001024,0.73651199999999994,,0.032768,0.085504,0,0.067071999999999993,0.007168,0.014848,,0.002304,,1.587456
6529,50.942209197845806,19072394445976,1,4.5730015262961388,4.6942,4.53504,1.8557,14555,0.0012799999999999999,0.731648,,0.03328,0.0832,0,0.065279999999999991,0.0076799999999999993,0.014079999999999999,,0.002048,,1.587456
6530,50.946781901927437,19072394492918,1,4.5727039687335491,4.4278,4.54784,1.7287,14555,0.001024,0.737792,,0.033024,0.085504,0,0.067071999999999993,0.0048639999999999994,0.012799999999999999,,0.002304,,1.588736
6531,50.951389696712013,19072394537196,1,4.6077948063611984,4.8092,4.554496,1.9214,20997,0.000768,0.730368,,0.032512,0.084992,0,0.067071999999999993,0.003072,0.014591999999999999,,0.002048,,1.5866879999999999
6532,50.956168296485259,19072394585288,1,4.7785998322069645,4.5055,4.582144,1.7503,14555,0.001024,0.742912,,0.032768,0.085504,0,0.066816,0.0076799999999999993,0.013056,,0.002304,,1.5897599999999998
6533,50.960690695861679,19072394630343,1,4.5223995111882687,4.0858,4.758272,1.9703,14555,0.001024,0.740864,,0.032768,0.08448,0.000256,0.065792,0.007424,0.013312,,0.0025599999999999998,,1.5866879999999999
6534,50.965257298752832,19072394671201,1,4.5666028745472431,4.6254,4.509184,1.8063,14555,0.001024,0.732672,,0.033024,0.083968,0,0.066048,0.003328,0.011007999999999999,,0.002304,,1.59232
6535,50.969792198129248,19072394717455,1,4.53489925712347,5.1598,4.539648,1.8264,14555,0.001024,0.72883199999999992,,0.032768,0.086784,0,0.068608,0.003328,0.015104,,0.002304,,1.585664
6536,50.974344897959185,19072394769053,1,4.5526996254920959,4.0915,4.517888,1.7795,14757,0.001024,0.73983999999999994,,0.032768,0.084992,0,0.066816,0.007424,0.011776,,0.002304,,1.587712
6537,50.978857497165528,19072394809968,1,4.51259920373559,4.5662,4.533504,1.8067,14555,0.001024,0.731904,,0.032768,0.086016,0,0.068096,0.0097279999999999988,0.013568,,0.002304,,1.586176
6538,50.983422399376416,19072394855630,1,4.5649022795259953,4.7457,4.497152,1.7195,14555,0.001024,0.732672,,0.033024,0.089088,0,0.070144,0.007424,0.013056,,0.002304,,1.590272
6539,50.987987400793649,19072394903087,1,4.5650014653801918,4.4726,4.541952,1.8154,14555,0.001024,0.734464,,0.032768,0.087296,0,0.06912,0.0076799999999999993,0.013312,,0.002048,,1.588736
6540,50.992659700963713,19072394947813,1,4.6723000705242157,4.827,4.539904,1.974,14555,0.001024,0.732416,,0.032768,0.084224,0,0.065792,0.007424,0.012032,,0.002304,,1.586176
6541,50.997155102040814,19072394996083,1,4.4954009354114532,4.2501,4.588288,1.8179,14555,0.001024,0.741632,,0.03328,0.09088,0,0.070656,0.007424,0.012032,,0.002304,,1.589248
6542,51.001759502551018,19072395038584,1,4.6044006012380123,4.7249,4.541184,1.871,14555,0.001024,0.727552,,0.032768,0.084992,0,0.066816,0.007424,0.012544,,0.002048,,1.586944
6543,51.0063498015873,19072395085833,1,4.590298980474472,4.4294,4.577536,1.7029,14555,0.001024,0.73088,,0.032768,0.08524799999999999,0.000256,0.066816,0.003328,0.012288,,0.002048,,1.605376
6544,51.010941900510204,19072395130127,1,4.5920987613499165,4.4613,4.57984,1.8049,14555,0.0012799999999999999,0.72806399999999993,,0.032768,0.083456,0,0.065279999999999991,0.007424,0.014591999999999999,,0.002304,,1.5900159999999999
6545,51.015537698412693,19072395174740,1,4.5957979746162891,4.641,4.561664,1.7275,14555,0.001024,0.732416,,0.032768,0.085504,0,0.067328,0.007424,0.013312,,0.002048,,1.589248
6546,51.020177997448975,19072395221150,1,4.6402988955378532,4.6688,4.58496,1.824,14555,0.001024,0.737536,,0.032768,0.082176,0,0.064256,0.007424,0.012799999999999999,,0.002304,,1.5882239999999999
6547,51.024710402494328,19072395267838,1,4.53240517526865,4.9511,4.540928,2.2745,14750,0.001024,0.73062399999999994,,0.032768,0.082688,0.000256,0.064256,0.007424,0.013312,,0.002304,,1.5915519999999999
6548,51.029644600340134,19072395317349,1,4.9341977573931217,4.5595,4.593152,2.1166,14555,0.001024,0.73548799999999992,,0.03328,0.087296,0,0.068352,0.0076799999999999993,0.015104,,0.002048,,1.604096
6549,51.034294302721086,19072395362944,1,4.6497024595737457,4.9509,4.911104,1.8582,14607,0.001024,0.726528,,0.03328,0.092928,0,0.072703999999999991,0.007424,0.013312,,0.002304,,1.605888
6550,51.038775396825393,19072395412453,1,4.48109395802021,3.8265,4.541184,1.8069,14555,0.001024,0.727552,,0.033024,0.090624,0,0.070144,0.003072,0.015616,,0.002304,,1.5866879999999999
6551,51.04339319727891,19072395450718,1,4.61780047044158,5.0688,4.539136,1.6743,14555,0.001024,0.737536,,0.032768,0.08294399999999999,0,0.065279999999999991,0.003072,0.013824,,0.002304,,1.5879679999999998
6552,51.047974000850338,19072395501406,1,4.58080368116498,4.5896,4.527616,1.5968,14555,0.0012799999999999999,0.74060799999999993,,0.032768,0.084224,0.000256,0.066304,0.0063999999999999994,0.013056,,0.002048,,1.6048639999999998
6553,51.052526700680268,19072395547302,1,4.5526996254920959,4.3967,4.550912,1.7661,14555,0.001024,0.73856,,0.032768,0.087296,0,0.06912,0.007424,0.012544,,0.002304,,1.59104
6554,51.057116397392285,19072395591269,1,4.5896968804299831,4.6231,4.544,1.8967,14555,0.001024,0.734464,,0.033024,0.083968,0,0.065279999999999991,0.011007999999999999,0.013056,,0.002048,,1.585152
6555,51.06164499716553,19072395637500,1,4.5285997912287712,5.0494,4.568576,1.8134,14555,0.001024,0.736768,,0.032768,0.086016,0.000256,0.06784,0.007424,0.013824,,0.002304,,1.588992
6556,51.066220698696142,19072395687994,1,4.575701430439949,4.128,4.572416,1.9057,14555,0.001024,0.73395199999999994,,0.033024,0.091136,0,0.07039999999999999,0.003072,0.012544,,0.002304,,1.588992
6557,51.070787996031747,19072395729274,1,4.567297175526619,5.1101,4.551168,1.9607,14555,0.001024,0.72627199999999992,,0.033024,0.08576,0,0.066048,0.00896,0.013312,,0.002048,,1.588736
6558,51.075543098072558,19072395780375,1,4.7551020979881287,4.0393,4.551936,1.6993,14757,0.001024,0.740864,,0.032768,0.088832,0.000256,0.07039999999999999,0.0076799999999999993,0.012799999999999999,,0.002304,,1.604096
6559,51.08012840136054,19072395820768,1,4.5853033661842346,4.5041,4.727552,1.6031,14555,0.001024,0.737536,,0.032768,0.084735999999999992,0,0.066048,0.007424,0.013312,,0.002304,,1.6066559999999999
6560,51.084674397675734,19072395865809,1,4.545996431261301,4.4984,4.551424,1.7541,52235,0.001024,0.731904,,0.033024,0.086016,0,0.067328,0.011776,0.012032,,0.002048,,1.587456
6561,51.089364696712018,19072395910793,1,4.6902988106012344,5.085,4.54272,1.7903,14555,0.001024,0.731136,,0.032768,0.084735999999999992,0.000256,0.066304,0.003328,0.011776,,0.002304,,1.5900159999999999
6562,51.094869302721087,19072395961643,1,5.5046058259904385,4.3717,4.549376,0.6918,14555,0.0012799999999999999,0.734208,,0.033024,0.08294399999999999,0.000256,0.065024,0.007936,0.011519999999999999,,0.002304,,1.6066559999999999
6563,51.099439696712018,19072396005360,1,4.5703938230872154,6.1331,0.043776,2.063,14555,0.001024,0.730368,,0.033791999999999996,0.089343999999999993,0,0.068864,0.009984,0.010239999999999999,,0.0025599999999999998,,1.60896
6564,51.103968296485256,19072396066691,1,4.5285997912287712,3.1221,4.493568,1.9047,14555,0.001024,0.73727999999999994,,0.033535999999999996,0.092159999999999992,0,0.073216,0.007424,0.014591999999999999,,0.002304,,1.588736
6565,51.108461500850339,19072396097912,1,4.4932044111192226,5.9057,4.563968,1.759,14555,0.0012799999999999999,0.73856,,0.032768,0.084992,0,0.067071999999999993,0.0076799999999999993,0.012288,,0.002304,,1.5915519999999999
6566,51.113,19072396156969,1,4.5384992845356464,4.3679,4.479488,1.636,14555,0.001024,0.736256,,0.033024,0.087551999999999991,0,0.068864,0.007424,0.012544,,0.002304,,1.588736
6567,51.117569097222223,19072396200648,1,4.5690974220633507,4.739,4.516352,1.7931,14555,0.001024,0.736256,,0.032768,0.083456,0.000256,0.065279999999999991,0.0076799999999999993,0.012288,,0.002304,,1.5879679999999998
6568,51.122153401360542,19072396248038,1,4.5843040570616722,4.0773,4.5504,1.8941,14555,0.001024,0.739328,,0.032768,0.086272,0.000256,0.06784,0.006144,0.013056,,0.002304,,1.589504
6569,51.126711500850341,19072396288811,1,4.5580994337797165,4.5659,4.557056,1.6244,14555,0.001024,0.741632,,0.032768,0.082176,0.000256,0.064,0.007424,0.013312,,0.002304,,1.604608
6570,51.131273497732423,19072396334470,1,4.5619970187544823,4.4929,4.533248,1.7616,14555,0.001024,0.734464,,0.032768,0.084992,0,0.067071999999999993,0.011264,0.013568,,0.002048,,1.59232
6571,51.135827799036278,19072396379399,1,4.5543015003204346,4.669,4.552192,1.9301,14555,0.001024,0.73727999999999994,,0.032768,0.08576,0,0.06784,0.003328,0.013824,,0.002048,,1.5866879999999999
6572,51.140412202380951,19072396426089,1,4.5844032429158688,5.0102,4.536576,1.8387,14555,0.001024,0.732416,,0.032512,0.081664,0,0.063488,0.003584,0.012799999999999999,,0.002304,,1.590528
6573,51.145623696145122,19072396476191,1,5.21149393171072,4.1398,4.564224,2.007,14555,0.001024,0.729344,,0.032768,0.087296,0,0.06912,0.009472,0.013824,,0.002048,,1.585664
6574,51.150174298469388,19072396517589,1,4.5506022870540619,4.825,5.183744,1.9427,14555,0.001024,0.73088,,0.033024,0.083968,0,0.066048,0.003072,0.012032,,0.002304,,1.7707519999999999
6575,51.154810600907027,19072396565839,1,4.6363025903701782,4.2794,4.540672,1.6019,14555,0.001024,0.73856,,0.03328,0.091136,0,0.071936,0.0076799999999999993,0.014079999999999999,,0.002304,,1.5879679999999998
6576,51.159343098072561,19072396608633,1,4.532497376203537,5.4977,4.533504,1.6689,14555,0.001024,0.74060799999999993,,0.033024,0.082688,0,0.064512,0.007424,0.013312,,0.002304,,1.605632
6577,51.163859998582765,19072396663610,1,4.5169005170464516,4.0862,4.521472,1.8131,14555,0.001024,0.739584,,0.032768,0.08448,0,0.066304,0.007424,0.015616,,0.002304,,1.586944
6578,51.168436996882086,19072396704472,1,4.5769982971251011,4.7591,4.559872,1.7778,14555,0.001024,0.73088,,0.032768,0.081919999999999993,0,0.063744,0.006912,0.014079999999999999,,0.002048,,1.590528
6579,51.173019097222223,19072396752063,1,4.582100547850132,4.6351,4.571648,1.7298,14757,0.001024,0.741632,,0.032768,0.08448,0,0.06656,0.0076799999999999993,0.014336,,0.002304,,1.604352
6580,51.177604896541951,19072396798414,1,4.5857992954552174,4.3487,4.547584,1.9135,14750,0.001024,0.72883199999999992,,0.033024,0.09036799999999999,0,0.070144,0.0076799999999999993,0.012032,,0.002304,,1.590272
6581,51.182172597789112,19072396841901,1,4.5677013695240021,4.7087,4.570368,1.8296,14555,0.001024,0.740096,,0.033024,0.087296,0.000256,0.067583999999999991,0.003328,0.013312,,0.002304,,1.586176
6582,51.186757199546484,19072396888988,1,4.5846016146242619,4.4038,4.54656,1.8725,14555,0.001024,0.729856,,0.033024,0.089855999999999991,0.000256,0.070912,0.0076799999999999993,0.012288,,0.002304,,1.5872
6583,51.1913542020975,19072396933026,1,4.5970026403665543,5.059,4.566784,1.7166,14555,0.001024,0.74060799999999993,,0.033024,0.093696,0,0.07424,0.007424,0.015104,,0.002048,,1.60256
6584,51.195962996031746,19072396983616,1,4.6087941154837608,4.1256,4.576,1.8825,14555,0.001024,0.732416,,0.032768,0.090112,0,0.071168,0.007424,0.014591999999999999,,0.002304,,1.590784
