observation_frame,unscaled_time,frame_timing_timestamp,segment,"frame_interval_ms","cpu_frame_ms","gpu_frame_ms","cpu_render_thread_ms","gc_allocated_in_editor_frame_bytes","VSM.LayoutRemap_gpu_ms","VSM.Allocate_gpu_ms","VSM.InvalidateStatic_gpu_ms","VSM.ClearPhysicalPages_gpu_ms","VSM.StaticCasterCull_gpu_ms","VSM.DynamicCasterCull_gpu_ms","VSM.PageCull_gpu_ms","VSM.StaticRaster_gpu_ms","VSM.DynamicRaster_gpu_ms","VSM.UnityCompatibilityRaster_gpu_ms","VSM.FinalizePages_gpu_ms","VSM.ResetFeedback_gpu_ms","VSM.ResolveAndFeedback_gpu_ms"
12347,86.380775297619039,19072748732664,1,7.1305981837213039,7.8076,7.007232,2.9681,14555,0.001024,3.193856,,0.035072,0.15488,0,0.1344,0.003328,0.011519999999999999,,0.002304,,1.077504
12348,86.388021102607709,19072748810740,1,7.2458051145076752,7.3587,7.112704,3.5473,14757,0.0012799999999999999,3.1831039999999997,,0.035584,0.15795199999999998,0,0.135936,0.003328,0.011776,,0.0025599999999999998,,1.074176
12349,86.395419897959187,19072748884327,1,7.3987953364849091,7.112,7.221504,2.7164,14555,0.001024,3.234048,,0.034816,0.164352,0,0.142336,0.0038399999999999997,0.011264,,0.002048,,1.0944
12350,86.402926502267576,19072748955447,1,7.5066043063998222,6.8241,7.37536,2.6235,14555,0.001024,3.2345599999999997,,0.036095999999999996,0.159744,0.000256,0.139008,0.011776,0.010752,,0.002304,,1.3404159999999998
12351,86.410419196428563,19072749023688,1,7.4926940724253654,7.1464,7.408384,2.8226,14555,0.001024,3.24096,,0.034304,0.15488,0,0.134656,0.003584,0.011264,,0.002304,,1.3642239999999999
12352,86.418092602040815,19072749095152,1,7.6734055764973164,7.3838,7.560704,3.6351,14607,0.001024,3.264512,,0.042752,0.163328,0,0.141568,0.0076799999999999993,0.012288,,0.0025599999999999998,,1.26592
12353,86.425101799886619,19072749168990,1,7.00919795781374,8.1506,7.645184,2.8551,14555,0.001024,3.20768,,0.03584,0.16025599999999998,0,0.138752,0.008704,0.012288,,0.002304,,1.423104
12354,86.432336798469379,19072749250496,1,7.2349985130131245,6.9293,6.99392,2.8974,14555,0.001024,3.234048,,0.038655999999999996,0.160512,0,0.140032,0.008192,0.011776,,0.002304,,1.093632
12355,86.439624596088436,19072749319789,1,7.2877975180745125,7.8792,7.209216,3.1692,14555,0.001024,3.286016,,0.035328,0.1664,0.000256,0.144128,0.004352,0.011007999999999999,,0.002304,,1.07392
12356,86.446982901077092,19072749398581,1,7.3583051562309265,6.8857,7.229184,2.923,14555,0.001024,3.28064,,0.035584,0.166656,0,0.145152,0.0051199999999999996,0.011264,,0.002304,,1.093888
12357,86.454092899659855,19072749467438,1,7.1099987253546715,7.3329,7.36896,2.7141,14555,0.001024,3.175424,,0.03968,0.16614399999999999,0,0.143872,0.0076799999999999993,0.012032,,0.002304,,1.256448
12358,86.461638598356,19072749540767,1,7.5456988997757435,7.1519,7.097344,2.7886,14555,0.001024,3.17312,,0.034816,0.158976,0.000256,0.13849599999999998,0.003584,0.011776,,0.002304,,1.095168
12359,86.468900602324254,19072749612286,1,7.2620040737092495,7.3739,7.273472,2.5763,14555,0.001024,3.183616,,0.035328,0.16153599999999999,0,0.13977599999999998,0.003584,0.011519999999999999,,0.0025599999999999998,,1.3455359999999998
12360,86.476019997165523,19072749686025,1,7.119394838809967,7.0506,7.334144,2.8552,14555,0.001024,3.2337919999999998,,0.034304,0.318976,0,0.147456,0.0051199999999999996,0.011776,,0.002304,,1.255936
12361,86.483305300453509,19072749756531,1,7.2853034362196922,7.8968,7.094784,2.5722,14750,0.001024,3.177472,,0.038911999999999995,0.150272,0,0.130048,0.010239999999999999,0.011776,,0.0025599999999999998,,1.08672
12362,86.490660097789117,19072749835499,1,7.3547973297536373,6.9906,7.185408,2.7846,87743,0.001024,3.2417279999999997,,0.041728,0.165632,0.000256,0.14464,0.0076799999999999993,0.011007999999999999,,0.002816,,1.0949119999999999
12363,86.497922597789113,19072749905405,1,7.2625000029802322,6.8921,7.40992,2.7122,14555,0.001024,3.2683519999999997,,0.039168,0.16819199999999998,0,0.14771199999999998,0.0076799999999999993,0.012288,,0.002304,,1.35168
12364,86.505279499716551,19072749974326,1,7.3569021187722683,7.56,7.232256,0.8132,14555,0.001024,3.2314879999999997,,0.035072,0.156416,0,0.1344,0.003328,0.011007999999999999,,0.002304,,1.072128
12365,86.513297002551013,19072750049926,1,8.01750272512436,8.6585,0.041216,2.7578,32126,0.001024,3.2895999999999996,,0.035328,0.15795199999999998,0.000256,0.13568,0.003328,0.012288,,0.002304,,1.268224
12366,86.5205707979025,19072750136511,1,7.2737955488264561,6.3338,7.99488,2.7104,28940,0.001024,3.288064,,0.034304,0.16614399999999999,0.000256,0.14540799999999998,0.0038399999999999997,0.010496,,0.002304,,1.329408
12367,86.528139498299311,19072750199849,1,7.5687002390623093,6.9285,7.242496,2.6306,49697,0.001024,3.17056,,0.039424,0.16512,0,0.142848,0.0076799999999999993,0.010752,,0.0025599999999999998,,1.268992
12368,86.535471797052153,19072750269134,1,7.3322989046573639,8.4701,7.561472,3.1775,44703,0.001024,3.298816,,0.04224,0.16025599999999998,0.000256,0.138752,0.0076799999999999993,0.011007999999999999,,0.002304,,1.37216
12369,86.542585799319724,19072750353835,1,7.1140024811029434,6.8051,7.305216,2.6239,32126,0.001024,3.2319999999999998,,0.03968,0.15616,0,0.135424,0.0076799999999999993,0.010496,,0.002304,,1.2720639999999999
12370,86.549986302437645,19072750421886,1,7.4005029164254665,8.0455,7.01568,2.6799,28940,0.0012799999999999999,3.180544,,0.035072,0.158208,0.000256,0.13644799999999999,0.003328,0.010752,,0.002304,,1.095936
12371,86.5570343962585,19072750502341,1,7.0480937138199806,6.7722,7.38944,3.3061,14555,0.001024,3.291648,,0.035584,0.16512,0.000256,0.143616,0.012032,0.010496,,0.002304,,1.076992
12372,86.563636096938765,19072750570063,1,6.601700559258461,6.9267,7.105536,2.9154,14555,0.001024,3.227392,,0.034304,0.160512,0,0.139008,0.003584,0.011519999999999999,,0.002304,,1.243136
12373,86.5702093962585,19072750639330,1,6.5732994116842747,7.5554,6.54848,2.5789,14555,0.001024,3.0996479999999997,,0.034304,0.155392,0,0.133888,0.003584,0.012032,,0.002304,,1.091072
12374,86.577002501417226,19072750714884,1,6.7931050434708595,7.0848,6.58816,2.6331,14555,0.001024,3.0996479999999997,,0.033024,0.162048,0,0.141568,0.007936,0.011264,,0.002816,,1.0731519999999999
12375,86.5842670989229,19072750785732,1,7.2645973414182663,6.713,6.689024,2.5404,14555,0.001024,3.0973439999999997,,0.039936,0.15795199999999998,0.000256,0.137984,0.007424,0.010496,,0.002304,,1.093888
12376,86.591471797052151,19072750852862,1,7.20469793304801,6.3709,7.313408,2.7107,14757,0.002816,3.227392,,0.035584,0.1664,0,0.14464,0.003072,0.011776,,0.002304,,1.088768
12377,86.598576098356,19072750916571,1,7.1043013595044613,7.0829,7.197184,2.5383,14555,0.001024,3.2696319999999996,,0.03584,0.163072,0.000256,0.141568,0.003328,0.012288,,0.002304,,1.09056
12378,86.605317602040813,19072750987400,1,6.741503719240427,6.8757,7.092992,2.6586,14555,0.001024,3.182336,,0.03456,0.15692799999999998,0,0.13696,0.003328,0.011007999999999999,,0.0025599999999999998,,1.098752
12379,86.612315100623576,19072751056157,1,6.99749868363142,7.6764,6.715392,2.6789,14555,0.001024,3.2381439999999997,,0.034048,0.165376,0,0.14464,0.004352,0.011007999999999999,,0.002304,,1.097728
12380,86.6198042020975,19072751132921,1,7.4891014955937862,6.7533,6.981376,2.6533,14607,0.001024,3.289088,,0.034048,0.154112,0,0.13414399999999999,0.003584,0.010752,,0.0025599999999999998,,1.09056
12381,86.627284800170059,19072751200454,1,7.48059805482626,6.5576,7.384064,2.7315,14555,0.001024,3.2847359999999997,,0.03328,0.16358399999999998,0.000256,0.144128,0.007936,0.011776,,0.002304,,1.351168
12382,86.634514902210881,19072751266030,1,7.2301020845770836,7.4155,7.460864,2.6497,14750,0.001024,3.1964159999999997,,0.03968,0.156672,0,0.134656,0.0076799999999999993,0.010752,,0.002304,,1.267456
12383,86.641671201814049,19072751340185,1,7.15629942715168,7.5314,7.280128,2.5268,14555,0.001024,3.266048,,0.03456,0.152832,0,0.132608,0.003328,0.010752,,0.002304,,1.09056
12384,86.649017198129243,19072751415499,1,7.345996331423521,7.2369,7.139328,2.8196,14555,0.001024,3.235584,,0.035328,0.164096,0,0.142592,0.003328,0.011264,,0.002304,,1.092608
12385,86.656047696995458,19072751487868,1,7.0304987020790577,7.2953,7.23584,2.811,14555,0.001024,3.23968,,0.035584,0.159488,0,0.13824,0.003328,0.011519999999999999,,0.002304,,1.0982399999999999
12386,86.663430796485258,19072751560821,1,7.3830992914736271,7.1083,7.08352,2.6598,14555,0.001024,3.2327679999999996,,0.036608,0.157184,0,0.13644799999999999,0.003584,0.011264,,0.002304,,1.0946559999999999
12387,86.670398696145128,19072751631904,1,6.9678998552262783,7.1786,7.369984,3.2807,14555,0.001024,3.22688,,0.03456,0.369664,0,0.135936,0.005632,0.012288,,0.002304,,1.269504
12388,86.678009601757367,19072751703690,1,7.6109054498374462,7.9715,6.942976,2.6569,14555,0.001024,3.0579199999999997,,0.03968,0.16383999999999999,0,0.14310399999999998,0.0076799999999999993,0.010496,,0.0025599999999999998,,1.093632
12389,86.685436096938773,19072751783405,1,7.42649519816041,6.7423,7.597824,2.6472,14757,0.15923199999999998,3.1808,,0.035584,0.156416,0,0.134912,0.003328,0.011264,,0.002304,,1.341184
12390,86.6925545989229,19072751850828,1,7.1185021661221981,6.8433,7.408896,2.7962,20997,0.001024,3.282688,,0.034048,0.15488,0,0.13312,0.003584,0.010496,,0.002304,,1.35936
12391,86.699993700396817,19072751919261,1,7.439101580530405,7.5925,7.09504,2.7429,14555,0.001024,3.0888959999999996,,0.034816,0.15103999999999998,0,0.131072,0.003072,0.011007999999999999,,0.002304,,1.281536
12392,86.707170897108838,19072751995186,1,7.1771969087421894,7.7013,7.335936,3.3824,14555,0.001024,3.1795199999999997,,0.043775999999999995,0.159744,0,0.13824,0.0076799999999999993,0.011264,,0.003072,,1.308416
12393,86.714605902777777,19072752072199,1,7.4350056238472462,6.9188,7.23968,2.5911,14555,0.001024,3.2647679999999997,,0.03456,0.166912,0,0.14592,0.003584,0.011776,,0.002304,,1.262592
12394,86.72202400085034,19072752141387,1,7.4180979281663895,7.3593,7.335936,2.6514,14555,0.001024,3.275264,,0.039936,0.158208,0,0.13644799999999999,0.0076799999999999993,0.011007999999999999,,0.002304,,1.264128
12395,86.729337698412692,19072752214980,1,7.3136975988745689,7.2223,7.474688,2.8473,14555,0.001024,3.0942719999999997,,0.035072,0.16025599999999998,0.000256,0.137984,0.003328,0.011519999999999999,,0.002304,,1.07264
12396,86.736546797052156,19072752287203,1,7.209098432213068,8.5832,7.292928,2.6914,14555,0.001024,3.28576,,0.03456,0.158208,0,0.13747199999999998,0.003328,0.010752,,0.002304,,1.371136
12397,86.7436216978458,19072752373035,1,7.0749009028077126,6.5763,7.190272,2.8429,87541,0.001024,3.193088,,0.03584,0.154368,0,0.133376,0.007424,0.012288,,0.002304,,1.268224
12398,86.751065596655323,19072752438798,1,7.4438988231122494,7.3729,6.97984,2.7503,14555,0.001024,3.2834559999999997,,0.036608,0.158464,0,0.13747199999999998,0.003072,0.010752,,0.0025599999999999998,,1.0762239999999998
12399,86.759032298752828,19072752512527,1,7.9667018726468086,8.0577,7.502592,0.7521,14555,0.001024,3.27936,,0.038144,0.16025599999999998,0.000256,0.13696,0.008192,0.012288,,0.002816,,1.0764799999999999
12400,86.766473001700675,19072752593104,1,7.4407029896974564,7.7784,0.046336,2.7848,14555,0.001024,3.277056,,0.036351999999999995,0.165376,0.000256,0.144128,0.012544,0.010752,,0.002304,,1.2608
12401,86.773981398809525,19072752670888,1,7.508397102355957,5.7284,7.254784,3.2978,14555,0.001024,3.2363519999999997,,0.039936,0.15872,0.000256,0.137216,0.0076799999999999993,0.011264,,0.002816,,1.07392
12402,86.781214399092974,19072752728172,1,7.233000360429287,8.1983,7.419136,2.8222,14555,0.001024,3.289344,,0.035328,0.159488,0,0.139264,0.003328,0.010752,,0.0025599999999999998,,1.276416
12403,86.7882829010771,19072752810155,1,7.06850178539753,6.9816,7.295488,2.9623,14952,0.001024,3.2913919999999997,,0.035072,0.152576,0,0.132096,0.003328,0.011519999999999999,,0.002304,,1.257472
12404,86.795684502551012,19072752879971,1,7.4016014114022255,7.8882,7.051264,2.6353,14555,0.001024,3.092736,,0.043264,0.15744,0.000256,0.135424,0.007936,0.011776,,0.0025599999999999998,,1.094144
12405,86.802740001417234,19072752958853,1,7.0554986596107483,7.0969,7.378688,2.8147,14555,0.001024,3.26912,,0.035072,0.156672,0,0.13644799999999999,0.007168,0.012032,,0.002304,,1.267456
12406,86.8102338010204,19072753029822,1,7.493799552321434,6.9025,7.011072,2.7433,14555,0.001024,3.211264,,0.035072,0.1664,0,0.144896,0.003328,0.011007999999999999,,0.002304,,1.090816
12407,86.81801299603174,19072753098847,1,7.7791949734091759,7.3652,7.494656,2.3885,14555,0.001024,3.264,,0.03584,0.160512,0,0.138752,0.003328,0.011264,,0.002304,,1.2572159999999999
12408,86.824905598072561,19072753172499,1,6.89260195940733,7.1007,7.684352,2.4985,14607,0.001024,3.190016,,0.214528,0.161792,0,0.14079999999999998,0.003328,0.011264,,0.002048,,1.435392
12409,86.832275,19072753243506,1,7.36940186470747,7.3575,6.88768,2.5523,14555,0.0012799999999999999,3.095552,,0.033791999999999996,0.164096,0,0.143872,0.003584,0.011264,,0.002304,,1.090304
12410,86.839413598356,19072753317081,1,7.1385982446372509,7.9955,7.405568,2.3883,14555,0.001024,3.2714239999999997,,0.035328,0.156672,0,0.13516799999999998,0.007424,0.010752,,0.002304,,1.26592
12411,86.846568998015869,19072753397036,1,7.1553997695446014,6.9821,7.124736,2.6933,14555,0.001024,3.1825919999999996,,0.038655999999999996,0.15692799999999998,0.000256,0.135936,0.0038399999999999997,0.011519999999999999,,0.002304,,1.356544
12412,86.854012698412689,19072753466857,1,7.4437004514038563,7.22,7.134976,2.7964,14555,0.001024,3.1808,,0.034048,0.389376,0,0.139008,0.005888,0.011519999999999999,,0.002304,,1.3455359999999998
12413,86.861510196995468,19072753539057,1,7.4974987655878067,7.101,7.419648,2.4113,14555,0.001024,3.2829439999999996,,0.036095999999999996,0.157184,0,0.134656,0.003328,0.010239999999999999,,0.002304,,1.2654079999999999
12414,86.868706802721078,19072753610067,1,7.196605671197176,7.2609,7.383552,2.9924,14555,0.001024,3.1808,,0.035584,0.159744,0,0.139008,0.003072,0.011519999999999999,,0.0025599999999999998,,1.2769279999999998
12415,86.875482497165535,19072753682676,1,6.7756944335997105,7.3461,7.189504,2.9779,14555,0.001024,3.178496,,0.034304,0.161792,0,0.14079999999999998,0.007936,0.010752,,0.0025599999999999998,,1.374464
12416,86.882607100340138,19072753756137,1,7.1246032603085041,8.5451,6.816256,2.6657,14555,0.001024,3.1674879999999996,,0.035584,0.16614399999999999,0,0.14464,0.0063999999999999994,0.010239999999999999,,0.002304,,1.074944
12417,86.889727600623573,19072753841588,1,7.1205003187060356,6.314,7.11296,3.0663,14757,0.001024,3.2314879999999997,,0.035072,0.15795199999999998,0,0.136192,0.003584,0.011264,,0.0025599999999999998,,1.076992
12418,86.897041999716549,19072753904728,1,7.3143988847732544,7.5101,6.872064,3.4134,14555,0.001024,3.2962559999999996,,0.034816,0.164352,0.000256,0.14310399999999998,0.012544,0.010239999999999999,,0.002304,,1.0752
12419,86.904506001984117,19072753979829,1,7.4640023522078991,7.1674,7.290624,3.3117,14555,0.002816,3.209984,,0.035584,0.166656,0,0.14540799999999998,0.003584,0.012032,,0.002304,,1.2416
12420,86.911750701530607,19072754051503,1,7.2446996346116066,8.3396,7.113728,3.0461,14555,0.001024,3.1866879999999997,,0.034816,0.155904,0.000256,0.13568,0.003328,0.011519999999999999,,0.0025599999999999998,,1.0746879999999999
12421,86.91927390164399,19072754134899,1,7.5232000090181828,6.5121,7.29728,3.0884,14555,0.001024,3.234816,,0.034816,0.158208,0,0.137728,0.007936,0.011519999999999999,,0.002304,,1.0780159999999999
12422,86.926388499149652,19072754200020,1,7.1145975962281227,7.7993,7.507968,2.8009,14555,0.001024,3.267584,,0.033535999999999996,0.155136,0,0.135424,0.003584,0.010752,,0.002816,,1.376256
12423,86.9336410005669,19072754278013,1,7.2525013238191605,6.4653,7.10784,2.512,14555,0.001024,3.189504,,0.043775999999999995,0.16127999999999998,0.000256,0.14079999999999998,0.008192,0.011776,,0.002304,,1.0949119999999999
12424,86.9408670989229,19072754342666,1,7.2260983288288116,7.3596,7.22432,2.3561,14750,0.001024,3.2980479999999996,,0.03456,0.16025599999999998,0,0.140032,0.003328,0.011776,,0.002304,,1.09568
12425,86.9479001984127,19072754416262,1,7.0330994203686714,6.2498,7.192576,2.2833,14555,0.001024,3.172352,,0.033535999999999996,0.15564799999999998,0,0.136704,0.012032,0.011007999999999999,,0.002304,,1.343488
12426,86.955389002267566,19072754478760,1,7.4888039380311966,7.6397,7.021312,2.5846,14555,0.001024,3.0906879999999997,,0.034816,0.153088,0,0.13286399999999998,0.003072,0.011264,,0.0025599999999999998,,1.0913279999999999
12427,86.962756398809518,19072754555157,1,7.3673967272043228,7.2098,7.478272,2.6583,14555,0.0012799999999999999,3.235328,,0.040704,0.158976,0,0.13849599999999998,0.0038399999999999997,0.010496,,0.0025599999999999998,,1.263104
12428,86.969575602324255,19072754627255,1,6.8192034959793091,6.9334,7.346688,2.6848,14555,0.0012799999999999999,3.29216,,0.034048,0.15616,0,0.13516799999999998,0.0038399999999999997,0.010496,,0.002816,,1.3941759999999999
12429,86.976742998866214,19072754696589,1,7.1673966012895107,6.8475,6.72768,2.6528,14555,0.001024,3.1848959999999997,,0.03456,0.160512,0,0.138752,0.003584,0.012032,,0.0025599999999999998,,1.0913279999999999
12430,86.9837975977891,19072754765064,1,7.05459900200367,7.801,7.210496,2.5687,14555,0.001024,3.289344,,0.035584,0.157184,0,0.135936,0.003072,0.011776,,0.0025599999999999998,,1.092864
12431,86.990901799886615,19072754843074,1,7.1042021736502647,6.709,7.033344,2.4499,14757,0.001024,3.101184,,0.036351999999999995,0.16025599999999998,0,0.13977599999999998,0.007424,0.010752,,0.0025599999999999998,,1.344512
12432,86.997650800736963,19072754910164,1,6.7490008659660816,6.8204,7.09248,2.6641,87541,0.001024,3.2629759999999997,,0.039936,0.15923199999999998,0,0.13824,0.007168,0.009984,,0.0025599999999999998,,1.0915839999999999
12433,87.0046420989229,19072754978368,1,6.9912984035909176,7.211,6.730496,2.6056,14555,0.001024,3.2319999999999998,,0.03328,0.16,0,0.140288,0.007936,0.011519999999999999,,0.002304,,1.087744
12434,87.011722200963717,19072755050478,1,7.0801018737256527,7.4111,6.8416,0.7203,14555,0.001024,3.278848,,0.034048,0.166912,0,0.144896,0.003584,0.011264,,0.002304,,1.2369919999999999
12435,87.018834297052152,19072755124589,1,7.1120960637927055,7.7284,0.034304,2.6189,14555,0.001024,3.1946239999999997,,0.034048,0.156416,0,0.136192,0.004608,0.011007999999999999,,0.002304,,1.4461439999999999
12436,87.025993296485254,19072755201873,1,7.15899933129549,6.0455,7.08352,2.7219,14607,0.001024,3.2704,,0.03584,0.15334399999999998,0,0.13286399999999998,0.003072,0.011007999999999999,,0.0025599999999999998,,1.0913279999999999
12437,87.033200496031739,19072755262328,1,7.207199465483427,6.871,7.063552,2.4935,14555,0.001024,3.288064,,0.035328,0.16588799999999998,0,0.143872,0.007424,0.011519999999999999,,0.002304,,1.092096
12438,87.040493296485252,19072755331038,1,7.2928005829453468,7.3021,7.199744,2.9801,14555,0.001024,3.2399359999999997,,0.035584,0.16153599999999999,0,0.14079999999999998,0.003328,0.010496,,0.0025599999999999998,,1.07904
12439,87.047722002551012,19072755404059,1,7.228706032037735,7.1184,7.33696,2.6413,14555,0.001024,3.202816,,0.03456,0.164096,0,0.142592,0.0076799999999999993,0.011264,,0.002048,,1.339392
12440,87.055118402777779,19072755475243,1,7.3964004404842854,7.557,7.216384,2.5385,14555,0.0012799999999999999,3.185152,,0.035584,0.160768,0,0.13849599999999998,0.003328,0.011519999999999999,,0.002304,,1.089024
12441,87.062640802154192,19072755550813,1,7.5223995372653008,6.9394,7.3024,2.2281,14555,0.001024,3.190528,,0.036351999999999995,0.15129599999999999,0,0.130816,0.0038399999999999997,0.011264,,0.0025599999999999998,,1.099008
12442,87.0698181972789,19072755620207,1,7.1773952804505825,7.3533,7.530752,2.5718,14555,0.001024,3.184128,,0.035328,0.1664,0,0.143872,0.003584,0.011776,,0.0025599999999999998,,1.322496
12443,87.077106101190466,19072755693740,1,7.2879036888480186,7.0098,7.136256,2.4751,14555,0.001024,3.28576,,0.035584,0.165632,0,0.144896,0.003328,0.011519999999999999,,0.002304,,1.0946559999999999
12444,87.084429499716549,19072755763838,1,7.3233987204730511,7.5439,7.270144,2.2957,14555,0.001024,3.296,,0.03968,0.15795199999999998,0,0.13747199999999998,0.0097279999999999988,0.012288,,0.002304,,1.076992
12445,87.091609502551023,19072755839277,1,7.1800029836595058,6.8402,7.298304,3.1203,14952,0.001024,3.086592,,0.037376,0.158464,0,0.13849599999999998,0.004096,0.011007999999999999,,0.0025599999999999998,,1.0931199999999999
12446,87.0990966978458,19072755907679,1,7.4871950782835484,7.6067,7.234304,2.3564,14555,0.001024,3.2417279999999997,,0.036095999999999996,0.15744,0,0.13516799999999998,0.003072,0.010239999999999999,,0.002816,,1.266176
12447,87.1063172973356,19072755983746,1,7.2205993346869946,7.3929,7.437312,2.6793,14555,0.001024,3.178496,,0.035072,0.16588799999999998,0.000256,0.14464,0.003328,0.011264,,0.002304,,1.2738559999999999
12448,87.113693700396823,19072756057675,1,7.3764030821621418,7.3989,7.228928,2.5754,14555,0.001024,3.232256,,0.03584,0.160512,0,0.13977599999999998,0.004096,0.011264,,0.0025599999999999998,,1.369856
12449,87.120982397959182,19072756131664,1,7.2886976413428783,7.3891,7.325184,2.4161,14555,0.001024,3.229184,,0.035328,0.164352,0.000256,0.14336,0.003328,0.011007999999999999,,0.002304,,1.2572159999999999
12450,87.128426601473919,19072756205555,1,7.4442033655941486,7.097,7.150336,2.3389,14555,0.001024,3.292672,,0.034816,0.162048,0,0.14207999999999998,0.0076799999999999993,0.011776,,0.002304,,1.095168
12451,87.135885799319723,19072756276525,1,7.4591976590454578,7.6876,7.4112,2.9455,14555,0.001024,3.284992,,0.03584,0.15872,0,0.138752,0.010496,0.010239999999999999,,0.002304,,1.603584
12452,87.143211500850342,19072756353401,1,7.3257014155387878,6.922,7.309824,2.6257,14555,0.001024,3.1777279999999997,,0.03328,0.30976,0.000256,0.28953599999999996,0.00896,0.011519999999999999,,0.002304,,1.25312
12453,87.150487996031742,19072756422621,1,7.276494987308979,7.6585,7.448576,3.191,14555,0.001024,3.2714239999999997,,0.03456,0.15334399999999998,0.000256,0.13312,0.003072,0.010239999999999999,,0.0025599999999999998,,1.2485119999999998
12454,87.157867396541945,19072756499206,1,7.3794005438685417,7.1877,7.156992,2.5392,14555,0.001024,3.168768,,0.03584,0.156416,0.000256,0.135424,0.003584,0.010496,,0.002304,,1.095168
12455,87.164890299036273,19072756571083,1,7.0229023694992065,7.4895,7.355392,3.1084,14555,0.001024,3.178752,,0.035072,0.166912,0.000256,0.146176,0.003328,0.010752,,0.002304,,1.2605439999999999
12456,87.172300899943309,19072756645978,1,7.4106007814407349,7.6766,7.105792,2.6809,14555,0.001024,3.233024,,0.03712,0.162048,0,0.141312,0.0076799999999999993,0.009984,,0.003072,,1.076992
12457,87.179572399376411,19072756722744,1,7.2714993730187416,8.3625,7.389696,2.8318,14555,0.001024,3.288064,,0.040192,0.158208,0,0.13644799999999999,0.004608,0.010496,,0.0025599999999999998,,1.353728
12458,87.187288399943313,19072756806369,1,7.71600054576993,6.2213,7.2512,2.8041,14757,0.001024,3.273472,,0.034304,0.154112,0,0.13286399999999998,0.0084479999999999989,0.010239999999999999,,0.002304,,1.3555199999999998
12459,87.194707199546485,19072756868582,1,7.4187996797263622,7.181,7.6224,2.6564,20997,0.0012799999999999999,3.23584,,0.039424,0.15616,0.000256,0.13568,0.003328,0.010496,,0.002304,,1.2620799999999999
12460,87.201711699263029,19072756940392,1,7.004499901086092,6.7366,7.401216,2.3679,14555,0.001024,3.265024,,0.034304,0.165376,0,0.14540799999999998,0.0038399999999999997,0.011007999999999999,,0.002304,,1.0915839999999999
12461,87.2089873015873,19072757007758,1,7.27560231462121,8.1525,7.04384,2.6012,14555,0.001024,3.272192,,0.033791999999999996,0.15103999999999998,0.000256,0.131072,0.003584,0.012032,,0.0025599999999999998,,1.0946559999999999
12462,87.215964002267569,19072757089283,1,6.9767008535563946,7.5761,7.210496,2.654,14555,0.001024,3.236608,,0.035072,0.16025599999999998,0,0.13977599999999998,0.003072,0.011776,,0.0025599999999999998,,1.091072
12463,87.223278302154185,19072757165044,1,7.3142996989190578,6.7533,7.006464,2.5807,14555,0.002304,3.165952,,0.034048,0.166912,0.000256,0.143872,0.003584,0.011264,,0.002304,,1.090816
12464,87.230321797052156,19072757232577,1,7.0434948429465294,7.3558,7.215104,2.4812,14607,0.001024,3.268096,,0.039424,0.15564799999999998,0,0.135424,0.007424,0.010752,,0.0025599999999999998,,1.092608
12465,87.237610196995462,19072757306135,1,7.2884000837802887,6.746,7.040512,2.2858,14555,0.001024,3.295744,,0.044031999999999995,0.16716799999999998,0,0.14668799999999999,0.003072,0.011007999999999999,,0.003072,,1.097216
12466,87.244958900226749,19072757373595,1,7.3487032204866409,6.972,7.24608,2.4085,14750,0.0012799999999999999,3.092224,,0.039424,0.158208,0.000256,0.137728,0.006912,0.010752,,0.0025599999999999998,,1.092864
12467,87.252118501984128,19072757443315,1,7.1596018970012665,7.1533,7.32928,2.5317,88233,0.001024,3.175424,,0.03584,0.166656,0,0.14464,0.0076799999999999993,0.011519999999999999,,0.002048,,1.088512
12468,87.260220401077092,19072757514848,1,8.1018991768360138,7.438,7.211008,2.7167,14555,0.001024,3.1843839999999997,,0.034048,0.15795199999999998,0,0.13644799999999999,0.007936,0.011519999999999999,,0.002304,,1.355008
12469,87.26804820011337,19072757589228,1,7.8277988359332085,7.4138,8.081664,0.9462,14555,0.001024,3.0888959999999996,,0.040704,0.161792,0.000256,0.139264,0.0076799999999999993,0.011519999999999999,,0.0025599999999999998,,1.6632319999999998
12470,87.275014902210884,19072757663366,1,6.9667021743953228,8.6773,0.04608,2.4313,14555,0.001024,3.287808,,0.03456,0.16127999999999998,0,0.141312,0.007424,0.011007999999999999,,0.0025599999999999998,,1.626368
12471,87.282735402494325,19072757750139,1,7.7205002307891846,6.2637,6.949376,2.305,14555,0.001024,3.2345599999999997,,0.035328,0.162816,0.000256,0.141312,0.003072,0.011007999999999999,,0.002304,,1.0752
12472,87.28989080215419,19072757812776,1,7.1553997695446014,7.772,7.637504,2.46,14757,0.001024,3.270656,,0.040192,0.159744,0,0.137216,0.0076799999999999993,0.012288,,0.0025599999999999998,,1.28128
12473,87.29716919642857,19072757890496,1,7.2783944196999073,7.6467,7.141376,2.5978,20339,0.001024,3.099392,,0.034816,0.16153599999999999,0,0.140544,0.005376,0.011007999999999999,,0.002304,,1.381632
12474,87.3049637967687,19072757966963,1,7.7946004457771778,7.059,7.313664,2.4491,14555,0.001024,3.22816,,0.039424,0.161024,0,0.139264,0.0097279999999999988,0.012032,,0.0025599999999999998,,1.2636159999999999
12475,87.31236160005669,19072758037553,1,7.3978034779429436,7.4582,7.77216,2.2703,14555,0.001024,3.29216,,0.043008,0.164096,0,0.141824,0.003328,0.012288,,0.002304,,1.0798079999999999
12476,87.319682397959184,19072758112135,1,7.3207980021834373,7.2558,7.328768,2.0253,14555,0.001024,3.2332799999999997,,0.03456,0.159744,0,0.139264,0.008192,0.011264,,0.002304,,1.342976
12477,87.327461500850333,19072758184693,1,7.7791027724742889,7.5075,7.349504,2.4162,14555,0.001024,3.270912,,0.039424,0.159744,0,0.13849599999999998,0.0076799999999999993,0.011776,,0.002304,,1.245952
12478,87.334913201530611,19072758259768,1,7.4517005123198032,7.1773,7.465216,2.2633,14555,0.001024,3.239168,,0.041471999999999995,0.16486399999999998,0.000256,0.144128,0.007424,0.010496,,0.002304,,1.244416
12479,87.342178798185941,19072758331541,1,7.2655966505408287,7.2892,7.397888,2.394,20484,0.001024,3.226368,,0.03968,0.154368,0.000256,0.133888,0.00896,0.010496,,0.0025599999999999998,,1.39136
12480,87.349674596088434,19072758404433,1,7.4957977049052715,8.4018,7.323648,2.3781,14555,0.001024,3.2954879999999998,,0.035584,0.158208,0,0.13644799999999999,0.003328,0.011519999999999999,,0.002048,,1.261056
12481,87.356861798469382,19072758488451,1,7.1872025728225708,7.5086,7.410688,2.1459,14555,0.001024,3.275776,,0.038655999999999996,0.158976,0,0.139008,0.0076799999999999993,0.012288,,0.0025599999999999998,,1.329664
12482,87.364218700396819,19072758563537,1,7.3569021187722683,6.4273,7.1488,2.2772,14555,0.001024,3.287552,,0.03456,0.163072,0.000256,0.142592,0.0076799999999999993,0.011264,,0.002304,,1.2503039999999999
12483,87.371561196145123,19072758627810,1,7.3424959555268288,7.4586,7.405312,3.1231,14555,0.001024,3.2954879999999998,,0.038911999999999995,0.16383999999999999,0.000256,0.14336,0.007424,0.011776,,0.0025599999999999998,,1.27616
12484,87.378296201814052,19072758702396,1,6.7350058816373348,7.4743,7.30624,2.3147,14555,0.001024,3.298304,,0.039424,0.16,0,0.137728,0.008704,0.011007999999999999,,0.002304,,1.2416
12485,87.3858667020975,19072758777139,1,7.570500485599041,7.4376,6.650624,2.3533,28208,0.001024,3.1866879999999997,,0.034304,0.158464,0,0.137728,0.007936,0.010496,,0.002304,,1.092096
12486,87.393120897108844,19072758851515,1,7.2541949339210987,7.2021,7.572992,2.1654,14555,0.001024,3.231744,,0.03968,0.159488,0,0.139264,0.0076799999999999993,0.011007999999999999,,0.002048,,1.078784
12487,87.399775899943307,19072758923536,1,6.6550029441714287,7.1556,7.227648,2.0757,14750,0.001024,3.291136,,0.035328,0.164096,0,0.142848,0.0084479999999999989,0.012288,,0.002304,,1.075712
12488,87.406495698696148,19072758995092,1,6.719798780977726,7.2207,6.63936,1.9993,14555,0.0012799999999999999,3.188224,,0.034304,0.15744,0,0.13696,0.004352,0.010239999999999999,,0.002304,,1.0780159999999999
12489,87.413227501417225,19072759067299,1,6.7318025976419449,6.9489,6.686976,2.1738,14555,0.001024,3.2256,,0.034304,0.163072,0.000256,0.142848,0.008192,0.011007999999999999,,0.002048,,1.091072
12490,87.420160402494332,19072759136788,1,6.9329012185335159,7.2641,6.714624,2.1005,14555,0.001024,3.273472,,0.034048,0.16383999999999999,0.000256,0.141824,0.007936,0.011264,,0.002304,,1.095936
12491,87.427783801020411,19072759209429,1,7.6233986765146255,6.6258,6.985216,2.0188,14555,0.001024,3.2704,,0.03456,0.15872,0,0.13747199999999998,0.0076799999999999993,0.010239999999999999,,0.0025599999999999998,,1.071872
12492,87.434741000566888,19072759275687,1,6.9571994245052338,6.3119,7.414528,2.0949,14607,0.001024,3.27936,,0.039168,0.15795199999999998,0,0.13644799999999999,0.008192,0.010752,,0.0025599999999999998,,1.077248
12493,87.441721400226754,19072759338806,1,6.98039960116148,7.1204,7.046912,1.9456,14555,0.001024,3.1800319999999997,,0.039936,0.165632,0,0.144896,0.007424,0.011519999999999999,,0.002304,,1.076736
12494,87.449257001133788,19072759410010,1,7.5356010347604752,7.8945,6.971392,2.2892,14555,0.0012799999999999999,3.09504,,0.03968,0.157696,0,0.13644799999999999,0.003072,0.011776,,0.0025599999999999998,,1.0764799999999999
12495,87.456441999716546,19072759488955,1,7.1849985979497433,6.7196,7.52768,1.9958,14555,0.001024,3.098624,,0.038655999999999996,0.16255999999999998,0,0.141824,0.0076799999999999993,0.011776,,0.002304,,1.0813439999999999
12496,87.463628096655327,19072759556151,1,7.1860970929265022,6.6629,7.163392,1.9101,14555,0.001024,3.095296,,0.034304,0.155392,0,0.13516799999999998,0.0038399999999999997,0.010752,,0.002304,,1.564416
12497,87.471124199263031,19072759622780,1,7.4961027130484581,7.6952,7.149056,2.2264,14555,0.001024,3.231744,,0.03968,0.155392,0.000256,0.134656,0.003328,0.011264,,0.002304,,1.077248
12498,87.4785533021542,19072759699732,1,7.4291029013693333,7.359,7.545088,2.1489,14555,0.001024,3.1951359999999998,,0.035328,0.15744,0,0.13568,0.0063999999999999994,0.011264,,0.0025599999999999998,,1.281024
12499,87.485745096371872,19072759773322,1,7.1917939931154251,7.6437,7.396608,2.0207,14555,0.001024,3.2314879999999997,,0.03456,0.168704,0.000256,0.146432,0.007424,0.012032,,0.002304,,1.3388799999999998
12500,87.493142198129249,19072759849759,1,7.3971017263829708,6.8495,7.183616,2.0656,14757,0.001024,3.292416,,0.03968,0.158464,0,0.137728,0.0076799999999999993,0.011776,,0.002304,,1.07776
12501,87.500882397959174,19072759918254,1,7.7402000315487385,7.9218,7.304704,2.0896,14555,0.001024,3.1825919999999996,,0.042752,0.160512,0,0.140544,0.0076799999999999993,0.012288,,0.002304,,1.079296
12502,87.507987400793652,19072759997472,1,7.1050026454031467,6.6452,7.796992,2.3402,88233,0.001024,3.2839679999999998,,0.03584,0.157184,0,0.13644799999999999,0.005888,0.011519999999999999,,0.002304,,1.5628799999999998
12503,87.515458099489791,19072760063924,1,7.4706985615193844,7.5191,7.085312,2.2683,14555,0.001024,3.1872,,0.035328,0.165632,0.000256,0.14438399999999998,0.0076799999999999993,0.011776,,0.002304,,1.074432
12504,87.522834700963713,19072760139115,1,7.3766014538705349,7.4693,7.444224,0.637,14555,0.001024,3.1910399999999997,,0.039936,0.15488,0,0.134912,0.007424,0.011519999999999999,,0.0025599999999999998,,1.259776
12505,87.530780300453515,19072760213808,1,7.9455990344285965,8.7334,0.035328,2.0888,14555,0.001024,3.16416,,0.035584,0.157696,0,0.137216,0.007936,0.012544,,0.002304,,1.50912
12506,87.5382512967687,19072760301142,1,7.470996119081974,5.8918,7.919872,2.0552,14555,0.001024,3.275264,,0.03456,0.16512,0.000256,0.144896,0.008192,0.010496,,0.002816,,1.611264
12507,87.545638102324261,19072760360060,1,7.3868054896593094,7.2626,7.45344,2.1064,14555,0.0012799999999999999,3.0924799999999997,,0.038911999999999995,0.15334399999999998,0,0.133376,0.006144,0.011519999999999999,,0.0025599999999999998,,1.075712
12508,87.5527998015873,19072760432686,1,7.1616992354393005,8.0781,7.36768,2.0739,14750,0.001024,3.273984,,0.03456,0.15795199999999998,0,0.13644799999999999,0.0076799999999999993,0.012288,,0.0025599999999999998,,1.339392
12509,87.560440398242633,19072760513467,1,7.640596479177475,7.7646,7.202816,2.4076,14555,0.001024,3.295232,,0.039936,0.15564799999999998,0,0.135424,0.0076799999999999993,0.010752,,0.002304,,1.0752
12510,87.568161196145127,19072760591113,1,7.7207977883517742,7.5756,7.61856,2.2456,14555,0.001024,3.2803839999999997,,0.03968,0.152832,0.000256,0.13183999999999998,0.007424,0.012032,,0.002304,,1.254912
12511,87.575225396825388,19072760666869,1,7.064200472086668,7.5187,7.63904,2.1014,14555,0.001024,3.27424,,0.040448,0.16486399999999998,0,0.143616,0.007424,0.010496,,0.002304,,1.238272
12512,87.58247789824263,19072760742056,1,7.2525013238191605,6.743,7.04256,1.9453,14555,0.001024,3.286784,,0.03968,0.165376,0,0.142848,0.003072,0.011264,,0.002304,,1.074944
12513,87.589840100623576,19072760809486,1,7.362202275544405,8.1343,7.223808,2.3442,14757,0.001024,3.172096,,0.038911999999999995,0.164608,0.000256,0.142592,0.006656,0.010496,,0.002304,,1.2469759999999999
12514,87.596995301870749,19072760890829,1,7.1552013978362083,6.9023,7.347968,2.0889,14555,0.001024,3.27424,,0.03456,0.158464,0,0.137216,0.007936,0.011007999999999999,,0.002304,,1.3388799999999998
12515,87.60436649659863,19072760959852,1,7.3711946606636047,7.2706,7.190784,2.0541,14555,0.001024,3.2696319999999996,,0.039936,0.16588799999999998,0.000256,0.14438399999999998,0.007424,0.010239999999999999,,0.002304,,1.074432
12516,87.611941595804979,19072761032558,1,7.5750993564724922,7.7708,7.289344,2.1026,14555,0.001024,3.198976,,0.035328,0.160768,0,0.13952,0.0076799999999999993,0.012288,,0.002304,,1.0752
12517,87.61908120039682,19072761110266,1,7.1396045386791229,6.9725,7.557888,1.9193,14555,0.001024,3.2901119999999997,,0.039936,0.166656,0,0.14540799999999998,0.0076799999999999993,0.011264,,0.002304,,1.417216
12518,87.626165001417235,19072761179991,1,7.0838010869920254,6.9822,7.10528,2.3306,14555,0.001024,3.1818239999999998,,0.039424,0.16,0,0.139264,0.0076799999999999993,0.010752,,0.002304,,1.077504
12519,87.63357200255102,19072761249813,1,7.407001219689846,8.1192,7.08096,2.1006,14555,0.001536,3.180544,,0.039936,0.16768,0,0.145664,0.007936,0.010239999999999999,,0.0025599999999999998,,1.076736
12520,87.640843898809521,19072761331005,1,7.2718961164355278,7.1773,7.213312,2.0775,14607,0.0012799999999999999,3.208704,,0.03456,0.162304,0,0.142592,0.007424,0.010239999999999999,,0.002304,,1.231104
12521,87.6479086026077,19072761402778,1,7.0647038519382477,6.7905,7.226368,2.0014,14555,0.001024,3.285504,,0.03456,0.41087999999999997,0,0.390912,0.007936,0.011519999999999999,,0.002304,,1.073408
12522,87.655547696995455,19072761470683,1,7.63909425586462,7.055,7.063808,2.2122,14555,0.001024,3.172352,,0.036351999999999995,0.157184,0,0.13644799999999999,0.007424,0.011519999999999999,,0.0025599999999999998,,1.0913279999999999
12523,87.6628600977891,19072761541233,1,7.3124007321894169,8.2222,7.60576,1.9254,14555,0.001024,3.0976,,0.040192,0.165632,0,0.143616,0.008704,0.010752,,0.003072,,1.334784
12524,87.669744097222221,19072761623455,1,6.8839993327856064,6.3166,7.302912,2.259,14555,0.0012799999999999999,3.2327679999999996,,0.043008,0.156672,0,0.134656,0.0076799999999999993,0.011264,,0.002304,,1.242624
12525,87.677229095804989,19072761686621,1,7.4849985539913177,7.5761,,2.2833,14555,0.0012799999999999999,3.2327679999999996,,0.043008,0.156672,0,0.134656,0.0076799999999999993,0.011264,,0.002304,,1.242624
12526,87.688556299603178,19072761762382,1,11.327203363180161,7.679,7.166976,7.679,14757,0.0012799999999999999,3.2363519999999997,,0.035328,0.16025599999999998,0,0.13849599999999998,0.003328,0.011519999999999999,,0.002304,,1.077504
12527,87.696066000566887,19072761839172,1,7.5097009539604187,7.2592,7.112704,1.5313,20997,0.0012799999999999999,3.230464,,0.03456,0.15923199999999998,0,0.13849599999999998,0.004096,0.012288,,0.002304,,1.0762239999999998
12528,87.703295897108845,19072761911764,1,7.2298967279493809,6.8473,7.417856,2.3812,14750,0.001024,3.188992,,0.034304,0.1664,0,0.14438399999999998,0.0076799999999999993,0.011519999999999999,,0.0025599999999999998,,1.388288
12529,87.71106269841269,19072761980237,1,7.76680139824748,11.4549,7.294976,2.0752,14555,0.001024,3.2665599999999997,,0.03968,0.154368,0.000256,0.133632,0.0076799999999999993,0.010239999999999999,,0.002304,,1.091072
12530,87.718022796201808,19072762094786,1,6.9600977003574371,8.8918,7.659776,1.8136,14555,0.001024,3.287296,,0.035584,0.16383999999999999,0,0.144128,0.0097279999999999988,0.011519999999999999,,0.003328,,1.50016
12531,87.725532199546478,19072762183704,1,7.5094033963978291,5.4607,6.95168,1.9841,14555,0.001024,3.1818239999999998,,0.034048,0.15795199999999998,0.000256,0.13824,0.0076799999999999993,0.011264,,0.002816,,1.076736
12532,87.732703401360538,19072762238311,1,7.17120198532939,8.0116,7.490304,2.1183,14555,0.001024,3.2314879999999997,,0.035328,0.1536,0.000256,0.133888,0.007168,0.011776,,0.0025599999999999998,,1.0746879999999999
12533,87.740301799886623,19072762318427,1,7.598398718982935,7.0048,7.130112,2.1031,14555,0.0012799999999999999,3.1872,,0.035072,0.15616,0,0.135936,0.0076799999999999993,0.012288,,0.002304,,1.073408
12534,87.747344798752835,19072762388475,1,7.0429989136755466,7.6873,7.477248,2.1025,14555,0.001024,3.275264,,0.034304,0.162816,0,0.141568,0.004608,0.011776,,0.002304,,1.3841919999999999
12535,87.754985799319726,19072762465348,1,7.6410006731748581,7.6362,7.144448,2.2034,14555,0.001024,3.259392,,0.040959999999999996,0.16383999999999999,0,0.141824,0.006656,0.010752,,0.0025599999999999998,,1.0752
12536,87.762254698129254,19072762541710,1,7.2688986547291279,7.2732,7.614464,2.13,88233,0.001024,3.1915519999999997,,0.035584,0.166656,0,0.145664,0.0076799999999999993,0.010752,,0.002304,,1.0752
12537,87.770382801870738,19072762614442,1,8.12810380011797,6.9154,7.299072,2.3723,14555,0.001024,3.177984,,0.035328,0.1664,0,0.14438399999999998,0.0076799999999999993,0.011776,,0.002304,,1.3288959999999999
12538,87.777818098072558,19072762683596,1,7.4352961964905262,7.6042,8.12288,0.665,14555,0.001024,3.0947839999999998,,0.03968,0.155904,0.000256,0.135936,0.007936,0.012032,,0.0025599999999999998,,1.69472
12539,87.784618501984127,19072762759638,1,6.800403818488121,8.494,0.049408,2.5204,14555,0.001024,3.291648,,0.03968,0.15744,0,0.135424,0.0076799999999999993,0.012032,,0.0025599999999999998,,1.3542399999999999
12540,87.791569501133779,19072762844578,1,6.9509991444647312,7.0037,6.703872,2.3169,14757,0.001024,3.172352,,0.034048,0.165376,0.000256,0.144128,0.0076799999999999993,0.011776,,0.002304,,1.075456
12541,87.7987373015873,19072762914615,1,7.1678003296256065,7.0319,6.912256,1.8744,14555,0.001024,3.289856,,0.03584,0.16512,0,0.143872,0.007936,0.010239999999999999,,0.004096,,1.075968
12542,87.8055547973356,19072762984934,1,6.8174959160387516,6.74,7.223296,1.9178,14555,0.001024,3.2714239999999997,,0.039424,0.16127999999999998,0.000256,0.13824,0.007424,0.010239999999999999,,0.0025599999999999998,,1.07904
12543,87.812267602040819,19072763052334,1,6.7128045484423637,6.8788,6.753792,2.0039,14555,0.001024,3.29216,,0.034816,0.16512,0.000256,0.14310399999999998,0.011776,0.011007999999999999,,0.002304,,1.0764799999999999
12544,87.819072101757371,19072763121122,1,6.80449977517128,7.2936,6.748928,2.0363,14555,0.001024,3.2683519999999997,,0.034816,0.156416,0.000256,0.13414399999999999,0.005376,0.011264,,0.0025599999999999998,,1.07776
12545,87.825932702664389,19072763194058,1,6.8606007844209671,6.687,6.724608,1.9549,14555,0.0012799999999999999,3.288576,,0.034304,0.162304,0.000256,0.141824,0.007424,0.010496,,0.002304,,1.077504
12546,87.832639795918368,19072763260928,1,6.7070932127535343,6.7616,6.828288,2.3028,14555,0.001024,3.2279039999999997,,0.034304,0.15872,0,0.137216,0.007936,0.010239999999999999,,0.0025599999999999998,,1.093632
12547,87.839399596088427,19072763328544,1,6.7598000168800354,7.1713,6.685184,1.8218,14555,0.001024,3.2384,,0.034048,0.162816,0,0.141056,0.0038399999999999997,0.012288,,0.0025599999999999998,,1.0798079999999999
12548,87.8462295989229,19072763400257,1,6.8300026468932629,6.5091,6.76608,1.8474,14607,0.001024,3.277312,,0.035328,0.164096,0,0.14336,0.007936,0.010752,,0.002304,,1.07776
12549,87.852983900226761,19072763465348,1,6.7543014883995056,6.6921,6.768384,2.0393,14555,0.001024,3.2883199999999997,,0.034304,0.162816,0.000256,0.141056,0.005376,0.011264,,0.002304,,1.0752
12550,87.859708397108847,19072763532269,1,6.7244968377053738,6.7073,6.736128,1.9454,14750,0.0012799999999999999,3.267584,,0.034304,0.161024,0.000256,0.13952,0.005888,0.012032,,0.002304,,1.0762239999999998
12551,87.866499496882085,19072763599342,1,6.7910999059677124,7.0047,6.733568,1.9615,14555,0.001024,3.2266239999999997,,0.03456,0.16486399999999998,0,0.14310399999999998,0.005376,0.011007999999999999,,0.0025599999999999998,,1.073408
12552,87.873289902210885,19072763669389,1,6.7904051393270493,6.8169,6.76224,1.8964,14555,0.0012799999999999999,3.27168,,0.033791999999999996,0.155136,0,0.133632,0.005376,0.010239999999999999,,0.0025599999999999998,,1.07392
12553,87.880226197562351,19072763737558,1,6.936295423656702,6.5582,6.775296,1.9004,14555,0.001024,3.291648,,0.03456,0.165376,0,0.144896,0.012288,0.011776,,0.002816,,1.077248
12554,87.886901395975059,19072763803140,1,6.675198208540678,6.9118,6.916864,1.9443,14757,0.001024,3.297024,,0.035328,0.156672,0,0.13516799999999998,0.0076799999999999993,0.010496,,0.0025599999999999998,,1.078272
12555,87.894461699263033,19072763872258,1,7.5603034347295761,6.6244,6.648576,2.3454,14555,0.001024,3.174144,,0.034048,0.165376,0,0.14336,0.008192,0.010496,,0.002304,,1.092096
12556,87.901320096371876,19072763938502,1,6.8583972752094269,7.5137,7.540736,2.1155,14555,0.001024,3.281152,,0.03456,0.16486399999999998,0,0.14336,0.007936,0.010752,,0.002048,,1.0746879999999999
12557,87.908068601190479,19072764013639,1,6.7485049366950989,6.5702,6.842368,2.3582,14555,0.001024,3.234304,,0.036095999999999996,0.164352,0,0.143872,0.007424,0.011007999999999999,,0.002304,,1.0931199999999999
12558,87.914712896825392,19072764079341,1,6.6442955285310745,7.3742,6.723584,2.0027,14555,0.001024,3.280128,,0.03456,0.16614399999999999,0.000256,0.143872,0.0076799999999999993,0.011776,,0.002304,,1.077504
12559,87.921569302721082,19072764153083,1,6.856406107544899,6.9992,6.62528,1.9639,14555,0.001024,3.176192,,0.03456,0.158976,0,0.13747199999999998,0.007936,0.010752,,0.002304,,1.074944
12560,87.92839640022676,19072764223075,1,6.82709738612175,6.3565,6.912768,2.1176,14555,0.001024,3.233536,,0.033791999999999996,0.15744,0,0.137728,0.0076799999999999993,0.010752,,0.0025599999999999998,,1.2869119999999998
12561,87.935152997448981,19072764286640,1,6.7565971985459328,7.443,6.72512,1.8799,14555,0.001024,3.2611839999999996,,0.03456,0.15744,0,0.137728,0.007936,0.010496,,0.002304,,1.074944
12562,87.94174389880952,19072764361070,1,6.5909014083445072,6.0464,6.735872,1.9978,14555,0.001024,3.2901119999999997,,0.03456,0.162304,0.000256,0.141056,0.007424,0.011007999999999999,,0.002304,,1.074944
12563,87.948518098072554,19072764421534,1,6.7741991952061653,6.7986,6.575872,1.9963,14555,0.001024,3.0960639999999997,,0.034304,0.16512,0.000256,0.14438399999999998,0.003584,0.011776,,0.002304,,1.076992
12564,87.955174199263041,19072764489520,1,6.6561009734869,6.8351,6.748672,2.035,14555,0.001024,3.2719359999999997,,0.034304,0.157184,0,0.13696,0.007424,0.011264,,0.0025599999999999998,,1.081088
12565,87.961851098356007,19072764557871,1,6.6768992692232132,6.3712,6.638848,1.8653,14555,0.001024,3.18336,,0.03456,0.159744,0.000256,0.139008,0.0076799999999999993,0.010752,,0.002304,,1.079296
12566,87.968787096088434,19072764621583,1,6.9359978660941124,6.7998,6.651904,1.8765,14555,0.001024,3.175424,,0.034048,0.16716799999999998,0,0.14592,0.0038399999999999997,0.010496,,0.002304,,1.077504
12567,87.975544997165528,19072764689581,1,6.7579010501503944,6.7135,6.899712,2.0202,14555,0.001024,3.286272,,0.038655999999999996,0.164096,0,0.14336,0.007424,0.011264,,0.002304,,1.0746879999999999
12568,87.9822123015873,19072764756716,1,6.6673043183982372,6.7435,6.752,1.8898,14555,0.001024,3.283712,,0.034304,0.15872,0,0.136192,0.003584,0.011264,,0.002304,,1.073664
12569,87.988992701247156,19072764824151,1,6.7803994752466679,7.1258,6.714112,1.8249,14757,0.001024,3.2337919999999998,,0.034304,0.159488,0,0.139264,0.007936,0.011776,,0.002304,,1.078784
12570,87.995682001133787,19072764895409,1,6.6892998293042183,6.8655,6.685184,2.0771,14555,0.0012799999999999999,3.234816,,0.03456,0.162048,0.000256,0.141824,0.011776,0.0097279999999999988,,0.002816,,1.0762239999999998
12571,88.002408297902491,19072764964064,1,6.7262966185808182,6.2304,6.73664,2.0487,14555,0.001024,3.2399359999999997,,0.034304,0.15744,0.000256,0.137216,0.0063999999999999994,0.010496,,0.002304,,1.076992
12572,88.0093623015873,19072765026368,1,6.9540035910904408,7.0461,6.637568,1.8713,14555,0.001024,3.1999999999999997,,0.034048,0.16588799999999998,0.000256,0.144896,0.007424,0.011519999999999999,,0.002304,,1.076736
12573,88.0160591978458,19072765096829,1,6.6968961618840694,6.6504,6.927104,2.0318,88428,0.001024,3.263744,,0.03456,0.15923199999999998,0,0.137216,0.007936,0.010496,,0.002304,,1.074944
12574,88.022783397108839,19072765163333,1,6.7241992801427841,6.7202,6.75072,1.8974,14555,0.001024,3.2634879999999997,,0.034048,0.154112,0,0.13312,0.007936,0.010239999999999999,,0.002816,,1.0764799999999999
12575,88.029921201814062,19072765230535,1,7.1378047578036785,7.3112,6.706688,0.5776,14555,0.001024,3.286272,,0.034048,0.15692799999999998,0.000256,0.13516799999999998,0.007936,0.010239999999999999,,0.002304,,1.075712
12576,88.0365922973356,19072765303647,1,6.6710957325994968,7.4687,0.044288,2.0039,14555,0.001024,3.2755199999999998,,0.03968,0.162304,0,0.141824,0.007424,0.010496,,0.002304,,1.08032
12577,88.04423090277777,19072765378334,1,7.6386053115129471,5.919,6.721792,2.2166,14555,0.001024,3.2883199999999997,,0.03456,0.15744,0.000256,0.136704,0.007936,0.011007999999999999,,0.002304,,1.09696
12578,88.051800602324263,19072765437524,1,7.5696995481848717,7.4532,7.367168,2.1107,14607,0.001024,3.272192,,0.036095999999999996,0.165376,0,0.143616,0.007424,0.010496,,0.002304,,1.25312
12579,88.059052898242626,19072765512056,1,7.2522959671914577,5.9722,7.47776,2.2974,14555,0.001024,3.289856,,0.039424,0.164352,0,0.143872,0.0076799999999999993,0.010239999999999999,,0.0025599999999999998,,1.34784
12580,88.0667295989229,19072765571778,1,7.6767005957663059,8.0802,7.273472,2.1896,14555,0.001024,3.1861759999999997,,0.039424,0.16588799999999998,0,0.143616,0.007424,0.0097279999999999988,,0.003072,,1.252352
12581,88.073803996598642,19072765652580,1,7.0743975229561329,7.8534,7.639808,1.9336,14555,0.001024,3.0881279999999998,,0.039936,0.156416,0,0.1344,0.007424,0.011264,,0.002304,,1.3404159999999998
12582,88.081035799319721,19072765731114,1,7.2318026795983315,7.0394,7.035392,2.3237,14555,0.001024,3.233536,,0.033791999999999996,0.39500799999999997,0,0.37529599999999996,0.006144,0.011776,,0.0025599999999999998,,1.0762239999999998
12583,88.0885042020975,19072765801508,1,7.4684028513729572,7.3678,7.223296,2.097,14757,0.001024,3.181056,,0.039424,0.156672,0,0.135424,0.009216,0.010752,,0.0025599999999999998,,1.2387839999999999
12584,88.095638598356,19072765875186,1,7.1343961171805859,7.4976,7.450112,2.1541,14555,0.001024,3.2302079999999997,,0.039424,0.16486399999999998,0,0.144128,0.003584,0.011007999999999999,,0.003072,,1.0746879999999999
12585,88.103064696712011,19072765950162,1,7.4260984547436237,6.6585,7.107328,1.8171,14555,0.001024,3.235328,,0.034816,0.164352,0,0.14336,0.0076799999999999993,0.011776,,0.0025599999999999998,,1.245696
12586,88.110454301303847,19072766016747,1,7.3896045796573162,7.2884,7.410176,2.1683,14555,0.001024,3.20896,,0.039936,0.16383999999999999,0,0.141056,0.005632,0.012032,,0.002304,,1.2418559999999998
12587,88.117785402494334,19072766089631,1,7.3311012238264084,7.5496,7.350784,1.8108,14555,0.001024,3.229184,,0.039936,0.15488,0,0.132608,0.003328,0.011007999999999999,,0.0025599999999999998,,1.0746879999999999
12588,88.12492969812925,19072766165127,1,7.1442956104874611,6.9935,7.30624,2.0023,14555,0.001024,3.17184,,0.043519999999999996,0.158976,0,0.13696,0.007424,0.011264,,0.0025599999999999998,,1.243904
12589,88.132352699829923,19072766235062,1,7.4230018071830273,7.3471,7.135232,1.8594,14555,0.001024,3.275776,,0.03968,0.15616,0.000256,0.134656,0.003584,0.010496,,0.002304,,1.0746879999999999
12590,88.139511798469385,19072766308533,1,7.1590985171496868,7.4929,7.414016,1.8944,14555,0.001024,3.2647679999999997,,0.039936,0.16768,0.000256,0.14540799999999998,0.0048639999999999994,0.011264,,0.002304,,1.07392
12591,88.146857702664391,19072766383462,1,7.3459041304886341,7.107,7.136512,1.9551,14555,0.001024,3.181568,,0.034048,0.165376,0,0.143616,0.003328,0.010752,,0.0025599999999999998,,1.3376
12592,88.154071598639447,19072766454532,1,7.2138961404562,7.4586,7.30112,1.9358,14555,0.001024,3.289344,,0.036095999999999996,0.15692799999999998,0,0.136192,0.007424,0.011519999999999999,,0.002304,,1.1832319999999998
12593,88.161802295918363,19072766529118,1,7.7306972816586494,7.1311,7.195392,2.2009,14555,0.0012799999999999999,3.233536,,0.041471999999999995,0.15872,0.000256,0.13747199999999998,0.0084479999999999989,0.009984,,0.003328,,1.074176
12594,88.169275198412691,19072766600429,1,7.4729025363922119,7.7523,7.77856,1.8612,14750,0.001024,3.289344,,0.03712,0.16127999999999998,0,0.140032,0.007168,0.012288,,0.002304,,1.322496
12595,88.176188697562353,19072766677952,1,6.9134989753365517,6.7399,7.258112,2.7407,14555,0.001024,3.265536,,0.03456,0.157696,0.000256,0.136192,0.003584,0.012032,,0.002304,,1.256448
12596,88.1831785005669,19072766745351,1,6.9898031651973724,8.4655,6.948608,2.1083,14555,0.001024,3.287808,,0.035328,0.17024,0,0.149248,0.003072,0.010752,,0.002816,,1.0949119999999999
12597,88.190161196145127,19072766830006,1,6.9826957769691944,7.7648,6.889728,2.605,14757,0.001024,3.102208,,0.043008,0.1536,0,0.13312,0.003072,0.010496,,0.0025599999999999998,,1.095168
12598,88.197572498582758,19072766907654,1,7.4113025330007076,6.8729,7.039488,2.6593,20997,0.0012799999999999999,3.09632,,0.03456,0.16486399999999998,0,0.14438399999999998,0.003584,0.012032,,0.002304,,1.357824
12599,88.20481609977324,19072766976383,1,7.2436011396348476,6.8844,7.325184,2.3166,14555,0.001024,3.1733759999999998,,0.035584,0.155392,0,0.13414399999999999,0.0076799999999999993,0.012032,,0.002304,,1.090048
12600,88.211835997732422,19072767045227,1,7.019897922873497,6.9813,7.292928,2.2559,14555,0.001024,3.1933439999999997,,0.034816,0.167424,0,0.145664,0.003584,0.010752,,0.002304,,1.0964479999999999
12601,88.219481901927438,19072767115040,1,7.6459040865302086,7.2982,6.93888,2.4955,14555,0.001024,3.237376,,0.035072,0.16383999999999999,0,0.142336,0.003328,0.010239999999999999,,0.002304,,1.0946559999999999
12602,88.226560501700675,19072767188022,1,7.0785996504127979,7.4706,7.62368,2.3105,14555,0.001024,3.1872,,0.038144,0.16768,0.000256,0.14668799999999999,0.003328,0.011007999999999999,,0.002304,,1.236224
12603,88.23381459750567,19072767262728,1,7.2540957480669022,6.5608,7.055872,1.9787,14555,0.001024,3.1715839999999997,,0.035584,0.16153599999999999,0.000256,0.141056,0.003584,0.011007999999999999,,0.002304,,1.0897919999999999
12604,88.240874900793642,19072767328336,1,7.0603033527731895,8.0907,7.24352,2.1722,14555,0.001024,3.299072,,0.03456,0.164352,0.000256,0.142592,0.004096,0.011264,,0.002304,,1.3555199999999998
12605,88.248153599773232,19072767409243,1,7.2786989621818066,6.8164,7.095808,2.4366,14555,0.001024,3.169536,,0.036351999999999995,0.16383999999999999,0,0.142592,0.003328,0.011264,,0.002304,,1.0913279999999999
12606,88.255554301303846,19072767477407,1,7.4007017537951469,7.0402,7.272448,2.0487,14607,0.0012799999999999999,3.1674879999999996,,0.03456,0.157184,0,0.13696,0.0038399999999999997,0.010239999999999999,,0.002304,,1.240832
12607,88.2628533021542,19072767547809,1,7.2990008629858494,6.8375,7.387904,2.1697,14555,0.001024,3.2412159999999997,,0.035328,0.164608,0.000256,0.144896,0.003328,0.012032,,0.002304,,1.336832
12608,88.270020897108836,19072767616184,1,7.1675949729979038,7.2131,7.200512,2.4114,88233,0.001024,3.229952,,0.033791999999999996,0.16,0.000256,0.13824,0.003584,0.011776,,0.002304,,1.27104
12609,88.277199596088437,19072767688315,1,7.1786991320550442,8.066,7.215616,2.2062,14555,0.001024,3.172352,,0.039424,0.150528,0,0.130304,0.007424,0.011007999999999999,,0.002816,,1.2387839999999999
12610,88.285303500566883,19072767768975,1,8.1039043143391609,7.1483,7.163648,0.6498,14555,0.001024,3.2972799999999998,,0.035584,0.15564799999999998,0,0.13568,0.003072,0.011007999999999999,,0.0025599999999999998,,1.0752
12611,88.292847796201812,19072767840458,1,7.5442958623170853,9.3302,0.034816,2.6586,14757,0.001024,3.258368,,0.03584,0.15872,0,0.13644799999999999,0.003328,0.012544,,0.0025599999999999998,,1.0746879999999999
12612,88.300077097505664,19072767933760,1,7.2293011471629143,4.9572,7.278848,2.3844,14555,0.001024,3.2888319999999998,,0.035584,0.15923199999999998,0,0.13644799999999999,0.0063999999999999994,0.011264,,0.0025599999999999998,,1.0944
12613,88.307218601190471,19072767983332,1,7.1415035054087639,8.1795,7.200768,2.4528,14555,0.001024,3.23712,,0.035072,0.15129599999999999,0,0.131072,0.006656,0.011519999999999999,,0.0025599999999999998,,1.076736
12614,88.314443700396822,19072768065127,1,7.2250990197062492,7.6428,7.193856,2.4092,14555,0.0012799999999999999,3.1697919999999997,,0.034304,0.157696,0,0.135936,0.007424,0.012288,,0.002304,,1.636096
12615,88.321883397108834,19072768141555,1,7.4396966956555843,7.2563,7.130112,2.2902,14750,0.001024,3.102208,,0.03584,0.161024,0,0.140032,0.003328,0.010752,,0.0025599999999999998,,1.238272
12616,88.329018898809522,19072768214118,1,7.1355015970766544,6.7628,7.492096,2.0928,14555,0.001024,3.270656,,0.035584,0.160512,0,0.140032,0.010239999999999999,0.011776,,0.0025599999999999998,,1.31328
12617,88.336415497448982,19072768281746,1,7.3965988121926785,7.201,7.112704,2.0482,14555,0.001024,3.17568,,0.034304,0.15872,0,0.13696,0.006912,0.011264,,0.0025599999999999998,,1.324288
12618,88.3435452026644,19072768353756,1,7.1297050453722477,7.4649,7.297792,2.0786,14555,0.001024,3.2430079999999997,,0.035328,0.159744,0,0.139008,0.003328,0.010752,,0.002304,,1.07904
12619,88.3507920989229,19072768428405,1,7.2468961589038372,7.0777,7.193088,2.7658,14555,0.001024,3.179776,,0.03584,0.164608,0,0.142592,0.007424,0.011519999999999999,,0.0025599999999999998,,1.266432
12620,88.358220698696144,19072768499182,1,7.4285999871790409,7.4193,7.168768,2.4387,14555,0.001024,3.265024,,0.034304,0.1664,0,0.145152,0.0038399999999999997,0.011007999999999999,,0.002048,,1.092608
12621,88.365425396825387,19072768573375,1,7.20469793304801,7.3851,7.249152,2.4077,14555,0.001024,3.177472,,0.035584,0.16512,0,0.14336,0.004352,0.012032,,0.0025599999999999998,,1.074432
12622,88.372653897392283,19072768647226,1,7.2285006754100323,7.0725,7.343616,2.3447,14555,0.001024,3.291136,,0.035072,0.16153599999999999,0,0.14079999999999998,0.003072,0.010239999999999999,,0.0025599999999999998,,1.097216
12623,88.3797920989229,19072768717951,1,7.1382015012204647,7.7418,7.283456,2.2268,14555,0.001024,3.229184,,0.035584,0.163072,0.000256,0.14310399999999998,0.003328,0.011519999999999999,,0.002048,,1.3255679999999999
12624,88.387046102607712,19072768795369,1,7.2540035471320152,6.6725,7.11168,2.0938,14757,0.001024,3.1831039999999997,,0.039936,0.16768,0,0.14540799999999998,0.003072,0.010752,,0.002304,,1.078528
12625,88.394364002267565,19072768862094,1,7.317899726331234,7.974,7.243264,2.2328,14555,0.001024,3.0942719999999997,,0.0384,0.164608,0,0.14336,0.003328,0.012288,,0.0025599999999999998,,1.0964479999999999
12626,88.401652501417232,19072768941834,1,7.2884992696344852,6.8121,7.296512,2.3421,14555,0.001024,3.2319999999999998,,0.035072,0.15795199999999998,0,0.137728,0.010752,0.011776,,0.002304,,1.076992
12627,88.408406398809518,19072769009955,1,6.7538972944021225,6.7988,7.203584,2.0792,14555,0.001024,3.2665599999999997,,0.037376,0.16768,0.000256,0.146176,0.0038399999999999997,0.011007999999999999,,0.002304,,1.0764799999999999
12628,88.415322101757369,19072769077943,1,6.9157029502093792,7.3198,6.742272,2.2843,14555,0.001024,3.278336,,0.03456,0.155904,0,0.134912,0.0038399999999999997,0.010752,,0.002304,,1.091072
12629,88.422730796485254,19072769151141,1,7.4086948297917843,7.6658,6.930688,2.1008,14555,0.001024,3.289088,,0.039424,0.158976,0,0.137984,0.007424,0.012288,,0.0025599999999999998,,1.093888
12630,88.429953897392281,19072769227799,1,7.2231008671224117,6.8232,7.424768,2.0787,14555,0.001024,3.168256,,0.041471999999999995,0.153856,0.000256,0.13183999999999998,0.003328,0.011776,,0.002304,,1.40672
12631,88.436535402494329,19072769296031,1,6.5815052948892117,6.5724,7.131648,2.4874,14555,0.001024,3.23968,,0.0384,0.159744,0,0.13824,0.003072,0.011519999999999999,,0.0025599999999999998,,1.0982399999999999
12632,88.443261302437634,19072769361755,1,6.725899875164032,7.6314,6.641664,2.3644,14555,0.001024,3.190016,,0.034304,0.167936,0,0.146176,0.0038399999999999997,0.012288,,0.002304,,1.0979839999999998
12633,88.450274397675727,19072769438069,1,7.0130950771272182,7.3631,6.625792,1.9541,14555,0.001024,3.180288,,0.034048,0.16255999999999998,0,0.14079999999999998,0.003584,0.011264,,0.0025599999999999998,,1.078528
12634,88.4568047973356,19072769511700,1,6.5303994342684746,6.0925,6.99264,2.3368,14607,0.001024,3.2345599999999997,,0.034304,0.152064,0.000256,0.13183999999999998,0.0084479999999999989,0.010752,,0.002304,,1.0752
12635,88.4636998015873,19072769572625,1,6.89500430598855,6.9355,6.522112,2.0513,14555,0.001024,3.0881279999999998,,0.034304,0.16588799999999998,0,0.145152,0.003328,0.011519999999999999,,0.002304,,1.094144
12636,88.4701535005669,19072769641980,1,6.4536989666521549,7.0959,6.770688,2.2236,14555,0.001024,3.235584,,0.034048,0.15001599999999998,0.000256,0.130048,0.005632,0.010239999999999999,,0.002304,,1.092864
12637,88.47691840277777,19072769712939,1,6.7649022676050663,6.5031,6.534144,2.0644,14750,0.001024,3.097088,,0.03456,0.153088,0.000256,0.132608,0.003328,0.011007999999999999,,0.002304,,1.088512
12638,88.483593601190478,19072769777970,1,6.675198208540678,6.6369,6.812672,2.3006,14555,0.001024,3.186944,,0.03328,0.16153599999999999,0,0.141824,0.004096,0.010752,,0.0025599999999999998,,1.265664
12639,88.490373802437645,19072769844339,1,6.7802011035382748,7.2131,6.660096,2.036,14757,0.001024,3.234304,,0.03456,0.155904,0,0.134912,0.0076799999999999993,0.010496,,0.0025599999999999998,,1.07904
12640,88.497050396825387,19072769916470,1,6.6765942610800266,6.137,6.761472,2.1721,14555,0.001024,3.2847359999999997,,0.03456,0.15923199999999998,0,0.13824,0.0038399999999999997,0.012288,,0.002304,,1.092352
12641,88.503805399659853,19072769977840,1,6.7550027742981911,7.0134,6.638336,2.2351,14555,0.001024,3.170048,,0.034304,0.157696,0,0.13696,0.003328,0.011264,,0.0025599999999999998,,1.093888
12642,88.510440199829929,19072770047974,1,6.6348002292215824,6.4444,6.762752,2.1926,14555,0.001024,3.28576,,0.03456,0.160512,0,0.139008,0.007936,0.011007999999999999,,0.0025599999999999998,,1.074176
12643,88.51705559807256,19072770112418,1,6.6153984516859055,6.5944,6.541312,2.1909,14555,0.001024,3.0996479999999997,,0.034304,0.161792,0,0.142336,0.008192,0.010239999999999999,,0.002304,,1.090816
12644,88.523806901927429,19072770178362,1,6.7513040266931057,6.8044,6.665472,2.2185,105804,0.001024,3.1782399999999997,,0.034304,0.161024,0,0.138752,0.003584,0.011007999999999999,,0.002304,,1.0979839999999998
12645,88.530620897108847,19072770246406,1,6.813995074480772,6.4256,6.736128,2.5585,28940,0.001024,3.2399359999999997,,0.033791999999999996,0.15334399999999998,0.000256,0.133632,0.0038399999999999997,0.010239999999999999,,0.0025599999999999998,,1.099008
12646,88.537477097505672,19072770310662,1,6.856200285255909,7.1285,6.802944,0.5593,49697,0.001024,3.2363519999999997,,0.041728,0.15564799999999998,0.000256,0.13414399999999999,0.003328,0.011776,,0.002304,,1.075968
12647,88.544253096655325,19072770381947,1,6.77599897608161,7.2619,0.035584,2.3003,44703,0.001024,3.0942719999999997,,0.040704,0.16127999999999998,0,0.139008,0.011519999999999999,0.010752,,0.0025599999999999998,,1.076736
12648,88.550899397675735,19072770454566,1,6.646301131695509,5.8941,6.677504,2.3627,19503,0.001024,3.225088,,0.034048,0.157696,0,0.13644799999999999,0.006656,0.012288,,0.0025599999999999998,,1.092096
12649,88.557614200680263,19072770513507,1,6.7148031666874886,7.5557,6.7072,2.269,41563,0.001024,3.232256,,0.033535999999999996,0.160512,0.000256,0.13977599999999998,0.003584,0.010752,,0.0025599999999999998,,1.093632
12650,88.564372597789117,19072770589064,1,6.7583969794213772,6.5475,6.69568,2.4243,14555,0.001024,3.2394239999999996,,0.034048,0.166912,0,0.145664,0.003584,0.010752,,0.002304,,1.0944
12651,88.5713464994331,19072770654539,1,6.9739017635583878,6.519,6.65088,2.1519,14555,0.001024,3.237376,,0.03456,0.164096,0.000256,0.14336,0.003584,0.011007999999999999,,0.002304,,1.0762239999999998
12652,88.577976700680267,19072770719729,1,6.6302013583481312,6.4949,6.968064,2.3627,14555,0.001024,3.2954879999999998,,0.03456,0.1664,0.000256,0.145152,0.0038399999999999997,0.010752,,0.002304,,1.2554239999999999
12653,88.58464029903628,19072770784678,1,6.6635985858738422,7.1385,6.605056,2.2837,14555,0.001024,3.166464,,0.034304,0.164352,0,0.143616,0.003584,0.010752,,0.002304,,1.093376
12654,88.591443501984116,19072770856063,1,6.8032029084861279,6.9659,6.71872,2.0588,14757,0.0012799999999999999,3.279616,,0.034304,0.165376,0,0.143872,0.011776,0.010752,,0.0025599999999999998,,1.089024
12655,88.597995698696138,19072770925722,1,6.5521965734660625,6.5342,6.751744,2.2885,14555,0.001024,3.2919039999999997,,0.033535999999999996,0.161024,0,0.141312,0.011007999999999999,0.010752,,0.0025599999999999998,,1.0746879999999999
12656,88.604773802437634,19072770991064,1,6.7781037651002407,6.2697,6.571008,2.3386,14555,0.0012799999999999999,3.096832,,0.034048,0.162304,0,0.140032,0.0076799999999999993,0.011776,,0.002304,,1.092864
12657,88.6114841978458,19072771053761,1,6.7103952169418335,7.6205,6.677504,2.1776,14555,0.001024,3.2368639999999997,,0.034304,0.16768,0,0.14540799999999998,0.003584,0.012032,,0.0025599999999999998,,1.0944
12658,88.618126799886625,19072771129966,1,6.6426019184291363,6.0088,6.756352,2.1273,14555,0.0012799999999999999,3.287296,,0.034304,0.160512,0.000256,0.140544,0.003584,0.011776,,0.002304,,1.097472
12659,88.625017899659866,19072771190054,1,6.8910997360944748,6.6674,6.632448,2.4542,14555,0.001024,3.178752,,0.034816,0.159488,0,0.137728,0.0038399999999999997,0.009984,,0.0025599999999999998,,1.0964479999999999
12660,88.631739299886618,19072771256728,1,6.7214001901447773,6.72,6.8736,2.1635,14750,0.001024,3.232512,,0.03968,0.15616,0,0.136192,0.0076799999999999993,0.011519999999999999,,0.0025599999999999998,,1.092352
12661,88.638391496598629,19072771323928,1,6.6521968692541122,7.2452,6.630912,2.2799,14555,0.001024,3.1848959999999997,,0.03456,0.160512,0,0.13824,0.006144,0.010752,,0.002304,,1.0931199999999999
12662,88.645081901927441,19072771396380,1,6.6904053092002869,6.6656,6.633472,2.163,14555,0.001024,3.187712,,0.034304,0.158976,0,0.137984,0.004096,0.011519999999999999,,0.002304,,1.0931199999999999
12663,88.651769302721078,19072771463036,1,6.6874008625745773,6.3595,6.661376,2.0525,14555,0.001024,3.230976,,0.034304,0.15795199999999998,0,0.13568,0.0038399999999999997,0.011776,,0.002304,,1.073664
12664,88.65851209608843,19072771526631,1,6.7427931353449821,6.3368,6.751488,2.4261,14607,0.001024,3.1014399999999998,,0.038911999999999995,0.161792,0,0.141568,0.0076799999999999993,0.011776,,0.0025599999999999998,,1.095936
12665,88.665544097222224,19072771589999,1,7.0320009253919125,7.8205,6.696192,2.3547,14555,0.0012799999999999999,3.240192,,0.034304,0.155392,0,0.134912,0.00896,0.012288,,0.0025599999999999998,,1.095936
12666,88.672212996031746,19072771668204,1,6.6688987426459789,6.2142,6.942976,2.439,14555,0.001024,3.2865279999999997,,0.034048,0.15744,0,0.135424,0.003584,0.010239999999999999,,0.002304,,1.2569599999999999
12667,88.678890596655322,19072771730346,1,6.6776005551218987,7.0256,6.74048,2.2912,14555,0.001024,3.228672,,0.033535999999999996,0.159744,0,0.13977599999999998,0.003584,0.012032,,0.0025599999999999998,,1.090048
12668,88.685666999716545,19072771800602,1,6.7764031700789928,6.9236,6.656256,2.2146,14723,0.001024,3.2381439999999997,,0.034048,0.16255999999999998,0,0.14079999999999998,0.003328,0.010752,,0.002304,,1.087488
12669,88.692401395975054,19072771869838,1,6.734396331012249,6.4542,6.76224,2.1878,14589,0.001024,3.237632,,0.033791999999999996,0.14899199999999999,0,0.12928,0.003584,0.011007999999999999,,0.0025599999999999998,,1.09184
12670,88.699064597505668,19072771934380,1,6.6632013767957687,6.3473,6.638848,2.7583,20997,0.001024,3.193856,,0.03456,0.16025599999999998,0,0.139264,0.003584,0.010496,,0.0025599999999999998,,1.0964479999999999
12671,88.705891298185932,19072771997853,1,6.8267006427049637,7.0399,6.724864,2.0822,14555,0.001024,3.2750079999999997,,0.03456,0.16358399999999998,0,0.142592,0.003328,0.011776,,0.002304,,1.097472
12672,88.712747200963719,19072772068252,1,6.8559027276933193,6.7272,6.717696,2.3961,14555,0.001024,3.1715839999999997,,0.033791999999999996,0.16153599999999999,0,0.141824,0.007936,0.010239999999999999,,0.0025599999999999998,,1.095424
12673,88.7196963010204,19072772135524,1,6.94910017773509,6.594,6.925824,2.8849,14555,0.001024,3.2832,,0.034304,0.15564799999999998,0.000256,0.133632,0.003328,0.010496,,0.002304,,1.255936
12674,88.726237599206343,19072772201464,1,6.5412982366979122,7.6326,6.839296,2.7613,14555,0.001024,3.177984,,0.03968,0.15462399999999998,0.000256,0.13286399999999998,0.003328,0.011264,,0.0025599999999999998,,1.074176
12675,88.732940901360536,19072772277790,1,6.703302264213562,6.8193,6.604288,3.04,14555,0.001024,3.180288,,0.034304,0.160512,0,0.138752,0.008192,0.010752,,0.0025599999999999998,,1.0746879999999999
12676,88.7396503968254,19072772345983,1,6.7094955593347549,7.4968,6.680064,3.1573,14555,0.001024,3.246848,,0.033024,0.162304,0.000256,0.142592,0.007424,0.010752,,0.0025599999999999998,,1.074176
12677,88.746372101757359,19072772420951,1,6.7217047326266766,6.2012,6.689024,2.8915,14555,0.001024,3.239168,,0.034048,0.16127999999999998,0,0.141056,0.007936,0.010752,,0.002304,,1.075712
12678,88.753308900226756,19072772482963,1,6.9367983378469944,6.8399,6.709248,2.6969,14555,0.001024,3.2319999999999998,,0.033535999999999996,0.158976,0,0.139008,0.003584,0.010239999999999999,,0.0025599999999999998,,1.078528
12679,88.760183701814057,19072772551362,1,6.8748015910387039,6.805,6.915328,2.7501,14555,0.0012799999999999999,3.257088,,0.035328,0.16025599999999998,0.000256,0.139264,0.003072,0.011519999999999999,,0.0025599999999999998,,1.072384
12680,88.76697320011337,19072772619412,1,6.7894984968006611,6.7356,6.855168,2.7667,14555,0.001024,3.1744,,0.033535999999999996,0.1536,0,0.13414399999999999,0.0051199999999999996,0.012032,,0.002304,,1.270016
12681,88.773899000850335,19072772686768,1,6.9258008152246475,6.9811,6.763264,2.4496,88233,0.001024,3.272192,,0.03328,0.161792,0.000256,0.141824,0.004096,0.011776,,0.002304,,1.096704
12682,88.780584098639451,19072772756579,1,6.6850977018475533,6.3531,6.8224,2.5699,14750,0.001024,3.291648,,0.033535999999999996,0.155136,0,0.13568,0.007168,0.010239999999999999,,0.002304,,1.097728
12683,88.787499702380956,19072772820110,1,6.9156037643551826,6.6531,6.749184,0.776,14757,0.001024,3.2714239999999997,,0.033535999999999996,0.15564799999999998,0,0.135424,0.007936,0.012032,,0.002304,,1.075712
12684,88.7942674957483,19072772886641,1,6.76779355853796,8.4438,0.03584,2.5325,20339,0.001024,3.176192,,0.041728,0.160512,0,0.140544,0.003584,0.012288,,0.0025599999999999998,,1.093376
12685,88.8011679988662,19072772971079,1,6.9005033001303673,5.1318,6.667008,3.047,14555,0.001024,3.170048,,0.033791999999999996,0.155136,0,0.13516799999999998,0.0076799999999999993,0.010752,,0.002304,,1.074176
12686,88.807889002267572,19072773022397,1,6.7210034467279911,7.209,6.874624,2.5333,14555,0.001024,3.1861759999999997,,0.038655999999999996,0.15744,0,0.137216,0.003072,0.011007999999999999,,0.0025599999999999998,,1.093888
12687,88.81451150085033,19072773094487,1,6.6224983893334866,6.2025,6.698496,2.5675,14555,0.001024,3.2465919999999997,,0.033791999999999996,0.158464,0,0.13849599999999998,0.006912,0.010752,,0.0025599999999999998,,1.0762239999999998
12688,88.821269401927438,19072773156512,1,6.7579010501503944,7.7222,6.689024,2.9427,14555,0.001024,3.179264,,0.033535999999999996,0.159488,0,0.13952,0.0051199999999999996,0.010496,,0.002304,,1.074944
12689,88.827981802721084,19072773233734,1,6.7124008201062679,6.9132999999999996,6.704384,2.9647,14555,0.001024,3.177984,,0.034048,0.152576,0,0.13312,0.0097279999999999988,0.011519999999999999,,0.0025599999999999998,,1.076736
12690,88.8346748015873,19072773302867,1,6.692999042570591,6.5038,6.702336,2.9632,14555,0.001024,3.28192,,0.034304,0.159744,0.000256,0.137984,0.011519999999999999,0.010496,,0.002304,,1.074432
12691,88.841339696712012,19072773367905,1,6.664894986897707,6.96,6.688,3.2958,20484,0.001024,3.17696,,0.03328,0.15795199999999998,0,0.137728,0.007936,0.011007999999999999,,0.002304,,1.073408
12692,88.848148200113371,19072773437505,1,6.8085035309195518,6.6471,6.637568,2.3127,14555,0.001024,3.1093759999999997,,0.034048,0.164608,0.000256,0.143616,0.0038399999999999997,0.009984,,0.0025599999999999998,,1.090816
12693,88.855113598356,19072773503976,1,6.9653983227908611,5.6595,6.681856,2.8181,14555,0.001024,3.1902719999999998,,0.033535999999999996,0.15488,0,0.134656,0.0076799999999999993,0.010752,,0.002304,,1.072384
12694,88.861857100340131,19072773560571,1,6.7435018718242645,7.313,7.043584,2.926,14607,0.001024,3.292672,,0.033791999999999996,0.16127999999999998,0,0.141824,0.0076799999999999993,0.010752,,0.0025599999999999998,,1.299968
12695,88.868530697278914,19072773633701,1,6.6735967993736267,7.5065,6.714624,2.5985,14555,0.001024,3.232512,,0.033535999999999996,0.152064,0,0.13183999999999998,0.003584,0.011264,,0.002304,,1.093632
12696,88.875190299036277,19072773708766,1,6.65960181504488,5.5775,6.554112,3.0449,14555,0.001024,3.091712,,0.033791999999999996,0.16025599999999998,0,0.140544,0.003584,0.012288,,0.0025599999999999998,,1.074432
12697,88.8819713010204,19072773764541,1,6.7810020409524441,8.1226,6.752,3.0708,27861,0.001024,3.272704,,0.033791999999999996,0.15795199999999998,0.000256,0.13849599999999998,0.003584,0.010496,,0.002304,,1.071616
12698,88.888802295918367,19072773845767,1,6.8309949710965157,6.1403,6.773248,2.7924,14902,0.001024,3.271168,,0.034048,0.152576,0.000256,0.131584,0.003584,0.011519999999999999,,0.002304,,1.076736
12699,88.895513300736951,19072773907170,1,6.7110047675669193,6.8129,6.794752,2.3521,14555,0.001024,3.2719359999999997,,0.033791999999999996,0.15872,0.000256,0.139008,0.003328,0.010752,,0.0025599999999999998,,1.0946559999999999
12700,88.902402402210882,19072773975299,1,6.8891015835106373,5.618,6.69312,2.2044,14555,0.001024,3.1946239999999997,,0.03328,0.161792,0.000256,0.141824,0.008192,0.011519999999999999,,0.002304,,1.094144
12701,88.9092674957483,19072774031479,1,6.8650934845209122,7.3566,6.788864,2.1311,14555,0.001024,3.29472,,0.033791999999999996,0.159744,0,0.140032,0.0038399999999999997,0.010752,,0.0025599999999999998,,1.0746879999999999
12702,88.916002097505668,19072774105045,1,6.7346016876399517,6.3,6.9312,2.3557,14555,0.001024,3.27936,,0.033791999999999996,0.152832,0.000256,0.133376,0.007936,0.010496,,0.002304,,1.094144
12703,88.923064902210882,19072774168045,1,7.0628048852086067,6.8908,6.704384,2.5436,14555,0.001024,3.181056,,0.03456,0.159488,0,0.136704,0.007424,0.011776,,0.002304,,1.093376
12704,88.93015989937642,19072774236953,1,7.0949969813227654,6.6948,7.04768,2.8509,14555,0.0012799999999999999,3.232256,,0.034816,0.165376,0,0.14438399999999998,0.003584,0.011264,,0.0025599999999999998,,1.0897919999999999
12705,88.936878195861681,19072774303901,1,6.7182965576648712,7.1127,7.085312,2.5433,14750,0.001024,3.181056,,0.036095999999999996,0.162304,0,0.140544,0.005888,0.010496,,0.0025599999999999998,,1.100288
12706,88.943653302154189,19072774375028,1,6.7751063033938408,7.2751,6.695936,2.3846,14555,0.0012799999999999999,3.1999999999999997,,0.034048,0.16,0,0.13977599999999998,0.003584,0.011007999999999999,,0.002304,,1.098752
12707,88.950425198412688,19072774447779,1,6.7718960344791412,6.5516,6.72896,2.8572,14555,0.001024,3.233024,,0.033535999999999996,0.156672,0,0.13696,0.008192,0.010752,,0.0025599999999999998,,1.074176
12708,88.9570214994331,19072774513295,1,6.5963012166321278,7.3364,6.768896,2.2815,14555,0.001024,3.171328,,0.03456,0.312064,0.000256,0.132608,0.0097279999999999988,0.010239999999999999,,0.002304,,1.092096
12709,88.963797300170071,19072774586659,1,6.7758006043732166,5.9294,6.579456,2.6619,14555,0.001024,3.095296,,0.033024,0.15744,0,0.137728,0.003328,0.011776,,0.0025599999999999998,,1.095936
12710,88.970643501984128,19072774645953,1,6.8462016060948372,7.3454,6.763776,2.4007,14555,0.001024,3.29344,,0.034048,0.16358399999999998,0,0.143616,0.003584,0.011007999999999999,,0.0025599999999999998,,1.093632
12711,88.977423398526071,19072774719407,1,6.7798965610563755,5.9818,6.830592,2.2887,14555,0.001024,3.2906239999999998,,0.034304,0.16588799999999998,0,0.14438399999999998,0.0038399999999999997,0.011519999999999999,,0.002304,,1.092352
12712,88.984091496598637,19072774779225,1,6.6680982708930969,7.1705,6.757376,2.5458,14555,0.001024,3.295232,,0.034048,0.15923199999999998,0,0.13977599999999998,0.007936,0.010752,,0.002816,,1.0949119999999999
12713,88.990806901927428,19072774850930,1,6.7154052667319775,6.6542,6.6432,2.1351,14757,0.001024,3.17056,,0.034304,0.15488,0,0.13286399999999998,0.0076799999999999993,0.010752,,0.002304,,1.089024
12714,88.997697597789113,19072774917472,1,6.890696007758379,6.6427,6.692352,2.7421,14555,0.001024,3.18208,,0.034048,0.16255999999999998,0,0.141824,0.0076799999999999993,0.012288,,0.002304,,1.0746879999999999
12715,89.004376700680268,19072774983899,1,6.6791027784347534,7.3472,6.868736,2.8374,14555,0.001024,3.287552,,0.035584,0.158464,0.000256,0.137728,0.011776,0.011519999999999999,,0.0025599999999999998,,1.074176
12716,89.011052898242625,19072775057371,1,6.67619751766324,6.7311,6.659072,2.9784,14555,0.001024,3.237888,,0.034048,0.16383999999999999,0,0.141568,0.0038399999999999997,0.012288,,0.002304,,1.076992
12717,89.017744196428566,19072775124682,1,6.6912979818880558,6.8975,6.653952,2.3719,14555,0.001024,3.233536,,0.033791999999999996,0.15872,0,0.137216,0.003328,0.011264,,0.002304,,1.09568
12718,89.024310501700683,19072775193657,1,6.5663051791489124,6.384,6.671104,2.5803,88233,0.001024,3.1800319999999997,,0.03328,0.164608,0,0.14464,0.007936,0.011264,,0.0025599999999999998,,1.0944
12719,89.031424298469389,19072775257497,1,7.1137966588139534,6.7421,6.541824,3.0524,14555,0.0012799999999999999,3.102208,,0.033791999999999996,0.15744,0,0.137728,0.004608,0.012032,,0.002304,,1.075456
12720,89.038876700680262,19072775324918,1,7.452402263879776,6.8663,6.79808,0.8339,14555,0.001024,3.265792,,0.034048,0.158464,0.000256,0.139008,0.008192,0.010752,,0.002304,,1.072384
12721,89.045774000850344,19072775393581,1,6.8973000161349773,8.7686,0.035072,3.3129,14555,0.001024,3.1715839999999997,,0.034048,0.155392,0.000256,0.13516799999999998,0.007936,0.011007999999999999,,0.002304,,1.074944
12722,89.052596797052146,19072775481267,1,6.8227960728108883,5.3598,6.873856,3.1303,14555,0.0012799999999999999,3.243264,,0.034304,0.16588799999999998,0,0.14464,0.007936,0.011264,,0.0025599999999999998,,1.0752
12723,89.059587202380953,19072775534865,1,6.9904052652418613,7.663,6.804224,2.5915,14555,0.001024,3.291136,,0.033535999999999996,0.148736,0.000256,0.128768,0.0038399999999999997,0.011007999999999999,,0.002816,,1.088256
12724,89.066267098922893,19072775611495,1,6.6798967309296131,6.3183,6.968832,2.5787,14607,0.001024,3.277824,,0.03968,0.150528,0.000256,0.130304,0.0038399999999999997,0.012032,,0.002304,,1.089536
12725,89.072952898242633,19072775674678,1,6.685799453407526,6.8222,6.660096,3.238,14555,0.001024,3.179264,,0.033535999999999996,0.157184,0,0.13747199999999998,0.003584,0.010239999999999999,,0.002304,,1.07008
12726,89.079774000850335,19072775742900,1,6.82110246270895,6.7506,6.676224,2.5441,14555,0.001024,3.18208,,0.033535999999999996,0.160512,0.000256,0.141056,0.0038399999999999997,0.010496,,0.0025599999999999998,,1.088768
12727,89.086582801870748,19072775810406,1,6.8088010884821415,6.6715,6.797568,2.8898,14757,0.001024,3.2936959999999997,,0.034048,0.160512,0,0.14079999999999998,0.008192,0.011776,,0.002304,,1.097728
12728,89.093426395975058,19072775877121,1,6.8435939028859138,6.4189,6.772992,2.6173,14750,0.001024,3.1959039999999996,,0.034048,0.16153599999999999,0.000256,0.141056,0.007936,0.010752,,0.002304,,1.096192
12729,89.100200099206347,19072775941310,1,6.7737032659351826,6.9585,6.827008,2.787,14555,0.001024,3.289856,,0.033535999999999996,0.15692799999999998,0,0.137216,0.0076799999999999993,0.011776,,0.0025599999999999998,,1.0931199999999999
12730,89.106984297052151,19072776010895,1,6.7841978743672371,7.1424,6.752768,2.4017,14555,0.001024,3.229184,,0.033535999999999996,0.157184,0,0.137216,0.004096,0.011776,,0.0025599999999999998,,1.0944
12731,89.1137623015873,19072776082319,1,6.7780045792460442,6.6544,6.771712,2.7242,14555,0.001024,3.22816,,0.034048,0.165376,0,0.14438399999999998,0.00896,0.012288,,0.002304,,1.092608
12732,89.1202681972789,19072776148863,1,6.505895871669054,6.6949,6.635264,2.4334,14555,0.001024,3.18336,,0.033791999999999996,0.15923199999999998,0,0.139264,0.003584,0.011264,,0.002304,,1.0915839999999999
12733,89.126959601757363,19072776215812,1,6.6914046183228493,6.5995,6.593024,2.5983,14555,0.001024,3.178752,,0.033535999999999996,0.14976,0,0.129792,0.005888,0.011007999999999999,,0.0025599999999999998,,1.098496
12734,89.133835898526073,19072776281807,1,6.8762968294322491,7.1753,6.670848,2.453,14555,0.001024,3.242752,,0.033791999999999996,0.153856,0,0.13312,0.009216,0.011264,,0.0025599999999999998,,1.093632
12735,89.14050749716553,19072776353560,1,6.6715986467897892,6.5816,6.862336,2.4084,14555,0.001024,3.1746559999999997,,0.033791999999999996,0.301824,0,0.13516799999999998,0.005632,0.010752,,0.002304,,1.0946559999999999
12736,89.147247498582757,19072776419376,1,6.7400014959275723,6.3705,6.657024,2.2929,14555,0.001024,3.1733759999999998,,0.034048,0.15129599999999999,0,0.13183999999999998,0.003584,0.011776,,0.0025599999999999998,,1.0949119999999999
12737,89.153918296485259,19072776483081,1,6.67079770937562,6.3535,6.706688,2.6713,14555,0.001024,3.1818239999999998,,0.033535999999999996,0.164352,0.000256,0.144128,0.004096,0.012032,,0.0025599999999999998,,1.092352
12738,89.160681101190477,19072776546616,1,6.7628049291670322,7.2787,6.651136,2.1387,14555,0.001024,3.179264,,0.033791999999999996,0.16486399999999998,0,0.142592,0.0076799999999999993,0.011264,,0.002304,,1.08928
12739,89.167323901643982,19072776619403,1,6.6428002901375294,6.9799,6.739968,2.9136,14555,0.001024,3.2399359999999997,,0.033535999999999996,0.148736,0,0.128512,0.0038399999999999997,0.010496,,0.0025599999999999998,,1.0798079999999999
12740,89.1741248015873,19072776689202,1,6.8008997477591038,6.458,6.627072,2.8895,14555,0.001024,3.177216,,0.034048,0.154368,0.000256,0.133632,0.003584,0.012032,,0.002304,,1.0795519999999998
12741,89.181019897959175,19072776753782,1,6.8950965069234371,6.9686,6.771712,2.6774,14555,0.001024,3.237888,,0.033791999999999996,0.162816,0,0.141824,0.003584,0.011776,,0.002304,,1.09184
12742,89.18771140164398,19072776823468,1,6.6915038041770458,6.6555,6.887936,2.8063,14757,0.001024,3.2737279999999997,,0.035328,0.163328,0,0.142848,0.0084479999999999989,0.010496,,0.002304,,1.0944
12743,89.194538102324259,19072776890023,1,6.8267006427049637,6.4818,6.660608,2.5736,14555,0.001024,3.1764479999999997,,0.034048,0.16486399999999998,0.000256,0.14464,0.0076799999999999993,0.011776,,0.002304,,1.096704
12744,89.201369897959182,19072776954841,1,6.8317954428493977,6.7216,6.801408,2.7959,20997,0.001024,3.26912,,0.033535999999999996,0.16127999999999998,0,0.141824,0.003584,0.011264,,0.0025599999999999998,,1.0746879999999999
12745,89.208225297619038,19072777022057,1,6.855399813503027,7.1378,6.815744,3.4486,14555,0.001024,3.287296,,0.034048,0.16486399999999998,0,0.143872,0.003584,0.012288,,0.0025599999999999998,,1.0728959999999998
12746,89.215034297052156,19072777093435,1,6.8089994601905346,6.8805,6.85184,2.714,14555,0.001024,3.299584,,0.033791999999999996,0.15488,0,0.134656,0.006144,0.010752,,0.0025599999999999998,,1.095936
12747,89.221724199263036,19072777162240,1,6.6899023950099945,6.6558,6.78528,2.5665,14555,0.001024,3.267328,,0.034048,0.16588799999999998,0,0.144128,0.011519999999999999,0.012288,,0.002304,,1.0913279999999999
12748,89.228590497448977,19072777228798,1,6.8662981502711773,6.7545,6.67392,2.6242,14555,0.001024,3.168768,,0.034048,0.164352,0,0.143872,0.0076799999999999993,0.012032,,0.002304,,1.093376
12749,89.235193998015873,19072777296343,1,6.6035003401339054,6.9514,6.842112,2.8585,14555,0.0012799999999999999,3.1679999999999997,,0.039168,0.164352,0,0.14310399999999998,0.0038399999999999997,0.010752,,0.002304,,1.071872
12750,89.241867899659866,19072777365857,1,6.6739018075168133,7.2094,6.579712,2.8656,14555,0.001024,3.0996479999999997,,0.034048,0.15616,0,0.136192,0.003584,0.012032,,0.002304,,1.07392
12751,89.248577402210884,19072777437951,1,6.7095025442540646,6.2758,6.661632,3.0019,14750,0.001024,3.18464,,0.034048,0.15616,0.000256,0.135424,0.003584,0.010496,,0.002048,,1.07776
12752,89.255677402210878,19072777500709,1,7.1000000461936,6.7387,6.687232,2.7481,14555,0.0012799999999999999,3.181056,,0.033535999999999996,0.16,0,0.140032,0.0038399999999999997,0.012032,,0.0025599999999999998,,1.097728
12753,89.263192198129246,19072777568096,1,7.5147957541048527,6.3279,7.005184,3.1267,14555,0.001024,3.1795199999999997,,0.03456,0.1536,0,0.13286399999999998,0.003584,0.010752,,0.002304,,1.096192
12754,89.270460700113375,19072777631375,1,7.2685019113123417,6.4869,7.579648,2.505,14607,0.001024,3.24096,,0.035328,0.157184,0,0.13747199999999998,0.003328,0.010239999999999999,,0.002304,,1.3539839999999999
12755,89.278200602324262,19072777696244,1,7.7399020083248615,7.1881,7.25248,2.6331,88233,0.001024,3.2888319999999998,,0.039936,0.15103999999999998,0.000256,0.131072,0.0051199999999999996,0.011519999999999999,,0.0025599999999999998,,1.092864
12756,89.285715695861668,19072777768125,1,7.5150933116674423,7.7235,7.710208,2.745,14757,0.001024,3.2931839999999997,,0.03456,0.161024,0.000256,0.140032,0.003328,0.012288,,0.002304,,1.0946559999999999
12757,89.2935044005102,19072777845360,1,7.7887047082185745,7.4088,7.365632,0.7392,14555,0.001024,3.199232,,0.033791999999999996,0.152576,0,0.132096,0.007936,0.011776,,0.002304,,1.3491199999999999
12758,89.300598802437634,19072777919448,1,7.0944018661975861,9.0254,0.035328,2.8278,14555,0.001024,3.266816,,0.04224,0.157184,0.000256,0.1344,0.007424,0.012799999999999999,,0.002816,,1.2702719999999998
12759,89.307694302721089,19072778009702,1,7.095500361174345,6.4142,7.085056,2.627,14555,0.001024,3.0881279999999998,,0.034304,0.158976,0.000256,0.139008,0.007936,0.011264,,0.002304,,1.3337599999999998
12760,89.31475749716553,19072778073844,1,7.0631946437060833,7.6145,7.084032,3.041,14555,0.001024,3.097088,,0.037376,0.165376,0,0.145152,0.0076799999999999993,0.011007999999999999,,0.002304,,1.0915839999999999
12761,89.322434998582764,19072778149989,1,7.6775015331804752,7.4288,7.028736,2.6429,14555,0.001024,3.241472,,0.03712,0.161792,0,0.13977599999999998,0.003072,0.010496,,0.0025599999999999998,,1.09696
12762,89.329773802437643,19072778224277,1,7.3388037271797657,6.8185,7.665408,2.6318,14555,0.0012799999999999999,3.232512,,0.035328,0.15872,0.000256,0.137728,0.003584,0.011519999999999999,,0.0025599999999999998,,1.3406719999999999
12763,89.337094997165536,19072778292462,1,7.3211947456002235,7.1535,7.315456,2.595,14555,0.001024,3.27424,,0.034304,0.40831999999999996,0,0.132608,0.005376,0.012288,,0.002304,,1.09952
12764,89.344453302154193,19072778363997,1,7.3583051562309265,7.7381,7.204352,2.7255,14555,0.001024,3.292416,,0.039936,0.159744,0.000256,0.139264,0.007424,0.010496,,0.0025599999999999998,,1.094144
12765,89.35175269982993,19072778441378,1,7.2993976064026356,7.5273,7.34464,3.2911,14555,0.001024,3.286784,,0.035584,0.158976,0.000256,0.13747199999999998,0.0076799999999999993,0.010239999999999999,,0.002304,,1.076736
12766,89.358857199546478,19072778516651,1,7.1044997312128544,7.0627,7.371264,2.6634,14555,0.001024,3.266048,,0.034304,0.15795199999999998,0.000256,0.13644799999999999,0.004096,0.010496,,0.002304,,1.3306879999999999
12767,89.366933900226755,19072778587278,1,8.0767003819346428,7.1443,7.09376,2.381,14555,0.001024,3.1818239999999998,,0.034816,0.158464,0,0.137984,0.003328,0.010496,,0.0025599999999999998,,1.08928
12768,89.374044798752834,19072778658721,1,7.11089838296175,7.5666,7.968256,2.8098,14555,0.0012799999999999999,3.268096,,0.035328,0.16947199999999998,0,0.1472,0.009984,0.012288,,0.002304,,1.3373439999999999
12769,89.381217396541942,19072778734387,1,7.1725975722074509,6.9961,7.166464,2.8247,14555,0.0012799999999999999,3.2755199999999998,,0.033535999999999996,0.162304,0,0.142336,0.0038399999999999997,0.010239999999999999,,0.0025599999999999998,,1.383168
12770,89.388693700396828,19072778804348,1,7.4763037264347076,7.8161,7.1616,2.4483,14757,0.001024,3.23968,,0.035328,0.158464,0,0.137216,0.0076799999999999993,0.010239999999999999,,0.002304,,1.088256
12771,89.396179301303846,19072778882509,1,7.485601119697094,7.5424,7.205632,2.8488,14555,0.001024,3.168256,,0.04224,0.154368,0.000256,0.134656,0.0076799999999999993,0.010752,,0.0025599999999999998,,1.087744
12772,89.403322902494324,19072778957933,1,7.1436013095080853,6.6753,7.468288,2.7775,14750,0.001024,3.276032,,0.033791999999999996,0.14899199999999999,0,0.129024,0.0076799999999999993,0.011007999999999999,,0.002304,,1.3488639999999998
12773,89.410906901927433,19072779024686,1,7.583999540656805,7.4629,7.11296,3.1791,14555,0.001024,3.2302079999999997,,0.039168,0.16025599999999998,0,0.140032,0.007424,0.010752,,0.0025599999999999998,,1.087744
12774,89.418639002267568,19072779099315,1,7.7321003191173077,7.5489,7.565568,2.9553,14555,0.001024,3.172352,,0.040192,0.16153599999999999,0,0.140288,0.0076799999999999993,0.011776,,0.002304,,1.095936
12775,89.425658397108833,19072779174804,1,7.0193950086832047,7.0261,7.711488,2.7844,14555,0.001024,3.188224,,0.038911999999999995,0.150272,0.000256,0.130048,0.007424,0.011264,,0.0025599999999999998,,1.503488
12776,89.432857001133783,19072779245065,1,7.1986038237810135,8.0173,7.000064,2.7125,14555,0.001024,3.266048,,0.039424,0.15872,0,0.137216,0.007936,0.010496,,0.002816,,1.0915839999999999
12777,89.440064101473922,19072779325238,1,7.2071002796292305,8.0068,7.175168,2.5704,14555,0.001024,3.27424,,0.03456,0.151552,0,0.131072,0.003328,0.011264,,0.002304,,1.093888
12778,89.447085196995459,19072779405306,1,7.0210956037044525,6.645,7.178752,2.7218,14555,0.001024,3.272448,,0.033791999999999996,0.153088,0,0.133376,0.003584,0.010239999999999999,,0.002304,,1.3291519999999999
12779,89.45460279903628,19072779471756,1,7.5176018290221691,7.8115,7.009792,2.5604,14555,0.001024,3.185408,,0.035328,0.15872,0,0.138752,0.011007999999999999,0.009984,,0.002816,,1.0728959999999998
12780,89.461957596371875,19072779549871,1,7.3547973297536373,7.3358,7.497728,2.1889,14555,0.001024,3.2363519999999997,,0.036351999999999995,0.35814399999999996,0,0.337408,0.006144,0.010752,,0.002304,,1.367808
12781,89.482105598072565,19072779623229,1,20.148001611232758,5.9847,7.325952,2.7914,14555,0.001024,3.2363519999999997,,0.036351999999999995,0.35814399999999996,0,0.337408,0.006144,0.010752,,0.002304,,1.367808
12782,89.487702898242631,19072779683076,1,5.597300361841917,7.5416,7.275264,3.239,14809,0.001024,3.291136,,0.03456,0.158464,0,0.137728,0.007936,0.011007999999999999,,0.002304,,1.331968
12783,89.495249702380946,19072779758492,1,7.5468039140105247,7.5111,7.36384,3.0134,14555,0.001024,3.278848,,0.034048,0.164352,0.000256,0.14310399999999998,0.003584,0.010752,,0.002304,,1.2638719999999999
12784,89.502619997165525,19072779833603,1,7.3702950030565262,20.3649,7.253248,2.8178,14555,0.001024,3.278848,,0.034048,0.164352,0.000256,0.14310399999999998,0.003584,0.010752,,0.002304,,1.2638719999999999
12785,89.510045996315185,19072780037252,1,7.4259992688894272,5.6308,7.175424,2.7014,14555,0.0012799999999999999,3.1843839999999997,,0.035328,0.153088,0,0.132608,0.003584,0.011264,,0.0025599999999999998,,1.074944
12786,89.517632298752829,19072780093560,1,7.5863022357225418,8.8051,7.40992,2.4518,14555,0.001024,3.26144,,0.03456,0.16383999999999999,0,0.14336,0.003328,0.011264,,0.0025599999999999998,,1.0897919999999999
12787,89.524815001417224,19072780181611,1,7.1827028878033161,6.6051,7.332096,2.5025,14555,0.001024,3.09632,,0.034816,0.15129599999999999,0,0.130816,0.003328,0.011776,,0.0025599999999999998,,1.0949119999999999
12788,89.5322128968254,19072780247662,1,7.3978952132165432,7.371,7.126272,2.8249,88233,0.001024,3.194368,,0.034816,0.151552,0.000256,0.131328,0.011519999999999999,0.010752,,0.0025599999999999998,,1.075456
12789,89.539488895975055,19072780321372,1,7.2759990580379963,8.225,7.199488,2.7533,14555,0.001024,3.28448,,0.034816,0.151808,0,0.132352,0.003584,0.011007999999999999,,0.002304,,1.092864
12790,89.547526700680265,19072780403622,1,8.0378046259284019,6.3988,7.255808,0.6998,14555,0.001024,3.20512,,0.035584,0.1536,0,0.13312,0.006656,0.011776,,0.002304,,1.5664639999999999
12791,89.554861500850336,19072780467610,1,7.3347999714314938,8.5373,0.036352,2.7026,14750,0.001024,3.2913919999999997,,0.033791999999999996,0.16486399999999998,0,0.142336,0.003328,0.011264,,0.0025599999999999998,,1.3255679999999999
12792,89.562448001700673,19072780552983,1,7.5865010730922222,5.918,7.325696,2.6522,14555,0.001024,3.2967679999999997,,0.035072,0.157184,0,0.13568,0.003072,0.012288,,0.002304,,1.2587519999999999
12793,89.569801700680273,19072780612163,1,7.3536988347768784,8.1577,7.56608,2.9665,14555,0.001024,3.175424,,0.034048,0.15488,0.000256,0.134656,0.004096,0.011264,,0.002304,,1.389824
12794,89.57698039965986,19072780693740,1,7.1786991320550442,7.0027,7.235328,2.7524,14555,0.001024,3.1759359999999996,,0.039168,0.162304,0,0.140288,0.0076799999999999993,0.011264,,0.002304,,1.269248
12795,89.584196201814052,19072780763767,1,7.21580209210515,7.8574,7.18848,2.6798,14555,0.001024,3.197952,,0.04224,0.166912,0.000256,0.14438399999999998,0.0076799999999999993,0.011007999999999999,,0.0025599999999999998,,1.097728
12796,89.591481299603174,19072780842341,1,7.2850976139307022,6.864,7.254016,2.9404,14757,0.001024,3.272704,,0.039168,0.16025599999999998,0,0.13952,0.009472,0.011007999999999999,,0.002048,,1.385472
12797,89.598656802721081,19072780910981,1,7.1755032986402512,8.2331,7.23712,2.6614,14555,0.001024,3.169536,,0.035328,0.156672,0.000256,0.13516799999999998,0.003584,0.012032,,0.0025599999999999998,,1.2019199999999999
12798,89.606102997448971,19072780993312,1,7.4461945332586765,6.4248,7.19488,2.6542,14555,0.001024,3.17696,,0.035328,0.159488,0.000256,0.137984,0.008192,0.011264,,0.002304,,1.266176
12799,89.613087896825391,19072781057560,1,6.9848992861807346,7.4838,7.415296,2.6518,14555,0.001024,3.237888,,0.037632,0.16358399999999998,0.000256,0.141568,0.003328,0.010239999999999999,,0.002304,,1.094144
12800,89.619897300170067,19072781132398,1,6.80940318852663,7.0335,6.962944,2.654,14555,0.001024,3.2296959999999997,,0.03968,0.162816,0,0.142336,0.007424,0.011519999999999999,,0.0025599999999999998,,1.09184
12801,89.627164002267577,19072781202733,1,7.2667021304368973,7.385,6.799872,2.6373,14555,0.001024,3.265024,,0.033791999999999996,0.15795199999999998,0.000256,0.13824,0.0076799999999999993,0.011519999999999999,,0.0025599999999999998,,1.092096
12802,89.634709899376418,19072781276583,1,7.5458972714841366,6.5735,7.001344,2.5939,14555,0.001024,3.297792,,0.039168,0.16512,0,0.14310399999999998,0.007424,0.010752,,0.002304,,1.093632
12803,89.641873802437644,19072781342318,1,7.1639032103121281,7.192,7.524352,3.1577,14555,0.001024,3.2332799999999997,,0.042752,0.154112,0.000256,0.13312,0.003328,0.010752,,0.002304,,1.430528
12804,89.648692701247157,19072781414238,1,6.81889895349741,7.1705,7.167232,2.6377,14555,0.001024,3.2386559999999998,,0.035584,0.165376,0,0.143616,0.0048639999999999994,0.011776,,0.002048,,1.09184
12805,89.6553508999433,19072781485943,1,6.6581987775862217,7.8387,6.778624,2.8972,14555,0.001024,3.2913919999999997,,0.033535999999999996,0.150784,0,0.13055999999999998,0.003584,0.011007999999999999,,0.0025599999999999998,,1.080576
12806,89.662324000850333,19072781564330,1,6.9731008261442184,7.0218,6.644224,2.6805,14555,0.001024,3.178496,,0.034304,0.162816,0,0.142336,0.007424,0.012032,,0.0025599999999999998,,1.097216
12807,89.668976700680275,19072781634548,1,6.6526997834444046,6.735,6.953472,2.5292,14555,0.001024,3.2704,,0.035584,0.158208,0,0.137728,0.0097279999999999988,0.010752,,0.002304,,1.089536
12808,89.675642396541946,19072781701898,1,6.6656959243118763,7.0649,6.62144,2.8729,14555,0.0012799999999999999,3.1897599999999997,,0.03328,0.15923199999999998,0,0.13952,0.003584,0.011007999999999999,,0.0025599999999999998,,1.076736
12809,89.682430796485264,19072781772547,1,6.7884000018239021,6.8384,6.649088,2.6268,14555,0.001024,3.22688,,0.033791999999999996,0.158464,0.000256,0.137728,0.003328,0.010752,,0.002304,,1.076736
12810,89.689052600623583,19072781840931,1,6.6218040883541107,6.6361,6.766336,2.5153,14809,0.001024,3.2327679999999996,,0.033791999999999996,0.162304,0,0.142848,0.004096,0.010496,,0.0025599999999999998,,1.0931199999999999
12811,89.695968296485262,19072781907292,1,6.91569596529007,6.5068,6.60352,2.6984,14555,0.001024,3.195648,,0.033791999999999996,0.156672,0.000256,0.134912,0.003584,0.011007999999999999,,0.002304,,1.0731519999999999
12812,89.702672696995464,19072781972360,1,6.7044002935290337,7.0335,6.892032,2.5637,20997,0.001024,3.240192,,0.03968,0.16614399999999999,0,0.14464,0.0076799999999999993,0.010752,,0.002304,,1.095168
12813,89.709497498582763,19072782042695,1,6.8248016759753227,6.4332,6.690048,2.6464,14750,0.001024,3.177472,,0.034048,0.160512,0.000256,0.13849599999999998,0.0038399999999999997,0.011007999999999999,,0.002304,,1.074432
12814,89.716400297619046,19072782107027,1,6.9027990102767944,7.0572,6.795264,2.7532,14555,0.001024,3.2755199999999998,,0.033791999999999996,0.164096,0,0.14336,0.003584,0.010239999999999999,,0.002304,,1.07392
12815,89.723362096088437,19072782177599,1,6.961798295378685,6.8706,6.871552,2.7755,14555,0.001024,3.182848,,0.038911999999999995,0.159744,0.000256,0.137984,0.003584,0.011264,,0.002304,,1.090048
12816,89.729998100907025,19072782246305,1,6.6360048949718475,6.3648,6.95296,2.7369,14555,0.001024,3.23968,,0.034048,0.15923199999999998,0,0.137216,0.007936,0.010239999999999999,,0.002304,,1.097216
12817,89.736969196428561,19072782309953,1,6.9710956886410713,7.0094,6.607104,2.7482,14555,0.001024,3.101952,,0.034048,0.164096,0.000256,0.142592,0.0076799999999999993,0.011264,,0.002304,,1.100288
12818,89.743845996315187,19072782380047,1,6.8767997436225414,6.7449,6.942464,2.6845,14555,0.001024,3.23584,,0.038655999999999996,0.161024,0.000256,0.140544,0.007424,0.012032,,0.002304,,1.0946559999999999
12819,89.750574397675734,19072782447496,1,6.7284014075994492,6.5853,6.772992,2.3423,14555,0.001024,3.229184,,0.034048,0.163072,0,0.14207999999999998,0.007424,0.009984,,0.0025599999999999998,,1.093632
12820,89.757270599489786,19072782513349,1,6.6962018609046936,7.2373,6.79552,2.7984,14555,0.001024,3.264512,,0.034304,0.158976,0,0.13824,0.0076799999999999993,0.011776,,0.002304,,1.092608
12821,89.764136302437635,19072782585722,1,6.865703035145998,6.4118,6.678016,2.5329,14555,0.001024,3.19232,,0.033791999999999996,0.15692799999999998,0,0.13696,0.007936,0.012032,,0.002304,,1.090816
12822,89.770962202380943,19072782649840,1,6.8259001709520817,7.1032,6.833408,2.3245,14555,0.001024,3.098624,,0.038655999999999996,0.156672,0,0.135936,0.0076799999999999993,0.011264,,0.0025599999999999998,,1.092608
12823,89.77767719671202,19072782720872,1,6.714994553476572,6.4482,6.800384,2.4035,14555,0.001024,3.297792,,0.033791999999999996,0.162304,0,0.14207999999999998,0.009216,0.010496,,0.0025599999999999998,,1.09568
12824,89.784705697278909,19072782785354,1,7.02850054949522,7.2314,6.703872,2.502,88233,0.001024,3.2319999999999998,,0.034048,0.161024,0,0.13977599999999998,0.007936,0.011776,,0.002816,,1.094144
12825,89.791311500850341,19072782857668,1,6.6058035008609295,6.4978,6.99776,2.4927,14757,0.001024,3.281408,,0.039424,0.15923199999999998,0,0.137728,0.0076799999999999993,0.012288,,0.002304,,1.089024
12826,89.798501197562359,19072782922646,1,7.1896966546773911,6.6694,6.586368,0.6817,14555,0.001024,3.194112,,0.033535999999999996,0.14976,0,0.130048,0.007936,0.011264,,0.0025599999999999998,,1.073664
12827,89.805122002551016,19072782989340,1,6.6208047792315483,8.2027,0.046848,2.4413,14555,0.001024,3.237376,,0.040448,0.16614399999999999,0,0.146176,0.0076799999999999993,0.0097279999999999988,,0.002816,,1.074944
12828,89.811967998866209,19072783071367,1,6.8459962494671345,5.2454,6.667264,2.2935,14555,0.001024,3.1813119999999997,,0.034048,0.16255999999999998,0.000256,0.141312,0.0076799999999999993,0.010239999999999999,,0.002304,,1.095936
12829,89.818652600623579,19072783123821,1,6.6846017725765705,7.6185,6.744064,2.4507,14555,0.001024,3.286784,,0.033791999999999996,0.15923199999999998,0,0.13747199999999998,0.006912,0.011519999999999999,,0.0025599999999999998,,1.092864
12830,89.8252586026077,19072783200006,1,6.6060018725693226,6.4907,6.737408,2.4419,14555,0.001024,3.2895999999999996,,0.034304,0.153088,0,0.132352,0.007424,0.010496,,0.0025599999999999998,,1.0915839999999999
12831,89.832002699829928,19072783264913,1,6.7440974526107311,7.0098,6.59456,2.5006,14555,0.001024,3.180288,,0.034304,0.155136,0,0.1344,0.007936,0.011007999999999999,,0.002304,,1.09184
12832,89.838594699546476,19072783335011,1,6.5919999033212662,6.3166,6.715904,2.1034,14555,0.001024,3.287552,,0.034304,0.15744,0,0.135424,0.007424,0.012288,,0.002304,,1.085184
12833,89.845345599489789,19072783398177,1,6.7508998326957226,6.4363,6.568448,2.4002,14555,0.001024,3.0978559999999997,,0.034048,0.154112,0.000256,0.13286399999999998,0.0076799999999999993,0.011007999999999999,,0.002304,,1.092096
12834,89.8520633999433,19072783462540,1,6.7178006283938885,6.642,6.728448,2.7382,14555,0.001024,3.2399359999999997,,0.034304,0.16486399999999998,0.000256,0.144128,0.0076799999999999993,0.011519999999999999,,0.002304,,1.0931199999999999
12835,89.859109700963714,19072783528960,1,7.0463009178638458,6.6997,6.700544,2.1511,14555,0.001024,3.243264,,0.034304,0.159488,0,0.138752,0.007936,0.010752,,0.0025599999999999998,,1.076736
12836,89.865871102607713,19072783595957,1,6.7614014260470867,6.5423,7.025664,2.4673,14750,0.001024,3.1884799999999998,,0.034048,0.165376,0,0.144896,0.007936,0.011007999999999999,,0.002304,,1.095168
12837,89.873050800736962,19072783661380,1,7.1796979755163193,7.1473,6.729216,2.3326,14555,0.001024,3.223808,,0.03456,0.16768,0,0.14592,0.0076799999999999993,0.012032,,0.0025599999999999998,,1.09568
12838,89.880424100056686,19072783732853,1,7.3732994496822357,6.7316,6.99648,2.4378,14555,0.001024,3.174912,,0.03968,0.15795199999999998,0,0.13747199999999998,0.003328,0.010496,,0.0025599999999999998,,1.0746879999999999
12839,89.887744401927435,19072783800169,1,7.3203020729124546,6.8872,7.377408,2.3682,14757,0.001024,3.282432,,0.0448,0.16025599999999998,0,0.13849599999999998,0.0076799999999999993,0.010239999999999999,,0.002816,,1.259776
12840,89.894929301303847,19072783869041,1,7.1848994120955467,7.5722,7.287552,2.5025,14607,0.001024,3.1751679999999998,,0.035072,0.157184,0,0.13696,0.0076799999999999993,0.010752,,0.002304,,1.092096
12841,89.90226899801587,19072783944763,1,7.3396968655288219,6.9461,7.167744,2.213,14555,0.001024,3.1872,,0.03456,0.157184,0.000256,0.13696,0.007936,0.012032,,0.002304,,1.349888
12842,89.909513895975053,19072784014224,1,7.24489800632,7.403,7.323136,2.864,14555,0.001024,3.18592,,0.044031999999999995,0.165376,0,0.144896,0.003584,0.011007999999999999,,0.002304,,1.27104
12843,89.917207596371881,19072784088254,1,7.69370049238205,7.3883,7.21152,2.5172,14555,0.001024,3.1715839999999997,,0.039936,0.16358399999999998,0.000256,0.141312,0.007936,0.011776,,0.002304,,1.09568
12844,89.924355697278912,19072784162137,1,7.14810099452734,7.4945,7.680256,2.401,14555,0.001024,3.287552,,0.035584,0.162816,0.000256,0.142592,0.007424,0.011776,,0.002304,,1.076736
12845,89.9317670989229,19072784237082,1,7.4114017188549042,6.8554,7.12064,2.4046,14555,0.001024,3.100672,,0.035584,0.166656,0,0.14540799999999998,0.003328,0.010496,,0.002304,,1.26592
12846,89.939225496031739,19072784305636,1,7.4583971872925758,7.7312,7.3856,2.5096,14555,0.001024,3.2895999999999996,,0.039936,0.163328,0,0.14207999999999998,0.0076799999999999993,0.010239999999999999,,0.002304,,1.077248
12847,89.947048001700679,19072784382948,1,7.8225061297416687,7.3137,7.43424,2.4464,14555,0.001024,3.230464,,0.03456,0.16383999999999999,0,0.14310399999999998,0.0076799999999999993,0.010496,,0.0025599999999999998,,1.091072
12848,89.954591801303849,19072784456085,1,7.5437994673848152,7.4261,7.752448,2.8863,14555,0.001024,3.1884799999999998,,0.033535999999999996,0.155904,0,0.136192,0.0076799999999999993,0.010752,,0.002304,,2.0152319999999997
12849,89.962245301870752,19072784530346,1,7.65350041911006,8.3139,7.580672,2.8803,14555,0.001024,3.2217599999999997,,0.040959999999999996,0.15923199999999998,0,0.137728,0.007936,0.011519999999999999,,0.002304,,1.26976
12850,89.969483900226749,19072784613485,1,7.2385985404253006,7.5384,7.635968,2.4506,14555,0.001024,3.274496,,0.03584,0.15488,0.000256,0.133376,0.0076799999999999993,0.0097279999999999988,,0.002816,,1.60256
12851,89.976717198129251,19072784688869,1,7.2332979179918766,7.2017,7.20512,2.8069,14555,0.001024,3.290368,,0.039936,0.16716799999999998,0,0.14540799999999998,0.004096,0.010239999999999999,,0.002304,,1.092096
12852,89.984094997165528,19072784760886,1,7.37779913470149,7.2319,7.207424,2.4215,14555,0.001024,3.235328,,0.039424,0.16153599999999999,0,0.13977599999999998,0.003328,0.010752,,0.002304,,1.07392
12853,89.991350899943313,19072784833205,1,7.2559029795229435,7.1205,7.324416,2.1878,14757,0.001024,3.183616,,0.039936,0.16486399999999998,0,0.143616,0.0076799999999999993,0.010752,,0.002304,,1.48992
12854,89.9987952026644,19072784904410,1,7.4443025514483452,7.0139,7.2704,2.4686,14555,0.001024,3.277824,,0.040192,0.16896,0,0.146432,0.007936,0.010752,,0.002304,,1.075712
12855,90.00636950113379,19072784974549,1,7.5742984190583229,7.6306,7.34208,2.8325,14555,0.001024,3.186944,,0.03968,0.1664,0.000256,0.145152,0.0076799999999999993,0.011264,,0.002304,,1.09696
12856,90.013891595804992,19072785050855,1,7.5220945291221142,7.573,7.645952,2.7636,14555,0.001024,3.27424,,0.039936,0.160512,0,0.138752,0.0076799999999999993,0.012288,,0.0025599999999999998,,1.583616
12857,90.021262797619045,19072785126585,1,7.3712016455829144,7.1436,7.49312,3.261,14750,0.001024,3.2913919999999997,,0.034304,0.158208,0,0.13747199999999998,0.008192,0.010239999999999999,,0.002304,,1.353728
12858,90.028532199546476,19072785198021,1,7.2694020345807076,8.0529,7.355904,2.5568,14555,0.001024,3.205888,,0.039168,0.161792,0.000256,0.141568,0.007424,0.010239999999999999,,0.0025599999999999998,,1.099008
12859,90.03593219954648,19072785278550,1,7.4000000022351742,7.8047,7.23712,2.058,88233,0.001024,3.2616959999999997,,0.03456,0.163072,0.000256,0.141056,0.003584,0.011007999999999999,,0.002304,,1.322752
12860,90.043237499999989,19072785356597,1,7.3053003288805485,6.5654,7.304448,2.5788,14555,0.001024,3.237632,,0.039168,0.16358399999999998,0.000256,0.143616,0.007168,0.012032,,0.0025599999999999998,,1.077504
12861,90.051023299319723,19072785422251,1,7.7857994474470615,7.3003,7.364096,0.905,14555,0.0012799999999999999,3.2701439999999997,,0.040192,0.16512,0,0.14540799999999998,0.0076799999999999993,0.011264,,0.0025599999999999998,,1.077504
12862,90.0588084963152,19072785495254,1,7.7851968817412853,9.2231,0.045824,2.4037,14555,0.001024,3.174912,,0.043519999999999996,0.157184,0.000256,0.135936,0.011776,0.011776,,0.002304,,1.351168
12863,90.066644798752833,19072785587485,1,7.8363027423620224,5.6221,7.759872,2.4231,14555,0.001024,3.297024,,0.039936,0.158208,0,0.135424,0.007424,0.014079999999999999,,0.0025599999999999998,,1.244672
12864,90.07358889597505,19072785643706,1,6.9440971128642559,7.7814,7.84128,2.4209,14555,0.001024,3.2834559999999997,,0.040192,0.155392,0.000256,0.133376,0.003072,0.011519999999999999,,0.0025599999999999998,,1.092096
12865,90.080894302721092,19072785721520,1,7.3054069653153419,7.7865,6.913536,2.3755,14555,0.001024,3.1782399999999997,,0.034304,0.15872,0,0.13849599999999998,0.0076799999999999993,0.010752,,0.0025599999999999998,,1.096704
12866,90.0879873015873,19072785799385,1,7.0929988287389278,8.2945,7.283712,2.6256,14757,0.001024,3.2767999999999997,,0.03584,0.165376,0,0.144896,0.0076799999999999993,0.011519999999999999,,0.002048,,1.261568
12867,90.095132001133777,19072785882330,1,7.1446993388235569,6.7442,7.07584,2.9994,14607,0.0012799999999999999,3.231744,,0.03456,0.16255999999999998,0,0.14207999999999998,0.0076799999999999993,0.010239999999999999,,0.0025599999999999998,,1.092096
12868,90.1022681972789,19072785949772,1,7.1361963637173176,7.455,7.119616,2.8258,14555,0.001024,3.232256,,0.03584,0.16486399999999998,0,0.143872,0.007936,0.012288,,0.002304,,1.095424
12869,90.1095625,19072786024322,1,7.2943028062582016,7.1217,7.12576,2.6481,14555,0.001024,3.103488,,0.036095999999999996,0.155904,0,0.13516799999999998,0.003328,0.011007999999999999,,0.002304,,1.266176
12870,90.117143501984117,19072786095539,1,7.5810020789504051,7.1608,7.270144,2.9023,14555,0.001024,3.2888319999999998,,0.035584,0.163328,0,0.14310399999999998,0.004608,0.010239999999999999,,0.002304,,1.244672
12871,90.124428302154186,19072786167147,1,7.2848000563681126,7.2861,7.562752,2.728,14555,0.001024,3.234304,,0.03712,0.16025599999999998,0,0.139008,0.003584,0.010496,,0.002304,,1.319424
12872,90.132120401077088,19072786240008,1,7.6920990832149982,7.3005,7.262976,2.8888,14555,0.0012799999999999999,3.292928,,0.035584,0.162816,0,0.141824,0.011264,0.010752,,0.002304,,1.0949119999999999
12873,90.1393748015873,19072786313013,1,7.2544002905488014,7.4927,7.442432,2.5208,14555,0.001024,3.26912,,0.039424,0.16,0,0.139008,0.007936,0.011264,,0.002304,,1.269248
12874,90.14675489654195,19072786387940,1,7.3800948448479176,7.0381,7.221504,2.6752,14555,0.001024,3.1969279999999998,,0.033535999999999996,0.15795199999999998,0,0.13696,0.007936,0.010496,,0.002304,,1.355264
12875,90.153819097222225,19072786458321,1,7.064200472086668,7.9261,7.334912,2.8404,14555,0.001024,3.2704,,0.039168,0.158976,0,0.13696,0.009984,0.010239999999999999,,0.0025599999999999998,,1.26592
12876,90.1612080994898,19072786537582,1,7.3890024796128273,7.5998,7.065856,2.6142,14555,0.001024,3.2737279999999997,,0.035584,0.166912,0,0.145664,0.003584,0.010239999999999999,,0.002304,,1.262848
12877,90.177451502267573,19072786613580,1,16.243401914834976,7.2217,7.366656,2.8394,14750,0.001024,3.2737279999999997,,0.035584,0.166912,0,0.145664,0.003584,0.010239999999999999,,0.002304,,1.262848
12878,90.1819797973356,19072786685797,1,4.5282952487468719,7.0065,7.149056,2.9267,14555,0.001024,3.1751679999999998,,0.034304,0.167424,0.000256,0.146944,0.007936,0.011264,,0.002304,,1.339392
12879,90.1903167020975,19072786755862,1,8.33690445870161,7.6697,6.895616,2.5301,14757,0.001024,3.226368,,0.0384,0.166912,0,0.146432,0.0076799999999999993,0.014591999999999999,,0.002304,,1.0762239999999998
12880,90.197527501417227,19072786832559,1,7.2107994928956032,15.8978,7.429632,2.2524,14555,0.001024,3.296512,,0.033535999999999996,0.158976,0.000256,0.138752,0.008192,0.011776,,0.002816,,1.565696
12881,90.20488570011338,19072786991537,1,7.358198519796133,4.0648,7.263232,2.6409,20997,0.001536,3.277824,,0.041471999999999995,0.15488,0,0.13568,0.0076799999999999993,0.014079999999999999,,0.002048,,1.072384
12882,90.212144196428568,19072787032185,1,7.25849624723196,7.831,7.333888,2.3543,14555,0.001024,3.1861759999999997,,0.03968,0.155904,0,0.13516799999999998,0.0076799999999999993,0.010752,,0.002304,,1.077248
12883,90.219530697278913,19072787110495,1,7.38650094717741,7.8772,7.237632,3.0628,14555,0.001024,3.269888,,0.034816,0.157184,0,0.13696,0.003584,0.012032,,0.0025599999999999998,,1.092608
12884,90.226369798752827,19072787189267,1,6.8391016684472561,7.5027,7.373312,2.9571,14555,0.001024,3.2901119999999997,,0.035584,0.15923199999999998,0,0.13824,0.0038399999999999997,0.012032,,0.002304,,1.256192
12885,90.233725999149655,19072787264294,1,7.3562003672122955,7.3483,6.733056,2.9891,14555,0.001024,3.2381439999999997,,0.033535999999999996,0.155392,0,0.135936,0.003584,0.011776,,0.002304,,1.076992
12886,90.241027097505665,19072787337777,1,7.3010982014238834,7.3588,7.168,2.4014,14555,0.001024,3.243264,,0.038911999999999995,0.158976,0,0.13696,0.007424,0.011007999999999999,,0.002304,,1.092864
12887,90.247673200113368,19072787411365,1,6.6461027599871159,6.7201,7.286528,2.6468,14555,0.001024,3.172608,,0.036095999999999996,0.157184,0,0.136192,0.007936,0.011264,,0.002304,,1.250816
12888,90.254233900226751,19072787478566,1,6.5607000142335892,7.6974,6.613248,2.5667,14555,0.001024,3.190528,,0.034304,0.156672,0,0.134912,0.0076799999999999993,0.011264,,0.0025599999999999998,,1.0931199999999999
12889,90.2609419005102,19072787555540,1,6.70800032094121,7.0973,6.540032,2.3935,14555,0.001024,3.097088,,0.034048,0.165632,0,0.14438399999999998,0.003584,0.012032,,0.002304,,1.095168
12890,90.267756200396818,19072787626513,1,6.8143000826239586,6.592,6.69824,3.1517,14555,0.0012799999999999999,3.181568,,0.03456,0.16588799999999998,0.000256,0.14592,0.0051199999999999996,0.010752,,0.002304,,1.0764799999999999
12891,90.274878401360539,19072787692433,1,7.1222009137272835,6.4653,6.687232,3.1157,14555,0.001024,3.1831039999999997,,0.034048,0.164096,0.000256,0.142336,0.003328,0.012032,,0.002304,,1.07904
12892,90.283142396541948,19072787757086,1,8.2639949396252632,6.8275,7.204352,2.628,14555,0.001024,3.183872,,0.039424,0.16768,0.000256,0.146176,0.003584,0.011776,,0.002816,,1.092608
12893,90.290904896541946,19072787825361,1,7.7625000849366188,6.9417,8.246016,2.628,94219,0.001024,3.2296959999999997,,0.034304,0.495104,0,0.136704,0.005376,0.011007999999999999,,0.002304,,1.60768
12894,90.297922101757365,19072787894778,1,7.0172050036489964,6.9389,7.731968,2.6907,14607,0.001024,3.2704,,0.039424,0.15564799999999998,0,0.134912,0.0076799999999999993,0.011264,,0.002304,,1.66272
12895,90.3058080994898,19072787964167,1,7.8859981149435043,8.3455,6.994176,0.7851,14555,0.001024,3.18464,,0.038655999999999996,0.154368,0,0.13312,0.003584,0.011007999999999999,,0.002816,,1.074176
12896,90.31314479875283,19072788047622,1,7.336699403822422,8.9996,0.03456,2.8965,14555,0.001024,3.099392,,0.034816,0.162304,0.000256,0.141568,0.003328,0.011519999999999999,,0.0025599999999999998,,1.095424
12897,90.320222101757366,19072788137618,1,7.0773027837276459,5.7339,7.380224,2.7344,14555,0.001024,3.2284159999999997,,0.036351999999999995,0.159744,0.000256,0.137216,0.011519999999999999,0.013824,,0.002816,,1.0949119999999999
12898,90.327286096938778,19072788194957,1,7.0639951154589653,8.0278,7.061504,2.5875,14555,0.001024,3.234816,,0.035328,0.154112,0,0.132352,0.007168,0.011519999999999999,,0.0025599999999999998,,1.0931199999999999
12899,90.334517198129248,19072788275235,1,7.231101393699646,7.3055,6.947328,2.3351,14750,0.0012799999999999999,3.099904,,0.037888,0.15616,0.000256,0.1344,0.0097279999999999988,0.011776,,0.002304,,1.0964479999999999
12900,90.341815199829924,19072788348290,1,7.298001553863287,6.9512,7.29984,2.8469,20484,0.001024,3.264512,,0.038655999999999996,0.153088,0,0.132608,0.0076799999999999993,0.011519999999999999,,0.0025599999999999998,,1.0913279999999999
12901,90.349189902210881,19072788417802,1,7.3747024871408939,7.5404,7.278848,2.8116,14555,0.001024,3.233024,,0.039936,0.163328,0,0.141056,0.003328,0.011007999999999999,,0.002304,,1.09568
12902,90.356256200396828,19072788493206,1,7.0662982761859894,6.8248,7.357184,2.5838,14555,0.001024,3.194112,,0.039424,0.158208,0,0.137728,0.003072,0.010496,,0.0025599999999999998,,1.1015679999999999
12903,90.3636204010771,19072788561454,1,7.36420089378953,7.5366,7.046656,2.6357,14555,0.001024,3.2319999999999998,,0.035584,0.155904,0.000256,0.133632,0.003328,0.012032,,0.002304,,1.0944
12904,90.370874100056682,19072788636820,1,7.253699004650116,7.1555,7.345664,2.6404,14555,0.001024,3.2865279999999997,,0.034816,0.15616,0,0.135936,0.0076799999999999993,0.010752,,0.0025599999999999998,,1.2518399999999998
12905,90.378255102040811,19072788708375,1,7.381001953035593,7.2228,7.244544,2.5119,14555,0.001024,3.2737279999999997,,0.034816,0.15564799999999998,0,0.13414399999999999,0.003328,0.011776,,0.0025599999999999998,,1.095168
12906,90.385645096371874,19072788780603,1,7.3899943381547928,7.7306,7.350272,3.2091,28023,0.001024,3.1866879999999997,,0.03456,0.159744,0,0.13952,0.0076799999999999993,0.010239999999999999,,0.002304,,1.363712
12907,90.39252760062358,19072788857909,1,6.8825040943920612,6.6092,7.27424,3.2159,14902,0.001024,3.233024,,0.040192,0.16,0,0.13849599999999998,0.009216,0.011007999999999999,,0.002816,,1.076736
12908,90.400464498299314,19072788924001,1,7.9368976876139641,7.6909,6.95936,2.694,14555,0.001024,3.2345599999999997,,0.040192,0.16127999999999998,0,0.139008,0.003072,0.010752,,0.002816,,1.0816
12909,90.407522902494321,19072789000910,1,7.0584043860435486,7.4502,7.924992,2.9322,14555,0.001024,3.275264,,0.035072,0.159744,0,0.139264,0.008704,0.010496,,0.0025599999999999998,,1.0915839999999999
12910,90.414718098072555,19072789075412,1,7.1951956488192081,6.7623,7.039488,2.7366,14555,0.001024,3.1782399999999997,,0.03456,0.16383999999999999,0,0.14310399999999998,0.003584,0.011264,,0.0025599999999999998,,1.2554239999999999
12911,90.422179095804978,19072789143035,1,7.46099790558219,7.723,7.158016,2.7743,14555,0.001024,3.193856,,0.039424,0.1536,0,0.133888,0.007424,0.011776,,0.002816,,1.0944
12912,90.43021979875283,19072789220265,1,8.0407029017806053,7.6434,7.449856,2.965,14555,0.001024,3.187712,,0.039168,0.154368,0,0.1344,0.0076799999999999993,0.011776,,0.0025599999999999998,,1.35168
12913,90.444752699829934,19072789296699,1,14.532901346683502,6.5207,7.327744,2.9686,14555,0.001024,3.17184,,0.039424,0.166912,0.000256,0.145664,0.0076799999999999993,0.010239999999999999,,0.002304,,1.23264
12914,90.454740497448981,19072789361906,1,9.98779758810997,7.9795,6.939904,3.1814,14555,0.001024,3.1795199999999997,,0.041471999999999995,0.164096,0,0.144128,0.003328,0.013312,,0.002304,,1.097216
12915,90.463597902494328,19072789441701,1,8.857404813170433,10.0599,7.188992,3.1432,14555,0.001024,3.190016,,0.034304,0.15795199999999998,0,0.13747199999999998,0.0038399999999999997,0.010752,,0.002304,,1.3312
12916,90.471277402210887,19072789542300,1,7.6794996857643127,13.5184,7.205376,2.8753,14555,0.001024,3.199232,,0.038911999999999995,0.15488,0,0.135424,0.007424,0.011264,,0.0025599999999999998,,1.2636159999999999
12917,90.478818799603175,19072789677484,1,7.5413975864648819,9.6838,7.362048,2.545,14555,0.001024,3.1782399999999997,,0.03456,0.155392,0,0.13568,0.003328,0.009984,,0.0025599999999999998,,1.0728959999999998
12918,90.520306001984125,19072789774322,1,41.4872020483017,8.0501,6.915584,2.6104,14952,0.001024,3.1782399999999997,,0.03456,0.155392,0,0.13568,0.003328,0.009984,,0.0025599999999999998,,1.0728959999999998
12919,90.528620797902491,19072789854823,1,8.3147957921028137,7.3919,7.607552,1.9784,14607,0.001024,3.2919039999999997,,0.03456,0.16153599999999999,0,0.141312,0.0076799999999999993,0.011519999999999999,,0.002048,,1.4159359999999999
12920,90.535753897392283,19072789928742,1,7.1330997161567211,7.3015,7.254016,3.2942,46511,0.001024,3.2652799999999997,,0.033791999999999996,0.15923199999999998,0,0.13952,0.003072,0.013312,,0.0025599999999999998,,1.072384
12921,90.543135898526074,19072790001757,1,7.3820012621581554,44.3775,7.450624,2.8086,105804,0.001024,3.2678399999999996,,0.246528,0.15744,0,0.136704,0.0076799999999999993,0.011519999999999999,,0.0025599999999999998,,1.242368
12922,90.5506125,19072790445532,1,7.4766012839972973,6.6247,7.353344,2.4435,46511,0.001024,3.1728639999999997,,0.039168,0.157696,0,0.137728,0.003328,0.012544,,0.002304,,1.097728
12923,90.5579544005102,19072790511779,1,7.3419003747403622,5.973,7.460608,0.768,28957,0.001024,3.222528,,0.040448,0.158976,0.000256,0.139264,0.007424,0.011776,,0.002816,,1.347584
12924,90.565968799603169,19072790571509,1,8.01439955830574,9.5541,0.035072,3.123,32126,0.001024,3.296512,,0.034304,0.1536,0.000256,0.133376,0.0038399999999999997,0.010752,,0.0025599999999999998,,1.0946559999999999
12925,90.573147200963717,19072790667050,1,7.1784015744924545,5.5126,8.061952,2.6067,28940,0.001024,3.190528,,0.035328,0.1536,0,0.133376,0.003328,0.010752,,0.0025599999999999998,,1.25056
12926,90.580586699263037,19072790722176,1,7.4394983239471912,7.5889,7.152384,2.8597,14555,0.001024,3.234304,,0.03456,0.15334399999999998,0,0.13312,0.003072,0.011776,,0.002304,,1.321728
12927,90.588039696712016,19072790798065,1,7.4529973790049553,8.1042,7.340544,2.8645,14555,0.001024,3.185408,,0.035072,0.15872,0.000256,0.13824,0.003328,0.010239999999999999,,0.002304,,1.092864
12928,90.595183099489788,19072790879107,1,7.1434029377996922,7.2633,7.515392,2.8434,14555,0.001024,3.284992,,0.03712,0.16614399999999999,0,0.14438399999999998,0.003584,0.011264,,0.0025599999999999998,,1.1919359999999999
12929,90.602285997732423,19072790951740,1,7.1028983220458031,7.121,7.122688,2.9522,14757,0.001024,3.174912,,0.034304,0.159744,0,0.139008,0.007936,0.011007999999999999,,0.002304,,1.336832
12930,90.60968229875283,19072791022950,1,7.3963007889688015,6.8818,7.086848,2.7853,14555,0.001024,3.1848959999999997,,0.269312,0.16,0,0.13824,0.003328,0.010752,,0.002304,,1.0964479999999999
12931,90.6175218962585,19072791091768,1,7.839597761631012,7.676,7.1616,2.6391,14555,0.001024,3.269376,,0.035328,0.165376,0.000256,0.143872,0.003072,0.010752,,0.002304,,1.095168
12932,90.624519196428565,19072791168528,1,6.997300311923027,7.1287,7.826944,2.6523,14555,0.001024,3.2350719999999997,,0.035328,0.159488,0.000256,0.137984,0.004352,0.010752,,0.002304,,1.350144
12933,90.6315336026077,19072791239815,1,7.0144063793122768,7.5666,6.966016,2.9131,15135,0.001024,3.20512,,0.03328,0.155904,0,0.13644799999999999,0.007936,0.010496,,0.002304,,1.092352
12934,90.6386294005102,19072791315481,1,7.0957979187369347,7.3502,6.98752,2.7383,49001,0.001024,3.284224,,0.039936,0.158976,0,0.136704,0.0076799999999999993,0.010752,,0.002304,,1.090816
12935,90.64587499999999,19072791388983,1,7.2455992922186852,7.1585,6.999808,3.124,14555,0.001024,3.092736,,0.034304,0.16025599999999998,0.000256,0.13977599999999998,0.0076799999999999993,0.011519999999999999,,0.0025599999999999998,,1.0728959999999998
12936,90.6530202026644,19072791460568,1,7.1452027186751366,7.4612,7.31776,2.6878,14555,0.0012799999999999999,3.270656,,0.036864,0.16,0,0.13824,0.0076799999999999993,0.011776,,0.002304,,1.093888
12937,90.659981001984121,19072791535180,1,6.96079945191741,6.8568,7.118592,3.0042,14555,0.001024,3.2919039999999997,,0.035328,0.16127999999999998,0.000256,0.139264,0.003584,0.010496,,0.002304,,1.090816
12938,90.666705201247169,19072791603748,1,6.7241992801427841,7.4212,6.914048,2.7014,14555,0.001024,3.2821759999999998,,0.034048,0.154112,0,0.13414399999999999,0.007168,0.010496,,0.002304,,1.261568
12939,90.6735794005102,19072791677960,1,6.874199490994215,7.2514,6.738432,2.8954,14757,0.001024,3.291648,,0.034048,0.155904,0,0.13644799999999999,0.003584,0.012032,,0.002304,,1.0752
12940,90.680692396541943,19072791750474,1,7.1129961870610714,6.5863,6.863872,2.3448,14555,0.001024,3.295744,,0.034304,0.163072,0,0.141056,0.006912,0.011519999999999999,,0.002048,,1.098496
12941,90.688013895975047,19072791816337,1,7.3214992880821228,6.4726,7.07712,2.6724,14555,0.001024,3.282432,,0.039424,0.153856,0,0.13286399999999998,0.0076799999999999993,0.010239999999999999,,0.0025599999999999998,,1.095424
12942,90.6951875,19072791881063,1,7.1736038662493229,7.1248,7.303168,2.6111,14555,0.001024,3.1746559999999997,,0.035072,0.166912,0.000256,0.144896,0.007424,0.010752,,0.0025599999999999998,,1.0931199999999999
12943,90.70263480017006,19072791952311,1,7.4473000131547451,7.0008,7.152128,2.2689,14757,0.001024,3.2319999999999998,,0.036095999999999996,0.154112,0,0.133888,0.0076799999999999993,0.011007999999999999,,0.002304,,1.3557759999999999
12944,90.709920202664392,19072792022319,1,7.2854026220738888,6.9505,7.389952,2.4785,20997,0.001024,3.295744,,0.035328,0.169216,0,0.146432,0.007424,0.011007999999999999,,0.002304,,1.242368
12945,90.717596598639446,19072792091824,1,7.6763960532844067,6.9162,7.298304,2.3705,14555,0.001024,3.165184,,0.04224,0.155392,0,0.133632,0.007424,0.012032,,0.002048,,1.243392
12946,90.724976700680273,19072792160986,1,7.3801018297672272,7.6981,7.666432,2.461,14555,0.001024,3.2363519999999997,,0.039936,0.161024,0.000256,0.138752,0.0076799999999999993,0.010752,,0.002304,,1.2805119999999999
12947,90.732400999149661,19072792237967,1,7.4242986738681793,7.4666,7.34848,2.5818,14607,0.001024,3.23968,,0.035584,0.160768,0,0.139008,0.007424,0.011007999999999999,,0.002304,,1.093632
12948,90.739604896541948,19072792312633,1,7.2038974612951279,7.7123,7.407104,2.6186,14555,0.001024,3.180288,,0.03968,0.15744,0,0.13568,0.008192,0.011264,,0.002304,,1.0946559999999999
12949,90.746788300736952,19072792389756,1,7.1834041737020016,7.5614,7.187712,2.6384,14555,0.001024,3.205632,,0.034304,0.160768,0,0.139008,0.010496,0.012032,,0.0025599999999999998,,1.3696
12950,90.754138697562354,19072792465370,1,7.3503968305885792,7.8921,7.1424,2.6402,14555,0.001024,3.0976,,0.036095999999999996,0.15462399999999998,0,0.134656,0.003328,0.010752,,0.0025599999999999998,,1.2654079999999999
12951,90.761651700680275,19072792544291,1,7.5130029581487179,6.8766,7.334912,2.4725,14757,0.001024,3.2652799999999997,,0.035328,0.158208,0,0.13747199999999998,0.0076799999999999993,0.010752,,0.002304,,1.381376
12952,90.81451479591837,19072792613057,1,52.863094955682755,7.0743,7.500288,2.1757,88428,0.0012799999999999999,3.182336,,0.043264,0.159744,0,0.137728,0.0076799999999999993,0.012288,,0.0025599999999999998,,1.351168
12953,90.822927600623572,19072792683800,1,8.4128044545650482,6.8374,7.213824,3.4949,14555,0.001024,3.174912,,0.032768,0.16358399999999998,0.000256,0.143872,0.007424,0.011776,,0.002304,,1.3119999999999998
12954,90.8310806972789,19072792752174,1,8.15309677273035,55.6989,7.092736,0.5911,14555,0.001024,3.167232,,0.036608,0.160512,0,0.140544,0.009984,0.011776,,0.0025599999999999998,,1.3506559999999999
12955,90.837974000850338,19072793309163,1,6.8933037109673023,6.4614,0.034816,2.295,14555,0.001024,3.2688639999999998,,0.033024,0.154112,0,0.13414399999999999,0.008192,0.010496,,0.0025599999999999998,,1.7569279999999998
12956,90.8452375,19072793373777,1,7.2634993121027946,7.4116,6.861056,2.4002,14555,0.001024,3.0822399999999996,,0.033791999999999996,0.15488,0.000256,0.13516799999999998,0.003584,0.010752,,0.002304,,1.0764799999999999
12957,90.8527178004535,19072793447893,1,7.48030049726367,8.1462,7.239168,2.3973,14555,0.001024,3.1649279999999997,,0.0384,0.159744,0.000256,0.13644799999999999,0.006912,0.011007999999999999,,0.002304,,1.373696
12958,90.860608198696141,19072793529355,1,7.8903986141085625,6.864,7.460352,2.4668,14555,0.001024,3.27296,,0.19353599999999999,0.159744,0,0.13952,0.008192,0.011776,,0.002304,,1.300224
12959,90.867849702380951,19072793597995,1,7.2415038011968136,7.1009,7.88096,2.5671,14555,0.001024,3.271168,,0.037632,0.15923199999999998,0,0.139008,0.003072,0.011007999999999999,,0.0025599999999999998,,1.091072
12960,90.874842899659853,19072793669004,1,6.9931973703205585,7.6153,7.225344,2.598,14555,0.001024,3.276544,,0.03456,0.16383999999999999,0,0.14310399999999998,0.0038399999999999997,0.012288,,0.002304,,1.35936
12961,90.881787896825386,19072793745157,1,6.9449972361326218,7.2097,6.896896,2.6488,14555,0.0012799999999999999,3.088384,,0.035328,0.148736,0,0.128512,0.003328,0.011264,,0.0025599999999999998,,1.092608
12962,90.8895012967687,19072793817254,1,7.7133998274803162,7.4186,7.001344,2.8419,14555,0.001024,3.169536,,0.035072,0.159488,0,0.13824,0.003328,0.010752,,0.002304,,1.072384
12963,90.896885600907027,19072793891440,1,7.3843039572238922,7.669,7.6928,3.0772,14555,0.001024,3.190016,,0.035072,0.157696,0,0.137216,0.005632,0.010752,,0.002304,,1.3506559999999999
12964,90.903923100907022,19072793968130,1,7.0374999195337296,6.8779,7.26656,2.4339,14757,0.001024,3.093248,,0.033791999999999996,0.397312,0,0.135936,0.0097279999999999988,0.011519999999999999,,0.0025599999999999998,,1.267968
12965,90.91154450113379,19072794036909,1,7.6214000582695007,7.4,7.100672,2.6564,14555,0.001024,3.163648,,0.039936,0.162816,0,0.141312,0.0063999999999999994,0.011519999999999999,,0.0025599999999999998,,1.092608
12966,90.918962996031738,19072794110909,1,7.4184946715831757,7.3673,7.610112,2.1821,14555,0.001024,3.181568,,0.043264,0.155904,0,0.135424,0.007424,0.011776,,0.0025599999999999998,,1.325056
12967,90.925866999716547,19072794184582,1,6.9040036760270596,6.1364,7.387648,2.4434,14555,0.001024,3.2919039999999997,,0.039424,0.164352,0,0.142336,0.007936,0.011264,,0.002304,,1.268992
12968,90.932999702380954,19072794245946,1,7.1327025070786476,8.2231,6.884352,2.3938,14607,0.001024,3.167232,,0.034816,0.14848,0.000256,0.128768,0.003328,0.009984,,0.003072,,1.090304
12969,90.9403917020975,19072794328177,1,7.3919999413192272,7.3534,7.110912,2.36,14555,0.001024,3.2678399999999996,,0.035328,0.165376,0,0.14336,0.003072,0.011264,,0.0025599999999999998,,1.0946559999999999
12970,90.947719600340136,19072794401711,1,7.3278984054923058,7.1397,7.345408,2.7908,14555,0.001024,3.294464,,0.033791999999999996,0.154368,0,0.134656,0.0048639999999999994,0.011519999999999999,,0.002304,,1.3322239999999999
12971,90.955493296485258,19072794473108,1,7.7736959792673588,7.0238,7.34336,2.4055,14555,0.001024,3.2629759999999997,,0.035584,0.15488,0,0.13312,0.003072,0.010496,,0.0025599999999999998,,1.25568
12972,90.96278869756236,19072794543346,1,7.2954013012349606,7.2035,7.760896,2.3686,14555,0.001024,3.276032,,0.03968,0.15923199999999998,0,0.137984,0.008192,0.011519999999999999,,0.002048,,1.358592
12973,90.9702758999433,19072794615381,1,7.4872025288641453,7.0962,7.266048,2.7777,14750,0.001024,3.24224,,0.039424,0.15744,0.000256,0.135424,0.0076799999999999993,0.012288,,0.002304,,1.271552
12974,90.977459800170067,19072794686343,1,7.1839001029729843,8.2164,7.456512,2.7219,14555,0.0012799999999999999,3.286784,,0.042496,0.16716799999999998,0,0.146432,0.003328,0.011776,,0.002304,,1.092608
12975,90.98479900085033,19072794768507,1,7.3392004705965519,7.5251,7.172352,2.5469,14555,0.001024,3.27296,,0.035328,0.15692799999999998,0,0.134912,0.0076799999999999993,0.010752,,0.002304,,1.095936
12976,90.992195202664391,19072794843758,1,7.3962016031146049,8.0756,7.307008,2.637,14555,0.001024,3.1697919999999997,,0.035328,0.16358399999999998,0.000256,0.142592,0.011264,0.010239999999999999,,0.002304,,1.088512
12977,90.999594401927439,19072794924514,1,7.3991990648210049,6.3745,7.388672,2.486,14757,0.001024,3.239168,,0.036608,0.166656,0,0.145664,0.011007999999999999,0.011264,,0.002304,,1.254656
12978,91.006715596655326,19072794988259,1,7.1211946196854115,7.5843,7.301888,2.569,14555,0.001024,3.1818239999999998,,0.03584,0.166912,0.000256,0.144896,0.003328,0.011264,,0.002304,,1.0964479999999999
12979,91.01399419642857,19072795064102,1,7.27859977632761,7.3307,7.171328,2.6296,14555,0.001024,3.226368,,0.035328,0.16614399999999999,0,0.144128,0.003584,0.011519999999999999,,0.0025599999999999998,,1.0931199999999999
12980,91.021282001133784,19072795137409,1,7.2878045029938221,7.3049,7.26784,2.2435,14555,0.001024,3.2048639999999997,,0.041215999999999996,0.16255999999999998,0,0.141568,0.0076799999999999993,0.010239999999999999,,0.002304,,1.261056
12981,91.0284338010204,19072795210458,1,7.1517997421324253,6.9201,7.258368,3.4365,14555,0.001024,3.241472,,0.039168,0.153856,0,0.133888,0.007424,0.010239999999999999,,0.002304,,1.078784
12982,91.035502295918363,19072795279659,1,7.06849480047822,7.511,7.139584,2.8849,14555,0.001024,3.28064,,0.03584,0.16,0,0.13849599999999998,0.003584,0.011519999999999999,,0.002304,,1.34528
12983,91.042487499999993,19072795354769,1,6.9852042943239212,7.5303,7.046912,2.3468,14555,0.001024,3.2127999999999997,,0.042752,0.163072,0,0.141824,0.007936,0.012288,,0.002304,,1.075712
12984,91.049400099206352,19072795430072,1,6.9125993177294731,6.3802,6.962432,2.4994,14555,0.001024,3.1744,,0.036351999999999995,0.15795199999999998,0.000256,0.13568,0.011007999999999999,0.012288,,0.002304,,1.095424
12985,91.056706101190471,19072795493874,1,7.3060020804405212,7.5142,6.896384,2.2584,14555,0.001024,3.1879679999999997,,0.035584,0.16383999999999999,0.000256,0.141824,0.003328,0.011776,,0.0025599999999999998,,1.0949119999999999
12986,91.063415199829933,19072795569016,1,6.7090988159179688,6.8827,7.134976,2.9112,14555,0.001024,3.18592,,0.03328,0.15692799999999998,0,0.137216,0.0076799999999999993,0.012032,,0.002304,,1.3488639999999998
12987,91.070232901077091,19072795637843,1,6.8177012726664543,7.2656,6.678528,2.2546,88233,0.001024,3.236096,,0.034048,0.15795199999999998,0,0.136704,0.007936,0.010496,,0.0025599999999999998,,1.0913279999999999
12988,91.07714080215419,19072795710499,1,6.9079012610018253,6.59,6.795264,2.4509,14555,0.001024,3.269376,,0.033791999999999996,0.157184,0.000256,0.13696,0.0038399999999999997,0.011519999999999999,,0.0025599999999999998,,1.089536
12989,91.083708397108836,19072795776399,1,6.5675950609147549,7.1237,6.75456,0.8133,14555,0.001024,3.280896,,0.034816,0.167424,0,0.145664,0.003584,0.010239999999999999,,0.002304,,1.0762239999999998
12990,91.090803798185931,19072795847636,1,7.0954011753201485,7.7147,0.042752,2.6863,14555,0.001024,3.188224,,0.034048,0.15616,0,0.1344,0.0038399999999999997,0.011007999999999999,,0.002304,,1.0964479999999999
12991,91.097574397675729,19072795924783,1,6.7705996334552765,5.8959,7.079168,2.6304,14555,0.001024,3.172608,,0.035328,0.164608,0,0.143616,0.003584,0.010239999999999999,,0.002304,,1.090816
12992,91.104325297619042,19072795983742,1,6.7508998326957226,6.6631,6.756096,2.345,14757,0.0012799999999999999,3.18208,,0.033535999999999996,0.16486399999999998,0,0.145152,0.003328,0.011264,,0.002816,,1.088256
12993,91.110970500283443,19072796050373,1,6.64520263671875,6.8254,6.717952,2.4247,14555,0.001024,3.29216,,0.034304,0.157696,0.000256,0.136192,0.006144,0.010496,,0.002304,,1.0949119999999999
12994,91.117526098356009,19072796118627,1,6.5555982291698456,6.6927,6.624,2.2432,14555,0.001024,3.192064,,0.034304,0.16512,0.000256,0.144128,0.003584,0.011776,,0.002304,,1.093632
12995,91.124203195861668,19072796185554,1,6.6770976409316063,6.6512,6.53056,2.1169,14750,0.001024,3.0579199999999997,,0.033791999999999996,0.155904,0,0.136192,0.007936,0.011519999999999999,,0.002304,,1.078272
12996,91.1310459963152,19072796252066,1,6.8428004160523415,6.5083,6.654464,2.8579,14555,0.001024,3.23968,,0.033535999999999996,0.156672,0,0.13696,0.0038399999999999997,0.012032,,0.002304,,1.07904
12997,91.137649900793647,19072796317149,1,6.6039045341312885,7.3253,6.828544,2.6548,14607,0.001024,3.2296959999999997,,0.03456,0.160768,0,0.13952,0.003584,0.011264,,0.002304,,1.092352
12998,91.144430399659853,19072796390402,1,6.7804986611008644,6.2185,6.585344,2.4177,14555,0.0012799999999999999,3.09376,,0.033791999999999996,0.164352,0,0.144128,0.003328,0.012032,,0.0025599999999999998,,1.0949119999999999
12999,91.151047498582756,19072796452587,1,6.6170990467071533,7.2697,6.75328,2.3807,14555,0.001024,3.2302079999999997,,0.033791999999999996,0.15744,0.000256,0.137984,0.003584,0.011776,,0.002304,,1.0915839999999999
13000,91.157969600340138,19072796525284,1,6.9221016019582748,6.2099,6.60352,2.195,14555,0.0012799999999999999,3.177984,,0.034304,0.157696,0,0.136704,0.003328,0.011519999999999999,,0.002304,,1.0931199999999999
13001,91.16456389597505,19072796587383,1,6.5942956134676933,6.9486,6.80192,2.2908,14555,0.001024,3.2962559999999996,,0.034048,0.15462399999999998,0,0.134912,0.007936,0.011264,,0.002304,,1.073664
13002,91.171293098072553,19072796656869,1,6.7292018793523312,6.2486,6.665984,2.1972,14555,0.001024,3.234048,,0.033535999999999996,0.160512,0,0.140288,0.007936,0.011776,,0.0025599999999999998,,1.092608
13003,91.178058900226759,19072796719355,1,6.7658019252121449,7.936,6.706432,2.2699,14555,0.001024,3.291136,,0.033791999999999996,0.15462399999999998,0,0.13516799999999998,0.007936,0.011776,,0.0025599999999999998,,1.092096
13004,91.185064399092965,19072796798715,1,7.0054987445473671,5.7847,6.742016,2.6776,14555,0.001024,3.2821759999999998,,0.034816,0.160768,0,0.13977599999999998,0.007936,0.012288,,0.002304,,1.0913279999999999
13005,91.1917794005102,19072796856562,1,6.7150015383958817,6.7715,6.981888,2.1881,14555,0.001024,3.2839679999999998,,0.034048,0.157696,0,0.13747199999999998,0.0076799999999999993,0.011776,,0.0025599999999999998,,1.090304
13006,91.19847639597505,19072796924277,1,6.696995347738266,7.0034,6.693632,2.7985,14555,0.001024,3.193088,,0.034048,0.16614399999999999,0,0.145152,0.005632,0.011007999999999999,,0.002304,,1.074176
13007,91.205228599773235,19072796994311,1,6.7522036843001842,7.2183,6.682112,2.5275,14757,0.001024,3.207424,,0.034304,0.165632,0,0.14540799999999998,0.009216,0.011519999999999999,,0.002304,,1.096704
13008,91.211905498866216,19072797066494,1,6.6768992692232132,6.1226,6.72384,2.7126,20997,0.001024,3.29344,,0.034048,0.154368,0,0.13414399999999999,0.003328,0.011776,,0.0025599999999999998,,1.095936
13009,91.218622696995467,19072797127720,1,6.7171980626881123,7.1341,6.668288,2.8095,14555,0.001024,3.170048,,0.033791999999999996,0.155136,0,0.1344,0.007936,0.010752,,0.002304,,1.0949119999999999
13010,91.2254830994898,19072797199061,1,6.860402412712574,6.58,6.705152,2.5796,14555,0.001024,3.2332799999999997,,0.034304,0.159744,0,0.140032,0.005888,0.010239999999999999,,0.0025599999999999998,,1.095936
13011,91.232219302721091,19072797264861,1,6.736203096807003,6.7797,6.826752,2.4316,14555,0.001024,3.2253439999999998,,0.034048,0.164096,0,0.14438399999999998,0.003328,0.010496,,0.002304,,1.090048
13012,91.2388586026077,19072797332658,1,6.6392999142408371,6.8803,6.718464,2.7836,14555,0.001024,3.268096,,0.033535999999999996,0.163072,0,0.14310399999999998,0.0084479999999999989,0.011776,,0.0025599999999999998,,1.0949119999999999
13013,91.245646102607708,19072797401461,1,6.7874998785555363,7.0024,6.627328,2.8455,14555,0.001024,3.193856,,0.034048,0.166912,0,0.14592,0.003328,0.012288,,0.0025599999999999998,,1.0915839999999999
13014,91.2524477962018,19072797471485,1,6.8016937002539635,6.4149,6.759424,2.9197,14555,0.001024,3.2417279999999997,,0.034304,0.15795199999999998,0,0.13696,0.007936,0.011007999999999999,,0.002304,,1.090304
13015,91.259068898809517,19072797535634,1,6.6211028024554253,6.5281,6.774784,2.445,14555,0.001024,3.2767999999999997,,0.033791999999999996,0.155136,0,0.134656,0.004096,0.010752,,0.002304,,1.0946559999999999
13016,91.2657705994898,19072797600915,1,6.7017008550465107,6.9683,6.535936,2.4874,14555,0.001024,3.0906879999999997,,0.033535999999999996,0.161024,0,0.141056,0.003584,0.010752,,0.0025599999999999998,,1.09056
13017,91.272783000283439,19072797670598,1,7.0124007761478424,6.8898,6.737664,2.5453,14555,0.001024,3.2622079999999998,,0.034048,0.1664,0.000256,0.144128,0.003328,0.012032,,0.002304,,1.093632
13018,91.279640802154191,19072797739496,1,6.85780169442296,6.9445,6.9888,2.6925,14750,0.001024,3.2847359999999997,,0.03328,0.31488,0,0.135936,0.005376,0.011519999999999999,,0.002304,,1.090816
13019,91.286589399092961,19072797808941,1,6.9485967978835106,6.7304,6.636032,2.6833,14555,0.001024,3.101952,,0.034304,0.157184,0.000256,0.13696,0.007936,0.011007999999999999,,0.002304,,1.0915839999999999
13020,91.29423090277777,19072797876245,1,7.6415035873651505,6.7417,7.13216,2.6173,14555,0.001024,3.234304,,0.033791999999999996,0.165632,0,0.143872,0.003584,0.012032,,0.002304,,1.078272
13021,91.3016838010204,19072797943662,1,7.4528981931507587,7.1103,7.538176,2.6156,14757,0.001024,3.269376,,0.036608,0.160768,0,0.140288,0.0076799999999999993,0.012032,,0.0025599999999999998,,1.265664
13022,91.308746400226752,19072798014765,1,7.0625990629196167,7.0553,7.44832,2.9099,14555,0.001024,3.269376,,0.034304,0.159744,0,0.140032,0.007424,0.010496,,0.002304,,1.338112
13023,91.316182001133782,19072798085318,1,7.4356007389724255,7.8229,7.113984,2.717,14555,0.001024,3.2798719999999997,,0.035328,0.15488,0,0.133376,0.003584,0.010239999999999999,,0.0025599999999999998,,1.075456
13024,91.323472902494331,19072798163547,1,7.2909011505544186,7.7537,7.408128,2.7096,88233,0.001024,3.0899199999999998,,0.035328,0.16255999999999998,0,0.141824,0.003328,0.010239999999999999,,0.002304,,1.2584959999999998
13025,91.330824298469381,19072798241084,1,7.3513961397111416,6.6347,7.266816,2.8702,14555,0.0012799999999999999,3.180544,,0.040192,0.15872,0.000256,0.13747199999999998,0.007936,0.011776,,0.002304,,1.3690879999999999
13026,91.337834098639448,19072798307431,1,7.0098000578582287,7.202,7.314176,0.8692,14607,0.001024,3.2936959999999997,,0.03968,0.15795199999999998,0.000256,0.13696,0.0076799999999999993,0.011007999999999999,,0.002304,,1.247232
13027,91.345623100907019,19072798379451,1,7.7890022657811642,8.9746,0.038144,3.0689,14555,0.001024,3.287552,,0.042496,0.155136,0,0.1344,0.007424,0.011519999999999999,,0.0025599999999999998,,1.075456
13028,91.352835501700682,19072798469197,1,7.2124009020626545,5.774,7.761152,3.1489,14555,0.001024,3.1831039999999997,,0.036095999999999996,0.158464,0,0.136192,0.003584,0.013312,,0.0025599999999999998,,1.2554239999999999
13029,91.3600876984127,19072798526937,1,7.2521967813372612,7.412,7.180032,3.1068,14555,0.001024,3.23584,,0.034816,0.16153599999999999,0.000256,0.141568,0.007424,0.010752,,0.0025599999999999998,,1.07392
13030,91.36802359693877,19072798601057,1,7.9358983784914017,8.3321,7.088384,2.9024,14555,0.001024,3.161088,,0.035584,0.16486399999999998,0,0.14438399999999998,0.003328,0.010752,,0.002816,,1.0731519999999999
13031,91.3751008999433,19072798684378,1,7.0773027837276459,6.8349,7.912448,3.2532,14555,0.001024,3.177984,,0.035072,0.321024,0,0.14079999999999998,0.0048639999999999994,0.010239999999999999,,0.0025599999999999998,,1.503232
13032,91.38327989654195,19072798752727,1,8.178996853530407,7.4204,7.06048,3.5401,14555,0.001024,3.2931839999999997,,0.033791999999999996,0.152832,0.000256,0.132608,0.004608,0.011007999999999999,,0.002304,,1.071616
13033,91.390789902210884,19072798826931,1,7.510005496442318,8.2142,8.15744,3.2871,14555,0.001024,3.296512,,0.03584,0.16486399999999998,0,0.14310399999999998,0.007936,0.012032,,0.002304,,1.251584
13034,91.398027295918368,19072798909073,1,7.2373938746750355,7.5996,7.407616,3.218,14555,0.001024,3.291648,,0.033535999999999996,0.15564799999999998,0.000256,0.13644799999999999,0.006144,0.011519999999999999,,0.0025599999999999998,,1.3424639999999999
13035,91.405494798752827,19072798985069,1,7.4675027281045914,7.5297,7.29984,2.7593,14757,0.001024,3.2701439999999997,,0.041215999999999996,0.15129599999999999,0.000256,0.131072,0.008192,0.011264,,0.002816,,1.075968
13036,91.413102699829935,19072799060366,1,7.6079010032117367,7.184,7.276288,2.828,14555,0.001024,3.187456,,0.040448,0.150528,0,0.130304,0.003328,0.011519999999999999,,0.0025599999999999998,,1.08032
13037,91.42036160005668,19072799132206,1,7.2589004412293434,7.0925,7.50592,2.8143,14555,0.001024,3.2714239999999997,,0.035072,0.1536,0,0.133888,0.007936,0.012032,,0.0025599999999999998,,1.360384
13038,91.427841099773232,19072799203131,1,7.4794995598495007,7.1312,7.299584,2.7879,14555,0.001024,3.17056,,0.03328,0.338176,0,0.31872,0.0076799999999999993,0.011776,,0.002816,,1.2416
13039,91.435124596088428,19072799274443,1,7.2834962047636509,8.3144,7.222272,2.8233,14750,0.001024,3.295744,,0.034304,0.164608,0,0.14464,0.003584,0.010752,,0.0025599999999999998,,1.093632
13040,91.442154698129244,19072799357587,1,7.0301019586622715,6.3838,7.198464,3.3297,14555,0.001024,3.2230399999999997,,0.034816,0.152576,0.000256,0.132352,0.003328,0.011264,,0.0025599999999999998,,1.0728959999999998
13041,91.449480902777779,19072799421425,1,7.3262047953903675,8.4733,7.00544,3.1437,14555,0.001024,3.18208,,0.035328,0.155392,0,0.135424,0.007424,0.011007999999999999,,0.002304,,1.074944
13042,91.456609800170071,19072799506158,1,7.1288975887000561,6.9347,7.386368,2.8638,14555,0.001024,3.29088,,0.038911999999999995,0.152576,0,0.132608,0.0076799999999999993,0.011519999999999999,,0.0025599999999999998,,1.093376
13043,91.4643713010204,19072799575505,1,7.7615007758140564,6.4864,7.111424,2.8237,14555,0.001024,3.1866879999999997,,0.035328,0.150784,0,0.13055999999999998,0.0038399999999999997,0.010239999999999999,,0.002304,,1.074176
13044,91.471657397959177,19072799640369,1,7.2860969230532646,8.0313,7.650816,2.8024,14555,0.001024,3.2386559999999998,,0.034048,0.148736,0,0.128768,0.009984,0.011519999999999999,,0.002304,,1.622272
13045,91.478911302437638,19072799720682,1,7.2539043612778187,6.7413,7.326976,2.7765,14555,0.001024,3.2394239999999996,,0.035072,0.150272,0.000256,0.130304,0.004096,0.011519999999999999,,0.0025599999999999998,,1.0762239999999998
13046,91.486280498866208,19072799788095,1,7.3691965080797672,7.943,7.27168,2.9914,14555,0.001024,3.1679999999999997,,0.034816,0.15795199999999998,0,0.137728,0.003328,0.011776,,0.0025599999999999998,,1.351424
13047,91.493558496315188,19072799867525,1,7.2779976762831211,6.4833,7.165952,2.5567,14555,0.001024,3.2954879999999998,,0.040959999999999996,0.15564799999999998,0.000256,0.1344,0.003584,0.011264,,0.002304,,1.0979839999999998
13048,91.500464498299323,19072799932358,1,6.9060018286108971,6.8249,7.24992,2.8807,14757,0.001024,3.174912,,0.035072,0.153088,0,0.132608,0.003584,0.012032,,0.0025599999999999998,,1.247232
13049,91.507943799603169,19072800000607,1,7.4793011881411076,7.7434,6.882048,2.7071,14555,0.001024,3.091712,,0.03456,0.156416,0,0.135936,0.0038399999999999997,0.010239999999999999,,0.002304,,1.073408
13050,91.515131200396823,19072800078041,1,7.1874009445309639,7.7194,7.457792,2.5944,14555,0.001024,3.288064,,0.039168,0.159744,0,0.13952,0.007424,0.010496,,0.0025599999999999998,,1.0944
13051,91.522384899376419,19072800155235,1,7.253699004650116,6.7583,7.168256,2.8647,14555,0.0012799999999999999,3.179008,,0.03968,0.165376,0,0.143872,0.007424,0.010752,,0.0025599999999999998,,1.092352
13052,91.52961140164399,19072800222818,1,7.2265020571649075,7.3372,7.245312,2.6234,14555,0.001024,3.1715839999999997,,0.03584,0.15923199999999998,0,0.137216,0.0038399999999999997,0.012032,,0.002304,,1.254656
13053,91.5367330994898,19072800296190,1,7.1216979995369911,7.143,7.207424,2.7806,14555,0.0012799999999999999,3.236096,,0.033791999999999996,0.16025599999999998,0.000256,0.140288,0.003584,0.011007999999999999,,0.002304,,1.2584959999999998
13054,91.54415099914965,19072800367620,1,7.4178995564579964,7.2379,6.999296,2.4552,14607,0.001024,3.18592,,0.035072,0.158208,0,0.136192,0.003328,0.011264,,0.002816,,1.102336
13055,91.551689200680272,19072800439999,1,7.5382017530500889,7.138,7.33184,2.792,14555,0.001024,3.1861759999999997,,0.039424,0.16819199999999998,0,0.146176,0.0076799999999999993,0.011007999999999999,,0.002816,,1.076736
13056,91.559098398526075,19072800511379,1,7.4091977439820766,7.8543,7.518464,2.3223,14555,0.001024,3.1697919999999997,,0.039424,0.166912,0,0.145152,0.0076799999999999993,0.011264,,0.002304,,1.269504
13057,91.5667123015873,19072800589922,1,7.6139029115438461,6.8484,7.337472,2.4995,14555,0.001024,3.242496,,0.03968,0.16,0.000256,0.138752,0.007424,0.011007999999999999,,0.002816,,1.0931199999999999
13058,91.573900602324258,19072800658406,1,7.1883006021380424,7.6176,7.400448,2.9528,88233,0.001024,3.2816639999999997,,0.035328,0.16127999999999998,0.000256,0.140544,0.003328,0.011264,,0.002304,,1.088768
13059,91.581145996315186,19072800734582,1,7.2453939355909824,7.1779,7.176448,2.2351,14555,0.001024,3.0973439999999997,,0.038144,0.155904,0.000256,0.13516799999999998,0.003328,0.010752,,0.002304,,1.259776
13060,91.588288796768708,19072800806361,1,7.1428003720939159,7.3747,7.208192,0.762,14750,0.001024,3.271168,,0.03584,0.165376,0.000256,0.142336,0.009216,0.011007999999999999,,0.002304,,1.072128
13061,91.595260799319718,19072800880108,1,6.9720023311674595,8.7746,0.043776,2.484,14555,0.001024,3.195392,,0.034816,0.157696,0,0.137216,0.0076799999999999993,0.012288,,0.0025599999999999998,,1.0931199999999999
13062,91.60324970238095,19072800967854,1,7.9889027401804924,6.1231,6.954752,2.5919,14757,0.001024,3.232256,,0.03456,0.156416,0,0.136704,0.007936,0.011519999999999999,,0.002304,,1.0946559999999999
13063,91.610440100623578,19072801029085,1,7.1903984062373638,6.3535,7.25248,3.4453,14555,0.001024,3.237376,,0.035584,0.162816,0,0.142592,0.0038399999999999997,0.011007999999999999,,0.002304,,1.093632
13064,91.61820489654194,19072801092620,1,7.764795795083046,7.3951,7.171328,2.291,14555,0.0012799999999999999,3.0929919999999997,,0.035584,0.16383999999999999,0.000256,0.142336,0.007168,0.012032,,0.0025599999999999998,,1.093888
13065,91.625172696995463,19072801166571,1,6.9678006693720818,8.0574,7.752448,2.7612,14555,0.001024,3.2327679999999996,,0.036608,0.15872,0,0.13747199999999998,0.003328,0.011007999999999999,,0.0025599999999999998,,1.5866879999999999
13066,91.632289002267569,19072801247145,1,7.11630517616868,6.9875,6.94528,2.8944,14555,0.0012799999999999999,3.231232,,0.035584,0.15462399999999998,0,0.1344,0.0038399999999999997,0.011519999999999999,,0.002048,,1.0752
13067,91.639342998866212,19072801317020,1,7.0539964362978935,8.845,7.091968,2.5365,14555,0.001024,3.05024,,0.037888,0.164096,0,0.143616,0.0076799999999999993,0.011007999999999999,,0.002304,,1.0964479999999999
13068,91.646184998582768,19072801405470,1,6.8419999442994595,6.5005,7.037696,2.686,14555,0.001024,3.180544,,0.036095999999999996,0.16,0,0.13849599999999998,0.003328,0.010752,,0.002304,,1.3675519999999999
13069,91.652895401077089,19072801470475,1,6.71040266752243,6.6547,6.8224,2.3437,14555,0.001024,3.237376,,0.036351999999999995,0.153856,0.000256,0.13286399999999998,0.0038399999999999997,0.012032,,0.002304,,1.095936
13070,91.6598253968254,19072801537022,1,6.9299959577620029,7.306,6.686976,2.724,14555,0.001024,3.172608,,0.034304,0.158208,0,0.13644799999999999,0.009216,0.010239999999999999,,0.0025599999999999998,,1.08928
13071,91.667614299886623,19072801610082,1,7.7889030799269676,6.7341,6.912512,2.7173,14555,0.001024,3.225088,,0.035584,0.16588799999999998,0.000256,0.144128,0.003328,0.012032,,0.002304,,1.09184
13072,91.6745297973356,19072801677423,1,6.9154975935816765,6.745,7.777536,3.3255,14555,0.001024,3.269376,,0.035072,0.151808,0,0.131584,0.003328,0.010239999999999999,,0.002304,,1.4210559999999999
13073,91.681349199263039,19072801744873,1,6.8194018676877022,7.025,6.738176,2.7166,14555,0.001024,3.296,,0.034304,0.164608,0,0.142336,0.009216,0.012288,,0.002304,,1.0964479999999999
13074,91.688086897675731,19072801815123,1,6.7376983352005482,7.9451,6.790656,2.5271,14555,0.001024,3.230976,,0.034304,0.15795199999999998,0.000256,0.13568,0.0038399999999999997,0.010496,,0.002304,,1.092864
13075,91.695191298185932,19072801894574,1,7.1044005453586578,6.0831,6.720256,2.8614,14555,0.001024,3.227392,,0.03328,0.158208,0,0.13849599999999998,0.007936,0.010496,,0.0025599999999999998,,1.072384
13076,91.702193098072556,19072801955405,1,7.0017999969422817,7.6397,7.079168,2.2965,14757,0.001024,3.292672,,0.218112,0.15872,0,0.136192,0.007936,0.011264,,0.002304,,1.094144
13077,91.709487202380956,19072802031802,1,7.2941044345498085,6.4423,6.982656,2.706,14555,0.001024,3.1831039999999997,,0.035328,0.1536,0.000256,0.133888,0.003328,0.012032,,0.0025599999999999998,,1.0946559999999999
13078,91.717296400226758,19072802096225,1,7.8091979958117008,7.7434,7.269888,2.3834,20997,0.001024,3.1831039999999997,,0.035328,0.1536,0.000256,0.133888,0.003328,0.012032,,0.0025599999999999998,,1.0946559999999999
13079,91.724286996882086,19072802173659,1,6.9905966520309448,6.3882,7.801088,2.323,14555,0.001024,3.291136,,0.035328,0.166656,0,0.14592,0.007424,0.010752,,0.002304,,1.257728
13080,91.731385997732417,19072802237541,1,7.0990007370710373,7.476,6.971648,2.5793,14555,0.001024,3.19616,,0.033535999999999996,0.1536,0,0.133632,0.004096,0.011776,,0.002304,,1.097472
13081,91.738932397959175,19072802312301,1,7.5464001856744289,7.4123,7.090432,2.6749,14750,0.001024,3.177216,,0.035584,0.15334399999999998,0,0.132096,0.0076799999999999993,0.011264,,0.0025599999999999998,,1.08928
13082,91.746607801870738,19072802386424,1,7.6754037290811539,6.788,7.537664,2.4798,14607,0.001024,3.2678399999999996,,0.035584,0.16768,0,0.14540799999999998,0.010496,0.012032,,0.002304,,1.090048
13083,91.754238102324265,19072802454304,1,7.6303002424538136,7.6887,7.622656,2.6744,14555,0.001024,3.2962559999999996,,0.035072,0.160768,0,0.14079999999999998,0.003328,0.011776,,0.0025599999999999998,,1.23648
13084,91.761768998015867,19072802531191,1,7.5308955274522305,6.726,7.638272,2.5782,14555,0.001024,3.2798719999999997,,0.035072,0.16358399999999998,0,0.14207999999999998,0.0076799999999999993,0.010752,,0.002304,,1.0913279999999999
13085,91.769108496315184,19072802598451,1,7.3394984938204288,8.382,7.506688,2.3524,14555,0.0012799999999999999,3.240704,,0.041471999999999995,0.164096,0,0.14336,0.007424,0.010752,,0.0025599999999999998,,1.343744
13086,91.776069798752829,19072802682271,1,6.9613023661077023,6.9821,7.325696,2.5984,14555,0.001024,3.2319999999999998,,0.036864,0.169984,0,0.1472,0.003584,0.010239999999999999,,0.002304,,1.2608
13087,91.783560296201813,19072802752092,1,7.4904975481331348,7.9116,6.93248,2.5977,14555,0.001024,3.22432,,0.044031999999999995,0.162304,0,0.140032,0.003072,0.012288,,0.002304,,1.092864
13088,91.791084601757362,19072802831208,1,7.5243054889142513,7.1131,7.482112,2.1972,14555,0.001024,3.2404479999999998,,0.035328,0.164096,0.000256,0.143616,0.003584,0.010239999999999999,,0.002304,,1.0780159999999999
13089,91.798266397392283,19072802902339,1,7.1817957796156406,6.7831,7.500544,2.1935,20549,0.001024,3.1933439999999997,,0.034304,0.402688,0.000256,0.14336,0.005376,0.012032,,0.002304,,1.4993919999999998
13090,91.805710296201809,19072802970170,1,7.4438988231122494,7.707,7.159296,2.2437,14902,0.001024,3.266048,,0.039424,0.15872,0,0.137216,0.003328,0.012032,,0.0025599999999999998,,1.0762239999999998
13091,91.813009098639455,19072803047240,1,7.2988024912774563,7.3959,7.427072,2.2225,14555,0.001024,3.2755199999999998,,0.035328,0.161024,0.000256,0.13952,0.0076799999999999993,0.010239999999999999,,0.002304,,1.3322239999999999
13092,91.820193501984122,19072803121199,1,7.184403482824564,7.2736,7.274496,2.5286,14555,0.001024,3.225088,,0.034048,0.164096,0.000256,0.14310399999999998,0.003584,0.011007999999999999,,0.0025599999999999998,,1.247488
13093,91.827705598072555,19072803193935,1,7.51209631562233,7.5868,7.168768,2.4378,88233,0.0012799999999999999,3.27168,,0.035584,0.165632,0,0.143616,0.003072,0.010496,,0.0025599999999999998,,1.093888
13094,91.8348628968254,19072803269803,1,7.1572987362742424,7.4563,7.496192,2.1916,14555,0.001024,3.2803839999999997,,0.039424,0.165632,0,0.14310399999999998,0.00896,0.011264,,0.0025599999999999998,,1.323264
13095,91.842914101473923,19072803344366,1,8.05120449513197,6.7939,7.133952,0.6638,20356,0.001024,3.160576,,0.039424,0.159744,0,0.13977599999999998,0.007424,0.010496,,0.002816,,1.235712
13096,91.849914002267568,19072803412305,1,6.9999005645513535,9.2874,0.044032,2.894,14555,0.001024,3.2701439999999997,,0.034048,0.157696,0,0.137216,0.003584,0.011007999999999999,,0.002048,,1.8723839999999998
13097,91.8572089994331,19072803505179,1,7.2949971072375774,5.984,6.989312,2.6404,14555,0.001024,3.288064,,0.034304,0.166656,0,0.14438399999999998,0.0038399999999999997,0.011264,,0.002304,,1.095168
13098,91.864184998582758,19072803565019,1,6.9759991019964218,8.0117,7.279104,2.5157,14555,0.0012799999999999999,3.22688,,0.039424,0.156416,0,0.134912,0.0097279999999999988,0.011776,,0.002304,,1.095168
13099,91.871491999716554,19072803645136,1,7.3070009239017963,6.5217,6.96064,2.3071,14555,0.001024,3.2394239999999996,,0.036351999999999995,0.162304,0.000256,0.141824,0.003584,0.011776,,0.0025599999999999998,,1.093888
13100,91.878799496882081,19072803710353,1,7.3074973188340664,7.4355,7.27936,2.4288,14555,0.001024,3.206912,,0.034816,0.15001599999999998,0,0.130304,0.003328,0.010496,,0.0025599999999999998,,1.098496
13101,91.886730498866214,19072803784708,1,7.9310024157166481,6.7427,7.305216,2.8084,28006,0.001024,3.081984,,0.034048,0.157696,0,0.13568,0.003328,0.012032,,0.0025599999999999998,,1.353728
13102,91.894269302721085,19072803852135,1,7.5388038530945778,7.6181,7.89504,2.5136,14750,0.001024,3.0976,,0.034048,0.157696,0.000256,0.13696,0.003584,0.011776,,0.002304,,1.573632
13103,91.901560898526071,19072803928316,1,7.2915959171950817,7.0778,7.530752,2.5126,14902,0.001024,3.2319999999999998,,0.03584,0.15744,0.000256,0.13568,0.0038399999999999997,0.011776,,0.002304,,1.288192
13104,91.908632497165527,19072803999094,1,7.0715984329581261,8.5405,7.272192,2.4962,14555,0.001024,3.2847359999999997,,0.033791999999999996,0.162048,0,0.141824,0.003584,0.011776,,0.002304,,1.343232
13105,91.916126998299319,19072804084499,1,7.4945013038814068,6.9711,7.047168,2.2959,14555,0.001024,3.1994879999999997,,0.034816,0.168704,0.000256,0.14668799999999999,0.003328,0.011519999999999999,,0.002304,,1.093376
13106,91.9231952026644,19072804154210,1,7.06820422783494,7.4781,7.469312,2.2968,14555,0.001024,3.1751679999999998,,0.035072,0.15923199999999998,0,0.137216,0.0048639999999999994,0.011007999999999999,,0.0025599999999999998,,1.26464
13107,91.930432199546487,19072804228991,1,7.236996665596962,7.4375,7.05408,2.0813,14555,0.001024,3.176192,,0.03968,0.157696,0,0.13696,0.007424,0.011264,,0.0025599999999999998,,1.361152
13108,91.937638895975056,19072804303366,1,7.2066965512931347,6.9979,7.159552,2.2939,14555,0.001024,3.1825919999999996,,0.039424,0.16153599999999999,0,0.13952,0.0076799999999999993,0.012032,,0.002304,,1.097728
13109,91.94506930272108,19072804373345,1,7.4304067529737949,7.3906,7.243008,2.4255,14555,0.0012799999999999999,3.234304,,0.044288,0.156416,0.000256,0.13516799999999998,0.003328,0.010496,,0.002816,,1.090304
13110,91.952324702380949,19072804447251,1,7.2553995996713638,6.8373,7.410432,2.3106,14607,0.001024,3.282688,,0.035328,0.165632,0.000256,0.14464,0.007424,0.010752,,0.002304,,1.581056
13111,91.959778401360538,19072804515624,1,7.4536991305649281,7.5954,7.23968,2.1583,14555,0.001024,3.2962559999999996,,0.034048,0.38707199999999997,0,0.133888,0.0051199999999999996,0.012032,,0.002816,,1.076736
13112,91.967314902210887,19072804591578,1,7.5365006923675537,6.8696,7.424,2.2043,14555,0.001024,3.267584,,0.040192,0.15744,0.000256,0.136192,0.0076799999999999993,0.011264,,0.002304,,1.074432
13113,91.9741961026077,19072804660274,1,6.8812002427876,7.6433,7.527168,2.2076,14555,0.001024,3.235584,,0.036095999999999996,0.158976,0.000256,0.137984,0.0076799999999999993,0.011776,,0.002304,,1.3506559999999999
13114,91.981220301870749,19072804736707,1,7.0241992361843586,7.5222,6.871296,2.3933,14555,0.001024,3.099392,,0.03968,0.16127999999999998,0,0.139008,0.003328,0.011007999999999999,,0.002304,,1.095424
13115,91.988401395975046,19072804811929,1,7.1810940280556679,7.2537,6.99776,2.4208,14555,0.001024,3.2327679999999996,,0.036095999999999996,0.16512,0.000256,0.143872,0.006656,0.011264,,0.002304,,1.074944
13116,91.995580598072564,19072804884466,1,7.1792020462453365,6.464,7.16288,2.48,14555,0.001024,3.2302079999999997,,0.035072,0.16025599999999998,0,0.138752,0.007424,0.010496,,0.002304,,1.095424
13117,92.002855498866211,19072804949106,1,7.2749005630612373,7.7554,7.159296,2.5638,14757,0.001024,3.177472,,0.03584,0.165376,0,0.14464,0.003328,0.010496,,0.002304,,1.095936
13118,92.010388102324256,19072805026660,1,7.5326035730540752,6.6382,7.212032,2.3641,14555,0.0012799999999999999,3.28064,,0.034816,0.154368,0.000256,0.1344,0.007936,0.010239999999999999,,0.002304,,1.0944
13119,92.017884098639456,19072805093042,1,7.4959965422749519,7.666,7.556096,2.386,14555,0.001024,3.2821759999999998,,0.03456,0.161024,0,0.141056,0.003072,0.011007999999999999,,0.0025599999999999998,,1.09056
13120,92.024896102607713,19072805169702,1,7.0120040327310562,7.0395,7.474944,2.2675,14555,0.001024,3.272192,,0.035328,0.157696,0,0.137216,0.0038399999999999997,0.010239999999999999,,0.002304,,1.56928
13121,92.032388697562354,19072805240097,1,7.4925948865711689,7.2767,7.003136,2.608,14555,0.001024,3.274752,,0.035072,0.15334399999999998,0,0.131584,0.0038399999999999997,0.011264,,0.002816,,1.092352
13122,92.03956889880952,19072805312864,1,7.1802013553678989,7.8692,7.4688,2.3437,14555,0.001024,3.266048,,0.035584,0.15795199999999998,0,0.136704,0.003072,0.011519999999999999,,0.002304,,1.206528
13123,92.046709098639454,19072805391556,1,7.1401996538043022,7.2605,7.160832,2.0977,14750,0.001024,3.184128,,0.034304,0.164096,0,0.14336,0.0051199999999999996,0.011519999999999999,,0.002304,,1.3488639999999998
13124,92.053332801870738,19072805464161,1,6.6237030550837517,7.0227,7.120384,2.5726,14555,0.001024,3.204608,,0.272384,0.15462399999999998,0,0.13312,0.003328,0.010752,,0.002304,,1.092096
13125,92.060405598072563,19072805534388,1,7.0727961137890816,7.9919,6.60608,2.2023,14555,0.001024,3.1751679999999998,,0.034304,0.15488,0,0.135424,0.0038399999999999997,0.010752,,0.0025599999999999998,,1.090304
13126,92.068028599773243,19072805614307,1,7.6230019330978394,6.397,7.038208,1.9605,14555,0.001024,3.285504,,0.036608,0.16614399999999999,0,0.14336,0.003328,0.010496,,0.002304,,1.074432
13127,92.0751829010771,19072805678277,1,7.1543012745678425,6.2574,7.613952,2.3541,14555,0.001024,3.2919039999999997,,0.035328,0.156416,0,0.13644799999999999,0.012544,0.011776,,0.0025599999999999998,,1.3240319999999999
13128,92.0817975977891,19072805740851,1,6.6146967001259327,7.5228,7.122944,2.1991,88233,0.001024,3.272448,,0.03968,0.163328,0,0.142592,0.0076799999999999993,0.011519999999999999,,0.002304,,1.074432
13129,92.088406200396818,19072805816079,1,6.6086025908589363,7.2754,6.590976,2.1219,14555,0.001024,3.170304,,0.03328,0.15488,0,0.134656,0.003328,0.011007999999999999,,0.0025599999999999998,,1.092608
13130,92.0953922973356,19072805888833,1,6.98609696701169,7.1244,6.601472,0.5906,14555,0.001024,3.234304,,0.033791999999999996,0.15488,0.000256,0.13286399999999998,0.003584,0.010496,,0.0025599999999999998,,1.074176
13131,92.102286401644,19072805960077,1,6.8941041827201843,8.0463,0.044288,2.1436,14757,0.001024,3.179264,,0.034816,0.165632,0.000256,0.14592,0.004608,0.011776,,0.002304,,1.075968
13132,92.109092396541953,19072806040540,1,6.8059950135648251,5.1248,6.88256,2.3537,14555,0.001024,3.240704,,0.034304,0.156416,0,0.13516799999999998,0.011776,0.010496,,0.002048,,1.08032
13133,92.115757100340133,19072806091788,1,6.6647036001086235,6.8934,6.755072,2.2623,14555,0.001024,3.090176,,0.034304,0.160512,0,0.140288,0.007936,0.010496,,0.002304,,1.09568
13134,92.122437202380951,19072806160722,1,6.6801020875573158,6.9602,6.666496,2.4415,14555,0.001024,3.2266239999999997,,0.034304,0.156672,0,0.13644799999999999,0.009216,0.011776,,0.002304,,1.093376
13135,92.129094997165524,19072806230324,1,6.6577945835888386,7.2187,6.609664,2.2795,14555,0.001024,3.185664,,0.034304,0.163072,0,0.142336,0.0038399999999999997,0.011519999999999999,,0.002304,,1.090304
13136,92.135752295918365,19072806302511,1,6.6572986543178558,6.9536,6.689024,2.1094,14555,0.0012799999999999999,3.2350719999999997,,0.033791999999999996,0.1664,0,0.144896,0.003584,0.011264,,0.0025599999999999998,,1.0762239999999998
13137,92.142498696145125,19072806372047,1,6.7464001476764679,5.9256,6.635264,2.0277,14555,0.001024,3.186944,,0.034304,0.156416,0,0.13644799999999999,0.003584,0.012032,,0.002304,,1.0780159999999999
13138,92.14916960034013,19072806431303,1,6.6709043458104134,6.7123,6.725888,2.3382,14555,0.001024,3.2901119999999997,,0.034048,0.162816,0.000256,0.141824,0.0038399999999999997,0.012032,,0.002304,,1.095936
13139,92.155923200113378,19072806498426,1,6.7535997368395329,6.8477,6.651392,2.0713,14607,0.001024,3.19488,,0.034816,0.154112,0,0.13286399999999998,0.0076799999999999993,0.011264,,0.002304,,1.082368
13140,92.16284829931972,19072806566903,1,6.9250990636646748,6.4784,6.729728,2.3271,14555,0.001024,3.2865279999999997,,0.03456,0.15872,0,0.13747199999999998,0.003328,0.012288,,0.0025599999999999998,,1.093376
13141,92.16961449829931,19072806631687,1,6.7661991342902184,7.2287,6.90176,2.0908,14555,0.001024,3.272192,,0.035328,0.16512,0,0.144128,0.003584,0.011776,,0.002304,,1.08928
13142,92.1761047973356,19072806703974,1,6.4902990125119686,6.7864,6.754304,1.9992,14555,0.001024,3.267584,,0.03456,0.16127999999999998,0,0.140288,0.0076799999999999993,0.011776,,0.002304,,1.074432
13143,92.182805902777773,19072806771838,1,6.7011052742600441,6.6661,6.465792,2.3306,14555,0.001024,3.0579199999999997,,0.034048,0.16127999999999998,0,0.14079999999999998,0.004352,0.010239999999999999,,0.0025599999999999998,,1.093632
13144,92.189547498582769,19072806838499,1,6.7415959201753139,7.028,6.67776,2.1748,14555,0.001024,3.23968,,0.033791999999999996,0.160768,0,0.140544,0.003584,0.011519999999999999,,0.0025599999999999998,,1.095936
13145,92.196195096371881,19072806908779,1,6.647597998380661,6.3173,6.720512,2.3138,14555,0.001024,3.2780799999999997,,0.034048,0.15488,0.000256,0.134912,0.0076799999999999993,0.011776,,0.002304,,1.0946559999999999
13146,92.203037096088437,19072806971952,1,6.8419999442994595,6.7657,6.62912,2.2593,14952,0.001024,3.19232,,0.034048,0.155136,0,0.1344,0.003584,0.011519999999999999,,0.0025599999999999998,,1.097472
13147,92.2097922973356,19072807039609,1,6.7552011460065842,6.786,6.823168,2.3213,14555,0.001024,3.188992,,0.034304,0.16127999999999998,0,0.141312,0.011776,0.011264,,0.002304,,1.0931199999999999
13148,92.216502402210878,19072807107469,1,6.7101046442985535,6.1003,6.734336,2.0696,14555,0.001024,3.2780799999999997,,0.034048,0.16025599999999998,0,0.13977599999999998,0.007168,0.011264,,0.002304,,1.092352
13149,92.22325759637188,19072807168472,1,6.7551941610872746,7.2504,6.692352,2.3344,20997,0.001024,3.234816,,0.03456,0.159744,0.000256,0.139264,0.003584,0.010496,,0.002304,,1.09184
13150,92.2300547973356,19072807240976,1,6.7972010001540184,6.896,6.734336,2.0337,14555,0.001024,3.2767999999999997,,0.034816,0.157184,0,0.13568,0.012544,0.011007999999999999,,0.002304,,1.075968
13151,92.236782397959175,19072807309936,1,6.72760047018528,6.1276,6.757632,2.2672,14555,0.001024,3.2750079999999997,,0.034304,0.16383999999999999,0,0.142848,0.003584,0.011264,,0.002304,,1.095936
13152,92.243414299886624,19072807371212,1,6.631901953369379,7.185,6.704896,1.9441,14555,0.0012799999999999999,3.228672,,0.034304,0.164608,0.000256,0.14336,0.003584,0.012032,,0.0025599999999999998,,1.076992
13153,92.24999180130385,19072807443062,1,6.57750153914094,6.6479,6.61632,2.1957,14555,0.001024,3.173888,,0.033535999999999996,0.157696,0.000256,0.137728,0.003584,0.011007999999999999,,0.002304,,1.097216
13154,92.256786401643993,19072807509541,1,6.7946002818644047,6.5991,6.570752,2.4895,14555,0.001024,3.0929919999999997,,0.034304,0.166656,0,0.14540799999999998,0.004096,0.012032,,0.002304,,1.09184
13155,92.263411096938768,19072807575532,1,6.6246953792870045,7.0405,6.764288,2.2648,14555,0.001024,3.264512,,0.034048,0.161792,0.000256,0.140544,0.0076799999999999993,0.011776,,0.002304,,1.075712
13156,92.270058397108841,19072807645937,1,6.6472999751567841,6.2857,6.604288,2.3385,14555,0.001024,3.1818239999999998,,0.033535999999999996,0.162304,0,0.142592,0.007936,0.010496,,0.002304,,1.0915839999999999
13157,92.2767762967687,19072807708794,1,6.717899814248085,7.4586,6.629632,2.4207,14555,0.001024,3.233536,,0.033791999999999996,0.1536,0.000256,0.133376,0.007936,0.010239999999999999,,0.0025599999999999998,,1.089536
13158,92.283456001984121,19072807783380,1,6.67970534414053,6.3178,6.69696,2.213,14555,0.001024,3.237888,,0.03456,0.16025599999999998,0.000256,0.139008,0.003584,0.011007999999999999,,0.002304,,1.094144
13159,92.290042998866213,19072807846558,1,6.5869968384504318,6.1907,6.662912,1.9847,14555,0.001024,3.1831039999999997,,0.03456,0.15744,0.000256,0.137216,0.003584,0.010752,,0.002304,,1.0964479999999999
13160,92.2967216978458,19072807908465,1,6.6786990500986576,6.9507,6.567936,2.0455,14555,0.001024,3.0942719999999997,,0.034048,0.161024,0,0.140032,0.003584,0.010239999999999999,,0.002816,,1.094144
13161,92.303563201530608,19072807977972,1,6.8415035493671894,6.5452,6.647552,2.1312,14757,0.0012799999999999999,3.165696,,0.03456,0.15795199999999998,0,0.137728,0.0076799999999999993,0.010496,,0.002304,,1.0949119999999999
13162,92.310228195861669,19072808043424,1,6.6649941727519035,6.6003,6.829056,2.132,14555,0.001024,3.1662079999999997,,0.03712,0.162304,0.000256,0.140544,0.006656,0.010239999999999999,,0.002304,,1.0731519999999999
13163,92.316954698129251,19072808109427,1,6.7265024408698082,6.5003,6.646272,2.2059,14555,0.001024,3.235584,,0.039168,0.158464,0.000256,0.138752,0.003328,0.011007999999999999,,0.0025599999999999998,,1.091072
13164,92.3236975977891,19072808174430,1,6.7428997717797756,7.4013,6.711296,2.179,14555,0.001024,3.274496,,0.034048,0.15334399999999998,0.000256,0.133888,0.003584,0.011007999999999999,,0.002816,,1.093376
13165,92.330494798752824,19072808248443,1,6.7972010001540184,6.2883,6.714368,2.3919,14555,0.001024,3.2381439999999997,,0.034048,0.15744,0,0.136704,0.003584,0.011264,,0.002304,,1.099008
13166,92.337274298469382,19072808311326,1,6.7794998176395893,6.7809,6.787584,2.2592,88233,0.001024,3.296,,0.03456,0.16614399999999999,0,0.144896,0.003584,0.011264,,0.002304,,1.078784
13167,92.344018098072553,19072808379135,1,6.7437994293868542,6.5439,6.755072,1.976,14555,0.001024,3.287552,,0.034304,0.158464,0,0.13849599999999998,0.0038399999999999997,0.010752,,0.0025599999999999998,,1.075456
13168,92.350981299603177,19072808444574,1,6.9632013328373432,6.8641,6.716672,0.5879,14555,0.0012799999999999999,3.231744,,0.033535999999999996,0.162048,0,0.142336,0.003584,0.011264,,0.0025599999999999998,,1.074432
13169,92.35764479875283,19072808513215,1,6.6634989343583584,8.299,0.038656,2.1635,14802,0.001024,3.226368,,0.040959999999999996,0.156416,0,0.135424,0.003584,0.010752,,0.002304,,1.074944
13170,92.364400297619042,19072808596205,1,6.7554987035691738,5.2604,6.64192,2.4203,14555,0.001024,3.208192,,0.033791999999999996,0.15564799999999998,0.000256,0.13414399999999999,0.003584,0.011776,,0.002304,,1.095424
13171,92.371039902210882,19072808648809,1,6.6396044567227364,7.3765,6.731776,2.3325,14555,0.001024,3.294208,,0.03328,0.15616,0,0.13644799999999999,0.003584,0.011264,,0.0025599999999999998,,1.089024
13172,92.377689597505665,19072808722574,1,6.6496953368186951,6.6328,6.61632,2.3971,14555,0.001024,3.184128,,0.034304,0.163072,0,0.141824,0.0063999999999999994,0.011776,,0.002304,,1.09184
13173,92.38443900226757,19072808788902,1,6.7494045943021774,6.1736,6.635008,2.4774,14555,0.001024,3.233024,,0.033791999999999996,0.15692799999999998,0,0.13568,0.011519999999999999,0.010496,,0.002304,,1.096192
13174,92.3911801020408,19072808850638,1,6.7410999909043312,7.45,6.717952,2.2438,14555,0.001024,3.1795199999999997,,0.034304,0.158464,0,0.13696,0.011776,0.010752,,0.002304,,1.0931199999999999
13175,92.397904598922892,19072808925138,1,6.7244968377053738,6.0767,6.704896,2.6423,14555,0.001024,3.2847359999999997,,0.03328,0.15872,0,0.139008,0.007936,0.010752,,0.0025599999999999998,,1.092352
13176,92.404660196995465,19072808985905,1,6.75559788942337,7.355,6.724352,2.2738,14757,0.001024,3.267584,,0.03456,0.16153599999999999,0,0.13977599999999998,0.003584,0.012032,,0.002304,,1.0897919999999999
13177,92.411438201530615,19072809059455,1,6.7780045792460442,6.1604,6.752768,2.1923,14555,0.001024,3.2913919999999997,,0.03456,0.161792,0,0.140288,0.011519999999999999,0.011776,,0.0025599999999999998,,1.09696
13178,92.418243501984122,19072809121059,1,6.8053002469241619,7.0304,6.706944,2.2607,14555,0.001024,3.237888,,0.034048,0.16486399999999998,0,0.14310399999999998,0.007936,0.010496,,0.0025599999999999998,,1.0982399999999999
13179,92.424920698696141,19072809191363,1,6.6771968267858028,6.3993,6.823936,2.4248,14555,0.001024,3.2253439999999998,,0.03456,0.16486399999999998,0,0.144128,0.003584,0.012288,,0.0025599999999999998,,1.09696
13180,92.431381597222213,19072809255356,1,6.46089855581522,7.3994,6.554624,2.3733,14555,0.001024,3.0942719999999997,,0.033791999999999996,0.156672,0,0.137216,0.003584,0.011519999999999999,,0.002304,,1.093376
13181,92.438240497448973,19072809329350,1,6.8589001893997192,6.6792,6.544896,2.7173,14555,0.001024,3.0911999999999997,,0.034304,0.16025599999999998,0.000256,0.137728,0.005632,0.011776,,0.002304,,1.087744
13182,92.445035898526072,19072809396142,1,6.795401219278574,6.2362,6.830336,2.0835,14555,0.0012799999999999999,3.281408,,0.03456,0.16486399999999998,0.000256,0.144896,0.003584,0.011264,,0.002304,,1.076992
13183,92.451610402494325,19072809458504,1,6.57450407743454,6.3819,6.776064,2.2027,14555,0.001024,3.2888319999999998,,0.034304,0.148736,0,0.12953599999999998,0.0076799999999999993,0.012032,,0.0025599999999999998,,1.072384
13184,92.458308000283438,19072809522323,1,6.6975979134440422,6.8311,6.562816,2.1562,14555,0.001024,3.1027199999999997,,0.034304,0.156672,0,0.135424,0.0084479999999999989,0.010496,,0.002048,,1.0764799999999999
13185,92.465048299319719,19072809590634,1,6.7402990534901619,6.685,6.679296,2.2527,14555,0.001024,3.198464,,0.033791999999999996,0.151552,0,0.131584,0.00896,0.011519999999999999,,0.002816,,1.092864
13186,92.471826395975057,19072809657484,1,6.7780967801809311,7.0562,6.720512,2.2912,14555,0.001024,3.288576,,0.034816,0.16383999999999999,0,0.142592,0.003584,0.011519999999999999,,0.002048,,1.092864
13187,92.478565001417223,19072809728046,1,6.7386054433882236,6.5121,6.754048,2.0677,14555,0.001024,3.230976,,0.034048,0.16,0.000256,0.13849599999999998,0.003584,0.012032,,0.002304,,1.075456
13188,92.485228996598636,19072809793167,1,6.6639953292906284,6.7511,6.711552,2.1945,14555,0.001024,3.262464,,0.034304,0.166656,0,0.14540799999999998,0.0038399999999999997,0.011264,,0.002304,,1.0913279999999999
13189,92.491815695861675,19072809860678,1,6.5866992808878422,6.7469,6.64704,2.2047,14555,0.001024,3.2332799999999997,,0.03328,0.16153599999999999,0,0.142336,0.0076799999999999993,0.010496,,0.0025599999999999998,,1.09184
13190,92.498458198696142,19072809928147,1,6.64250273257494,6.7282,6.568192,2.1355,14555,0.001024,3.098112,,0.034304,0.15692799999999998,0,0.13516799999999998,0.0076799999999999993,0.010752,,0.002304,,1.088768
13191,92.505012797619045,19072809995429,1,6.5545989200472832,6.69,6.623744,2.2349,14757,0.001024,3.1831039999999997,,0.033535999999999996,0.15923199999999998,0,0.13952,0.011007999999999999,0.011519999999999999,,0.002304,,1.097728
13192,92.511949596088428,19072810062329,1,6.9367983378469944,6.9592,6.53312,2.1637,14750,0.001024,3.096832,,0.034048,0.1664,0,0.146432,0.008192,0.011776,,0.0025599999999999998,,1.0982399999999999
13193,92.518864498299322,19072810131921,1,6.91490201279521,6.7514,6.912768,2.5523,14555,0.001024,3.23712,,0.035584,0.159488,0.000256,0.139008,0.009984,0.010496,,0.0025599999999999998,,1.095168
13194,92.525946400226758,19072810199435,1,7.0819021202623844,6.5038,6.8992,2.4634,14555,0.001024,3.265792,,0.035584,0.167424,0.000256,0.14540799999999998,0.003328,0.010752,,0.002304,,1.093632
13195,92.532846400226759,19072810264473,1,6.8999999202787876,6.3599,7.069952,2.2833,14555,0.001024,3.1777279999999997,,0.035328,0.166912,0,0.14464,0.008192,0.010496,,0.002304,,1.0752
13196,92.5395753968254,19072810328072,1,6.7289965227246284,6.92,6.874112,2.1911,32126,0.001024,3.269888,,0.041471999999999995,0.163072,0,0.141568,0.007424,0.010496,,0.002304,,1.092864
13197,92.54627660147392,19072810397272,1,6.7012044601142406,7.4626,6.71872,2.1699,28957,0.0012799999999999999,3.2363519999999997,,0.034304,0.1664,0.000256,0.14464,0.007936,0.011007999999999999,,0.002304,,1.0931199999999999
13198,92.553048398526073,19072810471898,1,6.7717968486249447,6.9452,6.664704,2.316,49697,0.001024,3.1902719999999998,,0.03456,0.164608,0,0.14438399999999998,0.0076799999999999993,0.010752,,0.0025599999999999998,,1.09696
13199,92.559752600623582,19072810541350,1,6.7042019218206406,6.7546,6.747136,2.3686,44755,0.001024,3.286016,,0.034048,0.16383999999999999,0,0.144128,0.003584,0.012288,,0.0025599999999999998,,1.0949119999999999
13200,92.566503599773242,19072810608896,1,6.7509990185499191,6.615,6.69568,2.6674,14555,0.001024,3.224064,,0.033535999999999996,0.15872,0,0.139264,0.008192,0.010752,,0.002304,,1.0897919999999999
13201,92.5731330994898,19072810675046,1,6.6294996067881584,6.632,6.71872,2.1048,32126,0.001024,3.289344,,0.033791999999999996,0.160512,0,0.140288,0.003584,0.012032,,0.0025599999999999998,,1.091072
13202,92.5798670989229,19072810741366,1,6.7339995875954628,6.6628,6.616064,2.4155,28957,0.001024,3.182336,,0.034048,0.156672,0,0.13568,0.003584,0.010496,,0.0025599999999999998,,1.0913279999999999
13203,92.586518296485252,19072810807994,1,6.65119756013155,6.7765,6.694912,2.2017,14555,0.0012799999999999999,3.2363519999999997,,0.034304,0.165376,0.000256,0.144128,0.003328,0.010752,,0.002304,,1.095424
13204,92.5932711026077,19072810875759,1,6.7528062500059605,6.7322,6.649344,2.2434,88233,0.0012799999999999999,3.194368,,0.034304,0.162816,0,0.142592,0.007424,0.011519999999999999,,0.002304,,1.1013119999999998
13205,92.60000049603174,19072810943081,1,6.7293932661414146,6.3737,6.733312,2.7234,14555,0.001024,3.2755199999999998,,0.03328,0.157696,0.000256,0.137984,0.0076799999999999993,0.010239999999999999,,0.002304,,1.0979839999999998
13206,92.607269401927439,19072811006818,1,7.2689061053097248,7.1768,6.707712,0.6169,14757,0.001024,3.291136,,0.034048,0.158208,0,0.136704,0.0038399999999999997,0.011007999999999999,,0.002048,,1.075456
13207,92.613922498582767,19072811078586,1,6.6530965268611908,7.3037,0.035072,2.4305,14555,0.001024,3.26144,,0.035072,0.157696,0,0.13696,0.0076799999999999993,0.012032,,0.0025599999999999998,,1.091072
13208,92.620638895975048,19072811151623,1,6.71639759093523,6.0284,6.635776,2.3454,14555,0.001024,3.208704,,0.034304,0.155904,0,0.133632,0.003328,0.011519999999999999,,0.0025599999999999998,,1.091072
13209,92.6274086026077,19072811211907,1,6.76970649510622,7.0229,6.686208,2.4046,14555,0.001024,3.237888,,0.033791999999999996,0.16153599999999999,0,0.141312,0.008192,0.010496,,0.002816,,1.094144
13210,92.634164101473914,19072811282136,1,6.7554987035691738,6.9928,6.754304,2.0491,14555,0.001024,3.292672,,0.034304,0.153856,0,0.13312,0.0076799999999999993,0.010752,,0.0025599999999999998,,1.0780159999999999
13211,92.6408910005669,19072811352064,1,6.7268991842865944,6.2959,6.695936,2.2303,14555,0.001024,3.2683519999999997,,0.034048,0.152832,0,0.13312,0.003584,0.010496,,0.0025599999999999998,,1.0762239999999998
13212,92.6474838010204,19072811415023,1,6.5928003750741482,6.6636,6.7584,2.2988,14555,0.001024,3.2780799999999997,,0.03456,0.158976,0.000256,0.13747199999999998,0.007936,0.011264,,0.002304,,1.078528
13213,92.654398100907031,19072811481659,1,6.914299912750721,6.6809,6.559232,2.5133,14555,0.001024,3.091456,,0.03456,0.1536,0,0.13286399999999998,0.003584,0.011264,,0.0025599999999999998,,1.0944
13214,92.661023596938776,19072811548468,1,6.6254958510398865,6.982,6.894848,2.4374,14555,0.001024,3.294464,,0.03456,0.16512,0,0.14438399999999998,0.003584,0.012288,,0.002304,,1.254912
13215,92.667663796768707,19072811618288,1,6.640200037509203,7.0253,6.608128,2.3393,14750,0.001024,3.177472,,0.03456,0.160768,0,0.13824,0.009472,0.011264,,0.0025599999999999998,,1.097216
13216,92.67442429846939,19072811688541,1,6.7605017684400082,6.6247,6.628608,2.7175,14555,0.001024,3.177216,,0.034304,0.15692799999999998,0,0.13696,0.008192,0.010752,,0.002304,,1.097728
13217,92.6811161989796,19072811754788,1,6.691900547593832,6.5202,6.744576,2.346,14555,0.001024,3.293952,,0.034304,0.164352,0.000256,0.14336,0.010239999999999999,0.010239999999999999,,0.002304,,1.095424
13218,92.688796400226749,19072811819990,1,7.6802014373242855,7.0357,6.666752,6.0175,14555,0.001024,3.259648,,0.03328,0.15795199999999998,0.000256,0.13824,0.003328,0.013056,,0.002048,,1.076992
13219,92.695530796485258,19072811890347,1,6.734396331012249,6.655,6.691584,1.9985,14555,0.001024,3.2821759999999998,,0.033791999999999996,0.153856,0.000256,0.133632,0.0038399999999999997,0.010239999999999999,,0.002304,,1.073408
13220,92.702125899943312,19072811956897,1,6.5951035358011723,6.2464,6.705664,2.9029,14757,0.001024,3.195648,,0.034048,0.154112,0,0.133376,0.0076799999999999993,0.012032,,0.002304,,1.0913279999999999
13221,92.708976700680267,19072812019361,1,6.8508009426295757,7.814,6.580992,2.6872,14555,0.001024,3.186944,,0.033791999999999996,0.156672,0,0.13696,0.0038399999999999997,0.011519999999999999,,0.002048,,1.0946559999999999
13222,92.716065100623581,19072812097501,1,7.0883999578654766,7.1403,6.825728,2.295,14555,0.001024,3.188992,,0.033791999999999996,0.156416,0,0.13644799999999999,0.0097279999999999988,0.010496,,0.002304,,1.09952
13223,92.723103996598638,19072812168904,1,7.0388959720730782,6.3623,7.077632,2.6647,20997,0.001024,3.1818239999999998,,0.033535999999999996,0.150784,0,0.130816,0.0038399999999999997,0.011007999999999999,,0.002304,,1.4743039999999998
13224,92.730451799886623,19072812232527,1,7.3478030972182751,6.9553,7.024896,2.5275,14555,0.001024,3.188992,,0.034048,0.163072,0,0.142848,0.008192,0.010752,,0.002304,,1.089024
13225,92.73790060232426,19072812302080,1,7.4488022364676,7.0039,7.268352,2.7153,14555,0.001024,3.18464,,0.034304,0.15872,0,0.13747199999999998,0.003584,0.011776,,0.0025599999999999998,,1.2720639999999999
13226,92.74497490079365,19072812372119,1,7.0742983371019363,6.945,7.488512,2.5594,14555,0.001024,3.23712,,0.034816,0.155392,0,0.13568,0.003584,0.011007999999999999,,0.002304,,1.256192
13227,92.75236330073696,19072812441569,1,7.3883999139070511,7.6561,7.048448,2.7405,14555,0.001024,3.088384,,0.035328,0.15334399999999998,0,0.13312,0.003584,0.010752,,0.0025599999999999998,,1.33632
13228,92.759489399092971,19072812518130,1,7.1260984987020493,7.2201,7.365632,2.999,14555,0.001024,3.296,,0.034816,0.16255999999999998,0,0.141824,0.003328,0.011264,,0.002304,,1.095168
13229,92.767127501417235,19072812590331,1,7.6381023973226547,7.4309,7.092224,2.5118,14607,0.001024,3.266304,,0.03584,0.15462399999999998,0,0.132352,0.003584,0.011264,,0.002304,,1.092096
13230,92.77426969954648,19072812664640,1,7.142198272049427,7.4404,7.629312,2.6894,14555,0.001024,3.2688639999999998,,0.039936,0.162816,0,0.141056,0.008192,0.010239999999999999,,0.002304,,1.32864
13231,92.78145870181406,19072812739044,1,7.1890023536980152,6.6863,7.117056,2.8538,14555,0.001024,3.099904,,0.034816,0.15795199999999998,0,0.137728,0.0076799999999999993,0.011519999999999999,,0.002304,,1.096704
13232,92.788670698696137,19072812805907,1,7.2119967080652714,7.6821,7.174656,2.6142,14555,0.001024,3.2839679999999998,,0.03584,0.15488,0,0.133632,0.003328,0.012288,,0.0025599999999999998,,1.090048
13233,92.796147300170063,19072812882728,1,7.4766012839972973,7.2859,7.197184,2.4774,14555,0.001024,3.1692799999999997,,0.035584,0.158976,0,0.13747199999999998,0.003328,0.011264,,0.002304,,1.092352
13234,92.803299702380954,19072812955587,1,7.1524023078382015,7.1511,7.199488,2.2897,14757,0.001024,3.23712,,0.035328,0.161792,0,0.140032,0.003584,0.011519999999999999,,0.0025599999999999998,,1.0798079999999999
13235,92.810915001417229,19072813027098,1,7.6152989640831947,7.2826,7.143168,2.8455,14555,0.001024,3.287552,,0.03968,0.165632,0,0.143616,0.007936,0.010239999999999999,,0.002304,,1.0931199999999999
13236,92.818285997732417,19072813099924,1,7.3709962889552116,7.8992,7.600896,2.8749,14750,0.001024,3.2327679999999996,,0.035328,0.15616,0.000256,0.13516799999999998,0.0076799999999999993,0.010752,,0.002304,,1.093376
13237,92.825275099206351,19072813178916,1,6.9891014136374,7.2812,7.340544,2.8179,14555,0.0012799999999999999,3.2762879999999996,,0.035328,0.16153599999999999,0,0.13952,0.003328,0.010752,,0.002304,,1.339904
13238,92.832666099773235,19072813251728,1,7.3910006321966648,7.369,6.984192,2.6967,14555,0.001024,3.286016,,0.035328,0.16614399999999999,0,0.14438399999999998,0.003584,0.011519999999999999,,0.0025599999999999998,,1.089536
13239,92.840265001417237,19072813325418,1,7.5989016331732273,7.4353,7.377152,2.7444,14555,0.001024,3.2839679999999998,,0.035328,0.154112,0,0.13286399999999998,0.003584,0.010496,,0.0025599999999999998,,1.09568
13240,92.847461196145119,19072813399771,1,7.1961949579417706,7.0005,7.579136,2.7163,88233,0.001024,3.29216,,0.03584,0.16588799999999998,0,0.145664,0.0076799999999999993,0.010752,,0.0025599999999999998,,1.6015359999999998
13241,92.854681901927435,19072813469776,1,7.220705971121788,6.9954,7.178496,2.6628,14555,0.001024,3.1715839999999997,,0.043264,0.16486399999999998,0.000256,0.145152,0.0076799999999999993,0.011519999999999999,,0.002304,,1.090048
13242,92.8623336026077,19072813539730,1,7.6517006382346153,7.8494,7.198464,0.719,14555,0.001024,3.1751679999999998,,0.036095999999999996,0.15488,0.000256,0.1344,0.003328,0.011776,,0.002304,,1.076992
13243,92.8703637967687,19072813618224,1,8.0301938578486443,8.3052,0.046848,2.4419,14555,0.001024,3.28576,,0.035584,0.16025599999999998,0,0.139008,0.003072,0.011007999999999999,,0.002304,,1.408512
13244,92.877966099773232,19072813701276,1,7.602302823215723,5.5673,8.024064,2.8272,14555,0.001024,3.234816,,0.035584,0.15692799999999998,0,0.13644799999999999,0.003072,0.011776,,0.002304,,1.689856
13245,92.88524039824263,19072813756949,1,7.2742984630167484,8.2834,7.579136,2.298,14555,0.001024,3.294464,,0.041215999999999996,0.168448,0,0.146432,0.003328,0.011264,,0.0025599999999999998,,1.3708799999999999
13246,92.892530102040809,19072813839783,1,7.28970393538475,7.7131,7.241984,2.8068,14555,0.001024,3.266816,,0.034048,0.16614399999999999,0,0.145152,0.003584,0.011264,,0.002304,,1.364736
13247,92.899816000566886,19072813916914,1,7.2858985513448715,7.9941,7.27936,2.6595,14555,0.0012799999999999999,3.193856,,0.03584,0.162304,0,0.141824,0.004352,0.011264,,0.0025599999999999998,,1.264896
13248,92.907226098356,19072813996855,1,7.4100978672504425,7.0359,7.263232,3.1918,14757,0.001024,3.235584,,0.035584,0.16768,0,0.14592,0.00896,0.010239999999999999,,0.0025599999999999998,,1.0944
13249,92.91544059665533,19072814067214,1,8.2144979387521744,7.2175,7.393536,2.838,14555,0.001024,3.2296959999999997,,0.034304,0.164608,0,0.143872,0.003584,0.012032,,0.002304,,1.354752
13250,92.922664902210883,19072814139389,1,7.2243055328726768,7.2772,8.18944,2.5971,14555,0.001024,3.232256,,0.040704,0.155392,0,0.134912,0.003072,0.010752,,0.002816,,1.093632
13251,92.92977830215419,19072814212161,1,7.1133999153971672,7.62,7.211008,2.5117,14555,0.001024,3.178496,,0.035584,0.16153599999999999,0,0.140032,0.0076799999999999993,0.011776,,0.002304,,1.08928
13252,92.937037599206349,19072814288361,1,7.25929718464613,8.067,7.080448,2.5093,14555,0.001024,3.292416,,0.035584,0.15872,0,0.137984,0.003328,0.010239999999999999,,0.002304,,1.097216
13253,92.944026502267576,19072814369031,1,6.9889030419290066,7.0979,7.242496,2.4938,14555,0.001024,3.1782399999999997,,0.039424,0.159488,0,0.138752,0.0076799999999999993,0.012032,,0.0025599999999999998,,1.095168
13254,92.951264696712016,19072814440010,1,7.2381943464279175,7.5149,6.966016,3.7437,14555,0.001024,3.1764479999999997,,0.041215999999999996,0.158464,0.000256,0.137984,0.003584,0.010496,,0.0025599999999999998,,1.0764799999999999
13255,92.958715901360534,19072814515159,1,7.4512045830488205,6.7533,7.222528,2.2615,14555,0.001024,3.2683519999999997,,0.034048,0.164352,0.000256,0.14336,0.003328,0.011007999999999999,,0.002304,,1.353216
13256,92.966002501417236,19072814582692,1,7.286599837243557,6.6713,7.442176,2.6558,14555,0.001024,3.3024,,0.036095999999999996,0.163072,0,0.14079999999999998,0.003584,0.011007999999999999,,0.002304,,1.267712
13257,92.973178500566888,19072814649405,1,7.1759992279112339,7.6704,7.256832,2.8386,14802,0.001024,3.172096,,0.035584,0.171008,0,0.148224,0.0051199999999999996,0.011519999999999999,,0.0025599999999999998,,1.0949119999999999
13258,92.980531001984119,19072814726109,1,7.35250161960721,7.6898,7.150336,2.4746,14555,0.001024,3.1764479999999997,,0.035328,0.159744,0,0.139008,0.003328,0.011264,,0.002304,,1.357056
13259,92.987864498299317,19072814803007,1,7.3334961198270321,7.2898,7.338496,3.039,14555,0.001024,3.2386559999999998,,0.038911999999999995,0.15872,0,0.13849599999999998,0.0076799999999999993,0.011519999999999999,,0.002304,,1.2638719999999999
13260,92.995028698979581,19072814875905,1,7.1642007678747177,7.371,7.312128,2.6196,14555,0.001024,3.170816,,0.036095999999999996,0.164096,0.000256,0.143616,0.003072,0.010239999999999999,,0.0025599999999999998,,1.0946559999999999
13261,93.002437400793653,19072814949615,1,7.4087018147110939,6.8928,7.149824,2.7253,14757,0.001024,3.1825919999999996,,0.03456,0.15616,0.000256,0.13414399999999999,0.0038399999999999997,0.011007999999999999,,0.0025599999999999998,,1.341952
13262,93.009514299886618,19072815018543,1,7.07689905539155,7.5279,7.390464,2.7351,14555,0.001024,3.296512,,0.034304,0.164352,0.000256,0.142592,0.0038399999999999997,0.011007999999999999,,0.002304,,1.3237759999999998
13263,93.017233900226756,19072815093822,1,7.7196001075208187,7.0153,7.032064,2.7552,14555,0.001024,3.168256,,0.035072,0.160512,0,0.139008,0.009472,0.011264,,0.0025599999999999998,,1.090304
13264,93.024665199829926,19072815163975,1,7.4312994256615639,7.8971,7.473152,2.7133,14555,0.001024,3.227136,,0.039936,0.169216,0.000256,0.147456,0.0076799999999999993,0.011007999999999999,,0.002304,,1.092608
13265,93.03171809807256,19072815242946,1,7.0528984069824219,6.953,7.343872,2.9347,14555,0.001024,3.178496,,0.035072,0.157184,0,0.135424,0.003072,0.012288,,0.0025599999999999998,,1.515264
13266,93.038700800736962,19072815312476,1,6.982702761888504,7.7496,7.094016,2.9211,14555,0.001024,3.17696,,0.035072,0.16614399999999999,0,0.145152,0.003328,0.011776,,0.0025599999999999998,,1.073408
13267,93.045737996031747,19072815389972,1,7.03719537705183,7.5857,6.969856,3.2638,14555,0.001024,3.0924799999999997,,0.034816,0.162048,0.000256,0.141568,0.003328,0.012032,,0.002304,,1.074944
13268,93.052975800736959,19072815465829,1,7.2378045879304409,6.939,7.015424,3.103,14555,0.001024,3.187456,,0.04224,0.162304,0.000256,0.140544,0.003072,0.011264,,0.002304,,1.075968
13269,93.06037439767573,19072815535219,1,7.398596964776516,6.8363,7.214848,2.7211,14555,0.001024,3.242752,,0.038144,0.166656,0,0.14464,0.003584,0.011007999999999999,,0.0025599999999999998,,1.09056
13270,93.067791298185938,19072815603582,1,7.4169007129967213,7.1844,7.3856,2.3926,14555,0.001024,3.225856,,0.03968,0.16588799999999998,0,0.14464,0.003328,0.011264,,0.002304,,1.243136
13271,93.074719401927439,19072815675426,1,6.9281035102903843,7.251,7.39072,2.3121,14555,0.001024,3.0996479999999997,,0.041471999999999995,0.16,0,0.139264,0.0076799999999999993,0.011007999999999999,,0.002304,,1.4361599999999999
13272,93.081600297619048,19072815747936,1,6.8808957003057,6.7001,6.928384,2.56,14555,0.001024,3.10016,,0.040192,0.16127999999999998,0.000256,0.141312,0.003072,0.011007999999999999,,0.0025599999999999998,,1.092864
13273,93.0883297973356,19072815814937,1,6.7294999025762081,8.0248,6.757376,3.0855,14555,0.001024,3.22944,,0.033535999999999996,0.159488,0,0.13952,0.0076799999999999993,0.011264,,0.002816,,1.072128
13274,93.09556600056689,19072815895185,1,7.23620317876339,6.7765,6.797824,3.239,14555,0.001024,3.167232,,0.03328,0.152832,0,0.13312,0.003584,0.011264,,0.002304,,1.074176
13275,93.102686897675738,19072815962950,1,7.1208970621228218,7.473,7.134976,3.0402,88435,0.001024,3.174144,,0.035584,0.160512,0,0.139008,0.003584,0.011264,,0.002304,,1.07904
13276,93.10973879676871,19072816037680,1,7.0518990978598595,6.4256,7.160064,3.3729,14555,0.001024,3.192576,,0.036095999999999996,0.167424,0,0.14438399999999998,0.003328,0.011007999999999999,,0.002304,,1.0752
13277,93.116643402777768,19072816101936,1,6.9046062417328358,7.6775,6.738944,0.7814,14555,0.001024,3.222784,,0.033535999999999996,0.159488,0,0.13747199999999998,0.003584,0.011776,,0.002304,,1.07392
13278,93.123446598639447,19072816178711,1,6.8031959235668182,8.4842,0.035584,3.094,14750,0.001024,3.1710719999999997,,0.03712,0.160512,0,0.140288,0.003584,0.011519999999999999,,0.002304,,1.073408
13279,93.1305375,19072816263553,1,7.0909014903008938,5.5287,6.682112,3.255,14555,0.001024,3.234048,,0.033791999999999996,0.165632,0,0.144128,0.0084479999999999989,0.011519999999999999,,0.002304,,1.075712
13280,93.137037499999991,19072816318840,1,6.5000001341104507,7.1926,6.972928,2.9357,14555,0.001024,3.248128,,0.033535999999999996,0.15795199999999998,0,0.13849599999999998,0.010752,0.011519999999999999,,0.0025599999999999998,,1.07776
13281,93.143702997448969,19072816390766,1,6.6654975526034832,6.8153,6.59712,2.6074,14555,0.001024,3.17312,,0.034048,0.16383999999999999,0.000256,0.14207999999999998,0.007424,0.011519999999999999,,0.002816,,1.0764799999999999
13282,93.1504125,19072816458919,1,6.7095025442540646,6.6438,6.720768,2.6278,14555,0.001024,3.228672,,0.033024,0.16127999999999998,0.000256,0.141312,0.0038399999999999997,0.012032,,0.002304,,1.078272
13283,93.157099596088429,19072816525357,1,6.6870963200926781,6.3549,6.693632,2.6152,14555,0.001024,3.171328,,0.033024,0.159488,0,0.13952,0.003328,0.010496,,0.0025599999999999998,,1.072128
13284,93.163867198129253,19072816588906,1,6.7676021717488766,7.0441,6.663168,2.4891,14555,0.001024,3.175424,,0.033535999999999996,0.150272,0.000256,0.130304,0.003584,0.011264,,0.0025599999999999998,,1.0913279999999999
13285,93.170776502267572,19072816659347,1,6.9093042984604836,6.0271,6.691328,2.0428,14555,0.001024,3.1831039999999997,,0.033535999999999996,0.16127999999999998,0,0.141312,0.0076799999999999993,0.011007999999999999,,0.0025599999999999998,,1.093632
13286,93.177449298469384,19072816719618,1,6.6727963276207447,6.7635,6.938624,2.4735,14607,0.001024,3.27936,,0.033535999999999996,0.153856,0.000256,0.134656,0.007424,0.011264,,0.002304,,1.089536
13287,93.18412230017006,19072816787253,1,6.6730016842484474,6.7578,6.659584,2.5446,14555,0.001024,3.1808,,0.03328,0.155904,0,0.136192,0.007424,0.011264,,0.0025599999999999998,,1.09184
13288,93.190746301020411,19072816854831,1,6.6240010783076286,6.8729,6.575616,2.3044,14555,0.001024,3.08864,,0.03328,0.15129599999999999,0,0.131328,0.007936,0.012032,,0.002304,,1.092608
13289,93.197387797619044,19072816923560,1,6.6414964385330677,6.5202,6.67392,2.2105,14555,0.001024,3.261952,,0.034048,0.15129599999999999,0,0.131328,0.009472,0.012032,,0.0025599999999999998,,1.093632
13290,93.2040457979025,19072816988762,1,6.6580004058778286,6.2415,6.619392,2.5972,16877,0.001024,3.179264,,0.033024,0.162304,0,0.142592,0.00896,0.010752,,0.0025599999999999998,,1.091072
13291,93.210679698129255,19072817051177,1,6.6339001059532166,7.2565,6.638336,2.8987,14555,0.001024,3.180288,,0.034048,0.165376,0,0.143616,0.007936,0.011519999999999999,,0.002304,,1.070848
13292,93.217622300170063,19072817123742,1,6.9426018744707108,6.7585,6.615808,2.5987,14555,0.0012799999999999999,3.0973439999999997,,0.033535999999999996,0.15488,0,0.135424,0.008192,0.011007999999999999,,0.0025599999999999998,,1.095424
13293,93.224270401077092,19072817191327,1,6.6481009125709534,6.1648,6.910208,2.4214,20997,0.001024,3.199232,,0.040192,0.160512,0.000256,0.140032,0.007168,0.010496,,0.002816,,1.098496
13294,93.231073901643981,19072817252975,1,6.8035004660487175,6.2903,6.636032,2.264,14555,0.001024,3.233536,,0.034304,0.16025599999999998,0,0.13824,0.0048639999999999994,0.010496,,0.0025599999999999998,,1.0964479999999999
13295,93.237918799603165,19072817315878,1,6.8448977544903755,7.2648,6.786048,2.4371,14555,0.001024,3.289856,,0.033791999999999996,0.160768,0,0.14079999999999998,0.003584,0.011776,,0.0025599999999999998,,1.093376
13296,93.244712996031737,19072817388526,1,6.7941965535283089,6.5396,6.819584,2.3893,14555,0.001024,3.2647679999999997,,0.033535999999999996,0.166656,0,0.146176,0.004096,0.011264,,0.002304,,1.093376
13297,93.251503996598629,19072817453922,1,6.7910007201135159,7.0351,6.782976,2.4522,14555,0.001024,3.2696319999999996,,0.033791999999999996,0.15334399999999998,0.000256,0.13183999999999998,0.003328,0.012032,,0.002304,,1.092608
13298,93.258306597222216,19072817524273,1,6.8026008084416389,7.1371,6.75968,2.5702,14555,0.001024,3.2755199999999998,,0.033535999999999996,0.158976,0,0.139008,0.0038399999999999997,0.010752,,0.003072,,1.0931199999999999
13299,93.2651660005669,19072817595644,1,6.8594035692512989,6.5975,6.763776,2.5044,14555,0.001024,3.2998399999999997,,0.034048,0.1536,0,0.132352,0.003584,0.011264,,0.0025599999999999998,,1.092864
13300,93.271911996882082,19072817661619,1,6.7459964193403721,7.0928,6.87488,2.5701,14555,0.001024,3.2017919999999997,,0.034048,0.15744,0,0.13644799999999999,0.0038399999999999997,0.010752,,0.0025599999999999998,,1.092096
13301,93.2786341978458,19072817732547,1,6.7222011275589466,6.705,6.72256,2.3002,14750,0.001024,3.2829439999999996,,0.03456,0.160768,0.000256,0.140288,0.003328,0.010752,,0.002304,,1.093888
13302,93.28537679988662,19072817799597,1,6.742602214217186,6.3831,6.70336,2.7942,14555,0.001024,3.2629759999999997,,0.034048,0.15923199999999998,0,0.13696,0.003584,0.010752,,0.0025599999999999998,,1.088512
13303,93.292102699829925,19072817863428,1,6.725899875164032,7.3545,6.72512,2.7244,20339,0.001024,3.2750079999999997,,0.034048,0.15923199999999998,0,0.13952,0.0076799999999999993,0.011007999999999999,,0.002304,,1.0746879999999999
13304,93.298918501984119,19072817936973,1,6.8158023059368134,6.6289,6.70336,2.7427,14555,0.001024,3.23968,,0.033791999999999996,0.1664,0,0.14540799999999998,0.007936,0.010752,,0.002304,,1.075456
13305,93.3058705994898,19072818003262,1,6.95209763944149,6.636,6.806784,2.6046,14902,0.001024,3.297024,,0.034304,0.15795199999999998,0,0.13747199999999998,0.0076799999999999993,0.010752,,0.002304,,1.0946559999999999
13306,93.3126047973356,19072818069622,1,6.7341979593038559,6.6255,6.914304,2.7039,14555,0.001024,3.274752,,0.03328,0.15795199999999998,0.000256,0.13824,0.0051199999999999996,0.010752,,0.0025599999999999998,,1.089024
13307,93.31933300028345,19072818135877,1,6.7282030358910561,6.8707,6.723072,2.5519,14555,0.001024,3.2870399999999997,,0.034048,0.154368,0,0.1344,0.003584,0.012032,,0.002048,,1.0913279999999999
13308,93.326348596938772,19072818204584,1,7.0155966095626354,6.8794,6.68928,2.5581,14555,0.001024,3.18592,,0.033535999999999996,0.16,0,0.140544,0.003328,0.010239999999999999,,0.0025599999999999998,,1.093632
13309,93.333496598639456,19072818273378,1,7.1480018086731434,6.9409,6.914304,2.5214,14555,0.0012799999999999999,3.186432,,0.03712,0.158464,0,0.13644799999999999,0.003072,0.011776,,0.002304,,1.092608
13310,93.3408922973356,19072818342787,1,7.3956986889243126,6.2964,7.229184,2.6513,20339,0.001024,3.18464,,0.03584,0.16383999999999999,0,0.141312,0.004608,0.011007999999999999,,0.0025599999999999998,,1.34016
13311,93.348139597505664,19072818405751,1,7.24730035290122,7.2595,7.288064,2.5813,14555,0.001024,3.282688,,0.03456,0.160512,0,0.139264,0.0038399999999999997,0.010496,,0.002304,,1.3404159999999998
13312,93.355705399659854,19072818478346,1,7.5658019632101059,7.2286,7.309568,2.648,88233,0.001024,3.227392,,0.03456,0.14668799999999999,0.000256,0.126208,0.0076799999999999993,0.011007999999999999,,0.0025599999999999998,,1.262848
13313,93.363113895975047,19072818550632,1,7.4084964580833912,7.5211,7.5584,2.5055,14555,0.001024,3.26912,,0.035584,0.156672,0,0.13568,0.007936,0.011519999999999999,,0.002816,,1.097472
13314,93.371315199829922,19072818625843,1,8.2013038918375969,7.1905,7.267328,0.6724,14555,0.001024,3.266304,,0.033791999999999996,0.147968,0.000256,0.12825599999999998,0.004096,0.011264,,0.002304,,1.3557759999999999
13315,93.378542701247156,19072818697748,1,7.22750136628747,8.959,0.046592,2.752,14607,0.001024,3.174912,,0.034816,0.154368,0,0.133888,0.0076799999999999993,0.011007999999999999,,0.0025599999999999998,,1.935616
13316,93.385554698129255,19072818787338,1,7.0119970478117466,6.1256,7.158272,2.6741,28006,0.001024,3.1715839999999997,,0.034304,0.154112,0.000256,0.133376,0.003584,0.010752,,0.002304,,1.35936
13317,93.392918799603166,19072818848594,1,7.3641012422740459,7.9921,7.042048,2.5576,14555,0.001024,3.1910399999999997,,0.036608,0.15872,0.000256,0.13849599999999998,0.004352,0.010239999999999999,,0.002816,,1.090048
13318,93.400271400226757,19072818928515,1,7.3526008054614067,7.4338,7.353856,2.2966,14555,0.001024,3.2345599999999997,,0.037632,0.16,0.000256,0.13824,0.004608,0.010496,,0.002304,,1.096704
13319,93.407486500850339,19072819002853,1,7.2151008062064648,6.767,7.322624,2.8203,14902,0.001024,3.205376,,0.03968,0.156672,0,0.13568,0.0038399999999999997,0.012032,,0.0025599999999999998,,1.095936
13320,93.414663598356,19072819070523,1,7.1770977228879929,7.7187,7.200768,2.8564,14555,0.001024,3.1644159999999997,,0.035584,0.159488,0,0.139008,0.010752,0.011776,,0.002304,,1.0944
13321,93.4219713010204,19072819147710,1,7.3077026754617691,7.1298,7.145728,2.7561,14555,0.001024,3.184128,,0.039936,0.156416,0.000256,0.133376,0.0076799999999999993,0.011264,,0.002304,,1.095936
13322,93.4300084963152,19072819219008,1,8.0371955409646034,7.1659,7.289856,2.9658,14555,0.001024,3.188992,,0.040959999999999996,0.153088,0.000256,0.13286399999999998,0.0076799999999999993,0.011776,,0.0025599999999999998,,1.0746879999999999
13323,93.436908397108837,19072819290667,1,6.8999007344245911,7.487,7.881216,2.3515,14750,0.001024,3.281408,,0.034816,0.160768,0,0.139008,0.007936,0.012032,,0.002304,,1.6550399999999998
13324,93.44412819586168,19072819365537,1,7.2197988629341125,6.6697,6.875904,2.7469,14555,0.001024,3.1910399999999997,,0.035328,0.160512,0,0.139008,0.003328,0.011007999999999999,,0.002304,,1.092864
13325,93.4518498015873,19072819432234,1,7.7216057106852531,8.0703,7.19744,2.7978,14555,0.001024,3.229952,,0.03584,0.152064,0,0.132096,0.003328,0.010496,,0.002304,,1.2587519999999999
13326,93.45926649659863,19072819512937,1,7.4166948907077312,7.6171,7.704064,2.6075,14555,0.001024,3.2821759999999998,,0.035584,0.155392,0.000256,0.1344,0.003584,0.011264,,0.002304,,1.3675519999999999
13327,93.466889002267564,19072819589108,1,7.6225055381655693,6.4543,7.387904,2.5188,14555,0.001024,3.2906239999999998,,0.03968,0.159488,0,0.13696,0.003328,0.011007999999999999,,0.002304,,1.090816
13328,93.474027898242625,19072819653651,1,7.1388958021998405,8.618,7.350784,2.6473,14555,0.001024,3.2816639999999997,,0.035328,0.16255999999999998,0,0.141056,0.003328,0.011264,,0.002304,,1.088768
13329,93.481044401927434,19072819739831,1,7.0165037177503109,6.9425,7.023104,2.9296,14555,0.001024,3.1759359999999996,,0.035584,0.164096,0,0.14336,0.007424,0.010752,,0.0025599999999999998,,1.0752
13330,93.488307100340137,19072819809256,1,7.2626983746886253,8.0214,7.077632,2.9233,14555,0.0012799999999999999,3.236608,,0.035328,0.16153599999999999,0.000256,0.13952,0.003072,0.012288,,0.0025599999999999998,,1.073408
13331,93.4958248015873,19072819889470,1,7.5177010148763657,7.0642,7.245824,2.7299,14555,0.001024,3.2714239999999997,,0.035072,0.16614399999999999,0,0.143872,0.003584,0.011776,,0.002304,,1.074944
13332,93.503115497448974,19072819960112,1,7.2906957939267159,7.2155,7.414016,2.9773,14757,0.001024,3.2253439999999998,,0.037632,0.159744,0,0.137728,0.003328,0.012032,,0.002304,,1.3391359999999999
13333,93.510516298185934,19072820032267,1,7.4008009396493435,7.2918,7.35232,2.7494,14555,0.001024,3.2949759999999997,,0.034048,0.16486399999999998,0,0.14464,0.0097279999999999988,0.012032,,0.002304,,1.273088
13334,93.518143098072557,19072820105185,1,7.6267998665571213,7.2614,7.297536,2.4818,14555,0.001024,3.092736,,0.039936,0.152576,0.000256,0.131072,0.003328,0.010496,,0.002304,,1.091072
13335,93.525465001417231,19072820177799,1,7.3219034820795059,7.2997,7.634432,2.5802,14555,0.001024,3.232512,,0.034816,0.162816,0.000256,0.142592,0.003328,0.010752,,0.0025599999999999998,,1.582848
13336,93.532838201530609,19072820250796,1,7.3732002638280392,7.3626,7.363072,2.8356,14555,0.001024,3.177216,,0.036095999999999996,0.163072,0.000256,0.142592,0.003328,0.011776,,0.002304,,1.092864
13337,93.540389200680266,19072820324422,1,7.55099905654788,7.6939,7.337984,2.7128,14555,0.001024,3.2931839999999997,,0.035584,0.168448,0.000256,0.146944,0.011007999999999999,0.011519999999999999,,0.002304,,1.092608
13338,93.547527501417235,19072820401361,1,7.1383006870746613,6.9862,7.486976,2.7944,14555,0.001024,3.180288,,0.035072,0.150784,0.000256,0.13055999999999998,0.003072,0.011519999999999999,,0.002304,,1.59232
13339,93.554744600340129,19072820471223,1,7.2170989587903023,7.7367,7.163904,2.9979,14555,0.0012799999999999999,3.1813119999999997,,0.035328,0.163072,0.000256,0.14207999999999998,0.0076799999999999993,0.012288,,0.002304,,1.093376
13340,93.56231719812925,19072820548590,1,7.572597824037075,7.3176,6.937344,3.2109,14555,0.001024,3.095808,,0.035584,0.158976,0,0.136704,0.0076799999999999993,0.010496,,0.002304,,1.075456
13341,93.569673901643981,19072820621766,1,7.3567037470638752,7.3755,7.552,2.8156,14555,0.001024,3.202048,,0.039424,0.165632,0.000256,0.145664,0.007936,0.010752,,0.002304,,1.480192
13342,93.576949298469387,19072820695521,1,7.2753969579935074,6.9702,7.34336,2.8388,14555,0.001024,3.287296,,0.03968,0.167424,0,0.14592,0.003584,0.010752,,0.0025599999999999998,,1.089536
13343,93.584388895975053,19072820765223,1,7.4395975098013878,7.75,7.24224,2.8486,14607,0.001024,3.29088,,0.039936,0.168448,0,0.14771199999999998,0.007936,0.010239999999999999,,0.002304,,1.077248
13344,93.59169049744898,19072820842723,1,7.3016015812754631,7.4784,7.349248,2.5831,14750,0.001024,3.233536,,0.036351999999999995,0.324864,0,0.302336,0.008192,0.011776,,0.002048,,1.095168
13345,93.599088895975058,19072820917507,1,7.3983985930681229,7.0092,7.368448,2.5392,14555,0.001024,3.169536,,0.039936,0.16383999999999999,0,0.142592,0.007424,0.011519999999999999,,0.0025599999999999998,,1.271552
13346,93.606621301020411,19072820987599,1,7.5324052013456821,7.4423,7.364608,2.6509,88435,0.001024,3.233024,,0.035072,0.15488,0.000256,0.134656,0.0076799999999999993,0.011264,,0.0025599999999999998,,1.0997759999999999
13347,93.614098802437638,19072821062022,1,7.4775014072656631,7.2538,7.52128,2.6152,14555,0.001024,3.17696,,0.042496,0.158208,0,0.13747199999999998,0.0076799999999999993,0.010239999999999999,,0.002304,,1.44
13348,93.621427699829923,19072821134560,1,7.3288972489535809,7.4204,7.362304,0.7656,14555,0.001024,3.234816,,0.039936,0.158464,0.000256,0.137728,0.003072,0.010496,,0.002304,,1.231616
13349,93.628489200680264,19072821208764,1,7.0615010336041451,8.5945,0.043776,2.5786,14555,0.001024,3.198976,,0.034816,0.16153599999999999,0,0.139264,0.003328,0.010752,,0.0025599999999999998,,1.096704
13350,93.636574496882076,19072821294709,1,8.0852964892983437,6.1274,7.118592,2.9331,14555,0.001024,3.2785919999999997,,0.036095999999999996,0.154112,0,0.133632,0.003328,0.012288,,0.0025599999999999998,,1.0731519999999999
13351,93.643843799603175,19072821355983,1,7.269302848726511,7.7824,7.987968,2.8513,14555,0.0012799999999999999,3.288576,,0.036351999999999995,0.15744,0.000256,0.13516799999999998,0.003328,0.012032,,0.0025599999999999998,,1.2669439999999998
13352,93.650954499716548,19072821433807,1,7.1107000112533569,6.5955,7.243008,3.0521,14555,0.001024,3.2394239999999996,,0.040192,0.162048,0.000256,0.13977599999999998,0.003584,0.012032,,0.0025599999999999998,,1.097216
13353,93.658291000566891,19072821499762,1,7.3365010321140289,8.1148,7.087104,2.8567,14555,0.001024,3.180544,,0.039424,0.161792,0,0.14079999999999998,0.007424,0.010752,,0.002304,,1.0982399999999999
13354,93.665690901360534,19072821580910,1,7.3999008163809776,7.4999,7.268864,2.7363,14555,0.001024,3.2384,,0.197376,0.160768,0,0.13747199999999998,0.0076799999999999993,0.011519999999999999,,0.002304,,1.249024
13355,93.672823001700678,19072821655909,1,7.1321004070341587,7.007,7.231488,2.6522,14555,0.001024,3.231744,,0.03584,0.158208,0,0.137984,0.0051199999999999996,0.012288,,0.0025599999999999998,,1.2584959999999998
13356,93.6800338010204,19072821725979,1,7.2107994928956032,7.6383,7.163392,2.7954,14555,0.0012799999999999999,3.229952,,0.036608,0.162048,0,0.14079999999999998,0.006656,0.010239999999999999,,0.002304,,1.336832
13357,93.68677059948979,19072821802362,1,6.73679867759347,7.0417,7.105792,3.1812,14555,0.001024,3.297536,,0.039424,0.15923199999999998,0.000256,0.137728,0.011519999999999999,0.010752,,0.002304,,1.100288
13358,93.694193898809516,19072821872779,1,7.4232993647456169,7.4119,6.799872,2.9023,14555,0.001024,3.095552,,0.034048,0.1664,0,0.14464,0.003584,0.012032,,0.002304,,1.2485119999999998
13359,93.701440001417225,19072821946898,1,7.2461026720702648,7.6802,7.324416,2.7712,14757,0.001024,3.0991359999999997,,0.03584,0.16255999999999998,0,0.14079999999999998,0.0076799999999999993,0.010752,,0.002304,,1.093888
13360,93.708276899092965,19072822023700,1,6.8368976935744286,6.285,7.232,2.7067,14555,0.001024,3.277056,,0.035584,0.158464,0,0.13696,0.006144,0.010496,,0.002048,,1.09056
13361,93.715086401643987,19072822086550,1,6.809502374380827,7.2395,6.789632,2.723,14555,0.001024,3.2972799999999998,,0.033791999999999996,0.16588799999999998,0,0.14464,0.003584,0.011519999999999999,,0.002304,,1.074432
13362,93.722173901643984,19072822158945,1,7.0874998345971107,7.5963,6.802432,2.4651,14555,0.001024,3.2847359999999997,,0.034048,0.16486399999999998,0,0.144128,0.007424,0.012032,,0.002304,,1.094144
13363,93.72910219671202,19072822234908,1,6.9282948970794678,6.226,7.153152,2.7722,20997,0.0012799999999999999,3.286272,,0.035072,0.153856,0,0.133376,0.0048639999999999994,0.011264,,0.0025599999999999998,,1.09056
13364,93.735807497165524,19072822297168,1,6.7053004167973995,7.3104,6.816,2.7719,14555,0.001024,3.2870399999999997,,0.034048,0.16,0,0.138752,0.007424,0.011264,,0.0025599999999999998,,1.075456
13365,93.742504095804989,19072822370272,1,6.69659860432148,6.9988,6.7712,2.6363,14750,0.001024,3.245568,,0.034048,0.158208,0,0.137984,0.003584,0.012288,,0.0025599999999999998,,1.079296
13366,93.749299702380952,19072822440260,1,6.7956065759062767,6.7636,6.684672,2.7081,14555,0.001024,3.177472,,0.033535999999999996,0.159488,0,0.140032,0.003072,0.010496,,0.0025599999999999998,,1.076992
13367,93.756228599773237,19072822507896,1,6.928897462785244,6.7422,6.771456,2.8954,14555,0.001024,3.2386559999999998,,0.03456,0.16255999999999998,0,0.141312,0.003584,0.011007999999999999,,0.002304,,1.078784
13368,93.763042396541948,19072822575318,1,6.8137967027723789,6.7828,6.90176,2.9298,14555,0.001024,3.1848959999999997,,0.033791999999999996,0.159488,0,0.137216,0.007936,0.011776,,0.002304,,1.07776
13369,93.769929896541953,19072822643146,1,6.887500174343586,6.8312,6.784256,2.9452,14555,0.001024,3.287552,,0.033791999999999996,0.15692799999999998,0,0.136192,0.003584,0.012032,,0.002304,,1.074176
13370,93.777024900793648,19072822711458,1,7.0950044319033623,6.9539,6.788096,2.8422,14555,0.001024,3.286016,,0.034304,0.16486399999999998,0,0.143616,0.003584,0.012032,,0.002304,,1.07264
13371,93.783698100907031,19072822780997,1,6.6732000559568405,6.7438,7.06944,2.6495,14607,0.001024,3.277056,,0.033791999999999996,0.15616,0,0.13414399999999999,0.011264,0.011776,,0.0025599999999999998,,1.092352
13372,93.791206696428574,19072822848435,1,7.50859547406435,6.8508,6.70592,2.8346,14555,0.0012799999999999999,3.17696,,0.032512,0.15872,0,0.138752,0.003072,0.010752,,0.002304,,1.079296
13373,93.797985997732425,19072822916943,1,6.7793014459311962,8.8773,6.825472,2.8285,14555,0.001024,3.291136,,0.033791999999999996,0.159744,0,0.13977599999999998,0.003584,0.010752,,0.002304,,1.088768
13374,93.80477869897959,19072823005716,1,6.7927013151347637,4.9489,6.764288,2.6352,14757,0.001024,3.2865279999999997,,0.034048,0.159488,0,0.13849599999999998,0.003584,0.011776,,0.002304,,1.091072
13375,93.8114329010771,19072823055205,1,6.6542020067572594,7.3347,6.774784,2.5753,14555,0.001024,3.292416,,0.033535999999999996,0.16127999999999998,0,0.141312,0.007936,0.011519999999999999,,0.002816,,1.078272
13376,93.818145698696142,19072823128552,1,6.7127975635230541,7.1284,6.631424,2.5915,14555,0.001024,3.095296,,0.033535999999999996,0.15923199999999998,0.000256,0.139264,0.010752,0.012032,,0.0025599999999999998,,1.093376
13377,93.824918601190475,19072823199836,1,6.7729023285210133,6.2358,6.686464,2.7514,14555,0.001024,3.189504,,0.033535999999999996,0.157184,0,0.137216,0.011007999999999999,0.011007999999999999,,0.0025599999999999998,,1.096704
13378,93.831799298469377,19072823262194,1,6.8806973285973072,6.7179,6.7648,2.6313,14555,0.001024,3.204096,,0.033535999999999996,0.15795199999999998,0,0.137728,0.003584,0.011264,,0.0025599999999999998,,1.073408
13379,93.838480598072564,19072823329373,1,6.6812997683882713,7.3207,6.774784,2.6099,14555,0.001024,3.0899199999999998,,0.033791999999999996,0.15231999999999998,0,0.132608,0.010496,0.011007999999999999,,0.0025599999999999998,,1.09056
13380,93.845152196712021,19072823402580,1,6.6715986467897892,6.0324,6.665984,2.8076,14555,0.001024,3.1692799999999997,,0.033535999999999996,0.16025599999999998,0,0.14079999999999998,0.011776,0.010752,,0.002816,,1.0762239999999998
13381,93.851911302437642,19072823462904,1,6.75910571590066,7.1038,6.729472,2.7808,14555,0.001024,3.230976,,0.034304,0.15872,0.000256,0.13747199999999998,0.003584,0.010752,,0.002304,,1.072128
13382,93.858587400793652,19072823533942,1,6.6760983318090439,7.141,6.737664,2.5385,88925,0.001024,3.19232,,0.034048,0.153856,0,0.13286399999999998,0.007424,0.011264,,0.0025599999999999998,,1.093632
13383,93.865477699829924,19072823605352,1,6.8902992643415928,6.2911,6.65728,2.697,14555,0.001024,3.181056,,0.033535999999999996,0.154112,0,0.13414399999999999,0.007936,0.010752,,0.0025599999999999998,,1.090048
13384,93.8724795989229,19072823668263,1,7.0018991827964783,6.5784,6.824448,0.8534,14555,0.0012799999999999999,3.091456,,0.034304,0.16486399999999998,0.000256,0.145152,0.007936,0.012032,,0.002304,,1.257472
13385,93.879455300453515,19072823734047,1,6.9757015444338322,8.8273,0.044288,2.6813,14555,0.001024,3.22688,,0.033535999999999996,0.15334399999999998,0.000256,0.133376,0.004608,0.011776,,0.002304,,1.0897919999999999
13386,93.886167198129243,19072823822320,1,6.7118979059159756,4.6688,6.878464,2.6095,14555,0.001024,3.188224,,0.034048,0.39449599999999996,0.000256,0.14336,0.005376,0.012288,,0.002304,,1.095424
13387,93.892847597789114,19072823869008,1,6.6803996451199055,7.2531,6.770944,2.6807,14750,0.001024,3.2967679999999997,,0.033791999999999996,0.16025599999999998,0.000256,0.140288,0.0038399999999999997,0.010239999999999999,,0.002304,,1.0764799999999999
13388,93.899711096938773,19072823941539,1,6.8634990602731705,7.0984,6.6624,2.3581,14555,0.001024,3.189504,,0.034048,0.162816,0,0.141312,0.0038399999999999997,0.012288,,0.0025599999999999998,,1.098496
13389,93.906332497165522,19072824012523,1,6.6214003600180149,6.3952,6.764032,2.6296,14757,0.001024,3.276544,,0.03328,0.159488,0,0.139008,0.003584,0.010239999999999999,,0.002304,,1.094144
13390,93.913153798185931,19072824076475,1,6.8213008344173431,6.7971,6.67392,2.6751,14555,0.001024,3.1946239999999997,,0.03328,0.150272,0,0.13055999999999998,0.003584,0.010752,,0.0025599999999999998,,1.074432
13391,93.920091298185937,19072824144446,1,6.9375000894069672,6.8886,6.709248,2.619,14555,0.001024,3.26912,,0.034304,0.165632,0,0.14438399999999998,0.007936,0.012288,,0.002304,,1.097216
13392,93.927260296201808,19072824213332,1,7.168998010456562,6.7488,6.9184,2.6755,14555,0.001024,3.231744,,0.033535999999999996,0.163072,0,0.14310399999999998,0.0076799999999999993,0.011519999999999999,,0.0025599999999999998,,1.074944
13393,93.9344373015873,19072824280820,1,7.1770055219531059,6.9382,7.152128,2.739,14555,0.001024,3.279616,,0.033791999999999996,0.163328,0.000256,0.14207999999999998,0.003584,0.011007999999999999,,0.002304,,1.447936
13394,93.941282298752824,19072824350202,1,6.8449969403445721,7.4588,7.236096,2.9631,14555,0.001024,3.2865279999999997,,0.033791999999999996,0.165376,0,0.144128,0.003328,0.010752,,0.0025599999999999998,,1.074432
13395,93.949370096371879,19072824424790,1,8.08779802173376,6.863,6.750464,2.8323,14555,0.001024,3.1782399999999997,,0.035584,0.15488,0,0.13312,0.003072,0.011264,,0.0025599999999999998,,1.07392
13396,93.956808198696137,19072824493420,1,7.4381022714078426,6.9037,8.14336,2.8478,14555,0.001024,3.1818239999999998,,0.038655999999999996,0.154112,0,0.13414399999999999,0.007936,0.011007999999999999,,0.002304,,1.254656
13397,93.964039902210885,19072824562457,1,7.2317034937441349,7.1866,7.33696,2.8567,14555,0.001024,3.28576,,0.034048,0.15744,0,0.137216,0.008192,0.010752,,0.002304,,1.34784
13398,93.97166840277778,19072824634323,1,7.6285004615783691,7.8263,7.291136,2.6573,14555,0.001024,3.232256,,0.035328,0.160512,0,0.13849599999999998,0.003328,0.010496,,0.002304,,1.09184
13399,93.9787713010204,19072824712586,1,7.1028983220458031,7.6798,7.603456,2.7525,14555,0.001024,3.280128,,0.035072,0.151552,0,0.131328,0.011519999999999999,0.012032,,0.0025599999999999998,,1.2587519999999999
13400,93.986076700680272,19072824789384,1,7.305399514734745,7.4515,7.057408,2.7734,14607,0.001024,3.085568,,0.034048,0.153856,0,0.13414399999999999,0.003328,0.011264,,0.0025599999999999998,,1.331712
13401,93.993430399659857,19072824863899,1,7.3536988347768784,7.0918,7.134208,2.8668,14555,0.001024,3.196672,,0.034816,0.162816,0,0.141824,0.003328,0.010752,,0.002304,,1.097728
13402,94.000563697562356,19072824934817,1,7.1332980878651142,7.1014,7.531776,2.8626,14757,0.001024,3.2906239999999998,,0.035072,0.15103999999999998,0,0.130816,0.003328,0.011776,,0.002304,,1.2436479999999999
13403,94.007883496315188,19072825005831,1,7.3197986930608749,7.7992,7.10784,2.9579,14555,0.001024,3.174144,,0.035584,0.162816,0.000256,0.141056,0.004096,0.010752,,0.002304,,1.323008
13404,94.015203599773244,19072825083823,1,7.3201032355427742,7.1208,7.29472,3.1628,14555,0.001024,3.1746559999999997,,0.038911999999999995,0.160512,0.000256,0.13824,0.0038399999999999997,0.011007999999999999,,0.002304,,1.241344
13405,94.023007497165523,19072825155031,1,7.8038973733782768,6.9735,7.300608,2.8669,14555,0.001024,3.293952,,0.040192,0.166912,0.000256,0.144896,0.005888,0.010496,,0.002304,,1.096192
13406,94.0302788973923,19072825224766,1,7.2714001871645451,7.1226,7.71072,3.1704,14555,0.169216,3.26144,,0.03456,0.15334399999999998,0,0.132608,0.0076799999999999993,0.010496,,0.0025599999999999998,,1.3521919999999998
13407,94.037303996598638,19072825295992,1,7.0250993594527245,7.5359,7.250944,2.9146,14555,0.001024,3.237888,,0.033791999999999996,0.40959999999999996,0,0.389376,0.0076799999999999993,0.010752,,0.002304,,1.0795519999999998
13408,94.044708297902488,19072825371351,1,7.4043013155460358,8.1689,7.084032,2.7461,14750,0.001024,3.168768,,0.039168,0.16614399999999999,0,0.143872,0.003584,0.012032,,0.002304,,1.077248
13409,94.051758701814052,19072825453040,1,7.0504038594663143,7.2529,7.310336,2.6915,14555,0.001024,3.233536,,0.039424,0.15923199999999998,0.000256,0.139008,0.007424,0.010752,,0.002304,,1.254912
13410,94.059205796485259,19072825525569,1,7.4470946565270424,6.8929,7.109632,2.7864,14555,0.001024,3.183616,,0.034816,0.158464,0,0.137728,0.0038399999999999997,0.011776,,0.002304,,1.241088
13411,94.066902997448977,19072825594498,1,7.6972008682787418,7.3115,7.357952,2.6933,14555,0.001024,3.272704,,0.035072,0.159744,0,0.140032,0.003584,0.010496,,0.002304,,1.087744
13412,94.074071797052156,19072825667613,1,7.1687996387481689,7.4033,7.749376,2.6888,14555,0.0012799999999999999,3.2780799999999997,,0.039424,0.161792,0,0.141568,0.005376,0.010496,,0.002816,,1.092352
13413,94.081434297052155,19072825741646,1,7.3624998331069946,6.7244,7.138304,2.7351,14555,0.001024,3.1818239999999998,,0.035584,0.167424,0,0.14540799999999998,0.0076799999999999993,0.010496,,0.002304,,1.097728
13414,94.08898110119047,19072825808890,1,7.5468039140105247,7.6486,7.269632,2.5692,14555,0.001024,3.291136,,0.041471999999999995,0.163328,0.000256,0.141568,0.0048639999999999994,0.010752,,0.002304,,1.092096
13415,94.097037096088428,19072825885376,1,8.0559952184557915,7.2582,7.212288,2.5666,14555,0.0012799999999999999,3.2616959999999997,,0.041215999999999996,0.158208,0.000256,0.137984,0.007936,0.011519999999999999,,0.002304,,1.093632
13416,94.104636401643987,19072825957958,1,7.5993053615093231,10.245,7.321088,2.4435,14757,0.0012799999999999999,3.298816,,0.038911999999999995,0.15795199999999998,0.000256,0.137728,0.007936,0.010239999999999999,,0.002304,,1.075712
13417,94.11238779761905,19072826060408,1,7.7513959258794785,4.8184,7.328768,2.6957,88925,0.001024,3.1697919999999997,,0.039424,0.15744,0,0.135936,0.009984,0.011776,,0.002304,,1.267712
13418,94.119799702380945,19072826108592,1,7.4119046330451965,7.8834,7.414528,2.4603,14555,0.001024,3.2381439999999997,,0.039424,0.158208,0,0.13644799999999999,0.006912,0.011519999999999999,,0.0025599999999999998,,1.096704
13419,94.1268079010771,19072826187426,1,7.0081986486911774,7.4933,7.354624,0.8002,14555,0.001024,3.2332799999999997,,0.040192,0.168704,0,0.14848,0.011519999999999999,0.011007999999999999,,0.002816,,1.2400639999999998
13420,94.134662996031736,19072826262359,1,7.8550949692726135,9.4277,0.035328,2.6627,14555,0.001024,3.28576,,0.034816,0.155136,0,0.1344,0.0076799999999999993,0.011007999999999999,,0.0025599999999999998,,1.0949119999999999
13421,94.141921598639456,19072826356636,1,7.2586024180054665,5.9018,7.831296,2.6273,14555,0.0012799999999999999,3.2852479999999997,,0.036351999999999995,0.157184,0.000256,0.13516799999999998,0.011264,0.012288,,0.002816,,1.093376
13422,94.149520500283444,19072826415654,1,7.5989016331732273,7.2655,7.17056,2.7469,14555,0.001024,3.0929919999999997,,0.034816,0.155392,0,0.134912,0.007424,0.010239999999999999,,0.0025599999999999998,,1.090816
13423,94.156958297902491,19072826488309,1,7.4377977289259434,7.8387,7.57376,2.7139,14555,0.001024,3.237632,,0.035328,0.157696,0,0.135424,0.0076799999999999993,0.011776,,0.0025599999999999998,,1.275648
13424,94.164234297052147,19072826566696,1,7.2759990580379963,7.18,7.428096,2.7213,14555,0.001024,3.2895999999999996,,0.03968,0.153088,0.000256,0.132352,0.0076799999999999993,0.011264,,0.002304,,1.526784
13425,94.1716678004535,19072826638496,1,7.4335034005343914,7.6912,7.311104,2.8912,14555,0.001024,3.2913919999999997,,0.039424,0.156416,0,0.13414399999999999,0.0076799999999999993,0.011264,,0.0025599999999999998,,1.2671999999999999
13426,94.178753500566884,19072826715408,1,7.0857000537216663,7.5962,7.380736,2.7556,14555,0.001024,3.28192,,0.039936,0.15872,0,0.137216,0.007424,0.012288,,0.002304,,1.100032
13427,94.186076799886621,19072826791370,1,7.3232995346188545,6.7152,7.11424,2.7403,14555,0.001024,3.264512,,0.035072,0.153088,0.000256,0.132352,0.003328,0.012032,,0.002304,,1.336064
13428,94.1935549957483,19072826858522,1,7.478195708245039,7.6441,7.305216,2.7317,14607,0.001024,3.18208,,0.035328,0.162304,0,0.141568,0.003072,0.011264,,0.0025599999999999998,,1.259776
13429,94.200847902494331,19072826934963,1,7.292906753718853,7.031,7.374336,2.9434,14750,0.001024,3.2404479999999998,,0.035328,0.161792,0,0.139264,0.003072,0.010239999999999999,,0.0025599999999999998,,1.2554239999999999
13430,94.208246797052155,19072827005273,1,7.3988945223391056,7.2747,7.268096,2.6953,14757,0.001024,3.273984,,0.039424,0.15564799999999998,0,0.13516799999999998,0.004096,0.010752,,0.002304,,1.0897919999999999
13431,94.21570629960317,19072827078020,1,7.4595026671886444,7.4811,7.391232,2.9668,14555,0.001024,3.233536,,0.034048,0.164608,0.000256,0.145152,0.007424,0.011776,,0.0025599999999999998,,1.36832
13432,94.222967701247157,19072827152831,1,7.2614015080034733,7.4864,7.488256,2.7525,14555,0.001024,3.2384,,0.036351999999999995,0.15616,0.000256,0.1344,0.003072,0.012032,,0.002304,,1.259264
13433,94.2300704010771,19072827227695,1,7.10269995033741,7.3052,7.16928,2.7638,20997,0.001024,3.264,,0.035328,0.158976,0,0.137216,0.003584,0.010752,,0.002304,,1.0897919999999999
13434,94.237053500566887,19072827300747,1,6.98309950530529,7.3444,7.088128,2.7402,14555,0.001024,3.179776,,0.034048,0.16486399999999998,0,0.143872,0.0038399999999999997,0.012288,,0.002304,,1.34528
13435,94.2444839994331,19072827374191,1,7.4304989539086819,7.4496,7.027712,2.7615,14555,0.0012799999999999999,3.098624,,0.035072,0.158464,0,0.13644799999999999,0.003328,0.011519999999999999,,0.002304,,1.095424
13436,94.251923200113382,19072827448687,1,7.4392007663846016,6.7463,7.410432,2.9457,14555,0.001024,3.179008,,0.039168,0.164096,0.000256,0.142848,0.003584,0.011264,,0.002304,,1.2385279999999999
13437,94.2589205994898,19072827516150,1,6.9973994977772236,7.9396,7.340032,3.0531,14555,0.001024,3.286016,,0.03456,0.165376,0.000256,0.144128,0.003328,0.012032,,0.002304,,1.389568
13438,94.266567198129252,19072827595546,1,7.6465988531708717,6.6345,7.060992,2.9016,14555,0.0012799999999999999,3.102208,,0.035072,0.158464,0.000256,0.13568,0.003328,0.011776,,0.002304,,1.076992
13439,94.273700099206351,19072827661891,1,7.1329008787870407,7.7235,7.542528,2.9008,14555,0.001024,3.092224,,0.039936,0.165632,0,0.144896,0.004352,0.010239999999999999,,0.002304,,1.09184
13440,94.281081299603173,19072827739126,1,7.3812003247439861,6.6219,7.111168,2.8993,14555,0.0012799999999999999,3.1782399999999997,,0.03456,0.15744,0.000256,0.137728,0.0063999999999999994,0.011519999999999999,,0.0025599999999999998,,1.076992
13441,94.287704896541953,19072827805345,1,6.6235968843102455,8.2145,7.37024,2.8376,14555,0.001024,3.244288,,0.038144,0.162048,0,0.141568,0.009984,0.011776,,0.0025599999999999998,,1.0752
13442,94.2946964994331,19072827887490,1,6.9916029460728168,7.1917,6.589184,2.8684,14555,0.001024,3.095808,,0.034048,0.158208,0,0.137728,0.004096,0.010752,,0.002304,,1.07392
13443,94.3019908021542,19072827959407,1,7.2943028062582016,7.2507,6.97344,2.7921,14757,0.001024,3.2834559999999997,,0.034048,0.16153599999999999,0,0.139008,0.003584,0.012288,,0.002304,,1.090304
13444,94.3091419005102,19072828031914,1,7.15109845623374,6.112,7.282944,3.0955,14555,0.001024,3.173888,,0.034048,0.15692799999999998,0.000256,0.13644799999999999,0.003328,0.011776,,0.0025599999999999998,,1.341696
13445,94.315902196712017,19072828093034,1,6.7602964118123055,8.3733,7.142144,2.8271,14555,0.001024,3.180544,,0.039424,0.158976,0,0.137216,0.007936,0.010496,,0.002304,,1.075712
13446,94.3224968962585,19072828176767,1,6.5946993418037891,6.9295,6.717184,2.6812,14555,0.0012799999999999999,3.2186879999999998,,0.033791999999999996,0.161792,0.000256,0.140544,0.0076799999999999993,0.011007999999999999,,0.0025599999999999998,,1.09184
13447,94.329159297052144,19072828246062,1,6.6624009050428867,6.2426,6.579968,2.5899,14555,0.001024,3.087872,,0.033535999999999996,0.157184,0.000256,0.13747199999999998,0.003584,0.011776,,0.002304,,1.092864
13448,94.336285196995462,19072828308488,1,7.1259001269936562,6.5925,6.710784,2.5969,14555,0.001024,3.236096,,0.033791999999999996,0.155136,0,0.13516799999999998,0.003584,0.010239999999999999,,0.002304,,1.0931199999999999
13449,94.3429181972789,19072828374413,1,6.633000448346138,6.662,7.053056,2.398,14555,0.001024,3.298304,,0.035328,0.158464,0.000256,0.13849599999999998,0.0038399999999999997,0.012032,,0.002304,,1.097728
13450,94.34980569727891,19072828441033,1,6.887500174343586,6.8831,6.669824,2.5046,14555,0.001024,3.181056,,0.033535999999999996,0.147968,0,0.128512,0.0076799999999999993,0.011519999999999999,,0.0025599999999999998,,1.095424
13451,94.356601601473926,19072828509864,1,6.7959041334688663,6.8999,6.801152,2.6939,14750,0.001024,3.2906239999999998,,0.033535999999999996,0.162304,0,0.142336,0.003584,0.010239999999999999,,0.002304,,1.090048
13452,94.363495096371878,19072828578863,1,6.8934950977563858,6.7142,6.8416,2.521,88925,0.0012799999999999999,3.265792,,0.033791999999999996,0.16512,0,0.14464,0.007936,0.011264,,0.002304,,1.093888
13453,94.370332100340136,19072828646005,1,6.8370038643479347,6.8917,6.799104,2.6191,14555,0.001024,3.2901119999999997,,0.033535999999999996,0.150528,0,0.13055999999999998,0.007424,0.011776,,0.002304,,1.092096
13454,94.377268601190465,19072828714922,1,6.9365007802844048,6.4846,6.789632,0.7683,14555,0.001024,3.272448,,0.034048,0.162816,0,0.139264,0.0076799999999999993,0.010752,,0.0025599999999999998,,1.0746879999999999
13455,94.384547498582762,19072828779768,1,7.2788973338902,8.3758,0.044032,2.4824,14555,0.001024,3.185408,,0.033791999999999996,0.158976,0,0.137216,0.008704,0.010752,,0.002304,,1.271552
13456,94.39145649801587,19072828863526,1,6.908999290317297,5.3218,7.254016,2.4814,14555,0.001024,3.286016,,0.034048,0.163072,0,0.14310399999999998,0.007936,0.011007999999999999,,0.002304,,1.378304
13457,94.398192800453515,19072828916744,1,6.7363022826612,7.1277,6.895104,2.5388,14607,0.001024,3.185152,,0.033535999999999996,0.16255999999999998,0,0.141824,0.007936,0.012032,,0.002304,,1.088768
13458,94.404882801870741,19072828988021,1,6.6900015808641911,7.2922,6.724608,2.5626,14757,0.001024,3.23712,,0.034048,0.155904,0,0.134912,0.008192,0.010239999999999999,,0.002304,,1.09184
13459,94.411572101757372,19072829060943,1,6.6892998293042183,6.9839,6.727936,2.5469,14555,0.001024,3.292416,,0.034048,0.159744,0,0.138752,0.00896,0.012032,,0.002304,,1.096704
13460,94.418243998015868,19072829130782,1,6.6718962043523788,6.6499,6.59072,2.7524,14555,0.001024,3.179776,,0.034304,0.15923199999999998,0,0.13747199999999998,0.0076799999999999993,0.010752,,0.0025599999999999998,,1.07776
13461,94.425004095804979,19072829197281,1,6.760097574442625,6.75,6.65856,2.6593,14555,0.001024,3.180544,,0.034304,0.165376,0.000256,0.143872,0.008192,0.011519999999999999,,0.0025599999999999998,,1.0944
13462,94.4316512967687,19072829264781,1,6.6472007893025875,6.5159,6.62656,2.6065,14555,0.001024,3.1795199999999997,,0.033791999999999996,0.167936,0,0.14771199999999998,0.0038399999999999997,0.011519999999999999,,0.002304,,1.0780159999999999
13463,94.438509700963721,19072829329940,1,6.8584042601287365,6.8575,6.823936,2.6046,14555,0.001024,3.2279039999999997,,0.036095999999999996,0.161792,0.000256,0.140544,0.003328,0.011519999999999999,,0.002304,,1.088512
13464,94.445164299886613,19072829398515,1,6.6545987501740456,6.5799,6.70592,2.6556,14555,0.001024,3.227392,,0.033791999999999996,0.163328,0.000256,0.142592,0.003584,0.011776,,0.002304,,1.075712
13465,94.452057596371873,19072829464314,1,6.8932962603867054,7.0414,6.758912,2.6436,14555,0.001024,3.227392,,0.032768,0.150528,0,0.131584,0.007936,0.012288,,0.0025599999999999998,,1.074176
13466,94.459008000283447,19072829534728,1,6.9504040293395519,6.882,6.869248,2.6186,14555,0.001024,3.299072,,0.034048,0.15795199999999998,0.000256,0.137728,0.007936,0.011007999999999999,,0.002304,,1.0979839999999998
13467,94.465742396541941,19072829603548,1,6.734396331012249,6.1921,6.809088,2.4922,14555,0.0012799999999999999,3.29216,,0.034304,0.162048,0,0.14079999999999998,0.0076799999999999993,0.011519999999999999,,0.002304,,1.0944
13468,94.4726336026077,19072829665469,1,6.891205906867981,6.9885,6.751232,2.44,14555,0.001024,3.228928,,0.033535999999999996,0.16153599999999999,0,0.141312,0.007936,0.011264,,0.0025599999999999998,,1.092608
13469,94.479399298469389,19072829735354,1,6.7656957544386387,7.2174,6.870016,2.4599,14555,0.001024,3.170304,,0.036608,0.16255999999999998,0,0.14207999999999998,0.007424,0.011776,,0.0025599999999999998,,1.088256
13470,94.486216000566884,19072829807528,1,6.8167019635438919,6.4497,6.737152,2.5361,14555,0.001024,3.239168,,0.034048,0.15616,0,0.13414399999999999,0.007936,0.011519999999999999,,0.002304,,1.092096
13471,94.492839299886612,19072829872025,1,6.6232993267476559,7.1328,6.801664,2.5501,14555,0.001024,3.281152,,0.034048,0.167424,0.000256,0.147456,0.007936,0.011264,,0.0025599999999999998,,1.097472
13472,94.49949710175737,19072829943353,1,6.6578020341694355,6.6942,6.59968,2.4886,14555,0.001024,3.176704,,0.034048,0.16614399999999999,0,0.14438399999999998,0.007168,0.011264,,0.0025599999999999998,,1.09696
13473,94.506307497165523,19072830010295,1,6.8103955127298832,6.6256,6.678016,2.3782,14757,0.001024,3.2332799999999997,,0.034048,0.16127999999999998,0,0.140288,0.007424,0.012032,,0.0025599999999999998,,1.095424
13474,94.5129882015306,19072830076551,1,6.6807041876018047,6.4984,6.746112,2.3701,14750,0.0012799999999999999,3.224064,,0.034048,0.158208,0,0.137216,0.004352,0.011264,,0.002048,,1.092352
13475,94.519740596655325,19072830141535,1,6.7523950710892677,6.9541,6.742272,2.5077,14555,0.001024,3.2319999999999998,,0.033791999999999996,0.153088,0.000256,0.131584,0.007936,0.012032,,0.002304,,1.093888
13476,94.52646840277778,19072830211076,1,6.72780629247427,6.6077,6.647552,2.6019,14555,0.001024,3.0924799999999997,,0.034048,0.159744,0,0.139008,0.007936,0.010496,,0.002304,,1.08928
13477,94.5335829010771,19072830277153,1,7.1144984103739262,6.7273,6.714368,2.4731,14555,0.001024,3.192064,,0.034048,0.156416,0.000256,0.134912,0.003584,0.011007999999999999,,0.002304,,1.073664
13478,94.540702295918365,19072830344426,1,7.119394838809967,7.204,7.099136,2.5295,14555,0.001024,3.2399359999999997,,0.034048,0.16255999999999998,0.000256,0.141568,0.003584,0.012032,,0.002304,,1.094144
13479,94.548047902494332,19072830416466,1,7.3456065729260445,6.5072,7.08992,2.5253,32126,0.001024,3.1764479999999997,,0.03584,0.16255999999999998,0,0.14079999999999998,0.007936,0.010496,,0.0025599999999999998,,1.0946559999999999
13480,94.555334998582765,19072830481538,1,7.287096232175827,7.0476,7.316992,2.5568,28940,0.001024,3.17184,,0.03584,0.16512,0,0.144128,0.007424,0.012032,,0.0025599999999999998,,1.264384
13481,94.563048398526078,19072830552014,1,7.7133998274803162,7.0224,7.264,2.6657,32126,0.001024,3.18336,,0.039424,0.164608,0,0.143616,0.007168,0.010239999999999999,,0.003072,,1.1013119999999998
13482,94.570094997165526,19072830622238,1,7.0465984754264355,7.3525,7.69152,2.7123,46511,0.001024,3.176704,,0.038144,0.160512,0,0.140288,0.003584,0.012032,,0.002304,,1.3473279999999999
13483,94.577211798469378,19072830695763,1,7.1168011054396629,7.5412,7.105536,2.7105,57940,0.001024,3.1751679999999998,,0.034816,0.150528,0,0.13055999999999998,0.007424,0.011007999999999999,,0.0025599999999999998,,1.092864
13484,94.584882199546485,19072830771175,1,7.6704011298716068,7.7191,7.102464,2.5157,32126,0.001024,3.103744,,0.03968,0.16153599999999999,0,0.13977599999999998,0.0084479999999999989,0.010496,,0.0025599999999999998,,1.098496
13485,94.592241595804978,19072830848366,1,7.3593962006270885,6.9194,7.637504,2.6417,28940,0.001024,3.186944,,0.03968,0.15744,0,0.135936,0.010239999999999999,0.011264,,0.002304,,1.356544
13486,94.5996169005102,19072830917560,1,7.3753045871853828,7.4039,7.334912,2.5137,14607,0.001024,3.29088,,0.039936,0.158976,0,0.138752,0.0076799999999999993,0.011264,,0.002304,,1.093888
13487,94.6072123015873,19072830991599,1,7.595401257276535,7.2385,7.35616,2.5531,14757,0.001024,3.296,,0.039936,0.165632,0,0.144896,0.006144,0.012288,,0.0025599999999999998,,1.0949119999999999
13488,94.6145468962585,19072831063984,1,7.334594614803791,7.4836,7.58272,2.549,88925,0.001024,3.2834559999999997,,0.034816,0.16127999999999998,0,0.14079999999999998,0.008192,0.011264,,0.002304,,1.3422079999999998
13489,94.621863499149654,19072831138820,1,7.3166028596460819,7.115,7.230208,2.6146,14555,0.0012799999999999999,3.289088,,0.040448,0.15923199999999998,0.000256,0.137728,0.007424,0.011776,,0.002304,,1.094144
13490,94.629718296485251,19072831209970,1,7.8547969460487366,7.9084,7.367936,0.7724,14555,0.001024,3.2399359999999997,,0.03968,0.16614399999999999,0,0.144128,0.0076799999999999993,0.011519999999999999,,0.0025599999999999998,,1.076736
13491,94.6367419005102,19072831289054,1,7.0236041210591793,8.3221,0.04608,2.6378,14555,0.001024,3.178496,,0.038655999999999996,0.161792,0,0.13977599999999998,0.0076799999999999993,0.012288,,0.0025599999999999998,,1.438464
13492,94.644111600056689,19072831372275,1,7.36969942227006,6.1389,7.006976,2.651,14555,0.001024,3.1897599999999997,,0.036864,0.165376,0,0.142592,0.003584,0.010752,,0.002304,,1.095936
13493,94.651278096655318,19072831433664,1,7.1664964780211449,7.9272,7.26784,2.5606,14555,0.001024,3.1818239999999998,,0.03712,0.15616,0,0.133888,0.005376,0.011519999999999999,,0.002304,,1.095168
13494,94.658407199546488,19072831512936,1,7.1291029453277588,6.856,7.158272,2.5787,14555,0.001024,3.08864,,0.034048,0.160768,0.000256,0.13952,0.007936,0.011519999999999999,,0.002304,,1.36832
13495,94.66570600198412,19072831581496,1,7.2988024912774563,7.7602,7.117312,2.5212,14750,0.001024,3.244032,,0.03968,0.16588799999999998,0.000256,0.144896,0.0076799999999999993,0.011519999999999999,,0.002304,,1.096704
13496,94.672930697278915,19072831659098,1,7.2246952913701534,7.2306,7.0272,2.6942,14555,0.001024,3.179776,,0.039424,0.16486399999999998,0,0.14336,0.007936,0.010496,,0.002304,,1.075712
13497,94.680197696995464,19072831731404,1,7.2669996879994869,7.4523,7.191552,2.5669,14555,0.001024,3.264256,,0.03968,0.158464,0,0.13568,0.007424,0.011776,,0.0025599999999999998,,1.352704
13498,94.687274900793653,19072831805927,1,7.0772035978734493,6.9372,7.307776,2.8295,14555,0.001024,3.295232,,0.039168,0.16127999999999998,0.000256,0.139008,0.008704,0.011264,,0.002304,,1.26592
13499,94.694919600340128,19072831875299,1,7.6446994207799435,6.9222,7.058688,2.6665,14555,0.001024,3.1825919999999996,,0.039936,0.156416,0,0.135424,0.0076799999999999993,0.010752,,0.002304,,1.092608
13500,94.702316099773242,19072831944521,1,7.3964996263384819,7.4081,7.561728,2.586,14757,0.001024,3.290368,,0.039936,0.15744,0,0.13696,0.0076799999999999993,0.010752,,0.002304,,1.3455359999999998
13501,94.709537996031742,19072832018602,1,7.2218962013721466,6.9267,7.355648,2.4911,14555,0.001024,3.29216,,0.034048,0.15872,0.000256,0.13747199999999998,0.003328,0.010496,,0.0025599999999999998,,1.366016
13502,94.717334098639455,19072832087869,1,7.7961026690900326,8.1115,7.204096,2.7035,14555,0.001024,3.267328,,0.03584,0.16153599999999999,0,0.140544,0.007424,0.011264,,0.0025599999999999998,,1.0913279999999999
13503,94.724423497732417,19072832168984,1,7.089399266988039,7.5652,7.794688,2.5102,14555,0.001024,3.165952,,0.039936,0.16255999999999998,0,0.14207999999999998,0.0076799999999999993,0.010496,,0.002304,,1.338368
13504,94.731684601757365,19072832244636,1,7.2611039504408836,6.4848,7.04256,2.7058,20997,0.001024,3.2386559999999998,,0.034304,0.402688,0.000256,0.141312,0.009984,0.012032,,0.002304,,1.093888
13505,94.739321400226757,19072832309484,1,7.6367985457181931,8.0905,7.325184,2.6801,14555,0.001024,3.176192,,0.038911999999999995,0.15564799999999998,0,0.133632,0.0076799999999999993,0.012288,,0.002304,,1.268224
13506,94.746726899092963,19072832390389,1,7.4054989963769913,7.1415,7.568384,2.6696,14555,0.001024,3.267584,,0.043519999999999996,0.162048,0,0.141312,0.0076799999999999993,0.010752,,0.002304,,1.362688
13507,94.754146201814052,19072832461804,1,7.4193025939166546,7.2822,7.267584,2.5825,14555,0.001024,3.278336,,0.034048,0.161024,0.000256,0.14079999999999998,0.0076799999999999993,0.011776,,0.002304,,1.378304
13508,94.761881597222214,19072832534626,1,7.7353953383862972,7.6156,7.497216,2.5377,14555,0.001024,3.282688,,0.040192,0.15334399999999998,0,0.13312,0.007936,0.010752,,0.0025599999999999998,,1.261568
13509,94.769059700963709,19072832610782,1,7.1781035512685776,7.2304,7.717632,2.4813,14555,0.001024,3.237888,,0.035584,0.154368,0,0.13414399999999999,0.0076799999999999993,0.012288,,0.0025599999999999998,,1.09568
13510,94.776253798185934,19072832683086,1,7.1940971538424492,7.4306,7.22816,2.5949,14555,0.001024,3.177984,,0.033535999999999996,0.328704,0,0.307712,0.003584,0.011776,,0.002048,,1.270016
13511,94.784163598356,19072832757392,1,7.9097999259829521,7.6658,7.081216,2.4905,14555,0.001024,3.170304,,0.036095999999999996,0.16512,0,0.14464,0.0076799999999999993,0.012288,,0.002304,,1.092608
13512,94.791582199546482,19072832834050,1,7.4186013080179691,7.0541,7.908608,2.4391,14555,0.001024,3.2151039999999997,,0.03968,0.155392,0,0.1344,0.004608,0.010239999999999999,,0.002304,,1.3557759999999999
13513,94.798888300736962,19072832904591,1,7.3061012662947178,7.1997,7.401728,2.5108,20356,0.001024,3.2634879999999997,,0.040192,0.16127999999999998,0,0.139008,0.0076799999999999993,0.011007999999999999,,0.002304,,1.262848
13514,94.8063547973356,19072832976588,1,7.4664964340627193,7.8884,7.373056,2.5264,14954,0.001024,3.2919039999999997,,0.042752,0.1664,0.000256,0.14464,0.0076799999999999993,0.011264,,0.0025599999999999998,,1.097472
13515,94.813840695861671,19072833055472,1,7.4858986772596836,7.3902,7.435008,2.5536,14555,0.001024,3.2755199999999998,,0.039168,0.162816,0,0.141824,0.0076799999999999993,0.010239999999999999,,0.002304,,1.366272
13516,94.821263895975051,19072833129374,1,7.42320017889142,7.2848,7.414016,2.6316,14750,0.001024,3.28448,,0.03584,0.156416,0,0.134656,0.007424,0.011007999999999999,,0.002304,,1.26336
13517,94.828720301870746,19072833202222,1,7.4564060196280479,7.4723,7.3216,2.4857,14555,0.162816,3.286272,,0.042496,0.15616,0.000256,0.13568,0.007424,0.011776,,0.002816,,1.097216
13518,94.836094302721079,19072833276945,1,7.3740007355809212,7.4659,7.490304,2.6093,14555,0.001024,3.172096,,0.039424,0.16588799999999998,0,0.143616,0.003072,0.010752,,0.0025599999999999998,,1.612544
13519,94.843435402494322,19072833351604,1,7.34109990298748,7.9769,7.404288,2.5698,20339,0.001024,3.291136,,0.03968,0.163328,0,0.141312,0.00896,0.011519999999999999,,0.002304,,1.2620799999999999
13520,94.850594097222213,19072833431373,1,7.158694788813591,7.118,7.281408,2.4435,14555,0.001024,3.190784,,0.042752,0.164608,0.000256,0.143872,0.007424,0.011776,,0.002304,,1.097216
13521,94.857794798752835,19072833502553,1,7.2007016278803349,7.2054,7.132416,2.5891,14555,0.0012799999999999999,3.234816,,0.039168,0.15462399999999998,0,0.132608,0.011519999999999999,0.011519999999999999,,0.002304,,1.092608
13522,94.865291198979591,19072833574607,1,7.4964002706110477,7.5507,7.186432,2.5433,88925,0.001024,3.233536,,0.034304,0.163328,0,0.14310399999999998,0.009984,0.011519999999999999,,0.002304,,1.3655039999999998
13523,94.874274100056681,19072833650114,1,8.9829014614224434,6.9411,7.455232,2.5401,14555,0.001024,3.2399359999999997,,0.039424,0.16255999999999998,0,0.14207999999999998,0.0076799999999999993,0.012288,,0.002304,,1.2687359999999999
13524,94.882884998582767,19072833719525,1,8.61089862883091,7.4277,7.539712,0.813,27895,0.001024,3.220992,,0.0384,0.162048,0.000256,0.141312,0.010752,0.011264,,0.002304,,1.07392
13525,94.889632001133776,19072833793802,1,6.7470027133822441,11.9429,0.035328,2.5547,14555,0.001024,3.225856,,0.039168,0.16,0,0.13747199999999998,0.0076799999999999993,0.011264,,0.002816,,1.244416
13526,94.896400701530609,19072833913231,1,6.7687002010643482,4.5437,6.715648,2.699,14555,0.001024,3.23584,,0.034304,0.164608,0.000256,0.14464,0.011264,0.010496,,0.002304,,1.0780159999999999
13527,94.90291950113378,19072833958668,1,6.5187998116016388,8.8739,6.742784,2.4427,14902,0.001024,3.2888319999999998,,0.034048,0.163072,0,0.14079999999999998,0.007936,0.010239999999999999,,0.002816,,1.095424
13528,94.909962202380953,19072834047407,1,7.042701356112957,6.4032,6.578432,2.3128,14555,0.001024,3.089664,,0.033535999999999996,0.157696,0,0.137216,0.0076799999999999993,0.010752,,0.0025599999999999998,,1.0913279999999999
13529,94.917145797902492,19072834111439,1,7.1835955604910851,6.9942,7.013888,2.5229,14555,0.001024,3.167232,,0.033535999999999996,0.150528,0,0.13055999999999998,0.007424,0.012032,,0.0025599999999999998,,1.2702719999999998
13530,94.923804797335592,19072834181381,1,6.6589992493391037,6.3134,7.085056,2.5486,14555,0.001024,3.2895999999999996,,0.035072,0.158464,0,0.137728,0.011264,0.011264,,0.002816,,1.091072
13531,94.930490596655332,19072834244515,1,6.685799453407526,7.0269,6.642176,2.4508,14555,0.001024,3.182336,,0.034048,0.15872,0,0.137728,0.008192,0.011776,,0.002304,,1.0964479999999999
13532,94.937333297902484,19072834314784,1,6.8427012301981449,7.2086,6.740736,2.5677,14555,0.001024,3.241984,,0.033791999999999996,0.161792,0.000256,0.141312,0.004096,0.010752,,0.002816,,1.093888
13533,94.944690695861681,19072834386870,1,7.357398048043251,6.5175,6.738944,2.6231,14555,0.001024,3.2332799999999997,,0.034048,0.164096,0,0.141568,0.0038399999999999997,0.011776,,0.002304,,1.088256
13534,94.952176502267577,19072834452045,1,7.4858064763247967,6.7201,7.359488,2.6455,14555,0.001024,3.233536,,0.034048,0.15923199999999998,0,0.139264,0.007936,0.011007999999999999,,0.002304,,1.094144
13535,94.959575602324264,19072834519246,1,7.3990998789668083,6.8104,7.44704,2.6332,14555,0.001024,3.1902719999999998,,0.039424,0.16025599999999998,0,0.138752,0.0076799999999999993,0.011519999999999999,,0.002048,,1.262336
13536,94.967265199829924,19072834587350,1,7.6895975507795811,7.4227,7.441152,2.5876,14555,0.001024,3.286784,,0.040704,0.158976,0,0.13696,0.0076799999999999993,0.010752,,0.002304,,1.09056
13537,94.974739795918367,19072834661577,1,7.47459614649415,7.4568,7.368448,2.4968,14750,0.001024,3.2962559999999996,,0.035328,0.168448,0,0.14668799999999999,0.0076799999999999993,0.010496,,0.002304,,1.26592
13538,94.981953897392287,19072834736145,1,7.2141014970839024,7.6488,7.429376,2.5366,14555,0.001024,3.2962559999999996,,0.035328,0.168448,0,0.14668799999999999,0.0076799999999999993,0.010496,,0.002304,,1.26592
13539,94.989587400793653,19072834812633,1,7.6335035264492035,7.4029,7.186944,2.5117,14555,0.001024,3.2834559999999997,,0.040192,0.16512,0,0.144128,0.005376,0.011519999999999999,,0.002816,,1.09184
13540,94.996994097222213,19072834886662,1,7.4066962115466595,7.9819,7.613184,2.5924,14555,0.001024,3.292416,,0.037376,0.165376,0.000256,0.143872,0.007424,0.011776,,0.002304,,1.609216
13541,95.004272498582765,19072834966481,1,7.2784014046192169,6.8189,7.379968,2.7567,14757,0.001024,3.27424,,0.034048,0.419072,0,0.39833599999999997,0.007424,0.011264,,0.003072,,1.266432
13542,95.011813598356,19072835034670,1,7.5410995632410049,8.0306,7.241984,2.5249,14607,0.001024,3.169024,,0.03968,0.16,0.000256,0.13952,0.0084479999999999989,0.011776,,0.002304,,1.2671999999999999
13543,95.0199464994331,19072835114976,1,8.1329010426998138,7.0651,7.537664,2.4838,14555,0.001024,3.2883199999999997,,0.039424,0.158464,0,0.137984,0.007424,0.011776,,0.003072,,1.096192
13544,95.027067701247162,19072835185627,1,7.1212016046047211,7.0835,8.134144,2.6548,14555,0.001024,3.2368639999999997,,0.034304,0.329984,0,0.13747199999999998,0.0076799999999999993,0.010752,,0.002304,,1.7728
13545,95.034629499716544,19072835256462,1,7.5617986731231213,8.067,7.079424,2.5763,14555,0.001024,3.102976,,0.041215999999999996,0.15744,0,0.136704,0.010496,0.010752,,0.002304,,1.093632
13546,95.041799100056679,19072835337132,1,7.1696001105010509,7.8039,7.542528,2.5492,14555,0.001024,3.239168,,0.039424,0.158976,0.000256,0.13696,0.007424,0.011264,,0.002304,,1.4328319999999999
13547,95.0491376984127,19072835415171,1,7.338598370552063,7.2784,7.155456,2.5488,14555,0.001024,3.267328,,0.039424,0.152832,0,0.131584,0.0076799999999999993,0.011776,,0.002304,,1.092608
13548,95.0567341978458,19072835487955,1,7.5964992865920067,7.4419,7.372544,2.4451,14555,0.001024,3.178752,,0.040192,0.160768,0,0.13952,0.0076799999999999993,0.009984,,0.0025599999999999998,,1.09696
13549,95.064052600623583,19072835562374,1,7.3184026405215263,7.1208,7.578112,2.495,14555,0.001024,3.094016,,0.03968,0.159488,0,0.13849599999999998,0.16512,0.011776,,0.0025599999999999998,,1.584384
13550,95.071363796768708,19072835633582,1,7.3111960664391518,7.1486,7.220224,2.5766,14555,0.001024,3.2332799999999997,,0.034304,0.163328,0,0.141056,0.007936,0.010496,,0.002304,,1.341184
13551,95.078670996315182,19072835705068,1,7.3071997612714767,7.6738,7.373056,2.6472,14555,0.001024,3.237376,,0.03968,0.16025599999999998,0,0.13952,0.0076799999999999993,0.011776,,0.0025599999999999998,,1.0982399999999999
13552,95.0858804988662,19072835781806,1,7.2095026262104511,7.5595,7.208704,2.4921,14555,0.001024,3.228672,,0.034304,0.162048,0,0.140288,0.0076799999999999993,0.011776,,0.002304,,1.35296
13553,95.0932350977891,19072835857401,1,7.3545989580452442,7.2409,7.261952,2.5232,14555,0.001024,3.176704,,0.039936,0.15872,0,0.13696,0.0076799999999999993,0.010496,,0.002304,,1.097728
13554,95.1009533021542,19072835929810,1,7.7182045206427574,7.9887,7.084288,2.4732,14555,0.001024,3.1751679999999998,,0.03968,0.16127999999999998,0.000256,0.13952,0.007936,0.012288,,0.002304,,1.096704
13555,95.108291496598639,19072836009697,1,7.3381946422159672,6.1461,7.68896,2.44,14757,0.001024,3.284224,,0.042752,0.160768,0.000256,0.140032,0.003072,0.009984,,0.002816,,1.436928
13556,95.115605598072563,19072836071158,1,7.3141013272106647,7.4808,7.292416,2.6392,88925,0.001024,3.290368,,0.034048,0.162304,0,0.141056,0.0038399999999999997,0.011007999999999999,,0.002304,,1.35808
13557,95.1232214994331,19072836145966,1,7.6159015297889709,7.8556,7.31904,2.4466,14555,0.001024,3.188736,,0.03584,0.16588799999999998,0,0.144128,0.0076799999999999993,0.012032,,0.002048,,1.092096
13558,95.131249702380956,19072836224522,1,8.0282026901841164,7.195,7.489536,0.7471,14750,0.001024,3.263744,,0.03584,0.16819199999999998,0.000256,0.145664,0.003072,0.012288,,0.002304,,1.343744
13559,95.138269401927431,19072836296472,1,7.0196995511651039,8.6372,0.0448,2.5235,14555,0.001024,3.2919039999999997,,0.033535999999999996,0.165632,0.000256,0.14464,0.007424,0.011519999999999999,,0.002304,,1.676544
13560,95.145668098072562,19072836382844,1,7.3986961506307125,6.2788,7.090688,2.5688,14555,0.001024,3.1813119999999997,,0.03968,0.158976,0,0.138752,0.0076799999999999993,0.011776,,0.002304,,1.098752
13561,95.152944097222218,19072836445632,1,7.2759990580379963,8.4226,7.287296,2.614,14555,0.001024,3.0809599999999997,,0.039168,0.162816,0.000256,0.141312,0.003584,0.012288,,0.002304,,1.09696
13562,95.16038139880952,19072836529858,1,7.4373017996549606,6.9088,7.305728,2.5763,14555,0.001024,3.1045119999999997,,0.033535999999999996,0.16,0,0.137984,0.0076799999999999993,0.011776,,0.0025599999999999998,,1.35808
13563,95.16796739654194,19072836598946,1,7.5859976932406425,7.3627,7.372288,2.4752,14555,0.001024,3.1674879999999996,,0.03712,0.16025599999999998,0,0.13824,0.0076799999999999993,0.011776,,0.002304,,1.088256
13564,95.175185700113374,19072836672573,1,7.2183036245405674,7.0808,7.634432,2.5974,14555,0.001024,3.27296,,0.041728,0.15795199999999998,0,0.13568,0.004096,0.011264,,0.002816,,1.61024
13565,95.182486699263038,19072836743381,1,7.3009990155696869,7.642,7.134208,2.5167,14555,0.001024,3.240704,,0.035584,0.16614399999999999,0,0.144896,0.0076799999999999993,0.011007999999999999,,0.002304,,1.09056
13566,95.1897799957483,19072836819801,1,7.29329651221633,7.4367,7.353088,2.4411,14555,0.001024,3.227392,,0.035072,0.16153599999999999,0,0.13977599999999998,0.007424,0.012288,,0.002304,,1.09184
13567,95.197258198696147,19072836894168,1,7.4782031588256359,7.1176,7.263744,2.5867,14555,0.001024,3.24096,,0.03456,0.15616,0,0.13516799999999998,0.0051199999999999996,0.011264,,0.002304,,1.378816
13568,95.204623802437638,19072836965344,1,7.365603931248188,7.2339,7.463936,2.4819,14757,0.001024,3.1897599999999997,,0.03968,0.16127999999999998,0,0.140544,0.009984,0.010752,,0.002304,,1.271552
13569,95.2122167020975,19072837037683,1,7.5928997248411179,7.3448,7.336704,2.4725,14607,0.001024,3.177472,,0.03968,0.165376,0,0.143616,0.003072,0.009984,,0.003072,,1.0915839999999999
13570,95.219539101473913,19072837111131,1,7.3223994113504887,7.4335,7.500288,2.4766,14555,0.001024,3.2755199999999998,,0.036095999999999996,0.162304,0,0.141568,0.0076799999999999993,0.010496,,0.002304,,1.6115199999999998
13571,95.22670980017007,19072837185466,1,7.17069860547781,7.3145,7.371776,2.5257,14555,0.001024,3.287296,,0.039424,0.16358399999999998,0.000256,0.14207999999999998,0.0076799999999999993,0.011007999999999999,,0.002304,,1.266688
13572,95.2338498015873,19072837258611,1,7.1400012820959091,7.692,7.083008,2.6299,20997,0.001024,3.173632,,0.036095999999999996,0.168448,0,0.146944,0.0076799999999999993,0.011264,,0.002304,,1.0931199999999999
13573,95.241129095804979,19072837335531,1,7.2792940773069859,7.4002,7.180544,2.5682,14555,0.001024,3.2417279999999997,,0.035328,0.153856,0,0.133376,0.003584,0.010496,,0.002304,,1.0946559999999999
13574,95.248533701814054,19072837409533,1,7.404605858027935,7.4901,7.261696,2.5213,14555,0.001024,3.287552,,0.034304,0.155904,0.000256,0.13516799999999998,0.007936,0.010496,,0.002304,,1.352704
13575,95.255801799886612,19072837484434,1,7.2680981829762459,6.7632,7.38432,2.4481,14555,0.0012799999999999999,3.286784,,0.039424,0.160512,0.000256,0.138752,0.007424,0.011519999999999999,,0.002304,,1.263104
13576,95.26306259920635,19072837552066,1,7.2607994079589844,7.2624,7.251456,2.5541,14555,0.0012799999999999999,3.27168,,0.03968,0.164608,0,0.142336,0.0076799999999999993,0.011264,,0.0025599999999999998,,1.09696
13577,95.270201998299314,19072837624690,1,7.13939918205142,7.2959,7.160064,2.5525,14555,0.001024,3.23584,,0.039424,0.15231999999999998,0,0.132608,0.005376,0.012032,,0.002048,,1.095936
13578,95.277408198696136,19072837697649,1,7.2062006220221519,7.3216,7.113728,2.571,14555,0.001024,3.22944,,0.03968,0.158208,0.000256,0.137728,0.0076799999999999993,0.010496,,0.002304,,1.092096
13579,95.284422101757372,19072837770865,1,7.0139029994606972,7.4312,7.176448,2.4821,14750,0.001024,3.238912,,0.039936,0.16,0.000256,0.13747199999999998,0.0076799999999999993,0.011776,,0.002304,,1.0964479999999999
13580,95.291743402777769,19072837845177,1,7.32130091637373,7.343,7.076352,2.6059,14555,0.001024,3.235584,,0.035328,0.155136,0.000256,0.133888,0.0076799999999999993,0.011264,,0.002304,,1.091072
13581,95.298324702380953,19072837918607,1,6.5812994726002216,6.9939,7.2256,2.4838,14555,0.001024,3.284224,,0.040448,0.164352,0,0.14336,0.0076799999999999993,0.009984,,0.002816,,1.092864
13582,95.3049133999433,19072837988546,1,6.58869743347168,7.0727,6.559488,2.5033,14757,0.001024,3.101184,,0.033791999999999996,0.162816,0,0.142592,0.007936,0.012032,,0.002048,,1.096192
13583,95.311791595804991,19072838059273,1,6.87819579616189,7.2566,6.645504,2.4394,14555,0.001024,3.181568,,0.034304,0.153088,0.000256,0.131584,0.0076799999999999993,0.012032,,0.002304,,1.0982399999999999
13584,95.319042800453516,19072838131839,1,7.2512044571340084,6.4427,6.85184,2.5378,14555,0.001024,3.190016,,0.034304,0.16588799999999998,0,0.144896,0.007936,0.011776,,0.002304,,1.276416
13585,95.326438399943314,19072838196266,1,7.395599503070116,6.4892,7.224064,2.7286,14555,0.001024,3.17568,,0.03456,0.167424,0,0.14668799999999999,0.008192,0.011519999999999999,,0.002304,,1.3606399999999998
13586,95.33370590277778,19072838261158,1,7.2675026021897793,7.5825,7.371264,2.6651,14555,0.001024,3.2634879999999997,,0.039424,0.158976,0,0.137216,0.0076799999999999993,0.010496,,0.0025599999999999998,,1.072384
13587,95.340710898526069,19072838336983,1,7.0049958303570747,7.6667,7.163392,2.7244,14555,0.001024,3.278848,,0.040448,0.16768,0,0.14668799999999999,0.007424,0.011264,,0.0025599999999999998,,1.0946559999999999
13588,95.3480338010204,19072838413650,1,7.322902325540781,6.8495,6.998528,2.7423,14555,0.001024,3.230976,,0.033535999999999996,0.158464,0,0.13824,0.0076799999999999993,0.011776,,0.0025599999999999998,,1.391616
13589,95.355398497732423,19072838482145,1,7.3646968230605125,7.3373,7.297792,2.6245,14555,0.001024,3.284224,,0.034304,0.167424,0,0.14592,0.007424,0.010752,,0.002304,,1.300224
13590,95.36296050170067,19072838555518,1,7.562004029750824,6.9433,7.424512,2.5236,14555,0.001024,3.2394239999999996,,0.035584,0.16127999999999998,0.000256,0.13977599999999998,0.0076799999999999993,0.011776,,0.002304,,1.100032
13591,95.3700792020975,19072838624951,1,7.1187005378305912,7.3912,7.452928,2.5893,88925,0.001024,3.2665599999999997,,0.03584,0.15795199999999998,0,0.135936,0.003328,0.011519999999999999,,0.002304,,1.27104
13592,95.3774123015873,19072838698863,1,7.3330993764102459,6.9393,7.179008,2.5,14555,0.001024,3.231232,,0.035328,0.16716799999999998,0,0.145664,0.007424,0.012288,,0.002304,,1.092864
13593,95.386121400226756,19072838768256,1,8.70909821242094,7.9001,7.324416,0.836,14555,0.001024,3.281408,,0.035328,0.15564799999999998,0,0.13516799999999998,0.007424,0.010239999999999999,,0.0025599999999999998,,1.0752
13594,95.393353401360542,19072838847257,1,7.2320010513067245,8.0629,0.045312,2.5064,14555,0.001024,3.277056,,0.039424,0.165632,0,0.144896,0.006656,0.012288,,0.002304,,2.190592
13595,95.400536996882082,19072838927886,1,7.1835955604910851,5.9173,6.95424,2.5696,14555,0.001024,3.1782399999999997,,0.035584,0.164096,0,0.142336,0.0076799999999999993,0.011776,,0.002304,,1.099264
13596,95.4076327026644,19072838987059,1,7.0957057178020477,8.8184,7.130624,2.5372,14757,0.001024,3.178496,,0.039168,0.15334399999999998,0.000256,0.132608,0.003328,0.011776,,0.002304,,1.08928
13597,95.414829598922893,19072839075243,1,7.196896243840456,7.198,7.104768,2.5266,14607,0.001024,3.092736,,0.034304,0.167936,0,0.14540799999999998,0.007936,0.012032,,0.002048,,1.372672
13598,95.422427997448978,19072839147223,1,7.598398718982935,7.3665,7.178496,2.4107,14555,0.001024,3.238912,,0.03968,0.161792,0,0.14079999999999998,0.007424,0.011007999999999999,,0.002304,,1.091072
13599,95.429801197562355,19072839220888,1,7.3732002638280392,7.0919,7.583744,2.4668,14555,0.001024,3.270912,,0.03968,0.16025599999999998,0,0.13977599999999998,0.007424,0.009984,,0.002816,,1.2702719999999998
13600,95.436999702380945,19072839291807,1,7.1985046379268169,6.9283,7.2704,2.4534,14750,0.001024,3.288064,,0.034304,0.154368,0,0.133632,0.0076799999999999993,0.010752,,0.002304,,1.357824
13601,95.444277196712008,19072839361090,1,7.2774942964315414,7.7866,7.250432,2.6484,14555,0.001024,3.289344,,0.041215999999999996,0.16486399999999998,0.000256,0.142848,0.0076799999999999993,0.011264,,0.002304,,1.099264
13602,95.451667198129243,19072839438956,1,7.3900013230741024,7.4155,7.17952,2.6559,14555,0.001024,3.287808,,0.039936,0.158464,0,0.13644799999999999,0.007936,0.011007999999999999,,0.002304,,1.093632
13603,95.4588544005102,19072839513111,1,7.1872025728225708,7.2817,7.43808,2.5169,14555,0.001024,3.28448,,0.03456,0.165632,0,0.14464,0.0076799999999999993,0.011264,,0.002816,,1.3555199999999998
13604,95.466682199546483,19072839585928,1,7.8277988359332085,6.9922,7.179776,2.445,14555,0.001024,3.3016319999999997,,0.039936,0.15462399999999998,0,0.13414399999999999,0.0076799999999999993,0.011776,,0.002304,,1.095168
13605,95.474036401643986,19072839655850,1,7.354202214628458,7.5485,7.719424,2.5096,14555,0.001024,3.17056,,0.041215999999999996,0.169984,0,0.147968,0.003328,0.012032,,0.002304,,1.092352
13606,95.481282298752831,19072839731335,1,7.2458973154425621,7.1247,7.336448,2.626,14555,0.001024,3.235584,,0.039936,0.160512,0,0.13849599999999998,0.008192,0.010496,,0.002304,,1.10336
13607,95.488547101757362,19072839802582,1,7.2648031637072563,8.1199,7.221504,2.5789,14555,0.001024,3.1848959999999997,,0.039936,0.156672,0,0.13414399999999999,0.0076799999999999993,0.010752,,0.003072,,1.09184
13608,95.4961711026077,19072839883781,1,7.6240007765591145,7.4986,7.23712,2.5549,14555,0.0012799999999999999,3.283712,,0.042752,0.162816,0,0.14207999999999998,0.0076799999999999993,0.011776,,0.002304,,1.093376
13609,95.503175099206345,19072839958767,1,7.0039965212345123,7.2612,7.578624,2.6639,14757,0.001024,3.289088,,0.039168,0.164608,0,0.142848,0.0076799999999999993,0.010752,,0.0025599999999999998,,1.353472
13610,95.510551700680267,19072840031379,1,7.3766014538705349,7.1493,7.082752,2.3985,14555,0.001024,3.176704,,0.040959999999999996,0.16588799999999998,0,0.14438399999999998,0.0076799999999999993,0.012032,,0.002304,,1.0913279999999999
13611,95.518089696712011,19072840102872,1,7.5379959307610989,8.0916,7.369728,2.5159,14555,0.001024,3.229184,,0.04224,0.166912,0,0.146176,0.007936,0.010752,,0.002816,,1.092864
13612,95.525207497165525,19072840183788,1,7.1178004145622253,6.1742,7.510528,2.6044,14555,0.001024,3.23968,,0.03968,0.163328,0,0.14207999999999998,0.007424,0.012032,,0.0025599999999999998,,1.366784
13613,95.532185600907027,19072840245530,1,6.9781038910150528,7.4833,7.030528,2.5809,14555,0.001024,3.292672,,0.039936,0.15488,0,0.132608,0.003072,0.011264,,0.0025599999999999998,,1.09056
13614,95.539293601190479,19072840320363,1,7.1080001071095467,7.6589,6.942208,2.6038,14555,0.001024,3.172352,,0.041471999999999995,0.166656,0,0.14438399999999998,0.0076799999999999993,0.011007999999999999,,0.002816,,1.092864
13615,95.547069196428566,19072840396952,1,7.775595411658287,7.2058,7.159296,2.6541,14555,0.001024,3.179008,,0.039936,0.16,0,0.13747199999999998,0.0076799999999999993,0.011519999999999999,,0.0025599999999999998,,1.073408
13616,95.554185898526072,19072840469010,1,7.1167019195854664,7.158,7.7376,2.7577,14555,0.001024,3.2972799999999998,,0.03712,0.163328,0.000256,0.141312,0.007424,0.011776,,0.002816,,1.266688
13617,95.561906597222219,19072840540590,1,7.7206986024975777,7.1948,7.11296,2.6961,14555,0.001024,3.22944,,0.03968,0.160768,0,0.140032,0.007936,0.010496,,0.002304,,1.0913279999999999
13618,95.5694882015306,19072840612538,1,7.581604178994894,7.5265,7.698176,2.6774,14555,0.001024,3.197952,,0.043264,0.162304,0,0.140288,0.0076799999999999993,0.011519999999999999,,0.002304,,1.3621759999999998
13619,95.576431001984119,19072840687803,1,6.9428002461791039,7.0462,7.378176,2.9713,14555,0.001024,3.2363519999999997,,0.035328,0.158208,0,0.137216,0.007424,0.010239999999999999,,0.002816,,1.24416
13620,95.5837093962585,19072840758265,1,7.2783944196999073,8.6121,7.035648,2.8318,14555,0.001024,3.2302079999999997,,0.039936,0.153856,0,0.133376,0.004352,0.011519999999999999,,0.0025599999999999998,,1.073664
13621,95.590981802721089,19072840844386,1,7.2724064812064171,7.0207,7.323392,2.486,14750,0.001024,3.1946239999999997,,0.039424,0.159744,0,0.137728,0.0076799999999999993,0.011776,,0.002304,,1.095424
13622,95.598276700680273,19072840914593,1,7.2948979213833809,7.2453,7.17952,2.5269,14555,0.0012799999999999999,3.2296959999999997,,0.034048,0.16153599999999999,0,0.141312,0.007936,0.012032,,0.002304,,1.361408
13623,95.605761500850335,19072840987046,1,7.4848001822829247,6.5167,7.277056,2.5295,14757,0.001024,3.23072,,0.038911999999999995,0.16819199999999998,0,0.146176,0.0076799999999999993,0.011519999999999999,,0.002304,,1.26592
13624,95.612984700963722,19072841052213,1,7.2232000529766083,7.4804,7.456256,2.5897,14555,0.0012799999999999999,3.190528,,0.039168,0.15231999999999998,0,0.132352,0.007424,0.011264,,0.0025599999999999998,,1.3542399999999999
13625,95.620325602324257,19072841127017,1,7.3409015312790871,7.2241,7.287552,2.5491,88977,0.001024,3.266048,,0.034048,0.1536,0,0.132608,0.0076799999999999993,0.011264,,0.0025599999999999998,,1.266688
13626,95.627922101757363,19072841199258,1,7.5964992865920067,7.5875,7.252224,2.4816,15118,0.001024,3.170816,,0.040448,0.16025599999999998,0,0.13824,0.007936,0.011264,,0.002304,,1.093376
13627,95.635610501700683,19072841275133,1,7.6883998699486256,7.3473,7.472896,0.8787,36765,0.001024,3.295232,,0.039936,0.165632,0,0.142848,0.004608,0.010496,,0.003328,,1.076992
13628,95.6427167020975,19072841348606,1,7.1062003262341022,8.6957,0.047104,2.7496,26596,0.0012799999999999999,3.222784,,0.034304,0.16486399999999998,0.000256,0.14540799999999998,0.0038399999999999997,0.011264,,0.002304,,1.5951359999999999
13629,95.6502704010771,19072841435563,1,7.55369896069169,5.7907,7.07968,2.7462,14555,0.001024,3.2847359999999997,,0.043008,0.15488,0,0.134656,0.0063999999999999994,0.010752,,0.002304,,1.092864
13630,95.657700999149654,19072841493470,1,7.4305981397628784,7.945,7.560448,2.8244,14555,0.001024,3.20512,,0.039424,0.15744,0,0.135424,0.0076799999999999993,0.011519999999999999,,0.0025599999999999998,,1.0949119999999999
13631,95.665031696428571,19072841572920,1,7.3306974954903126,7.4867,7.399168,2.5927,14555,0.001024,3.2821759999999998,,0.039168,0.16358399999999998,0,0.14207999999999998,0.004352,0.011519999999999999,,0.002304,,1.269248
13632,95.672403897392286,19072841647787,1,7.3722009547054768,7.0343,7.290112,2.5291,14757,0.001024,3.235328,,0.035072,0.16358399999999998,0,0.141312,0.0038399999999999997,0.011519999999999999,,0.0025599999999999998,,1.201408
13633,95.679549000850329,19072841718130,1,7.14510353282094,7.6479,7.425024,2.5076,14555,0.001024,3.269376,,0.03584,0.155136,0,0.13312,0.007424,0.010496,,0.002304,,1.351424
13634,95.686771201814054,19072841794609,1,7.2222007438540459,7.6315,7.117824,2.6184,14555,0.001024,3.236096,,0.034304,0.16614399999999999,0,0.145152,0.003584,0.011007999999999999,,0.002048,,1.2584959999999998
13635,95.694145096371884,19072841870924,1,7.373894564807415,6.8532,7.131648,2.4767,14555,0.001024,3.2931839999999997,,0.039936,0.15616,0,0.134656,0.0076799999999999993,0.010752,,0.002304,,1.097216
13636,95.70140790107709,19072841939456,1,7.2628045454621315,7.0318,7.350272,2.6264,14555,0.001024,3.2704,,0.03968,0.165632,0.000256,0.145152,0.007424,0.011007999999999999,,0.002304,,1.274368
13637,95.708279400510207,19072842009774,1,6.8714995868504047,7.7139,7.237888,2.5759,14757,0.001024,3.283712,,0.034048,0.165632,0,0.144896,0.007936,0.011007999999999999,,0.002304,,1.349376
13638,95.714861996882078,19072842086913,1,6.5825963392853737,7.4075,6.869504,2.6233,14555,0.001024,3.1969279999999998,,0.039424,0.160768,0,0.139264,0.0051199999999999996,0.010752,,0.002304,,1.075968
13639,95.721872300170062,19072842160988,1,7.0103034377098083,7.3779,6.625024,2.7612,14555,0.001792,3.1764479999999997,,0.034048,0.165376,0,0.143616,0.003584,0.010496,,0.002304,,1.075968
13640,95.72906770124716,19072842234767,1,7.1954010054469109,6.6347,6.990336,2.7512,14555,0.001024,3.234816,,0.035584,0.16255999999999998,0,0.140544,0.003328,0.011519999999999999,,0.002304,,1.0762239999999998
13641,95.735961500850337,19072842301114,1,6.8937996402382851,6.752,7.094784,2.7248,20997,0.001024,3.26016,,0.044031999999999995,0.161024,0,0.139008,0.003328,0.010239999999999999,,0.0025599999999999998,,1.349888
13642,95.742657702664388,19072842368634,1,6.6962018609046936,6.8964,6.865152,2.5453,14750,0.001024,3.18592,,0.041471999999999995,0.159744,0,0.139008,0.007424,0.010752,,0.0025599999999999998,,1.0982399999999999
13643,95.749971797052154,19072842437598,1,7.3140943422913551,7.1764,6.755328,2.3894,14555,0.001024,3.233024,,0.033791999999999996,0.16588799999999998,0,0.14438399999999998,0.011519999999999999,0.011264,,0.0025599999999999998,,1.095168
13644,95.757146598639451,19072842509362,1,7.1748015470802784,6.7239,7.21024,2.6813,14555,0.001024,3.291136,,0.033791999999999996,0.160512,0,0.14079999999999998,0.0038399999999999997,0.010752,,0.002304,,1.480704
13645,95.764760700113371,19072842576601,1,7.6141012832522392,6.8004,7.236608,2.8098,14555,0.001024,3.225856,,0.034048,0.166656,0.000256,0.144896,0.003584,0.011264,,0.002304,,1.323264
13646,95.77200610119047,19072842644605,1,7.2454009205102921,7.9142,7.526912,2.6175,14555,0.001024,3.237376,,0.035328,0.155904,0,0.134656,0.003072,0.012288,,0.0025599999999999998,,1.095168
13647,95.779332199546488,19072842723747,1,7.326098158955574,6.8683,7.227904,2.7688,14555,0.001024,3.272448,,0.037376,0.157184,0,0.13747199999999998,0.010496,0.011264,,0.002816,,1.090816
13648,95.786862698412691,19072842792430,1,7.5304987840354443,7.2814,7.375104,2.7253,14555,0.001024,3.282688,,0.043519999999999996,0.1664,0.000256,0.14464,0.003328,0.011007999999999999,,0.0025599999999999998,,1.093632
13649,95.7941161989796,19072842865244,1,7.2535006329417229,7.1336,7.507968,2.6373,14555,0.001024,3.295232,,0.037888,0.16,0,0.138752,0.003072,0.011007999999999999,,0.002304,,1.272576
13650,95.801201998299319,19072842936580,1,7.0857992395758629,7.4279,7.14496,2.6833,14555,0.001024,3.2345599999999997,,0.041728,0.151808,0,0.13183999999999998,0.003584,0.010752,,0.002304,,1.093376
13651,95.808583000283448,19072843010859,1,7.381001953035593,7.51,7.150848,2.7703,14757,0.001024,3.18208,,0.03456,0.16614399999999999,0,0.14464,0.008192,0.010752,,0.002304,,1.363456
13652,95.8160633999433,19072843085959,1,7.4803996831178665,7.212,7.298304,2.5876,14555,0.001024,3.2798719999999997,,0.035584,0.155904,0.000256,0.13516799999999998,0.003584,0.010752,,0.002304,,1.0915839999999999
13653,95.823115901360538,19072843158079,1,7.0525011979043484,7.0517,7.445504,2.7811,14607,0.001024,3.286784,,0.039936,0.15616,0,0.1344,0.007424,0.011776,,0.0025599999999999998,,1.09696
13654,95.830587896825392,19072843228596,1,7.4719954282045364,7.8116,7.115008,2.6979,14555,0.001024,3.286784,,0.035584,0.16588799999999998,0,0.143872,0.0084479999999999989,0.011264,,0.0025599999999999998,,1.074432
13655,95.837524702380946,19072843306712,1,6.936805322766304,7.5568,7.245312,2.7809,14555,0.001024,3.2954879999999998,,0.034048,0.388608,0,0.14207999999999998,0.0051199999999999996,0.010752,,0.002304,,1.3639679999999998
13656,95.844640695861671,19072843382280,1,7.1159936487674713,6.6805,7.038464,2.679,14555,0.001024,3.227392,,0.035584,0.158208,0,0.136192,0.0038399999999999997,0.011776,,0.002304,,1.076992
13657,95.851979698129242,19072843449085,1,7.3390020988881588,7.757,7.163392,2.6725,14555,0.001024,3.09632,,0.039424,0.165376,0,0.14336,0.0076799999999999993,0.010752,,0.002304,,1.276672
13658,95.859243501984125,19072843526655,1,7.2638038545846939,6.557,7.251712,2.655,14555,0.001024,3.095808,,0.039168,0.158208,0,0.13696,0.003584,0.010496,,0.0025599999999999998,,1.360384
13659,95.86697140022676,19072843592225,1,7.7278981916606426,7.2762,7.28192,2.7272,14555,0.001024,3.273984,,0.033535999999999996,0.42470399999999997,0.000256,0.40422399999999997,0.003584,0.011007999999999999,,0.0025599999999999998,,1.09056
13660,95.874016198979589,19072843664987,1,7.0447986945509911,7.3785,7.63648,2.6231,88925,0.001024,3.223808,,0.035072,0.156416,0,0.135424,0.003328,0.010752,,0.002304,,1.08928
13661,95.881148299319719,19072843738772,1,7.1321004070341587,7.2077,7.1296,2.8061,14555,0.001024,3.2368639999999997,,0.036095999999999996,0.16819199999999998,0,0.146944,0.003584,0.011007999999999999,,0.002304,,1.07776
13662,95.888361996882082,19072843810849,1,7.2136977687478065,8.115,7.01312,0.838,14555,0.001024,3.235584,,0.03584,0.15872,0,0.137728,0.0076799999999999993,0.011776,,0.0025599999999999998,,1.0746879999999999
13663,95.896291397392289,19072843891999,1,7.9294005408883095,7.8259,0.043776,2.7711,14750,0.001024,3.2829439999999996,,0.035584,0.16383999999999999,0,0.14336,0.0076799999999999993,0.012288,,0.0025599999999999998,,1.0915839999999999
13664,95.9035294005102,19072843970258,1,7.238002959638834,6.0706,7.269632,2.7784,14757,0.001024,3.2883199999999997,,0.038911999999999995,0.15744,0,0.13696,0.003584,0.011007999999999999,,0.0025599999999999998,,1.0964479999999999
13665,95.91107210175737,19072844030964,1,7.5427014380693436,6.8572,7.207168,2.7171,14555,0.0012799999999999999,3.232512,,0.035584,0.156416,0,0.135936,0.0084479999999999989,0.010752,,0.002816,,1.091072
13666,95.918397101757364,19072844099536,1,7.3250001296401024,8.095,7.528448,2.8981,14555,0.001024,3.233536,,0.035072,0.157184,0,0.134656,0.003584,0.011776,,0.002816,,1.25952
13667,95.925447696995462,19072844180486,1,7.0505952462553978,7.1808,7.247104,2.6446,14555,0.001024,3.2719359999999997,,0.034816,0.15616,0,0.134912,0.007424,0.010752,,0.0025599999999999998,,1.355008
13668,95.933051899092973,19072844252294,1,7.6042022556066513,7.3534,7.087104,2.6193,14555,0.001024,3.233536,,0.039168,0.16383999999999999,0,0.141568,0.007424,0.012032,,0.002304,,1.0931199999999999
13669,95.940295599489787,19072844325828,1,7.2437003254890442,7.4876,7.510272,2.5062,14555,0.001024,3.265536,,0.039936,0.16025599999999998,0.000256,0.13952,0.0076799999999999993,0.010496,,0.0025599999999999998,,1.095936
13670,95.947480598072559,19072844400704,1,7.1849985979497433,6.814,7.238144,2.8163,14555,0.001024,3.238912,,0.03456,0.161024,0,0.140032,0.011776,0.011007999999999999,,0.002304,,1.337856
13671,95.9549801020408,19072844468844,1,7.4995039030909538,7.878,7.222272,2.5894,14555,0.001024,3.2847359999999997,,0.03968,0.162304,0,0.140544,0.0076799999999999993,0.011007999999999999,,0.002304,,1.092096
13672,95.962695599489791,19072844547624,1,7.7154976315796375,7.701,7.385088,3.2629,14555,0.001024,3.2363519999999997,,0.036351999999999995,0.16588799999999998,0,0.143616,0.010239999999999999,0.011264,,0.0025599999999999998,,1.078784
13673,95.969961401643985,19072844624634,1,7.2658020071685314,6.5976,7.789568,2.8126,14555,0.001024,3.27424,,0.03584,0.16127999999999998,0.000256,0.13977599999999998,0.003072,0.012032,,0.002304,,1.5211519999999998
13674,95.9770966978458,19072844690610,1,7.1352962404489517,7.6962,7.163904,2.5829,14555,0.001024,3.28192,,0.035072,0.166656,0,0.14540799999999998,0.007936,0.011007999999999999,,0.002304,,1.092608
13675,95.984198200113369,19072844767572,1,7.1015022695064545,7.3969,7.095808,2.4669,14555,0.001024,3.099904,,0.0384,0.162304,0,0.141056,0.0076799999999999993,0.011007999999999999,,0.002304,,1.095168
13676,95.991494798752825,19072844841541,1,7.2965985164046288,7.5901,7.112448,2.4732,14555,0.001024,3.1818239999999998,,0.03968,0.162304,0,0.141312,0.003072,0.011264,,0.002304,,1.0946559999999999
13677,95.998680102040808,19072844917442,1,7.1853031404316425,6.8857,7.332352,2.4641,14555,0.001024,3.178752,,0.039936,0.161024,0,0.13849599999999998,0.007424,0.010239999999999999,,0.003072,,1.266176
13678,96.006199702380954,19072844986299,1,7.5196004472672939,6.9422,7.094272,2.4998,14757,0.001024,3.2363519999999997,,0.035584,0.156672,0,0.1344,0.007936,0.011007999999999999,,0.002304,,1.097728
13679,96.0133295989229,19072845055721,1,7.1298964321613312,7.3293,7.579392,2.7412,14555,0.001024,3.100672,,0.039424,0.165376,0,0.14438399999999998,0.007936,0.011007999999999999,,0.0025599999999999998,,1.35296
13680,96.020463300736964,19072845129014,1,7.13370181620121,8.1624,7.095808,2.7763,14555,0.0012799999999999999,3.172352,,0.035072,0.16614399999999999,0,0.14438399999999998,0.0076799999999999993,0.011776,,0.002304,,1.09184
13681,96.0279544005102,19072845210638,1,7.4910996481776237,6.7448,7.121664,2.6461,14607,0.001024,3.1848959999999997,,0.039936,0.164608,0.000256,0.142848,0.007424,0.010496,,0.0025599999999999998,,1.093376
13682,96.0350632015306,19072845278086,1,7.108801044523716,7.2296,7.437824,2.5422,14555,0.001024,3.2404479999999998,,0.039936,0.163328,0,0.141056,0.007424,0.012288,,0.002304,,1.09568
13683,96.042328996598641,19072845350382,1,7.2657950222492218,6.9386,7.124224,2.5144,14555,0.001024,3.0947839999999998,,0.040192,0.155136,0.000256,0.13414399999999999,0.007936,0.010752,,0.002304,,1.092096
13684,96.049885898526071,19072845419768,1,7.5569017790257931,7.3096,7.245568,2.4993,14750,0.001024,3.2683519999999997,,0.036864,0.151808,0,0.131328,0.003328,0.010239999999999999,,0.002816,,1.092864
13685,96.05707989654195,19072845492864,1,7.1939979679882526,7.1882,7.53024,2.6731,14555,0.001024,3.0996479999999997,,0.039424,0.16025599999999998,0,0.13952,0.007936,0.012032,,0.0025599999999999998,,1.1015679999999999
13686,96.065171598639452,19072845564746,1,8.0917021259665489,7.313,7.100928,2.5712,14555,0.001024,3.22944,,0.035328,0.164352,0.000256,0.144128,0.0076799999999999993,0.011776,,0.0025599999999999998,,1.095168
13687,96.072617396541943,19072845637876,1,7.44579778984189,8.1455,8.147712,2.6026,14555,0.001024,3.1848959999999997,,0.039936,0.162816,0,0.141568,0.008704,0.011007999999999999,,0.0025599999999999998,,1.70624
13688,96.079901700680267,19072845719331,1,7.28430412709713,6.7812,7.337728,2.6311,14555,0.001024,3.1697919999999997,,0.03712,0.158208,0,0.13696,0.007424,0.011007999999999999,,0.002304,,1.35168
13689,96.087519699546476,19072845787143,1,7.617998868227005,7.5803,7.266816,2.6558,14555,0.001024,3.288064,,0.03456,0.155904,0,0.135424,0.003584,0.010752,,0.002304,,1.36704
13690,96.094593296485257,19072845862946,1,7.0735970512032509,7.9683,7.5904,2.9656,14555,0.001024,3.2919039999999997,,0.035328,0.162048,0,0.14079999999999998,0.007936,0.011007999999999999,,0.002304,,1.2669439999999998
13691,96.101718402777777,19072845942629,1,7.1251061744987965,7.6427,7.06688,2.4574,14555,0.001024,3.1764479999999997,,0.036351999999999995,0.15795199999999998,0,0.137216,0.0076799999999999993,0.010496,,0.0025599999999999998,,1.095168
13692,96.108469699546475,19072846019056,1,6.7512965761125088,7.3173,7.17312,2.6488,14757,0.001024,3.1861759999999997,,0.034816,0.158464,0,0.137216,0.008704,0.011519999999999999,,0.002304,,1.2638719999999999
13693,96.115220897108841,19072846092229,1,6.7511973902583122,6.6375,6.727168,3.0582,14555,0.001024,3.299328,,0.033791999999999996,0.15692799999999998,0,0.13696,0.007936,0.011007999999999999,,0.002304,,1.077504
13694,96.122559297052149,19072846158604,1,7.33839999884367,7.4518,6.731264,2.5306,14555,0.001024,3.233536,,0.034048,0.157696,0,0.135424,0.0076799999999999993,0.012032,,0.0025599999999999998,,1.095424
13695,96.129835097789112,19072846233122,1,7.2758006863296032,6.577,7.206144,2.8278,88925,0.001024,3.2816639999999997,,0.039168,0.165376,0,0.144896,0.003584,0.011519999999999999,,0.002048,,1.3457919999999999
13696,96.136497696995463,19072846298892,1,6.66259927675128,6.607,7.28832,2.5019,14555,0.001024,3.1884799999999998,,0.039168,0.16025599999999998,0,0.13824,0.0076799999999999993,0.011264,,0.0025599999999999998,,1.2735999999999998
13697,96.143624000850338,19072846364962,1,7.126303855329752,7.6223,6.720256,0.7198,14555,0.001024,3.294208,,0.034304,0.16255999999999998,0,0.142592,0.006912,0.010752,,0.002304,,1.077248
13698,96.150431001984117,19072846441185,1,6.8070013076066971,8.0915,0.04736,2.5384,14555,0.001024,3.235584,,0.033791999999999996,0.156416,0,0.136192,0.007936,0.011519999999999999,,0.002304,,1.096704
13699,96.157018898809525,19072846522100,1,6.5878969617187977,5.7979,6.804736,2.8466,14555,0.001024,3.1697919999999997,,0.035328,0.161024,0.000256,0.139264,0.007424,0.010239999999999999,,0.002304,,1.092608
13700,96.1641382015306,19072846580079,1,7.11930263787508,6.7388,6.627072,2.5369,14555,0.001024,3.090176,,0.03456,0.15692799999999998,0,0.135936,0.004096,0.011007999999999999,,0.002304,,1.0897919999999999
13701,96.171332199546484,19072846647467,1,7.1939979679882526,6.7753,7.101184,3.06,14555,0.001024,3.2368639999999997,,0.035584,0.158208,0,0.137216,0.0076799999999999993,0.010239999999999999,,0.0025599999999999998,,1.275904
13702,96.178134502551018,19072846715220,1,6.802302785217762,6.9018,7.157248,2.7514,14555,0.001024,3.23968,,0.03968,0.16127999999999998,0,0.139264,0.007936,0.010239999999999999,,0.002304,,1.096192
13703,96.18490199829931,19072846784238,1,6.7674955353140831,6.8814,6.71616,2.4818,14555,0.001024,3.091456,,0.034048,0.16025599999999998,0,0.140288,0.007936,0.011519999999999999,,0.002304,,1.0944
13704,96.191666801303853,19072846853052,1,6.76480308175087,7.0653,6.744064,2.2499,14555,0.001024,3.282432,,0.034048,0.15744,0,0.137216,0.007936,0.010752,,0.002304,,1.0897919999999999
13705,96.198136996882084,19072846923705,1,6.4701954834163189,7.1044,6.636032,2.2101,14555,0.0012799999999999999,3.181056,,0.034304,0.155136,0,0.133376,0.007424,0.010496,,0.002816,,1.089024
13706,96.205028096655326,19072846994749,1,6.8910997360944748,6.712,6.627328,2.1999,14952,0.001024,3.192064,,0.033791999999999996,0.158208,0,0.13849599999999998,0.0051199999999999996,0.010239999999999999,,0.002304,,1.0931199999999999
13707,96.211657100340133,19072847061869,1,6.6290036775171757,6.531,6.796032,2.5563,14555,0.001024,3.2901119999999997,,0.034048,0.15488,0.000256,0.13516799999999998,0.007936,0.011776,,0.002304,,1.09568
13708,96.218472597789116,19072847127179,1,6.8154972977936268,6.1367,6.685696,2.4779,14555,0.001024,3.20256,,0.034048,0.165376,0,0.14464,0.003584,0.011776,,0.002304,,1.098752
13709,96.225608000283444,19072847188546,1,7.1354024112224579,7.0901,6.786304,2.7763,14555,0.001024,3.2919039999999997,,0.034304,0.16025599999999998,0,0.13824,0.003584,0.011264,,0.0025599999999999998,,1.090048
13710,96.232322101757362,19072847259447,1,6.7141014151275158,7.1573,7.03616,2.7311,14607,0.001024,3.1746559999999997,,0.035584,0.164096,0,0.14310399999999998,0.0076799999999999993,0.011264,,0.002048,,1.075456
13711,96.239003401360534,19072847331020,1,6.6812997683882713,6.2928,6.774528,2.2198,20997,0.001024,3.1746559999999997,,0.035584,0.164096,0,0.14310399999999998,0.0076799999999999993,0.011264,,0.002048,,1.075456
13712,96.245753195861681,19072847393948,1,6.749794352799654,7.1506,6.660864,2.7035,14555,0.001024,3.1813119999999997,,0.034304,0.158464,0,0.13696,0.0076799999999999993,0.010752,,0.002304,,1.09184
13713,96.252519997165535,19072847465454,1,6.7668012343347073,6.9481,6.723328,2.492,14555,0.001024,3.272704,,0.034048,0.15872,0,0.139008,0.008192,0.010752,,0.002304,,1.090048
13714,96.259292297335591,19072847534935,1,6.7723002284765244,6.3279,6.741248,2.0858,14555,0.001024,3.29472,,0.034048,0.15334399999999998,0.000256,0.13312,0.0076799999999999993,0.010752,,0.002304,,1.0780159999999999
13715,96.266065901360534,19072847598214,1,6.773604080080986,7.0318,6.74944,2.5784,14555,0.001024,3.265536,,0.033535999999999996,0.151808,0,0.132352,0.0076799999999999993,0.011519999999999999,,0.002304,,1.0931199999999999
13716,96.2728174957483,19072847668532,1,6.7515945993363857,6.8943,6.674688,2.8076,14555,0.001024,3.222528,,0.03456,0.156672,0,0.135936,0.007936,0.012032,,0.002304,,1.090816
13717,96.279569600340139,19072847737475,1,6.7521044984459877,6.43,6.806528,2.181,14555,0.001024,3.174912,,0.033535999999999996,0.32128,0,0.14336,0.009984,0.010496,,0.002816,,1.0746879999999999
13718,96.286464299886617,19072847801775,1,6.8946997635066509,6.6732,6.734848,2.104,14555,0.001024,3.24096,,0.034304,0.16153599999999999,0,0.141312,0.007936,0.011264,,0.0025599999999999998,,1.076992
13719,96.293136401643991,19072847868507,1,6.6721015609800816,6.9505,6.8032,2.2661,20339,0.001024,3.272448,,0.03456,0.164096,0.000256,0.142336,0.0076799999999999993,0.011776,,0.002304,,1.074176
13720,96.299787400793647,19072847938012,1,6.6509991884231567,6.764,6.722304,2.3115,14555,0.001024,3.2332799999999997,,0.03456,0.166912,0.000256,0.14464,0.0076799999999999993,0.011007999999999999,,0.002304,,1.095168
13721,96.306451502267564,19072848005652,1,6.6641015000641346,6.9628,6.623232,2.3907,14902,0.0012799999999999999,3.17568,,0.034816,0.164608,0.000256,0.144128,0.003584,0.011776,,0.002304,,1.095168
13722,96.312996400226751,19072848075280,1,6.544897798448801,6.7143,6.548224,2.2187,14555,0.001024,3.0888959999999996,,0.034048,0.158464,0,0.139264,0.007424,0.011519999999999999,,0.002304,,1.090048
13723,96.31997279620181,19072848142423,1,6.976395845413208,6.4295,6.614784,2.7012,14555,0.001024,3.172096,,0.034048,0.165376,0.000256,0.14336,0.0076799999999999993,0.012032,,0.002304,,1.093888
13724,96.326769501133782,19072848206718,1,6.7967050708830357,6.775,6.887168,2.4719,14555,0.001024,3.237376,,0.039936,0.16358399999999998,0,0.14207999999999998,0.0076799999999999993,0.012288,,0.0025599999999999998,,1.0913279999999999
13725,96.333442800453511,19072848274468,1,6.6732992418110371,6.9579,6.761728,2.5414,14555,0.001024,3.297024,,0.034048,0.16486399999999998,0,0.14438399999999998,0.007936,0.011776,,0.002304,,1.095936
13726,96.340188499149662,19072848344047,1,6.7456988617777824,6.8839,6.743552,2.4651,20339,0.001024,3.281408,,0.034304,0.160768,0.000256,0.14079999999999998,0.007936,0.011264,,0.002304,,1.092096
13727,96.346846598639445,19072848412886,1,6.6580995917320251,6.6367,6.716928,2.5518,14555,0.001024,3.23584,,0.034304,0.16127999999999998,0,0.140288,0.007936,0.011007999999999999,,0.002304,,1.093632
13728,96.353620096371884,19072848479253,1,6.77349790930748,6.7972,6.624512,2.5994,14555,0.001024,3.1662079999999997,,0.034048,0.159488,0,0.13824,0.003584,0.011264,,0.002304,,1.093632
13729,96.360846499433109,19072848547225,1,7.2264028713107109,6.8691,6.748928,2.1494,14750,0.001024,3.26144,,0.034048,0.15795199999999998,0.000256,0.137728,0.0076799999999999993,0.012032,,0.0025599999999999998,,1.072384
13730,96.367635898526075,19072848615916,1,6.7893993109464645,6.2435,6.942464,2.4877,14555,0.001024,3.289344,,0.03456,0.159488,0.000256,0.139008,0.007936,0.011519999999999999,,0.002304,,1.2856319999999999
13731,96.3749841978458,19072848678351,1,7.3482994921505451,7.0149,6.85056,2.2049,14555,0.001024,3.194112,,0.036608,0.162048,0,0.141568,0.0076799999999999993,0.010752,,0.0025599999999999998,,1.0979839999999998
13732,96.38226089852607,19072848748500,1,7.2767008095979691,7.1233,7.305984,2.4172,89065,0.001024,3.1777279999999997,,0.043264,0.16255999999999998,0.000256,0.141312,0.003584,0.011007999999999999,,0.002304,,1.0752
