observation_frame,unscaled_time,frame_timing_timestamp,segment,"frame_interval_ms","cpu_frame_ms","gpu_frame_ms","cpu_render_thread_ms","gc_allocated_in_editor_frame_bytes","VSM.LayoutRemap_gpu_ms","VSM.Allocate_gpu_ms","VSM.InvalidateStatic_gpu_ms","VSM.ClearPhysicalPages_gpu_ms","VSM.StaticCasterCull_gpu_ms","VSM.DynamicCasterCull_gpu_ms","VSM.PageCull_gpu_ms","VSM.StaticRaster_gpu_ms","VSM.DynamicRaster_gpu_ms","VSM.UnityCompatibilityRaster_gpu_ms","VSM.FinalizePages_gpu_ms","VSM.ResetFeedback_gpu_ms","VSM.ResolveAndFeedback_gpu_ms"
7589,56.239943402777776,19072447412564,1,4.7900015488266945,4.7812,4.736,1.9279,14555,0.001024,0.747008,,0.03328,0.086528,0.000256,0.06784,0.0097279999999999988,0.014079999999999999,,0.002304,,1.59872
7590,56.244734502551019,19072447460376,1,4.7910995781421661,4.9855,4.766976,1.8952,14555,0.001024,0.734464,,0.033024,0.08576,0,0.067071999999999993,0.004096,0.011776,,0.002048,,1.5979519999999998
7591,56.249705598072559,19072447510231,1,4.9710953608155251,4.5678,4.774144,1.9607,14555,0.001024,0.733696,,0.03328,0.09267199999999999,0,0.07296,0.007424,0.013568,,0.002304,,1.59744
7592,56.254458099489796,19072447555909,1,4.7525013796985149,5.1145,4.948992,1.9376,14555,0.001024,0.748288,,0.033535999999999996,0.087039999999999992,0,0.067328,0.003328,0.014336,,0.002048,,1.59616
7593,56.259233701814054,19072447607054,1,4.7756023705005646,4.4647,4.72704,1.8487,14555,0.001024,0.734976,,0.03328,0.090112,0.000256,0.069632,0.0076799999999999993,0.011007999999999999,,0.002048,,1.5984639999999999
7594,56.264065199829929,19072447651701,1,4.8314980231225491,4.8497,4.758016,2.1659,14555,0.001024,0.745728,,0.03328,0.089088,0,0.07039999999999999,0.0076799999999999993,0.012799999999999999,,0.002048,,1.5946239999999998
7595,56.268874900793648,19072447700198,1,4.8097008839249611,5.0977,4.811264,1.888,14555,0.001024,0.73983999999999994,,0.033535999999999996,0.089855999999999991,0,0.070144,0.003072,0.013312,,0.002304,,1.59872
7596,56.273655796485258,19072447751175,1,4.7808955423533916,5.3163,4.77824,1.7826,14555,0.001024,0.74905599999999994,,0.03328,0.089855999999999991,0,0.070912,0.0076799999999999993,0.014848,,0.002304,,1.59872
7597,56.278406101190477,19072447804338,1,4.7503048554062843,4.0653,4.764672,1.8421,14757,0.001024,0.737024,,0.033024,0.087808,0.000256,0.068352,0.0076799999999999993,0.013056,,0.002304,,1.603584
7598,56.283244401927433,19072447844991,1,4.8383008688688278,4.7683,4.739328,1.951,14555,0.0012799999999999999,0.746752,,0.03328,0.09267199999999999,0.000256,0.072448,0.007168,0.014336,,0.002304,,1.599232
7599,56.287957801870746,19072447892674,1,4.7133998014032841,4.8867,4.762624,1.8265,14555,0.001024,0.741632,,0.03328,0.08576,0,0.068096,0.0076799999999999993,0.014848,,0.002304,,1.597696
7600,56.293283397108844,19072447941541,1,5.3255953826010227,5.1327,4.732672,1.9369,17152,0.001024,0.741632,,0.03328,0.08576,0,0.068096,0.0076799999999999993,0.014848,,0.002304,,1.597696
7601,56.298331802721087,19072447992868,1,5.0484058447182178,4.3113,5.309952,1.8827,14555,0.001024,0.738304,,0.03328,0.089088,0,0.070144,0.003328,0.012544,,0.002304,,1.600256
7602,56.303098001700675,19072448035981,1,4.7661988064646721,5.4899,5.031936,2.0064,14555,0.001024,0.747776,,0.033024,0.083968,0.000256,0.065279999999999991,0.007424,0.012544,,0.002304,,1.5966719999999999
7603,56.307900701530613,19072448090880,1,4.8026996664702892,5.1481,4.734464,1.9246,17152,0.001024,0.747776,,0.033024,0.083968,0.000256,0.065279999999999991,0.007424,0.012544,,0.002304,,1.5966719999999999
7604,56.312649199263035,19072448142361,1,4.748497623950243,4.4537,4.784384,2.309,14555,0.001024,0.745728,,0.033024,0.092159999999999992,0,0.072703999999999991,0.009472,0.011007999999999999,,0.002304,,1.5997439999999998
7605,56.317425999149656,19072448186898,1,4.77680005133152,5.4433,4.726272,1.9193,14555,0.001024,0.735744,,0.033024,0.084992,0,0.066304,0.007424,0.014336,,0.002048,,1.5999999999999999
7606,56.32221009778911,19072448241331,1,4.7840988263487816,4.3821,4.754688,1.9225,14555,0.001024,0.74214399999999991,,0.032768,0.085504,0.000256,0.067071999999999993,0.0076799999999999993,0.011519999999999999,,0.002048,,1.6030719999999998
7607,56.326991099773238,19072448285152,1,4.7810021787881851,5.0794,4.77184,1.8982,14555,0.001024,0.744448,,0.03328,0.087039999999999992,0.000256,0.068352,0.007168,0.012799999999999999,,0.002304,,1.602304
7608,56.331708801020405,19072448335946,1,4.7177011147141457,4.2565,4.706816,1.8154,17152,0.001024,0.744448,,0.03328,0.087039999999999992,0.000256,0.068352,0.007168,0.012799999999999999,,0.002304,,1.602304
7609,56.336454896541944,19072448378511,1,4.74609574303031,5.1215,4.746496,1.7188,14555,0.001024,0.742656,,0.03328,0.085504,0,0.067583999999999991,0.003328,0.014336,,0.002304,,1.600768
7610,56.341357298752833,19072448429726,1,4.9024024046957493,4.7634,4.727552,2.4054,14555,0.001024,0.736256,,0.033024,0.083456,0,0.065279999999999991,0.0097279999999999988,0.012799999999999999,,0.002304,,1.600768
7611,56.346117495748295,19072448477360,1,4.7601968981325626,4.8139,4.872192,2.177,14555,0.001024,0.74137599999999992,,0.033024,0.083456,0,0.065024,0.003584,0.012544,,0.002304,,1.59616
7612,56.3508626984127,19072448525499,1,4.7452026046812534,4.6988,4.751872,1.9611,14555,0.001024,0.743424,,0.033024,0.085504,0,0.067328,0.0076799999999999993,0.012032,,0.002304,,1.595904
7613,56.355780102040811,19072448572487,1,4.9174036830663681,4.468,4.72576,1.9272,14555,0.001024,0.73395199999999994,,0.03328,0.084992,0.000256,0.06656,0.007424,0.013312,,0.002304,,1.595648
7614,56.360759899376419,19072448617167,1,4.9797971732914448,4.8315,4.894208,1.7357,14555,0.0012799999999999999,0.73804799999999993,,0.033024,0.083712,0,0.066048,0.003328,0.014336,,0.002048,,1.7919999999999998
7615,56.365510600907029,19072448665482,1,4.7507015988230705,4.9699,4.952064,1.8727,14555,0.001024,0.745984,,0.033024,0.08448,0.000256,0.066048,0.007424,0.013312,,0.0025599999999999998,,1.598976
7616,56.3702464994331,19072448715181,1,4.7358986921608448,5.0535,4.73984,2.1894,14555,0.001024,0.73471999999999993,,0.033024,0.08448,0,0.06656,0.0076799999999999993,0.012544,,0.002304,,1.59616
7617,56.374927196712015,19072448765716,1,4.6806973405182362,4.7408,4.716288,2.5644,66551,0.001024,0.73471999999999993,,0.033024,0.08448,0,0.06656,0.0076799999999999993,0.012544,,0.002304,,1.59616
7618,56.379775396825394,19072448813124,1,4.8481998965144157,4.6996,4.67328,1.9866,14587,0.001024,0.748288,,0.033024,0.09088,0,0.07168,0.007168,0.014079999999999999,,0.0025599999999999998,,1.59616
7619,56.384488399943308,19072448860120,1,4.7130030579864979,5.4682,4.751872,1.9079,14555,0.001024,0.740864,,0.03328,0.08576,0,0.067328,0.007424,0.011776,,0.002304,,1.6015359999999998
7620,56.389634098639455,19072448914802,1,5.14569878578186,5.1272,4.645376,1.619,14555,0.001024,0.74496,,0.03328,0.09036799999999999,0,0.07168,0.007424,0.011519999999999999,,0.0025599999999999998,,1.5997439999999998
7621,56.394408900226757,19072448966074,1,4.7748014330863953,3.6195,5.191936,1.9774,14555,0.001024,0.74393599999999993,,0.033535999999999996,0.087039999999999992,0,0.068608,0.010496,0.013312,,0.002304,,1.596928
7622,56.399219196428568,19072449002269,1,4.81029599905014,4.6729,4.75392,2.1982,69865,0.001024,0.74393599999999993,,0.033535999999999996,0.087039999999999992,0,0.068608,0.010496,0.013312,,0.002304,,1.596928
7623,56.403933602607708,19072449048998,1,4.7144060954451561,5.0733,4.78464,1.9969,60532,0.001024,0.745984,,0.03328,0.084735999999999992,0,0.066048,0.0076799999999999993,0.013312,,0.002048,,1.600256
7624,56.408607001133788,19072449099731,1,4.6733985655009747,5.2105,4.694784,2.2681,14555,0.0012799999999999999,0.744192,,0.03328,0.082688,0,0.064512,0.003072,0.014591999999999999,,0.002304,,1.603584
7625,56.413328401360545,19072449151836,1,4.7214003279805183,4.7014,4.644864,1.9505,32126,0.001024,0.742656,,0.03328,0.091904,0,0.072191999999999992,0.007424,0.014848,,0.002048,,1.600768
7626,56.418028996598636,19072449198850,1,4.7005950473248959,4.4553,4.702208,1.9911,31537,0.001024,0.742656,,0.03328,0.091904,0,0.072191999999999992,0.007424,0.014848,,0.002048,,1.600768
7627,56.422763697562353,19072449243403,1,4.7347010113298893,4.6933,4.681216,1.6988,14555,0.001024,0.74470399999999992,,0.032768,0.08448,0,0.066304,0.006656,0.014336,,0.002304,,1.600768
7628,56.427524999999996,19072449290336,1,4.7613023780286312,4.8124,4.71424,1.6938,17152,0.001024,0.74470399999999992,,0.032768,0.08448,0,0.066304,0.006656,0.014336,,0.002304,,1.600768
7629,56.432306299603169,19072449338460,1,4.7812997363507748,4.7313,4.735488,1.9835,14555,0.001024,0.737536,,0.032768,0.083456,0,0.065792,0.007424,0.012032,,0.002304,,1.595904
7630,56.4372468962585,19072449385773,1,4.9405968748033047,5.2315,4.771328,2.2227,17152,0.001024,0.73395199999999994,,0.03328,0.08524799999999999,0,0.067071999999999993,0.003328,0.011776,,0.002304,,1.598976
7631,56.442020401077095,19072449438088,1,4.7735050320625305,4.4476,4.917248,2.5526,14555,0.001024,0.739328,,0.03328,0.084735999999999992,0,0.06656,0.003328,0.014079999999999999,,0.002304,,1.7722879999999999
7632,56.4467795989229,19072449482564,1,4.7591980546712875,4.7931,4.753664,2.1775,14555,0.0012799999999999999,0.74316799999999994,,0.033024,0.086784,0,0.068352,0.003328,0.014079999999999999,,0.002048,,1.602816
7633,56.451557199546485,19072449530495,1,4.7776005230844021,5.7403,4.741888,2.2534,14555,0.001024,0.741632,,0.033024,0.083968,0,0.065792,0.005376,0.012799999999999999,,0.002048,,1.6015359999999998
7634,56.456266198979591,19072449587898,1,4.7089993022382259,4.1558,4.750336,1.79,17152,0.001024,0.741632,,0.033024,0.083968,0,0.065792,0.005376,0.012799999999999999,,0.002048,,1.6015359999999998
7635,56.461003698979589,19072449629456,1,4.7375001013278961,4.2934,4.700928,1.6945,14555,0.001024,0.741888,,0.032768,0.086528,0,0.068352,0.003072,0.014336,,0.002304,,1.599232
7636,56.465780498866209,19072449672390,1,4.77680005133152,4.7521,4.71168,1.7254,14555,0.001024,0.732672,,0.033024,0.08448,0,0.066304,0.007168,0.012288,,0.002304,,1.599232
7637,56.4705591978458,19072449719911,1,4.778699018061161,4.7045,4.746496,1.7169,14555,0.001024,0.740352,,0.033024,0.08524799999999999,0,0.067071999999999993,0.007424,0.012799999999999999,,0.002304,,1.5930879999999998
7638,56.475322300170063,19072449766956,1,4.7631021589040756,5.105,4.753152,2.1938,21199,0.001024,0.73983999999999994,,0.03328,0.087551999999999991,0.000256,0.068864,0.007424,0.013056,,0.002304,,1.59616
7639,56.480267800453511,19072449818006,1,4.9455002881586552,4.587,4.738816,1.8802,14555,0.001024,0.745216,,0.033024,0.08576,0,0.067328,0.007424,0.014336,,0.002304,,1.59744
7640,56.485139795918364,19072449863876,1,4.8719956539571285,4.6332,4.94336,2.1457,14555,0.001024,0.742656,,0.033024,0.084992,0,0.066304,0.003072,0.015104,,0.002304,,1.596928
7641,56.489838499149656,19072449910208,1,4.6987030655145645,5.3522,4.776704,1.9629,14555,0.001024,0.740096,,0.033535999999999996,0.09267199999999999,0.000256,0.072448,0.003584,0.014848,,0.002304,,1.59616
7642,56.494628798185936,19072449963730,1,4.7902991063892841,4.4929,4.7424,2.283,14555,0.001024,0.745216,,0.033024,0.089343999999999993,0.000256,0.069887999999999992,0.003328,0.013312,,0.002304,,1.617408
7643,56.499411798469389,19072450008659,1,4.7830003313720226,5.3982,4.76928,2.0376,14555,0.001024,0.740352,,0.033535999999999996,0.087551999999999991,0,0.068352,0.003072,0.012288,,0.002304,,1.597696
7644,56.504136196145126,19072450062641,1,4.7243977896869183,3.9886,4.767488,2.072,14555,0.001024,0.743424,,0.033024,0.084735999999999992,0,0.065792,0.003584,0.011007999999999999,,0.002304,,1.5982079999999999
7645,56.50894299886621,19072450102527,1,4.8068026080727577,5.2842,4.698624,2.2351,14555,0.001024,0.739328,,0.033024,0.087551999999999991,0.000256,0.06912,0.003328,0.012544,,0.002304,,1.6181759999999998
7646,56.513717396541949,19072450155369,1,4.7743977047502995,5.1918,4.78336,2.138,14555,0.001024,0.753664,,0.033535999999999996,0.083968,0,0.065536,0.003584,0.010496,,0.002304,,1.5966719999999999
7647,56.518468898809523,19072450207287,1,4.7515020705759525,4.1309,4.7411199999999996,2.0124,14555,0.001024,0.74368,,0.033024,0.086016,0,0.067583999999999991,0.0076799999999999993,0.014079999999999999,,0.002304,,1.5979519999999998
7648,56.52320340136054,19072450248596,1,4.7345026396214962,4.9772,4.735744,1.8093,14555,0.001024,0.74752,,0.033024,0.084224,0,0.065792,0.007168,0.014848,,0.002304,,1.60256
7649,56.5279420989229,19072450298368,1,4.7386977821588516,4.7088,4.711424,1.9317,14750,0.001024,0.745216,,0.032768,0.084735999999999992,0,0.06656,0.0076799999999999993,0.012799999999999999,,0.002048,,1.604352
7650,56.53289820011338,19072450345456,1,4.9561010673642159,4.681,4.722176,1.8386,14555,0.001024,0.74752,,0.033024,0.084224,0,0.065792,0.0076799999999999993,0.014336,,0.002304,,1.5979519999999998
7651,56.537694097222222,19072450392266,1,4.7958972863852978,4.5663,4.939008,2.432,14555,0.001024,0.744192,,0.032768,0.085504,0.000256,0.067328,0.011776,0.011007999999999999,,0.002048,,1.597696
7652,56.542447002551015,19072450437929,1,4.7529051080346107,4.799,4.785152,1.869,14555,0.0012799999999999999,0.745984,,0.03328,0.093696,0.000256,0.07424,0.0038399999999999997,0.014591999999999999,,0.002304,,1.598976
7653,56.547447796201809,19072450485919,1,5.0007938407361507,4.9593,4.721664,1.8686,14555,0.001024,0.74496,,0.033024,0.086016,0,0.06784,0.007424,0.013312,,0.002048,,1.6015359999999998
7654,56.552203996598635,19072450535512,1,4.7562005929648876,4.7004,4.984576,1.9311,14555,0.001024,0.749312,,0.03328,0.08576,0,0.067328,0.007424,0.014848,,0.002304,,1.5984639999999999
7655,56.5569593962585,19072450582516,1,4.7553996555507183,4.5427,4.736512,1.8305,14555,0.001024,0.73727999999999994,,0.03328,0.08524799999999999,0.000256,0.06656,0.007424,0.013312,,0.002304,,1.6017919999999999
7656,56.561709998582764,19072450627943,1,4.750602412968874,5.1218,4.732672,1.8122,14555,0.001024,0.743424,,0.033535999999999996,0.084735999999999992,0,0.06656,0.007424,0.012799999999999999,,0.002304,,1.5999999999999999
7657,56.566477196712015,19072450679161,1,4.7671981155872345,4.6963,4.734976,1.9613,14555,0.0012799999999999999,0.748288,,0.03328,0.090624,0,0.070912,0.003328,0.013568,,0.002304,,1.601024
7658,56.5712792020975,19072450726124,1,4.8020053654909134,5.5094,4.736512,1.9906,14555,0.001024,0.745216,,0.033024,0.086784,0.000256,0.068608,0.007424,0.013312,,0.002304,,1.60128
7659,56.576195897108839,19072450781218,1,4.9166949465870857,4.0854,4.77952,2.0036,14757,0.001024,0.740352,,0.033535999999999996,0.0896,0.000256,0.070656,0.004096,0.012288,,0.002304,,1.599232
7660,56.580997200963715,19072450822072,1,4.8013040795922279,4.6083,4.904192,2.2673,14555,0.001024,0.741888,,0.033535999999999996,0.08806399999999999,0,0.068608,0.003072,0.012799999999999999,,0.002304,,1.7640959999999999
7661,56.5857799957483,19072450868155,1,4.78279497474432,5.3066,4.779776,1.9923,14555,0.001024,0.737792,,0.033535999999999996,0.091136,0,0.072448,0.007424,0.015104,,0.002304,,1.5966719999999999
7662,56.590536996882086,19072450921221,1,4.75700106471777,4.9132,4.764672,1.7985,14555,0.001024,0.739584,,0.033535999999999996,0.091648,0,0.072448,0.0048639999999999994,0.012032,,0.002304,,1.600512
7663,56.595284601757371,19072450970353,1,4.7476049512624741,4.4993,4.726528,2.3029,14555,0.001024,0.73727999999999994,,0.033024,0.0832,0.000256,0.064512,0.007424,0.012544,,0.002304,,1.5964159999999998
7664,56.600056001984122,19072451015346,1,4.7714002430438995,5.1376,4.730112,2.1481,14555,0.001024,0.7424,,0.032768,0.08294399999999999,0,0.064512,0.003584,0.013312,,0.002304,,1.599232
7665,56.604842899659864,19072451066722,1,4.7868974506855011,4.391,4.7488,1.8186,14555,0.001024,0.73983999999999994,,0.033024,0.089343999999999993,0,0.070912,0.00896,0.013824,,0.002048,,1.595392
7666,56.609615695861677,19072451110632,1,4.7727962955832481,5.0172,4.762368,2.1399,14555,0.001024,0.74214399999999991,,0.033024,0.08448,0,0.06656,0.003072,0.013312,,0.002304,,1.600512
7667,56.614344302721086,19072451160804,1,4.7286069020628929,4.8281,4.744704,1.7654,14555,0.001024,0.736768,,0.033024,0.083968,0,0.066048,0.007168,0.014079999999999999,,0.0025599999999999998,,1.597184
7668,56.619143700396826,19072451209085,1,4.79939766228199,4.3972,4.713984,1.7424,14555,0.001024,0.748288,,0.032768,0.083712,0,0.065024,0.007424,0.012799999999999999,,0.002304,,1.599488
7669,56.62402470238095,19072451253057,1,4.8810020089149475,4.9964,4.763136,2.0654,14555,0.001024,0.739584,,0.032768,0.084224,0,0.06656,0.007424,0.013312,,0.002048,,1.594368
7670,56.628874702380948,19072451303021,1,4.8500001430511475,4.9757,4.814336,1.97,63589,0.001024,0.74803199999999992,,0.03328,0.092416,0,0.071424,0.003072,0.012032,,0.002304,,1.6017919999999999
7671,56.63403349631519,19072451352778,1,5.1587941125035286,4.8998,4.892928,1.9758,14555,0.001024,0.74368,,0.038911999999999995,0.087808,0,0.06912,0.007424,0.011776,,0.002304,,1.604352
7672,56.639510296201813,19072451401776,1,5.4767997935414314,4.2407,4.73728,0.5547,14555,0.001024,0.73881599999999992,,0.03328,0.084224,0,0.066048,0.0076799999999999993,0.013056,,0.002304,,1.610496
7673,56.644284700963716,19072451444183,1,4.7744046896696091,6.6949,0.043776,2.5385,14555,0.001024,0.742656,,0.033024,0.083456,0.000256,0.064767999999999992,0.003072,0.013824,,0.002304,,1.879552
7674,56.649037096088435,19072451511132,1,4.7523952089250088,4.6781,4.764672,2.089,14555,0.001024,0.73395199999999994,,0.033535999999999996,0.090624,0.000256,0.07168,0.0097279999999999988,0.010752,,0.002304,,1.5999999999999999
7675,56.653719897959178,19072451557913,1,4.68280166387558,4.3776,4.738304,2.0078,14555,0.001024,0.736256,,0.03328,0.08294399999999999,0,0.064256,0.003072,0.013312,,0.002304,,1.6015359999999998
7676,56.6584625,19072451601689,1,4.74260188639164,4.8334,4.658944,2.2238,14555,0.001024,0.745216,,0.033535999999999996,0.093696,0,0.073728,0.003072,0.014848,,0.002304,,1.6015359999999998
7677,56.663200899943305,19072451650023,1,4.7383997589349747,4.9382,4.720896,1.6063,14555,0.001024,0.741632,,0.033024,0.08448,0,0.06656,0.007424,0.014079999999999999,,0.002048,,1.5997439999999998
7678,56.667971301020408,19072451699405,1,4.7704009339213371,4.6891,4.715776,1.7792,14555,0.001024,0.74060799999999993,,0.033024,0.08448,0.000256,0.066304,0.007424,0.012288,,0.002304,,1.5982079999999999
7679,56.672674298469389,19072451746296,1,4.7029973939061165,4.4841,,1.7586,14555,0.001024,0.74060799999999993,,0.033024,0.08448,0.000256,0.066304,0.007424,0.012288,,0.002304,,1.5982079999999999
7680,56.684771201814058,19072451791137,1,12.096903286874294,4.6574,4.688384,4.6574,14757,0.001024,0.745216,,0.033024,0.088576,0.000256,0.07039999999999999,0.007424,0.014591999999999999,,0.002304,,1.602048
7681,56.689519997165533,19072451837711,1,4.7487951815128326,5.2957,4.691968,1.3883,14750,0.0012799999999999999,0.737536,,0.033024,0.079872,0,0.063744,0.007936,0.011007999999999999,,0.002304,,1.59744
7682,56.694307497165532,19072451890668,1,4.7875000163912773,4.6078,4.728576,2.1872,14555,0.001024,0.746752,,0.032768,0.084992,0,0.067071999999999993,0.003584,0.013312,,0.002048,,1.599488
7683,56.699050496031745,19072451936746,1,4.7429990954697132,12.1833,4.776704,2.0286,14555,0.001024,0.734208,,0.033535999999999996,0.08448,0,0.067071999999999993,0.003328,0.010496,,0.002304,,1.6017919999999999
7684,56.703987096088433,19072452058579,1,4.9366001039743423,4.8475,4.727552,1.8223,14555,0.0012799999999999999,0.73856,,0.03328,0.086016,0,0.067583999999999991,0.003584,0.012032,,0.002304,,1.6033279999999999
7685,56.708715299036278,19072452107054,1,4.7282031737267971,4.4624,4.913152,2.0029,14555,0.001024,0.73471999999999993,,0.033024,0.085504,0,0.067328,0.010752,0.015104,,0.002304,,1.773056
7686,56.713447200963714,19072452151678,1,4.7319019213318825,5.1049,4.709888,2.0254,14555,0.001024,0.7424,,0.03328,0.087808,0,0.069376,0.006144,0.013312,,0.002304,,1.60128
7687,56.718170797902495,19072452202727,1,4.7235968522727489,4.4047,4.71936,1.837,14555,0.001024,0.73344,,0.033024,0.083712,0,0.065024,0.003328,0.012032,,0.002304,,1.60256
7688,56.723060501700679,19072452246774,1,4.8897038213908672,4.8827,4.708864,2.1938,14555,0.001024,0.74112,,0.033024,0.084735999999999992,0,0.06656,0.003328,0.012032,,0.002304,,1.601024
7689,56.727852196712014,19072452295601,1,4.7916951589286327,4.8761,4.875776,2.0303,14555,0.001024,0.74060799999999993,,0.033024,0.08294399999999999,0,0.064767999999999992,0.004608,0.014079999999999999,,0.002304,,1.5984639999999999
7690,56.732598299319726,19072452344362,1,4.7461027279496193,4.6882,4.772352,2.2714,14555,0.0012799999999999999,0.74470399999999992,,0.033024,0.083968,0.000256,0.065536,0.003072,0.012799999999999999,,0.002304,,1.59616
7691,56.737521797052153,19072452391244,1,4.9234977923333645,4.6511,4.713472,1.8852,14555,0.001024,0.733696,,0.033024,0.084992,0,0.06656,0.003328,0.011776,,0.002048,,1.61408
7692,56.742286302437641,19072452437755,1,4.7645051963627338,5.8947,4.724224,1.7332,14555,0.001024,0.758784,,0.03328,0.08294399999999999,0.000256,0.064512,0.0048639999999999994,0.010496,,0.002304,,1.59616
7693,56.747077295918366,19072452496702,1,4.79099340736866,3.4468,4.747264,1.859,14555,0.001024,0.739328,,0.032768,0.082176,0,0.064512,0.0076799999999999993,0.013568,,0.002048,,1.602048
7694,56.751821499433106,19072452531170,1,4.744203295558691,5.0147,4.764928,1.9928,14555,0.001024,0.74726399999999993,,0.033024,0.08448,0,0.066304,0.003328,0.011776,,0.002304,,1.5951359999999999
7695,56.756804400510205,19072452581317,1,4.9829012714326382,5.099,4.711168,1.7753,14555,0.001024,0.74470399999999992,,0.033024,0.083968,0,0.065536,0.007424,0.014079999999999999,,0.002304,,1.5984639999999999
7696,56.7615797973356,19072452632307,1,4.7753970138728619,4.4554,4.96128,2.0154,14555,0.001024,0.731904,,0.032768,0.08806399999999999,0,0.069632,0.010496,0.014848,,0.002304,,1.595648
7697,56.766307001133782,19072452676861,1,4.7272038646042347,5.2578,4.755456,2.1908,14555,0.001024,0.7488,,0.03328,0.086784,0,0.067583999999999991,0.003584,0.014591999999999999,,0.002304,,1.5964159999999998
7698,56.771242998866214,19072452729439,1,4.9359975382685661,4.3377,4.69888,2.0569,14555,0.001024,0.744192,,0.033535999999999996,0.090112,0,0.071424,0.005376,0.014336,,0.002304,,1.59872
7699,56.775980399659865,19072452772816,1,4.7374009154737,4.9098,4.915456,1.9975,14757,0.001024,0.74649599999999994,,0.033024,0.082431999999999991,0,0.063744,0.003328,0.012032,,0.002048,,1.80352
7700,56.780922902494332,19072452821914,1,4.9425028264522552,5.1273,4.714496,2.5998,14555,0.001024,0.744192,,0.032512,0.08524799999999999,0,0.067328,0.0076799999999999993,0.013056,,0.002048,,1.599488
7701,56.785666496598637,19072452873187,1,4.7435942105948925,5.0032,4.706816,1.9593,14555,0.001024,0.75008,,0.033791999999999996,0.087808,0,0.068864,0.0038399999999999997,0.010496,,0.002304,,1.5966719999999999
7702,56.790430796485261,19072452923219,1,4.7642998397350311,4.6936,4.715776,2.1517,14555,0.001024,0.74649599999999994,,0.033024,0.084224,0,0.065792,0.003328,0.012288,,0.002048,,1.600512
7703,56.795182100340135,19072452970155,1,4.7513036988675594,4.7108,4.745216,1.7661,14555,0.001024,0.74752,,0.033024,0.083456,0,0.065024,0.0063999999999999994,0.012799999999999999,,0.0025599999999999998,,1.595904
7704,56.799948100907024,19072453017263,1,4.766000434756279,5.0272,4.736256,1.7249,14555,0.001024,0.740864,,0.03328,0.082431999999999991,0,0.064256,0.007424,0.012288,,0.002048,,1.5984639999999999
7705,56.805716595804988,19072453067535,1,5.7684946805238724,4.1904,4.739328,1.6951,14555,0.001024,0.74368,,0.033024,0.084992,0,0.067071999999999993,0.0076799999999999993,0.014336,,0.002048,,1.5951359999999999
7706,56.810455902777775,19072453109439,1,4.73930686712265,4.7746,5.753088,2.254,14555,0.0012799999999999999,0.7424,,0.033024,0.086016,0.000256,0.067583999999999991,0.007168,0.013056,,0.002304,,1.867008
7707,56.815212996031747,19072453157185,1,4.7570932656526566,4.6488,4.721152,2.3123,14555,0.001024,0.73727999999999994,,0.032768,0.086272,0,0.06784,0.010496,0.011776,,0.002304,,1.5997439999999998
7708,56.819983000283443,19072453203673,1,4.7700041905045509,6.1155,4.736768,2.5571,14555,0.001024,0.746752,,0.03328,0.086016,0,0.067583999999999991,0.011264,0.012799999999999999,,0.002048,,1.597696
7709,56.824750800736958,19072453264828,1,4.7678006812930107,5.0607,4.754176,1.9783,14555,0.001024,0.75238399999999994,,0.033535999999999996,0.083968,0,0.065279999999999991,0.007936,0.011519999999999999,,0.0025599999999999998,,1.5982079999999999
7710,56.829647101757367,19072453315435,1,4.896300844848156,4.2508,4.739584,2.2901,14555,0.001024,0.741632,,0.03328,0.08524799999999999,0.000256,0.067328,0.0076799999999999993,0.013824,,0.002304,,1.5982079999999999
7711,56.834305598072561,19072453357943,1,4.6584964729845524,5.1065,4.765696,2.0904,14555,0.001024,0.73471999999999993,,0.033024,0.089855999999999991,0,0.071168,0.0076799999999999993,0.012288,,0.0025599999999999998,,1.605632
7712,56.839015695861676,19072453409008,1,4.7100977972149849,4.732,4.74496,1.8724,14555,0.001024,0.73471999999999993,,0.033535999999999996,0.087551999999999991,0,0.068864,0.005376,0.012032,,0.002048,,1.59616
7713,56.843747300170065,19072453456328,1,4.7316043637692928,4.5168,4.694528,1.702,14750,0.001024,0.741632,,0.033024,0.084735999999999992,0,0.066304,0.003328,0.014848,,0.002304,,1.5997439999999998
7714,56.848491000566888,19072453501496,1,4.7437003813683987,4.5212,4.702976,1.9531,14555,0.001024,0.741632,,0.032512,0.085504,0,0.067071999999999993,0.003328,0.014591999999999999,,0.002048,,1.595392
7715,56.853246301020405,19072453546708,1,4.7553004696965218,4.9118,4.734464,2.0932,14555,0.001024,0.734208,,0.033024,0.086016,0,0.067071999999999993,0.003584,0.012799999999999999,,0.002304,,1.6199679999999999
7716,56.858118501984123,19072453595826,1,4.8722010105848312,5.2506,4.70784,1.8537,14555,0.001024,0.74112,,0.03328,0.082431999999999991,0,0.064512,0.003584,0.013824,,0.002304,,1.594368
7717,56.863137896825393,19072453648332,1,5.0193946808576584,4.1278,4.8768,2.469,14555,0.001024,0.734464,,0.03328,0.086784,0,0.068352,0.0076799999999999993,0.012288,,0.002304,,1.61536
7718,56.867888300736958,19072453689610,1,4.7504040412604809,5.4828,4.763648,1.9776,14555,0.001024,0.7424,,0.033535999999999996,0.082176,0.000256,0.064256,0.003328,0.012032,,0.0025599999999999998,,1.60128
7719,56.8726464994331,19072453744438,1,4.7581987455487251,4.2322,4.727552,1.8538,14555,0.001024,0.739584,,0.033024,0.08524799999999999,0,0.066816,0.007168,0.012799999999999999,,0.002304,,1.602048
7720,56.877411600056689,19072453786760,1,4.7651007771492,5.1427,4.724224,2.0333,14757,0.001024,0.739072,,0.032768,0.087039999999999992,0,0.068608,0.007168,0.014079999999999999,,0.002304,,1.600256
7721,56.882152501417231,19072453838187,1,4.7409012913703918,4.8725,4.747008,1.7984,64281,0.001024,0.748544,,0.033024,0.08524799999999999,0,0.067071999999999993,0.007424,0.012799999999999999,,0.002304,,1.599488
7722,56.887284601757365,19072453886912,1,5.1321005448699,4.528,4.717312,1.9415,14555,0.001024,0.74393599999999993,,0.032768,0.087296,0,0.068864,0.003328,0.012288,,0.002304,,1.601024
7723,56.892774496882083,19072453932192,1,5.4898951202631,5.1403,4.741376,0.5992,14555,0.001024,0.741632,,0.03328,0.08448,0,0.06656,0.007424,0.011519999999999999,,0.002304,,1.60128
7724,56.897551197562358,19072453983595,1,4.7767008654773235,5.9625,0.034048,1.9329,14555,0.0012799999999999999,0.739584,,0.033024,0.0832,0,0.064767999999999992,0.010239999999999999,0.013568,,0.002304,,1.618944
7725,56.902316496598637,19072454043220,1,4.7652991488575935,3.7447,4.758784,2.2572,14555,0.001024,0.736,,0.03328,0.084735999999999992,0,0.06656,0.0076799999999999993,0.012288,,0.002048,,1.60128
7726,56.907574900793648,19072454080667,1,5.2584041841328144,5.6785,4.734208,2.7357,14555,0.001024,0.74803199999999992,,0.032768,0.08576,0.000256,0.067583999999999991,0.003328,0.012032,,0.002304,,1.597184
7727,56.912352402210885,19072454137452,1,4.7775013372302055,5.2048,4.695296,2.1559,14555,0.0012799999999999999,0.744448,,0.033535999999999996,0.091136,0,0.07168,0.007168,0.0097279999999999988,,0.003072,,1.6017919999999999
7728,56.917075,19072454189500,1,4.7225980088114738,4.1628,4.76544,1.7871,14555,0.001024,0.745216,,0.033024,0.087551999999999991,0,0.069632,0.003328,0.014848,,0.002304,,1.59872
7729,56.921838895975057,19072454231128,1,4.7638961113989353,5.2021,4.692224,2.2915,14555,0.001024,0.73471999999999993,,0.033024,0.086784,0,0.068608,0.003584,0.014591999999999999,,0.002048,,1.60128
7730,56.926602501417229,19072454283149,1,4.7636055387556553,4.9675,4.749568,1.7704,14555,0.0012799999999999999,0.742912,,0.033024,0.08576,0.000256,0.067583999999999991,0.007424,0.012032,,0.0025599999999999998,,1.595904
7731,56.931358701814055,19072454332824,1,4.7562005929648876,4.5624,4.744192,1.9857,14555,0.001024,0.740096,,0.032768,0.085504,0,0.067328,0.003328,0.013312,,0.002048,,1.599232
7732,56.936127799036278,19072454378448,1,4.7690970823168755,4.9111,4.735232,2.1885,14555,0.001024,0.737536,,0.032768,0.087296,0,0.069376,0.0076799999999999993,0.014591999999999999,,0.002304,,1.595904
7733,56.940897101757365,19072454427559,1,4.7693029046058655,4.4786,4.73728,1.8939,14555,0.001024,0.744192,,0.03328,0.085504,0,0.067071999999999993,0.007424,0.013824,,0.0025599999999999998,,1.5951359999999999
7734,56.945639002267569,19072454472345,1,4.7419006004929543,5.188,4.747264,1.7874,14555,0.001024,0.73471999999999993,,0.033024,0.08448,0.000256,0.06656,0.0076799999999999993,0.013312,,0.002304,,1.595648
7735,56.950398901643986,19072454524225,1,4.759899340569973,4.2758,4.72576,1.7428,14555,0.001024,0.744448,,0.032768,0.08524799999999999,0,0.067071999999999993,0.007424,0.014591999999999999,,0.002048,,1.5951359999999999
7736,56.955166000566891,19072454566983,1,4.7670989297330379,4.9481,4.740352,2.2834,17280,0.001024,0.744448,,0.032768,0.08524799999999999,0,0.067071999999999993,0.007424,0.014591999999999999,,0.002048,,1.5951359999999999
7737,56.960265596655326,19072454616464,1,5.0995959900319576,5.0639,4.742912,2.0575,14555,0.001024,0.748544,,0.033024,0.0832,0,0.064767999999999992,0.0076799999999999993,0.012799999999999999,,0.002304,,1.599232
7738,56.965007801870748,19072454667103,1,4.7422051429748535,4.7574,5.08288,2.1718,14555,0.0012799999999999999,0.73395199999999994,,0.033024,0.087551999999999991,0,0.06912,0.003328,0.014591999999999999,,0.002304,,1.810176
7739,56.970058000283444,19072454714677,1,5.0501986406743526,4.6786,4.710656,2.3754,14555,0.001024,0.74112,,0.03328,0.084735999999999992,0,0.066304,0.003328,0.013312,,0.002304,,1.5964159999999998
7740,56.9748170989229,19072454761463,1,4.759098868817091,5.1184,5.038848,1.8635,14757,0.000768,0.739328,,0.040959999999999996,0.083968,0,0.065792,0.003328,0.010496,,0.002304,,1.596928
7741,56.979615199829929,19072454812647,1,4.798100795596838,4.4424,4.744192,1.763,20997,0.0012799999999999999,0.741888,,0.032768,0.08524799999999999,0,0.067071999999999993,0.003072,0.014591999999999999,,0.002304,,1.599488
7742,56.98474280045351,19072454857071,1,5.1276003941893578,4.9006,4.763648,2.3325,14555,0.001024,0.74496,,0.033024,0.08294399999999999,0,0.065024,0.0076799999999999993,0.012288,,0.002304,,1.6015359999999998
7743,56.9901420989229,19072454906077,1,5.3992983885109425,4.7581,4.70784,2.2725,14555,0.001024,0.736256,,0.03328,0.084735999999999992,0.000256,0.066304,0.003072,0.012032,,0.002304,,1.6130559999999998
7744,56.994831200396824,19072454953658,1,4.6891015954315662,6.4892,4.689664,1.9956,14750,0.001024,0.736768,,0.03328,0.080896,0.000256,0.06272,0.008704,0.010752,,0.003072,,1.5979519999999998
7745,56.999548596938773,19072455018550,1,4.7173965722322464,3.8511,4.66816,1.9531,14555,0.001024,0.733184,,0.03328,0.091392,0,0.071424,0.003328,0.014591999999999999,,0.002304,,1.6030719999999998
7746,57.004305902777773,19072455057061,1,4.7573056071996689,5.2314,4.71424,2.1684,14555,0.001024,0.73881599999999992,,0.033024,0.086784,0.000256,0.068608,0.003328,0.012544,,0.002048,,1.600256
7747,57.009073001700678,19072455109375,1,4.7670989297330379,4.979,4.7296,1.8331,14555,0.0012799999999999999,0.734976,,0.033024,0.08524799999999999,0,0.066304,0.003328,0.012544,,0.002048,,1.606144
7748,57.013838102324257,19072455159165,1,4.7651007771492,4.2171,4.744704,2.1717,14555,0.001024,0.74112,,0.033024,0.086528,0,0.068096,0.00896,0.013568,,0.002048,,1.598976
7749,57.018575602324262,19072455201336,1,4.7375001013278961,4.6074,4.740096,2.0329,14555,0.001024,0.74368,,0.033024,0.084224,0.000256,0.065536,0.004096,0.013312,,0.002048,,1.5999999999999999
7750,57.023363796768706,19072455247410,1,4.7881943173706532,5.4989,4.724224,2.2066,14555,0.001024,0.736768,,0.033024,0.08448,0,0.066304,0.010496,0.014079999999999999,,0.002048,,1.59872
7751,57.028071400226757,19072455302399,1,4.7076032496988773,4.7686,4.749056,2.0648,14555,0.001024,0.742912,,0.033024,0.08448,0.000256,0.066048,0.007424,0.013056,,0.002304,,1.60384
7752,57.032862202380947,19072455350085,1,4.7908020205795765,4.1512,4.692736,2.3436,14555,0.001024,0.740352,,0.032512,0.084735999999999992,0,0.067328,0.007936,0.013312,,0.002304,,1.5936
7753,57.037639299886621,19072455391597,1,4.77709760889411,5.4588,4.7744,1.7827,14555,0.003072,0.74726399999999993,,0.034048,0.087551999999999991,0.000256,0.068096,0.007936,0.011519999999999999,,0.002304,,1.5982079999999999
7754,57.042386996882087,19072455446185,1,4.747697152197361,4.1069,4.763392,1.9528,14555,0.001024,0.738304,,0.033024,0.084735999999999992,0.000256,0.066816,0.007424,0.013312,,0.0025599999999999998,,1.5966719999999999
7755,57.047168197278907,19072455487254,1,4.7812005504965782,4.9494,4.719872,1.9902,14555,0.001024,0.738304,,0.033535999999999996,0.081919999999999993,0,0.063744,0.007936,0.013312,,0.002304,,1.602816
7756,57.052062599206344,19072455536748,1,4.894401878118515,4.8601,4.755968,1.8825,14555,0.001024,0.74496,,0.033024,0.083968,0,0.066048,0.007424,0.015616,,0.002304,,1.597184
7757,57.056846797052152,19072455585349,1,4.7841980122029781,4.9822,4.871168,1.7982,14555,0.001024,0.73651199999999994,,0.033024,0.08524799999999999,0,0.066816,0.007424,0.012544,,0.002304,,1.6168959999999999
7758,57.061566397392291,19072455635171,1,4.7196005471050739,4.0657,4.747264,2.4114,14555,0.001024,0.737024,,0.033024,0.087296,0,0.06912,0.007424,0.013568,,0.002304,,1.60128
7759,57.06635350056689,19072455675828,1,4.7871032729744911,4.8872,4.711424,1.8207,14555,0.001024,0.74316799999999994,,0.033024,0.094975999999999991,0,0.074752,0.003072,0.013824,,0.002304,,1.602816
7760,57.071128500566893,19072455724700,1,4.7749998047947884,5.3802,4.764416,1.8249,14555,0.001024,0.735744,,0.033024,0.086784,0,0.068352,0.007424,0.013312,,0.002304,,1.602304
7761,57.075838796768707,19072455778502,1,4.710296168923378,4.4567,4.75264,1.8675,14757,0.001024,0.747776,,0.03328,0.083712,0,0.065279999999999991,0.007424,0.012288,,0.002304,,1.601024
7762,57.0808339994331,19072455823069,1,4.9952026456594467,4.5193,4.674816,2.3578,14555,0.001024,0.734208,,0.033024,0.084992,0,0.06656,0.003328,0.011776,,0.002048,,1.599232
7763,57.085581001984124,19072455868262,1,4.7470023855566978,5.5168,4.744704,1.8264,14555,0.001024,0.758784,,0.033535999999999996,0.083712,0.000256,0.065279999999999991,0.007936,0.012032,,0.002304,,1.5948799999999999
7764,57.090337896825396,19072455923430,1,4.7568948939442635,4.1632,4.7232,2.3141,14555,0.001024,0.741888,,0.033024,0.083712,0,0.065536,0.003328,0.013312,,0.002304,,1.5979519999999998
7765,57.095066099773241,19072455965062,1,4.7282031737267971,4.7919,4.73472,1.8974,14555,0.001024,0.74547199999999991,,0.03328,0.084992,0.000256,0.066816,0.007424,0.011776,,0.002304,,1.59744
7766,57.099944897959183,19072456012981,1,4.87879803404212,5.0801,4.702976,1.9205,14555,0.001024,0.739328,,0.033024,0.083712,0,0.065279999999999991,0.004352,0.012288,,0.002304,,1.5964159999999998
7767,57.104699496882084,19072456063782,1,4.754598718136549,4.2695,4.868864,1.758,14555,0.001024,0.748288,,0.032768,0.084992,0.000256,0.066816,0.003072,0.013312,,0.002304,,1.5966719999999999
7768,57.109505498866213,19072456106477,1,4.8060021363198757,5.2899,4.709888,2.8131,14607,0.001024,0.73804799999999993,,0.032768,0.083456,0,0.065279999999999991,0.003328,0.012032,,0.002304,,1.602816
7769,57.114269897959183,19072456159376,1,4.7643990255892277,4.3454,4.792064,2.0077,14555,0.0012799999999999999,0.73983999999999994,,0.033024,0.086016,0.000256,0.067071999999999993,0.007424,0.012288,,0.002304,,1.595904
7770,57.119082199546483,19072456202830,1,4.8123016022145748,4.8627,4.740864,1.9999,14555,0.001024,0.73804799999999993,,0.033024,0.082431999999999991,0,0.064256,0.007424,0.012799999999999999,,0.002304,,1.60256
7771,57.12387760062358,19072456251457,1,4.7954008914530277,5.0184,4.797952,2.1098,14555,0.0012799999999999999,0.74393599999999993,,0.03328,0.086016,0,0.06784,0.006144,0.014336,,0.002304,,1.600512
7772,57.128640398242631,19072456301641,1,4.7627976164221764,4.8528,4.770048,1.8966,14555,0.001024,0.737024,,0.033024,0.08576,0,0.067071999999999993,0.003072,0.012544,,0.002304,,1.602048
7773,57.133409998582763,19072456350169,1,4.7696004621684551,4.9548,4.73216,1.9138,64281,0.001024,0.734464,,0.033024,0.082431999999999991,0.000256,0.064,0.0076799999999999993,0.013312,,0.002304,,1.5997439999999998
7774,57.138333801020408,19072456399717,1,4.9238023348152637,4.4374,4.757504,2.0459,14555,0.001024,0.7488,,0.033024,0.084992,0,0.06656,0.007168,0.013312,,0.002304,,1.600768
7775,57.143552699829932,19072456444091,1,5.2188988775014877,5.0301,4.904704,0.5485,14555,0.001024,0.744192,,0.03328,0.084992,0,0.066816,0.003328,0.012544,,0.002304,,1.6202239999999999
7776,57.148265901360539,19072456494392,1,4.713201429694891,5.3778,0.034304,2.2948,14750,0.001024,0.737792,,0.03328,0.089855999999999991,0,0.07039999999999999,0.007424,0.012544,,0.002304,,1.6015359999999998
7777,57.152935196995465,19072456548170,1,4.6692956238985062,3.8687,4.685568,1.8939,14555,0.001024,0.732416,,0.033535999999999996,0.092416,0,0.072448,0.007936,0.012288,,0.002048,,1.6048639999999998
7778,57.157694097222219,19072456586857,1,4.7589000314474106,5.2892,4.659968,2.2735,14555,0.001024,0.73881599999999992,,0.03328,0.086784,0,0.068096,0.0076799999999999993,0.012288,,0.002304,,1.5984639999999999
7779,57.162484899376416,19072456639749,1,4.7908020205795765,5.1691,4.74368,1.9895,14555,0.001024,0.745216,,0.03328,0.083712,0.000256,0.065792,0.007424,0.013056,,0.002304,,1.600256
7780,57.167203897392291,19072456691440,1,4.7189979813992977,4.2423,4.750848,1.8206,14555,0.001024,0.74496,,0.03328,0.087551999999999991,0,0.069376,0.0076799999999999993,0.015359999999999999,,0.002048,,1.600256
7781,57.173027097505667,19072456733863,1,5.8232001028954983,4.9589,4.68992,3.0092,14555,0.001024,0.734976,,0.033024,0.085504,0,0.067071999999999993,0.007424,0.013568,,0.002304,,1.6030719999999998
7782,57.178753599773238,19072456783452,1,5.7265022769570351,5.5093,4.980736,2.4744,14757,0.001024,0.74496,,0.03328,0.087296,0.000256,0.068352,0.007424,0.011776,,0.002304,,1.8623999999999998
7783,57.184090901360541,19072456838545,1,5.337301641702652,4.704,5.703424,2.2203,14555,0.001024,0.73983999999999994,,0.033791999999999996,0.0896,0.000256,0.069887999999999992,0.007424,0.013568,,0.002304,,2.145536
7784,57.1893917020975,19072456885585,1,5.3008007816970348,5.7263,5.310976,2.2693,14555,0.001024,0.748288,,0.03328,0.084735999999999992,0,0.066816,0.003072,0.012288,,0.002304,,2.12992
7785,57.195014597505669,19072456942848,1,5.6228954344987869,5.7875,5.284864,1.9171,14555,0.001024,0.743424,,0.033535999999999996,0.084735999999999992,0,0.06656,0.0076799999999999993,0.011519999999999999,,0.002304,,1.812736
7786,57.200200099206349,19072457000723,1,5.1855016499757767,4.957,5.597952,2.1981,14555,0.001024,0.732416,,0.03968,0.087296,0,0.067583999999999991,0.0076799999999999993,0.016128,,0.002304,,1.7702399999999998
7787,57.205436897675732,19072457050293,1,5.23679843172431,5.5973,5.169664,2.4363,14555,0.001024,0.744448,,0.033535999999999996,0.087039999999999992,0,0.068864,0.007424,0.014848,,0.002048,,1.8496
7788,57.210727196712014,19072457106266,1,5.2902991883456707,5.8515,5.225216,2.0383,14555,0.001024,0.74624,,0.034304,0.0896,0.000256,0.07039999999999999,0.0038399999999999997,0.011519999999999999,,0.002304,,1.862144
7789,57.216187202380951,19072457164781,1,5.4600057192146778,4.7159,5.261824,2.3609,14555,0.001024,0.74624,,0.03328,0.08448,0,0.065792,0.003584,0.012544,,0.002048,,1.8775039999999998
7790,57.221227699829932,19072457211940,1,5.0404975190758705,5.3487,5.446144,2.3284,14555,0.001024,0.73881599999999992,,0.034048,0.086528,0,0.068096,0.0076799999999999993,0.013312,,0.002304,,1.8557439999999998
7791,57.2261343962585,19072457265427,1,4.9066962674260139,5.348,5.022464,2.0675,14555,0.001024,0.74470399999999992,,0.033024,0.08576,0,0.067583999999999991,0.0076799999999999993,0.011519999999999999,,0.002304,,1.615872
7792,57.231702097505668,19072457318907,1,5.5677010677754879,5.4606,4.8832,1.7167,14555,0.001024,0.73215999999999992,,0.033024,0.082431999999999991,0,0.064512,0.007424,0.012288,,0.002304,,1.5984639999999999
7793,57.236481802721087,19072457373513,1,4.7797053121030331,4.375,5.545728,1.9684,14555,0.001024,0.74393599999999993,,0.03456,0.086272,0.000256,0.068352,0.003328,0.013824,,0.002048,,1.774848
7794,57.241596201814055,19072457417263,1,5.1143988966941833,5.2812,4.762368,2.1522,14555,0.0012799999999999999,0.74547199999999991,,0.033024,0.086528,0,0.068352,0.003328,0.012032,,0.002304,,1.59744
7795,57.246869401927434,19072457470075,1,5.2732001058757305,6.0402,5.096448,2.4256,14555,0.001024,0.74112,,0.032768,0.085504,0,0.066304,0.003072,0.012799999999999999,,0.002304,,1.5982079999999999
7796,57.252204896541947,19072457530477,1,5.3354944102466106,5.1522,5.248,2.2211,14555,0.001024,0.75391999999999992,,0.034304,0.084224,0,0.065792,0.003072,0.010752,,0.0025599999999999998,,1.5930879999999998
7797,57.2576669005102,19072457581999,1,5.4620038717985153,4.6732,5.312768,2.1379,14555,0.001024,0.741632,,0.033024,0.082688,0.000256,0.064767999999999992,0.177664,0.014336,,0.002304,,1.7607679999999999
7798,57.262956696428567,19072457628731,1,5.289795808494091,4.648,5.438976,1.9232,14555,0.001024,0.73856,,0.03328,0.0896,0.000256,0.069376,0.0076799999999999993,0.013568,,0.002048,,2.006528
7799,57.268127501417233,19072457675211,1,5.1708049140870571,5.7557,5.25056,2.0877,14555,0.001024,0.744192,,0.033024,0.08294399999999999,0,0.065279999999999991,0.007424,0.013056,,0.002048,,1.856768
7800,57.273109197845805,19072457732768,1,4.981696605682373,5.4495,5.17632,2.0873,14555,0.001024,0.740352,,0.032768,0.082431999999999991,0,0.064512,0.003072,0.012032,,0.002304,,2.110208
7801,57.27871199688208,19072457787263,1,5.6027988903224468,5.5009,4.953856,2.128,14757,0.001024,0.736,,0.03328,0.083456,0.000256,0.065792,0.003072,0.015359999999999999,,0.002048,,1.856512
7802,57.283911096938773,19072457842272,1,5.1990998908877373,4.8432,5.584896,2.6935,14555,0.001024,0.737024,,0.033535999999999996,0.086272,0.000256,0.067583999999999991,0.003328,0.013824,,0.002048,,2.078464
7803,57.289172200963719,19072457890704,1,5.2611040882766247,5.3343,5.176576,2.1418,43195,0.001024,0.739328,,0.033791999999999996,0.092928,0,0.073472,0.003328,0.013312,,0.002304,,1.839872
7804,57.294480498866214,19072457944047,1,5.3082979284226894,5.5327,5.24032,1.8445,14555,0.001024,0.732672,,0.033024,0.084735999999999992,0,0.066304,0.003584,0.011519999999999999,,0.002048,,2.143744
7805,57.299942701247161,19072457999374,1,5.4622022435069084,5.2878,5.285888,2.8167,14750,0.001024,0.74752,,0.03328,0.084735999999999992,0.000256,0.06656,0.007424,0.014848,,0.002304,,1.8959359999999998
7806,57.3050762967687,19072458052252,1,5.1335953176021576,5.5214,5.43616,2.1587,14555,0.001024,0.75903999999999994,,0.035072,0.081152,0.000256,0.062208,0.0076799999999999993,0.012032,,0.0025599999999999998,,1.861888
7807,57.310374702380948,19072458107466,1,5.2984054200351238,4.7673,4.851968,2.2414,14607,0.001024,0.743424,,0.033024,0.08294399999999999,0,0.064512,0.003328,0.013824,,0.002048,,1.598976
7808,57.315948100907029,19072458155139,1,5.5733984336256981,5.7485,5.049344,2.2899,14555,0.001024,0.743424,,0.034304,0.0832,0,0.065024,0.003328,0.010239999999999999,,0.0025599999999999998,,1.59872
7809,57.321331597222219,19072458212624,1,5.3834961727261543,4.9835,5.538048,1.8411,14555,0.001024,0.736256,,0.034304,0.0832,0.000256,0.065024,0.003072,0.013824,,0.002304,,1.781504
7810,57.3263248015873,19072458262459,1,4.9932044930756092,4.8736,5.367552,1.8645,14555,0.001024,0.746752,,0.034304,0.08576,0,0.067328,0.005888,0.012799999999999999,,0.002304,,1.5997439999999998
7811,57.331482100340132,19072458311195,1,5.1572988741099834,5.7307,4.969216,2.0621,14555,0.001024,0.741888,,0.033024,0.08524799999999999,0,0.06656,0.009472,0.012032,,0.002304,,1.597696
7812,57.336762599206345,19072458368502,1,5.280498880892992,5.1926,4.985344,2.3237,14555,0.001024,0.73881599999999992,,0.034304,0.086272,0,0.06784,0.007424,0.013824,,0.002304,,1.5951359999999999
7813,57.342000899943308,19072458420428,1,5.2383006550371647,5.2268,5.24672,2.5827,14555,0.001024,0.74752,,0.033024,0.33561599999999997,0,0.066304,0.0076799999999999993,0.012288,,0.002048,,1.6883199999999998
7814,57.347230102040811,19072458472696,1,5.2292020991444588,5.0403,5.225472,2.1195,14555,0.001024,0.74214399999999991,,0.03328,0.09088,0,0.070656,0.0076799999999999993,0.014336,,0.002304,,1.5997439999999998
7815,57.352418601190472,19072458523099,1,5.1884991116821766,5.6732,5.208832,2.2148,14555,0.001024,0.748288,,0.033024,0.08576,0.000256,0.067583999999999991,0.003072,0.012288,,0.002048,,1.592576
7816,57.357797200963716,19072458579831,1,5.3785997442901134,4.8768,5.164032,1.927,14555,0.001024,0.741888,,0.03456,0.084224,0,0.065792,0.006144,0.011776,,0.002048,,1.59616
7817,57.362940199829929,19072458628599,1,5.14299888163805,5.403,5.354496,2.0344,14555,0.001024,0.74137599999999992,,0.034304,0.08576,0,0.068096,0.009472,0.012799999999999999,,0.002304,,1.7520639999999998
7818,57.368073901643989,19072458682629,1,5.1337019540369511,5.0873,5.131776,1.8194,14555,0.001024,0.73983999999999994,,0.033024,0.086784,0,0.068608,0.003328,0.014336,,0.002304,,1.767936
7819,57.373415199829928,19072458733502,1,5.3412984125316143,5.2267,5.13152,2.3155,14555,0.001024,0.73395199999999994,,0.033024,0.084735999999999992,0,0.06656,0.003072,0.013312,,0.0025599999999999998,,1.7587199999999998
7820,57.378849199263037,19072458785769,1,5.4339994676411152,5.2864,5.320704,2.1446,14902,0.001024,0.726784,,0.036351999999999995,0.08806399999999999,0,0.068608,0.0076799999999999993,0.013056,,0.002048,,1.7707519999999999
7821,57.38430379818594,19072458838633,1,5.4545989260077477,5.0785,5.416704,2.2509,64281,0.001024,0.73804799999999993,,0.034816,0.083456,0.000256,0.065792,0.005376,0.014591999999999999,,0.002048,,1.862912
7822,57.3904762967687,19072458889418,1,6.1724986881017685,5.3871,5.435136,2.5876,14555,0.0012799999999999999,0.74214399999999991,,0.033535999999999996,0.0832,0,0.065279999999999991,0.008704,0.013312,,0.002304,,2.098432
7823,57.397088399943307,19072458943289,1,6.6121029667556286,6.0759,5.185536,0.845,14555,0.001024,0.740864,,0.033791999999999996,0.08448,0,0.066048,0.004096,0.013568,,0.0025599999999999998,,1.878272
7824,57.402025899943311,19072459004048,1,4.9375002272427082,6.9349,0.043008,2.837,14555,0.001024,0.74316799999999994,,0.033024,0.084735999999999992,0.000256,0.065792,0.003328,0.012032,,0.002304,,2.3065599999999997
7825,57.408149900793646,19072459073397,1,6.1240009963512421,4.9728,4.836864,2.9727,14555,0.001024,0.74649599999999994,,0.038655999999999996,0.090624,0,0.07039999999999999,0.003584,0.012032,,0.002048,,1.6166399999999999
7826,57.413437698412693,19072459123125,1,5.2877976559102535,6.6614,5.081856,2.1552,14555,0.001024,0.756224,,0.03584,0.08832,0.000256,0.068864,0.0076799999999999993,0.012032,,0.0025599999999999998,,1.5997439999999998
7827,57.419003302154195,19072459189739,1,5.5656037293374538,4.5948,5.273344,2.7753,14555,0.001024,0.734208,,0.032768,0.087551999999999991,0.000256,0.068864,0.007424,0.014336,,0.002304,,1.8823679999999998
7828,57.424276700680267,19072459235687,1,5.2733984775841236,6.4709,5.360896,2.5626,14555,0.001024,0.75008,,0.033791999999999996,0.301568,0,0.283136,0.003072,0.011264,,0.0025599999999999998,,1.7535999999999998
7829,57.429515001417229,19072459300396,1,5.2383006550371647,5.0206,5.264384,2.5922,14555,0.001024,0.74752,,0.033024,0.083456,0,0.065279999999999991,0.003328,0.012544,,0.002304,,1.597696
7830,57.434821102607707,19072459350602,1,5.3061014041304588,5.4978,5.215744,2.3635,14555,0.001024,0.74649599999999994,,0.033024,0.080896,0.000256,0.062464,0.0038399999999999997,0.011776,,0.002304,,1.869824
7831,57.4402829010771,19072459405580,1,5.4617985151708126,5.1074,5.285376,2.5546,14555,0.001024,0.739328,,0.032512,0.083456,0.000256,0.065279999999999991,0.003328,0.013056,,0.002048,,1.847808
7832,57.445550701530607,19072459456654,1,5.26780029758811,5.1772,5.394688,2.3272,14555,0.001024,0.74752,,0.03328,0.086528,0.000256,0.068352,0.003328,0.011519999999999999,,0.002048,,2.090496
7833,57.450839498299317,19072459508426,1,5.2887969650328159,5.559,5.290752,2.5586,14750,0.001024,0.74470399999999992,,0.03328,0.086528,0,0.067583999999999991,0.003328,0.014336,,0.002304,,2.0139519999999997
7834,57.456731398809524,19072459564016,1,5.891900509595871,5.1103,5.255168,2.8842,14555,0.001024,0.741888,,0.033535999999999996,0.082176,0.000256,0.064,0.007424,0.012288,,0.002304,,1.8828799999999999
7835,57.462351502267573,19072459615119,1,5.62010332942009,6.0574,5.404928,2.5889,14555,0.001024,0.74905599999999994,,0.033535999999999996,0.08294399999999999,0,0.064767999999999992,0.00896,0.011519999999999999,,0.002304,,1.848576
7836,57.468238499149656,19072459675693,1,5.8869970962405205,5.2346,5.257472,2.7329,14555,0.0012799999999999999,0.75776,,0.034048,0.083456,0,0.065536,0.007936,0.011776,,0.002816,,1.883904
7837,57.47341500141723,19072459728039,1,5.1765022799372673,6.5149,5.307648,2.6156,14555,0.001024,0.75571199999999994,,0.033535999999999996,0.084735999999999992,0,0.066816,0.0076799999999999993,0.010752,,0.0025599999999999998,,1.8339839999999998
7838,57.479296102607705,19072459793188,1,5.8811013586819172,5.2174,5.170688,2.7611,17753,0.001024,0.737024,,0.03328,0.082431999999999991,0.000256,0.064,0.009216,0.010239999999999999,,0.0025599999999999998,,1.888256
7839,57.484850496031747,19072459845362,1,5.5543933995068073,5.7535,5.34784,2.7203,18001,0.001024,0.754432,,0.033791999999999996,0.082176,0.000256,0.064256,0.003584,0.011776,,0.002304,,1.8375679999999999
7840,57.490530102040815,19072459902897,1,5.67960599437356,5.0715,4.967936,2.94,14555,0.001024,0.737792,,0.033024,0.086784,0,0.068608,0.007424,0.013824,,0.002304,,1.8675199999999998
7841,57.495796400226752,19072459953612,1,5.2662980742752552,6.1959,5.234688,2.2467,14555,0.001024,0.74803199999999992,,0.03328,0.082688,0,0.064512,0.003584,0.010239999999999999,,0.002304,,1.84448
7842,57.501488201530613,19072460015571,1,5.6918011978268623,4.8813,5.187328,2.7079,14555,0.003328,0.73062399999999994,,0.032512,0.084224,0,0.066048,0.003072,0.012799999999999999,,0.002304,,1.8373119999999998
7843,57.506969097222218,19072460064384,1,5.48089575022459,5.707,5.392128,2.8042,14555,0.0012799999999999999,0.74547199999999991,,0.033535999999999996,0.082176,0,0.063232,0.007424,0.010496,,0.0025599999999999998,,2.119424
7844,57.512580902777778,19072460121454,1,5.6118057109415531,5.6736,5.35296,2.7806,14607,0.001024,0.7552,,0.033535999999999996,0.084735999999999992,0,0.066304,0.0076799999999999993,0.010496,,0.0025599999999999998,,2.0308479999999998
7845,57.518159098639451,19072460178190,1,5.5781956762075424,5.7491,5.297152,2.7831,14555,0.001024,0.754944,,0.034048,0.084992,0,0.066816,0.0097279999999999988,0.011776,,0.002816,,1.844736
7846,57.523453500566895,19072460235681,1,5.2944021299481392,5.505,5.404928,2.5593,14555,0.001024,0.75724799999999992,,0.034048,0.083456,0.000256,0.065024,0.011776,0.011264,,0.002304,,1.8327039999999999
7847,57.529330201247163,19072460290731,1,5.8767008595168591,5.0421,4.841216,3.0898,14555,0.001024,0.734208,,0.033024,0.087808,0.000256,0.069632,0.003584,0.012032,,0.002304,,1.6166399999999999
7848,57.53413619614512,19072460341152,1,4.8059946857392788,6.4001,4.712192,2.3648,14555,0.001024,0.747008,,0.032768,0.086016,0.000256,0.067583999999999991,0.003072,0.014336,,0.002304,,1.615872
7849,57.540122300170069,19072460405153,1,5.9861042536795139,5.0137,4.684032,2.7265,14555,0.001024,0.747008,,0.032768,0.086016,0.000256,0.067583999999999991,0.003072,0.014336,,0.002304,,1.615872
7850,57.54537570153061,19072460455290,1,5.2534015849232674,5.494,5.197056,2.8674,14555,0.001024,0.756736,,0.033535999999999996,0.081919999999999993,0,0.063744,0.0038399999999999997,0.010496,,0.002304,,1.8496
7851,57.550045096371882,19072460510230,1,4.6693948097527027,5.538,5.150976,2.1768,14555,0.001024,0.74905599999999994,,0.033535999999999996,0.080127999999999991,0,0.062464,0.003328,0.011776,,0.0025599999999999998,,1.85856
7852,57.554775,19072460565610,1,4.729903768748045,5.485,4.717568,1.9477,14555,0.001024,0.749568,,0.033791999999999996,0.08294399999999999,0,0.064512,0.003328,0.012288,,0.002304,,1.611008
7853,57.559736196145124,19072460620460,1,4.9611963331699371,4.5436,4.711936,2.1716,14555,0.001024,0.72550399999999993,,0.033024,0.08448,0,0.066048,0.007424,0.012799999999999999,,0.002304,,1.599488
7854,57.5645295989229,19072460665896,1,4.79340273886919,3.9816,4.892672,1.96,14555,0.001024,0.74060799999999993,,0.033024,0.086528,0,0.068352,0.0076799999999999993,0.014079999999999999,,0.002048,,1.5946239999999998
7855,57.5692373015873,19072460705712,1,4.7077024355530739,4.9819,4.788224,1.8778,14555,0.0012799999999999999,0.745984,,0.033024,0.082176,0.000256,0.064256,0.007424,0.012799999999999999,,0.002304,,1.5982079999999999
7856,57.574058297902489,19072460755531,1,4.8209964297711849,5.2367,4.723968,2.2601,14555,0.001024,0.74316799999999994,,0.033535999999999996,0.08832,0,0.069632,0.007424,0.014591999999999999,,0.002304,,1.594112
7857,57.5790077026644,19072460807898,1,4.9494048580527306,4.8861,4.762368,1.8606,14757,0.001024,0.758528,,0.033791999999999996,0.085504,0,0.066304,0.007424,0.012288,,0.0025599999999999998,,1.59872
7858,57.583725396825393,19072460856759,1,4.717694129794836,4.6193,4.970496,2.2908,14555,0.001024,0.743424,,0.039424,0.083456,0,0.065536,0.007424,0.013568,,0.002304,,1.596928
7859,57.588475496031741,19072460902952,1,4.7500990331172943,4.6448,4.704256,2.0476,14555,0.001024,0.73881599999999992,,0.03328,0.082176,0.000256,0.064,0.003328,0.012799999999999999,,0.002304,,1.5979519999999998
7860,57.593201899092968,19072460949400,1,4.7264029271900654,5.0678,4.733184,1.9244,14555,0.001024,0.742912,,0.033024,0.085504,0,0.067071999999999993,0.007424,0.012799999999999999,,0.002048,,1.596928
7861,57.597953599773241,19072461000078,1,4.7517009079456329,4.4716,4.71424,2.0263,14555,0.001024,0.75008,,0.033024,0.086016,0.000256,0.067583999999999991,0.003072,0.013056,,0.002304,,1.598976
7862,57.602889399092966,19072461044794,1,4.935799166560173,4.9732,4.725504,1.8485,14750,0.001024,0.734464,,0.033024,0.085504,0,0.067071999999999993,0.003072,0.013568,,0.002304,,1.599488
7863,57.60765369897959,19072461094526,1,4.7642998397350311,4.5501,4.918016,2.1213,14555,0.001024,0.73651199999999994,,0.033024,0.086272,0,0.068096,0.004352,0.012544,,0.002048,,1.595392
7864,57.612423200113376,19072461140027,1,4.7695012763142586,5.0889,4.7424,1.9692,14555,0.001024,0.742912,,0.033024,0.08294399999999999,0.000256,0.064767999999999992,0.009472,0.012032,,0.002304,,1.5979519999999998
7865,57.617155598072557,19072461190916,1,4.7323978506028652,4.904,4.748032,1.9536,14555,0.001024,0.744448,,0.033024,0.087039999999999992,0,0.068608,0.0063999999999999994,0.015359999999999999,,0.002304,,1.595904
7866,57.622065299036279,19072461239956,1,4.9097011797130108,4.9834,4.692736,2.365,14555,0.001024,0.74214399999999991,,0.03328,0.084992,0,0.06656,0.004096,0.013568,,0.002304,,1.5997439999999998
7867,57.626784098639455,19072461289790,1,4.7187996096909046,5.034,4.707072,1.7214,14555,0.001024,0.757504,,0.033791999999999996,0.083712,0.000256,0.065536,0.003328,0.011007999999999999,,0.0025599999999999998,,1.593856
7868,57.631571102607708,19072461340130,1,4.7870040871202946,3.8204,4.701696,1.9309,14555,0.001024,0.73651199999999994,,0.033024,0.084735999999999992,0,0.06656,0.003328,0.011519999999999999,,0.002048,,1.59616
7869,57.63632799744898,19072461378334,1,4.7568948939442635,5.1419,4.759808,2.1083,64281,0.001024,0.745216,,0.033024,0.085504,0,0.067071999999999993,0.006144,0.013568,,0.002048,,1.5966719999999999
7870,57.641047300170065,19072461429753,1,4.719302523881197,4.7763,4.74624,2.2624,14555,0.0012799999999999999,0.74624,,0.033024,0.08524799999999999,0,0.067328,0.003072,0.013824,,0.002304,,1.59744
7871,57.646642297335596,19072461477516,1,5.594997201114893,4.609,4.685824,0.561,14555,0.001024,0.734976,,0.033024,0.08448,0.000256,0.06656,0.003584,0.014079999999999999,,0.002048,,1.602048
7872,57.651605796485256,19072461523606,1,4.9634990282356739,5.5372,0.034304,2.219,14555,0.001024,0.745984,,0.03328,0.084735999999999992,0,0.067071999999999993,0.0076799999999999993,0.013312,,0.002304,,1.594368
7873,57.656360501700675,19072461578978,1,4.7547053545713425,4.0112,4.93056,1.9591,14555,0.001024,0.74752,,0.03328,0.084224,0.000256,0.066048,0.0076799999999999993,0.011519999999999999,,0.002048,,1.5964159999999998
7874,57.661026395975057,19072461619090,1,4.66589443385601,5.4639,4.744704,2.2005,14555,0.001024,0.740096,,0.032768,0.08524799999999999,0.000256,0.067071999999999993,0.007424,0.014591999999999999,,0.002304,,1.5984639999999999
7875,57.665873802437638,19072461673729,1,4.8474064096808434,5.1575,4.6336,2.1068,14555,0.001024,0.739072,,0.03328,0.086016,0.000256,0.067328,0.005632,0.015104,,0.002304,,1.6202239999999999
7876,57.671414101473921,19072461725304,1,5.540299229323864,5.014,4.714496,2.6883,14555,0.001024,0.745984,,0.033535999999999996,0.083712,0,0.065024,0.0076799999999999993,0.011519999999999999,,0.0025599999999999998,,1.611264
7877,57.676146598639455,19072461775444,1,4.7324970364570618,5.3133,4.722688,1.9737,14757,0.001024,0.748544,,0.03328,0.079615999999999992,0,0.060416,0.012032,0.012032,,0.0025599999999999998,,1.5936
7878,57.6811047973356,19072461828577,1,4.9581988714635372,4.5255,4.709632,2.5419,14555,0.001024,0.73395199999999994,,0.032768,0.08524799999999999,0,0.067583999999999991,0.007424,0.014591999999999999,,0.002304,,1.59744
7879,57.685866198979589,19072461873832,1,4.7614015638828278,5.1573,4.778496,1.9969,14555,0.001024,0.75315199999999993,,0.034048,0.088576,0.000256,0.068608,0.003584,0.012032,,0.002816,,1.594368
7880,57.690629400510204,19072461925405,1,4.7632013447582722,4.9167,4.730368,2.0421,14555,0.0012799999999999999,0.743424,,0.033024,0.083968,0,0.065792,0.0076799999999999993,0.013056,,0.002304,,1.6151039999999999
7881,57.695458397108844,19072461974572,1,4.8289964906871319,4.8067,4.743168,2.1242,14555,0.001024,0.74726399999999993,,0.033024,0.083968,0,0.066048,0.007424,0.011776,,0.002304,,1.615872
7882,57.700181101190473,19072462022639,1,4.72270417958498,5.1328,4.787456,2.1416,14555,0.001024,0.754944,,0.033791999999999996,0.084735999999999992,0,0.066816,0.005376,0.010752,,0.0025599999999999998,,1.5964159999999998
7883,57.705266000566894,19072462073967,1,5.0848992541432381,4.2221,4.700416,2.2587,14555,0.001024,0.74752,,0.033024,0.08576,0,0.067071999999999993,0.007424,0.014336,,0.002048,,1.607168
7884,57.710317701247163,19072462116188,1,5.0517008639872074,5.2536,4.772352,2.1564,14555,0.001024,0.748544,,0.03328,0.086272,0,0.06784,0.007424,0.010239999999999999,,0.002304,,1.59872
7885,57.715072902494327,19072462168724,1,4.7552012838423252,4.4572,5.039872,1.8771,14607,0.001024,0.74137599999999992,,0.03328,0.085504,0,0.067071999999999993,0.003072,0.013568,,0.002304,,1.5966719999999999
7886,57.720011699263033,19072462213296,1,4.938796628266573,4.8961,4.736768,2.1223,14555,0.001024,0.74137599999999992,,0.03328,0.085504,0,0.067071999999999993,0.003072,0.013568,,0.002304,,1.5966719999999999
7887,57.724738895975051,19072462262257,1,4.7271968796849251,4.6738,4.912384,1.8056,14555,0.001024,0.73651199999999994,,0.033024,0.08448,0,0.06656,0.003328,0.014336,,0.169728,,1.597184
7888,57.729864399092968,19072462308995,1,5.1255030557513237,5.291,4.700928,2.3378,14555,0.001024,0.73881599999999992,,0.032768,0.08524799999999999,0,0.066816,0.0051199999999999996,0.013312,,0.002304,,1.612544
7889,57.734541000566892,19072462361905,1,4.6766013838350773,5.4355,4.752128,2.4745,14555,0.001024,0.75391999999999992,,0.033535999999999996,0.084992,0,0.066304,0.007424,0.010239999999999999,,0.002304,,1.600512
7890,57.7395375,19072462416260,1,4.9964995123445988,4.4856,4.656384,2.5031,14555,0.001024,0.74547199999999991,,0.034048,0.087296,0,0.068864,0.0076799999999999993,0.011264,,0.002304,,1.5936
7891,57.744297902494331,19072462461116,1,4.7604027204215527,4.8323,4.749312,2.1545,14555,0.001024,0.75724799999999992,,0.033535999999999996,0.082688,0.000256,0.064,0.0076799999999999993,0.010239999999999999,,0.002304,,1.5964159999999998
7892,57.749056001984123,19072462509439,1,4.7580995596945286,4.7966,4.750592,1.9785,14555,0.001024,0.74752,,0.033024,0.084735999999999992,0,0.066304,0.008704,0.011776,,0.002048,,1.5979519999999998
7893,57.7539917020975,19072462557405,1,4.9356999807059765,4.9785,4.72704,2.0404,14750,0.001024,0.74752,,0.033024,0.084735999999999992,0,0.066304,0.008704,0.011776,,0.002048,,1.5979519999999998
7894,57.758820500283441,19072462607190,1,4.8287981189787388,4.2763,4.914176,1.8553,14555,0.001024,0.743424,,0.033024,0.086272,0,0.068352,0.003072,0.014848,,0.002304,,1.5982079999999999
7895,57.763748696145122,19072462649953,1,4.9281958490610123,5.8928,4.767744,2.0054,14555,0.001024,0.74393599999999993,,0.033024,0.083968,0,0.065792,0.007424,0.012288,,0.002304,,1.5951359999999999
7896,57.768549900793651,19072462708881,1,4.8012044280767441,4.0951,4.950528,2.1209,14555,0.001024,0.740352,,0.033024,0.08524799999999999,0,0.067071999999999993,0.003328,0.013568,,0.002304,,1.595648
7897,57.773466397392291,19072462749832,1,4.9164965748786926,4.7989,4.774144,2.1862,14555,0.001024,0.748544,,0.03328,0.086528,0,0.068352,0.003072,0.015359999999999999,,0.002304,,1.594368
7898,57.778255399659862,19072462797821,1,4.7890022397041321,4.8111,4.914176,1.9656,14757,0.001024,0.73727999999999994,,0.03328,0.083456,0,0.065536,0.003584,0.014079999999999999,,0.002048,,1.600512
7899,57.783007199546482,19072462845932,1,4.7518000937998295,4.9581,4.766976,2.089,14555,0.001024,0.74752,,0.033024,0.086016,0,0.068096,0.007424,0.013056,,0.0025599999999999998,,1.595648
7900,57.787784297052148,19072462895513,1,4.77709760889411,4.9274,4.723456,2.1772,14555,0.001024,0.747008,,0.033024,0.083712,0.000256,0.065279999999999991,0.003072,0.011776,,0.002304,,1.597696
7901,57.792546797052154,19072462944787,1,4.7625000588595867,5.0655,4.761344,2.2981,14555,0.001024,0.744192,,0.033024,0.08576,0,0.068096,0.007424,0.014336,,0.002048,,1.597184
7902,57.797292198129249,19072462995442,1,4.7454009763896465,4.612,4.734976,1.8845,14555,0.001024,0.740352,,0.033024,0.08448,0,0.066304,0.003072,0.012544,,0.002304,,1.59872
7903,57.802010898526078,19072463041562,1,4.7187004238367081,4.5412,4.720128,1.9441,14555,0.001024,0.744448,,0.033024,0.084224,0,0.066048,0.003328,0.015104,,0.002304,,1.595904
7904,57.80685399659864,19072463086974,1,4.8430981114506721,4.5153,4.69248,2.0357,14555,0.001024,0.736768,,0.033024,0.0832,0,0.064512,0.003072,0.013568,,0.002304,,1.602816
7905,57.811481901927436,19072463132127,1,4.6279053203761578,4.9937,4.743168,1.9217,14555,0.001024,0.740352,,0.033535999999999996,0.083456,0,0.065024,0.011007999999999999,0.013568,,0.002048,,1.617152
7906,57.8162341978458,19072463182064,1,4.7522960230708122,5.1908,4.691456,1.9923,14555,0.001024,0.737792,,0.033024,0.085504,0.000256,0.06656,0.003072,0.013312,,0.002304,,1.622272
7907,57.820984899376413,19072463233972,1,4.7507015988230705,4.8276,4.739072,1.8453,14555,0.001024,0.75801599999999991,,0.033535999999999996,0.081408,0,0.063232,0.003584,0.011264,,0.002304,,1.5999999999999999
7908,57.825722399376417,19072463282248,1,4.7375001013278961,4.2668,4.717312,1.8506,14555,0.0012799999999999999,0.74470399999999992,,0.03328,0.083712,0,0.065024,0.004352,0.013056,,0.002304,,1.599488
7909,57.830672696995464,19072463324916,1,4.9502975307404995,4.5139,4.713216,2.1058,14555,0.001024,0.743424,,0.03328,0.083712,0,0.065279999999999991,0.0076799999999999993,0.013056,,0.002048,,1.5946239999999998
7910,57.83540070153061,19072463370055,1,4.7280043363571167,5.0517,4.927232,2.0511,14555,0.001024,0.737792,,0.033024,0.084735999999999992,0,0.066304,0.007424,0.013312,,0.002048,,1.595648
7911,57.840943501984121,19072463420572,1,5.5428002960979939,4.7492,4.70144,2.1711,14555,0.001024,0.73344,,0.032768,0.08448,0.000256,0.066304,0.003328,0.015104,,0.002304,,1.5999999999999999
7912,57.845672597789111,19072463468064,1,4.729095846414566,5.4077,5.381888,2.4609,14555,0.001024,0.75468799999999991,,0.034048,0.08448,0,0.066048,0.0038399999999999997,0.010752,,0.002304,,2.0840959999999997
7913,57.850447902494331,19072463522141,1,4.7753048129379749,4.4527,4.708352,1.9514,14555,0.001024,0.743424,,0.03328,0.08524799999999999,0.000256,0.066816,0.003072,0.015104,,0.002304,,1.597184
7914,57.855203698979587,19072463566668,1,4.7557963989675045,5.5228,4.751616,1.8318,14555,0.001024,0.744192,,0.033024,0.082688,0.000256,0.064256,0.006912,0.015104,,0.002304,,1.595904
7915,57.859976601473917,19072463621896,1,4.7729024663567543,4.1522,4.720896,2.0608,14555,0.001024,0.74214399999999991,,0.032768,0.086528,0,0.068352,0.003328,0.012544,,0.002304,,1.599488
7916,57.864656901927432,19072463663418,1,4.68030059710145,5.4521,4.711168,1.9495,14555,0.001024,0.747008,,0.033024,0.081664,0,0.064,0.003328,0.012288,,0.002304,,1.599488
7917,57.869573596938771,19072463717939,1,4.9166949465870857,4.0121,4.684288,2.2453,14555,0.001024,0.744448,,0.033024,0.084224,0,0.066048,0.007936,0.012544,,0.002048,,1.60128
7918,57.874351799886618,19072463758060,1,4.7782030887901783,5.5711,4.726784,1.7364,14555,0.001024,0.744192,,0.033791999999999996,0.082431999999999991,0,0.064256,0.007424,0.012032,,0.0025599999999999998,,1.602048
7919,57.87911070011338,19072463813771,1,4.7589000314474106,3.991,4.758272,1.8844,14757,0.001024,0.73727999999999994,,0.032768,0.084224,0,0.065792,0.007424,0.013056,,0.002048,,1.6015359999999998
7920,57.883851296768704,19072463853681,1,4.7405967488884926,5.1182,4.736768,1.7328,14555,0.001024,0.744448,,0.032768,0.085504,0,0.067328,0.007424,0.014336,,0.002048,,1.6048639999999998
7921,57.8886549957483,19072463904863,1,4.8036989755928516,4.5956,4.707072,2.3505,64281,0.001024,0.746752,,0.033024,0.0832,0,0.065279999999999991,0.003328,0.013056,,0.002304,,1.5948799999999999
7922,57.893508397108839,19072463950819,1,4.8534013330936432,5.147,4.708352,2.4222,14555,0.001024,0.75468799999999991,,0.034048,0.08524799999999999,0.000256,0.067071999999999993,0.0063999999999999994,0.011264,,0.0025599999999999998,,1.599232
7923,57.899093700396826,19072464002289,1,5.58530306443572,4.5755,4.732672,0.6601,14555,0.001024,0.745728,,0.033024,0.081919999999999993,0,0.063488,0.0038399999999999997,0.010752,,0.0025599999999999998,,1.61792
7924,57.90381780045351,19072464048044,1,4.7241002321243286,5.7558,0.043264,2.1141,14555,0.001024,0.745728,,0.032768,0.083456,0.000256,0.065279999999999991,0.003072,0.013312,,0.002304,,1.60384
7925,57.908632801870745,19072464105602,1,4.8150015063583851,4.1512,4.699904,2.5431,14750,0.001024,0.736,,0.033024,0.086784,0.000256,0.068352,0.003072,0.013056,,0.002304,,1.599488
7926,57.913366702097505,19072464147114,1,4.73390007391572,5.0696,4.792576,2.2121,14555,0.001024,0.75315199999999993,,0.033791999999999996,0.09036799999999999,0,0.071168,0.004096,0.012288,,0.002304,,1.5984639999999999
7927,57.918112599206346,19072464197810,1,4.7458969056606293,4.6973,4.712448,2.1404,14607,0.001024,0.733184,,0.032768,0.085504,0,0.067328,0.007424,0.012288,,0.002304,,1.60128
7928,57.922889597505666,19072464244783,1,4.7769984230399132,5.2889,4.728576,2.2204,14555,0.001024,0.739072,,0.033024,0.086272,0,0.068096,0.003584,0.013312,,0.002304,,1.60128
7929,57.927689498299316,19072464297672,1,4.7999005764722824,4.6103,4.746752,1.9112,14555,0.001024,0.739328,,0.033024,0.084224,0,0.066304,0.0076799999999999993,0.016895999999999998,,0.002048,,1.600768
7930,57.932352600623581,19072464343775,1,4.6631023287773132,4.3306,4.695296,2.4773,14555,0.001024,0.739072,,0.033024,0.087039999999999992,0.000256,0.068608,0.003072,0.011264,,0.002304,,1.598976
7931,57.937085700113379,19072464387081,1,4.733099602162838,5.2908,4.72832,1.922,14555,0.001024,0.75264,,0.033535999999999996,0.083456,0,0.065024,0.003328,0.011264,,0.0025599999999999998,,1.6235519999999999
7932,57.941851197562357,19072464439989,1,4.7654975205659866,5.0191,4.706304,2.4089,14555,0.001024,0.747008,,0.03328,0.087039999999999992,0,0.068608,0.006144,0.013568,,0.002304,,1.59872
7933,57.94656029620181,19072464490180,1,4.7090984880924225,4.4512,4.749056,1.791,14555,0.001024,0.755456,,0.033535999999999996,0.084992,0,0.066304,0.003328,0.010752,,0.0025599999999999998,,1.6015359999999998
7934,57.951512096088436,19072464534692,1,4.9517997540533543,4.6073,4.681984,2.38,14555,0.001024,0.738304,,0.033024,0.08576,0,0.067583999999999991,0.003072,0.014079999999999999,,0.002304,,1.615872
7935,57.9562667020975,19072464580765,1,4.7546061687171459,5.0912,4.742656,2.2785,14555,0.001024,0.7488,,0.03328,0.082431999999999991,0.000256,0.064256,0.003584,0.011264,,0.002816,,1.618688
7936,57.961747696995459,19072464631677,1,5.4809949360787868,4.6496,4.729856,2.5866,14555,0.001024,0.73856,,0.033024,0.087551999999999991,0.000256,0.069376,0.0076799999999999993,0.013056,,0.002048,,1.600768
7937,57.966471201814059,19072464678173,1,4.723504651337862,5.2048,4.980224,2.6302,14555,0.001024,0.754944,,0.033535999999999996,0.08524799999999999,0,0.06656,0.0076799999999999993,0.010752,,0.002304,,1.8688
7938,57.971887996031747,19072464730221,1,5.4167942143976688,4.7919,4.684032,2.5854,14555,0.001024,0.741632,,0.033024,0.083712,0,0.064512,0.0038399999999999997,0.010496,,0.002304,,1.6133119999999999
7939,57.976598802437643,19072464778140,1,4.7108065336942673,5.8627,4.723456,2.4465,14757,0.001024,0.73983999999999994,,0.033024,0.084992,0,0.066304,0.003328,0.012544,,0.002304,,1.6163839999999998
7940,57.982271201814058,19072464836767,1,5.6723994202911854,4.2543,4.692992,2.9821,17551,0.001024,0.73983999999999994,,0.033024,0.084992,0,0.066304,0.003328,0.012544,,0.002304,,1.6163839999999998
7941,57.987014696712016,19072464879310,1,4.743495024740696,5.547,4.734976,1.5562,18001,0.001024,0.748544,,0.033535999999999996,0.082176,0,0.063744,0.005632,0.011776,,0.003072,,1.6181759999999998
7942,57.991778096655324,19072464934780,1,4.7633997164666653,4.2714,4.73216,1.7554,14555,0.0012799999999999999,0.745984,,0.033024,0.08576,0,0.06784,0.003328,0.013056,,0.002304,,1.595648
7943,57.996508602607705,19072464977494,1,4.7305058687925339,5.2345,4.73856,1.8163,14555,0.001024,0.742656,,0.032768,0.086784,0.000256,0.068608,0.003072,0.012799999999999999,,0.002304,,1.5984639999999999
7944,58.001251601473918,19072465029839,1,4.7429990954697132,4.7931,4.716544,1.8947,14555,0.001024,0.736256,,0.033024,0.08448,0,0.066304,0.003328,0.012544,,0.002304,,1.5966719999999999
7945,58.006026197562356,19072465077770,1,4.7745960764586926,5.1486,4.713728,2.513,14555,0.001024,0.74368,,0.03328,0.084992,0.000256,0.066816,0.003328,0.013568,,0.002304,,1.59744
7946,58.011424496882086,19072465129256,1,5.3982995450496674,4.5582,4.726016,2.7796,14555,0.001024,0.760064,,0.033535999999999996,0.08294399999999999,0,0.064512,0.003584,0.010752,,0.002304,,1.5946239999999998
7947,58.016067602040813,19072465174838,1,4.64310497045517,5.2299,4.79744,2.3395,14555,0.0012799999999999999,0.751616,,0.033535999999999996,0.08448,0.000256,0.06656,0.0076799999999999993,0.009984,,0.002816,,1.600512
7948,58.021106101190476,19072465227137,1,5.038499366492033,4.365,4.719616,2.4945,14555,0.001024,0.743424,,0.033024,0.08806399999999999,0,0.070144,0.007424,0.014336,,0.002304,,1.6133119999999999
7949,58.025814299886619,19072465270787,1,4.7081988304853439,5.6487,4.70528,2.3839,14555,0.001024,0.75776,,0.03328,0.081919999999999993,0,0.063744,0.003328,0.011519999999999999,,0.0025599999999999998,,1.59744
7950,58.031107001133783,19072465327274,1,5.292701069265604,4.8127,4.691712,2.5746,14555,0.001024,0.742912,,0.03328,0.083968,0,0.065536,0.0038399999999999997,0.011264,,0.0025599999999999998,,1.615872
7951,58.0358623015873,19072465375401,1,4.7553004696965218,5.1787,4.761344,2.2733,14555,0.001024,0.76032,,0.033535999999999996,0.082431999999999991,0,0.063744,0.003584,0.012032,,0.002304,,1.595904
7952,58.040977997448977,19072465427188,1,5.1156957633793354,4.5,4.717824,2.4582,14555,0.001024,0.745984,,0.033024,0.086272,0,0.06784,0.003584,0.013312,,0.002304,,1.597184
7953,58.04657210175737,19072465472188,1,5.594104528427124,5.1735,4.732672,2.6758,14555,0.001024,0.74905599999999994,,0.03328,0.08524799999999999,0,0.067071999999999993,0.007424,0.012032,,0.0025599999999999998,,1.5936
7954,58.051289299886619,19072465523923,1,4.7171982005238533,5.5931,4.76032,2.0062,14555,0.001024,0.754944,,0.033535999999999996,0.083712,0.000256,0.065536,0.0048639999999999994,0.011264,,0.002304,,1.592576
7955,58.056039002267575,19072465579854,1,4.7497022897005081,4.5777,4.699392,2.5986,14555,0.001024,0.74547199999999991,,0.033024,0.084224,0.000256,0.066048,0.0076799999999999993,0.011519999999999999,,0.002304,,1.599232
7956,58.061037400793651,19072465625631,1,4.99839847907424,5.0516,4.702208,2.4317,14750,0.001024,0.759296,,0.033791999999999996,0.080896,0.000256,0.06297599999999999,0.003584,0.010496,,0.002304,,1.6148479999999998
7957,58.065862797619047,19072465676147,1,4.8253969289362431,5.3809,4.699904,2.2594,14555,0.001024,0.755968,,0.033791999999999996,0.08448,0,0.066048,0.003328,0.011776,,0.003072,,1.599232
7958,58.071293197278912,19072465729956,1,5.4303994402289391,4.6975,4.695808,2.6187,14555,0.001024,0.75315199999999993,,0.03328,0.08294399999999999,0,0.065024,0.003328,0.010752,,0.0025599999999999998,,1.610752
7959,58.076019997165531,19072465776931,1,4.7267996706068516,5.1088,4.760832,2.0954,14757,0.001024,0.760064,,0.033791999999999996,0.084224,0,0.065536,0.0097279999999999988,0.011264,,0.0025599999999999998,,1.595392
7960,58.081078897392288,19072465828019,1,5.0589004531502724,4.0847,4.708864,2.6109,14555,0.001024,0.741632,,0.032768,0.08524799999999999,0.000256,0.067071999999999993,0.007424,0.012544,,0.002304,,1.597184
7961,58.085930796485258,19072465868866,1,4.8518991097807884,5.5757,4.741888,2.3756,14555,0.001024,0.748288,,0.03328,0.083968,0.000256,0.065792,0.0076799999999999993,0.012032,,0.002304,,1.59616
7962,58.091444196428569,19072465924623,1,5.5133998394012451,5.4411,4.721152,2.7562,14555,0.001024,0.750848,,0.033535999999999996,0.084224,0.000256,0.065536,0.007424,0.011519999999999999,,0.0025599999999999998,,1.618944
7963,58.096172597789113,19072465979034,1,4.72840154543519,5.0403,4.745984,2.1723,14555,0.001024,0.747776,,0.033535999999999996,0.08294399999999999,0.000256,0.064512,0.009984,0.011519999999999999,,0.0025599999999999998,,1.5997439999999998
7964,58.100974000850336,19072466029437,1,4.8014032654464245,4.4374,4.713472,2.184,14555,0.001024,0.737536,,0.033024,0.084735999999999992,0.000256,0.066304,0.003328,0.012544,,0.002304,,1.597184
7965,58.105903798185942,19072466073811,1,4.9297972582280636,5.2885,4.695552,2.283,14555,0.0012799999999999999,0.752128,,0.03328,0.084735999999999992,0,0.066048,0.003328,0.012032,,0.0025599999999999998,,1.6097279999999998
7966,58.110654095804989,19072466126696,1,4.7502974048256874,5.2026,4.699392,2.4656,14555,0.001024,0.760064,,0.033535999999999996,0.084992,0,0.06656,0.003584,0.011776,,0.002304,,1.5997439999999998
7967,58.115392998866213,19072466178722,1,4.7389031387865543,4.4467,4.740352,2.0752,14555,0.001024,0.75571199999999994,,0.03328,0.086016,0,0.06784,0.003584,0.012032,,0.0025599999999999998,,1.6017919999999999
7968,58.120114696712015,19072466223189,1,4.721697885543108,4.6085,4.70912,2.3891,14607,0.0012799999999999999,0.745216,,0.032768,0.086272,0,0.06784,0.007168,0.012799999999999999,,0.002304,,1.595648
7969,58.125086401643991,19072466269274,1,4.9717049114406109,4.869,4.698368,2.465,14555,0.001024,0.751872,,0.033535999999999996,0.08448,0,0.066304,0.0076799999999999993,0.011776,,0.002304,,1.59872
7970,58.129842602040817,19072466317964,1,4.7562005929648876,4.9427,4.742912,2.4481,14555,0.001024,0.752896,,0.03328,0.080896,0,0.062464,0.007936,0.011519999999999999,,0.002304,,1.593856
7971,58.1347341978458,19072466367391,1,4.8915958032011986,4.4724,4.736256,2.6107,14555,0.001024,0.744192,,0.033024,0.084224,0.000256,0.066048,0.007424,0.012799999999999999,,0.002304,,1.600512
7972,58.1396045989229,19072466412115,1,4.8704012297093868,5.0652,4.729856,2.3263,64281,0.001024,0.74470399999999992,,0.033535999999999996,0.082431999999999991,0,0.063744,0.0076799999999999993,0.011776,,0.002304,,1.594112
7973,58.144838201530611,19072466462767,1,5.2336025983095169,4.7875,4.6848,2.4575,14555,0.001024,0.740864,,0.03328,0.081919999999999993,0,0.063744,0.0038399999999999997,0.010239999999999999,,0.0025599999999999998,,1.597696
7974,58.150483999433106,19072466510642,1,5.6457980535924435,5.0367,4.68992,0.5772,14555,0.001024,0.745216,,0.033535999999999996,0.083456,0,0.065279999999999991,0.003328,0.011264,,0.002304,,1.600256
7975,58.155240199829933,19072466561009,1,4.7562005929648876,5.8857,0.034048,2.6085,14555,0.001024,0.74316799999999994,,0.032768,0.087551999999999991,0,0.06912,0.003072,0.013824,,0.002304,,1.860096
7976,58.159954301303856,19072466619866,1,4.7141015529632568,4.4238,4.724736,2.231,14555,0.001024,0.746752,,0.033024,0.083456,0,0.065024,0.003328,0.012799999999999999,,0.002304,,1.6015359999999998
7977,58.165394097222219,19072466664104,1,5.4397960193455219,5.2161,4.695552,2.837,14555,0.006912,0.74726399999999993,,0.033535999999999996,0.080639999999999989,0,0.062464,0.003328,0.010496,,0.0025599999999999998,,1.614336
7978,58.170133602607706,19072466716265,1,4.7395052388310432,5.342,4.783872,2.2617,14555,0.001024,0.757504,,0.033535999999999996,0.081408,0,0.063488,0.008192,0.011264,,0.002304,,1.599488
7979,58.175266801303856,19072466769685,1,5.1331985741853714,4.4859,4.680192,2.3359,14757,0.001024,0.734208,,0.03328,0.081919999999999993,0,0.063488,0.007168,0.012288,,0.002304,,1.600768
7980,58.180021598639456,19072466814544,1,4.7547975555062294,4.962,4.738048,2.4636,14555,0.001024,0.742912,,0.03328,0.08294399999999999,0.000256,0.064256,0.003072,0.011776,,0.002304,,1.615616
7981,58.185184601757371,19072466864164,1,5.1630032248795033,5.9611,4.74624,2.3084,14555,0.001024,0.759296,,0.033535999999999996,0.084992,0,0.066816,0.003584,0.009984,,0.0025599999999999998,,1.6181759999999998
7982,58.190644302721083,19072466923775,1,5.4597011767327785,4.5954,4.774912,2.558,14555,0.001024,0.756736,,0.033791999999999996,0.083968,0,0.065792,0.0076799999999999993,0.011776,,0.002304,,1.599488
7983,58.19593139880952,19072466969729,1,5.2870959043502808,4.2559,5.445376,2.6949,14555,0.001024,0.74393599999999993,,0.033024,0.08448,0,0.06656,0.003328,0.012544,,0.002304,,2.12352
7984,58.201186699263033,19072467012288,1,5.2553005516529083,5.1146,5.258752,2.6575,14555,0.001024,0.735744,,0.032768,0.08448,0,0.06656,0.00896,0.012799999999999999,,0.002048,,1.848064
7985,58.206446301020407,19072467063434,1,5.25960186496377,5.5743,5.232896,2.428,14555,0.001024,0.743424,,0.033535999999999996,0.087296,0,0.069632,0.008192,0.013056,,0.002304,,1.842944
7986,58.211830300453514,19072467119177,1,5.383999552577734,5.4003,5.236736,1.891,14750,0.001024,0.74316799999999994,,0.033535999999999996,0.08806399999999999,0,0.069887999999999992,0.008704,0.014591999999999999,,0.002304,,2.10176
7987,58.217364498299318,19072467173180,1,5.5341976694762707,5.2847,5.210624,2.6685,14555,0.0012799999999999999,0.73804799999999993,,0.03328,0.087296,0,0.068608,0.003072,0.014079999999999999,,0.002304,,1.87008
7988,58.223355598072558,19072467226027,1,5.9910998679697514,5.5406,5.51808,2.4849,14555,0.001024,0.75391999999999992,,0.034048,0.08448,0.000256,0.065792,0.003328,0.010239999999999999,,0.0025599999999999998,,1.612288
7989,58.228604896541945,19072467281433,1,5.2492986433207989,5.5048,5.969408,2.5626,14555,0.001024,0.739584,,0.034816,0.087808,0,0.068352,0.003072,0.016895999999999998,,0.0025599999999999998,,2.01344
7990,58.233900899943308,19072467336481,1,5.2960035391151905,5.1361,5.238528,2.3603,14555,0.001024,0.745216,,0.033535999999999996,0.086528,0.000256,0.068608,0.003328,0.015616,,0.002304,,2.1222399999999997
7991,58.2392702026644,19072467387842,1,5.3693028166890144,5.9661,5.2608,2.2272,14555,0.001024,0.746752,,0.03328,0.086016,0,0.067583999999999991,0.004096,0.011776,,0.002304,,1.8406399999999998
7992,58.244643700396821,19072467447503,1,5.37349795922637,5.2033,5.356544,2.2983,14555,0.001024,0.74112,,0.032768,0.084735999999999992,0.000256,0.06656,0.003328,0.012288,,0.002304,,1.8432
7993,58.250004301303854,19072467499536,1,5.3606010042130947,4.9374,5.236992,2.5716,14555,0.001024,0.736,,0.032768,0.084992,0,0.067071999999999993,0.0076799999999999993,0.013568,,0.002048,,1.880064
7994,58.255246598639452,19072467548910,1,5.242297425866127,6.3095,5.266176,2.6557,14555,0.001024,0.74316799999999994,,0.033791999999999996,0.08294399999999999,0,0.064256,0.011007999999999999,0.010496,,0.002304,,1.879808
7995,58.260717701247167,19072467612005,1,5.4711024276912212,5.1806,5.214464,2.8611,14555,0.001024,0.74624,,0.03328,0.081408,0,0.063488,0.0076799999999999993,0.010752,,0.002816,,1.886464
7996,58.265788102324258,19072467663811,1,5.0704008899629116,5.2013,5.4144,2.5546,14555,0.0012799999999999999,0.756736,,0.03456,0.083456,0,0.065024,0.0076799999999999993,0.010239999999999999,,0.002304,,1.620736
7997,58.271237096088434,19072467715824,1,5.4489937610924244,5.8711,5.087232,2.4079,14555,0.001024,0.74214399999999991,,0.03328,0.083968,0,0.066048,0.007936,0.010496,,0.002304,,1.593856
7998,58.27606299603174,19072467774535,1,4.8258998431265354,4.2941,5.424384,2.4478,14757,0.001024,0.746752,,0.034816,0.086016,0,0.067328,0.003584,0.012032,,0.002048,,1.597696
7999,58.281515802154196,19072467817476,1,5.4528061300516129,5.282,4.815104,2.4605,14555,0.001024,0.731904,,0.033024,0.083712,0.000256,0.065536,0.003072,0.011519999999999999,,0.002304,,1.5979519999999998
8000,58.286262400793646,19072467870296,1,4.746598657220602,5.4418,5.437952,2.2755,14555,0.001024,0.75391999999999992,,0.035072,0.08448,0.000256,0.065792,0.003072,0.011007999999999999,,0.002304,,1.5964159999999998
8001,58.292010196995463,19072467924714,1,5.7477960363030434,5.0715,4.722688,2.5251,14555,0.0012799999999999999,0.74547199999999991,,0.033024,0.084992,0,0.06656,0.003072,0.011776,,0.0025599999999999998,,1.599232
8002,58.29718159722222,19072467975429,1,5.1714000292122364,5.6638,5.27744,2.441,14555,0.001024,0.745728,,0.03328,0.082431999999999991,0.000256,0.064256,0.24345599999999998,0.010496,,0.002304,,1.595904
8003,58.302562698412693,19072468032067,1,5.3811012767255306,4.3923,5.157376,2.0799,14555,0.001024,0.736256,,0.039424,0.085504,0,0.067071999999999993,0.007936,0.012288,,0.002304,,1.594368
8004,58.307879698129248,19072468075990,1,5.3169997408986092,5.775,5.364992,2.2566,14555,0.001024,0.74060799999999993,,0.034048,0.084735999999999992,0,0.066304,0.003328,0.012032,,0.002304,,1.752832
8005,58.313140199829931,19072468133740,1,5.2605015225708485,4.8136,5.280512,2.3457,14555,0.001024,0.74368,,0.03328,0.3328,0,0.066304,0.009216,0.013312,,0.002304,,1.59616
8006,58.318377196712014,19072468181876,1,5.236996803432703,5.4386,5.255936,2.0615,14555,0.001024,0.742656,,0.033535999999999996,0.08524799999999999,0,0.066816,0.007424,0.015104,,0.002304,,1.839616
8007,58.323510501700675,19072468236262,1,5.1333052106201649,5.6175,5.213184,2.4755,14607,0.001024,0.73471999999999993,,0.032768,0.084735999999999992,0,0.067071999999999993,0.007936,0.013568,,0.002304,,1.8608639999999999
8008,58.32870489654195,19072468292437,1,5.19439484924078,5.2767,5.101056,2.5549,14555,0.001024,0.74112,,0.033024,0.086272,0.000256,0.068096,0.007424,0.012288,,0.002304,,1.752576
8009,58.334843799603171,19072468345204,1,6.1389030888676643,5.3009,5.1776,3.5031,14555,0.001024,0.745728,,0.033535999999999996,0.084224,0.000256,0.065792,0.003584,0.011264,,0.002304,,2.1089279999999997
8010,58.340092701247166,19072468398213,1,5.2489014342427254,5.1841,5.277696,2.3728,14555,0.0012799999999999999,0.73881599999999992,,0.033535999999999996,0.09088,0,0.070144,0.011264,0.011519999999999999,,0.002304,,1.836288
8011,58.34551050170068,19072468450054,1,5.4178005084395409,5.3756,5.22752,2.3508,14555,0.0012799999999999999,0.736768,,0.033535999999999996,0.086528,0.000256,0.068096,0.003072,0.013568,,0.002304,,1.8291199999999999
8012,58.35073859835601,19072468503810,1,5.22809661924839,5.9925,5.395968,2.3534,14555,0.001024,0.74393599999999993,,0.03328,0.084992,0,0.066816,0.003328,0.014079999999999999,,0.002304,,2.075904
8013,58.356017396541951,19072468563735,1,5.2787982858717442,4.957,5.209088,2.4112,14555,0.001024,0.74726399999999993,,0.033535999999999996,0.083712,0,0.065536,0.003072,0.014079999999999999,,0.002304,,1.8559999999999999
8014,58.361117998866213,19072468613305,1,5.10060228407383,5.9778,5.249792,2.3371,14555,0.001024,0.756992,,0.036351999999999995,0.084992,0,0.067071999999999993,0.003328,0.011264,,0.0025599999999999998,,1.856512
8015,58.366907397959181,19072468673083,1,5.7893991470336914,5.0475,5.074432,2.6173,14750,0.001024,0.73395199999999994,,0.033024,0.086016,0.000256,0.06784,0.003584,0.011264,,0.002304,,1.5982079999999999
8016,58.371935196995466,19072468723558,1,5.0277989357709885,5.3263,5.23008,2.6302,14555,0.001024,0.735744,,0.032768,0.081408,0.000256,0.063232,0.007424,0.011007999999999999,,0.0025599999999999998,,1.857024
8017,58.376894699546483,19072468776821,1,4.9595027230679989,5.3576,5.001984,2.4855,14757,0.003328,0.73651199999999994,,0.033024,0.084992,0,0.067071999999999993,0.003584,0.010752,,0.002304,,1.895168
8018,58.382733701814054,19072468830397,1,5.8390023186802864,5.5155,4.914944,2.4319,14555,0.001024,0.758272,,0.034048,0.083968,0,0.065792,0.007936,0.010752,,0.002304,,1.617664
8019,58.388545301870749,19072468885552,1,5.8116000145673752,5.0033,5.417472,2.6752,14555,0.001024,0.74316799999999994,,0.03328,0.08448,0.000256,0.066304,0.003584,0.010752,,0.002304,,1.769472
8020,58.394290199829932,19072468935585,1,5.74489776045084,5.4401,5.792768,2.2418,64281,0.001024,0.748288,,0.033535999999999996,0.240896,0.000256,0.223488,0.0051199999999999996,0.014336,,0.002304,,1.811968
8021,58.400053195861673,19072468989986,1,5.7629961520433426,4.7109,5.712128,2.254,14555,0.001024,0.747776,,0.041728,0.08524799999999999,0.000256,0.066048,0.003328,0.014079999999999999,,0.002304,,1.7535999999999998
8022,58.406033397108843,19072469037095,1,5.9802010655403137,6.1384,5.528064,0.6165,14555,0.001024,0.740864,,0.032768,0.0832,0,0.064512,0.003328,0.012799999999999999,,0.002304,,1.773312
8023,58.4114047973356,19072469098479,1,5.3714001551270485,7.2534,0.034816,2.2729,67268,0.001024,0.741632,,0.032768,0.083712,0,0.066048,0.0038399999999999997,0.012288,,0.002304,,1.8977279999999999
8024,58.416859297052149,19072469171013,1,5.4544997401535511,4.8244,5.353216,2.5671,60466,0.001024,0.740096,,0.033024,0.094208,0,0.073984,0.008704,0.012799999999999999,,0.002304,,1.866752
8025,58.422080498866208,19072469219257,1,5.2212020382285118,5.3845,5.421824,3.03,32126,0.001024,0.735744,,0.032768,0.084224,0,0.065792,0.011007999999999999,0.012799999999999999,,0.002304,,1.853184
8026,58.427509800170064,19072469273102,1,5.4293014109134674,5.8154,4.960512,2.9531,28940,0.0012799999999999999,0.753408,,0.033791999999999996,0.089088,0,0.069376,0.007936,0.012288,,0.002304,,1.868288
8027,58.432903401360541,19072469331256,1,5.3936010226607323,4.9665,5.221632,2.3537,14555,0.001024,0.752128,,0.033535999999999996,0.079615999999999992,0.000256,0.061695999999999994,0.007424,0.011264,,0.002304,,1.853184
8028,58.4382841978458,19072469380921,1,5.3807962685823441,5.4833,5.380864,2.2799,14555,0.0012799999999999999,0.72576,,0.034048,0.086784,0,0.06784,0.0076799999999999993,0.013312,,0.002304,,1.8526719999999999
8029,58.443261699263033,19072469435754,1,4.9775014631450176,5.0562,5.360896,2.3212,14555,0.001024,0.736,,0.034048,0.08832,0,0.07039999999999999,0.007424,0.014336,,0.002048,,1.5951359999999999
8030,58.448696598639451,19072469486316,1,5.434899590909481,5.6503,4.95232,2.6701,14555,0.001024,0.73881599999999992,,0.032768,0.084224,0,0.06656,0.003584,0.013312,,0.002304,,1.6166399999999999
8031,58.454267800453515,19072469542819,1,5.5712019093334675,5.8434,4.732416,2.2069,14555,0.001024,0.74137599999999992,,0.03328,0.0832,0.000256,0.065279999999999991,0.0076799999999999993,0.011519999999999999,,0.002304,,1.600768
8032,58.4595542020975,19072469601253,1,5.2864016033709049,4.2969,5.519872,2.6935,14555,0.001024,0.732672,,0.032768,0.086272,0,0.068352,0.003328,0.015104,,0.002048,,1.5979519999999998
8033,58.464552295918367,19072469644222,1,4.9980939365923405,5.9181,5.298176,2.9826,14555,0.001024,0.731136,,0.034816,0.0832,0.000256,0.064767999999999992,0.0084479999999999989,0.010496,,0.002304,,1.594112
8034,58.470505201247164,19072469703403,1,5.952905397862196,5.3639,4.689408,2.8204,14555,0.001024,0.75059199999999993,,0.03456,0.084224,0,0.065024,0.004096,0.010496,,0.002304,,1.595648
8035,58.475390901360541,19072469757042,1,4.8857000656425953,5.3715,5.341952,2.3719,14757,0.001024,0.739584,,0.03328,0.083712,0,0.065536,0.003328,0.011264,,0.002304,,1.5966719999999999
8036,58.4810045989229,19072469810757,1,5.6136976927518845,4.9405,4.717056,2.4856,14555,0.001024,0.732416,,0.033024,0.084735999999999992,0,0.067071999999999993,0.003072,0.014079999999999999,,0.002304,,1.609472
8037,58.485975701530613,19072469860162,1,4.971102811396122,6.3629,5.281024,2.9849,17551,0.001024,0.73881599999999992,,0.03328,0.324864,0,0.065279999999999991,0.009216,0.011264,,0.0025599999999999998,,1.595904
8038,58.491371400226754,19072469923791,1,5.3956988267600536,4.5038,4.951296,2.6159,18001,0.001024,0.75391999999999992,,0.040192,0.081408,0,0.062464,0.007424,0.010239999999999999,,0.0025599999999999998,,1.5966719999999999
8039,58.49705620039682,19072469968829,1,5.6847999803721905,5.6671,5.177856,2.4186,14555,0.001024,0.75391999999999992,,0.034816,0.082431999999999991,0,0.063744,0.0076799999999999993,0.010496,,0.002304,,1.596928
8040,58.502336897675733,19072470025500,1,5.2806972526013851,4.906,5.576192,2.5913,14555,0.001024,0.735232,,0.032768,0.398848,0,0.067328,0.009216,0.015104,,0.002304,,1.5933439999999999
8041,58.50789409722222,19072470074560,1,5.5571994744241238,5.4221,5.326592,2.3672,14555,0.001024,0.748288,,0.03328,0.08806399999999999,0,0.069632,0.003328,0.013824,,0.002304,,1.85344
8042,58.513878996598635,19072470128781,1,5.9848995879292488,6.184,5.20448,3.0149,14555,0.001024,0.756224,,0.27264,0.091648,0,0.064,0.003328,0.010752,,0.002304,,1.6181759999999998
8043,58.519176998299315,19072470190621,1,5.298001691699028,5.8453,5.0752,1.9725,14750,0.001024,0.750848,,0.034816,0.087296,0.000256,0.068352,0.0038399999999999997,0.011007999999999999,,0.002816,,1.59744
8044,58.524213895975052,19072470249074,1,5.0368974916636944,4.7311,5.284352,2.4672,14607,0.0012799999999999999,0.73856,,0.03456,0.08576,0,0.067583999999999991,0.003328,0.014591999999999999,,0.002304,,1.757952
8045,58.5299294005102,19072470296385,1,5.7155047543346882,5.997,5.011712,3.038,14555,0.0012799999999999999,0.753664,,0.03328,0.227328,0,0.20864,0.003072,0.011519999999999999,,0.002816,,1.5979519999999998
8046,58.535214399092965,19072470356355,1,5.2849985659122467,4.9668,5.312768,2.2592,14555,0.001024,0.748544,,0.03328,0.08294399999999999,0,0.064767999999999992,0.0076799999999999993,0.011264,,0.0025599999999999998,,1.5999999999999999
8047,58.540552501417231,19072470406023,1,5.338102113455534,5.0807,5.254144,3.2846,14555,0.001024,0.734208,,0.032768,0.08806399999999999,0,0.069887999999999992,0.008704,0.015104,,0.002048,,2.0206079999999997
8048,58.545306901927432,19072470456830,1,4.7544003464281559,5.659,4.740608,2.4671,14555,0.001024,0.75903999999999994,,0.033535999999999996,0.082176,0,0.063744,0.0076799999999999993,0.011007999999999999,,0.002304,,1.5946239999999998
8049,58.550378996598639,19072470513420,1,5.07209450006485,5.5161,4.72448,2.3276,14555,0.001024,0.75571199999999994,,0.033535999999999996,0.084735999999999992,0,0.066048,0.007424,0.012288,,0.0025599999999999998,,1.614336
8050,58.555688300736961,19072470568581,1,5.3093042224645615,5.415,4.701952,2.488,14555,0.001024,0.750848,,0.03328,0.080384,0.000256,0.061439999999999995,0.007936,0.011264,,0.0025599999999999998,,1.596928
8051,58.561185700113377,19072470622731,1,5.4973992519080639,4.5925,5.04448,2.4654,14555,0.001024,0.744448,,0.03328,0.086016,0.000256,0.067328,0.003584,0.012032,,0.002304,,1.5948799999999999
8052,58.565897902494328,19072470668656,1,4.7122025862336159,5.0929,5.48096,2.4952,14555,0.001024,0.737792,,0.034304,0.081919999999999993,0.000256,0.063744,0.003072,0.012288,,0.002304,,1.839616
8053,58.570820897108838,19072470719585,1,4.9229944124817848,5.3935,4.66816,2.3285,14555,0.001024,0.732416,,0.032768,0.087296,0.000256,0.068864,0.003328,0.014848,,0.002048,,1.6151039999999999
8054,58.575572101757366,19072470773520,1,4.7512045130133629,5.4041,4.703488,2.2805,14757,0.001024,0.746752,,0.03328,0.080896,0.000256,0.06272,0.003328,0.012032,,0.002304,,1.5966719999999999
8055,58.580380697278912,19072470827561,1,4.8085954040288925,4.6383,4.743424,2.2021,14555,0.001024,0.7488,,0.033535999999999996,0.082431999999999991,0.000256,0.064256,0.011776,0.010239999999999999,,0.002304,,1.595648
8056,58.585272498582761,19072470873944,1,4.8918011598289013,4.4493,4.710912,2.2645,14555,0.001024,0.74726399999999993,,0.033024,0.082688,0.000256,0.064,0.007424,0.012032,,0.002304,,1.599232
8057,58.590152799036282,19072470918437,1,4.8803002573549747,4.7693,4.944896,2.3661,14555,0.001024,0.74137599999999992,,0.033024,0.0832,0,0.064767999999999992,0.0051199999999999996,0.011264,,0.002048,,1.596928
8058,58.595077402210883,19072470966130,1,4.9246032722294331,5.3602,4.724224,2.3533,14555,0.001024,0.755968,,0.033535999999999996,0.08294399999999999,0,0.064512,0.003584,0.011776,,0.002304,,1.59744
8059,58.599797498582767,19072471019732,1,4.7200964763760567,4.8341,4.722176,2.4485,14555,0.001024,0.74752,,0.033535999999999996,0.084992,0,0.066816,0.003584,0.011776,,0.0025599999999999998,,1.595904
8060,58.604543296485261,19072471068073,1,4.7457977198064327,4.8058,4.700416,2.3182,14555,0.001024,0.75238399999999994,,0.033535999999999996,0.084992,0,0.06656,0.003328,0.010239999999999999,,0.0025599999999999998,,1.59744
8061,58.609306696428568,19072471116131,1,4.7633997164666653,4.7268,4.739072,2.24,14555,0.001024,0.745216,,0.03328,0.082431999999999991,0,0.064512,0.005888,0.010752,,0.002304,,1.6015359999999998
8062,58.614026197562353,19072471163399,1,4.7195013612508774,4.5691,4.73088,2.2965,14555,0.001024,0.735232,,0.032768,0.083712,0,0.065536,0.008704,0.013568,,0.002048,,1.5951359999999999
8063,58.618772399376418,19072471209090,1,4.7462019138038158,4.5474,4.69504,2.5059,14555,0.001024,0.74649599999999994,,0.033535999999999996,0.086272,0,0.067328,0.008192,0.013056,,0.002304,,1.59744
8064,58.623560799319726,19072471254564,1,4.7884001396596432,4.9206,4.723968,2.0645,14555,0.001024,0.74624,,0.033535999999999996,0.080639999999999989,0,0.061952,0.011776,0.011776,,0.0025599999999999998,,1.614336
8065,58.628298299319724,19072471303770,1,4.7375001013278961,5.1032,4.763904,2.3506,14555,0.001024,0.74470399999999992,,0.033024,0.083968,0.000256,0.065536,0.0076799999999999993,0.010752,,0.002304,,1.60128
8066,58.63320569727891,19072471354802,1,4.9073980189859867,4.3305,4.715776,2.5065,14555,0.001024,0.74982399999999994,,0.033024,0.08806399999999999,0,0.069632,0.009216,0.012288,,0.002304,,1.595904
8067,58.638011897675732,19072471398107,1,4.8062005080282688,5.0198,4.714496,2.3058,14555,0.001024,0.75264,,0.033535999999999996,0.0832,0,0.064512,0.003328,0.010496,,0.0025599999999999998,,1.595392
8068,58.642873497732424,19072471448305,1,4.8616002313792706,4.622,4.704256,1.8721,64281,0.001024,0.739072,,0.03328,0.086528,0,0.068608,0.003328,0.013056,,0.002304,,1.5982079999999999
8069,58.648540001417231,19072471494525,1,5.6665036827325821,4.8787,4.83328,2.4967,14555,0.001024,0.73471999999999993,,0.033024,0.086784,0,0.068352,0.003328,0.012799999999999999,,0.002048,,1.61536
8070,58.654210501700675,19072471543312,1,5.6705004535615444,5.412,4.749824,0.7366,14555,0.001024,0.75468799999999991,,0.033535999999999996,0.083456,0.000256,0.065024,0.0038399999999999997,0.010752,,0.002304,,1.6181759999999998
8071,58.659510600907026,19072471597432,1,5.3000990301370621,5.8647,0.034816,2.3903,14555,0.001024,0.745216,,0.032768,0.24908799999999998,0.000256,0.230656,0.0048639999999999994,0,,0.036608,,1.600768
8072,58.666542495748295,19072471656079,1,7.0318947546184063,4.2473,4.685312,4.2473,14555,0.001024,0.74137599999999992,,0.032768,0.084992,0.000256,0.066816,0.003072,0.012544,,0.002304,,1.594368
8073,58.671318296485261,19072471698552,1,4.7758007422089577,6.7216,4.694272,1.8635,14750,0.001024,0.748288,,0.033024,0.077568,0,0.061439999999999995,0.0076799999999999993,0.010752,,0.0025599999999999998,,1.619456
8074,58.677187896825394,19072471765768,1,5.8696004562079906,4.3928,4.733952,3.2371,14757,0.001024,0.74752,,0.03328,0.086272,0,0.06784,0.009472,0.010752,,0.002304,,1.6199679999999999
8075,58.682428698979592,19072471809696,1,5.2408021874725819,7.2669,4.713984,2.356,14555,0.001024,0.747776,,0.034048,0.08576,0.000256,0.067328,0.003584,0.010496,,0.0025599999999999998,,1.601024
8076,58.68745559807256,19072471882365,1,5.02689927816391,4.6188,4.833792,2.4046,14555,0.001024,0.733184,,0.033024,0.083456,0,0.064767999999999992,0.003072,0.014336,,0.002048,,1.6115199999999998
8077,58.6922327026644,19072471928553,1,4.7771045938134193,6.4954,4.74752,2.3259,14555,0.001024,0.75468799999999991,,0.03328,0.080639999999999989,0,0.062208,0.003584,0.011007999999999999,,0.0025599999999999998,,1.5966719999999999
8078,58.697476601473923,19072471993507,1,5.2438988350331783,4.3503,4.72448,2.593,14555,0.001024,0.740096,,0.033024,0.086528,0.000256,0.068352,0.003072,0.013312,,0.002304,,1.615616
8079,58.702194196428572,19072472037010,1,4.7175949439406395,5.4688,4.691968,2.3712,14555,0.0012799999999999999,0.751104,,0.033535999999999996,0.079872,0,0.061439999999999995,0.007936,0.010752,,0.0025599999999999998,,1.595648
8080,58.707086699263037,19072472091698,1,4.8925029113888741,4.6891,4.696832,2.4313,14555,0.001024,0.738304,,0.033024,0.08448,0,0.06656,0.007424,0.010496,,0.002304,,1.5964159999999998
8081,58.711788399943309,19072472138589,1,4.7017005272209644,4.9643,4.67072,2.384,14555,0.001024,0.749312,,0.03328,0.0832,0,0.064767999999999992,0.0076799999999999993,0.011264,,0.0025599999999999998,,1.59616
8082,58.716766198979592,19072472188232,1,4.9777990207076073,4.8608,4.690688,2.512,14555,0.001024,0.743424,,0.03328,0.0832,0,0.065024,0.007424,0.011519999999999999,,0.002304,,1.61792
8083,58.721610402494328,19072472236840,1,4.8442035913467407,4.7734,4.6784,2.4163,14555,0.001024,0.74649599999999994,,0.033535999999999996,0.084735999999999992,0,0.06656,0.003328,0.011264,,0.002816,,1.614336
8084,58.727098299319728,19072472284574,1,5.4878969676792622,4.7932,4.706048,2.6632,14607,0.001024,0.74649599999999994,,0.033535999999999996,0.084735999999999992,0,0.06656,0.003328,0.011264,,0.002816,,1.614336
8085,58.731855796485256,19072472332506,1,4.7574969939887524,5.3445,4.678144,2.4874,14555,0.001024,0.74112,,0.033024,0.084224,0,0.065792,0.0076799999999999993,0.011264,,0.0025599999999999998,,1.5984639999999999
8086,58.736981101190473,19072472385951,1,5.1253046840429306,5.3353,4.712704,2.5322,14555,0.001024,0.746752,,0.03328,0.083456,0,0.065536,0.0097279999999999988,0.011007999999999999,,0.002304,,1.59616
8087,58.742228302154196,19072472439304,1,5.2472008392214775,4.7357,4.716288,2.6515,14555,0.001024,0.75135999999999992,,0.033535999999999996,0.083968,0.000256,0.065536,0.003584,0.011264,,0.002304,,1.616128
8088,58.7469387967687,19072472486661,1,4.7104945406317711,5.2812,4.720128,2.2959,14555,0.001024,0.755456,,0.03328,0.083712,0.000256,0.065279999999999991,0.003584,0.011776,,0.002304,,1.5997439999999998
8089,58.751707801870744,19072472539473,1,4.7690048813819885,4.3187,4.693248,2.4097,14555,0.001024,0.74649599999999994,,0.033024,0.087296,0,0.06912,0.007424,0.014079999999999999,,0.0025599999999999998,,1.592832
8090,58.756426502267573,19072472582660,1,4.7187004238367081,5.1695,4.745728,2.4486,14555,0.001024,0.753664,,0.03328,0.084735999999999992,0.000256,0.06656,0.007424,0.011007999999999999,,0.0025599999999999998,,1.5997439999999998
8091,58.76156699971655,19072472634355,1,5.1404973492026329,4.6341,4.703232,2.3481,14555,0.001024,0.734464,,0.033791999999999996,0.083968,0,0.065536,0.009216,0.011264,,0.0025599999999999998,,1.61408
8092,58.766544196428569,19072472680696,1,4.9771969206631184,5.2757,4.762112,2.4252,14555,0.001024,0.74982399999999994,,0.033535999999999996,0.08294399999999999,0,0.064767999999999992,0.0051199999999999996,0.011776,,0.002304,,1.5984639999999999
8093,58.771482596371882,19072472733453,1,4.9383998848497868,4.2834,4.872192,2.6057,14555,0.001024,0.741888,,0.032768,0.086272,0,0.068352,0.003328,0.012799999999999999,,0.002304,,1.6166399999999999
8094,58.776205796485257,19072472776287,1,4.7232001088559628,5.6339,4.67968,2.3618,14757,0.001024,0.740864,,0.03328,0.081919999999999993,0,0.063744,0.007936,0.011264,,0.0025599999999999998,,1.5948799999999999
8095,58.781049397675737,19072472832626,1,4.8436010256409645,4.9531,4.691712,2.3386,14555,0.001024,0.751872,,0.033535999999999996,0.084735999999999992,0,0.06656,0.003584,0.010239999999999999,,0.002304,,1.5946239999999998
8096,58.786733000283448,19072472882157,1,5.6836027652025223,4.672,4.6912,3.201,42759,0.001024,0.758528,,0.033791999999999996,0.084224,0,0.065792,0.004096,0.011776,,0.002304,,1.59232
8097,58.792046598639452,19072472928877,1,5.3135985508561134,4.8216,4.748544,2.1578,14555,0.001024,0.752896,,0.033535999999999996,0.083968,0.000256,0.065279999999999991,0.003328,0.012032,,0.002304,,1.595648
8098,58.797365802154189,19072472977093,1,5.3192037157714367,4.6216,5.296128,2.4471,14555,0.001024,0.744192,,0.033024,0.086528,0,0.068096,0.010239999999999999,0.012799999999999999,,0.002048,,1.878784
8099,58.802730300453511,19072473023309,1,5.3644981235265732,5.8812,5.288704,2.5068,14555,0.001024,0.747008,,0.03968,0.083456,0,0.065024,0.007936,0.012288,,0.002304,,1.7774079999999999
8100,58.808204499716553,19072473082121,1,5.4741990752518177,5.894,5.163776,2.481,14555,0.001024,0.756224,,0.039424,0.083712,0,0.064512,0.003072,0.011264,,0.0025599999999999998,,1.59232
8101,58.813910196995465,19072473141061,1,5.7056974619627,5.2587,5.242368,2.4189,14555,0.001024,0.752128,,0.03456,0.083712,0.000256,0.065024,0.0076799999999999993,0.010752,,0.002304,,1.596928
8102,58.8197218962585,19072473193648,1,5.8116992004215717,4.6756,5.175808,2.471,14555,0.001024,0.744448,,0.033024,0.08524799999999999,0,0.067071999999999993,0.00896,0.015359999999999999,,0.002304,,1.8672639999999998
8103,58.824841198979591,19072473240404,1,5.1193027757108212,6.8996,5.324544,2.1132,14750,0.001024,0.751616,,0.03968,0.082176,0,0.064,0.0076799999999999993,0.010239999999999999,,0.002304,,1.5964159999999998
8104,58.830233602607706,19072473309400,1,5.3924038074910641,4.664,5.004032,2.5899,14555,0.001024,0.737536,,0.033024,0.08294399999999999,0,0.064512,0.17612799999999998,0.016384,,0.002304,,1.615872
8105,58.835765299036282,19072473356040,1,5.5316966027021408,5.8301,5.207552,2.7988,14555,0.001024,0.74368,,0.035072,0.080896,0,0.062464,0.007936,0.011264,,0.002304,,1.59744
8106,58.841345897108845,19072473414341,1,5.580598022788763,5.262,5.304576,2.6198,14555,0.001024,0.74368,,0.035328,0.082688,0,0.064,0.0076799999999999993,0.010239999999999999,,0.002816,,1.752832
8107,58.8466753968254,19072473466961,1,5.3294994868338108,5.1857,5.547008,2.6016,14555,0.001024,0.745984,,0.033024,0.087296,0.000256,0.068608,0.003072,0.013824,,0.002304,,1.758464
8108,58.851871598639455,19072473518818,1,5.1962016150355339,5.2987,5.242368,2.604,14555,0.0012799999999999999,0.742656,,0.03328,0.081408,0,0.063488,0.009984,0.012799999999999999,,0.002304,,1.835008
8109,58.857075800736958,19072473571805,1,5.2042021416127682,5.7972,5.205248,2.4259,14555,0.001024,0.745728,,0.033791999999999996,0.08448,0,0.066048,0.0038399999999999997,0.011519999999999999,,0.002304,,1.8455039999999998
8110,58.862577196712017,19072473629777,1,5.5013960227370262,5.1502,5.203712,2.6666,14555,0.001024,0.7552,,0.033791999999999996,0.082431999999999991,0,0.065024,0.003584,0.010752,,0.0025599999999999998,,1.8324479999999999
8111,58.867838598356009,19072473681279,1,5.2614016458392143,5.0513,5.513472,2.4456,14555,0.001024,0.74726399999999993,,0.035072,0.08294399999999999,0,0.065024,0.003584,0.010752,,0.002304,,1.822976
8112,58.872837599206349,19072473731792,1,4.9990010447800159,5.7121,5.247232,2.6073,14555,0.001024,0.739072,,0.033535999999999996,0.084735999999999992,0,0.06656,0.003328,0.013568,,0.002048,,1.897984
8113,58.878328096655324,19072473788913,1,5.4904972203075886,5.3694,4.974336,2.457,14902,0.001024,0.756736,,0.034048,0.08448,0,0.065792,0.0076799999999999993,0.010752,,0.0025599999999999998,,1.8711039999999999
8114,58.883481597222222,19072473842607,1,5.1535004749894142,5.2116,5.231872,2.3462,14555,0.001024,0.756992,,0.033791999999999996,0.08294399999999999,0,0.065024,0.004096,0.012288,,0.0025599999999999998,,1.837824
8115,58.8888170989229,19072473894723,1,5.3355018608272076,4.6567,5.1776,2.4678,14555,0.001024,0.7424,,0.033024,0.084224,0,0.065792,0.003072,0.012544,,0.002304,,1.852928
8116,58.8944577026644,19072473941290,1,5.6406036019325256,5.4805,5.322496,2.6515,64281,0.001024,0.73215999999999992,,0.032768,0.08448,0.000256,0.066304,0.003072,0.012032,,0.002304,,1.8675199999999998
8117,58.900033900226752,19072473996095,1,5.5761975236237049,6.008,5.28512,2.6153,14555,0.001024,0.75238399999999994,,0.033535999999999996,0.079104,0,0.060672,0.007936,0.012288,,0.0025599999999999998,,1.8577919999999999
8118,58.906802799036278,19072474056175,1,6.7688990384340286,4.7075,5.243392,0.8228,14555,0.001024,0.74112,,0.033024,0.08524799999999999,0,0.067328,0.007424,0.013312,,0.002048,,1.8672639999999998
8119,58.912288697562353,19072474103250,1,5.4858983494341373,6.9477,0.03456,2.5818,14555,0.001024,0.74726399999999993,,0.033535999999999996,0.082431999999999991,0.000256,0.064256,0.007424,0.012032,,0.002304,,1.86368
8120,58.9178213010204,19072474172727,1,5.532603245228529,4.4234,5.458944,2.4169,14555,0.001024,0.742912,,0.03328,0.250368,0,0.23168,0.007168,0.013056,,0.002304,,1.8693119999999999
8121,58.9227924957483,19072474216961,1,4.9711945466697216,6.373,5.513728,2.9801,14555,0.001024,0.743424,,0.03328,0.085504,0,0.066816,0.007424,0.015104,,0.002304,,1.9061759999999999
8122,58.9281343962585,19072474280691,1,5.3419005125761032,5.4532,4.92928,2.4178,14607,0.001024,0.737536,,0.03328,0.0896,0,0.071168,0.0076799999999999993,0.013824,,0.002048,,1.861632
8123,58.933112400793647,19072474335223,1,4.97800437733531,5.6827,5.16736,2.9246,14555,0.001024,0.75135999999999992,,0.03328,0.084224,0,0.065792,0.003584,0.010496,,0.002304,,1.826304
8124,58.939353996598641,19072474392050,1,6.2415958382189274,5.0296,4.926208,3.1423,14555,0.001024,0.74547199999999991,,0.03328,0.080639999999999989,0.000256,0.062464,0.003328,0.010239999999999999,,0.0025599999999999998,,1.85344
8125,58.944662797619046,19072474442346,1,5.3088008426129818,5.7022,5.142784,2.2352,14555,0.001024,0.74470399999999992,,0.034048,0.087808,0,0.068864,0.004096,0.010239999999999999,,0.002304,,2.0943359999999998
8126,58.949802997448977,19072474499368,1,5.1401997916400433,4.8371,5.190144,2.3717,14555,0.001024,0.73395199999999994,,0.032768,0.086016,0,0.06784,0.0084479999999999989,0.014336,,0.002048,,1.846528
8127,58.955190901360545,19072474547739,1,5.3879041224718094,6.1566,5.210112,2.3083,14555,0.001024,0.729088,,0.032768,0.083456,0,0.065024,0.003584,0.011007999999999999,,0.002304,,1.8623999999999998
8128,58.9603216978458,19072474609305,1,5.1307966932654381,5.1542,5.364992,2.3239,14555,0.001024,0.73471999999999993,,0.033791999999999996,0.08448,0,0.066048,0.0076799999999999993,0.013056,,0.002048,,1.8659839999999999
8129,58.966036699263036,19072474660847,1,5.7150013744831085,4.9985,4.860416,2.4275,14555,0.001024,0.7424,,0.033024,0.087039999999999992,0,0.068864,0.003072,0.014848,,0.002304,,1.59872
8130,58.971188796768708,19072474710832,1,5.152097437530756,5.4993,5.68192,2.7034,14555,0.001024,0.754176,,0.034048,0.08524799999999999,0,0.065024,0.003072,0.011519999999999999,,0.002304,,1.596928
8131,58.976307497165529,19072474765825,1,5.1187002100050449,5.3304,5.118976,2.4883,14952,0.001024,0.74649599999999994,,0.034048,0.08576,0,0.067328,0.003328,0.011264,,0.002048,,1.599232
8132,58.98131060090703,19072474819129,1,5.0031035207211971,5.3115,5.092352,2.3674,14555,0.001024,0.744192,,0.034304,0.0832,0,0.065024,0.003072,0.013056,,0.0025599999999999998,,1.59872
8133,58.986798596938776,19072474872244,1,5.4879961535334587,5.3579,4.9856,2.5755,17551,0.0012799999999999999,0.7424,,0.034304,0.08832,0.000256,0.069376,0.003328,0.014591999999999999,,0.002304,,1.595648
8134,58.992232100340132,19072474925823,1,5.4335035383701324,4.9242,5.473792,2.4194,18001,0.0012799999999999999,0.736256,,0.03328,0.083456,0,0.065279999999999991,0.00896,0.011264,,0.002304,,1.822976
8135,58.997544401927435,19072474975065,1,5.3123016841709614,5.5235,5.335296,2.6631,14555,0.001024,0.739072,,0.03456,0.084992,0.000256,0.066816,0.007936,0.012799999999999999,,0.002304,,1.59744
8136,59.002767602040812,19072475030300,1,5.2232001908123493,5.6702,5.190144,2.5187,14555,0.001024,0.747008,,0.03328,0.083712,0,0.065279999999999991,0.003328,0.012032,,0.002304,,1.5966719999999999
8137,59.008174999999994,19072475087002,1,5.4073981009423733,5.3067,5.094656,2.6538,14555,0.001024,0.754176,,0.039168,0.08294399999999999,0,0.064,0.003072,0.011519999999999999,,0.0025599999999999998,,1.595648
8138,59.013603698979587,19072475140069,1,5.4286988452076912,5.122,5.180672,2.5636,14555,0.0012799999999999999,0.738304,,0.035072,0.083712,0,0.065024,0.003584,0.010496,,0.002304,,1.597184
8139,59.019113598356007,19072475191289,1,5.5098994635045528,5.4629,5.273088,2.7718,14555,0.001024,0.74547199999999991,,0.033535999999999996,0.084735999999999992,0,0.066816,0.004352,0.010496,,0.002304,,1.7707519999999999
8140,59.024342701247164,19072475245918,1,5.2291029132902622,5.7568,5.143296,2.7074,14555,0.001024,0.7424,,0.034304,0.083456,0,0.065024,0.009472,0.012032,,0.002304,,1.595904
8141,59.0302792020975,19072475303486,1,5.9365010820329189,5.1791,5.000448,2.9624,14555,0.001024,0.75264,,0.195072,0.083712,0.000256,0.063744,0.007168,0.011776,,0.0025599999999999998,,1.595392
8142,59.035285296201813,19072475355277,1,5.0060939975082874,5.5729,5.26336,2.3194,14555,0.001024,0.741888,,0.187136,0.08576,0,0.065792,0.003072,0.010496,,0.0025599999999999998,,1.7605119999999999
8143,59.041022200963717,19072475411006,1,5.7369046844542027,5.129,5.000704,2.7351,14555,0.0012799999999999999,0.737024,,0.032768,0.084224,0,0.066048,0.155392,0.015359999999999999,,0.002048,,1.597696
8144,59.046165802154192,19072475462296,1,5.143600981682539,5.7311,5.338112,2.6861,14555,0.001024,0.75238399999999994,,0.033535999999999996,0.08448,0,0.066304,0.003584,0.010496,,0.0025599999999999998,,1.592064
8145,59.051874298469386,19072475519607,1,5.7084960862994194,4.8429,5.200384,2.8902,14555,0.001024,0.740352,,0.03328,0.086272,0,0.06784,0.003584,0.011776,,0.002048,,1.834752
8146,59.05724049744898,19072475568036,1,5.3661991842091084,5.8919,5.271808,2.3119,14555,0.001024,0.748544,,0.033791999999999996,0.086528,0.000256,0.067583999999999991,0.003584,0.010752,,0.002304,,1.7638399999999999
8147,59.062672300170064,19072475626955,1,5.4318029433488846,4.8965,5.372672,2.6225,14555,0.001024,0.744448,,0.033535999999999996,0.08448,0.000256,0.066816,0.005632,0.014079999999999999,,0.002048,,1.823232
8148,59.068571102607706,19072475675920,1,5.8988025411963463,5.8906,5.233152,2.6092,14555,0.001024,0.737536,,0.033024,0.0832,0,0.064512,0.003584,0.011519999999999999,,0.002816,,1.860096
8149,59.073586798469385,19072475734826,1,5.015695933252573,6.276,5.19936,2.5207,14555,0.001024,0.747776,,0.033535999999999996,0.08294399999999999,0,0.064256,0.0076799999999999993,0.011776,,0.002304,,1.762816
8150,59.079337599206347,19072475797586,1,5.75080094859004,4.7191,4.978432,2.6529,14757,0.001024,0.73881599999999992,,0.033024,0.086272,0.000256,0.068352,0.010496,0.012288,,0.002304,,1.891584
8151,59.08434700255102,19072475844777,1,5.0094034522771835,5.7533,5.30048,2.3784,14555,0.001024,0.754176,,0.03328,0.081664,0,0.063488,0.0076799999999999993,0.012288,,0.0025599999999999998,,1.844736
8152,59.089642602040811,19072475902310,1,5.2955993451178074,4.7638,4.92288,2.5421,14555,0.001024,0.73395199999999994,,0.032512,0.083456,0,0.065024,0.003328,0.013568,,0.002304,,1.8641919999999998
8153,59.094952196712015,19072475949948,1,5.3095947951078415,5.7557,5.179904,2.4797,14555,0.001024,0.745728,,0.033535999999999996,0.08294399999999999,0,0.064767999999999992,0.003328,0.010752,,0.003072,,1.855232
8154,59.10015330215419,19072476007505,1,5.2011054940521717,5.4242,5.260288,2.434,14555,0.001024,0.74624,,0.03328,0.084735999999999992,0,0.06656,0.003584,0.011519999999999999,,0.0025599999999999998,,1.8360319999999999
8155,59.105641298185937,19072476061747,1,5.4879961535334587,4.7447,5.168384,2.4614,14555,0.001024,0.748544,,0.033535999999999996,0.087039999999999992,0,0.068608,0.003328,0.015872,,0.002304,,1.833472
8156,59.110911401643989,19072476109194,1,5.270103458315134,5.4972,5.471232,2.3623,14555,0.001024,0.74726399999999993,,0.032768,0.082688,0.000256,0.064256,0.0076799999999999993,0.012032,,0.002304,,1.841664
8157,59.116162797619047,19072476164166,1,5.2513959817588329,5.2302,5.25056,2.5946,14555,0.001024,0.733696,,0.03328,0.087296,0,0.068864,0.007424,0.015104,,0.002304,,1.88544
8158,59.121205796485256,19072476216468,1,5.0429990515112877,5.6618,4.911104,2.402,14555,0.001024,0.75571199999999994,,0.033535999999999996,0.08576,0,0.067071999999999993,0.007168,0.011776,,0.0025599999999999998,,1.594368
8159,59.126520202664395,19072476273086,1,5.3144060075283051,5.128,4.9984,2.3753,14750,0.001024,0.74547199999999991,,0.034048,0.081152,0.000256,0.063232,0.007168,0.011264,,0.002304,,1.614336
8160,59.131779301303851,19072476324366,1,5.25909848511219,5.5718,4.96128,2.4032,14607,0.001024,0.74470399999999992,,0.033535999999999996,0.080896,0,0.06272,0.0076799999999999993,0.010496,,0.002304,,1.5979519999999998
8161,59.136899496882087,19072476380084,1,5.12019544839859,4.694,5.236224,2.6482,14555,0.001024,0.744192,,0.034048,0.086272,0.000256,0.068096,0.003328,0.014591999999999999,,0.002048,,1.5984639999999999
8162,59.1419920989229,19072476427024,1,5.0926022231578827,5.3162,5.146368,2.5642,14555,0.001024,0.752896,,0.041984,0.082431999999999991,0,0.064256,0.003584,0.011264,,0.002304,,1.615616
8163,59.146773696145125,19072476480186,1,4.7815972939133644,5.7627,4.700416,2.3893,64281,0.001024,0.750336,,0.03328,0.08576,0,0.067071999999999993,0.0038399999999999997,0.010752,,0.002304,,1.600512
8164,59.152359700963714,19072476537813,1,5.5860048159956932,4.5816,4.707328,2.5962,14555,0.001024,0.73548799999999992,,0.033024,0.083456,0,0.065279999999999991,0.011264,0.011264,,0.002304,,1.594112
8165,59.158792602040812,19072476583629,1,6.4329011365771294,4.9109,4.68864,0.7604,14555,0.001024,0.74368,,0.033024,0.08448,0,0.066304,0.003328,0.010239999999999999,,0.0025599999999999998,,1.5997439999999998
8166,59.163790596655325,19072476632738,1,4.9979947507381439,6.2483,0.03456,2.5857,14555,0.001024,0.73804799999999993,,0.033024,0.084992,0,0.06656,0.007424,0.012799999999999999,,0.002304,,2.574592
8167,59.16854100056689,19072476695221,1,4.7504040412604809,4.2262,4.968704,2.3038,14555,0.0012799999999999999,0.727808,,0.038655999999999996,0.084992,0,0.067071999999999993,0.007424,0.014336,,0.0025599999999999998,,1.595648
8168,59.173531901927433,19072476737483,1,4.9909013323485851,6.5428,4.682752,2.4336,14555,0.001024,0.74137599999999992,,0.033791999999999996,0.084992,0,0.066304,0.007936,0.010752,,0.0025599999999999998,,1.593856
8169,59.1788295989229,19072476802911,1,5.2976971492171288,4.9271,4.678144,2.4687,14757,0.001024,0.74112,,0.03328,0.082688,0.000256,0.064767999999999992,0.0076799999999999993,0.010752,,0.0025599999999999998,,1.601024
8170,59.183469401927432,19072476852182,1,4.6398029662668705,4.6984,5.175552,2.485,14555,0.003072,0.74496,,0.03328,0.08448,0,0.066304,0.0076799999999999993,0.010752,,0.0025599999999999998,,1.8808319999999998
8171,59.189081901927437,19072476899166,1,5.612500011920929,5.1524,4.67456,2.88,14555,0.001024,0.737792,,0.03328,0.084992,0,0.066304,0.003072,0.013312,,0.002304,,1.613824
8172,59.193847200963717,19072476950690,1,4.7652991488575935,5.4552,4.699648,2.0643,14555,0.001024,0.74137599999999992,,0.033791999999999996,0.091392,0,0.071424,0.004608,0.011264,,0.002304,,1.600256
8173,59.198748100907025,19072477005242,1,4.9008997157216072,4.5072,4.667648,2.373,14555,0.001024,0.736256,,0.032768,0.08576,0,0.06784,0.003328,0.015359999999999999,,0.002304,,1.5982079999999999
8174,59.2037580994898,19072477050314,1,5.0099985674023628,5.5276,4.693504,2.5195,14555,0.001024,0.748288,,0.033535999999999996,0.083968,0,0.065792,0.003584,0.010239999999999999,,0.0025599999999999998,,1.600512
8175,59.208989498299317,19072477105590,1,5.2313986234366894,5.0649,4.673536,2.2741,14555,0.001024,0.744448,,0.03328,0.085504,0,0.066816,0.003584,0.012288,,0.0025599999999999998,,1.595648
8176,59.214291000566888,19072477156239,1,5.30150206759572,4.9033,4.708864,2.3467,14555,0.001024,0.7424,,0.032768,0.085504,0,0.06784,0.007424,0.013568,,0.002304,,2.158592
8177,59.2204466978458,19072477205272,1,6.155697163194418,4.5966,5.32992,2.4205,14555,0.001024,0.7424,,0.032768,0.085504,0,0.06784,0.007424,0.013568,,0.002304,,2.158592
8178,59.225200701530611,19072477251238,1,4.75400360301137,5.4648,5.331968,2.4504,14555,0.001024,0.73727999999999994,,0.03328,0.0832,0,0.065279999999999991,0.26700799999999997,0.012544,,0.002304,,1.595392
8179,59.231113201530611,19072477305886,1,5.9124999679625034,5.3654,4.951296,2.5668,14555,0.001024,0.7424,,0.03328,0.086272,0,0.068352,0.003072,0.012799999999999999,,0.002304,,1.61408
8180,59.236324298469384,19072477359540,1,5.2110967226326466,6.3159,5.289216,2.5378,14555,0.001024,0.7488,,0.035072,0.083968,0.000256,0.065279999999999991,0.003328,0.011519999999999999,,0.002304,,1.594112
8181,59.243099199263035,19072477422699,1,6.7749009467661381,4.5955,5.09824,2.6057,14555,0.001024,0.739584,,0.033791999999999996,0.0832,0,0.065279999999999991,0.009984,0.012799999999999999,,0.002048,,1.61792
8182,59.247828897392289,19072477468654,1,4.7296979464590549,6.5958,6.099712,2.2321,14555,0.001024,0.755456,,0.034816,0.0832,0,0.064,0.003328,0.011007999999999999,,0.002304,,2.034688
8183,59.253216702097504,19072477534612,1,5.3878049366176128,4.5515,4.7296,2.3853,14555,0.001024,0.742912,,0.033024,0.088576,0,0.07039999999999999,0.003584,0.013824,,0.002304,,1.6166399999999999
8184,59.258686302437638,19072477580127,1,5.4696002043783665,6.6753,4.955648,2.4972,14555,0.001024,0.757504,,0.267776,0.084992,0,0.06656,0.003328,0.010496,,0.002304,,1.5933439999999999
8185,59.264320797902492,19072477646880,1,5.63449552282691,4.5071,5.37728,2.3455,14555,0.001024,0.724992,,0.034048,0.086016,0,0.067328,0.007424,0.012032,,0.002304,,1.7664
8186,59.269979896541948,19072477691951,1,5.6590987369418144,5.1485,5.42336,2.6047,14555,0.001024,0.724992,,0.034048,0.086016,0,0.067328,0.007424,0.012032,,0.002304,,1.7664
8187,59.274872200963713,19072477743436,1,4.892304539680481,6.8485,4.977664,2.2899,14757,0.001024,0.737536,,0.0384,0.081408,0,0.06297599999999999,0.0076799999999999993,0.012032,,0.002304,,1.5964159999999998
8188,59.280338598356,19072477811921,1,5.4663973860442638,5.3401,4.963328,2.5532,14750,0.001024,0.73344,,0.032512,0.081664,0,0.063744,0.0084479999999999989,0.010496,,0.002304,,1.6117759999999999
8189,59.285642701247163,19072477865322,1,5.304102785885334,5.1577,5.10464,2.3874,14555,0.001024,0.75468799999999991,,0.042496,0.083456,0.000256,0.064767999999999992,0.003072,0.011007999999999999,,0.0025599999999999998,,1.595904
8190,59.290902402210882,19072477916899,1,5.2597010508179665,4.8734,5.277952,2.3973,14555,0.001024,0.736,,0.27033599999999997,0.083968,0,0.064767999999999992,0.003328,0.012544,,0.002304,,1.751296
8191,59.29613319869614,19072477965633,1,5.2307965233922005,5.5494,5.219072,2.3312,14555,0.0038399999999999997,0.752128,,0.03328,0.086784,0,0.068096,0.003328,0.011007999999999999,,0.0025599999999999998,,1.84704
8192,59.3014705994898,19072478021127,1,5.3374008275568485,5.234,5.12256,2.7811,14555,0.001024,0.73856,,0.033024,0.084735999999999992,0,0.066304,0.003072,0.012288,,0.002304,,1.754368
8193,59.307149596088436,19072478073467,1,5.6789964437484741,5.2565,5.080064,2.3287,14555,0.001024,0.74393599999999993,,0.033791999999999996,0.082176,0,0.063744,0.003584,0.012032,,0.002304,,1.755136
8194,59.312452501417233,19072478126032,1,5.3029051050543785,5.68,5.419008,2.4754,14555,0.001024,0.75391999999999992,,0.033535999999999996,0.080384,0.000256,0.061952,0.0076799999999999993,0.011776,,0.002304,,1.888256
8195,59.317706901927437,19072478182832,1,5.2544004283845425,4.8597,5.276672,2.2768,14555,0.001024,0.737024,,0.033535999999999996,0.08448,0,0.066048,0.0076799999999999993,0.013312,,0.002304,,1.838336
8196,59.322681498015868,19072478231429,1,4.9745962023735046,5.5611,5.227776,2.3418,14555,0.001024,0.745728,,0.033535999999999996,0.08524799999999999,0.000256,0.06656,0.007424,0.013056,,0.002304,,2.093056
8197,59.3279123015873,19072478287040,1,5.23080350831151,5.2457,4.963072,2.4134,14555,0.001024,0.735744,,0.033535999999999996,0.084735999999999992,0.000256,0.066816,0.0076799999999999993,0.012799999999999999,,0.002304,,1.876224
8198,59.333322696995459,19072478339497,1,5.4103955626487732,5.3107,5.201664,2.4558,14607,0.001024,0.74982399999999994,,0.033535999999999996,0.084992,0,0.066816,0.003584,0.010239999999999999,,0.002304,,1.85984
8199,59.338492899659862,19072478392604,1,5.1702028140425682,5.1664,5.36192,2.2778,14555,0.001024,0.740864,,0.03328,0.085504,0,0.066816,0.012032,0.011264,,0.0025599999999999998,,1.83296
8200,59.34365449971655,19072478444268,1,5.161600187420845,5.0614,5.187072,2.2514,14555,0.001024,0.74060799999999993,,0.03328,0.085504,0,0.067071999999999993,0.003072,0.016128,,0.002304,,1.864704
8201,59.348681001984126,19072478494882,1,5.0265020690858364,5.4414,4.830208,2.449,14555,0.001024,0.74137599999999992,,0.03328,0.084992,0,0.067071999999999993,0.003584,0.011776,,0.002048,,1.595392
8202,59.35401590136054,19072478549296,1,5.3348992951214314,5.0763,5.085184,2.333,14555,0.001024,0.74470399999999992,,0.03456,0.084735999999999992,0.000256,0.065792,0.003328,0.011264,,0.002304,,1.5997439999999998
8203,59.359428096655328,19072478600059,1,5.4121953435242176,5.0499,5.306112,2.3797,14555,0.001024,0.740096,,0.03456,0.08294399999999999,0,0.064512,0.007424,0.012544,,0.002304,,1.5979519999999998
8204,59.364755902777773,19072478650558,1,5.32780634239316,4.9201,5.392384,2.3562,14555,0.001024,0.747776,,0.188416,0.086016,0,0.068352,0.0076799999999999993,0.013056,,0.002048,,1.5966719999999999
8205,59.370397300170069,19072478699759,1,5.6413975544273853,5.8318,5.302528,2.2904,14555,0.001024,0.74393599999999993,,0.03456,0.081152,0,0.06297599999999999,0.0076799999999999993,0.011776,,0.0025599999999999998,,1.5966719999999999
8206,59.375247696995466,19072478758077,1,4.8503968864679337,5.4806,5.288704,2.6866,14757,0.001024,0.743424,,0.033024,0.23423999999999998,0,0.067328,0.007168,0.012288,,0.0025599999999999998,,1.6084479999999999
8207,59.380812996031743,19072478812883,1,5.5652991868555546,4.9659,4.838656,2.4051,14555,0.001024,0.743424,,0.033024,0.23423999999999998,0,0.067328,0.007168,0.012288,,0.0025599999999999998,,1.6084479999999999
8208,59.386010196995464,19072478862542,1,5.1972009241580963,5.9855,5.173248,2.3124,14555,0.001024,0.74905599999999994,,0.039168,0.080896,0.000256,0.062464,0.0076799999999999993,0.011264,,0.002304,,1.594368
8209,59.391398398526071,19072478922397,1,5.388201680034399,4.9183,5.091328,2.3716,14555,0.001024,0.74496,,0.033791999999999996,0.083712,0,0.064767999999999992,0.003072,0.013056,,0.002304,,1.597696
8210,59.396872796201812,19072478971580,1,5.4743974469602108,5.4753,5.250304,2.386,64281,0.0012799999999999999,0.73856,,0.033024,0.083712,0,0.065024,0.22886399999999998,0.013824,,0.002304,,1.7487359999999998
8211,59.40326240079365,19072479026333,1,6.3896044157445431,4.7695,5.428992,2.384,14555,0.0012799999999999999,0.73856,,0.033024,0.083712,0,0.065024,0.22886399999999998,0.013824,,0.002304,,1.7487359999999998
8212,59.408345301870746,19072479074028,1,5.0829011015594006,5.8886,5.18784,0.7375,14555,0.001024,0.736768,,0.033024,0.07936,0,0.061183999999999995,0.00896,0.011776,,0.0025599999999999998,,1.841408
8213,59.414927997448977,19072479132914,1,6.58269552513957,6.9401,0.034304,2.4048,14555,0.001024,0.74649599999999994,,0.034048,0.08524799999999999,0,0.066816,0.010496,0.012544,,0.002048,,1.596928
8214,59.42040160147392,19072479202315,1,5.4736039601266384,4.7122,6.294528,2.3428,14555,0.001024,0.751616,,0.033535999999999996,0.080896,0,0.06272,0.008192,0.011264,,0.0025599999999999998,,2.71744
8215,59.425285997732423,19072479249437,1,4.8843962140381336,4.9813,5.531136,2.2739,14555,0.001024,0.74112,,0.03456,0.087296,0,0.068864,0.003072,0.015104,,0.002304,,1.597696
8216,59.430427898242627,19072479299250,1,5.1419003866612911,6.8098,4.870656,2.6155,14750,0.001024,0.73651199999999994,,0.034816,0.084992,0,0.067071999999999993,0.003328,0.015359999999999999,,0.002304,,1.5948799999999999
8217,59.435813697562359,19072479367348,1,5.3857993334531784,4.9778,5.107712,2.291,14555,0.001024,0.74393599999999993,,0.039424,0.081919999999999993,0,0.06297599999999999,0.0076799999999999993,0.011007999999999999,,0.003072,,1.59616
8218,59.440988300736961,19072479417126,1,5.1746033132076263,5.2317,5.364736,2.7089,14555,0.001024,0.73088,,0.034304,0.084735999999999992,0,0.066048,0.003328,0.012544,,0.002048,,1.755904
8219,59.446402295918368,19072479469443,1,5.413995124399662,4.9868,5.159936,2.3321,14555,0.001024,0.742912,,0.033024,0.320768,0,0.064256,0.0051199999999999996,0.011776,,0.002304,,1.595904
8220,59.451560097789113,19072479519311,1,5.1578017883002758,5.9669,5.217536,2.37,14555,0.001024,0.74905599999999994,,0.03328,0.081152,0.000256,0.06297599999999999,0.003584,0.010752,,0.002304,,1.7605119999999999
8221,59.457016099773242,19072479578980,1,5.4560019634664059,5.0669,5.186304,2.3418,14555,0.001024,0.747008,,0.03328,0.08448,0,0.066304,0.003328,0.011007999999999999,,0.002304,,1.829888
8222,59.4627748015873,19072479629649,1,5.7587018236517906,5.0955,5.335808,2.4318,14555,0.003328,0.74393599999999993,,0.033535999999999996,0.08524799999999999,0,0.066304,0.003584,0.010239999999999999,,0.002304,,1.857024
8223,59.468047200963717,19072479680604,1,5.2723991684615612,5.7736,5.384448,2.4736,14555,0.001024,0.745728,,0.033791999999999996,0.084735999999999992,0,0.066048,0.0038399999999999997,0.010496,,0.0025599999999999998,,1.856256
8224,59.473027600623581,19072479738340,1,4.980399738997221,4.6867,5.323008,2.3865,14555,0.001024,0.74316799999999994,,0.033535999999999996,0.085504,0,0.066816,0.0051199999999999996,0.013568,,0.002304,,1.883648
8225,59.478417602040814,19072479785207,1,5.3900014609098434,5.7625,4.950528,2.2673,14757,0.001024,0.73983999999999994,,0.03328,0.086528,0,0.06784,0.005376,0.015359999999999999,,0.002304,,1.843456
8226,59.4834042020975,19072479842832,1,4.9866000190377235,5.2401,5.368064,2.289,14555,0.002816,0.751872,,0.03328,0.084735999999999992,0,0.066048,0.0038399999999999997,0.009984,,0.002816,,1.841152
8227,59.488644302721085,19072479895233,1,5.2401004359126091,4.8541,4.965376,2.3462,17551,0.001024,0.748288,,0.033535999999999996,0.08448,0,0.066304,0.0076799999999999993,0.011519999999999999,,0.0025599999999999998,,1.8611199999999999
8228,59.4938954010771,19072479943774,1,5.2510984241962433,5.5683,5.21984,2.2859,18001,0.001024,0.748288,,0.033535999999999996,0.08448,0,0.066304,0.0076799999999999993,0.011519999999999999,,0.0025599999999999998,,1.8611199999999999
8229,59.498838598356009,19072479999457,1,4.9431971274316311,4.8387,5.156608,2.4427,14555,0.001024,0.731648,,0.03328,0.087551999999999991,0,0.06912,0.007424,0.014079999999999999,,0.002048,,1.6130559999999998
8230,59.504561302437637,19072480047844,1,5.7227038778364658,5.3694,4.88704,2.5735,14555,0.001024,0.74393599999999993,,0.03328,0.086784,0,0.068864,0.003328,0.013568,,0.002304,,1.6184319999999999
8231,59.509873398526075,19072480101538,1,5.3120958618819714,5.7823,4.961536,2.382,14555,0.001024,0.75724799999999992,,0.033791999999999996,0.081408,0,0.063488,0.003584,0.010239999999999999,,0.002304,,1.600768
8232,59.515577196712016,19072480159361,1,5.7037980295717716,4.544,5.225216,2.7347,14555,0.001024,0.745728,,0.033791999999999996,0.08576,0.000256,0.067071999999999993,0.003328,0.014848,,0.002048,,1.594368
8233,59.520914498299319,19072480204801,1,5.337301641702652,5.9583,5.16096,2.5649,14555,0.22630399999999998,0.739584,,0.033024,0.085504,0,0.066816,0.003072,0.012288,,0.0025599999999999998,,1.5966719999999999
8234,59.525966801303852,19072480264384,1,5.0523029640316963,5.0385,5.348096,2.4896,14555,0.001024,0.7424,,0.034816,0.084224,0,0.065792,0.007424,0.013824,,0.002304,,1.595648
8235,59.53116639739229,19072480314769,1,5.1995962858200073,6.1773,4.864,2.3799,14555,0.001024,0.74393599999999993,,0.03328,0.084224,0.000256,0.065279999999999991,0.007424,0.010752,,0.002304,,1.5946239999999998
8236,59.536604499716553,19072480376542,1,5.4381024092435837,4.8395,5.161984,2.7231,14607,0.001024,0.75315199999999993,,0.03712,0.084992,0,0.06656,0.0076799999999999993,0.012544,,0.0025599999999999998,,1.6128
8237,59.541736798469387,19072480424937,1,5.1322989165782928,5.7058,4.7296,2.3842,14555,0.001024,0.757504,,0.033791999999999996,0.083712,0,0.065536,0.009984,0.010752,,0.002304,,1.5966719999999999
8238,59.546883397108843,19072480481995,1,5.1465984433889389,4.7697,5.112832,2.3722,14555,0.001024,0.733696,,0.03456,0.08448,0.000256,0.065792,0.003328,0.013312,,0.002304,,1.5979519999999998
8239,59.553436196145121,19072480529692,1,6.5527991391718388,5.0562,5.101824,3.176,14555,0.001024,0.747008,,0.034048,0.084224,0,0.066048,0.003328,0.013056,,0.002304,,1.61024
8240,59.5585468962585,19072480580254,1,5.110700149089098,5.7398,5.166592,2.0629,14555,0.001024,0.741632,,0.240384,0.083968,0.000256,0.064512,0.003072,0.011776,,0.0025599999999999998,,1.612288
8241,59.563224397675732,19072480637652,1,4.6775015071034431,4.4465,5.183232,2.441,14555,0.001024,0.74726399999999993,,0.033024,0.34176,0,0.323584,0.003072,0.013568,,0.0025599999999999998,,1.5966719999999999
8242,59.568281802721089,19072480682117,1,5.0574052147567272,6.5747,4.660736,2.371,14555,0.001024,0.73215999999999992,,0.03328,0.084224,0.000256,0.06656,0.007424,0.011264,,0.002304,,1.595392
8243,59.573502295918367,19072480747864,1,5.2204933017492294,5.225,4.688896,2.3498,14555,0.001024,0.74726399999999993,,0.03328,0.083712,0.000256,0.065792,0.003584,0.011776,,0.002304,,1.595904
8244,59.578741801303849,19072480800114,1,5.23950532078743,4.819,5.199616,2.3656,14757,0.001024,0.73804799999999993,,0.033024,0.083968,0,0.065792,0.007424,0.012032,,0.0025599999999999998,,1.598976
8245,59.584185501700681,19072480848304,1,5.4437005892395973,5.0544,5.22496,2.4107,14750,0.001024,0.74496,,0.03328,0.086784,0.000256,0.06912,0.0076799999999999993,0.014336,,0.002304,,2.10048
8246,59.589248596938774,19072480898848,1,5.0630951300263405,5.1498,4.7104,2.7511,14555,0.001024,0.738304,,0.03328,0.086784,0,0.068608,0.003072,0.015104,,0.002304,,1.613568
8247,59.593962996031742,19072480950346,1,4.7143991105258465,5.7559,4.723968,2.313,14555,0.001024,0.747008,,0.03328,0.08448,0,0.066304,0.003584,0.011519999999999999,,0.002304,,1.597184
8248,59.598936600056689,19072481007905,1,4.9736038781702518,5.1046,4.69632,2.3581,14555,0.001024,0.75238399999999994,,0.033535999999999996,0.080384,0,0.06272,0.0076799999999999993,0.011007999999999999,,0.0025599999999999998,,1.595648
8249,59.604270797902494,19072481058951,1,5.3341980092227459,4.761,4.74368,2.7049,14555,0.001024,0.753408,,0.03328,0.08524799999999999,0,0.066816,0.003584,0.010752,,0.0025599999999999998,,1.618688
8250,59.6089718962585,19072481106561,1,4.7010984271764755,5.2117,4.709376,2.4685,14555,0.001024,0.744192,,0.03328,0.082431999999999991,0,0.064512,0.007936,0.010239999999999999,,0.002304,,1.60128
8251,59.614281001984125,19072481158678,1,5.3091058507561684,4.3754,4.685312,2.5283,14555,0.001024,0.746752,,0.033024,0.083968,0.000256,0.065536,0.007424,0.012799999999999999,,0.002304,,1.6130559999999998
8252,59.619783900226757,19072481202432,1,5.502898246049881,5.5349,4.769024,2.604,14555,0.001024,0.75903999999999994,,0.03328,0.082431999999999991,0,0.064512,0.0076799999999999993,0.011776,,0.0025599999999999998,,1.599232
8253,59.625356200396823,19072481257781,1,5.5722999386489391,4.5817,5.412608,2.5477,14555,0.001024,0.74624,,0.032768,0.08576,0,0.067071999999999993,0.003072,0.015359999999999999,,0.002048,,2.128896
8254,59.630558496315189,19072481303598,1,5.20229572430253,5.6703,4.97024,2.495,14555,0.001024,0.74368,,0.03456,0.086272,0.000256,0.06784,0.003072,0.014848,,0.002304,,1.6097279999999998
8255,59.636056001984123,19072481360301,1,5.4975058883428574,6.102,5.17888,2.4304,14555,0.001024,0.74803199999999992,,0.034816,0.0832,0.000256,0.063744,0.007936,0.010496,,0.002304,,1.615872
8256,59.641437797619048,19072481421321,1,5.3817955777049065,5.473,5.147904,2.4771,14555,0.001024,0.756992,,0.035072,0.08524799999999999,0,0.06656,0.003072,0.012288,,0.0025599999999999998,,1.6030719999999998
8257,59.646915901360543,19072481476051,1,5.4781036451458931,4.4505,5.34784,2.9908,14555,0.001024,0.744192,,0.033024,0.32716799999999996,0,0.30848,0.010496,0.013824,,0.002304,,1.758208
8258,59.652155300453515,19072481520556,1,5.2393991500139236,5.4112,5.251328,2.5347,64281,0.001024,0.749312,,0.035328,0.084735999999999992,0,0.066048,0.0076799999999999993,0.010496,,0.002304,,1.5933439999999999
8259,59.658585799319724,19072481574668,1,6.4304987899959087,5.6507,5.235712,2.2637,14555,0.001024,0.74803199999999992,,0.033024,0.341504,0,0.323584,0.007424,0.013312,,0.0025599999999999998,,1.5951359999999999
8260,59.667580796485261,19072481631175,1,8.99499747902155,5.0008,5.315072,0.8796,14555,0.0012799999999999999,0.74470399999999992,,0.033535999999999996,0.084224,0,0.066048,0.007936,0.010239999999999999,,0.002304,,1.613568
8261,59.673115497448975,19072481681183,1,5.53470104932785,7.5266,0.034048,2.0931,14555,0.006912,0.729344,,0.035584,0.079615999999999992,0.000256,0.062464,0.003584,0.011519999999999999,,0.002304,,1.888
8262,59.679172597789112,19072481756449,1,6.0571003705263138,4.5704,5.104896,2.9685,14757,0.001024,0.73983999999999994,,0.033024,0.082688,0,0.064767999999999992,0.004096,0.014079999999999999,,0.002304,,1.8675199999999998
8263,59.685021598639452,19072481802153,1,5.8490009978413582,9.6792,5.247232,3.0475,14555,0.001024,0.73856,,0.033535999999999996,0.078336,0,0.060416,0.007424,0.010496,,0.002304,,2.1089279999999997
8264,59.690948497732421,19072481898945,1,5.9268991462886333,5.9489,5.198848,3.2867,14555,0.001024,0.746752,,0.033024,0.083712,0.000256,0.065279999999999991,0.003584,0.012032,,0.0025599999999999998,,1.854464
8265,59.696355598072557,19072481958434,1,5.4071005433797836,5.69,5.22752,2.7215,14555,0.001024,0.751872,,0.03328,0.089855999999999991,0,0.070144,0.003584,0.012032,,0.002048,,1.7728
8266,59.701631802721089,19072482015334,1,5.27620455250144,5.2297,5.340672,2.6084,14555,0.001024,0.73727999999999994,,0.032768,0.08576,0,0.06784,0.003328,0.011776,,0.002304,,1.860096
8267,59.707184601757369,19072482067631,1,5.5527989752590656,5.8176,5.214208,2.8413,14555,0.001024,0.747008,,0.032768,0.081919999999999993,0.000256,0.064256,0.0038399999999999997,0.012032,,0.002304,,1.84704
8268,59.712602097505666,19072482125807,1,5.4174959659576416,5.9112,5.130752,2.4823,14555,0.001024,0.74470399999999992,,0.033535999999999996,0.082688,0,0.064,0.007424,0.010239999999999999,,0.0025599999999999998,,1.76128
8269,59.717845301870746,19072482184919,1,5.2432045340538025,4.9592,5.390336,2.6037,14555,0.001024,0.74137599999999992,,0.03328,0.082176,0,0.064,0.007424,0.011519999999999999,,0.0025599999999999998,,2.118656
8270,59.723075297619047,19072482234511,1,5.2299955859780312,5.3094,5.214464,2.5735,14555,0.001024,0.736768,,0.033024,0.081664,0,0.063488,0.0076799999999999993,0.010239999999999999,,0.002304,,2.121728
8271,59.728578195861672,19072482287605,1,5.502898246049881,5.6076,5.12896,2.5621,14555,0.001024,0.751104,,0.033535999999999996,0.083968,0,0.065792,0.003328,0.012032,,0.002304,,1.854464
8272,59.734161302437641,19072482343681,1,5.58310654014349,5.1268,5.185536,2.5944,14555,0.0012799999999999999,0.741632,,0.033535999999999996,0.081152,0.000256,0.06272,0.003584,0.011264,,0.002304,,1.856512
8273,59.739423398526071,19072482394949,1,5.26209594681859,6.0104,5.301504,2.5347,14802,0.001024,0.743424,,0.033535999999999996,0.082688,0,0.064512,0.003584,0.011264,,0.002304,,1.8288639999999998
8274,59.745003599773241,19072482455053,1,5.5802012793719769,4.7168,5.337088,2.5639,14555,0.001024,0.738304,,0.03328,0.080127999999999991,0.000256,0.061952,0.003328,0.014079999999999999,,0.002304,,1.868288
8275,59.750217899659859,19072482502221,1,5.2143000066280365,5.9684,5.191168,2.7595,14555,0.001024,0.740096,,0.033535999999999996,0.079615999999999992,0,0.060416,0.003584,0.010496,,0.002304,,1.839872
8276,59.756378897392288,19072482561905,1,6.1609977856278419,5.111,5.189632,2.5439,14555,0.001024,0.747776,,0.033535999999999996,0.083712,0,0.065536,0.003328,0.011007999999999999,,0.002304,,1.8777599999999999
8277,59.762399298469383,19072482613015,1,6.0204011388123035,5.9632,5.57952,2.45,14555,0.001024,0.7488,,0.033535999999999996,0.080384,0.000256,0.061952,0.0076799999999999993,0.010496,,0.0025599999999999998,,1.8506239999999998
8278,59.767616397392288,19072482672647,1,5.2170990966260433,4.8772,5.912064,3.1689,14555,0.001024,0.73651199999999994,,0.03584,0.083968,0,0.064256,0.003072,0.015104,,0.0025599999999999998,,2.294784
8279,59.77321029620181,19072482721419,1,5.593898706138134,5.8769,5.213184,2.6784,14555,0.001024,0.73548799999999992,,0.03328,0.084735999999999992,0,0.066304,0.0097279999999999988,0.014848,,0.0025599999999999998,,2.141952
8280,59.778374298469387,19072482780188,1,5.1640020683407784,6.5995,5.010176,2.5125,14757,0.0012799999999999999,0.74803199999999992,,0.034048,0.084992,0,0.06656,0.0084479999999999989,0.011007999999999999,,0.002304,,1.8744319999999999
8281,59.784129698129249,19072482846183,1,5.7553998194634914,4.6292,5.1968,2.5809,14555,0.001024,0.748288,,0.033535999999999996,0.087039999999999992,0,0.068608,0.003328,0.014079999999999999,,0.002048,,2.095872
8282,59.789584297052151,19072482892475,1,5.4545989260077477,6.092,5.445376,2.2269,14555,0.001024,0.74752,,0.034048,0.083456,0.000256,0.064512,0.003328,0.012032,,0.0025599999999999998,,2.116352
8283,59.794733297902489,19072482953395,1,5.1490007899701595,4.4551,5.366528,2.3437,14555,0.001024,0.740352,,0.033024,0.086016,0,0.06784,0.003328,0.014079999999999999,,0.002048,,2.10688
8284,59.800383000283446,19072482997946,1,5.6497021578252316,6.1524,5.201152,2.5131,14555,0.001024,0.731648,,0.033535999999999996,0.083968,0,0.066304,0.003328,0.011519999999999999,,0.0025599999999999998,,1.8475519999999999
8285,59.805696499433104,19072483059470,1,5.3134993650019169,5.5908,5.636352,2.4607,14555,0.001024,0.758272,,0.033791999999999996,0.081919999999999993,0.000256,0.063744,0.008192,0.010752,,0.002304,,1.85472
8286,59.810974298469382,19072483115378,1,5.2777989767491817,4.5876,5.284608,2.3753,14555,0.001024,0.7488,,0.03328,0.084992,0,0.066304,0.007936,0.012544,,0.002304,,1.8623999999999998
8287,59.816072200963717,19072483161254,1,5.0979023799300194,5.5409,5.25696,2.6017,14555,0.001024,0.74214399999999991,,0.033024,0.086016,0,0.068352,0.009472,0.013568,,0.002304,,1.86368
8288,59.821361401643991,19072483216663,1,5.2892006933689117,5.427,5.075712,2.592,14555,0.001024,0.742912,,0.033024,0.080384,0.000256,0.062208,0.007424,0.013056,,0.002048,,1.595392
8289,59.826306696428567,19072483270933,1,4.9452949315309525,5.1637,4.996608,2.59,14555,0.001024,0.749568,,0.036608,0.082431999999999991,0,0.063232,0.003072,0.012032,,0.0025599999999999998,,1.5966719999999999
8290,59.8316174957483,19072483322570,1,5.3107994608581066,5.2143,4.961024,2.3633,14555,0.001024,0.74726399999999993,,0.03328,0.083968,0.000256,0.065792,0.010496,0.011007999999999999,,0.002304,,1.597184
8291,59.836760700113373,19072483374713,1,5.1432042382657528,5.4853,5.020672,2.5253,14555,0.001024,0.74726399999999993,,0.03328,0.082688,0,0.064,0.003584,0.012032,,0.002304,,1.78688
8292,59.842648696145119,19072483429566,1,5.8879959397017956,5.1379,5.050112,2.7668,14555,0.001024,0.74137599999999992,,0.035072,0.22655999999999998,0,0.064767999999999992,0.0048639999999999994,0.010496,,0.0025599999999999998,,1.597696
8293,59.847708701814057,19072483480945,1,5.0600054673850536,5.189,5.325824,2.4242,14555,0.001024,0.743424,,0.033024,0.082431999999999991,0,0.064256,0.007936,0.011007999999999999,,0.002304,,1.5979519999999998
8294,59.853045301870743,19072483532835,1,5.3365998901426792,4.908,5.120768,2.318,14555,0.001024,0.731648,,0.03456,0.082431999999999991,0.000256,0.064512,0.011776,0.014079999999999999,,0.002304,,1.5964159999999998
8295,59.8583262967687,19072483581915,1,5.2809948101639748,6.2797,5.320704,2.366,14555,0.0012799999999999999,0.73215999999999992,,0.033024,0.083968,0.000256,0.065024,0.007424,0.011007999999999999,,0.002304,,1.592576
8296,59.863465497448978,19072483644712,1,5.1392004825174809,4.7499,5.116416,2.2863,14555,0.001024,0.72959999999999992,,0.034048,0.0832,0.000256,0.064767999999999992,0.003584,0.013056,,0.002304,,1.5948799999999999
8297,59.868951799886617,19072483692211,1,5.4863025434315205,5.2017,5.267968,2.4708,14555,0.001024,0.72704,,0.034304,0.086272,0,0.067583999999999991,0.003072,0.014336,,0.003072,,1.754624
8298,59.8739544005102,19072483744228,1,5.0026006065309048,5.4806,5.377792,2.6202,14555,0.001024,0.741632,,0.03328,0.304896,0,0.066304,0.0051199999999999996,0.012288,,0.002304,,1.592832
8299,59.880140199829931,19072483799034,1,6.1857993714511395,5.057,5.068032,2.46,14757,0.001024,0.724992,,0.03328,0.0832,0,0.065536,0.003328,0.011519999999999999,,0.002816,,1.7502719999999998
8300,59.885020599489792,19072483849604,1,4.8803994432091713,5.495,6.166784,2.3507,14555,0.001024,0.754432,,0.035584,0.08448,0.000256,0.065792,0.003328,0.011776,,0.002304,,2.3754239999999998
8301,59.890376296768707,19072483904554,1,5.3556971251964569,5.2385,4.856064,2.6394,14750,0.001024,0.74496,,0.034304,0.085504,0.000256,0.067328,0.003328,0.012799999999999999,,0.002048,,1.5999999999999999
8302,59.895861500850337,19072483956939,1,5.4852040484547615,5.7137,5.316352,2.4224,14555,0.0012799999999999999,0.74496,,0.033791999999999996,0.082176,0,0.063488,0.007424,0.011264,,0.0025599999999999998,,1.9025919999999998
8303,59.901037599206347,19072484014076,1,5.1760985516011715,5.2401,5.41312,2.6023,14555,0.001024,0.74547199999999991,,0.033535999999999996,0.085504,0,0.066816,0.003328,0.013568,,0.0025599999999999998,,1.853696
8304,59.906308397108845,19072484066477,1,5.27079775929451,5.0657,5.190144,2.5866,64281,0.0012799999999999999,0.73856,,0.033535999999999996,0.084992,0,0.066816,0.006912,0.013056,,0.002304,,2.089728
8305,59.912364696712018,19072484117134,1,6.0562994331121445,5.4458,5.259008,2.4649,14555,0.001024,0.751616,,0.034048,0.081664,0,0.06297599999999999,0.0038399999999999997,0.010239999999999999,,0.002304,,2.110976
8306,59.918971301020406,19072484171592,1,6.6066044382750988,5.5396,5.213696,0.7574,14555,0.001024,0.749568,,0.034304,0.0832,0,0.064767999999999992,0.0076799999999999993,0.010496,,0.0025599999999999998,,1.8557439999999998
8307,59.923928195861677,19072484226988,1,4.9568950198590755,6.6999,0.035072,2.6509,14555,0.001024,0.74624,,0.033024,0.08448,0,0.06656,0.003328,0.012288,,0.002048,,1.7569279999999998
8308,59.929372696995465,19072484293987,1,5.4445010609924793,4.7431,5.004032,2.494,14555,0.001024,0.73344,,0.032768,0.238336,0,0.065279999999999991,0.005632,0.013824,,0.002304,,1.595904
8309,59.934672002551018,19072484341418,1,5.29930554330349,6.4193,5.294592,2.7232,14555,0.001024,0.74752,,0.03328,0.0832,0,0.064767999999999992,0.003584,0.010239999999999999,,0.0025599999999999998,,1.8306559999999998
8310,59.939922002551015,19072484405611,1,5.2499999292194843,5.1452,5.280768,2.6985,14607,0.0012799999999999999,0.745216,,0.033535999999999996,0.081664,0,0.06297599999999999,0.003328,0.011007999999999999,,0.0025599999999999998,,1.831936
8311,59.945509899376418,19072484457063,1,5.5878967978060246,5.1996,5.21856,2.3709,14555,0.001024,0.756736,,0.033791999999999996,0.083712,0,0.065279999999999991,0.003328,0.010239999999999999,,0.0025599999999999998,,2.124288
8312,59.950737996031741,19072484509059,1,5.22809661924839,5.344,5.57056,2.5196,14555,0.001024,0.734976,,0.033535999999999996,0.083712,0,0.065024,0.003328,0.011776,,0.0025599999999999998,,1.8488319999999998
8313,59.956087599206349,19072484562499,1,5.3496030159294605,5.3271,5.208064,2.3421,14555,0.001024,0.7424,,0.033535999999999996,0.085504,0,0.067583999999999991,0.003584,0.013824,,0.002304,,1.873408
8314,59.961630498866214,19072484615770,1,5.54289948195219,5.4845,5.235456,2.3664,14555,0.001024,0.740096,,0.03328,0.084224,0,0.066304,0.0076799999999999993,0.011007999999999999,,0.002304,,1.883648
8315,59.966563697562357,19072484670615,1,4.9331989139318466,5.2675,5.244416,2.731,14555,0.0012799999999999999,0.740096,,0.032768,0.081919999999999993,0.000256,0.063232,0.0076799999999999993,0.014336,,0.002304,,1.87008
8316,59.9713674957483,19072484723290,1,4.8037981614470482,6.2402,4.674304,2.5192,14555,0.001024,0.74905599999999994,,0.033024,0.081152,0,0.06297599999999999,0.003584,0.011776,,0.0025599999999999998,,1.613568
8317,59.976216999716549,19072484785692,1,4.8495037481188774,4.7395,4.684288,2.5143,14757,0.001024,0.749312,,0.03328,0.0832,0.000256,0.065024,0.003328,0.010239999999999999,,0.002816,,1.5948799999999999
8318,59.981216099773242,19072484833087,1,4.9991002306342125,4.5754,4.705792,2.56,14555,0.001024,0.746752,,0.033535999999999996,0.082688,0,0.064512,0.0063999999999999994,0.010752,,0.0025599999999999998,,1.599232
8319,59.98649409722222,19072484878841,1,5.2779973484575748,5.0942,4.707072,2.5051,14555,0.001024,0.75468799999999991,,0.033535999999999996,0.083712,0,0.066048,0.004096,0.012288,,0.002304,,1.596928
8320,59.991456101190472,19072484929783,1,4.9620037898421288,4.6966,5.260544,2.413,17551,0.001024,0.73856,,0.032768,0.086016,0,0.067583999999999991,0.003328,0.014336,,0.002304,,1.5982079999999999
8321,59.996685402494329,19072484976749,1,5.2293012849986553,4.5018,4.874752,2.4469,18001,0.001024,0.73856,,0.032768,0.086016,0,0.067583999999999991,0.003328,0.014336,,0.002304,,1.5982079999999999
8322,60.001492297335595,19072485021767,1,4.8068948090076447,5.5396,4.72448,2.2249,14555,0.001024,0.737024,,0.032768,0.080896,0,0.06272,0.009216,0.010496,,0.002304,,1.612544
8323,60.0066579010771,19072485077163,1,5.165603943169117,5.32,4.681216,2.2111,14555,0.001024,0.7552,,0.033791999999999996,0.08294399999999999,0.000256,0.064512,0.004352,0.011264,,0.002304,,1.612032
8324,60.01206969954648,19072485130363,1,5.4117986001074314,5.4143,4.695808,3.2468,14555,0.0012799999999999999,0.74137599999999992,,0.03328,0.081664,0,0.064,0.007936,0.011264,,0.0025599999999999998,,1.6099839999999999
8325,60.016823696145124,19072485184506,1,4.75399661809206,5.2965,4.73088,2.3187,14555,0.001024,0.741888,,0.033024,0.083456,0,0.065024,0.0076799999999999993,0.010496,,0.0025599999999999998,,1.5946239999999998
8326,60.021993799603173,19072485237471,1,5.1701036281883717,4.5467,4.73344,2.2903,14555,0.001024,0.741888,,0.033024,0.084735999999999992,0,0.066048,0.003072,0.013824,,0.002304,,1.617664
8327,60.027205399659863,19072485282938,1,5.2116001024842262,5.2539,4.732928,2.2669,14555,0.001024,0.74726399999999993,,0.03328,0.082431999999999991,0,0.063744,0.007936,0.010752,,0.0025599999999999998,,1.6148479999999998
8328,60.032443402777773,19072485335477,1,5.238003097474575,5.2938,4.945408,2.3827,14555,0.001024,0.747008,,0.033535999999999996,0.08576,0,0.067328,0.0076799999999999993,0.011519999999999999,,0.003072,,1.5997439999999998
8329,60.037560700113374,19072485388415,1,5.1172971725463867,4.2727,5.302784,2.6124,14555,0.0012799999999999999,0.742912,,0.034816,0.086528,0,0.068096,0.007424,0.013312,,0.002304,,1.59744
8330,60.042983900226758,19072485431142,1,5.4232003167271614,5.3518,5.19168,2.5741,14750,0.001024,0.737024,,0.03328,0.087551999999999991,0,0.068864,0.007424,0.013312,,0.002304,,1.595392
8331,60.04833949829932,19072485484660,1,5.35559793934226,5.6758,5.222912,2.2324,14555,0.001024,0.750848,,0.035584,0.081919999999999993,0.000256,0.063232,0.007424,0.010239999999999999,,0.003072,,1.598976
8332,60.053363598356007,19072485541418,1,5.0241001881659031,4.8029,5.257728,2.4685,14555,0.001024,0.739072,,0.034304,0.084735999999999992,0,0.066816,0.010752,0.014591999999999999,,0.002304,,1.598976
8333,60.058817198129248,19072485589447,1,5.4535996168851852,5.4183,5.088,2.6905,14555,0.001024,0.73983999999999994,,0.034816,0.084992,0,0.066816,0.007424,0.013312,,0.002304,,1.5966719999999999
8334,60.063875999149658,19072485643630,1,5.0588008016347885,5.348,4.9856,2.3594,14555,0.0012799999999999999,0.745984,,0.033024,0.31385599999999997,0,0.065792,0.006144,0.012544,,0.0025599999999999998,,1.597696
8335,60.069616000566889,19072485697110,1,5.7400013320147991,4.8494,5.05984,2.9934,14555,0.001024,0.73088,,0.034048,0.086272,0,0.06784,0.003584,0.013824,,0.002304,,1.5948799999999999
8336,60.0746297973356,19072485745604,1,5.0137969665229321,5.7697,5.283328,2.1703,14555,0.001024,0.756992,,0.035328,0.0832,0.000256,0.064512,0.0063999999999999994,0.010496,,0.002304,,1.5948799999999999
8337,60.08017079790249,19072485803301,1,5.5410005152225494,4.8972,4.994048,2.6391,14757,0.001024,0.747776,,0.035072,0.084735999999999992,0,0.06656,0.003584,0.014079999999999999,,0.002304,,1.598976
8338,60.085462996031744,19072485852273,1,5.2921981550753117,5.7799,5.51424,2.283,14555,0.001024,0.745728,,0.03328,0.32383999999999996,0.000256,0.063488,0.0048639999999999994,0.011264,,0.0025599999999999998,,1.7489919999999999
8339,60.09081829648526,19072485910072,1,5.3553003817796707,4.7859,5.276416,2.4657,14555,0.001024,0.74649599999999994,,0.033024,0.08524799999999999,0.000256,0.066816,0.007168,0.013056,,0.002304,,1.864704
8340,60.095862499999996,19072485957931,1,5.0442037172615528,5.9063,5.15072,2.6687,14555,0.001024,0.74496,,0.033024,0.30668799999999996,0,0.288256,0.003072,0.013312,,0.002304,,1.5966719999999999
8341,60.101041198979587,19072486016994,1,5.1786988042294979,5.1721,5.13408,2.5563,14555,0.001024,0.739584,,0.03328,0.084735999999999992,0.000256,0.066048,0.011264,0.011007999999999999,,0.002048,,1.5948799999999999
8342,60.106027799036276,19072486068715,1,4.9866000190377235,5.2017,5.21984,2.5809,14555,0.0012799999999999999,0.74496,,0.033535999999999996,0.084992,0,0.06656,0.003328,0.011519999999999999,,0.002304,,2.097152
8343,60.112156696428571,19072486120732,1,6.1288974247872829,5.2688,4.974592,2.972,14555,0.001024,0.7488,,0.033791999999999996,0.082688,0,0.064256,0.003584,0.012032,,0.002304,,1.8726399999999999
8344,60.117323200113375,19072486173420,1,5.1665036007761955,5.3449,5.39776,2.9703,14555,0.001024,0.748544,,0.034048,0.082688,0,0.064512,0.007424,0.010239999999999999,,0.002816,,2.096384
8345,60.123208000283441,19072486226869,1,5.8848001062870026,4.5965,5.231872,2.8866,14555,0.001024,0.73881599999999992,,0.03328,0.084735999999999992,0.000256,0.06656,0.011519999999999999,0.012544,,0.002048,,2.128384
8346,60.128422101757366,19072486272834,1,5.2141016349196434,7.0828,4.985344,2.102,14555,0.001024,0.749568,,0.033791999999999996,0.080127999999999991,0,0.061952,0.003584,0.012544,,0.002304,,1.596928
8347,60.134087202380947,19072486343662,1,5.6651006452739239,4.4147,5.266432,2.2564,14555,0.001024,0.74752,,0.03328,0.086016,0,0.067583999999999991,0.003072,0.014591999999999999,,0.002304,,2.113024
8348,60.139431299603174,19072486387809,1,5.3440970368683338,6.3298,5.561856,2.6478,14555,0.001024,0.742656,,0.03328,0.086016,0,0.06784,0.003328,0.013312,,0.002048,,2.10048
8349,60.144570897108842,19072486451107,1,5.1395976915955544,4.516,5.264384,2.3173,14607,0.001024,0.73804799999999993,,0.032768,0.084735999999999992,0,0.066048,0.0084479999999999989,0.012032,,0.002048,,1.8559999999999999
8350,60.149840001417232,19072486496267,1,5.2691041491925716,5.501,5.239296,2.5977,14555,0.001024,0.73088,,0.032768,0.084735999999999992,0,0.066048,0.007168,0.014848,,0.0025599999999999998,,1.865472
8351,60.155285600907028,19072486551277,1,5.4455995559692383,5.7392,5.248512,2.1674,14555,0.001024,0.739584,,0.033024,0.081152,0.000256,0.06272,0.003328,0.011007999999999999,,0.002048,,1.87136
8352,60.160495996315191,19072486608669,1,5.2103954367339611,4.6054,5.371136,2.408,64281,0.0012799999999999999,0.72832,,0.032768,0.084735999999999992,0.000256,0.066816,0.007424,0.013824,,0.002304,,1.8659839999999999
8353,60.165981299603175,19072486654723,1,5.4853032343089581,5.6633,5.254912,2.4576,14555,0.001024,0.740352,,0.033024,0.086528,0.000256,0.068864,0.0076799999999999993,0.013312,,0.002304,,1.86496
8354,60.171996598639453,19072486711356,1,6.0152988880872726,5.2259,4.969472,0.6254,14555,0.001024,0.74624,,0.033024,0.084735999999999992,0,0.066048,0.007424,0.013312,,0.002304,,1.611008
8355,60.17735399659864,19072486763615,1,5.3573981858789921,6.721,0.035328,2.5451,14757,0.001024,0.7488,,0.035072,0.082431999999999991,0.000256,0.063232,0.008192,0.011776,,0.002304,,1.862144
8356,60.183398001700681,19072486830825,1,6.0440050438046455,4.2008,5.261568,2.952,14555,0.001024,0.743424,,0.03328,0.08448,0,0.066304,0.004352,0.012544,,0.002304,,1.597184
8357,60.188820698696141,19072486872833,1,5.4226969368755817,6.3557,5.807872,2.212,14555,0.001024,0.749312,,0.036351999999999995,0.103424,0,0.064512,0.0038399999999999997,0.010496,,0.002816,,1.610752
8358,60.194058602607704,19072486936390,1,5.2379039116203785,4.9929,5.357824,2.5218,14750,0.001024,0.741888,,0.033535999999999996,0.084224,0,0.066048,0.0076799999999999993,0.015104,,0.002048,,1.9077119999999999
8359,60.199475602324263,19072486986319,1,5.4169995710253716,6.0569,5.278464,2.9064,14555,0.0012799999999999999,0.74982399999999994,,0.033535999999999996,0.08524799999999999,0,0.067328,0.007424,0.014591999999999999,,0.002048,,1.886464
8360,60.2048,19072487046888,1,5.3243977017700672,5.5865,5.235712,2.22,14555,0.001024,0.75776,,0.03328,0.08448,0.000256,0.066304,0.008192,0.010239999999999999,,0.002304,,1.8488319999999998
8361,60.209937499999995,19072487102753,1,5.137499887496233,4.8851,5.304576,2.091,14555,0.001024,0.737536,,0.034048,0.08294399999999999,0.000256,0.064767999999999992,0.003072,0.013312,,0.002304,,1.599232
8362,60.21526780045351,19072487151604,1,5.33030042424798,5.6091,5.101568,2.1306,14555,0.001024,0.733696,,0.034048,0.08576,0.000256,0.067583999999999991,0.0076799999999999993,0.014336,,0.002048,,1.5933439999999999
8363,60.220891397392286,19072487207695,1,5.6235967203974724,4.8288,5.232896,2.4478,14555,0.001024,0.739584,,0.034304,0.084224,0,0.065792,0.003328,0.011264,,0.002048,,1.597184
8364,60.226116496598635,19072487255983,1,5.22509915754199,5.4887,5.550848,2.4388,14555,0.001024,0.744192,,0.034816,0.084992,0,0.066816,0.007424,0.013312,,0.002304,,1.8122239999999998
8365,60.231629301303855,19072487310870,1,5.5128047242760658,5.9689,5.273856,2.4245,14555,0.0012799999999999999,0.742656,,0.033024,0.086272,0,0.068096,0.007424,0.013056,,0.002304,,1.5936
8366,60.236960296201815,19072487370559,1,5.330994725227356,5.0643,5.55008,2.4735,14555,0.001024,0.74726399999999993,,0.041471999999999995,0.086528,0,0.068608,0.007936,0.015104,,0.002304,,1.7958399999999999
8367,60.242236401643986,19072487421202,1,5.2761053666472435,5.6784,5.311488,2.2588,14555,0.001024,0.747008,,0.035072,0.087039999999999992,0,0.068608,0.0076799999999999993,0.012799999999999999,,0.002048,,1.596928
8368,60.247431299603171,19072487477986,1,5.1948977634310722,5.1122,5.165312,2.3159,14555,0.001024,0.73983999999999994,,0.03456,0.086016,0,0.06784,0.007424,0.014591999999999999,,0.002304,,1.599232
8369,60.252607801870745,19072487529108,1,5.1765022799372673,5.62,5.257984,2.2881,14555,0.001024,0.745216,,0.032768,0.084735999999999992,0,0.06656,0.003328,0.014848,,0.002048,,1.597184
8370,60.25797750141723,19072487585308,1,5.3696995601058006,5.338,5.147904,2.2964,14555,0.0012799999999999999,0.744192,,0.034048,0.08524799999999999,0,0.06656,0.0076799999999999993,0.012544,,0.002048,,1.594112
8371,60.263535997732426,19072487638688,1,5.5584963411092758,4.7985,5.342976,2.3272,14555,0.001024,0.73344,,0.034816,0.086016,0,0.06784,0.007424,0.013056,,0.002304,,1.7605119999999999
8372,60.269017198129248,19072487686673,1,5.48120029270649,5.4649,5.233664,2.476,14555,0.001024,0.74137599999999992,,0.034816,0.086016,0.000256,0.068352,0.0076799999999999993,0.015359999999999999,,0.002304,,1.612544
8373,60.274271797052151,19072487741322,1,5.2545988000929356,6.2348,5.243392,2.1989,14555,0.001024,0.744192,,0.038911999999999995,0.081152,0,0.062464,0.00896,0.010752,,0.0025599999999999998,,1.5946239999999998
8374,60.279994798752831,19072487803670,1,5.7230019010603428,4.393,5.293056,2.4745,14757,0.001024,0.740864,,0.033024,0.08448,0,0.065792,0.007424,0.013312,,0.002304,,1.5979519999999998
8375,60.285138399943307,19072487847600,1,5.143600981682539,6.0512,5.624064,2.4703,14555,0.004352,0.75008,,0.03328,0.086016,0,0.067328,0.0076799999999999993,0.010752,,0.0025599999999999998,,2.274304
8376,60.29060539965986,19072487908112,1,5.4669994860887527,4.8953,5.126656,2.3426,43502,0.001024,0.734976,,0.03328,0.08832,0,0.069632,0.163328,0.013568,,0.002304,,1.6130559999999998
8377,60.2959387967687,19072487957065,1,5.3333970718085766,6.2794,5.321216,2.6267,14555,0.001024,0.757504,,0.03328,0.082431999999999991,0,0.064256,0.0076799999999999993,0.010496,,0.0025599999999999998,,1.749248
8378,60.30136220238095,19072488019859,1,5.4234056733548641,4.9629,5.318656,2.7672,14555,0.001024,0.75468799999999991,,0.03328,0.081408,0,0.063488,0.007936,0.011519999999999999,,0.0025599999999999998,,1.872896
8379,60.306554698129247,19072488069488,1,5.1924958825111389,5.4799,5.210624,2.5024,14555,0.001024,0.74752,,0.033535999999999996,0.084992,0.000256,0.06656,0.007936,0.010239999999999999,,0.002304,,1.834496
8380,60.311909502551018,19072488124287,1,5.354804452508688,5.3559,5.182464,2.4049,14555,0.001024,0.746752,,0.033535999999999996,0.08294399999999999,0.000256,0.064256,0.007424,0.011007999999999999,,0.002304,,2.098176
8381,60.317244302721086,19072488177846,1,5.3348001092672348,5.2602,5.329408,2.4086,14555,0.001024,0.745984,,0.033791999999999996,0.084224,0,0.066048,0.003584,0.011264,,0.002048,,2.108416
8382,60.322162797619043,19072488230448,1,4.91849472746253,5.3626,5.2446719999999996,2.3537,14555,0.0012799999999999999,0.746752,,0.033791999999999996,0.082688,0,0.063744,0.003328,0.012032,,0.002304,,1.846272
8383,60.327719600340131,19072488284074,1,5.5568027310073376,4.9789,4.97152,2.4048,14555,0.001024,0.7488,,0.033024,0.08524799999999999,0,0.067071999999999993,0.003328,0.013568,,0.002048,,1.8475519999999999
8384,60.333062896825396,19072488333863,1,5.3432965651154518,5.5458,5.294592,2.3968,14555,0.001024,0.7552,,0.033535999999999996,0.08294399999999999,0,0.064767999999999992,0.003584,0.010752,,0.002304,,1.867008
8385,60.338597200963719,19072488389321,1,5.5343043059110641,5.0845,5.312,2.5013,14555,0.001024,0.745728,,0.033024,0.083968,0,0.066048,0.008192,0.013568,,0.002048,,1.856768
8386,60.343609700963718,19072488440166,1,5.01250009983778,5.9034,5.19552,2.53,14750,0.001024,0.749312,,0.033024,0.084224,0.000256,0.066048,0.0076799999999999993,0.011264,,0.002304,,1.838336
8387,60.348976998299314,19072488499200,1,5.36729721352458,4.7893,4.977664,2.5136,14607,0.0012799999999999999,0.740864,,0.03328,0.082176,0,0.063744,0.003584,0.013312,,0.002304,,1.612544
8388,60.354126098356005,19072488547093,1,5.1490999758243561,5.6074,4.87552,2.4164,14555,0.001024,0.740352,,0.03328,0.082431999999999991,0,0.064,0.007936,0.011264,,0.003072,,1.598976
8389,60.3592547973356,19072488603167,1,5.1286988891661167,4.9025,5.19296,2.6463,14555,0.001024,0.733184,,0.03456,0.085504,0,0.06656,0.0076799999999999993,0.014336,,0.002304,,1.60128
8390,60.364601799886621,19072488652192,1,5.3470027633011341,5.4035,4.755968,2.6364,14555,0.001024,0.7552,,0.033791999999999996,0.081919999999999993,0,0.063744,0.0038399999999999997,0.011776,,0.002304,,1.595392
8391,60.370237896825394,19072488706227,1,5.6360969319939613,5.144,4.947456,2.4728,14555,0.001024,0.7424,,0.03328,0.08576,0.000256,0.066048,0.003328,0.011264,,0.002304,,1.5948799999999999
8392,60.37533450255102,19072488757667,1,5.0966055132448673,5.5259,5.114368,2.5093,14700,0.001024,0.745216,,0.033024,0.29696,0,0.060927999999999996,0.003584,0.010496,,0.002304,,1.597184
8393,60.380730498866214,19072488812926,1,5.3959963843226433,5.2338,5.068032,2.6232,14757,0.001024,0.7488,,0.033535999999999996,0.302848,0,0.067328,0.0048639999999999994,0.013568,,0.002304,,1.617408
8394,60.385572399376414,19072488865264,1,4.8419004306197166,5.7337,4.718592,2.3321,14555,0.001024,0.74982399999999994,,0.034048,0.081664,0,0.06297599999999999,0.007936,0.011776,,0.002304,,1.596928
8395,60.390618898809521,19072488922601,1,5.04649942740798,5.1414,4.68736,2.5245,14555,0.001024,0.754432,,0.03328,0.083456,0,0.064767999999999992,0.0076799999999999993,0.010752,,0.002304,,1.5999999999999999
8396,60.396216702097504,19072488974015,1,5.5978032760322094,4.8396,4.72192,2.5633,14555,0.0012799999999999999,0.752128,,0.033535999999999996,0.082431999999999991,0.000256,0.063744,0.007936,0.011776,,0.002304,,1.597184
8397,60.401167602040815,19072489022411,1,4.9509000964462757,4.9575,5.188864,2.5756,14555,0.001024,0.753408,,0.033535999999999996,0.083456,0,0.065024,0.008192,0.011264,,0.0025599999999999998,,1.7702399999999998
8398,60.4063873015873,19072489071986,1,5.21969934925437,5.2224,4.71808,2.6089,14555,0.001024,0.74649599999999994,,0.033791999999999996,0.083712,0,0.065536,0.003584,0.011776,,0.0025599999999999998,,1.615872
8399,60.411486897675736,19072489124210,1,5.0995959900319576,5.7871,4.697344,2.5119,64281,0.001024,0.757504,,0.03328,0.079872,0.000256,0.062208,0.003584,0.012032,,0.002304,,1.5966719999999999
8400,60.417702699829931,19072489182081,1,6.2158019281923771,4.5177,4.857856,2.7486,67268,0.001024,0.75776,,0.03328,0.081664,0,0.06272,0.004096,0.010752,,0.002304,,1.5997439999999998
8401,60.422918402777775,19072489227258,1,5.2157030440866947,5.8059,4.713728,0.7696,60483,0.001024,0.75776,,0.03328,0.081664,0,0.06272,0.004096,0.010752,,0.002304,,1.5997439999999998
8402,60.428253996598635,19072489285317,1,5.3355935961008072,6.2537,0.034304,2.4939,32126,0.001024,0.73804799999999993,,0.033024,0.086272,0,0.068096,0.003072,0.016128,,0.002304,,1.599488
8403,60.433237996031743,19072489347854,1,4.98399930074811,4.9466,5.0288639999999996,2.6614,28940,0.001024,0.74726399999999993,,0.033535999999999996,0.081664,0,0.063232,0.010496,0.012288,,0.0025599999999999998,,1.8690559999999998
8404,60.438134700963715,19072489397320,1,4.8967050388455391,4.954,4.744704,2.5491,14555,0.001024,0.75903999999999994,,0.033535999999999996,0.083712,0,0.065024,0.008192,0.011519999999999999,,0.002304,,1.5966719999999999
8405,60.443336096938772,19072489446860,1,5.2013960666954517,5.143,4.72576,2.6096,14555,0.001024,0.748544,,0.033024,0.082431999999999991,0,0.064,0.007424,0.010752,,0.0025599999999999998,,1.614592
8406,60.448500999149658,19072489498290,1,5.1649021916091442,5.1378,4.680704,2.8442,14555,0.001024,0.74982399999999994,,0.03328,0.083456,0,0.065024,0.0038399999999999997,0.011007999999999999,,0.002304,,1.5966719999999999
8407,60.453188399943308,19072489549668,1,4.6874010004103184,4.7152,4.726016,1.9211,14555,0.001024,0.73856,,0.033024,0.082431999999999991,0,0.064256,0.007936,0.011519999999999999,,0.002304,,1.599488
8408,60.458343501984125,19072489596820,1,5.1551018841564655,4.6154,4.673024,2.7234,14555,0.001024,0.729856,,0.032512,0.08448,0,0.066048,0.0076799999999999993,0.013056,,0.002304,,1.592576
8409,60.4630968962585,19072489642974,1,4.7533940523862839,5.406,4.758784,2.0644,14555,0.001024,0.74752,,0.033535999999999996,0.085504,0,0.066816,0.010239999999999999,0.012032,,0.002304,,1.5946239999999998
8410,60.468017998866209,19072489697034,1,4.9211024306714535,4.7138,4.7168,2.2545,14555,0.001024,0.745216,,0.03328,0.086272,0.000256,0.06784,0.007424,0.014336,,0.002048,,1.6115199999999998
8411,60.472803096655326,19072489744172,1,4.7850976698100567,5.3156,4.718592,2.0383,14555,0.001024,0.75647999999999993,,0.033535999999999996,0.084224,0.000256,0.066304,0.003328,0.011776,,0.002304,,1.597184
8412,60.477534800170062,19072489797328,1,4.7317035496234894,4.4111,4.7488,1.9461,14757,0.001024,0.73471999999999993,,0.033024,0.08294399999999999,0,0.065279999999999991,0.0076799999999999993,0.014848,,0.002048,,1.59872
8413,60.48228959750567,19072489841439,1,4.7547975555062294,4.8539,4.723712,1.9632,14555,0.001024,0.74803199999999992,,0.033024,0.08524799999999999,0,0.066304,0.010752,0.012288,,0.002304,,1.594368
8414,60.487104698129251,19072489889978,1,4.8151006922125816,5.0314,4.723712,1.9642,14555,0.001024,0.74368,,0.033024,0.086016,0,0.067328,0.007424,0.012032,,0.002304,,1.5982079999999999
8415,60.491853599773243,19072489940292,1,4.7489018179476261,4.8157,4.71936,2.0749,17551,0.001024,0.74624,,0.03328,0.082688,0,0.064512,0.003328,0.012799999999999999,,0.002304,,1.5951359999999999
8416,60.496560799319724,19072489988449,1,4.7071995213627815,4.7255,4.728064,2.1168,14750,0.0012799999999999999,0.733696,,0.033024,0.08448,0.000256,0.065792,0.007424,0.013312,,0.002304,,1.617664
8417,60.501394401927435,19072490035704,1,4.83360281214118,4.7865,4.759552,1.8009,18001,0.001024,0.741888,,0.03328,0.08524799999999999,0,0.067328,0.007168,0.010239999999999999,,0.0025599999999999998,,1.594368
8418,60.506066000566889,19072490083569,1,4.67159878462553,4.4276,4.74368,2.2499,14555,0.001024,0.74368,,0.033024,0.08524799999999999,0,0.067071999999999993,0.003072,0.014336,,0.002304,,1.59616
8419,60.510791397392289,19072490127845,1,4.7253966331481934,4.8567,4.70272,2.0842,14555,0.001024,0.744448,,0.033024,0.08448,0.000256,0.066304,0.007424,0.014079999999999999,,0.002304,,1.612288
8420,60.515536096938774,19072490176412,1,4.7446996904909611,5.238,4.700416,2.4976,14555,0.001024,0.75008,,0.03328,0.083456,0,0.065024,0.007168,0.011776,,0.002816,,1.5997439999999998
8421,60.520426502267568,19072490228792,1,4.8904051072895527,4.1133,4.732672,2.3115,14555,0.001024,0.75647999999999993,,0.03328,0.08448,0,0.06656,0.007424,0.012032,,0.002304,,1.5936
8422,60.525229095804988,19072490269925,1,4.8025934956967831,4.6244,4.868096,2.3248,14555,0.001024,0.74214399999999991,,0.033024,0.083456,0,0.065536,0.004352,0.013056,,0.002304,,1.5964159999999998
8423,60.5299218962585,19072490316169,1,4.6928003430366516,4.5789,4.704768,2.2249,14555,0.001024,0.739072,,0.032768,0.087039999999999992,0.000256,0.068608,0.005632,0.013568,,0.002304,,1.594368
8424,60.534665802154194,19072490361958,1,4.7439057379961014,5.2027,4.752896,2.0739,14555,0.001024,0.741632,,0.033024,0.084992,0,0.06656,0.0076799999999999993,0.011776,,0.002304,,1.59872
8425,60.539453897392285,19072490413985,1,4.7880951315164566,4.8198,4.726528,2.1577,14555,0.001024,0.74496,,0.032768,0.084735999999999992,0,0.067071999999999993,0.003328,0.014336,,0.002304,,1.594368
8426,60.544286699263033,19072490462183,1,4.8328018747270107,4.7851,4.758272,2.0842,14555,0.001024,0.747776,,0.033024,0.084992,0,0.066816,0.010752,0.014336,,0.002304,,1.595648
8427,60.549053996598637,19072490510034,1,4.767297301441431,4.6173,4.733952,2.4693,14555,0.001024,0.744192,,0.03328,0.086272,0,0.068352,0.007424,0.014591999999999999,,0.002304,,1.5966719999999999
8428,60.553752898242628,19072490556207,1,4.6989014372229576,5.16,4.754176,2.4437,14607,0.001024,0.75776,,0.033791999999999996,0.081408,0,0.063232,0.0076799999999999993,0.011519999999999999,,0.0025599999999999998,,1.598976
8429,60.558691000566888,19072490607807,1,4.9381023272871971,4.3536,4.738048,2.3848,14555,0.001024,0.74137599999999992,,0.033024,0.083968,0.000256,0.065792,0.007424,0.012288,,0.002304,,1.595392
8430,60.563448901643987,19072490651343,1,4.7579011879861355,5.1175,4.924672,2.4328,14555,0.001024,0.75903999999999994,,0.033535999999999996,0.083712,0.000256,0.064767999999999992,0.0076799999999999993,0.011007999999999999,,0.002304,,1.597184
8431,60.568292396541949,19072490702518,1,4.8434948548674583,4.9333,4.739072,2.1876,14555,0.001024,0.75238399999999994,,0.033535999999999996,0.082176,0,0.064256,0.007424,0.011519999999999999,,0.0025599999999999998,,1.5951359999999999
8432,60.572954095804988,19072490751851,1,4.661699291318655,4.4067,4.742656,2.3142,14555,0.001024,0.74214399999999991,,0.03328,0.08524799999999999,0,0.067328,0.007936,0.012544,,0.002304,,1.597696
8433,60.578062499999994,19072490795918,1,5.1084039732813835,5.0129,4.713984,2.4578,16877,0.001024,0.737536,,0.032768,0.087551999999999991,0,0.068864,0.008192,0.015104,,0.002304,,1.615872
8434,60.582823497732427,19072490846047,1,4.7609978355467319,5.2106,4.750848,2.053,14555,0.001024,0.75264,,0.033535999999999996,0.082176,0,0.063744,0.003328,0.012032,,0.002304,,1.5936
8435,60.58820089994331,19072490898153,1,5.3774020634591579,4.2919,4.72448,2.9811,14555,0.001024,0.740352,,0.03328,0.086528,0,0.068096,0.003072,0.012799999999999999,,0.002304,,1.62432
8436,60.592941595804987,19072490941072,1,4.7406959347426891,5.2877,4.744704,2.3092,14555,0.001024,0.747008,,0.03328,0.084735999999999992,0,0.066048,0.003584,0.010752,,0.002304,,1.598976
8437,60.597728599773241,19072490993949,1,4.7870040871202946,4.9642,4.725248,2.4295,14555,0.001024,0.742912,,0.033024,0.08524799999999999,0,0.06656,0.005376,0.013056,,0.002304,,1.618944
8438,60.602482801870742,19072491043591,1,4.7542019747197628,5.1079,4.739328,2.2626,14555,0.001024,0.75647999999999993,,0.03328,0.082431999999999991,0.000256,0.064256,0.0038399999999999997,0.010239999999999999,,0.002304,,1.5999999999999999
8439,60.607668799603175,19072491094670,1,5.1859975792467594,4.7723,4.751872,2.2799,14555,0.001024,0.737792,,0.03328,0.08294399999999999,0.000256,0.065024,0.011519999999999999,0.011776,,0.002304,,1.601024
8440,60.612394302721086,19072491142393,1,4.7255032695829868,5.0725,4.755712,1.8933,14555,0.001024,0.74752,,0.033791999999999996,0.082431999999999991,0.000256,0.064,0.0076799999999999993,0.012032,,0.002304,,1.60128
8441,60.617393799603171,19072491193118,1,4.9994969740509987,4.574,4.762368,2.0921,14555,0.0012799999999999999,0.74624,,0.033024,0.087039999999999992,0,0.068352,0.007424,0.013824,,0.002048,,1.5999999999999999
8442,60.623116999716551,19072491238858,1,5.7232002727687359,4.5938,4.866816,2.6205,14555,0.001024,0.74060799999999993,,0.033024,0.084992,0,0.066304,0.003584,0.013056,,0.002304,,1.6199679999999999
8443,60.6283998015873,19072491284796,1,5.2828020416200161,5.9474,4.982784,2.6104,15118,0.001024,0.746752,,0.033535999999999996,0.0832,0,0.065279999999999991,0.003328,0.010496,,0.002304,,1.8659839999999999
8444,60.633770401077093,19072491344270,1,5.3705996833741665,4.4915,5.328896,2.6875,48806,0.0012799999999999999,0.737536,,0.03328,0.084992,0.000256,0.066816,0.003072,0.014079999999999999,,0.002304,,1.8659839999999999
8445,60.639087599206349,19072491389185,1,5.3171981126070023,5.4644,5.35168,2.6619,14555,0.001024,0.74214399999999991,,0.033535999999999996,0.082688,0,0.064767999999999992,0.00896,0.010239999999999999,,0.002304,,1.849856
8446,60.644883198696142,19072491443829,1,5.795599427074194,5.6895,5.30432,2.713,14555,0.001024,0.75264,,0.033535999999999996,0.086016,0.000256,0.067583999999999991,0.007936,0.011519999999999999,,0.002304,,1.88544
8447,60.650249496882083,19072491500724,1,5.3662983700633049,5.6258,5.278464,2.4166,14750,0.001024,0.758528,,0.033791999999999996,0.083456,0,0.065792,0.003328,0.012032,,0.002304,,1.856768
8448,60.6553920989229,19072491556982,1,5.1426021382212639,4.3741,5.287168,2.4609,14555,0.001024,0.740864,,0.033791999999999996,0.084992,0.000256,0.06656,0.011519999999999999,0.013568,,0.002304,,1.850368
8449,60.660938697562358,19072491600723,1,5.5465986952185631,6.1686,5.187584,2.4905,14555,0.001024,0.74752,,0.033024,0.083968,0,0.065792,0.0076799999999999993,0.012032,,0.002304,,1.5984639999999999
8450,60.66645909863945,19072491662409,1,5.520401056855917,5.2331,5.525504,2.5917,64483,0.0012799999999999999,0.74368,,0.034304,0.084992,0,0.066816,0.007424,0.013568,,0.002048,,1.873408
8451,60.672218197278909,19072491714740,1,5.7590985670685768,5.7999,5.415936,2.4824,14555,0.001024,0.735232,,0.034304,0.083712,0,0.065792,0.003072,0.013568,,0.002304,,1.859584
8452,60.677949801587296,19072491772739,1,5.731604527682066,5.0043,4.986368,0.7525,14757,0.001024,0.73856,,0.033024,0.084992,0,0.067071999999999993,0.007936,0.012288,,0.002304,,1.6148479999999998
8453,60.683807199546486,19072491822782,1,5.8573978021740913,6.9989,0.033792,3.0161,14555,0.001024,0.747776,,0.032768,0.083712,0.000256,0.066048,0.007424,0.012544,,0.002304,,1.5948799999999999
8454,60.689102699829931,19072491892771,1,5.2955001592636108,4.9589,5.655296,2.5119,14555,0.001024,0.73856,,0.041728,0.08832,0,0.068096,0.0048639999999999994,0.014591999999999999,,0.0025599999999999998,,1.595392
8455,60.694410402494327,19072491942360,1,5.30770281329751,5.8171,5.272576,2.5393,14555,0.001024,0.752896,,0.033535999999999996,0.080639999999999989,0,0.062208,0.0097279999999999988,0.012032,,0.002304,,1.874944
8456,60.699683999433105,19072492000531,1,5.2735968492925167,5.0113,5.294336,2.359,14555,0.001024,0.73651199999999994,,0.03328,0.08576,0,0.067583999999999991,0.007424,0.014848,,0.002304,,1.615616
8457,60.705190199829929,19072492050644,1,5.50620025023818,6.1751,5.1648,2.323,14555,0.001024,0.748544,,0.033535999999999996,0.086272,0,0.067328,0.009216,0.012288,,0.0025599999999999998,,1.596928
8458,60.710837202380951,19072492112395,1,5.6470027193427086,4.9745,5.579776,3.1469,14555,0.001024,0.74137599999999992,,0.035072,0.084224,0.000256,0.065536,0.007424,0.011776,,0.002304,,1.86496
8459,60.716189299886622,19072492162140,1,5.3520975634455681,5.3618,5.216768,2.2146,14555,0.001024,0.739072,,0.03328,0.081664,0.000256,0.063232,0.007424,0.012032,,0.002304,,1.860096
8460,60.721083000283443,19072492215758,1,4.89370059221983,5.2247,5.223424,2.5755,14555,0.0012799999999999999,0.731904,,0.033024,0.081919999999999993,0,0.064,0.010752,0.013824,,0.002304,,1.8488319999999998
8461,60.726198696145126,19072492268005,1,5.1156957633793354,5.2881,4.960512,2.3485,14555,0.001024,0.751104,,0.03328,0.081152,0,0.06297599999999999,0.0076799999999999993,0.010752,,0.002048,,1.5964159999999998
8462,60.7318262967687,19072492320886,1,5.6276004761457443,5.4734,5.089792,2.4337,14555,0.001024,0.744192,,0.03328,0.083968,0,0.065792,0.00896,0.011519999999999999,,0.0025599999999999998,,1.5966719999999999
8463,60.736566198979588,19072492375620,1,4.7399019822478294,4.9002,5.59616,2.4935,14555,0.001024,0.7424,,0.035072,0.083456,0,0.065536,0.0076799999999999993,0.014079999999999999,,0.002048,,1.595904
8464,60.7422829010771,19072492424622,1,5.7167019695043564,5.5459,4.723712,2.9679,14555,0.001024,0.7424,,0.033024,0.08448,0,0.066304,0.011519999999999999,0.012288,,0.002048,,1.6166399999999999
8465,60.74777969812925,19072492480081,1,5.496797151863575,5.4731,4.760832,2.4214,14555,0.004352,0.751872,,0.033535999999999996,0.081919999999999993,0,0.063488,0.007424,0.011264,,0.0025599999999999998,,1.5982079999999999
8466,60.753281901927437,19072492534812,1,5.5022039450705051,4.2688,5.484288,2.5524,14555,0.001024,0.74624,,0.033024,0.33664,0.000256,0.066816,0.010752,0.015104,,0.002304,,1.7502719999999998
8467,60.758555399659862,19072492577500,1,5.27349766343832,6.1487,5.39648,3.0099,14607,0.001024,0.744192,,0.032768,0.083712,0,0.065792,0.0076799999999999993,0.010752,,0.002304,,1.8490879999999998
8468,60.765308297902493,19072492638987,1,6.7528984509408474,5.4458,5.30816,2.6139,14555,0.366592,0.748288,,0.034304,0.084735999999999992,0,0.065792,0.010496,0.011519999999999999,,0.0025599999999999998,,1.5948799999999999
8469,60.7702125,19072492693445,1,4.9042021855711937,5.651,6.498048,2.4094,14555,0.001024,0.742912,,0.03968,0.082176,0,0.064,0.0076799999999999993,0.011264,,0.002304,,2.3283199999999997
8470,60.775445401077093,19072492749955,1,5.2329008467495441,4.7241,4.693248,2.8854,14555,0.001024,0.729088,,0.032512,0.081152,0,0.06297599999999999,0.007424,0.012288,,0.002304,,1.5966719999999999
8471,60.781157199546485,19072492797196,1,5.7117985561490059,6.7392,4.697344,2.5106,14757,0.001024,0.737792,,0.03328,0.080127999999999991,0,0.062464,0.0076799999999999993,0.011264,,0.002304,,1.594112
8472,60.786375800736955,19072492864588,1,5.2186013199388981,4.959,5.45152,2.5786,14555,0.001024,0.74547199999999991,,0.03328,0.346624,0,0.067328,0.008192,0.013824,,0.002304,,1.592832
8473,60.791586996882081,19072492914178,1,5.21119637414813,4.9969,5.190144,2.1486,14555,0.001024,0.740864,,0.28876799999999997,0.09267199999999999,0,0.068096,0.0076799999999999993,0.014336,,0.002048,,1.5979519999999998
8474,60.797062698412695,19072492964147,1,5.4757012985646725,5.8137,5.182976,2.5874,14555,0.001024,0.73727999999999994,,0.035072,0.08832,0,0.069887999999999992,0.007936,0.015616,,0.002048,,1.595904
8475,60.802158496315194,19072493022284,1,5.0957980565726757,5.158,5.372672,2.2252,14750,0.001024,0.74316799999999994,,0.03456,0.085504,0,0.067071999999999993,0.007424,0.012799999999999999,,0.002048,,1.759488
8476,60.807493601190473,19072493073864,1,5.3351046517491341,4.9598,5.14944,2.1014,14555,0.0012799999999999999,0.73804799999999993,,0.038655999999999996,0.08448,0,0.066304,0.007424,0.012544,,0.002304,,1.59616
8477,60.812745996315194,19072493123462,1,5.2523952908813953,6.0971,5.278208,2.6068,14555,0.001024,0.73395199999999994,,0.03328,0.086272,0,0.06784,0.0076799999999999993,0.015104,,0.002304,,1.871616
8478,60.818105902777774,19072493184433,1,5.3599062375724316,4.6287,5.282048,2.2948,14555,0.001024,0.745216,,0.033024,0.084735999999999992,0,0.066304,0.009984,0.014848,,0.002048,,1.786112
8479,60.8229452026644,19072493230720,1,4.8392997123301029,5.8104,5.246208,2.9792,14555,0.0012799999999999999,0.73344,,0.03328,0.08448,0,0.065792,0.007424,0.013056,,0.002304,,1.86496
8480,60.828304499716552,19072493288824,1,5.359297152608633,4.9101,4.92544,2.4529,14555,0.002816,0.739584,,0.034048,0.086784,0,0.067583999999999991,0.008192,0.012288,,0.002048,,1.602048
8481,60.833451395975054,19072493337925,1,5.1468964666128159,5.4903,5.248768,2.1,14555,0.001024,0.73471999999999993,,0.032768,0.083456,0,0.065279999999999991,0.009984,0.011264,,0.0025599999999999998,,2.136576
8482,60.839242602040812,19072493392828,1,5.7912059128284454,4.7478,5.20448,2.2399,14555,0.001024,0.73548799999999992,,0.032768,0.08294399999999999,0,0.064767999999999992,0.007424,0.012544,,0.002048,,1.8439679999999998
8483,60.844627898242628,19072493440306,1,5.385296419262886,5.111,5.595904,2.1888,14555,0.001024,0.738304,,0.033024,0.08294399999999999,0,0.064512,0.007424,0.011264,,0.002048,,1.852928
8484,60.84988339710884,19072493491416,1,5.2554989233613014,5.4329,4.975872,2.1631,14555,0.001024,0.739328,,0.03328,0.084224,0.000256,0.065792,0.006912,0.015872,,0.002304,,1.8890239999999998
8485,60.8554205994898,19072493545745,1,5.5372025817632675,6.9303,5.270272,2.4728,14555,0.001024,0.747008,,0.033535999999999996,0.085504,0,0.066816,0.007168,0.010752,,0.0025599999999999998,,1.8442239999999999
8486,60.860622002551018,19072493615048,1,5.2014030516147614,4.1601,5.44128,2.5045,14555,0.001024,0.744448,,0.034816,0.084224,0,0.066304,0.0076799999999999993,0.012288,,0.002048,,1.8657279999999998
8487,60.8656544005102,19072493656649,1,5.03239780664444,5.3881,5.24544,2.1789,14555,0.001024,0.74624,,0.033024,0.083456,0,0.065279999999999991,0.007424,0.012288,,0.002304,,1.8393599999999999
8488,60.8711466978458,19072493710530,1,5.49229746684432,5.5075,5.00736,2.0237,14555,0.001024,0.739072,,0.03328,0.08294399999999999,0,0.064767999999999992,0.007424,0.014848,,0.002304,,1.5966719999999999
8489,60.876043197278911,19072493765605,1,4.8964992165565491,5.0699,5.400832,2.5539,14555,0.001024,0.736256,,0.033024,0.236288,0,0.218112,0.006912,0.013056,,0.002304,,1.59744
8490,60.881488796768707,19072493816304,1,5.4455995559692383,4.9385,4.952064,2.3006,14757,0.001024,0.74137599999999992,,0.033535999999999996,0.08524799999999999,0.000256,0.06656,0.003328,0.012288,,0.002048,,1.5946239999999998
8491,60.88724239654195,19072493865689,1,5.75359957292676,5.4624,5.415936,1.8936,14555,0.001024,0.745216,,0.179968,0.087551999999999991,0,0.06912,0.003584,0.015616,,0.002304,,1.5964159999999998
8492,60.892248299319725,19072493920313,1,5.0059026107192039,4.8338,5.737984,2.5208,14555,0.001024,0.746752,,0.035072,0.08524799999999999,0.000256,0.066304,0.003072,0.012799999999999999,,0.002304,,1.7886719999999998
8493,60.898382100340136,19072493968651,1,6.1338008381426334,6.1265,4.987904,2.1335,14555,0.001024,0.73548799999999992,,0.03968,0.08448,0,0.06656,0.007424,0.012032,,0.002304,,1.5979519999999998
8494,60.903056101190472,19072494029916,1,4.6740006655454636,5.3351,6.030336,2.4994,14555,0.001024,0.74649599999999994,,0.039168,0.086016,0.000256,0.068096,0.007424,0.014591999999999999,,0.002304,,1.761536
8495,60.908373596938773,19072494083267,1,5.3174956701695919,5.197,4.736768,2.5747,14555,0.001024,0.741888,,0.033024,0.086272,0,0.06784,0.003328,0.013056,,0.002048,,1.5948799999999999
8496,60.913452600623579,19072494135237,1,5.0790035165846348,5.622,5.239808,2.2666,14555,0.26496,0.741888,,0.03328,0.083712,0,0.065536,0.010239999999999999,0.010496,,0.002304,,1.5966719999999999
8497,60.9191498015873,19072494191457,1,5.6972010061144829,4.9227,5.117952,2.2762,64281,0.001024,0.733696,,0.039168,0.089343999999999993,0,0.07039999999999999,0.007936,0.014591999999999999,,0.002048,,1.5979519999999998
8498,60.924237896825396,19072494240684,1,5.0880950875580311,5.5351,5.666048,2.4197,14555,0.001024,0.746752,,0.033535999999999996,0.34431999999999996,0,0.073216,0.0076799999999999993,0.014336,,0.002304,,1.761536
8499,60.930175800736961,19072494296035,1,5.9379041194915771,5.2421,5.001984,0.5579,14555,0.001024,0.745728,,0.038911999999999995,0.091392,0.000256,0.070912,0.0076799999999999993,0.013568,,0.002048,,1.612544
8500,60.935077898242625,19072494348456,1,4.9020973965525627,6.2686,0.034048,2.5353,14555,0.001024,0.73856,,0.03328,0.089088,0,0.07039999999999999,0.0076799999999999993,0.012799999999999999,,0.002304,,2.590208
8501,60.940485799319724,19072494411142,1,5.4079010151326656,4.437,4.893184,2.2039,14555,0.001024,0.73292799999999991,,0.032768,0.082176,0,0.064,0.0076799999999999993,0.014591999999999999,,0.002304,,1.5984639999999999
8502,60.945733397108839,19072494455512,1,5.2475975826382637,5.2775,5.307648,2.0086,14555,0.001024,0.743424,,0.033024,0.085504,0,0.066816,0.007424,0.011776,,0.002304,,1.8521599999999998
8503,60.951128195861678,19072494508287,1,5.3947987034916878,5.4027,5.234688,2.0389,14555,0.001024,0.745216,,0.033791999999999996,0.09267199999999999,0,0.073984,0.007424,0.012544,,0.002304,,1.8708479999999998
8504,60.9564672973356,19072494562314,1,5.3391014225780964,5.0987,5.376768,2.0854,14750,0.001024,0.73292799999999991,,0.033535999999999996,0.083968,0.000256,0.065792,0.007424,0.014591999999999999,,0.002304,,2.083584
8505,60.9616,19072494613301,1,5.1327026449143887,5.4214,5.293056,2.2105,14607,0.001024,0.74316799999999994,,0.03328,0.085504,0,0.067328,0.011007999999999999,0.013824,,0.002304,,2.114816
8506,60.966965596655328,19072494667515,1,5.3655966185033321,5.8225,5.200896,2.3429,14555,0.001024,0.741888,,0.034048,0.084735999999999992,0.000256,0.066048,0.0076799999999999993,0.013312,,0.002304,,1.837056
8507,60.971819699546479,19072494725740,1,4.854103084653616,4.8808,5.24288,2.1723,14555,0.001024,0.744192,,0.033024,0.0896,0,0.069632,0.007424,0.013056,,0.002048,,1.851392
8508,60.976591099773238,19072494774548,1,4.7714002430438995,4.9219,4.93184,2.0307,14555,0.001024,0.745216,,0.033024,0.091648,0,0.071168,0.012799999999999999,0.012544,,0.0025599999999999998,,1.593856
8509,60.98136960034013,19072494823767,1,4.7785006463527679,5.4188,4.753664,1.8839,14757,0.001024,0.74649599999999994,,0.03328,0.084992,0,0.066816,0.007936,0.012288,,0.002304,,1.597184
8510,60.986162096088435,19072494877955,1,4.7924956306815147,4.9751,4.753408,2.1461,14555,0.001024,0.748544,,0.033024,0.086272,0,0.068096,0.007424,0.014591999999999999,,0.002304,,1.595648
8511,60.991227402210882,19072494927706,1,5.0653060898184776,4.5104,4.75136,2.0041,14555,0.001024,0.74470399999999992,,0.03328,0.086528,0,0.068352,0.007424,0.012288,,0.002304,,1.600512
8512,60.996606001984127,19072494972810,1,5.3785997442901134,4.7912,4.974848,2.0292,17551,0.0012799999999999999,0.745216,,0.032768,0.085504,0,0.06784,0.0076799999999999993,0.015616,,0.002304,,1.5964159999999998
8513,61.001331901927436,19072495020722,1,4.725900012999773,5.1751,5.437952,2.1364,14555,0.001024,0.739584,,0.273408,0.083968,0,0.065792,0.007936,0.013056,,0.002048,,1.7620479999999998
8514,61.006158999433104,19072495072473,1,4.8270975239574909,5.1707,4.707072,1.7657,18001,0.001024,0.74060799999999993,,0.032768,0.08806399999999999,0,0.069887999999999992,0.007168,0.013568,,0.002304,,1.600512
8515,61.010943700396822,19072495124180,1,4.7847009263932705,4.9653,4.73728,2.1733,14555,0.001024,0.740864,,0.033024,0.08806399999999999,0.000256,0.069376,0.007424,0.016128,,0.002304,,1.5979519999999998
8516,61.015609998582761,19072495173833,1,4.6662981621921062,4.7596,4.75776,2.0741,14555,0.001024,0.727552,,0.033024,0.087296,0,0.06784,0.0076799999999999993,0.011519999999999999,,0.0025599999999999998,,1.599488
8517,61.020724199263036,19072495221429,1,5.11420052498579,4.8581,4.716544,2.1559,14555,0.001024,0.733696,,0.03328,0.08294399999999999,0.000256,0.065024,0.007936,0.012544,,0.002304,,1.948928
8518,61.0255327026644,19072495270010,1,4.8085032030940056,4.8945,5.091072,2.1571,14555,0.001024,0.733696,,0.03328,0.08294399999999999,0.000256,0.065024,0.007936,0.012544,,0.002304,,1.948928
8519,61.03074710175737,19072495318955,1,5.214399192482233,4.5082,4.786944,1.752,14555,0.0012799999999999999,0.74393599999999993,,0.033024,0.0832,0,0.065024,0.003072,0.014079999999999999,,0.002304,,1.5966719999999999
8520,61.035962202380951,19072495364037,1,5.2151004783809185,5.4021,5.193728,2.3127,14555,0.001024,0.741632,,0.034048,0.08448,0.000256,0.065792,0.007424,0.014336,,0.002304,,1.592576
8521,61.041200701530613,19072495418058,1,5.2384990267455578,4.7479,5.191936,2.0499,14555,0.001024,0.743424,,0.034048,0.085504,0.000256,0.067328,0.003072,0.012544,,0.002304,,1.5997439999999998
8522,61.046431200396825,19072495465537,1,5.2304989658296108,5.163,5.153536,1.9054,14555,0.001024,0.737024,,0.034816,0.085504,0,0.067071999999999993,0.0076799999999999993,0.014848,,0.002304,,1.594368
8523,61.051724596088434,19072495517167,1,5.2933958359062672,5.0115,5.281536,2.1138,14555,0.001024,0.740864,,0.035072,0.08524799999999999,0,0.06656,0.0076799999999999993,0.012799999999999999,,0.002048,,1.768192
8524,61.0569049957483,19072495567282,1,5.1803998649120331,5.4204,5.200384,2.2189,14555,0.001024,0.74316799999999994,,0.032768,0.326656,0,0.30796799999999996,0.011776,0.013568,,0.002048,,1.5982079999999999
8525,61.062147002551015,19072495621486,1,5.242006853222847,5.1973,5.157888,2.1374,14555,0.001024,0.745984,,0.033791999999999996,0.092928,0.000256,0.073216,0.007424,0.014079999999999999,,0.002304,,1.76
8526,61.0676794005102,19072495673459,1,5.5323978886008263,4.948,5.288704,2.224,14555,0.001024,0.738304,,0.033024,0.084224,0,0.066048,0.007168,0.013056,,0.002048,,1.75488
8527,61.072916397392291,19072495722939,1,5.236996803432703,5.6027,5.436416,2.5651,14555,0.001024,0.744192,,0.03328,0.08576,0,0.067071999999999993,0.003328,0.014336,,0.002048,,2.094848
8528,61.078238598356009,19072495778966,1,5.3222011774778366,5.4413,5.21088,1.9879,14757,0.001024,0.73651199999999994,,0.033535999999999996,0.08832,0,0.070144,0.003328,0.015359999999999999,,0.002304,,1.873408
8529,61.083615596655328,19072495833379,1,5.3769983351230621,5.0434,5.358336,2.0166,14555,0.001024,0.742656,,0.033024,0.08294399999999999,0,0.065279999999999991,0.007424,0.013312,,0.002304,,1.8626559999999999
8530,61.088806001984125,19072495883813,1,5.1904055289924145,5.5796,5.295872,2.3604,14555,0.001024,0.73856,,0.032768,0.088576,0,0.069376,0.007936,0.012544,,0.002048,,1.869824
8531,61.094171598639456,19072495939609,1,5.3655966185033321,4.9671,5.24928,1.7721,14555,0.0012799999999999999,0.733696,,0.03328,0.08806399999999999,0.000256,0.069376,0.007168,0.013568,,0.002048,,1.8623999999999998
8532,61.099411897675736,19072495989280,1,5.2402988076210022,5.4342,5.261056,1.8581,14555,0.001024,0.746752,,0.03328,0.08576,0,0.067328,0.007936,0.014336,,0.002304,,1.868288
8533,61.104634601757368,19072496043622,1,5.2227042615413666,5.03,5.253888,1.8607,14555,0.001024,0.74624,,0.03328,0.08832,0,0.069376,0.007424,0.011519999999999999,,0.002048,,1.8577919999999999
8534,61.110001998299317,19072496093922,1,5.3673963993787766,5.3486,5.254144,2.2845,14750,0.001024,0.737024,,0.033535999999999996,0.086016,0,0.06784,0.007424,0.015872,,0.002304,,1.600256
8535,61.115636500850336,19072496147408,1,5.63450250774622,5.4703,5.352192,2.3962,14555,0.001024,0.74496,,0.035584,0.084992,0.000256,0.06656,0.0084479999999999989,0.012288,,0.002304,,1.5966719999999999
8536,61.120825701530613,19072496202111,1,5.1892008632421494,5.2848,5.329152,2.4156,14555,0.001024,0.739584,,0.034304,0.08524799999999999,0,0.067071999999999993,0.003328,0.011519999999999999,,0.002304,,1.775872
8537,61.125834899376414,19072496254959,1,5.0091976299881935,4.9918,5.165056,1.8826,14555,0.001024,0.73344,,0.034304,0.088832,0,0.069887999999999992,0.004096,0.013056,,0.002304,,1.600768
8538,61.130937599206348,19072496304877,1,5.1026996225118637,5.548,4.755456,2.2256,14555,0.001024,0.74368,,0.033791999999999996,0.093696,0,0.073216,0.012288,0.014336,,0.002304,,1.595648
8539,61.136239498299318,19072496360357,1,5.3018992766737938,5.6554,5.081856,2.4576,14555,0.001024,0.746752,,0.03328,0.331264,0.000256,0.071936,0.003584,0.014336,,0.002304,,1.597184
8540,61.141629995748296,19072496416911,1,5.3904973901808262,5.1932,5.343232,2.0114,14555,0.001024,0.739584,,0.032512,0.341504,0.000256,0.322304,0.0076799999999999993,0.014336,,0.002304,,1.596928
8541,61.146981597222222,19072496468843,1,5.3516016341745853,5.5196,5.359616,2.8904,14555,0.001024,0.7424,,0.033535999999999996,0.32716799999999996,0.000256,0.307712,0.0076799999999999993,0.014591999999999999,,0.002048,,1.5984639999999999
8542,61.152244600340133,19072496524039,1,5.2630030550062656,4.5111,5.338112,1.9491,14555,0.001024,0.74137599999999992,,0.0384,0.087808,0,0.069887999999999992,0.0076799999999999993,0.013824,,0.002304,,1.762816
8543,61.157524199263037,19072496569150,1,5.2795987576246262,5.2783,5.23904,2.1271,14555,0.001024,0.742912,,0.034304,0.087551999999999991,0,0.068864,0.0076799999999999993,0.012544,,0.002304,,1.595392
8544,61.162811699263038,19072496621933,1,5.2875000983476639,5.7616,5.235968,2.2533,14607,0.001024,0.73881599999999992,,0.033024,0.083456,0,0.065279999999999991,0.007168,0.014591999999999999,,0.002304,,1.864704
8545,61.168200999149654,19072496679549,1,5.3892997093498707,5.3217,5.281792,2.2641,14555,0.001024,0.736,,0.032768,0.087039999999999992,0,0.068608,0.0076799999999999993,0.016384,,0.002048,,1.59744
8546,61.1732262967687,19072496732766,1,5.0252974033355713,4.8602,5.376,2.068,64281,0.001024,0.728576,,0.033024,0.08448,0.000256,0.06656,0.0076799999999999993,0.012288,,0.002304,,2.12352
8547,61.178519600340131,19072496781368,1,5.29330363497138,5.5489,5.005824,2.0485,14757,0.001024,0.72729599999999994,,0.033024,0.08576,0,0.067583999999999991,0.0076799999999999993,0.015359999999999999,,0.002304,,1.6017919999999999
8548,61.185153096655327,19072496836857,1,6.6334963776171207,5.2168,5.277184,0.6671,14555,0.001024,0.74649599999999994,,0.03328,0.085504,0.000256,0.06784,0.007424,0.013824,,0.002304,,2.137088
8549,61.190253096655326,19072496889025,1,5.1000001840293407,6.1849,0.050688,1.8418,14555,0.001024,0.73727999999999994,,0.033024,0.087296,0.000256,0.068864,0.005888,0.034304,,0.002304,,2.623232
8550,61.195426799886619,19072496950874,1,5.1737031899392605,4.0244,5.007104,1.9324,14555,0.001024,0.74547199999999991,,0.033535999999999996,0.094975999999999991,0.000256,0.073984,0.007424,0.014079999999999999,,0.002304,,1.7664
8551,61.200867602040816,19072496991118,1,5.440802313387394,6.5726,5.1584,1.9385,14555,0.001024,0.74547199999999991,,0.033535999999999996,0.094975999999999991,0.000256,0.073984,0.007424,0.014079999999999999,,0.002304,,1.7664
8552,61.206199100056686,19072497056844,1,5.3314981050789356,5.292,5.422336,1.7517,14555,0.001024,0.736,,0.033791999999999996,0.08832,0,0.069887999999999992,0.003328,0.014079999999999999,,0.002048,,2.110976
8553,61.211431696428569,19072497109764,1,5.2325963042676449,5.2944,5.30048,2.2823,14555,0.001024,0.74905599999999994,,0.033535999999999996,0.084735999999999992,0,0.06656,0.007936,0.011264,,0.002304,,2.112768
8554,61.216922498582761,19072497162708,1,5.4908022284507751,5.4653,5.280768,2.0167,14555,0.001024,0.747008,,0.03328,0.08576,0,0.06784,0.0076799999999999993,0.011776,,0.002048,,2.1245439999999998
8555,61.222239200680271,19072497217361,1,5.3167021833360195,5.4706,5.476096,1.9581,14555,0.001024,0.747776,,0.033535999999999996,0.09036799999999999,0,0.071168,0.0076799999999999993,0.015104,,0.002304,,1.91232
8556,61.227469196428572,19072497272067,1,5.2299955859780312,4.721,5.224192,2.0572,14555,0.001024,0.734208,,0.03456,0.091136,0.000256,0.071168,0.007424,0.013568,,0.002304,,1.878528
8557,61.2330373015873,19072497319277,1,5.568105261772871,5.7042,5.206784,1.8977,14555,0.001024,0.73548799999999992,,0.03328,0.088576,0,0.068352,0.0076799999999999993,0.012032,,0.002304,,1.875456
8558,61.23842850056689,19072497376319,1,5.391199141740799,5.0017,5.543936,1.93,14555,0.001024,0.73395199999999994,,0.03328,0.0896,0,0.069632,0.0076799999999999993,0.013056,,0.002304,,1.8672639999999998
8559,61.243706398809522,19072497426336,1,5.2778981626033783,5.4633,5.441536,1.8891,14555,0.001024,0.736256,,0.03328,0.09088,0,0.07039999999999999,0.007424,0.012799999999999999,,0.0025599999999999998,,1.85984
8560,61.2489762967687,19072497480969,1,5.2698981016874313,6.0327,5.254912,1.8309,14555,0.001024,0.732672,,0.033024,0.09036799999999999,0,0.071424,0.0076799999999999993,0.012288,,0.002304,,1.85472
8561,61.254187400793647,19072497541296,1,5.2111041732132435,4.7653,4.956416,1.8575,14555,0.001024,0.731904,,0.033024,0.090624,0,0.071168,0.0076799999999999993,0.012032,,0.002304,,1.599232
8562,61.259230399659863,19072497588949,1,5.0429990515112877,5.4626,5.165824,1.8414,14555,0.001024,0.739584,,0.033024,0.09036799999999999,0,0.07039999999999999,0.0076799999999999993,0.012032,,0.002304,,1.7538559999999999
8563,61.265081696428567,19072497643575,1,5.8512967079877853,5.0949,5.11104,1.8203,14750,0.001024,0.743424,,0.03328,0.240384,0.000256,0.220416,0.003328,0.013312,,0.002304,,1.597184
8564,61.270112096088432,19072497694524,1,5.0303996540606022,5.3513,5.819904,1.811,14555,0.001024,0.74393599999999993,,0.040959999999999996,0.09344,0,0.073984,0.0076799999999999993,0.012544,,0.002304,,1.7822719999999999
8565,61.2749218962585,19072497748037,1,4.8098000697791576,4.9514,4.9408,1.8666,14555,0.001024,0.74393599999999993,,0.03328,0.091136,0,0.071424,0.007424,0.013056,,0.002304,,1.5979519999999998
8566,61.280115199829929,19072497797551,1,5.1933033391833305,5.9397,4.864,1.9771,14757,0.001024,0.737792,,0.03456,0.089855999999999991,0,0.070912,0.0076799999999999993,0.015104,,0.002304,,1.5979519999999998
8567,61.285259800170067,19072497856948,1,5.1446002908051014,5.1649,5.094656,2.3314,14555,0.0012799999999999999,0.745216,,0.039168,0.091904,0,0.072191999999999992,0.0076799999999999993,0.013312,,0.002304,,1.600256
8568,61.290886500850341,19072497908597,1,5.6267008185386658,4.8281,5.155072,2.5751,14555,0.001024,0.745984,,0.038655999999999996,0.08832,0,0.06912,0.007424,0.013056,,0.002304,,1.5982079999999999
8569,61.297093601190475,19072497956878,1,6.2071001157164574,6.4318,5.261568,1.8552,14555,0.001024,0.74982399999999994,,0.034048,0.34022399999999997,0,0.321536,0.007424,0.011264,,0.0025599999999999998,,1.595904
8570,61.302178698979588,19072498021196,1,5.0850976258516312,4.472,5.963008,2.3507,14555,0.001024,0.734976,,0.033024,0.084224,0,0.065536,0.007424,0.013056,,0.002304,,2.551552
8571,61.307602997448974,19072498065916,1,5.4242983460426331,5.3446,5.069312,1.7482,14555,0.001024,0.741888,,0.034816,0.091904,0,0.071936,0.003328,0.013312,,0.002048,,1.5982079999999999
8572,61.312894699546483,19072498119362,1,5.2917022258043289,5.8591,5.368576,1.623,14555,0.0012799999999999999,0.74214399999999991,,0.03328,0.086016,0,0.067328,0.0076799999999999993,0.012288,,0.002304,,1.6117759999999999
8573,61.318122696995459,19072498177953,1,5.2279974333941936,4.9973,5.289216,2.0362,14555,0.001024,0.736,,0.03328,0.086272,0,0.067583999999999991,0.007424,0.014848,,0.002048,,1.8657279999999998
8574,61.323328897392287,19072498227926,1,5.2062002941966057,5.6732,5.209088,1.9221,14555,0.001024,0.73471999999999993,,0.033024,0.084992,0,0.066816,0.007424,0.013056,,0.002304,,1.7886719999999998
8575,61.328558297902489,19072498284658,1,5.2294004708528519,4.9676,5.1904,1.8607,14555,0.001024,0.73548799999999992,,0.03328,0.086016,0,0.068096,0.0076799999999999993,0.013568,,0.002048,,1.774336
8576,61.333882298752833,19072498334334,1,5.324000958353281,5.3969,5.258752,2.0768,14555,0.001024,0.745984,,0.033791999999999996,0.09036799999999999,0.000256,0.07168,0.003328,0.014079999999999999,,0.002304,,1.8521599999999998
8577,61.339053599773237,19072498388303,1,5.17130084335804,5.2543,5.304064,1.8993,14555,0.0012799999999999999,0.741632,,0.033791999999999996,0.0896,0,0.070912,0.0076799999999999993,0.012544,,0.002304,,2.12608
8578,61.3445669005102,19072498440846,1,5.5133006535470486,5.1721,5.17504,1.8344,14555,0.001024,0.73856,,0.03328,0.088576,0,0.069887999999999992,0.007936,0.012032,,0.002304,,2.120448
8579,61.349816000566889,19072498492567,1,5.2491002716124058,5.3585,5.433344,1.9957,14555,0.001024,0.737792,,0.033535999999999996,0.091136,0,0.072448,0.007424,0.014848,,0.002048,,1.845248
8580,61.355349397675738,19072498546152,1,5.5333971977233887,5.0295,5.282816,1.9021,14555,0.001024,0.74470399999999992,,0.03328,0.090624,0,0.07168,0.013056,0.013056,,0.002048,,1.8677759999999999
8581,61.360607497165532,19072498596447,1,5.2580996416509151,5.8941,5.209088,1.9559,14555,0.001024,0.74470399999999992,,0.033535999999999996,0.08832,0,0.068352,0.0076799999999999993,0.013824,,0.002048,,1.598976
8582,61.3660125,19072498655388,1,5.4050027392804623,4.6928,5.235712,1.8995,14607,0.001024,0.736,,0.03328,0.088576,0.000256,0.06912,0.0048639999999999994,0.013056,,0.002304,,1.84832
8583,61.371110997732423,19072498702316,1,5.098497960716486,5.5648,5.433856,2.0337,14555,0.001024,0.74496,,0.038911999999999995,0.09036799999999999,0,0.070656,0.0076799999999999993,0.012288,,0.002048,,1.858816
8584,61.376090497448978,19072498757964,1,4.9794996157288551,5.7415,5.009664,2.0399,14555,0.001024,0.740864,,0.033535999999999996,0.091648,0,0.071168,0.0076799999999999993,0.014591999999999999,,0.002304,,1.5964159999999998
8585,61.380927997448978,19072498815379,1,4.8374999314546585,5.2645,4.862464,1.9121,14757,0.001024,0.740352,,0.033535999999999996,0.09088,0,0.071168,0.011776,0.014079999999999999,,0.002304,,1.595904
8586,61.385579301303849,19072498868024,1,4.651303868740797,4.8891,4.732672,2.0566,14555,0.001024,0.740352,,0.033791999999999996,0.093183999999999989,0,0.072448,0.009472,0.014848,,0.002048,,1.5964159999999998
8587,61.390551799886616,19072498916915,1,4.9724983982741833,5.291,4.708864,2.123,14555,0.001024,0.742912,,0.03328,0.087039999999999992,0,0.068864,0.007424,0.013568,,0.002304,,1.60256
8588,61.396070599489796,19072498969825,1,5.5187996476888657,4.5413,4.784896,2.087,14555,0.001024,0.73983999999999994,,0.033024,0.089088,0,0.069887999999999992,0.0076799999999999993,0.012799999999999999,,0.002048,,1.844736
8589,61.40252079790249,19072499015238,1,6.4501985907554626,4.6599,5.431552,1.961,14555,0.001024,0.73983999999999994,,0.033024,0.089088,0,0.069887999999999992,0.0076799999999999993,0.012799999999999999,,0.002048,,1.844736
8590,61.414058701814056,19072499061837,1,11.537903919816017,5.1285,5.049856,1.6817,14555,0.001024,0.739072,,0.034816,0.092928,0.000256,0.07296,0.011007999999999999,0.013312,,0.002304,,1.6217599999999999
8591,61.4217839994331,19072499113122,1,7.7252974733710289,5.409,5.983488,3.4669,14750,0.001024,0.7424,,0.032768,0.087551999999999991,0,0.06912,0.003072,0.014079999999999999,,0.002304,,2.227456
8592,61.429178798185937,19072499167212,1,7.3947985656559467,6.3741,4.670976,1.9747,64973,0.001024,0.75008,,0.033791999999999996,0.082688,0,0.064256,0.0076799999999999993,0.012032,,0.002304,,1.5946239999999998
8593,61.437242701247165,19072499230953,1,8.0639030784368515,12.6177,4.65664,2.239,14555,0.001024,0.737536,,0.032768,0.081152,0,0.064512,0.007424,0.011776,,0.0025599999999999998,,1.602048
8594,61.444312599206349,19072499357130,1,7.0698978379368782,7.558,4.7104,0.586,14555,0.0012799999999999999,0.74137599999999992,,0.032768,0.078592,0.000256,0.061439999999999995,0.010239999999999999,0.010239999999999999,,0.002304,,1.59616
8595,61.477446301020407,19072499432710,1,33.133700489997864,8.223,0.034048,2.2257,14757,0.0012799999999999999,0.741888,,0.033024,0.08294399999999999,0,0.065792,0.007424,0.013824,,0.002304,,1.597696
8596,61.482550496031742,19072499514940,1,5.1041948609054089,6.9655,4.6976,2.5897,14555,0.001024,0.74649599999999994,,0.03328,0.084992,0,0.06656,0.007168,0.013568,,0.002304,,1.5946239999999998
8597,61.487181498015872,19072499584595,1,4.6310019679367542,35.8261,4.67712,1.9001,14555,0.001024,0.727808,,0.032768,0.078336,0,0.061695999999999994,0.0048639999999999994,0.0097279999999999988,,0.002816,,1.5984639999999999
8598,61.491990001417228,19072499942856,1,4.8085032030940056,3.9862,4.717312,2.0794,14555,0.001024,0.740864,,0.032768,0.084224,0,0.066048,0.003328,0.014591999999999999,,0.002304,,1.597696
8599,61.496902196712014,19072499982718,1,4.912195261567831,5.3081,4.708608,2.0747,17551,0.001024,0.732416,,0.032768,0.084224,0,0.065792,0.003072,0.012799999999999999,,0.0025599999999999998,,1.597696
8600,61.501570202664396,19072500035799,1,4.6680057421326637,4.2786,4.883968,1.9573,14555,0.001024,0.728576,,0.032768,0.08294399999999999,0,0.065024,0.003584,0.012799999999999999,,0.002048,,1.5951359999999999
8601,61.506293197278907,19072500078585,1,4.72299475222826,4.9898,4.721152,2.1434,18001,0.001024,0.728576,,0.032768,0.08294399999999999,0,0.065024,0.003584,0.012799999999999999,,0.002048,,1.5951359999999999
8602,61.511084396258504,19072500128483,1,4.7911987639963627,4.5855,4.704512,1.7729,14555,0.001024,0.732672,,0.032768,0.084992,0,0.067071999999999993,0.003328,0.015104,,0.002048,,1.59232
8603,61.51581889880952,19072500174338,1,4.7345026396214962,5.3073,4.707328,1.8212,14555,0.001024,0.737792,,0.033024,0.0832,0,0.065024,0.007424,0.012032,,0.002304,,1.59872
8604,61.520486798469385,19072500227411,1,4.6678995713591576,4.1878,4.707328,1.7953,14555,0.001024,0.736256,,0.032768,0.084224,0,0.066304,0.007424,0.012799999999999999,,0.002304,,1.595392
8605,61.525238102324259,19072500269289,1,4.7513036988675594,4.4937,4.717568,1.9303,14555,0.001024,0.739328,,0.032512,0.083968,0,0.066048,0.0076799999999999993,0.011776,,0.002048,,1.597184
8606,61.530091198979591,19072500314226,1,4.8530967906117439,4.9881,4.724992,1.9656,14555,0.001024,0.734976,,0.032768,0.084735999999999992,0,0.066304,0.007424,0.014336,,0.002304,,1.595648
8607,61.534831498015869,19072500364107,1,4.7402991913259029,4.7622,4.768768,2.33,14555,0.001024,0.73804799999999993,,0.033024,0.0832,0,0.064767999999999992,0.007424,0.012799999999999999,,0.002048,,1.599488
8608,61.539729301303851,19072500411729,1,4.8978030681610107,4.763,4.717312,1.9646,14555,0.001024,0.727552,,0.032768,0.086016,0,0.067328,0.007424,0.015872,,0.002048,,1.5936
8609,61.544348497732422,19072500459359,1,4.6191965229809284,5.1094,4.8849919999999996,1.9865,14555,0.0012799999999999999,0.737536,,0.03456,0.083456,0,0.065024,0.0076799999999999993,0.013056,,0.0025599999999999998,,1.593856
8610,61.549123200113378,19072500510453,1,4.7747022472321987,4.2973,4.655872,1.8352,14555,0.001024,0.73215999999999992,,0.033535999999999996,0.089343999999999993,0.000256,0.069887999999999992,0.008192,0.014079999999999999,,0.002304,,1.6148479999999998
8611,61.553802402210884,19072500553426,1,4.679202102124691,5.4421,4.688384,1.7387,14555,0.001024,0.74214399999999991,,0.032768,0.083712,0,0.065536,0.0076799999999999993,0.012799999999999999,,0.002304,,1.59744
8612,61.558598696145125,19072500607847,1,4.796294029802084,4.026,4.720384,1.7007,14555,0.001024,0.736,,0.033024,0.084735999999999992,0,0.066816,0.006144,0.013312,,0.002048,,1.597184
8613,61.563322696995463,19072500648107,1,4.7240010462701321,4.76,4.71808,1.8861,14555,0.001024,0.740864,,0.032768,0.085504,0,0.067328,0.007168,0.014336,,0.002304,,1.597184
8614,61.5680417020975,19072500695707,1,4.7190049663186073,5.2257999999999996,4.698368,1.8986,14607,0.001024,0.72806399999999993,,0.032768,0.083968,0.000256,0.065792,0.007424,0.014591999999999999,,0.002304,,1.5951359999999999
8615,61.57269280045351,19072500747965,1,4.6510985121130943,4.1686,4.690688,1.9059,14750,0.001024,0.73139199999999993,,0.033024,0.092416,0,0.072703999999999991,0.007424,0.012288,,0.002304,,1.6017919999999999
8616,61.577520096371877,19072500789651,1,4.827295895665884,5.0594,4.694016,2.0796,14757,0.001024,0.731136,,0.033024,0.086528,0,0.06784,0.007424,0.015616,,0.002304,,1.612544
8617,61.582284800170065,19072500840245,1,4.7647035680711269,5.1456,4.744192,2.1652,14555,0.001024,0.745984,,0.033024,0.08448,0,0.066304,0.007424,0.012544,,0.002304,,1.5936
8618,61.587006597222221,19072500891701,1,4.7217970713973045,3.9855,4.738816,2.0507,14555,0.001024,0.73727999999999994,,0.033024,0.08576,0,0.067583999999999991,0.006912,0.011264,,0.002304,,1.59744
8619,61.591708496315192,19072500931556,1,4.7018988989293575,4.9508,4.700416,1.8471,14555,0.001024,0.73727999999999994,,0.03328,0.08448,0,0.065792,0.007168,0.012799999999999999,,0.002048,,1.596928
8620,61.596507001133787,19072500981064,1,4.7985049895942211,4.8788,4.745984,1.7354,14555,0.001024,0.745728,,0.032768,0.086016,0.000256,0.068096,0.007424,0.01664,,0.002304,,1.5997439999999998
8621,61.601286897675735,19072501029852,1,4.7798966988921165,4.6575,4.719872,1.7423,14555,0.001024,0.745728,,0.03328,0.084224,0,0.066048,0.007168,0.012288,,0.002304,,1.59616
8622,61.606040398242627,19072501076427,1,4.7535006888210773,4.4602,4.756224,1.9171,14555,0.001024,0.73139199999999993,,0.033024,0.08576,0,0.067583999999999991,0.007424,0.012799999999999999,,0.002048,,1.595904
8623,61.610805697278906,19072501121029,1,4.7652991488575935,5.1893,4.747008,2.0239,14555,0.001024,0.749568,,0.033024,0.087296,0.000256,0.068352,0.0076799999999999993,0.015104,,0.002304,,1.5948799999999999
8624,61.61551799886621,19072501172922,1,4.7123017720878124,4.6449,4.729344,2.0157,14555,0.001024,0.74649599999999994,,0.033024,0.08448,0,0.066048,0.0076799999999999993,0.012288,,0.002304,,1.5984639999999999
8625,61.620283000283443,19072501219371,1,4.7650015912950039,4.5516,4.75264,2.0396,14555,0.001024,0.73651199999999994,,0.032768,0.0832,0.000256,0.064767999999999992,0.0076799999999999993,0.011007999999999999,,0.002304,,1.5948799999999999
8626,61.625103302154194,19072501264887,1,4.8203016631305218,5.0772,4.7411199999999996,1.8406,14555,0.001024,0.733184,,0.033024,0.085504,0,0.067071999999999993,0.007424,0.012799999999999999,,0.002304,,1.595392
8627,61.629965001417233,19072501315659,1,4.8616994172334671,4.4511,4.740096,1.8899,14555,0.001024,0.7424,,0.033024,0.085504,0.000256,0.067071999999999993,0.0076799999999999993,0.013312,,0.002048,,1.595904
8628,61.635422498582763,19072501360170,1,5.457497201859951,5.2831,4.89856,1.7712,14555,0.001024,0.74393599999999993,,0.032768,0.083968,0,0.065792,0.0076799999999999993,0.012544,,0.002304,,1.5997439999999998
8629,61.640891999716551,19072501413001,1,5.46950101852417,4.3064,5.445888,1.7711,14555,0.0012799999999999999,0.745216,,0.033024,0.083712,0.000256,0.065536,0.0076799999999999993,0.015359999999999999,,0.002048,,1.8826239999999999
8630,61.645984297052152,19072501456065,1,5.0922972150146961,4.7436,5.285376,2.1866,14555,0.001024,0.733184,,0.032768,0.08806399999999999,0,0.069887999999999992,0.009472,0.012799999999999999,,0.002304,,1.843712
8631,61.65125929705215,19072501503501,1,5.2749998867511749,5.5746,5.17376,2.0196,14555,0.001024,0.736768,,0.03328,0.08294399999999999,0,0.064767999999999992,0.0076799999999999993,0.013056,,0.002048,,1.758208
8632,61.6564544005102,19072501559247,1,5.1951035857200623,5.5769,5.311232,1.8089,14555,0.001024,0.74316799999999994,,0.03328,0.084992,0,0.067328,0.003584,0.013824,,0.002304,,1.788416
8633,61.661934998582765,19072501615016,1,5.4805981926620007,4.8899,5.179904,2.0593,14555,0.001024,0.73804799999999993,,0.03328,0.086784,0,0.068352,0.007424,0.014591999999999999,,0.002304,,1.7738239999999998
8634,61.667207298752835,19072501663915,1,5.2722999826073647,5.222,5.387264,2.2954,14555,0.001024,0.741632,,0.033791999999999996,0.088832,0,0.069887999999999992,0.003072,0.013312,,0.002304,,2.091776
8635,61.672262202380949,19072501716135,1,5.05490368232131,5.3225,5.252608,2.0022,14555,0.001024,0.73344,,0.033024,0.090624,0,0.071424,0.003328,0.013056,,0.002304,,2.1178879999999998
8636,61.677443601190475,19072501769360,1,5.1813987083733082,6.188,5.0944,2.0637,14757,0.001024,0.742912,,0.033024,0.091904,0,0.070912,0.007424,0.012799999999999999,,0.002048,,2.015488
8637,61.6829422973356,19072501831240,1,5.4986961185932159,4.4574,5.16608,2.334,64973,0.0012799999999999999,0.746752,,0.03328,0.091904,0,0.071424,0.007936,0.013568,,0.002048,,1.85856
8638,61.68820199829932,19072501875814,1,5.2597010508179665,5.328,5.43232,1.998,14555,0.001024,0.74316799999999994,,0.03328,0.08832,0,0.06912,0.007936,0.012544,,0.002304,,1.8688
8639,61.693408801020404,19072501929094,1,5.2068028599023819,4.9948,5.277952,0.5783,14555,0.001024,0.73727999999999994,,0.033791999999999996,0.088832,0,0.069632,0.007424,0.015104,,0.002304,,1.857024
8640,61.699538102324262,19072501979042,1,6.1293011531233788,6.9546,0.04352,2.0866,14555,0.001024,0.74624,,0.038911999999999995,0.088576,0.000256,0.068352,0.007424,0.013568,,0.002304,,1.5951359999999999
8641,61.704845599489794,19072502048588,1,5.30749699100852,4.2059,5.973248,2.1467,14555,0.001024,0.74060799999999993,,0.041471999999999995,0.091136,0,0.069632,0.0076799999999999993,0.012032,,0.0025599999999999998,,1.878784
8642,61.709588598356007,19072502090647,1,4.7429990954697132,4.7952,5.3312,2.3582,14555,0.001024,0.73344,,0.034816,0.091904,0,0.072448,0.003072,0.013312,,0.0025599999999999998,,1.600768
8643,61.714960501700681,19072502138599,1,5.3719035349786282,6.6645,4.82048,2.2165,14555,0.001024,0.728576,,0.032768,0.086272,0,0.067071999999999993,0.0051199999999999996,0.013824,,0.002304,,1.595904
8644,61.720455399659862,19072502205244,1,5.494898185133934,5.1403,5.358848,2.0162,14555,0.001024,0.74137599999999992,,0.033791999999999996,0.086272,0,0.068096,0.003072,0.012544,,0.002048,,1.595904
8645,61.72533630243764,19072502256647,1,4.880902823060751,4.5063,5.466112,2.1961,14750,0.001024,0.741632,,0.03456,0.08524799999999999,0,0.066816,0.15744,0.014336,,0.002048,,1.5984639999999999
8646,61.730635997732421,19072502301710,1,5.2996953018009663,5.3187,4.860928,1.9482,14555,0.001024,0.74726399999999993,,0.033791999999999996,0.092159999999999992,0.000256,0.07296,0.003584,0.015359999999999999,,0.002048,,1.5984639999999999
8647,61.735822597789117,19072502354897,1,5.1866001449525356,5.8341,5.271296,1.693,14555,0.001024,0.739072,,0.297216,0.08832,0,0.064512,0.003328,0.013824,,0.002048,,1.613568
8648,61.740939696712019,19072502413238,1,5.1170988008379936,5.0271,5.174784,1.9643,14555,0.001024,0.744448,,0.039168,0.087039999999999992,0,0.068864,0.007424,0.012544,,0.002304,,1.59872
8649,61.746397796201812,19072502463509,1,5.45809930190444,5.0678,5.101568,2.4413,14555,0.001024,0.73727999999999994,,0.03456,0.088576,0,0.070144,0.003328,0.013824,,0.002048,,1.5966719999999999
8650,61.751571896258504,19072502514187,1,5.1740999333560467,5.7408,5.261056,2.3113,14555,0.001024,0.744448,,0.03328,0.090624,0,0.07039999999999999,0.003328,0.013056,,0.002304,,1.925632
8651,61.756993601190473,19072502571595,1,5.4217050783336163,4.5427,5.339136,1.9574,14555,0.001024,0.73727999999999994,,0.042496,0.083456,0,0.065279999999999991,0.011007999999999999,0.011776,,0.002304,,1.76256
8652,61.762186996882086,19072502617022,1,5.1933955401182175,5.3876,5.329664,2.1297,14555,0.0012799999999999999,0.748544,,0.033791999999999996,0.091136,0,0.071168,0.0076799999999999993,0.013568,,0.002304,,2.1373439999999997
8653,61.767573802437639,19072502670898,1,5.38680562749505,5.215,5.233408,1.8924,14555,0.001024,0.74649599999999994,,0.033535999999999996,0.089855999999999991,0.000256,0.070144,0.003328,0.013056,,0.002304,,1.8432
8654,61.773010402494329,19072502723048,1,5.4366001859307289,5.5446,5.37088,1.8885,14607,0.001024,0.74624,,0.033791999999999996,0.084224,0,0.066048,0.003072,0.012544,,0.002304,,1.8711039999999999
8655,61.7781753968254,19072502778494,1,5.1649943925440311,4.9927,5.346048,2.1723,14757,0.0012799999999999999,0.747008,,0.03328,0.086784,0,0.068352,0.003584,0.013824,,0.002304,,2.040832
8656,61.783377295918363,19072502828421,1,5.2018989808857441,5.4294,5.230336,1.8891,14555,0.001024,0.73856,,0.032768,0.086528,0,0.067583999999999991,0.003584,0.012544,,0.002304,,1.854976
8657,61.78870649801587,19072502882715,1,5.3292019292712212,5.5368,5.125376,2.1044,38433,0.001024,0.734976,,0.033024,0.089088,0,0.068864,0.003072,0.011776,,0.002304,,1.8672639999999998
8658,61.794015802154192,19072502938083,1,5.3093042224645615,4.727,5.219072,1.9955,14555,0.001024,0.732672,,0.033535999999999996,0.089855999999999991,0,0.071424,0.003328,0.013568,,0.002304,,1.8327039999999999
8659,61.799132702664394,19072502985353,1,5.1169004291296005,5.2109,5.2224,2.0228,14555,0.001024,0.730112,,0.033024,0.086272,0,0.068096,0.011519999999999999,0.014079999999999999,,0.002048,,1.8426879999999999
8660,61.804186302437643,19072503037462,1,5.0535998307168484,5.7733,5.1727359999999996,1.8242,14555,0.001024,0.73215999999999992,,0.03328,0.09088,0,0.071168,0.003072,0.013312,,0.002304,,1.862912
8661,61.810441595804988,19072503095195,1,6.2552932649850845,5.4002,4.963328,1.9914,14555,0.001024,0.746752,,0.033024,0.083456,0,0.065536,0.003072,0.014079999999999999,,0.0025599999999999998,,1.597696
8662,61.815723299319728,19072503149197,1,5.2817035466432571,4.6193,6.251776,1.9445,14555,0.001024,0.736768,,0.038655999999999996,0.088576,0.000256,0.069887999999999992,0.003072,0.013568,,0.002304,,1.863168
8663,61.821059700963715,19072503195390,1,5.3364015184342861,5.1954,5.269504,2.0921,14555,0.001024,0.745216,,0.032768,0.092928,0,0.073984,0.004608,0.013824,,0.002304,,1.597696
8664,61.826066702097506,19072503247344,1,5.0070011056959629,6.098,5.31072,1.7635,14555,0.001024,0.734976,,0.039168,0.089855999999999991,0,0.070912,0.007424,0.012799999999999999,,0.002048,,1.7722879999999999
8665,61.831482497165531,19072503308324,1,5.4157949052751064,5.3272,4.979968,2.0335,14555,0.001024,0.73292799999999991,,0.033024,0.094208,0,0.07424,0.003584,0.013568,,0.002048,,1.59616
8666,61.836332100340137,19072503361596,1,4.8496033996343613,5.3152,5.471744,1.8701,14555,0.001024,0.736768,,0.041728,0.089343999999999993,0,0.069376,0.003328,0.014336,,0.002048,,1.7792
8667,61.841772902494327,19072503414748,1,5.440802313387394,5.5458,4.830208,1.998,14555,0.001024,0.74496,,0.034048,0.088576,0.000256,0.069887999999999992,0.0076799999999999993,0.013568,,0.002304,,1.5982079999999999
8668,61.846936798469386,19072503470206,1,5.1638958975672722,5.0088,5.352448,2.2604,14555,0.0012799999999999999,0.745216,,0.03328,0.090624,0.000256,0.070912,0.003072,0.011519999999999999,,0.002304,,1.597696
8669,61.852024100056688,19072503520294,1,5.0873016007244587,4.7893,5.211648,1.9177,14555,0.001024,0.74368,,0.033024,0.33228799999999997,0,0.069376,0.005888,0.015359999999999999,,0.002304,,1.6115199999999998
8670,61.85757949971655,19072503568187,1,5.5553996935486794,5.4718,5.074944,1.8365,14555,0.001024,0.747776,,0.03456,0.09548799999999999,0,0.074752,0.003328,0.012032,,0.002304,,1.595904
8671,61.862734899376413,19072503622905,1,5.1553994417190552,5.2865,5.360896,1.9189,14555,0.001024,0.730368,,0.03328,0.316672,0.000256,0.296448,0.003328,0.014848,,0.002304,,1.778176
8672,61.86779919926304,19072503675770,1,5.0642997957766056,5.0815,5.244416,2.4099,14555,0.001024,0.735744,,0.033024,0.090624,0,0.071424,0.003328,0.014591999999999999,,0.002304,,1.861888
8673,61.873043998015874,19072503726585,1,5.2447989583015442,6.0755,5.116416,2.1051,14555,0.001024,0.735744,,0.033024,0.0896,0.000256,0.070912,0.003072,0.013568,,0.002304,,1.749504
8674,61.87841979875283,19072503787340,1,5.3758006542921066,4.4024,5.152,2.1095,15097,0.001024,0.739328,,0.03328,0.089088,0,0.069632,0.003072,0.014336,,0.002304,,1.882112
8675,61.8835827026644,19072503831364,1,5.1629040390253067,5.2741,5.344256,1.9314,14555,0.001024,0.737536,,0.033024,0.089343999999999993,0.000256,0.069887999999999992,0.007424,0.011264,,0.002304,,2.0840959999999997
8676,61.88886799886621,19072503884105,1,5.2852961234748363,5.4071,5.234688,2.0452,14555,0.001024,0.74112,,0.033024,0.087039999999999992,0,0.067583999999999991,0.010496,0.012032,,0.002304,,2.079488
8677,61.8939887967687,19072503938176,1,5.1207980141043663,5.4426,5.189888,2.1288,14555,0.001024,0.73215999999999992,,0.03328,0.083968,0,0.065536,0.0076799999999999993,0.013056,,0.002304,,1.84448
8678,61.899184098639452,19072503992602,1,5.1953019574284554,4.8524,5.176576,1.9965,14555,0.001024,0.740864,,0.03328,0.0896,0.000256,0.071168,0.003328,0.015359999999999999,,0.002304,,1.854464
8679,61.90468540249433,19072504041126,1,5.5013038218021393,5.3007,5.178624,2.3104,14555,0.001024,0.745728,,0.033024,0.0832,0,0.064767999999999992,0.003328,0.012288,,0.002304,,1.852928
8680,61.910059899376414,19072504094133,1,5.374496802687645,5.7357,5.424128,1.9415,14555,0.001024,0.744448,,0.034816,0.091904,0.000256,0.07168,0.003328,0.013312,,0.002304,,1.5999999999999999
8681,61.915006802721088,19072504151490,1,4.9469033256173134,5.0837,5.189888,2.5056,14555,0.0012799999999999999,0.743424,,0.033024,0.086528,0,0.067071999999999993,0.003072,0.012288,,0.002304,,1.7638399999999999
8682,61.9206794005102,19072504202327,1,5.6725977919995785,5.2701,4.928,1.9962,14555,0.001024,0.736768,,0.033535999999999996,0.092159999999999992,0.000256,0.072191999999999992,0.0076799999999999993,0.012288,,0.002304,,1.7735679999999998
8683,61.925291397392286,19072504255028,1,4.6119969338178635,5.8117,5.348608,2.4587,14555,0.001024,0.73395199999999994,,0.03456,0.09088,0,0.069887999999999992,0.003072,0.012544,,0.002304,,1.5979519999999998
8684,61.9305172973356,19072504313145,1,5.22590009495616,4.885,4.647424,2.0829,14555,0.001024,0.7424,,0.03328,0.088576,0,0.070144,0.003584,0.014591999999999999,,0.0025599999999999998,,1.6151039999999999
8685,61.935643501984124,19072504361995,1,5.1262048073112965,5.6082,5.218816,2.1829,64973,0.0012799999999999999,0.740864,,0.03328,0.081152,0,0.061952,0.003328,0.011264,,0.0025599999999999998,,1.61536
8686,61.94098640164399,19072504418077,1,5.3428998216986656,3.9594,5.039872,2.0304,14555,0.001024,0.73471999999999993,,0.034816,0.09344,0,0.073728,0.003328,0.015359999999999999,,0.002304,,1.600512
8687,61.946386699263037,19072504457671,1,5.4002976976335049,5.6369,5.37856,0.585,14555,0.001024,0.743424,,0.03456,0.084224,0,0.065536,0.0076799999999999993,0.012799999999999999,,0.002048,,1.768192
8688,61.952579698129249,19072504514040,1,6.1929989606142044,5.9278,0.034304,2.0634,14555,0.001024,0.73856,,0.033024,0.08448,0,0.066304,0.007168,0.014848,,0.002304,,1.887232
8689,61.957778195861678,19072504573318,1,5.1984977908432484,4.3519,6.151168,1.884,14555,0.001024,0.743424,,0.033024,0.092159999999999992,0,0.072703999999999991,0.007424,0.012288,,0.002304,,2.7594239999999997
8690,61.963049801587296,19072504616837,1,5.2716056816279888,5.5995,5.040128,1.9892,14555,0.001024,0.736768,,0.042496,0.087551999999999991,0.000256,0.06912,0.003072,0.014591999999999999,,0.002304,,1.5979519999999998
8691,61.968488300736958,19072504672832,1,5.43849915266037,6.5329,5.27872,2.0398,14555,0.0012799999999999999,0.74393599999999993,,0.261632,0.092416,0,0.07168,0.003328,0.015104,,0.002048,,1.5951359999999999
8692,61.9734468962585,19072504738161,1,4.9585956148803234,5.3531,5.404416,1.9829,14607,0.001024,0.73395199999999994,,0.03328,0.089855999999999991,0,0.07039999999999999,0.003328,0.014079999999999999,,0.002048,,2.131712
8693,61.978662400793645,19072504791692,1,5.2155046723783016,4.7398,4.917248,2.0763,14757,0.0012799999999999999,0.739072,,0.03328,0.090112,0.000256,0.070912,0.003328,0.012544,,0.002304,,1.60256
8694,61.98346299603174,19072504839090,1,4.8005953431129456,5.7808,5.199104,1.8918,14555,0.001024,0.743424,,0.03328,0.091904,0,0.071936,0.0076799999999999993,0.012288,,0.002048,,1.856512
8695,61.987976700680271,19072504896898,1,4.5137046836316586,4.4811,4.662784,1.7924,14555,0.001024,0.73215999999999992,,0.033535999999999996,0.090624,0,0.069887999999999992,0.007424,0.012544,,0.002304,,1.5984639999999999
8696,61.992846598639453,19072504941709,1,4.8698978498578072,5.0624,4.67456,1.9596,14555,0.001024,0.72729599999999994,,0.033024,0.086016,0,0.068096,0.0048639999999999994,0.014848,,0.002048,,1.5966719999999999
8697,61.997814399092967,19072504992333,1,4.9678003415465355,5.2324,4.77184,1.9853,17551,0.001024,0.738304,,0.032768,0.083968,0.000256,0.065536,0.0076799999999999993,0.013056,,0.002816,,1.595392
8698,62.002608099489791,19072505044657,1,4.79370029643178,4.5233,4.918528,2.0756,14555,0.001024,0.745728,,0.033024,0.083968,0,0.066048,0.007168,0.014079999999999999,,0.002304,,1.597184
8699,62.007984700963718,19072505089890,1,5.3766015917062759,5.229,4.86016,2.2471,18001,0.001024,0.7424,,0.032768,0.081919999999999993,0,0.063488,0.003328,0.011519999999999999,,0.002304,,1.615616
8700,62.013254301303853,19072505142180,1,5.2696005441248417,4.5926,5.291776,1.7893,14555,0.001024,0.73651199999999994,,0.03328,0.088832,0.000256,0.070144,0.0076799999999999993,0.012032,,0.002304,,1.854464
8701,62.017998696145121,19072505188106,1,4.7443946823477745,4.5536,5.314816,1.9371,14555,0.001024,0.736256,,0.03328,0.086528,0,0.068608,0.003328,0.014591999999999999,,0.002304,,1.87648
8702,62.022722597789112,19072505233642,1,4.7239018604159355,5.3431,4.730368,1.8593,14555,0.001024,0.73983999999999994,,0.032768,0.081408,0,0.063232,0.007424,0.013824,,0.002304,,1.59872
8703,62.027540497448975,19072505287073,1,4.8178997822105885,5.5755,4.704512,2.3123,14555,0.001024,0.739584,,0.033024,0.08576,0,0.067583999999999991,0.011776,0.014336,,0.002304,,1.5979519999999998
8704,62.032281696428569,19072505342828,1,4.7411988489329815,4.4025,4.720896,2.0915,14750,0.001024,0.746752,,0.03328,0.084224,0,0.066048,0.003328,0.012288,,0.002048,,1.59872
8705,62.037166198979591,19072505386853,1,4.88450238481164,4.9346,4.72192,2.1647,14555,0.001024,0.742656,,0.033024,0.083968,0.000256,0.066048,0.003072,0.012288,,0.002304,,1.5948799999999999
8706,62.041873802437642,19072505436199,1,4.7076032496988773,4.619,4.856832,1.6684,14555,0.001024,0.73651199999999994,,0.03328,0.087551999999999991,0.000256,0.068352,0.007424,0.012799999999999999,,0.002304,,1.8122239999999998
8707,62.0465625,19072505482389,1,4.6886974014341831,4.9954,4.6976,1.8544,14555,0.001024,0.742912,,0.03328,0.087039999999999992,0,0.068864,0.003328,0.015104,,0.002048,,1.5966719999999999
8708,62.051342899659865,19072505532343,1,4.7803996130824089,4.6223,4.733184,1.7641,14555,0.001024,0.74726399999999993,,0.033024,0.082431999999999991,0,0.064256,0.011776,0.011007999999999999,,0.002048,,1.5951359999999999
8709,62.056200701530607,19072505578566,1,4.8578018322587013,4.4881,4.693504,1.7574,14555,0.001024,0.741632,,0.03328,0.08448,0,0.066304,0.003584,0.013312,,0.002048,,1.595648
8710,62.060995897108839,19072505623447,1,4.795195534825325,4.7294,4.913152,1.9693,14555,0.001024,0.748544,,0.035328,0.087296,0.000256,0.06912,0.007936,0.014848,,0.002304,,1.5964159999999998
8711,62.065770500283442,19072505670741,1,4.7746030613780022,4.9795,4.777216,2.0026,14555,0.001024,0.745984,,0.033024,0.083456,0,0.064767999999999992,0.003328,0.013056,,0.002304,,1.599488
8712,62.070547796201815,19072505720536,1,4.7772959806025028,5.0837,4.75264,2.1181,14555,0.001024,0.737792,,0.03328,0.088576,0,0.06912,0.003328,0.012288,,0.002304,,1.59232
8713,62.0753170989229,19072505771373,1,4.7693029046058655,5.0715,4.750848,2.0247,14555,0.001024,0.74393599999999993,,0.033024,0.084992,0,0.066816,0.003328,0.012032,,0.002304,,1.5982079999999999
8714,62.080144097222217,19072505822088,1,4.8269983381032944,4.231,4.759808,2.4306,14757,0.0012799999999999999,0.74547199999999991,,0.032768,0.086528,0,0.068096,0.003584,0.014848,,0.002048,,1.595904
8715,62.084804499716547,19072505864398,1,4.660402424633503,5.1323,4.739584,2.2303,14555,0.001024,0.7552,,0.033791999999999996,0.083712,0,0.065279999999999991,0.003584,0.011776,,0.0025599999999999998,,1.595648
8716,62.089623299319726,19072505915721,1,4.818799439817667,4.753,4.716288,2.0073,14555,0.001024,0.745216,,0.032768,0.086784,0,0.06784,0.003072,0.015104,,0.002304,,1.613568
8717,62.094341595804984,19072505963251,1,4.7182966955006123,4.7929,4.752896,1.8643,14555,0.001024,0.74726399999999993,,0.03328,0.086784,0,0.068096,0.003072,0.013824,,0.002304,,1.596928
8718,62.099352196712019,19072506011180,1,5.010601133108139,4.5888,4.743168,1.8506,14555,0.001024,0.73881599999999992,,0.033535999999999996,0.083456,0,0.065024,0.003328,0.014848,,0.002304,,1.595648
8719,62.104096102607706,19072506057068,1,4.7439057379961014,4.5062,4.925184,1.8364,14555,0.001024,0.74547199999999991,,0.032768,0.08448,0,0.066048,0.0076799999999999993,0.013056,,0.002048,,1.771008
8720,62.108790695861678,19072506102130,1,4.6945931389927864,5.4422,4.720128,2.0504,14555,0.001024,0.745216,,0.033024,0.086016,0,0.068352,0.003328,0.012799999999999999,,0.002048,,1.597696
8721,62.113630598072561,19072506156552,1,4.8399022780358791,4.2639,4.745984,1.7413,14555,0.001024,0.748288,,0.033024,0.08448,0.000256,0.066816,0.003328,0.013568,,0.002304,,1.5951359999999999
8722,62.118334197845805,19072506199191,1,4.7035999596118927,4.6195,4.745472,1.9887,14555,0.001024,0.73856,,0.032768,0.084224,0.000256,0.066304,0.007424,0.014591999999999999,,0.002048,,1.597696
8723,62.1231591978458,19072506245386,1,4.8250001855194569,4.8321,4.735232,2.0273,14555,0.001024,0.748544,,0.032768,0.08524799999999999,0.000256,0.066816,0.003072,0.013568,,0.002304,,1.615872
8724,62.12790379818594,19072506293707,1,4.7446005046367645,5.6383,4.742656,1.8566,14555,0.001024,0.740352,,0.032768,0.080896,0,0.06272,0.007424,0.011007999999999999,,0.002304,,1.5997439999999998
8725,62.1325955994898,19072506350090,1,4.6918014995753765,4.3498,4.70144,2.1671,14555,0.001024,0.74752,,0.033024,0.084224,0,0.065279999999999991,0.004096,0.012032,,0.002304,,1.594112
8726,62.137426197562355,19072506393588,1,4.8305978998541832,4.9527,4.760064,1.8302,14555,0.001024,0.737536,,0.033024,0.08294399999999999,0.000256,0.065024,0.003072,0.010496,,0.002304,,1.597184
8727,62.14214149659864,19072506443115,1,4.7152992337942123,4.6435,4.746752,1.6546,14555,0.001024,0.746752,,0.03328,0.08576,0.000256,0.067328,0.003072,0.013824,,0.002304,,1.59744
8728,62.146990497448975,19072506489550,1,4.8490008339285851,4.2584,4.684544,2.2971,14555,0.001024,0.736,,0.033024,0.085504,0,0.067328,0.003072,0.012288,,0.002304,,1.6015359999999998
8729,62.151822101757368,19072506532134,1,4.8316041938960552,5.285,4.90624,1.7707,14555,0.001024,0.756736,,0.033535999999999996,0.083456,0,0.065279999999999991,0.008704,0.011519999999999999,,0.002816,,1.600256
8730,62.156502501417229,19072506584984,1,4.6803997829556465,4.1813,4.750336,1.9363,14555,0.001024,0.745728,,0.033024,0.086016,0.000256,0.068096,0.007168,0.013056,,0.002304,,1.617664
8731,62.1612838010204,19072506626797,1,4.7812997363507748,5.3961,4.71808,1.9331,14555,0.001024,0.739584,,0.033024,0.085504,0,0.066816,0.007424,0.013568,,0.002304,,1.5997439999999998
8732,62.166030102040814,19072506680758,1,4.7463010996580124,4.5753,4.766464,2.0791,14555,0.0012799999999999999,0.74368,,0.03328,0.08448,0,0.066304,0.006912,0.014848,,0.002304,,1.617408
8733,62.170746301020408,19072506726511,1,4.7161988914012909,4.993,4.725248,1.8453,14555,0.001024,0.739328,,0.033024,0.08806399999999999,0,0.069632,0.007424,0.014591999999999999,,0.002304,,1.5951359999999999
8734,62.175581299603174,19072506776441,1,4.8349983990192413,4.5597,4.69376,1.8994,14607,0.001024,0.736256,,0.033024,0.082688,0,0.064512,0.003328,0.014079999999999999,,0.002304,,1.597696
8735,62.180249199263038,19072506822038,1,4.6678995713591576,4.525,4.740096,1.9345,14757,0.001024,0.740864,,0.032768,0.086016,0,0.06784,0.007424,0.014079999999999999,,0.002048,,1.595904
8736,62.18499679705215,19072506867288,1,4.7475979663431644,4.8946,4.723712,1.7105,14750,0.0012799999999999999,0.73881599999999992,,0.033024,0.086528,0.000256,0.06784,0.003328,0.012544,,0.002304,,1.59744
8737,62.189794501133782,19072506916234,1,4.7977040521800518,4.9071,4.723968,2.0353,64973,0.001024,0.74624,,0.032768,0.083968,0,0.065792,0.005632,0.013056,,0.002048,,1.5946239999999998
8738,62.194494699546482,19072506965305,1,4.70019830390811,4.6619,4.716032,1.9781,14555,0.001024,0.74368,,0.033024,0.083712,0,0.065279999999999991,0.003328,0.013312,,0.002048,,1.597184
8739,62.199831696428568,19072507011924,1,5.3369970992207527,4.4459,4.746752,0.5956,14555,0.001024,0.739584,,0.033535999999999996,0.091648,0,0.071168,0.0048639999999999994,0.013568,,0.002304,,1.6115199999999998
8740,62.204631802721089,19072507056383,1,4.8001063987612724,5.8668,0.034304,2.0124,14555,0.001024,0.734976,,0.03328,0.083712,0.000256,0.065024,0.003328,0.013056,,0.002304,,1.7587199999999998
8741,62.209355498866209,19072507115051,1,4.7236960381269455,3.9759,4.738048,2.1354,14555,0.001024,0.739584,,0.03328,0.083968,0.000256,0.065792,0.0076799999999999993,0.013568,,0.002304,,1.606144
8742,62.2140464994331,19072507154810,1,4.6910005621612072,5.3871,4.793088,2.2507,14555,0.001024,0.745216,,0.03328,0.083456,0,0.065536,0.003328,0.012288,,0.002304,,1.5982079999999999
8743,62.21879239654195,19072507208681,1,4.7458969056606293,4.3605,4.66304,1.956,14555,0.001024,0.735232,,0.03328,0.092416,0.000256,0.073216,0.003072,0.012032,,0.0025599999999999998,,1.6017919999999999
8744,62.223566099773237,19072507252286,1,4.7737034037709236,5.2348,4.732672,2.3848,14555,0.001024,0.74752,,0.03328,0.085504,0.000256,0.067071999999999993,0.007936,0.015616,,0.002048,,1.600768
8745,62.2283452026644,19072507304634,1,4.7791027463972569,4.5933,4.751872,1.9537,14555,0.0012799999999999999,0.730368,,0.033024,0.08294399999999999,0,0.064512,0.003072,0.010496,,0.0025599999999999998,,1.602304
8746,62.233164902210881,19072507350567,1,4.8196995630860329,4.4289,4.736768,2.2371,14555,0.001024,0.741888,,0.03328,0.084735999999999992,0,0.06656,0.003328,0.014591999999999999,,0.002304,,1.59872
8747,62.237800800736956,19072507394856,1,4.6358983963727951,5.1387,4.722432,1.9047,14555,0.001024,0.742656,,0.033024,0.085504,0,0.067071999999999993,0.006656,0.010752,,0.002304,,1.60128
8748,62.242870301870745,19072507446243,1,5.0695012323558331,4.6235,4.70528,2.1242,14555,0.001024,0.739328,,0.033024,0.08832,0,0.069887999999999992,0.007424,0.014079999999999999,,0.002304,,1.61792
8749,62.247608297902495,19072507492478,1,4.7379960305988789,5.5102,4.742912,2.0809,14555,0.001024,0.758784,,0.033535999999999996,0.082176,0,0.064,0.007936,0.010496,,0.002304,,1.60384
8750,62.252419897959179,19072507547580,1,4.8115998506546021,4.194,4.711168,2.5687,14555,0.001024,0.741888,,0.033024,0.084224,0,0.065536,0.007424,0.012799999999999999,,0.002304,,1.600256
8751,62.257698901643991,19072507589520,1,5.2790036424994469,4.8184,4.709888,2.4229,14555,0.001024,0.75238399999999994,,0.033535999999999996,0.081408,0,0.063232,0.0051199999999999996,0.011264,,0.0025599999999999998,,1.617152
8752,62.262558000283441,19072507637704,1,4.8590986989438534,5.6933,4.736256,1.9407,14555,0.001024,0.752896,,0.033535999999999996,0.082688,0,0.064256,0.003328,0.011007999999999999,,0.0025599999999999998,,1.600512
8753,62.267296598639454,19072507694637,1,4.7385981306433678,4.3712,4.767744,1.9925,14555,0.001024,0.745728,,0.033024,0.08524799999999999,0.000256,0.066816,0.0076799999999999993,0.016128,,0.002304,,1.600768
8754,62.271965596655328,19072507738349,1,4.6689980663359165,5.0361,4.714752,1.81,14555,0.001024,0.739072,,0.033024,0.086016,0,0.067071999999999993,0.007424,0.013824,,0.002304,,1.600512
8755,62.27679790249433,19072507788710,1,4.832305945456028,4.6813,4.713984,2.0686,14757,0.0012799999999999999,0.73881599999999992,,0.033024,0.081152,0,0.06297599999999999,0.003072,0.013568,,0.002304,,1.5979519999999998
8756,62.281498596938775,19072507835523,1,4.7006942331790924,4.403,4.743168,1.92,14555,0.001024,0.736768,,0.033024,0.084992,0.000256,0.066816,0.003328,0.012799999999999999,,0.002304,,1.602816
8757,62.286232801870746,19072507879553,1,4.7342050820589066,4.6913,4.744704,1.8314,14555,0.001024,0.739072,,0.033024,0.083712,0.000256,0.065536,0.003072,0.012799999999999999,,0.002304,,1.5997439999999998
8758,62.291208297902493,19072507926466,1,4.9754958599805832,5.4464,4.730624,1.8443,14555,0.001024,0.739072,,0.033024,0.083712,0.000256,0.065536,0.003072,0.012799999999999999,,0.002304,,1.5997439999999998
8759,62.2958795989229,19072507980930,1,4.6713012270629406,4.0013,4.67712,1.599,14555,0.001024,0.73804799999999993,,0.032768,0.086272,0,0.067583999999999991,0.003328,0.014848,,0.002048,,1.612032
8760,62.30054659863945,19072508020943,1,4.666999913752079,6.0896,4.740352,1.8711,14555,0.001024,0.750336,,0.033791999999999996,0.08448,0,0.065792,0.0076799999999999993,0.011776,,0.002816,,1.597696
8761,62.305335700113375,19072508081839,1,4.7891014255583286,3.4251,4.680704,1.6844,14555,0.001024,0.73471999999999993,,0.033535999999999996,0.08448,0.000256,0.06656,0.003328,0.013824,,0.002048,,1.596928
8762,62.310114101473921,19072508116090,1,4.7784014604985714,4.7228,4.70784,1.83,14555,0.001024,0.74316799999999994,,0.033024,0.086016,0,0.067583999999999991,0.003328,0.012032,,0.002304,,1.596928
8763,62.314798696145125,19072508163318,1,4.6845944598317146,4.7256,4.752896,1.5984,14555,0.001024,0.736768,,0.032768,0.08576,0,0.068096,0.007424,0.013568,,0.002304,,1.5966719999999999
8764,62.31959790249433,19072508210574,1,4.7992062754929066,4.9992,4.72576,1.703,14555,0.001024,0.74649599999999994,,0.03328,0.086016,0,0.068096,0.011776,0.013056,,0.002304,,1.5979519999999998
8765,62.324356696428566,19072508260566,1,4.7587938606739044,4.7164,4.781056,2.0444,14555,0.001024,0.74368,,0.03328,0.082688,0,0.064767999999999992,0.007936,0.012288,,0.002048,,1.5966719999999999
8766,62.329183198696143,19072508307730,1,4.8265024088323116,5.1863,4.752128,1.9407,14555,0.001024,0.747008,,0.03328,0.083456,0.000256,0.065279999999999991,0.0076799999999999993,0.012799999999999999,,0.002304,,1.5999999999999999
8767,62.333892800453512,19072508359593,1,4.7096018679440022,4.1948,4.73472,2.0398,14555,0.001024,0.74214399999999991,,0.033024,0.086016,0,0.06784,0.003328,0.014848,,0.002304,,1.600768
8768,62.338573802437637,19072508401541,1,4.6810018830001354,4.939,4.751616,1.876,14750,0.001024,0.749312,,0.033535999999999996,0.091392,0.000256,0.070912,0.003072,0.014591999999999999,,0.002304,,1.5997439999999998
8769,62.343335600907025,19072508450931,1,4.761798307299614,4.8469,4.666624,1.6715,14555,0.001024,0.734976,,0.033535999999999996,0.09036799999999999,0,0.07168,0.003328,0.013056,,0.002048,,1.618944
8770,62.3480922973356,19072508499400,1,4.75669652223587,4.2929,4.737024,2.0383,14555,0.001024,0.742912,,0.033024,0.08524799999999999,0.000256,0.066816,0.007168,0.012288,,0.002304,,1.60128
8771,62.352806597222219,19072508542329,1,4.71429992467165,4.9132999999999996,4.728576,1.8331,14555,0.001024,0.74496,,0.032768,0.084224,0.000256,0.066304,0.003072,0.013824,,0.002304,,1.602048
8772,62.357724900793649,19072508591462,1,4.9183033406734467,4.9182,4.702976,2.3814,14555,0.001024,0.73651199999999994,,0.032768,0.082431999999999991,0,0.064,0.003072,0.012544,,0.002304,,1.5964159999999998
8773,62.362492998866209,19072508640644,1,4.7680982388556,5.3175,4.72576,1.811,14555,0.001024,0.745216,,0.033535999999999996,0.083456,0,0.064767999999999992,0.003584,0.011007999999999999,,0.002304,,1.6015359999999998
8774,62.3672419005102,19072508693819,1,4.7489018179476261,3.9939,4.757504,2.3413,14555,0.001024,0.736256,,0.033024,0.087551999999999991,0.000256,0.070144,0.003584,0.014591999999999999,,0.002048,,1.6163839999999998
8775,62.37206879960317,19072508733758,1,4.8268991522490978,5.4704,4.731904,1.853,14555,0.001024,0.74624,,0.033024,0.082688,0,0.065024,0.003072,0.012799999999999999,,0.002304,,1.606144
8776,62.376740299036278,19072508788462,1,4.6714995987713337,4.3335,4.728832,1.6763,14809,0.001024,0.737792,,0.03328,0.086016,0,0.068096,0.003328,0.012799999999999999,,0.002304,,1.595392
8777,62.381584098639451,19072508831797,1,4.8437993973493576,4.6262,4.722176,2.2683,14555,0.001024,0.74547199999999991,,0.03328,0.086016,0.000256,0.06784,0.003072,0.012032,,0.002304,,1.60128
8778,62.3862294005102,19072508878059,1,4.6453019604086876,5.5956,4.740864,2.1804,14555,0.001024,0.758272,,0.033791999999999996,0.083968,0,0.066048,0.007936,0.010752,,0.0025599999999999998,,1.599488
8779,62.390988895975056,19072508934015,1,4.7594956122338772,4.3719,4.706304,2.4142,14555,0.001024,0.74470399999999992,,0.03328,0.082431999999999991,0,0.064256,0.003328,0.013568,,0.002304,,1.600768
8780,62.395980498866209,19072508977734,1,4.9916030839085579,4.9693,4.740096,2.5577,14555,0.0012799999999999999,0.756992,,0.03328,0.08294399999999999,0,0.065279999999999991,0.003584,0.012288,,0.002304,,1.596928
8781,62.400734098639454,19072509027427,1,4.7535998746752739,4.6432,4.795392,2.178,14555,0.001024,0.750848,,0.033535999999999996,0.084735999999999992,0.000256,0.06656,0.0084479999999999989,0.011776,,0.002304,,1.60128
8782,62.405429301303855,19072509073859,1,4.6952026896178722,4.5749,4.720128,2.0231,14555,0.001024,0.73344,,0.033535999999999996,0.083712,0,0.065792,0.0097279999999999988,0.013568,,0.002304,,1.615616
8783,62.410847597789115,19072509119608,1,5.4182964377105236,5.4501,4.690432,2.7951,14555,0.0012799999999999999,0.74393599999999993,,0.03328,0.083456,0.000256,0.065024,0.007424,0.011264,,0.002304,,1.618944
8784,62.415495301870749,19072509174109,1,4.6477043069899082,4.6387,4.733184,2.0563,14555,0.001024,0.75776,,0.033535999999999996,0.08576,0.000256,0.066816,0.003584,0.012032,,0.002304,,1.5982079999999999
8785,62.420241595804988,19072509220496,1,4.7462941147387028,4.4489,4.710912,1.9357,67268,0.001024,0.74137599999999992,,0.033024,0.084992,0,0.066304,0.003328,0.011776,,0.002304,,1.5964159999999998
8786,62.424968197278908,19072509264985,1,4.7266012988984585,5.0984,4.718336,1.804,60466,0.001024,0.742912,,0.033024,0.08448,0.000256,0.066304,0.003072,0.012544,,0.002304,,1.5979519999999998
8787,62.430051502267574,19072509315969,1,5.0833048298954964,4.9602,4.703232,2.4788,14555,0.001024,0.749312,,0.032768,0.086272,0,0.068352,0.003072,0.015104,,0.002304,,1.621248
8788,62.434698398526074,19072509365571,1,4.6468963846564293,5.0772,4.731904,2.0476,32126,0.0012799999999999999,0.742656,,0.033535999999999996,0.084224,0,0.066048,0.003584,0.011519999999999999,,0.002304,,1.6030719999999998
8789,62.439431597222217,19072509416343,1,4.7331987880170345,4.4604,4.711936,2.0615,79358,0.001024,0.741632,,0.03328,0.089855999999999991,0,0.07039999999999999,0.006144,0.013056,,0.002304,,1.59744
8790,62.445374199263036,19072509460947,1,5.9426021762192249,4.8291,4.713728,1.9495,14555,0.001024,0.74752,,0.033024,0.085504,0.000256,0.067328,0.003328,0.013056,,0.002304,,1.6017919999999999
8791,62.451460997732426,19072509509238,1,6.0867983847856522,4.9906,5.916416,0.6289,14555,0.001024,0.739072,,0.034304,0.08576,0,0.067328,0.003328,0.013312,,0.002304,,1.888256
8792,62.4569003968254,19072509559144,1,5.4393992759287357,5.4383,0.034816,1.7531,14555,0.001024,0.74803199999999992,,0.033791999999999996,0.086528,0,0.068096,0.003328,0.014336,,0.002304,,2.109952
8793,62.462327097505664,19072509613527,1,5.4267006926238537,4.6201,5.416448,1.9245,14555,0.001024,0.74060799999999993,,0.033535999999999996,0.087808,0,0.069887999999999992,0.003072,0.014336,,0.002304,,1.8923519999999998
8794,62.467824496882081,19072509659728,1,5.4973992519080639,6.4593,5.39648,2.4182,14555,0.001024,0.743424,,0.03328,0.088832,0,0.07039999999999999,0.007424,0.014336,,0.002304,,1.8890239999999998
8795,62.472818197278912,19072509724321,1,4.9937004223465919,5.6303,5.412096,2.195,14555,0.001024,0.736768,,0.033791999999999996,0.091904,0,0.071424,0.012288,0.014591999999999999,,0.002304,,2.076416
8796,62.478158496315189,19072509780624,1,5.3402991034090519,5.3344,4.968192,2.4754,14757,0.001024,0.74137599999999992,,0.033791999999999996,0.089088,0,0.069376,0.007424,0.013568,,0.002304,,1.8693119999999999
8797,62.483367701247161,19072509833968,1,5.2092047408223152,5.3963,5.34656,1.9418,14555,0.001024,0.749312,,0.033535999999999996,0.090112,0,0.070656,0.007424,0.012288,,0.002304,,1.880576
8798,62.488707801870746,19072509887931,1,5.3401007317006588,5.1007999999999996,5.169152,2.2588,14750,0.001024,0.744192,,0.033024,0.086784,0,0.068096,0.0076799999999999993,0.012799999999999999,,0.002304,,1.873408
8799,62.493665100623581,19072509938939,1,4.9572987481951714,5.1417,5.392128,2.4337,14555,0.001024,0.740864,,0.033791999999999996,0.089855999999999991,0,0.069376,0.0076799999999999993,0.013568,,0.002048,,1.794816
8800,62.499200396825394,19072509990356,1,5.53529616445303,6.0236,4.932864,2.3119,17551,0.0012799999999999999,0.74803199999999992,,0.033535999999999996,0.083968,0,0.066048,0.003328,0.011007999999999999,,0.002304,,1.6115199999999998
8801,62.50477269699546,19072510050592,1,5.5722999386489391,5.0038,5.438464,2.333,14555,0.001024,0.742912,,0.033024,0.082688,0.000256,0.064256,0.29798399999999997,0.012799999999999999,,0.0025599999999999998,,1.5966719999999999
8802,62.509948001700678,19072510100630,1,5.1753045991063118,4.9525,5.630208,2.3613,18001,0.001024,0.745728,,0.035072,0.087551999999999991,0,0.06912,0.007424,0.014336,,0.002304,,1.599488
8803,62.51496609977324,19072510150155,1,5.0180982798337936,5.6706,5.139712,2.0679,14555,0.001024,0.737024,,0.035072,0.084992,0,0.066304,0.006912,0.014848,,0.002048,,1.5936
8804,62.520931001984124,19072510206861,1,5.9649022296071053,5.2104,4.973312,2.6904,14555,0.0012799999999999999,0.737024,,0.03456,0.08448,0,0.06656,0.003072,0.012544,,0.002304,,1.61792
8805,62.526022902494326,19072510258965,1,5.09190047159791,6.0467,4.939008,2.3913,14555,0.001024,0.74624,,0.03328,0.083712,0,0.065279999999999991,0.003584,0.012032,,0.002304,,1.5982079999999999
8806,62.531571301020406,19072510319432,1,5.5483984760940075,4.8592,4.863488,2.3711,14555,0.002304,0.73344,,0.034048,0.086528,0,0.06784,0.0076799999999999993,0.013824,,0.002048,,1.5964159999999998
8807,62.536878996598638,19072510368024,1,5.3076953627169132,5.6836,5.161984,2.2361,14555,0.001024,0.74905599999999994,,0.03456,0.084224,0,0.066304,0.007424,0.010752,,0.0025599999999999998,,1.5936
8808,62.542033900226755,19072510424860,1,5.1549035124480724,4.8983,5.130752,2.182,14555,0.001024,0.73856,,0.034048,0.084992,0.000256,0.06656,0.0048639999999999994,0.012288,,0.002304,,1.5982079999999999
8809,62.547374397675732,19072510473843,1,5.340497475117445,5.3743,5.13536,2.4793,14555,0.001024,0.739072,,0.03328,0.36096,0,0.067328,0.003328,0.013056,,0.002304,,1.5982079999999999
8810,62.552665398242631,19072510527586,1,5.2910004742443562,5.5887,5.1727359999999996,2.8038,14555,0.001024,0.755456,,0.042496,0.085504,0,0.06656,0.008192,0.012288,,0.002304,,1.591808
8811,62.557880598072558,19072510583473,1,5.2151996642351151,5.717,5.164288,2.4342,14555,0.0025599999999999998,0.749312,,0.041215999999999996,0.081408,0.000256,0.062464,0.0076799999999999993,0.011007999999999999,,0.002304,,1.5948799999999999
8812,62.563440695861672,19072510640643,1,5.5600977502763271,4.9629,5.169152,2.4045,14555,0.003328,0.74624,,0.03456,0.084992,0,0.066048,0.003328,0.012288,,0.0025599999999999998,,1.599232
8813,62.568689795918367,19072510690272,1,5.2491002716124058,5.2468,5.501952,2.3277,14555,0.001024,0.75008,,0.033791999999999996,0.084992,0,0.06656,0.0076799999999999993,0.010496,,0.0025599999999999998,,2.0416
8814,62.573676700680267,19072510742740,1,4.9869045615196228,5.6329,5.28256,2.3543,14555,0.0012799999999999999,0.735744,,0.032768,0.24473599999999998,0,0.22630399999999998,0.0076799999999999993,0.013568,,0.002304,,1.75616
8815,62.578926601473917,19072510799069,1,5.2499007433652878,4.9625,4.977664,2.2117,14809,0.001024,0.732672,,0.032768,0.083968,0,0.066048,0.0076799999999999993,0.012032,,0.002304,,1.599232
8816,62.584340001417232,19072510848694,1,5.4134000092744827,4.8284,5.1968,2.1936,14555,0.001024,0.73727999999999994,,0.03328,0.082688,0,0.064512,0.007168,0.012544,,0.002048,,2.10176
8817,62.58981320153061,19072510896978,1,5.4732002317905426,6.083,5.417728,2.3559,14555,0.001024,0.756736,,0.033791999999999996,0.081919999999999993,0.000256,0.063488,0.007936,0.010496,,0.002304,,2.1143039999999997
8818,62.595044097222221,19072510957808,1,5.230895709246397,4.3127,5.453056,2.0932,14555,0.001024,0.74726399999999993,,0.033024,0.086016,0,0.067583999999999991,0.003072,0.013056,,0.002304,,2.138368
8819,62.600560700113377,19072511000935,1,5.5166031233966351,5.7793,5.209088,2.5716,14555,0.001024,0.732416,,0.03328,0.08448,0,0.066304,0.003328,0.012288,,0.002048,,1.8752
8820,62.60598349631519,19072511058728,1,5.4227961227297783,5.6517,5.285632,2.0148,14555,0.001024,0.759296,,0.033791999999999996,0.084992,0,0.066304,0.0051199999999999996,0.010752,,0.0025599999999999998,,1.8455039999999998
8821,62.611158801020409,19072511115245,1,5.1753045991063118,4.787,5.391872,2.0628,14555,0.001024,0.74649599999999994,,0.033024,0.24371199999999998,0,0.225024,0.007424,0.011519999999999999,,0.002048,,2.098944
8822,62.616481398809519,19072511163115,1,5.3225979208946228,5.1648,5.235968,2.2449,14555,0.001024,0.739584,,0.033024,0.08448,0,0.066304,0.0076799999999999993,0.013056,,0.002048,,1.871872
8823,62.62157889739229,19072511214763,1,5.0974986515939236,5.9091,5.238016,1.7713,14555,0.0012799999999999999,0.745216,,0.033024,0.084992,0,0.066816,0.007424,0.012799999999999999,,0.002048,,1.8542079999999999
8824,62.626983397108845,19072511273854,1,5.40449982509017,4.4437,5.134848,2.0043,14555,0.001024,0.74060799999999993,,0.03328,0.0832,0,0.064767999999999992,0.007424,0.012799999999999999,,0.002048,,1.85984
8825,62.632066198979587,19072511318291,1,5.082801915705204,5.155,5.379072,2.924,14555,0.001024,0.739328,,0.033024,0.083456,0,0.065024,0.007168,0.014848,,0.002304,,1.786112
8826,62.637541496598637,19072511369841,1,5.4752975702285767,6.0838,4.984064,2.5675,14555,0.001024,0.747008,,0.033535999999999996,0.082176,0,0.064512,0.0048639999999999994,0.011264,,0.0025599999999999998,,1.59616
8827,62.643011302437642,19072511430679,1,5.4698060266673565,5.5344,5.214208,2.3479,14750,0.0012799999999999999,0.744192,,0.034816,0.084224,0,0.065536,0.007424,0.012799999999999999,,0.0025599999999999998,,1.5982079999999999
8828,62.648156200396826,19072511486023,1,5.144897848367691,5.118,5.367296,2.1402,14555,0.0012799999999999999,0.744192,,0.034816,0.084224,0,0.065536,0.007424,0.012799999999999999,,0.0025599999999999998,,1.5982079999999999
8829,62.653759297052154,19072511537203,1,5.6030964478850365,4.49,5.190912,1.9292,14555,0.001024,0.745216,,0.034816,0.088576,0.000256,0.07039999999999999,0.0076799999999999993,0.012544,,0.002048,,1.598976
8830,62.658724397675734,19072511582103,1,4.9651004374027252,5.6779,5.318912,2.1954,14555,0.001024,0.747008,,0.03328,0.0832,0,0.065024,0.012288,0.014591999999999999,,0.002304,,1.592832
8831,62.664256001984121,19072511638882,1,5.5316044017672539,5.1612,4.93824,2.5045,14555,0.001024,0.7424,,0.032768,0.325376,0,0.067328,0.007424,0.013056,,0.002304,,1.598976
8832,62.669405102040812,19072511690494,1,5.1490999758243561,6.2662,5.270528,2.3487,14555,0.001024,0.73651199999999994,,0.033024,0.08294399999999999,0,0.064512,0.0076799999999999993,0.010752,,0.002304,,1.594368
8833,62.674987996031746,19072511753156,1,5.5828941985964775,4.4467,,2.9185,14555,0.001024,0.73651199999999994,,0.033024,0.08294399999999999,0,0.064512,0.0076799999999999993,0.010752,,0.002304,,1.594368
8834,62.686541000566891,19072511797623,1,11.553004384040833,6.4143,4.899584,6.4143,14757,0.001024,0.751616,,0.035072,0.083456,0,0.064767999999999992,0.003072,0.010752,,0.0025599999999999998,,1.5966719999999999
8835,62.692349000850335,19072511861766,1,5.8080004528164864,5.2236,5.268224,2.4568,64973,0.001024,0.74726399999999993,,0.03968,0.080384,0.000256,0.063232,0.007936,0.011519999999999999,,0.002304,,1.6130559999999998
8836,62.698284700963718,19072511914002,1,5.93570014461875,5.0852,5.334272,2.2694,14555,0.001024,0.740352,,0.033024,0.345088,0,0.067071999999999993,0.009216,0.016128,,0.002048,,1.614336
8837,62.704175099206346,19072511964854,1,5.8903982862830162,12.54,5.132544,0.5985,14555,0.001024,0.74752,,0.035072,0.081919999999999993,0.000256,0.063232,0.0076799999999999993,0.011519999999999999,,0.002304,,1.5966719999999999
8838,62.710601502267572,19072512090254,1,6.42640283331275,6.2167,0.03456,2.7177,14555,0.001024,0.74547199999999991,,0.033024,0.0832,0,0.065024,0.0076799999999999993,0.015616,,0.002304,,1.59744
8839,62.715942495748294,19072512152421,1,5.3409934043884277,4.696,6.345728,2.6035,14555,0.0012799999999999999,0.737024,,0.035328,0.082431999999999991,0,0.064512,0.003584,0.012288,,0.002304,,1.761792
8840,62.721060799319723,19072512199381,1,5.1183034665882587,5.6558,5.3888,2.3192,14555,0.001024,0.735232,,0.03456,0.084735999999999992,0,0.06656,0.007168,0.013312,,0.002304,,1.596928
8841,62.726015299036277,19072512255939,1,4.9544996581971645,6.4026,5.09696,2.1763,14555,0.001024,0.73471999999999993,,0.034048,0.081919999999999993,0.000256,0.063488,0.0076799999999999993,0.014079999999999999,,0.002048,,1.597696
8842,62.730952699829928,19072512319965,1,4.9374005757272243,4.9939,4.93184,2.2535,14555,0.001024,0.73088,,0.032768,0.086272,0.000256,0.06784,0.003072,0.012032,,0.002304,,1.596928
8843,62.736474397675735,19072512369904,1,5.521697923541069,4.8539,4.913152,2.6536,14555,0.001024,0.740864,,0.033791999999999996,0.085504,0.000256,0.067328,0.003328,0.014336,,0.002048,,1.595904
8844,62.741964299886618,19072512418443,1,5.4899021051824093,5.1626,5.50016,2.8788,14555,0.001024,0.72959999999999992,,0.03328,0.32307199999999997,0.000256,0.06784,0.004608,0.010496,,0.002304,,1.7523199999999999
8845,62.7470547973356,19072512470069,1,5.0904974341392517,5.7338,5.290496,2.2041,14555,0.001024,0.748288,,0.034816,0.084224,0.000256,0.065792,0.003328,0.010496,,0.002304,,1.5999999999999999
8846,62.752450899943305,19072512527407,1,5.3961025550961494,5.1094,5.06368,2.6423,14555,0.001024,0.730368,,0.040704,0.086016,0,0.067583999999999991,0.004352,0.012032,,0.002304,,1.5946239999999998
8847,62.757923001700675,19072512578501,1,5.4721017368137836,5.7257,5.181952,2.0053,14555,0.001024,0.749568,,0.03968,0.084992,0.000256,0.066304,0.003328,0.011264,,0.0025599999999999998,,1.595392
8848,62.763086699263035,19072512635758,1,5.1636975258588791,4.994,5.402624,1.9834,14555,0.001024,0.73727999999999994,,0.033024,0.082176,0.000256,0.064256,0.25472,0.014591999999999999,,0.002048,,1.75616
8849,62.768415497448977,19072512685698,1,5.3287982009351254,4.8592,5.124352,1.99,14555,0.001024,0.740864,,0.03328,0.086784,0,0.068352,0.003584,0.014848,,0.002048,,1.764864
8850,62.773326899092964,19072512734290,1,4.9114017747342587,5.4916,5.299968,1.8917,14555,0.001024,0.72806399999999993,,0.043775999999999995,0.081408,0.000256,0.06297599999999999,0.007424,0.013312,,0.002304,,1.764864
8851,62.7789542020975,19072512789206,1,5.6273029185831547,5.2255,4.9664,2.3357,14757,0.001024,0.72473599999999994,,0.033024,0.086272,0.000256,0.06784,0.003328,0.013824,,0.002048,,1.9010559999999999
8852,62.784602600623579,19072512841461,1,5.64839830622077,6.185,5.391616,2.3078,14607,0.0012799999999999999,0.74905599999999994,,0.033535999999999996,0.0832,0,0.065536,0.007936,0.011264,,0.002304,,2.105088
8853,62.789787896825395,19072512903311,1,5.185296293348074,4.2104,5.595136,2.4168,14555,0.001024,0.73471999999999993,,0.03328,0.094208,0,0.073472,0.007424,0.014848,,0.002304,,1.865472
8854,62.79505060232426,19072512945415,1,5.262705497443676,5.7042,5.23392,2.0017,14750,0.001024,0.73651199999999994,,0.03328,0.083968,0.000256,0.065536,0.0076799999999999993,0.013568,,0.002048,,1.840128
8855,62.799976998299314,19072513002457,1,4.9263960681855679,5.8643,5.228032,2.4126,14555,0.001024,0.72832,,0.03328,0.08294399999999999,0.000256,0.065024,0.007424,0.013312,,0.002048,,2.130176
8856,62.804796797052148,19072513061100,1,4.8197987489402294,5.0005,4.918272,2.387,14555,0.001024,0.745728,,0.033791999999999996,0.086016,0,0.067583999999999991,0.007424,0.013568,,0.002304,,1.59616
8857,62.80957400085034,19072513111105,1,4.7772037796676159,5.0448,4.722176,1.9137,14555,0.0012799999999999999,0.74393599999999993,,0.03328,0.08448,0,0.066304,0.0076799999999999993,0.013824,,0.002304,,1.599488
8858,62.814482497165528,19072513161553,1,4.9084965139627457,4.8098,4.7552,2.4498,14555,0.0012799999999999999,0.74214399999999991,,0.033024,0.085504,0,0.067583999999999991,0.007424,0.013312,,0.002304,,1.594368
8859,62.819390001417233,19072513209651,1,4.9075041897594929,4.5169,4.891392,1.7549,14555,0.001024,0.750336,,0.033024,0.083968,0,0.065792,0.009216,0.013312,,0.002304,,1.5964159999999998
8860,62.824474199263037,19072513254820,1,5.0841979682445526,4.623,4.893696,1.9358,14555,0.001024,0.73548799999999992,,0.033024,0.252928,0.000256,0.23449599999999998,0.011264,0.014079999999999999,,0.002304,,1.596928
8861,62.829797796201809,19072513301050,1,5.3235967643558979,5.3617,5.126144,2.279,14555,0.001024,0.746752,,0.034304,0.086528,0,0.068608,0.003328,0.012288,,0.002304,,1.595392
8862,62.834515100623577,19072513354667,1,4.7173043712973595,5.0269,5.278976,2.3787,14555,0.001024,0.727808,,0.032768,0.084992,0.000256,0.067328,0.003072,0.014848,,0.002304,,2.015488
8863,62.839289299886616,19072513404936,1,4.7741993330419064,5.3181,4.717824,2.1696,14555,0.001024,0.73139199999999993,,0.033024,0.087808,0,0.069632,0.003584,0.012799999999999999,,0.002048,,1.593856
8864,62.844280598072558,19072513458117,1,4.9912980757653713,4.8822,4.749568,2.0451,14555,0.001024,0.74214399999999991,,0.03328,0.084992,0.000256,0.066816,0.007424,0.013824,,0.002304,,1.5966719999999999
8865,62.84918360260771,19072513506939,1,4.9030045047402382,4.3804,4.9792,1.92,14555,0.0012799999999999999,0.745728,,0.032768,0.083456,0.000256,0.065536,0.009472,0.013824,,0.002304,,1.614592
8866,62.853856696428572,19072513550743,1,4.6730940230190754,5.8198,4.792832,1.9888,14555,0.001024,0.737792,,0.033024,0.082688,0.000256,0.064767999999999992,0.0076799999999999993,0.012544,,0.002048,,1.5999999999999999
8867,62.8587544005102,19072513608941,1,4.8977038823068142,4.4651,4.721152,2.3428,14555,0.001024,0.739072,,0.033024,0.084224,0,0.065792,0.007424,0.012799999999999999,,0.002304,,1.595904
8868,62.863546697845806,19072513653592,1,4.7922972589731216,4.5222,4.878848,2.226,14555,0.001024,0.749312,,0.032768,0.086272,0.000256,0.068096,0.007424,0.013312,,0.002304,,1.612544
8869,62.868240695861672,19072513698814,1,4.6939980238676071,5.4659,4.70528,2.0735,14555,0.001024,0.747776,,0.033535999999999996,0.082688,0.000256,0.064,0.0076799999999999993,0.011264,,0.002816,,1.5946239999999998
8870,62.873061600056687,19072513753473,1,4.820904228836298,4.3177,4.744192,1.8938,14555,0.001024,0.736256,,0.032768,0.086528,0.000256,0.068608,0.003328,0.012799999999999999,,0.002304,,1.597184
8871,62.877733297902495,19072513796650,1,4.6716979704797268,4.7798,4.721664,2.3134,14757,0.001024,0.73344,,0.03328,0.085504,0,0.067071999999999993,0.007424,0.014079999999999999,,0.002304,,1.600256
8872,62.882986996882082,19072513844448,1,5.253699142485857,4.6475,4.718848,2.7147,14555,0.001024,0.73983999999999994,,0.03328,0.084735999999999992,0,0.066048,0.003072,0.011519999999999999,,0.002304,,1.597696
8873,62.887706802721084,19072513890923,1,4.7198059037327766,5.3056,4.758784,1.9891,14555,0.001024,0.758784,,0.033791999999999996,0.084224,0,0.066048,0.0051199999999999996,0.012032,,0.002304,,1.6017919999999999
8874,62.892516099773239,19072513943979,1,4.8092971555888653,4.1137,4.720896,2.3086,14555,0.0012799999999999999,0.74905599999999994,,0.03328,0.08832,0,0.07039999999999999,0.003072,0.015616,,0.002304,,1.6030719999999998
8875,62.897295797902494,19072513985116,1,4.7796983271837234,5.6547,4.72192,2.131,14555,0.001024,0.74368,,0.033024,0.080639999999999989,0,0.06272,0.00896,0.010752,,0.002304,,1.602304
8876,62.901990398242631,19072514041663,1,4.694600123912096,4.615,4.756992,1.7769,14555,0.001024,0.74496,,0.033024,0.081664,0,0.063488,0.007424,0.014336,,0.002304,,1.5982079999999999
8877,62.906802097505668,19072514087813,1,4.8116990365087986,4.1699,4.723968,1.8763,14555,0.001024,0.73856,,0.03328,0.082176,0,0.063744,0.003072,0.012544,,0.002048,,1.598976
8878,62.911514795918364,19072514129512,1,4.7126985155045986,5.1027,4.744448,1.6865,14555,0.001024,0.737792,,0.03328,0.084735999999999992,0,0.067071999999999993,0.007424,0.014336,,0.002304,,1.5979519999999998
8879,62.916282001133787,19072514180539,1,4.7672051005065441,4.3825,4.763392,1.8474,14555,0.0012799999999999999,0.749312,,0.033024,0.083968,0,0.065024,0.007424,0.013056,,0.002304,,1.622272
8880,62.921033900226753,19072514224364,1,4.751899279654026,5.6339,4.734976,1.8462,14555,0.001024,0.746752,,0.032768,0.084735999999999992,0,0.066304,0.007424,0.014079999999999999,,0.002048,,1.5984639999999999
8881,62.92616699971655,19072514280703,1,5.1330993883311749,3.9107,4.745216,2.5993,14555,0.001024,0.74470399999999992,,0.03328,0.083456,0,0.065024,0.003072,0.013312,,0.002048,,1.6197119999999998
8882,62.930939200680271,19072514319810,1,4.7722011804580688,5.7571,4.769024,1.9383,14555,0.0012799999999999999,0.732416,,0.03328,0.082176,0.000256,0.064,0.003072,0.011264,,0.0025599999999999998,,1.5979519999999998
8883,62.935817495748296,19072514377381,1,4.8782951198518276,4.2115,4.760576,1.9453,14555,0.0012799999999999999,0.7488,,0.033024,0.084735999999999992,0,0.066816,0.003072,0.015104,,0.002304,,1.5982079999999999
8884,62.940506696428571,19072514419496,1,4.6892007812857628,4.6684,4.775936,2.0729,14555,0.001024,0.744448,,0.032768,0.084224,0.000256,0.065792,0.0076799999999999993,0.012032,,0.002304,,1.59872
8885,62.945244798752832,19072514466180,1,4.738102201372385,5.4444,4.739072,1.7405,64973,0.001024,0.745216,,0.03328,0.084224,0,0.066304,0.007424,0.011776,,0.002304,,1.59744
8886,62.950702501417233,19072514520624,1,5.4577025584876537,4.5658,4.713728,2.0598,14750,0.001024,0.74624,,0.033024,0.085504,0,0.067071999999999993,0.0076799999999999993,0.011776,,0.002048,,1.599488
8887,62.955938399943307,19072514566282,1,5.2358983084559441,4.4194,5.435904,0.598,14555,0.001024,0.747008,,0.032768,0.083712,0.000256,0.065279999999999991,0.003072,0.015359999999999999,,0.002048,,1.873152
8888,62.960624000850338,19072514610476,1,4.6856007538735867,6.0222,0.034048,2.1927,14555,0.001024,0.74316799999999994,,0.033024,0.086272,0,0.068352,0.007168,0.011264,,0.0025599999999999998,,1.8739199999999998
8889,62.965569501133785,19072514670698,1,4.9455002881586552,4.7124,4.662528,2.2146,14555,0.001024,0.74624,,0.033535999999999996,0.088576,0.000256,0.06912,0.0076799999999999993,0.012544,,0.002304,,1.621248
8890,62.970365299036281,19072514717822,1,4.7957981005311012,5.4977,4.795392,2.2572,14555,0.001024,0.74982399999999994,,0.033535999999999996,0.081919999999999993,0.000256,0.063744,0.003584,0.010752,,0.002304,,1.5997439999999998
8891,62.975116397392284,19072514772799,1,4.7510983422398567,4.1785,4.777216,2.1177,14555,0.0012799999999999999,0.73881599999999992,,0.03328,0.091904,0.000256,0.07168,0.003328,0.013056,,0.002304,,1.60128
8892,62.979873497732427,19072514814584,1,4.7571002505719662,4.8389,4.73728,2.173,14757,0.001024,0.748288,,0.032512,0.087551999999999991,0,0.068864,0.003328,0.013568,,0.002304,,1.5979519999999998
8893,62.98454759778911,19072514862973,1,4.67409985139966,5.2286,4.7232,2.1862,14607,0.001024,0.745984,,0.033535999999999996,0.08448,0,0.06656,0.003328,0.012544,,0.002304,,1.604096
8894,62.989379698129248,19072514915259,1,4.832100123167038,4.5478,4.672512,2.1479,14555,0.001024,0.73881599999999992,,0.03328,0.08294399999999999,0,0.064767999999999992,0.003072,0.012288,,0.002048,,1.5964159999999998
8895,62.994091595804989,19072514960737,1,4.7118975780904293,5.084,4.73984,1.9795,14555,0.001024,0.749312,,0.033535999999999996,0.081919999999999993,0,0.063488,0.003584,0.009984,,0.0025599999999999998,,1.5982079999999999
8896,62.99885449971655,19072515011577,1,4.7629037871956825,4.3873,4.753664,1.6899,14555,0.001024,0.74368,,0.033024,0.088832,0,0.070656,0.009472,0.013568,,0.002304,,1.59616
8897,63.003668700396823,19072515055450,1,4.8142005689442158,4.4717,4.744192,1.99,17551,0.001024,0.73548799999999992,,0.033024,0.085504,0,0.067583999999999991,0.007424,0.013056,,0.002048,,1.6015359999999998
8898,63.0085218962585,19072515100167,1,4.8531959764659405,4.7247,4.72448,2.2696,14555,0.001024,0.74726399999999993,,0.033024,0.086784,0,0.068096,0.007424,0.014591999999999999,,0.002304,,1.59744
8899,63.013275496031746,19072515147414,1,4.7535998746752739,5.0178,4.901888,1.7832,18001,0.001024,0.73983999999999994,,0.033024,0.08576,0,0.067328,0.007424,0.012288,,0.002304,,1.5979519999999998
8900,63.018075602324259,19072515197592,1,4.8001063987612724,4.7163,4.731904,1.9706,14555,0.001024,0.737792,,0.03328,0.082431999999999991,0,0.063744,0.007168,0.013312,,0.0025599999999999998,,1.59616
8901,63.022845698696145,19072515244755,1,4.7700963914394379,4.6391,4.778496,2.0304,14555,0.001024,0.745216,,0.033024,0.08524799999999999,0.000256,0.066816,0.003328,0.015104,,0.002304,,1.599488
8902,63.027570500283446,19072515291146,1,4.7248015180230141,4.7552,4.755456,2.0066,14555,0.001024,0.745728,,0.033024,0.08576,0.000256,0.06784,0.0076799999999999993,0.015616,,0.002048,,1.6033279999999999
8903,63.03243249716553,19072515338698,1,4.8619969747960567,4.6558,4.709376,2.0607,14555,0.001024,0.746752,,0.033024,0.082176,0,0.063488,0.007168,0.012544,,0.002304,,1.5999999999999999
8904,63.037111302437637,19072515385256,1,4.6788053587079048,5.0862,4.7744,1.9999,14555,0.0012799999999999999,0.74393599999999993,,0.033024,0.084992,0.000256,0.066816,0.003584,0.011264,,0.002304,,1.60256
8905,63.04185379818594,19072515436118,1,4.7424957156181335,4.8119,4.735488,2.3513,14555,0.001024,0.737792,,0.033024,0.08576,0,0.068096,0.003328,0.013568,,0.002048,,1.599488
8906,63.04696580215419,19072515484237,1,5.11200400069356,4.9511,4.72192,2.27,14555,0.001024,0.744192,,0.033024,0.08448,0,0.065792,0.003328,0.012799999999999999,,0.002304,,1.6030719999999998
8907,63.052458999433107,19072515533748,1,5.4931971244513988,4.1152,5.086464,2.1593,14555,0.001024,0.735744,,0.033024,0.083968,0,0.065279999999999991,0.0076799999999999993,0.012032,,0.002304,,1.59744
8908,63.057826395975056,19072515574900,1,5.3673963993787766,5.3133,5.402624,2.1065,14555,0.001024,0.74112,,0.036095999999999996,0.086528,0,0.068096,0.0076799999999999993,0.012032,,0.002048,,1.759488
8909,63.063083397108841,19072515628033,1,5.2570011466741562,5.0131,5.34144,1.7847,14555,0.001024,0.73344,,0.03328,0.087039999999999992,0.000256,0.068864,0.0076799999999999993,0.012288,,0.002304,,1.8823679999999998
8910,63.068491496598639,19072515678164,1,5.4080993868410587,5.432,5.23776,2.03,14555,0.001024,0.737024,,0.03456,0.08576,0,0.066816,0.007424,0.014079999999999999,,0.002304,,1.5948799999999999
8911,63.073506398809521,19072515732484,1,5.0149019807577133,5.657,5.383424,2.2045,14555,0.001024,0.745216,,0.032768,0.084224,0,0.066304,0.0084479999999999989,0.013312,,0.002304,,1.998592
8912,63.078613598356007,19072515789054,1,5.1071997731924057,5.2322,4.9984,2.0518,14757,0.001024,0.7424,,0.03328,0.083456,0,0.065279999999999991,0.003328,0.012544,,0.002048,,1.5984639999999999
8913,63.08437089710884,19072515841376,1,5.7572987861931324,5.3849,5.137152,2.883,14555,0.001024,0.74649599999999994,,0.033535999999999996,0.084992,0,0.066816,0.003328,0.012544,,0.002304,,1.8623999999999998
8914,63.089826799886616,19072515895225,1,5.4559027776122093,5.4302,5.215488,2.078,14555,0.0012799999999999999,0.749312,,0.033791999999999996,0.082431999999999991,0.000256,0.064256,0.007936,0.012032,,0.0025599999999999998,,1.884672
8915,63.0950292020975,19072515949527,1,5.2024023607373238,4.4973,5.361664,2.0738,14555,0.001024,0.7424,,0.033791999999999996,0.091648,0,0.070912,0.007424,0.013824,,0.002304,,2.10688
8916,63.10066899801587,19072515994500,1,5.639796145260334,5.7146,5.244928,1.8453,14555,0.001024,0.743424,,0.03328,0.0896,0,0.070144,0.006656,0.012544,,0.002304,,2.1306879999999997
8917,63.10574129818594,19072516051646,1,5.07230032235384,6.346,5.440512,1.8705,14750,0.001024,0.745728,,0.033535999999999996,0.087296,0,0.068352,0.007168,0.014336,,0.002304,,1.898496
8918,63.110997399376416,19072516115106,1,5.25610102340579,4.0068,5.240064,2.3234,14555,0.001024,0.73727999999999994,,0.03328,0.083968,0.000256,0.065279999999999991,0.0076799999999999993,0.011776,,0.002304,,1.855232
8919,63.116386401643986,19072516155174,1,5.389002151787281,6.0523,5.235456,2.5619,14555,0.0012799999999999999,0.74470399999999992,,0.033024,0.085504,0,0.067071999999999993,0.007424,0.013312,,0.002304,,1.8521599999999998
8920,63.121422597789113,19072516215697,1,5.0361962057650089,5.7643,5.374976,2.3621,14555,0.001024,0.736768,,0.03456,0.083712,0,0.065024,0.003072,0.012288,,0.0025599999999999998,,1.869568
8921,63.12635250141723,19072516273340,1,4.92990342900157,5.4818,4.94336,2.3773,14555,0.001024,0.74752,,0.033535999999999996,0.084735999999999992,0,0.06656,0.00896,0.011776,,0.0025599999999999998,,1.860352
8922,63.131595301870746,19072516328158,1,5.2428003400564194,4.2444,4.978176,2.4029,14555,0.001024,0.731136,,0.033024,0.083456,0.000256,0.065024,0.011519999999999999,0.012544,,0.002048,,1.5948799999999999
8923,63.136987896825396,19072516370602,1,5.39259472861886,5.7378,5.2288,2.2305,14555,0.001024,0.758784,,0.041215999999999996,0.08832,0,0.06784,0.003584,0.011007999999999999,,0.002048,,1.599232
8924,63.14236199688208,19072516427980,1,5.3741000592708588,4.6289,5.359872,1.8685,14555,0.001024,0.73292799999999991,,0.188416,0.086784,0,0.068352,0.0076799999999999993,0.011776,,0.002048,,1.5966719999999999
8925,63.147343898809524,19072516474269,1,4.9819019623100758,5.1152,5.12,2.2663,14555,0.0012799999999999999,0.734208,,0.034304,0.086272,0,0.067328,0.003328,0.013312,,0.002304,,1.5982079999999999
8926,63.152866801303851,19072516525421,1,5.5229025892913342,5.5129,4.940032,1.9514,14555,0.0012799999999999999,0.736,,0.035072,0.08576,0,0.06784,0.0076799999999999993,0.014591999999999999,,0.002304,,1.5946239999999998
8927,63.157958000283443,19072516580550,1,5.0911991856992245,5.0485,5.441024,2.7334,14555,0.001024,0.736,,0.039168,0.085504,0.000256,0.066816,0.007936,0.012799999999999999,,0.002048,,1.761024
8928,63.163089902210885,19072516631035,1,5.1319017075002193,5.56,5.151488,2.184,14555,0.001024,0.741888,,0.0384,0.086272,0,0.068096,0.007936,0.013312,,0.002304,,1.596928
8929,63.168245996315193,19072516686635,1,5.1560942083597183,4.8561,5.065984,2.2227,14555,0.001024,0.73727999999999994,,0.034048,0.08832,0,0.069376,0.0076799999999999993,0.014848,,0.002304,,1.5997439999999998
8930,63.173463102324263,19072516735196,1,5.2171060815453529,5.6167,5.16096,2.0611,14555,0.001024,0.73856,,0.032768,0.084735999999999992,0,0.066304,0.008192,0.012799999999999999,,0.002304,,1.758464
8931,63.178666999716548,19072516791363,1,5.2038975991308689,4.811,5.092096,2.0175,14757,0.001024,0.737792,,0.032512,0.086528,0,0.068352,0.007424,0.013824,,0.002304,,2.013696
8932,63.183930399659864,19072516839473,1,5.2633997984230518,6.2791,5.271296,2.1775,14555,0.001024,0.7488,,0.03328,0.082431999999999991,0.000256,0.064767999999999992,0.007424,0.011776,,0.002048,,2.1324799999999997
8933,63.189318197278908,19072516902264,1,5.3877974860370159,4.543,5.229056,2.1325,14607,0.001024,0.7424,,0.033024,0.084992,0.000256,0.066816,0.007424,0.012032,,0.002304,,2.083584
8934,63.194803599773238,19072516947694,1,5.4854024201631546,4.951,5.36832,2.8929,64973,0.001024,0.743424,,0.033024,0.083968,0,0.065536,0.007424,0.013056,,0.002048,,1.854976
8935,63.2028295989229,19072516997204,1,8.0259991809725761,5.6503,5.152,2.875,14555,0.001024,0.748288,,0.033535999999999996,0.081664,0.000256,0.063488,0.0038399999999999997,0.011007999999999999,,0.002304,,1.859584
8936,63.209787096088434,19072517053707,1,6.9574969820678234,6.0834,5.243136,0.7927,14555,0.001024,0.753408,,0.033791999999999996,0.083456,0,0.065024,0.003584,0.011264,,0.002304,,1.853696
8937,63.214716397392287,19072517114541,1,4.9293013289570808,8.2455,0.035328,2.1896,14555,0.001024,0.745728,,0.033791999999999996,0.083968,0,0.065279999999999991,0.007424,0.013824,,0.002304,,2.265088
8938,63.219976197562353,19072517196996,1,5.259800236672163,4.8722,4.698112,2.5729,14555,0.001024,0.74496,,0.033024,0.087551999999999991,0,0.068864,0.007168,0.011519999999999999,,0.002304,,1.596928
8939,63.2254968962585,19072517245718,1,5.5206986144185066,6.6128,5.146368,3.2694,14555,0.001024,0.74905599999999994,,0.039424,0.08576,0,0.066816,0.007424,0.010752,,0.002816,,1.595904
8940,63.230520797902493,19072517311846,1,5.02390181645751,5.2034,4.640768,2.7904,14555,0.001024,0.744448,,0.033791999999999996,0.087296,0,0.067583999999999991,0.003584,0.010239999999999999,,0.002304,,1.5948799999999999
8941,63.235925297619048,19072517363880,1,5.40449982509017,4.8732,5.094656,2.4461,14555,0.001024,0.751616,,0.035584,0.089343999999999993,0,0.067583999999999991,0.003584,0.011007999999999999,,0.002304,,1.5982079999999999
8942,63.241217495748295,19072517412612,1,5.2921981550753117,5.2027,5.31712,2.0729,14555,0.001024,0.74624,,0.034048,0.08806399999999999,0,0.069376,0.003072,0.014848,,0.002304,,1.765888
8943,63.246424199263039,19072517464639,1,5.2067036740481853,5.2291,5.282048,2.4863,14555,0.001024,0.736768,,0.032768,0.08576,0.000256,0.066816,0.0051199999999999996,0.014591999999999999,,0.243968,,1.592576
8944,63.251872399376417,19072517516930,1,5.448200274258852,5.1477,5.20576,2.1369,14555,0.001024,0.734208,,0.032768,0.314112,0,0.295936,0.003072,0.012544,,0.003328,,1.595904
8945,63.257849397675734,19072517568407,1,5.9769982472062111,5.5818,5.392384,2.2087,14750,0.001024,0.737792,,0.036351999999999995,0.0832,0,0.065024,0.010239999999999999,0.014591999999999999,,0.002304,,1.75488
8946,63.263095996315187,19072517624225,1,5.2465987391769886,4.8899,6.048768,1.9837,14555,0.001024,0.732672,,0.033535999999999996,0.08576,0,0.068096,0.0076799999999999993,0.013568,,0.002304,,2.03776
8947,63.268133801020404,19072517673124,1,5.03780459985137,6.492,5.183744,2.4443,14555,0.001024,0.73395199999999994,,0.035072,0.08806399999999999,0,0.06912,0.007424,0.012544,,0.0025599999999999998,,1.593856
8948,63.273114101473922,19072517738044,1,4.9803005531430244,5.5326,5.035008,2.0206,14555,0.001024,0.72959999999999992,,0.032768,0.082688,0,0.064767999999999992,0.007424,0.012032,,0.002304,,1.5951359999999999
8949,63.278318197278907,19072517793370,1,5.204095970839262,4.5684,4.954368,2.3436,14757,0.001024,0.741632,,0.03328,0.083968,0,0.065792,0.007424,0.014336,,0.002048,,1.599488
8950,63.284271797052149,19072517839054,1,5.9535996988415718,5.5099,5.196544,2.812,14555,0.0012799999999999999,0.73395199999999994,,0.03328,0.08448,0,0.066304,0.0097279999999999988,0.011776,,0.002304,,2.1227519999999998
8951,63.289708397108839,19072517894153,1,5.4366001859307289,5.7835,5.409792,2.1922,43485,0.0012799999999999999,0.747776,,0.034304,0.090624,0,0.072191999999999992,0.005376,0.012288,,0.002304,,1.856768
8952,63.295039200680272,19072517951988,1,5.33080380409956,4.5123,5.444864,2.2266,14555,0.001024,0.733696,,0.03328,0.086272,0,0.06784,0.007424,0.013824,,0.002304,,2.155264
8953,63.300379301303849,19072517997111,1,5.3401007317006588,5.9016,5.249536,2.5381,14555,0.001024,0.739328,,0.033024,0.086272,0.000256,0.06784,0.007424,0.013824,,0.002048,,1.8526719999999999
8954,63.305612400793649,19072518056127,1,5.2330996841192245,5.4133,5.248512,1.9982,14555,0.001024,0.74752,,0.033535999999999996,0.085504,0,0.067328,0.003328,0.013824,,0.002304,,1.8705919999999998
8955,63.310933198696141,19072518110260,1,5.3207976743578911,5.2023,5.216768,2.1656,14555,0.001024,0.73548799999999992,,0.03328,0.083712,0,0.065279999999999991,0.007424,0.012544,,0.002304,,1.8606079999999998
8956,63.3162748015873,19072518162283,1,5.3416029550135136,5.0632,5.21856,2.6303,14555,0.001024,0.743424,,0.033024,0.084224,0.000256,0.066048,0.007168,0.014848,,0.002304,,1.870336
8957,63.321585600907028,19072518212915,1,5.3107994608581066,5.5081,5.400576,2.4036,14555,0.001024,0.742912,,0.033024,0.086528,0.000256,0.068352,0.0048639999999999994,0.012288,,0.002304,,1.7853439999999998
8958,63.327297101757367,19072518267996,1,5.7115009985864162,5.2847,4.897536,2.8635,14555,0.001024,0.740096,,0.033024,0.082688,0,0.064256,0.007168,0.013312,,0.002304,,1.8071039999999998
8959,63.332841702097504,19072518320843,1,5.5446005426347256,6.0299,5.006848,2.8792,14555,0.001024,0.750848,,0.033535999999999996,0.084224,0,0.065536,0.006144,0.012288,,0.0025599999999999998,,1.5979519999999998
8960,63.338393700396821,19072518381142,1,5.5519985035061836,5.0446,5.564672,2.8369,14555,0.001024,0.74137599999999992,,0.03328,0.08576,0.000256,0.067071999999999993,0.007424,0.011007999999999999,,0.002304,,1.793024
8961,63.34401050170068,19072518431588,1,5.6168013252317905,5.7569,5.463808,2.4183,14555,0.001024,0.738304,,0.033535999999999996,0.080127999999999991,0,0.061952,0.007936,0.011776,,0.0025599999999999998,,1.8024959999999999
8962,63.349593898809523,19072518489157,1,5.58339711278677,5.6487,5.658624,2.597,14555,0.001024,0.74137599999999992,,0.034816,0.08806399999999999,0,0.069376,0.0076799999999999993,0.012288,,0.002304,,1.794816
8963,63.35463519699546,19072518545644,1,5.0412979908287525,5.576,5.492224,2.2896,14555,0.001024,0.741888,,0.033024,0.082688,0,0.064256,0.0076799999999999993,0.010239999999999999,,0.0025599999999999998,,1.801728
8964,63.360728302154193,19072518601404,1,6.0931053012609482,4.9165,4.9664,1.9633,14555,0.001024,0.74316799999999994,,0.033024,0.084992,0,0.066816,0.0076799999999999993,0.014336,,0.002304,,1.597696
8965,63.365785898526077,19072518650569,1,5.0575966015458107,5.0632,6.138624,2.2743,14555,0.001024,0.740352,,0.03968,0.08576,0,0.067583999999999991,0.0076799999999999993,0.012288,,0.002304,,1.59744
8966,63.3711827026644,19072518701201,1,5.3968043066561222,5.4899,5.087232,2.178,14555,0.001024,0.729856,,0.032768,0.083456,0,0.065279999999999991,0.007424,0.012799999999999999,,0.002304,,1.593856
8967,63.376618197278908,19072518756100,1,5.43549470603466,6.199,5.382656,2.3725,14700,0.001024,0.730112,,0.033791999999999996,0.0832,0,0.065279999999999991,0.007424,0.013568,,0.002304,,1.78304
8968,63.3816875,19072518818090,1,5.06930286064744,5.1626,5.4016,2.1552,14757,0.001024,0.72627199999999992,,0.033024,0.08448,0.000256,0.066048,0.0076799999999999993,0.012544,,0.0025599999999999998,,1.990912
8969,63.3879077026644,19072518869716,1,6.2202028930187225,5.1735,5.052416,2.0839,14555,0.001024,0.744192,,0.03328,0.086784,0,0.068864,0.0076799999999999993,0.015104,,0.002048,,1.595904
8970,63.392876502267569,19072518921451,1,4.9687996506690979,5.4805,6.203392,2.5509,14607,0.001024,0.74982399999999994,,0.03328,0.580096,0,0.068096,0.0048639999999999994,0.016384,,0.002048,,1.7605119999999999
8971,63.398037599206347,19072518976256,1,5.1610968075692654,5.2649,4.953344,2.1285,14555,0.001024,0.734208,,0.033024,0.08524799999999999,0,0.066816,0.007424,0.012288,,0.002048,,1.618944
8972,63.40279910005669,19072519028905,1,4.7615007497370243,6.2074,5.147136,2.4713,14555,0.001024,0.74137599999999992,,0.03968,0.089343999999999993,0,0.071424,0.011519999999999999,0.014336,,0.002304,,1.7620479999999998
8973,63.408311196145121,19072519090979,1,5.5120959877967834,5.5086,4.718848,2.976,14750,0.001024,0.75724799999999992,,0.033535999999999996,0.082688,0,0.064256,0.003584,0.011264,,0.0025599999999999998,,1.613824
8974,63.413097101757366,19072519146065,1,4.7859055921435356,4.9757999999999996,4.738816,2.2758,14555,0.001024,0.756992,,0.034304,0.087808,0,0.06784,0.0038399999999999997,0.011519999999999999,,0.002304,,1.59616
8975,63.417811302437642,19072519195823,1,4.7142007388174534,4.9,4.754432,2.1655,14555,0.004096,0.73856,,0.03328,0.085504,0,0.067071999999999993,0.003072,0.014336,,0.002304,,1.595904
8976,63.423395500283441,19072519244823,1,5.5841980502009392,4.5581,4.708352,2.6467,14555,0.001024,0.739328,,0.033024,0.083968,0,0.065792,0.007424,0.012799999999999999,,0.002304,,1.620992
8977,63.428865596655328,19072519290404,1,5.4700965993106365,5.656,5.010176,2.4361,14555,0.001024,0.751616,,0.033535999999999996,0.083712,0,0.065792,0.003584,0.011519999999999999,,0.0025599999999999998,,1.8559999999999999
8978,63.433608496315188,19072519346964,1,4.7428994439542294,4.5409,5.431552,2.2429,14555,0.001024,0.747008,,0.033535999999999996,0.086016,0,0.068096,0.007424,0.013568,,0.002048,,1.867008
8979,63.438399199263038,19072519392373,1,4.79070283472538,5.8087,4.718592,2.3342,14555,0.001024,0.747776,,0.033535999999999996,0.0832,0,0.065024,0.0076799999999999993,0.014079999999999999,,0.002048,,1.5982079999999999
8980,63.443421301020408,19072519450460,1,5.0221015699207783,5.337,4.743936,2.4974,14555,0.001024,0.751872,,0.033535999999999996,0.082688,0,0.064256,0.0076799999999999993,0.011519999999999999,,0.0025599999999999998,,1.596928
8981,63.4483202026644,19072519503830,1,4.89890156313777,4.6101,4.750336,2.0079,64973,0.001024,0.75391999999999992,,0.033535999999999996,0.084992,0,0.066816,0.012288,0.011264,,0.002304,,1.59616
8982,63.453111302437641,19072519549931,1,4.7910995781421661,4.6468,4.8832,2.0869,14555,0.001024,0.74496,,0.03328,0.086784,0,0.068608,0.003072,0.013312,,0.002304,,1.5982079999999999
8983,63.458169699546481,19072519596399,1,5.0583970732986927,4.7659,4.759808,0.5124,14555,0.001024,0.747008,,0.033024,0.08294399999999999,0.000256,0.064512,0.007424,0.012544,,0.002304,,1.611008
8984,63.462893098072563,19072519644058,1,4.7233984805643559,5.1714,0.034816,2.0595,14555,0.001024,0.74624,,0.033024,0.086784,0,0.068608,0.007424,0.013824,,0.002048,,1.5979519999999998
8985,63.467611096938775,19072519695772,1,4.7179986722767353,4.05,4.70144,2.4254,14555,0.001024,0.740352,,0.03328,0.089088,0,0.069632,0.0076799999999999993,0.014591999999999999,,0.002304,,1.598976
8986,63.472720500283444,19072519736272,1,5.1094032824039459,5.1556,4.698624,2.2191,14555,0.001024,0.741888,,0.033024,0.084735999999999992,0,0.06656,0.0084479999999999989,0.011264,,0.002304,,1.6166399999999999
8987,63.477519600340131,19072519787828,1,4.7991001047194,5.6627,4.75904,2.3097,14757,0.001024,0.758528,,0.033535999999999996,0.081664,0,0.063488,0.003584,0.010239999999999999,,0.002304,,1.594112
8988,63.483001197562359,19072519844455,1,5.4815970361232758,3.7639,4.831744,3.0178,14555,0.001024,0.74316799999999994,,0.03328,0.089855999999999991,0.000256,0.069632,0.003328,0.012288,,0.002304,,1.5984639999999999
8989,63.488022796201811,19072519882094,1,5.0215986557304859,6.0007,4.738048,2.7987,14555,0.001024,0.745728,,0.033535999999999996,0.083712,0,0.065024,0.0038399999999999997,0.011264,,0.0025599999999999998,,1.595392
8990,63.493133900226752,19072519942101,1,5.1111038774251938,5.3823,4.705024,2.7084,14555,0.001024,0.745728,,0.033535999999999996,0.083712,0,0.065024,0.0038399999999999997,0.011264,,0.0025599999999999998,,1.595392
8991,63.497942602040816,19072519995924,1,4.808702040463686,5.1392,4.72576,2.2935,14555,0.001024,0.75135999999999992,,0.033791999999999996,0.083712,0,0.065024,0.007936,0.011264,,0.002304,,1.59744
8992,63.503119401927435,19072520047316,1,5.1767998374998569,5.074,4.704,2.4632,17551,0.001024,0.734976,,0.033024,0.088576,0.000256,0.07039999999999999,0.003328,0.013824,,0.002048,,1.595392
8993,63.508492701247164,19072520098056,1,5.3732991218566895,4.7011,4.728064,2.819,14555,0.001024,0.756736,,0.033535999999999996,0.082176,0,0.064256,0.005376,0.010752,,0.002304,,1.594368
8994,63.514101998299317,19072520145067,1,5.6092971935868263,5.4697,4.705024,2.0263,18001,0.001024,0.756736,,0.033535999999999996,0.082176,0,0.064256,0.005376,0.010752,,0.002304,,1.594368
8995,63.518736401643991,19072520199764,1,4.63440315797925,4.6405,4.738048,2.3161,14555,0.001024,0.74393599999999993,,0.03328,0.083968,0,0.065024,0.0076799999999999993,0.015616,,0.002048,,1.612544
8996,63.524181802721088,19072520246169,1,5.4454011842608452,5.885,4.731392,2.5599,14555,0.001024,0.752896,,0.033535999999999996,0.083968,0,0.066048,0.004352,0.011519999999999999,,0.002304,,1.613568
8997,63.52893049886621,19072520305019,1,4.7486959956586361,5.3749,4.719104,2.2207,14555,0.0012799999999999999,0.756992,,0.033535999999999996,0.083456,0.000256,0.065024,0.003584,0.010239999999999999,,0.002304,,1.59744
8998,63.534612599206348,19072520358768,1,5.6821005418896675,4.9641,4.720128,2.9279,14555,0.001024,0.74393599999999993,,0.033791999999999996,0.08448,0,0.066048,0.0076799999999999993,0.012288,,0.0025599999999999998,,1.6128
8999,63.539463796768707,19072520408409,1,4.8511973582208157,5.0238,4.719104,2.3811,14555,0.001024,0.745216,,0.033535999999999996,0.084224,0.000256,0.065792,0.007424,0.011007999999999999,,0.0025599999999999998,,1.59616
9000,63.544662797619047,19072520458647,1,5.1990007050335407,4.7145,4.845312,2.7356,14555,0.0012799999999999999,0.74649599999999994,,0.032768,0.08448,0.000256,0.065792,0.003328,0.010752,,0.002304,,1.6184319999999999
9001,63.549376799886616,19072520505792,1,4.71400236710906,5.6065,4.696576,2.4766,14555,0.001024,0.754944,,0.033791999999999996,0.081664,0,0.064,0.0051199999999999996,0.012032,,0.002304,,1.600256
9002,63.554660898526073,19072520561857,1,5.2840984426438808,5.0051,4.706048,2.5248,14555,0.001024,0.75776,,0.033535999999999996,0.084735999999999992,0,0.065792,0.003328,0.012032,,0.0025599999999999998,,1.622272
9003,63.560522597789117,19072520611908,1,5.8616991154849529,5.1752,4.759552,2.4747,14750,0.001024,0.75647999999999993,,0.033535999999999996,0.084735999999999992,0,0.066304,0.004096,0.010496,,0.002304,,1.6199679999999999
9004,63.566934800170067,19072520663660,1,6.4122024923563,4.8547,5.860864,2.8034,14555,0.0012799999999999999,0.740864,,0.033024,0.08294399999999999,0.000256,0.064512,0.003072,0.010496,,0.0025599999999999998,,1.601024
9005,63.572608701814055,19072520712207,1,5.67390164360404,5.1894,6.372864,2.7108,14555,0.001024,0.747008,,0.038911999999999995,0.084735999999999992,0.000256,0.06656,0.007424,0.013568,,0.002304,,1.76128
9006,63.578484601757367,19072520764101,1,5.87589992210269,6.0812,5.576192,3.0385,14757,0.0012799999999999999,0.745728,,0.03328,0.086016,0.000256,0.06784,0.010752,0.011776,,0.002304,,1.90336
9007,63.584227997448977,19072520824913,1,5.7433955371379852,6.8961,5.204736,2.9577,14555,0.001024,0.748288,,0.033791999999999996,0.08448,0,0.065792,0.0038399999999999997,0.011519999999999999,,0.002304,,2.07232
9008,63.589439002267568,19072520893874,1,5.2110049873590469,5.4971,4.72704,2.9098,14555,0.001024,0.758528,,0.033535999999999996,0.0832,0,0.065024,0.003584,0.010752,,0.002304,,1.61408
9009,63.594728302154195,19072520948845,1,5.2892998792231083,5.9911,4.738304,2.7264,14607,0.001024,0.754944,,0.03328,0.086016,0.000256,0.06784,0.0063999999999999994,0.010496,,0.002304,,1.59744
9010,63.599689902210883,19072521008756,1,4.9616000615060329,5.5044,4.692224,2.4243,14555,0.001024,0.745728,,0.03328,0.081664,0,0.063488,0.007424,0.011007999999999999,,0.002304,,1.595648
9011,63.605208701814057,19072521063800,1,5.5187996476888657,4.7669,4.842496,3.0019,14555,0.001024,0.74496,,0.033024,0.083968,0.000256,0.065536,0.003072,0.011776,,0.0025599999999999998,,1.6163839999999998
9012,63.610287202380952,19072521111469,1,5.0785006023943424,5.4854,4.65408,2.8732,14555,0.001024,0.744192,,0.03328,0.082431999999999991,0.000256,0.064256,0.003584,0.010239999999999999,,0.002816,,1.5997439999999998
9013,63.61642799744898,19072521166323,1,6.1407950706779957,5.134,4.69504,2.7437,14555,0.001024,0.74803199999999992,,0.03328,0.083712,0.000256,0.064767999999999992,0.003328,0.010752,,0.0025599999999999998,,1.5997439999999998
9014,63.621403401360539,19072521217663,1,4.9754041247069836,5.453,5.495808,2.6047,14555,0.001024,0.74316799999999994,,0.033024,0.082431999999999991,0.000256,0.064,0.003584,0.011264,,0.002304,,1.929984
9015,63.627835196995463,19072521272193,1,6.4317956566810608,5.0193,4.862464,2.8156,14555,0.001024,0.736,,0.034304,0.084735999999999992,0,0.06656,0.007424,0.013312,,0.002304,,1.614592
9016,63.63252290249433,19072521322386,1,4.6877055428922176,6.264,5.503744,2.306,14555,0.001024,0.74137599999999992,,0.033791999999999996,0.083712,0,0.065536,0.003584,0.010752,,0.0025599999999999998,,2.01856
9017,63.6378327026644,19072521385026,1,5.3098001517355442,4.5517,4.676352,2.5914,14555,0.001024,0.735744,,0.033024,0.085504,0,0.066816,0.003328,0.013056,,0.002304,,1.616128
9018,63.643110997732421,19072521430543,1,5.2782949060201645,6.3928,4.706304,2.5739,14555,0.001024,0.754176,,0.03328,0.083712,0,0.065536,0.003328,0.011007999999999999,,0.0025599999999999998,,1.5966719999999999
9019,63.648312698412695,19072521494471,1,5.201700609177351,5.3689,4.72064,2.6914,14555,0.001024,0.75315199999999993,,0.03328,0.083968,0,0.066048,0.0076799999999999993,0.011264,,0.0025599999999999998,,1.595392
9020,63.6531917020975,19072521548160,1,4.87900385633111,4.602,5.100288,2.7471,14555,0.001024,0.740864,,0.033024,0.083968,0,0.06656,0.0076799999999999993,0.010752,,0.002304,,1.7838079999999998
9021,63.65842679988662,19072521594180,1,5.2350978367030621,5.3305,4.688128,2.7704,14555,0.001024,0.752896,,0.03328,0.082688,0.000256,0.064256,0.007424,0.011007999999999999,,0.002304,,1.5930879999999998
9022,63.663366000566889,19072521647485,1,4.9392008222639561,5.3579,4.683776,2.518,14555,0.001024,0.75135999999999992,,0.033535999999999996,0.080384,0,0.061695999999999994,0.0038399999999999997,0.010752,,0.0025599999999999998,,1.5984639999999999
9023,63.668364597505665,19072521701064,1,4.9985968507826328,4.8784,4.667904,2.8541,14555,0.001024,0.747776,,0.03328,0.083456,0,0.065024,0.003584,0.012032,,0.0025599999999999998,,1.6081919999999998
9024,63.673551899092971,19072521749848,1,5.1873014308512211,5.1502,,2.613,14555,0.001024,0.747776,,0.03328,0.083456,0,0.065024,0.003584,0.012032,,0.0025599999999999998,,1.6081919999999998
9025,63.685380399659863,19072521801350,1,11.828500777482986,5.0621,4.649984,5.0621,14757,0.001024,0.736768,,0.03328,0.08294399999999999,0,0.065279999999999991,0.003328,0.011519999999999999,,0.0025599999999999998,,1.59616
9026,63.690572796201813,19072521851971,1,5.1923966966569424,5.0812,4.692992,1.8821,14555,0.001024,0.741888,,0.033024,0.07936,0,0.062208,0.007936,0.011519999999999999,,0.0025599999999999998,,1.6151039999999999
9027,63.695694699546486,19072521902783,1,5.1219034940004349,4.9213,4.853504,2.4318,14555,0.001024,0.733184,,0.033024,0.08524799999999999,0,0.067071999999999993,0.007424,0.013056,,0.002304,,1.6130559999999998
9028,63.70097110260771,19072521951996,1,5.2764029242098331,12.385,4.706304,2.5138,64973,0.001024,0.74470399999999992,,0.03328,0.084735999999999992,0,0.06656,0.011776,0.010239999999999999,,0.002304,,1.5979519999999998
9029,63.707219798752831,19072522075846,1,6.2486962415277958,4.7563,4.747776,2.6941,14555,0.001024,0.754944,,0.033535999999999996,0.080127999999999991,0,0.061695999999999994,0.0076799999999999993,0.011007999999999999,,0.0025599999999999998,,1.61408
9030,63.713185402494325,19072522123409,1,5.9656035155057907,5.7382,4.725504,0.7814,14750,0.0012799999999999999,0.75264,,0.033535999999999996,0.083712,0,0.065279999999999991,0.003328,0.010239999999999999,,0.0025599999999999998,,1.607168
9031,63.717906398809518,19072522180791,1,4.7209961339831352,6.2805,0.03456,2.3852,14555,0.001024,0.747776,,0.034816,0.084992,0,0.067071999999999993,0.007936,0.014079999999999999,,0.002048,,1.5951359999999999
9032,63.723260898526071,19072522243596,1,5.3544999100267887,4.6285,4.708864,2.6118,14555,0.001024,0.744192,,0.033024,0.083456,0,0.065279999999999991,0.007168,0.013056,,0.0025599999999999998,,1.617152
9033,63.728311196145121,19072522289881,1,5.0502978265285492,5.9549,4.694272,2.6802,14555,0.001024,0.754176,,0.03328,0.084735999999999992,0,0.066304,0.0076799999999999993,0.011264,,0.002304,,1.599488
9034,63.733297696995464,19072522349430,1,4.986500833183527,4.6596,4.75008,3.1005,14555,0.001024,0.75238399999999994,,0.033024,0.083456,0.000256,0.065279999999999991,0.0076799999999999993,0.010239999999999999,,0.0025599999999999998,,1.613568
9035,63.738458900226753,19072522396026,1,5.1612034440040588,5.6932,4.68992,2.5005,14555,0.0012799999999999999,0.75315199999999993,,0.03328,0.081152,0,0.06272,0.007936,0.010496,,0.002304,,1.5984639999999999
9036,63.744897399376413,19072522452958,1,6.438499316573143,4.6066,4.69504,4.6066,14555,0.001024,0.74547199999999991,,0.03328,0.081919999999999993,0,0.064,0.0076799999999999993,0.011519999999999999,,0.0025599999999999998,,1.594368
9037,63.749826502267574,19072522499024,1,4.9291029572486877,5.0446,4.901888,1.9419,14555,0.001024,0.738304,,0.033024,0.08294399999999999,0,0.065024,0.0076799999999999993,0.011007999999999999,,0.0025599999999999998,,1.59616
9038,63.754917899659858,19072522549470,1,5.0913975574076176,5.9831,4.839168,2.4401,14555,0.0012799999999999999,0.74137599999999992,,0.034816,0.08806399999999999,0.000256,0.069376,0.00896,0.013824,,0.002048,,1.593856
9039,63.760372597789114,19072522609301,1,5.4546981118619442,5.8356,4.687872,2.6771,14555,0.001024,0.744192,,0.03328,0.0832,0,0.065279999999999991,0.0076799999999999993,0.010239999999999999,,0.0025599999999999998,,1.599488
9040,63.765699496882085,19072522667657,1,5.3268992342054844,4.6536,5.265152,2.5489,14555,0.0012799999999999999,0.754944,,0.033791999999999996,0.0832,0,0.065024,0.003584,0.009984,,0.0025599999999999998,,1.610752
9041,63.771033496315191,19072522714193,1,5.3339996375143528,5.4677,4.74368,2.777,14555,0.0012799999999999999,0.754944,,0.033791999999999996,0.0832,0,0.065024,0.003584,0.009984,,0.0025599999999999998,,1.610752
9042,63.775934502551017,19072522768870,1,4.9010063521564007,5.6225,4.736768,2.4577,14757,0.001024,0.75264,,0.03328,0.081919999999999993,0,0.063744,0.006144,0.010239999999999999,,0.0025599999999999998,,1.597184
9043,63.781248200113374,19072522825095,1,5.31369773671031,5.314,4.879104,2.5503999999999998,14555,0.001024,0.734208,,0.03328,0.080896,0.000256,0.062208,0.003584,0.011264,,0.002304,,1.5948799999999999
9044,63.786614696712014,19072522878235,1,5.366496741771698,5.211,4.726016,2.4955,14555,0.001024,0.758528,,0.033535999999999996,0.08524799999999999,0.000256,0.067583999999999991,0.007936,0.010239999999999999,,0.0025599999999999998,,1.61024
9045,63.791959700963716,19072522930345,1,5.3450041450560093,5.3022,4.710912,2.7342,14555,0.001024,0.75391999999999992,,0.033535999999999996,0.083968,0,0.065536,0.0038399999999999997,0.012032,,0.002304,,1.616128
9046,63.797452196712015,19072522983367,1,5.4924958385527134,5.333,4.703744,2.4099,14607,0.001024,0.74905599999999994,,0.03328,0.084224,0,0.065792,0.007936,0.010752,,0.002304,,1.600256
9047,63.803288796768705,19072523036697,1,5.8365999720990658,4.922,4.731136,2.6362,14555,0.001024,0.74803199999999992,,0.033791999999999996,0.083456,0,0.065024,0.010752,0.010239999999999999,,0.002304,,1.6148479999999998
9048,63.809093197278912,19072523085917,1,5.80440042540431,5.5437,4.715264,2.7562,14555,0.001024,0.74803199999999992,,0.033791999999999996,0.083456,0,0.065024,0.010752,0.010239999999999999,,0.002304,,1.6148479999999998
9049,63.81423460175737,19072523141354,1,5.1414044573903084,6.1381,4.74368,2.5995,14555,0.001024,0.757504,,0.033535999999999996,0.082176,0.000256,0.063232,0.0076799999999999993,0.011776,,0.002304,,1.612288
9050,63.819439498299317,19072523202735,1,5.204896442592144,5.6544,4.6976,2.5406,14555,0.001024,0.744192,,0.033535999999999996,0.081408,0.000256,0.063488,0.007936,0.011007999999999999,,0.002304,,1.6168959999999999
9051,63.824774496882085,19072523259279,1,5.3349984809756279,5.1971,4.692224,2.4397,14555,0.001024,0.75315199999999993,,0.033535999999999996,0.085504,0.000256,0.067328,0.0076799999999999993,0.012032,,0.002304,,1.612032
9052,63.830243296485257,19072523311250,1,5.4687997326254845,5.2898,4.705024,2.6659,14555,0.001024,0.756736,,0.033535999999999996,0.084224,0,0.065792,0.003584,0.011776,,0.002304,,1.6130559999999998
9053,63.835333099489795,19072523364148,1,5.0898031331598759,5.44,4.68608,2.5076,14555,0.001024,0.74547199999999991,,0.03328,0.081919999999999993,0.000256,0.063744,0.0076799999999999993,0.011519999999999999,,0.002304,,1.599232
9054,63.840970599489793,19072523418548,1,5.6374999694526196,5.3985,4.685824,2.7787,14555,0.001024,0.751104,,0.03328,0.081664,0.000256,0.06297599999999999,0.0076799999999999993,0.010239999999999999,,0.0025599999999999998,,1.613824
9055,63.846468700396819,19072523472533,1,5.4981010034680367,5.1562,4.731648,2.6081,14555,0.001024,0.74905599999999994,,0.033535999999999996,0.085504,0,0.066304,0.0076799999999999993,0.011264,,0.002304,,1.592832
9056,63.8520468962585,19072523524095,1,5.5781956762075424,5.5293,4.706048,2.8244,14555,0.001024,0.749568,,0.033535999999999996,0.081408,0,0.06297599999999999,0.0063999999999999994,0.010496,,0.002304,,1.615616
9057,63.857224000850337,19072523579388,1,5.1771043799817562,5.4247,4.700672,2.6395,14555,0.001024,0.751616,,0.033535999999999996,0.084224,0,0.066048,0.0076799999999999993,0.010496,,0.0025599999999999998,,1.612288
9058,63.862361600056687,19072523633635,1,5.1375990733504295,5.6692,4.696576,2.4842,14555,0.001024,0.753664,,0.03328,0.08448,0,0.066048,0.0076799999999999993,0.011007999999999999,,0.002304,,1.6148479999999998
9059,63.867426998299315,19072523690327,1,5.0653982907533646,5.285,4.737792,2.3342,14750,0.001024,0.746752,,0.03328,0.081919999999999993,0,0.063488,0.0076799999999999993,0.012288,,0.002304,,1.5936
9060,63.873516900510204,19072523743177,1,6.0899020172655582,4.4072,4.983296,2.6968,14555,0.001024,0.729856,,0.032512,0.084224,0,0.065792,0.0076799999999999993,0.012032,,0.002304,,1.5999999999999999
9061,63.879052898242627,19072523787249,1,5.5359979160130024,5.493,5.499648,2.5153,14757,0.184064,0.73727999999999994,,0.033535999999999996,0.081919999999999993,0,0.064,0.007424,0.010752,,0.0025599999999999998,,2.007552
9062,63.884423299319728,19072523842179,1,5.3704008460044861,5.1096,5.518848,2.6179,14555,0.001024,0.730368,,0.034304,0.085504,0,0.067328,0.003072,0.014848,,0.002304,,2.0938239999999997
9063,63.88970559807256,19072523893275,1,5.2822986617684364,5.8327,5.355776,2.659,14555,0.001024,0.737024,,0.035584,0.084735999999999992,0.000256,0.066304,0.010239999999999999,0.014591999999999999,,0.002304,,2.0805119999999997
9064,63.8952204010771,19072523951602,1,5.5148028768599033,5.5948,5.228288,2.6421,14555,0.001024,0.750848,,0.033535999999999996,0.081408,0,0.063488,0.009472,0.010496,,0.002304,,1.8488319999999998
9065,63.90113699688208,19072524007550,1,5.9165959246456623,5.3284,5.198848,2.6651,14555,0.003072,0.734464,,0.033535999999999996,0.081152,0,0.062208,0.004096,0.012032,,0.002304,,1.856768
9066,63.907349496882084,19072524060834,1,6.2124999240040779,5.6105,4.966912,2.6996,14555,0.001024,0.75391999999999992,,0.034048,0.081919999999999993,0.000256,0.063744,0.007424,0.012288,,0.002304,,1.612288
9067,63.912741397392288,19072524116939,1,5.3919004276394844,6.3421,5.682432,2.5946,14555,0.001024,0.749312,,0.040192,0.087808,0.000256,0.068352,0.007424,0.014848,,0.0025599999999999998,,1.854464
9068,63.918670599489793,19072524180360,1,5.9292023070156574,5.547,5.220352,2.6034,14555,0.001024,0.73651199999999994,,0.033535999999999996,0.082431999999999991,0,0.064256,0.003584,0.011007999999999999,,0.002304,,2.137088
9069,63.923784098639452,19072524235830,1,5.1134992390871048,6.1948,5.238528,2.4904,14555,0.001024,0.75315199999999993,,0.03328,0.081919999999999993,0.000256,0.063744,0.007424,0.010239999999999999,,0.002304,,2.133248
9070,63.929226799886621,19072524297778,1,5.4427012801170349,5.0446,5.23392,2.5549,14555,0.001024,0.74368,,0.033024,0.081664,0.000256,0.063488,0.005376,0.011007999999999999,,0.002304,,1.599232
9071,63.934467701247165,19072524348224,1,5.2409013733267784,5.5307,5.23136,2.4617,14555,0.001024,0.750848,,0.03328,0.082431999999999991,0,0.063744,0.0076799999999999993,0.011776,,0.002304,,2.1396479999999998
9072,63.939976998299315,19072524403531,1,5.5092968977987766,5.3121,5.220096,2.5016,14555,0.002816,0.745984,,0.03328,0.081408,0,0.06297599999999999,0.0038399999999999997,0.011776,,0.0025599999999999998,,2.110976
9073,63.945436302437642,19072524456652,1,5.459303967654705,5.1683,5.419264,2.4229,14555,0.0012799999999999999,0.737024,,0.03328,0.081919999999999993,0,0.064256,0.007424,0.011519999999999999,,0.002304,,1.8956799999999998
9074,63.9506123015873,19072524508335,1,5.1759993657469749,5.1132,5.425664,2.5765,14555,0.001024,0.737792,,0.038655999999999996,0.087551999999999991,0,0.068608,0.0051199999999999996,0.014079999999999999,,0.002816,,1.5966719999999999
9075,63.956414299886617,19072524559467,1,5.80199807882309,5.9768,5.233152,2.508,64973,0.001024,0.745728,,0.033791999999999996,0.082688,0.000256,0.065024,0.007936,0.012032,,0.002304,,1.8659839999999999
9076,63.962503096655325,19072524619235,1,6.08879653736949,5.6368,5.3952,2.3989,14555,0.001024,0.74905599999999994,,0.033535999999999996,0.083456,0,0.065279999999999991,0.0038399999999999997,0.011776,,0.002304,,1.834496
9077,63.968352600623582,19072524675603,1,5.8495039120316505,4.675,5.083904,0.8509,14555,0.001024,0.737792,,0.03328,0.0832,0,0.065024,0.003328,0.014079999999999999,,0.002048,,1.6192
9078,63.97333210034013,19072524722353,1,4.9794996157288551,7.3461,0.034816,2.6308,14555,0.001024,0.73651199999999994,,0.033024,0.080639999999999989,0,0.062464,0.003328,0.011776,,0.002304,,1.855232
9079,63.979254896541946,19072524795814,1,5.9227962046861649,5.0409,4.9408,2.5939,14757,0.001024,0.73651199999999994,,0.033535999999999996,0.083456,0.000256,0.065536,0.003328,0.012288,,0.002304,,1.854976
9080,63.984298802437642,19072524846223,1,5.0439056940376759,5.5541,5.463552,2.3054,14555,0.001024,0.74982399999999994,,0.034048,0.081919999999999993,0,0.063744,0.008192,0.010496,,0.002304,,2.133248
9081,63.989794600340133,19072524901764,1,5.4957978427410126,4.8201,5.015296,2.3763,14555,0.001024,0.746752,,0.032768,0.084735999999999992,0,0.066816,0.007936,0.013312,,0.002304,,1.8744319999999999
9082,63.99534679705215,19072524949965,1,5.5521968752145767,6.0406,5.288192,2.1901,14555,0.001024,0.751872,,0.033791999999999996,0.083968,0,0.065279999999999991,0.0076799999999999993,0.010239999999999999,,0.0025599999999999998,,1.861888
9083,64.000870096371884,19072525010371,1,5.52329933270812,5.2324,5.536768,2.4079,14607,0.001024,0.745216,,0.033024,0.08524799999999999,0.000256,0.067071999999999993,0.161792,0.014336,,0.002048,,2.0907519999999997
9084,64.005947200963718,19072525062695,1,5.0771045498549938,5.3001,5.512448,2.283,17551,0.0012799999999999999,0.74496,,0.033535999999999996,0.086272,0,0.068096,0.0076799999999999993,0.014848,,0.002048,,2.0592639999999998
9085,64.011670698696136,19072525115696,1,5.7234978303313255,5.5684,5.032192,2.4332,14555,0.001024,0.743424,,0.033535999999999996,0.0832,0,0.064767999999999992,0.0076799999999999993,0.012544,,0.002304,,1.615616
9086,64.017186302437636,19072525171380,1,5.5156038142740726,5.2678,5.645568,2.5651,18001,0.001024,0.75391999999999992,,0.040959999999999996,0.083968,0,0.065279999999999991,0.007168,0.011776,,0.0025599999999999998,,1.851904
9087,64.022187599206347,19072525224058,1,5.0012967549264431,5.2211,5.562624,2.6376,14750,0.001024,0.73651199999999994,,0.032768,0.085504,0,0.067328,0.007424,0.011776,,0.002304,,1.876992
9088,64.027561196145129,19072525276269,1,5.3735971450805664,5.8649,4.975616,2.4498,14555,0.001024,0.757504,,0.03328,0.084992,0,0.06656,0.003328,0.011007999999999999,,0.0025599999999999998,,1.884928
9089,64.032766198979587,19072525334918,1,5.20500261336565,5.5133,5.158144,2.617,14555,0.001024,0.748288,,0.033791999999999996,0.0832,0,0.064767999999999992,0.003328,0.010496,,0.0025599999999999998,,1.6168959999999999
9090,64.038147796201812,19072525390051,1,5.3815972059965134,5.0909,5.018624,2.6362,14555,0.001024,0.73856,,0.034816,0.083712,0,0.065792,0.007424,0.012544,,0.0025599999999999998,,1.6163839999999998
9091,64.044132001133789,19072525440960,1,5.9842048212885857,5.5388,4.955136,2.4181,14555,0.001024,0.7424,,0.03328,0.080639999999999989,0.000256,0.062464,0.0076799999999999993,0.011776,,0.002304,,1.5946239999999998
9092,64.049455300453516,19072525496348,1,5.3232992067933083,4.9318,5.270784,2.665,14555,0.001024,0.74982399999999994,,0.034816,0.081664,0,0.06272,0.0076799999999999993,0.0097279999999999988,,0.002816,,1.6148479999999998
9093,64.054727402210887,19072525545666,1,5.2721016108989716,6.207,4.906752,2.6793,14555,0.001024,0.74803199999999992,,0.03328,0.082431999999999991,0,0.064256,0.007936,0.012032,,0.0025599999999999998,,1.617664
9094,64.060055201247167,19072525607736,1,5.3277988918125629,5.4735,4.854528,2.6344,14555,0.001792,0.748288,,0.03328,0.081664,0.000256,0.064,0.007424,0.012032,,0.002304,,1.602304
9095,64.065597498582761,19072525662471,1,5.5422973819077015,5.0913,4.877312,2.476,14555,0.0012799999999999999,0.740352,,0.03328,0.081152,0,0.06297599999999999,0.007936,0.011264,,0.002304,,1.59872
9096,64.071011897675731,19072525713384,1,5.4143993183970451,5.5098,5.32608,2.6414,14555,0.001024,0.74470399999999992,,0.03968,0.08294399999999999,0,0.064512,0.0076799999999999993,0.010239999999999999,,0.002816,,1.595648
9097,64.076471201814059,19072525768482,1,5.459303967654705,5.2368,4.98688,2.7959,14757,0.0025599999999999998,0.749568,,0.03328,0.08576,0.000256,0.067071999999999993,0.007936,0.011264,,0.002304,,1.594368
9098,64.082302196712021,19072525820850,1,5.8309948071837425,5.4155,4.68096,2.7614,14555,0.001024,0.74112,,0.03328,0.083712,0,0.065536,0.006144,0.012032,,0.0025599999999999998,,1.615616
9099,64.087508900226752,19072525875005,1,5.2067036740481853,5.9249,5.323776,2.5724,14555,0.001024,0.731648,,0.03328,0.081664,0,0.063744,0.003328,0.011264,,0.0025599999999999998,,1.5966719999999999
9100,64.09325590277777,19072525934254,1,5.747002549469471,5.5524,4.842752,2.9298,14555,0.001024,0.74982399999999994,,0.034048,0.080639999999999989,0,0.06272,0.003584,0.012032,,0.002304,,1.612544
9101,64.098323001700678,19072525989778,1,5.0670988857746124,5.459,4.983296,2.6032,14555,0.0012799999999999999,0.73881599999999992,,0.033024,0.081408,0,0.063744,0.007424,0.010752,,0.002304,,1.600256
9102,64.103603996598636,19072526044368,1,5.2809948101639748,5.045,5.065216,2.6742,14555,0.002304,0.744448,,0.035328,0.0832,0,0.064767999999999992,0.003328,0.011776,,0.002304,,1.612544
9103,64.109102501417226,19072526094818,1,5.4985047318041325,5.6261,4.666368,2.528,14555,0.0012799999999999999,0.739328,,0.033535999999999996,0.079872,0,0.062208,0.0076799999999999993,0.010239999999999999,,0.0025599999999999998,,1.5948799999999999
9104,64.114549397675731,19072526151079,1,5.44689642265439,5.2833,4.966656,2.645,14555,0.001024,0.74137599999999992,,0.27008,0.084735999999999992,0.000256,0.065024,0.0076799999999999993,0.011776,,0.002304,,1.594368
9105,64.120024397675735,19072526203912,1,5.475000012665987,5.5248,4.684544,2.6769,14555,0.001024,0.73215999999999992,,0.032768,0.083456,0.000256,0.065024,0.007424,0.011007999999999999,,0.002304,,1.59744
9106,64.125146400226754,19072526259160,1,5.1220026798546314,4.5341,5.458944,2.5775,14555,0.001024,0.740864,,0.032768,0.086528,0,0.067583999999999991,0.0076799999999999993,0.014079999999999999,,0.002048,,2.0175359999999998
9107,64.131255796485263,19072526304501,1,6.1093964613974094,5.7143,4.9408,2.7652,14555,0.001024,0.747008,,0.03456,0.086784,0,0.068096,0.0076799999999999993,0.014591999999999999,,0.002048,,1.610752
9108,64.136431001984121,19072526361644,1,5.1752054132521152,6.0066,5.306368,2.4428,14555,0.001024,0.74624,,0.033024,0.326144,0,0.067328,0.005376,0.011519999999999999,,0.003328,,1.5966719999999999
9109,64.1422042020975,19072526421710,1,5.7732001878321171,4.7744,4.932352,2.903,14555,0.001024,0.74496,,0.03584,0.086528,0,0.068352,0.003328,0.012032,,0.002304,,1.6199679999999999
9110,64.14759559948979,19072526469454,1,5.391397513449192,6.4173,5.221376,2.7089,14555,0.0012799999999999999,0.75008,,0.036095999999999996,0.086272,0.000256,0.067071999999999993,0.0076799999999999993,0.011007999999999999,,0.002304,,1.5999999999999999
9111,64.153349496882086,19072526533627,1,5.7538975961506367,4.512,5.152512,2.7687,14555,0.001024,0.733696,,0.034048,0.082431999999999991,0,0.064767999999999992,0.008192,0.013056,,0.002048,,1.613824
9112,64.158674702380949,19072526578747,1,5.3252056241035461,6.8212,4.903168,2.343,14555,0.001024,0.741888,,0.033024,0.0832,0,0.065536,0.003584,0.010752,,0.002816,,1.593856
9113,64.164003195861682,19072526646959,1,5.3284936584532261,4.4721,5.261568,2.6715,14555,0.001024,0.734208,,0.03328,0.084735999999999992,0.000256,0.066816,0.238336,0.015616,,0.002304,,1.596928
9114,64.169686500850332,19072526691680,1,5.6833052076399326,5.8957,5.296128,2.6963,14555,0.001024,0.74649599999999994,,0.033535999999999996,0.082176,0.000256,0.063744,0.007936,0.011007999999999999,,0.002304,,1.767936
9115,64.174661699263041,19072526750637,1,4.9751983024179935,5.8899,5.06112,2.5016,14750,0.001024,0.739584,,0.038911999999999995,0.081919999999999993,0,0.06297599999999999,0.0076799999999999993,0.010752,,0.002304,,1.5946239999999998
9116,64.180323200113378,19072526809536,1,5.6615006178617477,4.9155,4.952832,2.3234,14757,0.003584,0.737536,,0.03456,0.083456,0,0.065024,0.003584,0.011776,,0.0025599999999999998,,1.5946239999999998
9117,64.185731498015869,19072526858691,1,5.4082977585494518,5.6572,5.484032,2.2433,14555,0.001024,0.75238399999999994,,0.033535999999999996,0.08524799999999999,0,0.067328,0.011007999999999999,0.175872,,0.0025599999999999998,,1.751296
9118,64.19126189767573,19072526915263,1,5.5303997360169888,4.8238,5.397504,2.5795,14555,0.001024,0.735232,,0.032768,0.086272,0,0.06784,0.006656,0.015359999999999999,,0.002048,,2.018304
9119,64.196996797052151,19072526963501,1,5.7348995469510555,5.9147,5.258752,2.4866,14555,0.003072,0.749312,,0.03328,0.33638399999999996,0,0.318208,0.007424,0.011007999999999999,,0.002304,,1.5999999999999999
9120,64.202633496315187,19072527022648,1,5.63669903203845,5.1755,5.26464,2.8215,14607,0.001024,0.745984,,0.032768,0.083968,0,0.065792,0.0076799999999999993,0.011776,,0.002304,,1.913344
9121,64.208030796485261,19072527074403,1,5.3973002359271049,6.0247,5.35296,2.3056,64973,0.001024,0.756992,,0.035072,0.083968,0,0.065536,0.003328,0.010239999999999999,,0.002304,,1.752576
9122,64.214523398526069,19072527134650,1,6.4926021732389927,5.2011,5.376256,2.7772,14555,0.001024,0.73292799999999991,,0.032768,0.086272,0,0.068096,0.007424,0.013568,,0.002048,,2.031616
9123,64.2197806972789,19072527186661,1,5.2572987042367458,5.9689,5.254912,0.8643,14555,0.001024,0.755456,,0.03328,0.08294399999999999,0,0.064767999999999992,0.007936,0.011264,,0.002304,,1.59616
9124,64.224502898242633,19072527246350,1,4.7222007997334,6.9239,0.03456,2.5084,14555,0.001024,0.741888,,0.033024,0.087039999999999992,0.000256,0.06784,0.005888,0.012288,,0.002304,,1.5951359999999999
9125,64.2303343962585,19072527315589,1,5.8314981870353222,4.3153,4.702464,2.9107,14555,0.001024,0.74316799999999994,,0.033024,0.08448,0,0.066304,0.003584,0.011007999999999999,,0.002304,,1.615616
9126,64.235442396541941,19072527358742,1,5.1080002449452877,5.5805,4.679424,2.4724,14555,0.001024,0.751872,,0.03328,0.08448,0.000256,0.066304,0.0038399999999999997,0.011007999999999999,,0.002304,,1.594112
9127,64.241329095804986,19072527414547,1,5.8866990730166435,5.005,4.87424,2.6984,14555,0.001024,0.73548799999999992,,0.033024,0.0832,0.000256,0.064767999999999992,0.003328,0.011776,,0.002304,,1.612544
9128,64.246300297619044,19072527464597,1,4.9712019972503185,5.8654,5.346304,2.3204,14555,0.001024,0.758272,,0.033535999999999996,0.08448,0,0.065792,0.0097279999999999988,0.010239999999999999,,0.002304,,1.9210239999999998
9129,64.251635700113383,19072527523251,1,5.335402674973011,4.9942,4.857088,2.6631,14555,0.001024,0.748288,,0.033024,0.086784,0,0.06912,0.005376,0.013824,,0.002304,,1.615872
9130,64.256614902210885,19072527573193,1,4.9792020581662655,5.8731,4.731904,2.6484,14555,0.0012799999999999999,0.755968,,0.03328,0.085504,0,0.067328,0.009216,0.011264,,0.0025599999999999998,,1.5964159999999998
9131,64.26191379676871,19072527631924,1,5.298894364386797,5.0169,4.71552,2.6136,14555,0.001024,0.755456,,0.03328,0.08448,0,0.066304,0.007424,0.011007999999999999,,0.002304,,1.610752
9132,64.266655902777771,19072527682093,1,4.742105957120657,5.4209,4.732928,2.4868,14555,0.001024,0.756736,,0.03328,0.083456,0,0.065024,0.003584,0.011007999999999999,,0.002304,,1.597696
9133,64.2720545989229,19072527736302,1,5.3986962884664536,4.7832,4.723968,2.7635,14555,0.001024,0.745216,,0.03328,0.0832,0,0.064767999999999992,0.007936,0.011776,,0.0025599999999999998,,1.597184
9134,64.276873901644,19072527784134,1,4.8193028196692467,5.0657,4.727808,2.4725,14555,0.001024,0.75264,,0.033535999999999996,0.084992,0,0.066816,0.007936,0.010496,,0.0025599999999999998,,1.5946239999999998
9135,64.282061600056693,19072527834791,1,5.1876986399292946,5.3684,4.701696,2.5005,14757,0.001024,0.75724799999999992,,0.033535999999999996,0.083968,0,0.065024,0.0076799999999999993,0.011264,,0.0025599999999999998,,1.5979519999999998
9136,64.286986500850333,19072527888475,1,4.9249008297920227,4.9252,4.733184,2.4048,14555,0.001024,0.752896,,0.033535999999999996,0.084992,0,0.066816,0.008192,0.010239999999999999,,0.0025599999999999998,,1.5964159999999998
9137,64.291955598072562,19072527937727,1,4.9690972082316875,4.5319,4.891648,2.4682,14555,0.001024,0.73983999999999994,,0.032768,0.087039999999999992,0,0.068864,0.007424,0.013056,,0.002304,,1.59616
9138,64.29714289965986,19072527983046,1,5.1873014308512211,5.227,4.701696,2.6903,14555,0.001024,0.74803199999999992,,0.03328,0.081408,0,0.06297599999999999,0.0076799999999999993,0.012032,,0.002304,,1.599232
9139,64.30235150226757,19072528035316,1,5.2086026407778263,5.1148,4.676096,2.4771,14555,0.001024,0.74112,,0.03328,0.0832,0,0.064767999999999992,0.007424,0.011007999999999999,,0.0025599999999999998,,1.59232
9140,64.307652402210877,19072528086464,1,5.3008999675512314,5.1015,4.690176,2.4742,14555,0.001024,0.741888,,0.03328,0.080127999999999991,0,0.061952,0.0076799999999999993,0.012288,,0.002304,,1.615616
9141,64.312914101473922,19072528137479,1,5.261699203401804,5.3793,4.718848,2.4487,14555,0.001024,0.742912,,0.033024,0.083968,0,0.065536,0.0076799999999999993,0.010239999999999999,,0.002304,,1.61408
9142,64.31795379818594,19072528191272,1,5.0396965816617012,5.5672,4.73088,2.4245,14555,0.001024,0.74905599999999994,,0.03328,0.083968,0,0.065279999999999991,0.0076799999999999993,0.011519999999999999,,0.0025599999999999998,,1.594112
9143,64.3230878968254,19072528246944,1,5.1340986974537373,4.7509,4.705536,2.5999,14555,0.001024,0.748288,,0.03328,0.084224,0,0.066048,0.007936,0.011776,,0.002304,,1.617408
9144,64.328032298752831,19072528294453,1,4.9444017931818962,5.4151,4.722176,2.501,14750,0.001024,0.74624,,0.033535999999999996,0.0832,0,0.065024,0.007424,0.011264,,0.0025599999999999998,,1.5999999999999999
9145,64.333057100340127,19072528348604,1,5.0248014740645885,4.8891,4.672,2.6415,14555,0.001024,0.74649599999999994,,0.033024,0.080127999999999991,0,0.062208,0.005632,0.012032,,0.0025599999999999998,,1.5951359999999999
9146,64.3382093962585,19072528397495,1,5.1522958092391491,5.0242,4.718336,2.5535,14555,0.001024,0.741888,,0.033535999999999996,0.081664,0,0.06297599999999999,0.007936,0.010752,,0.002304,,1.6148479999999998
9147,64.343787202380952,19072528447737,1,5.5778059177100658,5.1941,4.730624,2.7276,14555,0.001024,0.75008,,0.033791999999999996,0.084735999999999992,0.000256,0.066048,0.007936,0.011776,,0.002304,,1.5936
9148,64.348475297619046,19072528499678,1,4.6880953013896942,4.5962,4.739328,2.5831,14555,0.001024,0.75264,,0.033535999999999996,0.083712,0,0.065536,0.003584,0.011776,,0.002304,,1.59872
9149,64.354032199546481,19072528545640,1,5.5569019168615341,5.6404,4.714496,2.7499,14555,0.001024,0.755456,,0.033791999999999996,0.083456,0,0.065279999999999991,0.0076799999999999993,0.011264,,0.002304,,1.61536
9150,64.358699000850336,19072528602044,1,4.6668010763823986,5.3335,4.77824,2.5805,14555,0.001024,0.75776,,0.033535999999999996,0.084735999999999992,0,0.06656,0.008192,0.012288,,0.0025599999999999998,,1.5982079999999999
9151,64.364127799036282,19072528655379,1,5.4287980310618877,4.5324,4.696832,2.5959,14555,0.001024,0.74496,,0.033024,0.084735999999999992,0.000256,0.066304,0.0097279999999999988,0.011007999999999999,,0.002304,,1.6115199999999998
9152,64.369009899376408,19072528700703,1,4.8821005038917065,5.6858,4.730112,2.7711,14555,0.001024,0.752896,,0.033535999999999996,0.085504,0.000256,0.067328,0.0076799999999999993,0.010752,,0.002304,,1.5951359999999999
9153,64.374411196145118,19072528757561,1,5.40129654109478,4.5554,4.712448,2.7302,14555,0.003328,0.75008,,0.03328,0.083712,0,0.065536,0.005376,0.012032,,0.002304,,1.614592
9154,64.379168700396818,19072528803115,1,4.7575044445693493,5.7607,4.71808,2.3344,14757,0.001024,0.75315199999999993,,0.033535999999999996,0.082431999999999991,0,0.064,0.003584,0.010752,,0.0025599999999999998,,1.5936
9155,64.384502799036284,19072528860722,1,5.3340988233685493,4.4968,4.745216,2.6771,14555,0.001024,0.744192,,0.03328,0.082176,0.000256,0.064,0.0097279999999999988,0.012032,,0.0025599999999999998,,1.5979519999999998
9156,64.3894878968254,19072528905690,1,4.9850977957248688,5.4908,4.689408,2.729,14555,0.001024,0.74470399999999992,,0.033535999999999996,0.081408,0,0.06272,0.003328,0.010239999999999999,,0.0025599999999999998,,1.5930879999999998
9157,64.394918296485258,19072528960598,1,5.4303994402289391,4.8386,4.729856,2.9029,14555,0.001024,0.75776,,0.033535999999999996,0.082176,0,0.064,0.011776,0.011519999999999999,,0.0025599999999999998,,1.5964159999999998
9158,64.400023001700674,19072529008984,1,5.1047052256762981,5.3734,4.730624,2.752,14555,0.001024,0.74496,,0.033535999999999996,0.08294399999999999,0,0.065279999999999991,0.007936,0.011776,,0.002304,,1.595648
9159,64.405509601757373,19072529062718,1,5.48660010099411,5.3269,4.745472,2.9664,14607,0.001024,0.758272,,0.033535999999999996,0.081408,0,0.06297599999999999,0.0076799999999999993,0.011519999999999999,,0.002304,,1.595648
9160,64.410266298185945,19072529115987,1,4.75669652223587,5.0919,4.72448,2.5689,14555,0.001024,0.75801599999999991,,0.033535999999999996,0.084224,0,0.065792,0.0076799999999999993,0.010752,,0.0025599999999999998,,1.599232
9161,64.415512599206352,19072529166906,1,5.246301181614399,5.638,4.700416,2.7665,14555,0.001024,0.754944,,0.033535999999999996,0.083968,0,0.065792,0.007936,0.011519999999999999,,0.002816,,1.59744
9162,64.420262599206353,19072529223286,1,4.7499998472630978,4.6842,4.728576,2.4254,14555,0.001024,0.75647999999999993,,0.033535999999999996,0.084224,0.000256,0.066048,0.003328,0.010752,,0.002304,,1.595648
9163,64.425414002267573,19072529270128,1,5.15140313655138,4.8986,4.750848,2.5127,14555,0.001024,0.75008,,0.033791999999999996,0.084735999999999992,0,0.066304,0.0076799999999999993,0.011519999999999999,,0.002304,,1.6148479999999998
9164,64.430428996598636,19072529319114,1,5.0149941816926,5.1916,4.707584,2.494,14555,0.001024,0.75903999999999994,,0.03328,0.084735999999999992,0,0.066304,0.0076799999999999993,0.011519999999999999,,0.002304,,1.612032
9165,64.435164795918368,19072529371030,1,4.7357995063066483,5.1285,4.736256,2.3619,14555,0.001024,0.752128,,0.033791999999999996,0.084992,0,0.066816,0.007424,0.011264,,0.0025599999999999998,,1.597696
9166,64.440416999716547,19072529422315,1,5.2522039040923119,4.7965,4.717824,2.4517,14555,0.001024,0.755456,,0.03328,0.083712,0,0.065024,0.006912,0.010752,,0.0025599999999999998,,1.616128
9167,64.445166595804992,19072529470280,1,4.749596118927002,5.1088,4.735232,2.6992,14555,0.001024,0.7488,,0.033535999999999996,0.082688,0,0.064512,0.0076799999999999993,0.011007999999999999,,0.002304,,1.592832
9168,64.450477097505669,19072529521368,1,5.310501903295517,4.5346,4.731136,2.6073,14555,0.001024,0.74649599999999994,,0.033535999999999996,0.0832,0,0.064512,0.0076799999999999993,0.010752,,0.0025599999999999998,,1.617664
9169,64.455409297052157,19072529566714,1,4.9321996048092842,5.404,4.749312,2.3914,14555,0.001024,0.751104,,0.033535999999999996,0.082431999999999991,0,0.064,0.0076799999999999993,0.011007999999999999,,0.002304,,1.5964159999999998
9170,64.4609547973356,19072529620754,1,5.5455002002418041,4.4873,4.874496,2.6365,132071,0.001024,0.747776,,0.033024,0.084735999999999992,0,0.066304,0.009472,0.011519999999999999,,0.002304,,1.6166399999999999
9171,64.467421201814062,19072529665627,1,6.4664045348763466,5.9348,4.766976,2.3982,44703,0.0012799999999999999,0.754176,,0.03328,0.084735999999999992,0,0.066304,0.007424,0.010239999999999999,,0.002304,,1.5997439999999998
9172,64.473125099206342,19072529724975,1,5.7038972154259682,4.6364,4.717824,0.8151,14555,0.001024,0.74470399999999992,,0.032768,0.08524799999999999,0,0.066816,0.004608,0.011776,,0.002304,,1.6099839999999999
9173,64.478035402494328,19072529771339,1,4.9103032797575,7.3287,0.035072,2.594,14952,0.001024,0.741888,,0.032512,0.084992,0,0.066816,0.007168,0.014079999999999999,,0.002048,,1.59744
9174,64.4834549957483,19072529844626,1,5.4195933043956757,4.8372,4.75776,2.8303,14555,0.001024,0.742656,,0.033024,0.083968,0,0.065536,0.003072,0.011264,,0.002304,,1.615616
9175,64.489354896541954,19072529892998,1,5.8999005705118179,5.6648,4.727296,2.5292,14555,0.001024,0.75801599999999991,,0.033791999999999996,0.08294399999999999,0,0.064512,0.006144,0.011264,,0.0025599999999999998,,1.5966719999999999
9176,64.4947044005102,19072529949646,1,5.349503830075264,5.1646,4.703488,2.7637,14555,0.001024,0.745216,,0.03328,0.082688,0,0.064,0.0038399999999999997,0.010239999999999999,,0.002304,,1.6163839999999998
9177,64.500583496315187,19072530001292,1,5.8790957555174828,5.5018,4.709632,2.6789,32126,0.001024,0.74624,,0.033791999999999996,0.08294399999999999,0,0.064512,0.003584,0.012032,,0.0025599999999999998,,1.6115199999999998
9178,64.5057593962585,19072530056310,1,5.1758997142314911,6.0661,4.744704,2.79,31936,0.001024,0.758784,,0.03328,0.083456,0.000256,0.065024,0.003328,0.011007999999999999,,0.002304,,1.6133119999999999
9179,64.5108955994898,19072530116971,1,5.1362030208110809,5.7752,4.750336,2.5454,14555,0.001024,0.758272,,0.03328,0.085504,0,0.067071999999999993,0.007936,0.011264,,0.0025599999999999998,,1.5979519999999998
9180,64.516241801303849,19072530174723,1,5.3462018258869648,5.0368,4.741632,2.8271,14555,0.001024,0.74726399999999993,,0.033535999999999996,0.08294399999999999,0.000256,0.064512,0.007424,0.009984,,0.002816,,1.597696
9181,64.521731101190468,19072530225091,1,5.48930000513792,5.2572,4.701696,2.5337,18001,0.001024,0.751872,,0.033535999999999996,0.081152,0,0.06297599999999999,0.007424,0.011264,,0.0025599999999999998,,1.595392
9182,64.52646259920634,19072530277663,1,4.7314981929957867,5.1604,4.708864,2.465,14555,0.001024,0.75468799999999991,,0.034304,0.081664,0,0.063744,0.007424,0.011519999999999999,,0.0025599999999999998,,1.615616
9183,64.531485799319725,19072530329267,1,5.0232000648975372,5.2148,4.715264,2.3951,14555,0.001024,0.75135999999999992,,0.033535999999999996,0.0832,0,0.064767999999999992,0.003072,0.012288,,0.002304,,1.6133119999999999
9184,64.5362160005669,19072530381415,1,4.7302013263106346,5.2808,4.722944,2.2807,14555,0.001024,0.749312,,0.033535999999999996,0.083712,0,0.065279999999999991,0.0076799999999999993,0.012288,,0.0025599999999999998,,1.5966719999999999
9185,64.5413329010771,19072530434223,1,5.1169004291296005,4.6671,4.717056,2.4868,14555,0.001024,0.75264,,0.03328,0.083712,0,0.065279999999999991,0.0076799999999999993,0.012032,,0.002304,,1.5999999999999999
9186,64.54610309665533,19072530480894,1,4.7701955772936344,4.9557,4.731904,2.3558,14555,0.001024,0.75468799999999991,,0.033024,0.084992,0.000256,0.066816,0.0076799999999999993,0.011519999999999999,,0.0025599999999999998,,1.597184
9187,64.551618898809522,19072530530451,1,5.5158021859824657,4.7894,4.684544,2.7453,14555,0.000768,0.74982399999999994,,0.03328,0.083456,0.000256,0.065536,0.007424,0.011264,,0.0025599999999999998,,1.613824
9188,64.5565420989229,19072530578345,1,4.9232002347707748,5.3481,4.70272,2.0734,14555,0.001024,0.750336,,0.03328,0.080896,0,0.062208,0.003584,0.011776,,0.0025599999999999998,,1.596928
9189,64.561932497165529,19072530631826,1,5.39039820432663,4.5543,4.697344,2.6591,14555,0.001024,0.745984,,0.032768,0.087296,0.000256,0.069632,0.007424,0.013568,,0.002304,,1.612544
9190,64.567053698979592,19072530677369,1,5.1212017424404621,5.8012,4.71168,2.3798,14555,0.001024,0.759296,,0.034048,0.082431999999999991,0.000256,0.064,0.003328,0.011264,,0.002304,,1.599232
9191,64.572334502551016,19072530735381,1,5.2808034233748913,5.3678,4.740608,2.5175,14555,0.001024,0.754432,,0.03328,0.081919999999999993,0.000256,0.064256,0.003584,0.010239999999999999,,0.002304,,1.598976
9192,64.577618197278909,19072530789059,1,5.283694714307785,5.16,4.7808,2.4054,14757,0.001024,0.75801599999999991,,0.033535999999999996,0.082688,0.000256,0.064512,0.009472,0.010496,,0.002304,,1.595648
9193,64.583781398809521,19072530840659,1,6.1632017605006695,4.8971,5.042688,2.7236,14555,0.001024,0.74624,,0.03328,0.08524799999999999,0.000256,0.067328,0.003328,0.010752,,0.0025599999999999998,,1.6151039999999999
9194,64.589711096938771,19072530889630,1,5.92969823628664,5.1014,4.711168,2.6306,14555,0.001024,0.753408,,0.033535999999999996,0.083968,0,0.065536,0.003584,0.011519999999999999,,0.0025599999999999998,,1.613824
9195,64.595014597505667,19072530940644,1,5.3035006858408451,6.3931,4.727808,2.4606,14555,0.001024,0.75315199999999993,,0.033535999999999996,0.080896,0,0.06297599999999999,0.003584,0.010239999999999999,,0.0025599999999999998,,1.6130559999999998
9196,64.600052402210878,19072531004575,1,5.03780459985137,5.8104,5.30688,2.4363,14555,0.001024,0.75468799999999991,,0.03328,0.08294399999999999,0,0.065024,0.003328,0.010752,,0.0025599999999999998,,1.891328
9197,64.605267602040811,19072531062679,1,5.2151996642351151,5.3228,4.73856,2.5799,14555,0.001024,0.758784,,0.033791999999999996,0.083712,0,0.064512,0.0076799999999999993,0.012288,,0.002304,,1.6148479999999998
9198,64.610553096655323,19072531115907,1,5.2854944951832294,5.4386,4.702464,2.6051,14607,0.001536,0.73727999999999994,,0.033024,0.083456,0.000256,0.065536,0.0076799999999999993,0.011007999999999999,,0.0025599999999999998,,1.5999999999999999
9199,64.616968296485254,19072531170293,1,6.4151999540627,5.0488,4.733952,2.6624,14555,0.001024,0.745216,,0.033535999999999996,0.08294399999999999,0,0.064767999999999992,0.0076799999999999993,0.011264,,0.002304,,1.618944
9200,64.62221109693877,19072531220781,1,5.2428003400564194,5.3587,4.700928,2.7933,14555,0.001024,0.75008,,0.03328,0.08294399999999999,0,0.064767999999999992,0.0076799999999999993,0.011776,,0.002304,,1.613568
9201,64.62743679846939,19072531274368,1,5.2257017232477665,6.405,4.687872,2.454,14555,0.001024,0.74393599999999993,,0.03328,0.083968,0,0.065536,0.003328,0.012288,,0.0025599999999999998,,1.592064
9202,64.633019501133788,19072531338418,1,5.582702811807394,5.2471,4.703232,2.6097,14750,0.001024,0.744448,,0.033535999999999996,0.081152,0.000256,0.06297599999999999,0.003584,0.010239999999999999,,0.002304,,1.6184319999999999
9203,64.637985097789112,19072531390889,1,4.9655968323349953,5.2391,4.72576,2.5825,14555,0.001024,0.74726399999999993,,0.03328,0.083712,0,0.065024,0.007936,0.011264,,0.0025599999999999998,,1.617152
9204,64.643278897392292,19072531443280,1,5.293799564242363,5.5358,4.727552,2.6806,14555,0.001024,0.749568,,0.03328,0.082176,0,0.063744,0.007936,0.010752,,0.0025599999999999998,,1.597184
9205,64.648641496598643,19072531498638,1,5.3625991567969322,5.0328,4.736512,2.5808,14555,0.001024,0.75724799999999992,,0.03328,0.08294399999999999,0,0.064256,0.007424,0.011007999999999999,,0.002304,,1.596928
9206,64.653771400226759,19072531548966,1,5.1299035549163818,5.2869,4.73088,2.557,14555,0.001024,0.753664,,0.03328,0.083712,0,0.065792,0.003328,0.011776,,0.0025599999999999998,,1.6168959999999999
9207,64.6592919005102,19072531601835,1,5.5205002427101135,5.4007,4.679168,2.6713,14555,0.001024,0.75571199999999994,,0.033535999999999996,0.083968,0,0.065792,0.003328,0.010752,,0.0025599999999999998,,1.612544
9208,64.66637400085034,19072531655842,1,7.0821004919707775,4.8068,4.688896,2.7562,14555,0.001024,0.75571199999999994,,0.033535999999999996,0.083968,0,0.065792,0.003328,0.010752,,0.0025599999999999998,,1.612544
9209,64.671777295918361,19072531703910,1,5.4032951593399048,5.8073,4.701696,2.8078,14555,0.001024,0.742656,,0.03328,0.081664,0,0.063232,0.003584,0.010496,,0.002304,,1.612032
9210,64.6768843962585,19072531761983,1,5.1071001216769218,5.6508,4.713472,2.4185,14757,0.001024,0.7488,,0.033535999999999996,0.08294399999999999,0,0.065024,0.0076799999999999993,0.010496,,0.002816,,1.615872
9211,64.682082100340139,19072531818491,1,5.197704304009676,6.8839,4.689152,2.6749,14555,0.001024,0.7488,,0.033791999999999996,0.081408,0,0.063232,0.0076799999999999993,0.010239999999999999,,0.002816,,1.61024
9212,64.687301998299318,19072531887330,1,5.21989818662405,5.1133,4.737536,2.6706,14555,0.001024,0.7552,,0.033791999999999996,0.081152,0.000256,0.06272,0.0076799999999999993,0.010239999999999999,,0.0025599999999999998,,1.597184
9213,64.692472696995466,19072531938463,1,5.1706987433135509,4.9055,4.750848,2.5327,14555,0.001024,0.755456,,0.033791999999999996,0.084224,0.000256,0.06656,0.0076799999999999993,0.010752,,0.0025599999999999998,,1.5948799999999999
9214,64.698001700680265,19072531987518,1,5.52900368347764,5.3109,4.691968,2.8742,14555,0.001024,0.74496,,0.03328,0.084735999999999992,0,0.066304,0.007424,0.011776,,0.0025599999999999998,,1.5997439999999998
9215,64.703371301020411,19072532040627,1,5.3696003742516041,5.4152,4.693504,2.7306,14555,0.001024,0.753408,,0.033535999999999996,0.08294399999999999,0,0.064767999999999992,0.007936,0.010239999999999999,,0.002304,,1.59872
9216,64.708789299886618,19072532094779,1,5.417998880147934,5.4059,4.695296,2.6312,14555,0.001024,0.751104,,0.03328,0.082176,0,0.064256,0.003328,0.011264,,0.002816,,1.592832
9217,64.71398110119047,19072532148838,1,5.1918011158704758,5.202,4.702464,2.8366,64973,0.001024,0.741888,,0.033024,0.0832,0,0.065279999999999991,0.0076799999999999993,0.011264,,0.0025599999999999998,,1.6117759999999999
9218,64.720803897392287,19072532200858,1,6.8227960728108883,5.5367,4.70784,2.6368,14555,0.001024,0.74982399999999994,,0.03328,0.081919999999999993,0.000256,0.064,0.004608,0.011776,,0.002304,,1.5951359999999999
9219,64.726511096938779,19072532256225,1,5.7071996852755547,5.009,4.70144,0.8578,14555,0.001024,0.746752,,0.03328,0.084224,0,0.065536,0.007936,0.010752,,0.002304,,1.612288
9220,64.731510097789112,19072532306315,1,4.9990010447800159,7.0955,0.035072,2.7747,14555,0.001024,0.737536,,0.033024,0.084735999999999992,0,0.065792,0.007936,0.014079999999999999,,0.002048,,1.597696
9221,64.736944302721085,19072532377270,1,5.4342048242688179,5.3772,4.709376,2.7652,14555,0.004608,0.735744,,0.033024,0.082176,0,0.064,0.003328,0.011007999999999999,,0.002304,,1.6117759999999999
9222,64.742220301870745,19072532431042,1,5.2759991958737373,5.3019,4.714496,2.5591,14555,0.001024,0.746752,,0.03328,0.081919999999999993,0,0.063744,0.006656,0.011007999999999999,,0.0025599999999999998,,1.599488
9223,64.747581802721086,19072532484061,1,5.3615006618201733,5.4643,4.701952,2.7626,14555,0.001024,0.745216,,0.033535999999999996,0.0832,0.000256,0.065024,0.003584,0.011519999999999999,,0.002304,,1.6163839999999998
9224,64.753188300736966,19072532538704,1,5.6064981035888195,5.342,4.740864,2.4471,14555,0.001024,0.758784,,0.033535999999999996,0.084735999999999992,0,0.06656,0.005376,0.011007999999999999,,0.0025599999999999998,,1.59616
9225,64.758974596088436,19072532592124,1,5.7862955145537853,5.0551,4.715264,2.9736,14555,0.001024,0.755456,,0.033535999999999996,0.082176,0.000256,0.063744,0.007936,0.010752,,0.002304,,1.61536
9226,64.764423802437634,19072532642675,1,5.449206568300724,5.5345,4.691456,2.7241,14555,0.001024,0.74803199999999992,,0.033535999999999996,0.083456,0.000256,0.065279999999999991,0.0038399999999999997,0.010752,,0.002304,,1.6128
9227,64.770034297052149,19072532698020,1,5.6104944087564945,5.6899,4.660992,2.674,14555,0.001024,0.741632,,0.03328,0.084992,0.000256,0.066816,0.003584,0.010239999999999999,,0.002304,,1.613824
9228,64.775592198129246,19072532754919,1,5.5579012259840965,5.8142,4.658432,2.7867,14555,0.001024,0.752896,,0.03328,0.081664,0,0.064,0.010239999999999999,0.011776,,0.0025599999999999998,,1.6133119999999999
9229,64.781627097505663,19072532813061,1,6.03489950299263,5.6872,4.7104,2.6077,14757,0.001024,0.752896,,0.03328,0.081664,0,0.064,0.010239999999999999,0.011776,,0.0025599999999999998,,1.6133119999999999
9230,64.787059098639446,19072532869933,1,5.4320013150572777,5.6167,4.704256,2.647,36398,0.001024,0.74752,,0.03328,0.082688,0.000256,0.064,0.003584,0.009984,,0.0025599999999999998,,1.61408
9231,64.792400099206347,19072532926100,1,5.3410003893077374,6.0344,4.685312,2.5596,14555,0.001024,0.74393599999999993,,0.03328,0.081152,0,0.06297599999999999,0.007424,0.011264,,0.0025599999999999998,,1.6192
9232,64.797532801870744,19072532986444,1,5.1327026449143887,5.3458,4.704,2.6231,14555,0.0012799999999999999,0.750336,,0.033535999999999996,0.082176,0,0.064,0.007424,0.011519999999999999,,0.002816,,1.61792
9233,64.802790901360538,19072533039902,1,5.2580996416509151,5.3859,4.680448,2.7122,14555,0.0012799999999999999,0.749312,,0.03328,0.083712,0,0.066048,0.0097279999999999988,0.011264,,0.002304,,1.610496
9234,64.807943601190473,19072533093761,1,5.1527000032365322,5.2485,4.713984,2.5443,14555,0.001024,0.740352,,0.03328,0.082431999999999991,0,0.064767999999999992,0.007936,0.011776,,0.002048,,1.594368
9235,64.8135336026077,19072533146246,1,5.5900015868246555,4.8358,4.713472,2.8824,14607,0.0012799999999999999,0.7488,,0.033535999999999996,0.083712,0.000256,0.065279999999999991,0.0076799999999999993,0.011776,,0.002304,,1.614336
9236,64.818774397675739,19072533194604,1,5.2407952025532722,5.6096,4.70272,2.3397,14555,0.001024,0.74905599999999994,,0.03328,0.083456,0.000256,0.064767999999999992,0.007936,0.010239999999999999,,0.0025599999999999998,,1.59744
9237,64.824096499433111,19072533250700,1,5.3221015259623528,5.0725,4.692224,2.598,14555,0.001024,0.749568,,0.03328,0.084735999999999992,0,0.066048,0.0076799999999999993,0.010496,,0.002304,,1.612544
9238,64.829222200963713,19072533301425,1,5.1257014274597168,5.7041,4.678912,2.6258,14555,0.001024,0.74905599999999994,,0.03328,0.082688,0.000256,0.064767999999999992,0.0076799999999999993,0.009984,,0.002816,,1.5948799999999999
9239,64.834722696995456,19072533358466,1,5.50049589946866,5.2867,4.689408,2.4654,17602,0.001024,0.74905599999999994,,0.03328,0.082688,0.000256,0.064767999999999992,0.0076799999999999993,0.009984,,0.002816,,1.5948799999999999
9240,64.840247002551024,19072533411333,1,5.5243056267499924,5.0101,4.71936,2.5336,14555,0.001024,0.748544,,0.033024,0.083456,0,0.065792,0.007936,0.010496,,0.0025599999999999998,,1.594368
9241,64.84603339710884,19072533461434,1,5.7863947004079819,5.3635,4.742656,2.7398,14555,0.001024,0.756992,,0.033791999999999996,0.08576,0.000256,0.067583999999999991,0.003584,0.012032,,0.002304,,1.615616
9242,64.851379095804987,19072533515069,1,5.3456989116966724,5.8299,4.73472,2.7106,14555,0.0012799999999999999,0.75391999999999992,,0.033535999999999996,0.08448,0,0.066304,0.0076799999999999993,0.011776,,0.0025599999999999998,,1.612032
9243,64.856232100340137,19072533573368,1,4.853004589676857,5.7492,4.679424,2.3385,14555,0.001024,0.73471999999999993,,0.033535999999999996,0.082688,0,0.064512,0.007424,0.011007999999999999,,0.002048,,1.5982079999999999
9244,64.861864696712018,19072533630860,1,5.6325965560972691,4.7586,4.704768,2.8216,14555,0.0012799999999999999,0.743424,,0.033024,0.081152,0,0.063232,0.007424,0.011519999999999999,,0.002304,,1.612288
9245,64.8669158021542,19072533678446,1,5.0511052832007408,5.4734,4.749312,2.2557,14555,0.001024,0.759296,,0.033791999999999996,0.082688,0,0.064767999999999992,0.003584,0.011007999999999999,,0.002304,,1.5951359999999999
9246,64.872001601473926,19072533733180,1,5.0857993774116039,4.4603,5.035008,2.5822,14555,0.001024,0.745984,,0.033024,0.086016,0,0.067583999999999991,0.0076799999999999993,0.013056,,0.002048,,1.597184
9247,64.877191397392281,19072533777783,1,5.1897959783673286,6.0038,4.726016,2.6189,19137,0.001024,0.7488,,0.033535999999999996,0.084224,0.000256,0.066304,0.003584,0.011776,,0.002304,,1.5933439999999999
9248,64.882263300736952,19072533837821,1,5.0719031132757664,5.0926,4.73088,2.6411,14555,0.001024,0.74982399999999994,,0.033791999999999996,0.083456,0,0.065279999999999991,0.003584,0.011264,,0.002304,,1.59872
9249,64.8876424957483,19072533888747,1,5.3791948594152927,4.8646,4.680192,2.5587,14555,0.001024,0.752896,,0.033535999999999996,0.082176,0,0.064256,0.003584,0.011007999999999999,,0.0025599999999999998,,1.6117759999999999
9250,64.892381398809519,19072533937393,1,4.7389031387865543,5.5872,4.718336,2.6144,14555,0.001024,0.75238399999999994,,0.033535999999999996,0.082176,0.000256,0.063744,0.0038399999999999997,0.010496,,0.002304,,1.59616
9251,64.897739101473917,19072533993265,1,5.3577027283608913,4.5184,4.714496,2.8891,14555,0.001024,0.747776,,0.03328,0.079104,0.000256,0.061183999999999995,0.003328,0.012032,,0.0025599999999999998,,1.60128
9252,64.9026748015873,19072534038449,1,4.9356999807059765,5.3558,4.740864,2.3768,14555,0.001024,0.743424,,0.03328,0.08448,0.000256,0.066304,0.0076799999999999993,0.011776,,0.002304,,1.5936
9253,64.907585799319719,19072534092007,1,4.9109975807368755,4.7882,4.905472,2.5631,14555,0.001024,0.74060799999999993,,0.032768,0.083456,0,0.065279999999999991,0.0084479999999999989,0.012288,,0.002304,,1.59616
9254,64.91270600198412,19072534139889,1,5.1202024333179,5.374,4.709632,2.6489,14555,0.001024,0.741632,,0.03328,0.08294399999999999,0.000256,0.064512,0.007936,0.011519999999999999,,0.002304,,1.5951359999999999
9255,64.9177748015873,19072534193629,1,5.06879948079586,4.9941,4.68352,2.4564,14555,0.001024,0.74214399999999991,,0.033024,0.082176,0,0.063488,0.008192,0.011776,,0.002304,,1.5964159999999998
9256,64.92310119756236,19072534243570,1,5.3263958543539047,4.9093,4.677376,2.5219,14555,0.001024,0.739328,,0.03328,0.07782399999999999,0,0.06016,0.007936,0.012032,,0.0025599999999999998,,1.6197119999999998
9257,64.928187202380954,19072534292663,1,5.0860047340393066,5.518,4.672512,2.5886,14555,0.003072,0.74214399999999991,,0.03328,0.083456,0,0.064767999999999992,0.011519999999999999,0.011007999999999999,,0.002304,,1.595648
9258,64.933041397392287,19072534347843,1,4.8541948199272156,5.1619,4.716544,2.5571,14555,0.001024,0.753664,,0.033024,0.079872,0.000256,0.061695999999999994,0.010239999999999999,0.012032,,0.002304,,1.594368
9259,64.938244302721088,19072534399462,1,5.2029052749276161,4.7511,4.690176,2.5481,14750,0.001024,0.74137599999999992,,0.033024,0.08448,0.000256,0.066304,0.005632,0.011264,,0.002304,,1.5979519999999998
9260,64.943298398526068,19072534446973,1,5.0540957599878311,5.1564,4.736,2.8347,14555,0.001024,0.75135999999999992,,0.033791999999999996,0.084224,0,0.065792,0.007424,0.011007999999999999,,0.002304,,1.6166399999999999
9261,64.94847599914965,19072534498537,1,5.1776007749140263,5.1039,4.733696,2.6648,14555,0.001024,0.75238399999999994,,0.03328,0.081664,0.000256,0.063488,0.007936,0.011519999999999999,,0.0025599999999999998,,1.59872
9262,64.953716801303855,19072534549576,1,5.2408021874725819,5.2421,4.708608,2.8006,14555,0.001024,0.756224,,0.03328,0.082176,0,0.063488,0.0076799999999999993,0.012032,,0.0025599999999999998,,1.599232
9263,64.958610600907022,19072534601997,1,4.8937997780740261,5.0804,4.730368,2.7038,14555,0.001024,0.745216,,0.033535999999999996,0.083712,0,0.065279999999999991,0.003328,0.011519999999999999,,0.002304,,1.5948799999999999
9264,64.963925297619042,19072534652801,1,5.3146965801715851,4.8819,4.735488,2.7786,14555,0.001024,0.756992,,0.033535999999999996,0.082176,0,0.064,0.0076799999999999993,0.012032,,0.002304,,1.594112
9265,64.968680201247167,19072534701620,1,4.7549037262797356,5.1372,4.71424,2.4041,64973,0.001024,0.74470399999999992,,0.03328,0.08294399999999999,0,0.064767999999999992,0.003328,0.012032,,0.002304,,1.59616
9266,64.9746001984127,19072534752992,1,5.919997114688158,4.7697,4.702208,2.529,14555,0.001024,0.746752,,0.033024,0.084735999999999992,0,0.066304,0.0076799999999999993,0.014336,,0.002048,,1.612288
9267,64.98030809948979,19072534800689,1,5.70790097117424,5.5045,4.737792,0.7184,14757,0.001024,0.754944,,0.03328,0.083712,0,0.065279999999999991,0.0076799999999999993,0.011776,,0.0025599999999999998,,1.6115199999999998
9268,64.985094196428562,19072534855734,1,4.7860969789326191,6.1184,0.034816,2.7056,14555,0.001024,0.73804799999999993,,0.03328,0.337152,0,0.06656,0.004608,0.015104,,0.002304,,1.599488
9269,64.990661500850337,19072534916918,1,5.5673043243587017,4.5084,4.722432,2.8145,14555,0.001024,0.74112,,0.033024,0.086016,0.000256,0.067328,0.003072,0.014079999999999999,,0.002304,,1.613824
9270,64.99559919926304,19072534962002,1,4.9376985989511013,6.0166,4.737536,2.5031,14555,0.001024,0.758528,,0.033535999999999996,0.083712,0,0.065279999999999991,0.003328,0.010752,,0.0025599999999999998,,1.594368
9271,65.000703996598631,19072535022168,1,5.1047974266111851,4.7755,4.710656,2.529,14555,0.001024,0.75776,,0.03328,0.083712,0,0.065536,0.0076799999999999993,0.011007999999999999,,0.002816,,1.6117759999999999
9272,65.006340199829936,19072535069923,1,5.6362031027674675,5.5967,4.742656,2.6186,17551,0.001024,0.748544,,0.03328,0.081408,0,0.063232,0.003584,0.009984,,0.0025599999999999998,,1.5951359999999999
9273,65.011952501417227,19072535125890,1,5.6123016402125359,4.7168,4.73856,2.6409,14555,0.001024,0.75315199999999993,,0.033535999999999996,0.081664,0,0.063232,0.003584,0.011776,,0.0025599999999999998,,1.610752
9274,65.017126395975055,19072535173058,1,5.173894576728344,5.6822,4.718848,2.7843,14607,0.001024,0.756736,,0.033791999999999996,0.08448,0,0.066304,0.003584,0.012032,,0.0025599999999999998,,1.600256
9275,65.022895698696146,19072535229880,1,5.7693026028573513,5.6948,4.714752,2.7077,18001,0.001024,0.756736,,0.033791999999999996,0.08448,0,0.066304,0.003584,0.012032,,0.0025599999999999998,,1.600256
9276,65.027724702380951,19072535286828,1,4.8290034756064415,5.1159,4.732928,2.676,14555,0.001024,0.756736,,0.033535999999999996,0.081152,0,0.062464,0.0076799999999999993,0.010496,,0.0025599999999999998,,1.609216
9277,65.033284098639456,19072535337987,1,5.5593964643776417,5.4896,4.745216,2.7844,14555,0.001024,0.75135999999999992,,0.033535999999999996,0.082431999999999991,0,0.064256,0.0076799999999999993,0.010752,,0.0025599999999999998,,1.613568
9278,65.038106802721089,19072535392883,1,4.8227040097117424,5.5527,4.742144,2.565,14555,0.001024,0.75903999999999994,,0.033535999999999996,0.083456,0,0.065024,0.0076799999999999993,0.012288,,0.0025599999999999998,,1.596928
9279,65.043452196712011,19072535448410,1,5.3453939035534859,4.4823,4.727552,2.4265,14555,0.001024,0.739072,,0.033024,0.087551999999999991,0.000256,0.06912,0.0076799999999999993,0.013568,,0.002304,,1.615616
9280,65.048633999433108,19072535493233,1,5.1818029023706913,5.8208,4.735744,2.5631,14555,0.001024,0.752128,,0.033535999999999996,0.0832,0,0.065279999999999991,0.003584,0.010239999999999999,,0.002304,,1.618688
9281,65.053658397108848,19072535551441,1,5.0243977457284927,5.3601,4.661504,2.4478,14555,0.001024,0.73881599999999992,,0.03328,0.081152,0,0.06272,0.0076799999999999993,0.010496,,0.0025599999999999998,,1.59872
9282,65.0591,19072535605042,1,5.441602785140276,4.8666,4.681728,2.7197,14555,0.001024,0.747776,,0.03328,0.082431999999999991,0,0.064256,0.003584,0.010239999999999999,,0.002304,,1.6084479999999999
9283,65.064127501417232,19072535653708,1,5.0275013782083988,5.214,4.703488,2.6115,14555,0.001024,0.756992,,0.033535999999999996,0.080639999999999989,0,0.06272,0.007936,0.010752,,0.002304,,1.5948799999999999
9284,65.069418296485253,19072535705848,1,5.2907951176166534,5.1004,4.716032,2.6561,14555,0.001024,0.751616,,0.033791999999999996,0.084992,0,0.06656,0.005888,0.011519999999999999,,0.002304,,1.614336
9285,65.074728195861681,19072535756852,1,5.3098993375897408,5.3941,4.740096,2.7645,14555,0.001024,0.74905599999999994,,0.03328,0.083968,0,0.065279999999999991,0.0076799999999999993,0.010752,,0.002304,,1.5951359999999999
9286,65.079843296485265,19072535810793,1,5.1151006482541561,5.1254,4.720896,2.8436,14757,0.001024,0.75315199999999993,,0.033791999999999996,0.082431999999999991,0.000256,0.063744,0.0076799999999999993,0.010496,,0.0025599999999999998,,1.5979519999999998
9287,65.084864299886618,19072535862047,1,5.0210035406053066,5.1308,4.704,2.6968,14555,0.001024,0.748288,,0.03328,0.085504,0,0.067071999999999993,0.0076799999999999993,0.010496,,0.0025599999999999998,,1.599488
9288,65.089833198696141,19072535913355,1,4.9688988365232944,5.1112,4.703488,2.654,14750,0.0012799999999999999,0.7552,,0.033535999999999996,0.082176,0,0.064,0.0076799999999999993,0.011264,,0.002304,,1.5964159999999998
9289,65.09554469954648,19072535964467,1,5.7115009985864162,5.1198,4.731136,2.4283,14555,0.001024,0.74752,,0.033535999999999996,0.085504,0,0.066816,0.010496,0.010496,,0.002304,,1.59616
9290,65.101032497165534,19072536015665,1,5.4877977818250656,5.2024,5.02016,2.3133,14555,0.001024,0.754176,,0.033791999999999996,0.08294399999999999,0,0.063744,0.0076799999999999993,0.012288,,0.0025599999999999998,,1.8693119999999999
9291,65.107000297619038,19072536067689,1,5.9678005054593086,4.7555,5.387776,2.6677,14555,0.003072,0.740352,,0.033535999999999996,0.086784,0.000256,0.068864,0.0076799999999999993,0.014848,,0.002304,,2.03008
9292,65.112874298469379,19072536115244,1,5.8740009553730488,6.413,5.490688,2.5692,14555,0.001024,0.74982399999999994,,0.034048,0.0832,0.000256,0.064767999999999992,0.0076799999999999993,0.011264,,0.002304,,1.869824
9293,65.118698901644,19072536179374,1,5.8246031403541565,4.8675,5.787392,2.9397,14555,0.001024,0.741632,,0.03328,0.717312,0,0.067071999999999993,0.008704,0.015872,,0.002816,,1.8823679999999998
9294,65.12381569586168,19072536228049,1,5.1167942583560944,6.7542,5.424128,2.6332,14555,0.001024,0.74905599999999994,,0.033535999999999996,0.082431999999999991,0,0.064256,0.0076799999999999993,0.011007999999999999,,0.002304,,1.8559999999999999
9295,65.129823398526071,19072536295591,1,6.0077025555074215,5.6406,5.065728,2.7947,14555,0.0012799999999999999,0.75468799999999991,,0.033535999999999996,0.08524799999999999,0,0.067583999999999991,0.008192,0.010752,,0.0025599999999999998,,1.7671679999999999
9296,65.136352799036274,19072536351997,1,6.5294005908071995,5.6422,5.291008,2.5809,14555,0.001024,0.74496,,0.033535999999999996,0.085504,0,0.067071999999999993,0.007936,0.012032,,0.002048,,1.8472959999999998
9297,65.142002699829931,19072536408419,1,5.649900995194912,5.0194,5.176832,2.7892,14555,0.001024,0.744448,,0.03328,0.08448,0.000256,0.066304,0.007424,0.011007999999999999,,0.0025599999999999998,,2.095104
9298,65.147866496598638,19072536458613,1,5.8637969195842743,7.1195,5.333248,2.8678,14555,0.001024,0.749568,,0.03328,0.085504,0,0.06656,0.0038399999999999997,0.010496,,0.002304,,1.6181759999999998
9299,65.153705399659856,19072536529808,1,5.83890313282609,5.9736,5.064448,2.8302,14555,0.001024,0.750848,,0.034816,0.0832,0,0.064512,0.003328,0.012032,,0.002304,,1.595392
9300,65.159553500566886,19072536589544,1,5.8481008745729923,5.4979,5.122816,2.8404,14555,0.0012799999999999999,0.752128,,0.034304,0.080639999999999989,0.000256,0.062464,0.003328,0.010239999999999999,,0.0025599999999999998,,1.608704
9301,65.165423696145126,19072536644523,1,5.87019557133317,6.1803,5.30048,2.9068,14555,0.001024,0.74982399999999994,,0.03328,0.0832,0.000256,0.065279999999999991,0.003328,0.012032,,0.002304,,1.5936
9302,65.17118499858276,19072536706326,1,5.7613025419414043,5.3059,5.076736,2.829,14555,0.001024,0.731136,,0.033024,0.31744,0,0.299264,0.003072,0.011264,,0.002304,,1.595648
9303,65.176432100340136,19072536759385,1,5.247101653367281,6.4778,4.691968,2.641,14555,0.0012799999999999999,0.751104,,0.03328,0.08294399999999999,0,0.064512,0.0076799999999999993,0.012288,,0.0025599999999999998,,1.597184
9304,65.181870698696144,19072536824163,1,5.4385983385145664,5.3364,4.698112,2.8101,14757,0.001024,0.745984,,0.033024,0.084992,0,0.06656,0.007936,0.012032,,0.002304,,1.614592
9305,65.187590695861672,19072536877527,1,5.7199969887733459,5.6401,4.701184,2.5852,14555,0.001024,0.74368,,0.033535999999999996,0.082176,0.000256,0.063744,0.0038399999999999997,0.011519999999999999,,0.002304,,1.59616
9306,65.19296770124717,19072536933928,1,5.3770053200423717,5.2217,5.124864,2.8003999999999998,14555,0.001024,0.75801599999999991,,0.035584,0.08524799999999999,0,0.066816,0.003328,0.010496,,0.002304,,1.5948799999999999
9307,65.198584700963721,19072536986145,1,5.6169996969401836,5.5224,4.707584,2.7608,14555,0.001024,0.73804799999999993,,0.03328,0.086272,0,0.06784,0.007424,0.011519999999999999,,0.0025599999999999998,,1.6192
9308,65.203715497448982,19072537041369,1,5.1307966932654381,5.8783,4.698368,2.5541,14555,0.001024,0.754944,,0.03328,0.08294399999999999,0,0.064256,0.007424,0.010496,,0.002048,,1.600512
9309,65.210011897675727,19072537100152,1,6.29640044644475,4.8113,5.096192,2.9071,14555,0.001024,0.75391999999999992,,0.039424,0.081919999999999993,0.000256,0.063232,0.0076799999999999993,0.011007999999999999,,0.002304,,1.7607679999999999
9310,65.216053500566886,19072537148265,1,6.0416026972234249,5.7596,5.576192,2.6675,14555,0.001024,0.75391999999999992,,0.039424,0.081919999999999993,0.000256,0.063232,0.0076799999999999993,0.011007999999999999,,0.002304,,1.7607679999999999
9311,65.22193669926304,19072537205861,1,5.8831986971199512,5.1186,5.254912,2.7675,65025,0.001024,0.73881599999999992,,0.034816,0.08576,0,0.06656,0.007424,0.012544,,0.002304,,1.596928
9312,65.230370698696149,19072537257047,1,8.4339994937181473,6.7239,4.709376,2.7426,14555,0.001024,0.74752,,0.033535999999999996,0.081408,0,0.06272,0.012288,0.011264,,0.002304,,1.61536
9313,65.236044600340136,19072537324286,1,5.67390164360404,6.0689,4.973312,0.9177,14555,0.001024,0.73062399999999994,,0.033791999999999996,0.086528,0,0.067583999999999991,0.010496,0.013056,,0.002304,,1.599232
9314,65.242817297335591,19072537384975,1,6.7726969718933105,8.5851,0.034304,3.0388,14750,0.001024,0.73062399999999994,,0.033791999999999996,0.086528,0,0.067583999999999991,0.010496,0.013056,,0.002304,,1.599232
9315,65.247774397675741,19072537470826,1,4.9571003764867783,5.7027,5.942528,2.924,14555,0.001024,0.74060799999999993,,0.033024,0.080896,0.000256,0.06297599999999999,0.003584,0.010752,,0.002304,,2.15808
9316,65.253697597789113,19072537527853,1,5.9231999330222607,6.5807,4.728832,2.6808,14555,0.001024,0.752128,,0.033791999999999996,0.082431999999999991,0.000256,0.064256,0.0097279999999999988,0.011519999999999999,,0.002304,,1.6115199999999998
9317,65.259866397392287,19072537593660,1,6.1687994748353958,5.5028,5.264128,2.5391,14555,0.001024,0.752896,,0.036864,0.082431999999999991,0,0.063744,0.007424,0.012032,,0.0025599999999999998,,1.595904
9318,65.265422101757366,19072537648688,1,5.5557042360305786,4.8193,5.29408,2.6604,14555,0.001024,0.72959999999999992,,0.032512,0.084224,0,0.066304,0.007936,0.011519999999999999,,0.003072,,1.611264
9319,65.27053609693877,19072537696881,1,5.1139951683580875,6.6576,4.675328,2.6659,14555,0.001024,0.74726399999999993,,0.03328,0.079872,0,0.061439999999999995,0.0076799999999999993,0.011776,,0.0025599999999999998,,1.6133119999999999
9320,65.27551050170068,19072537763457,1,4.9744048155844212,5.6304,4.686336,2.3297,14555,0.0012799999999999999,0.75315199999999993,,0.033791999999999996,0.084735999999999992,0,0.066048,0.003328,0.010496,,0.002304,,1.597184
9321,65.281199900793652,19072537819761,1,5.689399316906929,5.2486,4.839424,2.5988,14757,0.001024,0.752896,,0.184832,0.087296,0,0.063232,0.003072,0.012032,,0.002304,,1.5930879999999998
9322,65.28656079931973,19072537872247,1,5.3608985617756844,5.1533,5.106944,2.5954,14555,0.001024,0.751104,,0.04224,0.08294399999999999,0.000256,0.064256,0.0076799999999999993,0.011519999999999999,,0.002304,,1.61536
9323,65.292056498015867,19072537923780,1,5.495698656886816,5.7314,5.168128,2.4407,14555,0.0012799999999999999,0.739328,,0.033024,0.318976,0,0.064256,0.010752,0.011264,,0.002304,,1.5966719999999999
9324,65.298053195861669,19072537981094,1,5.996698047965765,4.7683,5.47968,3.0451,14555,0.001024,0.737536,,0.032768,0.342016,0,0.065024,0.009216,0.013824,,0.0025599999999999998,,1.600256
9325,65.3035420989229,19072538028777,1,5.4889032617211342,5.8953,5.474816,2.9618,14555,0.16896,0.731904,,0.032768,0.083968,0.000256,0.065792,0.007424,0.011264,,0.002304,,1.744384
9326,65.309181498015874,19072538087730,1,5.6393989361822605,5.3194,5.340416,2.9485,14555,0.001024,0.746752,,0.035072,0.083968,0.000256,0.065279999999999991,0.0076799999999999993,0.011519999999999999,,0.002304,,1.769984
9327,65.314339696712011,19072538140924,1,5.158198531717062,6.4884,4.716032,2.7622,14555,0.0012799999999999999,0.74982399999999994,,0.03328,0.081408,0,0.06297599999999999,0.003328,0.011519999999999999,,0.0025599999999999998,,1.5966719999999999
9328,65.320167800453518,19072538205808,1,5.8281035162508488,4.5755,5.14432,2.8555,14555,0.001024,0.747008,,0.034304,0.080896,0,0.06272,0.0076799999999999993,0.011519999999999999,,0.0025599999999999998,,1.598976
9329,65.325184297052147,19072538251563,1,5.016496405005455,5.8965,5.324544,2.7225,14555,0.003328,0.734976,,0.03328,0.0832,0,0.065024,0.007936,0.011007999999999999,,0.0025599999999999998,,1.59744
9330,65.331083900226758,19072538310528,1,5.8996030129492283,5.2383,4.925184,2.8843,14555,0.001024,0.73727999999999994,,0.039424,0.0832,0,0.065279999999999991,0.0076799999999999993,0.012799999999999999,,0.002304,,1.6133119999999999
9331,65.336427699829926,19072538362911,1,5.3437994793057442,5.983,5.174784,2.5183,14555,0.001024,0.744192,,0.033535999999999996,0.083712,0,0.066048,0.25113599999999997,0.011519999999999999,,0.002304,,1.5982079999999999
9332,65.342161196145128,19072538422741,1,5.7334965094923973,4.9588,5.21472,2.8878,14555,0.001024,0.734208,,0.034304,0.083712,0,0.065024,0.007168,0.011007999999999999,,0.002816,,1.5999999999999999
9333,65.34743349631519,19072538472329,1,5.2722999826073647,5.7819,5.267456,2.5835,14555,0.001024,0.74470399999999992,,0.035328,0.082176,0,0.063744,0.0076799999999999993,0.012288,,0.002304,,1.59872
9334,65.353251502267568,19072538530148,1,5.8180061168968678,5.5933,5.318656,2.8169,14555,0.001024,0.75008,,0.03456,0.082176,0,0.063744,0.003584,0.012032,,0.0025599999999999998,,1.759232
9335,65.3590804988662,19072538586081,1,5.828996654599905,5.8162,5.156864,2.7295,14555,0.001024,0.74060799999999993,,0.03968,0.083968,0,0.065279999999999991,0.007424,0.011264,,0.002304,,1.592576
9336,65.364430902777769,19072538644243,1,5.35040395334363,4.8251,5.114368,2.6907,14555,0.001024,0.740864,,0.0384,0.08448,0.000256,0.066304,0.007424,0.011519999999999999,,0.002304,,1.613824
9337,65.370318998015875,19072538692494,1,5.8880951255559921,6.3797,5.282048,2.6839,14555,0.001024,0.741888,,0.034816,0.081919999999999993,0,0.06297599999999999,0.007424,0.012032,,0.0025599999999999998,,1.612544
9338,65.375781802721079,19072538756291,1,5.4628048092126846,5.8054,4.9856,2.6497,14757,0.001024,0.74112,,0.034048,0.086528,0,0.068608,0.007424,0.014336,,0.002304,,1.612544
9339,65.382598696145124,19072538814345,1,6.8168933503329754,4.955,4.98304,2.5887,14555,0.001024,0.74112,,0.034048,0.086528,0,0.068608,0.007424,0.014336,,0.002304,,1.612544
9340,65.387665497448978,19072538863895,1,5.0668013282120228,6.2792,4.992256,2.7234,14555,0.001024,0.74624,,0.033535999999999996,0.083968,0.000256,0.065279999999999991,0.0076799999999999993,0.010752,,0.002304,,1.613824
9341,65.393452600623576,19072538926687,1,5.7871029712259769,6.3671,4.905728,2.5269,14750,0.001024,0.75468799999999991,,0.034048,0.080639999999999989,0.000256,0.06272,0.006912,0.011007999999999999,,0.002304,,1.611264
9342,65.398747902494335,19072538990358,1,5.2953017875552177,5.5303,5.278976,2.5895,14555,0.001024,0.756736,,0.03712,0.08448,0,0.065792,0.0076799999999999993,0.010239999999999999,,0.002304,,1.5966719999999999
9343,65.403957497165536,19072539045661,1,5.2095944993197918,5.2651,5.114624,2.5643,14555,0.001024,0.752896,,0.034816,0.08448,0.000256,0.065792,0.003072,0.011007999999999999,,0.0025599999999999998,,1.599232
9344,65.409494401927432,19072539098312,1,5.5369045585393906,5.4248,4.682496,2.6951,14555,0.001024,0.7488,,0.03328,0.082431999999999991,0,0.064256,0.0076799999999999993,0.012032,,0.0025599999999999998,,1.6115199999999998
9345,65.414699000850334,19072539152560,1,5.2045988850295544,5.7513,4.844032,2.4186,14555,0.001024,0.7424,,0.033024,0.084735999999999992,0,0.066048,0.0076799999999999993,0.012032,,0.0025599999999999998,,1.5964159999999998
9346,65.420083000283441,19072539210073,1,5.383999552577734,4.8978,5.1072,2.5614,14555,0.0012799999999999999,0.750336,,0.039424,0.0832,0.000256,0.064,0.007936,0.012032,,0.002304,,1.599488
9347,65.42553799603175,19072539259051,1,5.4549956694245338,5.4446,4.939776,2.4366,14607,0.001024,0.73215999999999992,,0.032768,0.080639999999999989,0,0.062208,0.007168,0.011007999999999999,,0.0025599999999999998,,1.59744
9348,65.430875297619039,19072539313497,1,5.337301641702652,5.2397,5.106944,2.535,14555,0.001024,0.73139199999999993,,0.03456,0.079615999999999992,0,0.061439999999999995,0.007424,0.011519999999999999,,0.0025599999999999998,,1.595392
9349,65.43655870181405,19072539365894,1,5.6834043934941292,5.877,5.082368,2.5332,14555,0.001024,0.741632,,0.041215999999999996,0.082176,0,0.06297599999999999,0.007424,0.012032,,0.0025599999999999998,,1.6151039999999999
9350,65.441970897108845,19072539424664,1,5.4121953435242176,5.3297,5.250048,2.6338,14555,0.001024,0.75135999999999992,,0.03456,0.081152,0,0.062464,0.0076799999999999993,0.011264,,0.002304,,1.5984639999999999
9351,65.447467800453509,19072539477961,1,5.4969033226370811,5.2925,5.213696,2.8077,14555,0.001024,0.75135999999999992,,0.03456,0.081152,0,0.062464,0.0076799999999999993,0.011264,,0.002304,,1.5984639999999999
9352,65.4524466978458,19072539530886,1,4.9788975156843662,5.8585,4.676352,2.4992,14555,0.001024,0.74803199999999992,,0.03328,0.083456,0,0.065536,0.010752,0.010496,,0.002304,,1.5946239999999998
9353,65.457461302437636,19072539589471,1,5.0146044231951237,5.4074,4.68864,2.5563,14555,0.001024,0.74649599999999994,,0.03328,0.082176,0,0.063488,0.010496,0.011007999999999999,,0.002304,,1.612032
9354,65.463236798469381,19072539643545,1,5.7754958979785442,4.7975,4.681472,2.4418,14555,0.001024,0.7488,,0.033535999999999996,0.080639999999999989,0.000256,0.06272,0.011007999999999999,0.011776,,0.002304,,1.5948799999999999
9355,65.468536096938777,19072539691520,1,5.29929855838418,5.0905,5.28896,2.3527,14555,0.001024,0.74470399999999992,,0.033024,0.081408,0,0.063744,0.0076799999999999993,0.010752,,0.002304,,1.845248
9356,65.473526098356,19072539742425,1,4.9900012090802193,4.9411,5.267712,2.5591,64973,0.001024,0.736,,0.033024,0.084735999999999992,0,0.066048,0.007424,0.012032,,0.002304,,1.8690559999999998
9357,65.479532100340137,19072539791836,1,6.0060019604861736,6.0719,4.687104,2.5555,14757,0.001024,0.744448,,0.03328,0.0832,0.000256,0.065024,0.0076799999999999993,0.011007999999999999,,0.002304,,1.6166399999999999
9358,65.485147200963709,19072539852555,1,5.6151007302105427,5.339,4.679424,0.8082,14555,0.001024,0.745984,,0.03328,0.079615999999999992,0,0.061952,0.0076799999999999993,0.010752,,0.002304,,1.59616
9359,65.4902339994331,19072539905945,1,5.0867986865341663,6.0511,0.034304,2.4171,14555,0.001024,0.738304,,0.20582399999999998,0.0832,0,0.065024,0.007424,0.014848,,0.002304,,1.5964159999999998
9360,65.495235296201813,19072539966456,1,5.0012967549264431,4.8499,4.836096,2.506,14555,0.001024,0.739072,,0.032768,0.083968,0,0.065792,0.007424,0.013056,,0.002048,,1.615616
9361,65.50096639739229,19072540014955,1,5.7311011478304863,5.5698,4.708608,2.2548,14555,0.001024,0.745984,,0.03328,0.082688,0.000256,0.064256,0.007936,0.010239999999999999,,0.002304,,1.5984639999999999
9362,65.506191298185939,19072540070653,1,5.2249007858335972,4.7216,4.86784,2.2947,14555,0.001024,0.740352,,0.03328,0.086016,0,0.068096,0.003328,0.011519999999999999,,0.002304,,1.614336
9363,65.511953401360543,19072540117869,1,5.7621030136942863,6.2685,4.731904,2.1556,17551,0.001024,0.75980799999999993,,0.033791999999999996,0.082176,0,0.064,0.008192,0.011776,,0.002304,,1.59616
9364,65.51695620039682,19072540180554,1,5.0027989782392979,4.5073,4.723712,2.4867,14555,0.001024,0.74470399999999992,,0.033535999999999996,0.08448,0,0.066048,0.004096,0.011007999999999999,,0.002304,,1.615616
9365,65.522601899092962,19072540225627,1,5.6456988677382469,6.0176,4.689664,2.389,14555,0.001024,0.75008,,0.03328,0.082688,0,0.064512,0.0076799999999999993,0.010752,,0.003072,,1.5930879999999998
9366,65.527919097222224,19072540285803,1,5.3171981126070023,5.4304,4.71808,2.4928,18001,0.001024,0.75008,,0.03328,0.082688,0,0.064512,0.0076799999999999993,0.010752,,0.003072,,1.5930879999999998
9367,65.53285,19072540340107,1,4.9309027381241322,5.3812,4.691968,2.3972,14555,0.001024,0.75059199999999993,,0.03328,0.081664,0,0.063488,0.0076799999999999993,0.010496,,0.002304,,1.6168959999999999
9368,65.5378382015306,19072540393919,1,4.9882014282047749,5.0266,4.71552,2.3691,14555,0.001024,0.737792,,0.03328,0.082688,0.000256,0.064256,0.0076799999999999993,0.012032,,0.002304,,1.617152
9369,65.542727501417232,19072540444185,1,4.8893000930547714,5.3293,4.704768,2.4896,14555,0.001024,0.742912,,0.033024,0.082688,0,0.064767999999999992,0.0076799999999999993,0.011007999999999999,,0.0025599999999999998,,1.59744
9370,65.54768799603174,19072540497478,1,4.9604945816099644,4.797,4.671744,2.2979,14750,0.001024,0.74649599999999994,,0.03328,0.0832,0,0.064767999999999992,0.003328,0.011519999999999999,,0.0025599999999999998,,1.5951359999999999
9371,65.553001395975059,19072540545448,1,5.313399713486433,4.9697,4.677376,2.6331,14555,0.001024,0.74649599999999994,,0.03328,0.0832,0,0.064767999999999992,0.003328,0.011519999999999999,,0.0025599999999999998,,1.5951359999999999
9372,65.5575623015873,19072540595145,1,4.5609055086970329,4.9138,4.694016,2.2986,14555,0.001024,0.7424,,0.03328,0.082688,0,0.064767999999999992,0.0076799999999999993,0.011264,,0.0025599999999999998,,1.593856
9373,65.563072300170063,19072540644283,1,5.5099986493587494,5.6175,4.727808,2.5683,14555,0.0012799999999999999,0.747776,,0.03328,0.085504,0.000256,0.067583999999999991,0.007424,0.011776,,0.0025599999999999998,,1.612544
9374,65.567709502551011,19072540700458,1,4.6372022479772568,4.6454,4.711424,2.0675,14555,0.001024,0.74726399999999993,,0.03328,0.083456,0,0.065279999999999991,0.0076799999999999993,0.010239999999999999,,0.0025599999999999998,,1.5936
9375,65.573194401927438,19072540746912,1,5.4848995059728622,4.5345,4.692992,2.4407,14555,0.001024,0.739328,,0.033024,0.085504,0.000256,0.067328,0.007424,0.012544,,0.002304,,1.617408
9376,65.578313399943312,19072540792257,1,5.1189982332289219,5.3933,4.704512,2.4794,14757,0.001024,0.740864,,0.03328,0.080127999999999991,0,0.061952,0.0076799999999999993,0.011264,,0.002304,,1.615616
9377,65.583762599206352,19072540846190,1,5.4491991177201271,5.4678,4.722944,2.5336,14555,0.001024,0.758784,,0.033535999999999996,0.081664,0.000256,0.062464,0.0084479999999999989,0.011264,,0.002304,,1.593856
9378,65.589280902777773,19072540900868,1,5.5183037184178829,4.7986,4.730112,2.7895,14555,0.001024,0.758272,,0.033535999999999996,0.0832,0,0.064767999999999992,0.007936,0.011007999999999999,,0.0025599999999999998,,1.617408
9379,65.59448599773242,19072540948854,1,5.2050948143005371,5.9444,4.73216,2.4914,14555,0.0012799999999999999,0.758784,,0.033535999999999996,0.080127999999999991,0,0.061695999999999994,0.007936,0.011264,,0.0025599999999999998,,1.59744
9380,65.599872902494326,19072541008298,1,5.386904813349247,5.0393,4.728832,2.8011,14555,0.001024,0.753408,,0.034048,0.082688,0,0.064256,0.007424,0.011776,,0.0025599999999999998,,1.6128
9381,65.605127097505672,19072541058691,1,5.25419507175684,5.6636,4.713472,2.5005,14555,0.001024,0.7552,,0.033535999999999996,0.08448,0,0.066048,0.007936,0.011007999999999999,,0.0025599999999999998,,1.594112
9382,65.610364200680266,19072541115327,1,5.2371029742062092,5.0104,4.7104,2.6536,14555,0.001024,0.75468799999999991,,0.033535999999999996,0.08294399999999999,0.000256,0.064512,0.003584,0.011264,,0.002304,,1.620992
9383,65.616593296485263,19072541165431,1,6.2290956266224384,5.5119,4.70784,2.5107,14555,0.001024,0.74752,,0.033535999999999996,0.080896,0,0.062208,0.003328,0.010239999999999999,,0.0025599999999999998,,1.598976
9384,65.621894501133781,19072541220550,1,5.3012045100331306,5.2408,4.742144,2.7952,14555,0.001024,0.756736,,0.033535999999999996,0.083968,0,0.065792,0.003584,0.011519999999999999,,0.0025599999999999998,,1.6130559999999998
9385,65.627337996031741,19072541272958,1,5.4434947669506073,6.1851,4.739072,2.6409,15170,0.001024,0.750848,,0.033535999999999996,0.085504,0.000256,0.067071999999999993,0.011264,0.010496,,0.002304,,1.616128
9386,65.632709502551023,19072541334809,1,5.3715063259005547,5.3302,4.700416,2.6354,14555,0.001024,0.75238399999999994,,0.033535999999999996,0.080896,0,0.06272,0.003328,0.012032,,0.002304,,1.61792
9387,65.637806901927434,19072541388111,1,5.097399465739727,5.5176,4.725248,2.6049,25005,0.001024,0.741632,,0.03328,0.082176,0,0.063744,0.007424,0.012288,,0.0025599999999999998,,1.61408
9388,65.643361401643986,19072541443287,1,5.5544995702803135,5.2125,4.718336,2.6936,15939,0.001024,0.750336,,0.033791999999999996,0.082431999999999991,0,0.064256,0.007424,0.011776,,0.002304,,1.613568
9389,65.648752600623581,19072541495412,1,5.391199141740799,5.2523,4.701952,2.6841,14555,0.001024,0.75724799999999992,,0.033535999999999996,0.08294399999999999,0,0.064,0.0076799999999999993,0.010496,,0.0025599999999999998,,1.6163839999999998
9390,65.65447300170068,19072541547935,1,5.7204011827707291,5.5685,4.731648,2.6676,14555,0.001024,0.75468799999999991,,0.033535999999999996,0.084735999999999992,0.000256,0.066304,0.007936,0.011519999999999999,,0.002304,,1.6030719999999998
9391,65.659273299319722,19072541603620,1,4.8002977855503559,4.9648,4.686592,2.7047,14555,0.001024,0.74649599999999994,,0.033535999999999996,0.0832,0.000256,0.064767999999999992,0.007936,0.010239999999999999,,0.002304,,1.61024
9392,65.66519739937641,19072541653268,1,5.9241000562906265,6.1847,4.6848,4.3398,17091,0.001024,0.755456,,0.03328,0.0832,0,0.064512,0.003584,0.011776,,0.002304,,1.595392
9393,65.670199000850332,19072541715115,1,5.0016012974083424,4.6289,4.688128,2.4066,16141,0.001024,0.746752,,0.033535999999999996,0.081664,0,0.064256,0.0038399999999999997,0.012544,,0.002304,,1.5964159999999998
9394,65.6757044005102,19072541761404,1,5.5053997784852982,5.2776,4.895232,2.8745,17091,0.001024,0.738304,,0.032768,0.08448,0,0.066304,0.007424,0.010752,,0.002304,,1.5946239999999998
9395,65.681434502551014,19072541814180,1,5.7301018387079239,5.5624,4.69248,2.6852,14757,0.001024,0.74496,,0.03328,0.083456,0,0.065024,0.0076799999999999993,0.010239999999999999,,0.002304,,1.596928
9396,65.686793998015872,19072541869804,1,5.3594955243170261,5.605,4.712192,2.8942,15939,0.001024,0.75315199999999993,,0.03328,0.081919999999999993,0,0.063744,0.007424,0.010239999999999999,,0.0025599999999999998,,1.6128
9397,65.692156597222223,19072541925854,1,5.3625991567969322,5.7778,4.697088,2.8189,17091,0.0012799999999999999,0.74982399999999994,,0.03328,0.0832,0,0.064512,0.009216,0.011264,,0.0025599999999999998,,1.5951359999999999
9398,65.697729896541944,19072541983632,1,5.5732992477715015,5.3874,4.734464,2.8346,15939,0.001024,0.750336,,0.03328,0.084224,0,0.065792,0.0076799999999999993,0.011776,,0.002816,,1.60128
9399,65.7027077026644,19072542037506,1,4.9778060056269169,4.9491,5.169152,2.6807,14750,0.001024,0.746752,,0.03456,0.082431999999999991,0,0.064,0.007424,0.010496,,0.0025599999999999998,,1.596928
9400,65.707880598072563,19072542086997,1,5.1728952676057816,5.1707,4.703488,2.6842,14555,0.001024,0.737024,,0.033024,0.084735999999999992,0,0.06656,0.0076799999999999993,0.011519999999999999,,0.002304,,1.6148479999999998
9401,65.715201899092975,19072542138704,1,7.32130091637373,5.6485,4.690432,2.5193,14555,0.001024,0.74726399999999993,,0.03328,0.07936,0.000256,0.060927999999999996,0.0076799999999999993,0.010239999999999999,,0.0025599999999999998,,1.59616
9402,65.720485501700679,19072542195189,1,5.2836025133728981,5.0324,4.69376,2.7128,17091,0.004096,0.734464,,0.03328,0.081664,0,0.063232,0.0076799999999999993,0.010496,,0.0025599999999999998,,1.5966719999999999
9403,65.725763201530611,19072542245513,1,5.2776997908949852,7.5216,4.701184,2.4389,64973,0.001024,0.74726399999999993,,0.03328,0.082688,0,0.064256,0.0076799999999999993,0.011264,,0.002304,,1.598976
9404,65.731683801020409,19072542320729,1,5.9205996803939342,5.0684,4.7104,2.5731,15939,0.001024,0.75135999999999992,,0.03328,0.080384,0,0.062464,0.007424,0.011264,,0.0025599999999999998,,1.613568
9405,65.7371079010771,19072542371413,1,5.42409997433424,5.2079,4.690944,0.8563,14555,0.001024,0.752896,,0.033024,0.082431999999999991,0,0.064512,0.007424,0.011264,,0.0025599999999999998,,1.61408
9406,65.741943098072554,19072542423492,1,4.8351967707276344,6.441,0.03456,2.4863,21309,0.001024,0.740096,,0.03328,0.086784,0,0.068608,0.003328,0.014591999999999999,,0.002048,,1.61536
9407,65.747240398242624,19072542487902,1,5.2972999401390553,4.5237,4.722176,2.5977,14555,0.001024,0.740096,,0.03328,0.086784,0,0.068608,0.003328,0.014591999999999999,,0.002048,,1.61536
9408,65.75209389880952,19072542533139,1,4.85350051894784,5.6231,4.744448,2.2146,14555,0.001024,0.74752,,0.033024,0.086016,0,0.06784,0.007424,0.011776,,0.002304,,1.6130559999999998
9409,65.757419997165528,19072542589370,1,5.3260982967913151,4.9584,4.731136,2.6053,14555,0.001024,0.74752,,0.033024,0.086016,0,0.06784,0.007424,0.011776,,0.002304,,1.6130559999999998
9410,65.762847498582758,19072542638954,1,5.427501630038023,5.16,4.682496,2.3385,14555,0.001024,0.755968,,0.03328,0.08448,0,0.065792,0.003584,0.012032,,0.002304,,1.610752
9411,65.767966000566886,19072542690554,1,5.1185018382966518,4.9773,4.72576,2.553,14555,0.001024,0.755968,,0.03328,0.08448,0,0.065792,0.003584,0.012032,,0.002304,,1.610752
9412,65.773249397675741,19072542740327,1,5.2833971567451954,5.9104,4.69888,2.3809,14555,0.001024,0.74649599999999994,,0.03328,0.082176,0,0.063488,0.007936,0.010239999999999999,,0.002304,,1.5982079999999999
9413,65.779169097222223,19072542799431,1,5.9196995571255684,4.9634,4.72064,2.5394,14757,0.001024,0.749312,,0.033535999999999996,0.079872,0,0.061952,0.004096,0.010752,,0.002304,,1.61408
9414,65.785066595804992,19072542849065,1,5.8974986895918846,5.1728,4.711424,2.616,14555,0.001024,0.75135999999999992,,0.03328,0.082431999999999991,0,0.063744,0.006144,0.010752,,0.002304,,1.611008
9415,65.790945996315187,19072542900793,1,5.879400297999382,5.7904,4.691712,2.5744,14555,0.001024,0.75135999999999992,,0.03328,0.082431999999999991,0,0.063744,0.006144,0.010752,,0.002304,,1.611008
9416,65.796030399659855,19072542958697,1,5.0844033248722553,6.2318,4.689152,2.4958,14555,0.001024,0.749312,,0.03328,0.081919999999999993,0,0.063232,0.007936,0.011519999999999999,,0.002304,,1.61408
9417,65.801616198979588,19072543021015,1,5.5857994593679905,5.9382,4.702464,2.6847,14555,0.001024,0.751104,,0.03328,0.083712,0,0.065024,0.007424,0.011519999999999999,,0.0025599999999999998,,1.612544
9418,65.807034297052155,19072543080397,1,5.4180980660021305,5.0375,4.700928,2.315,14555,0.001024,0.754176,,0.033535999999999996,0.086528,0,0.068096,0.003328,0.012032,,0.002304,,1.612544
9419,65.812343402777771,19072543130772,1,5.3091058507561684,5.5761,4.708608,2.6532,14555,0.001024,0.759552,,0.033535999999999996,0.081919999999999993,0.000256,0.063744,0.0076799999999999993,0.010752,,0.0025599999999999998,,1.6166399999999999
9420,65.817851098356,19072543186533,1,5.5076954886317253,5.4278,4.710656,2.6277,14555,0.001024,0.753664,,0.03328,0.083712,0,0.065279999999999991,0.0076799999999999993,0.011776,,0.002304,,1.609472
9421,65.8232591978458,19072543240811,1,5.4080993868410587,5.2695,4.686592,2.464,14555,0.001024,0.74368,,0.03328,0.082688,0,0.064512,0.007424,0.012288,,0.002304,,1.617408
9422,65.828436302437638,19072543293506,1,5.1771043799817562,5.3854,4.735232,2.5725,14607,0.001024,0.7552,,0.033535999999999996,0.083456,0,0.065279999999999991,0.007424,0.011519999999999999,,0.002304,,1.6128
9423,65.8331922973356,19072543347360,1,4.7559947706758976,5.6139,4.717568,2.613,14555,0.001024,0.75315199999999993,,0.033535999999999996,0.081664,0,0.063488,0.011264,0.012288,,0.002304,,1.5946239999999998
9424,65.838516000566884,19072543403499,1,5.3237034007906914,4.5634,4.701184,2.5448,14555,0.001024,0.74496,,0.033791999999999996,0.081152,0,0.062464,0.003584,0.011007999999999999,,0.002304,,1.614592
9425,65.843535997732417,19072543449133,1,5.0199972465634346,5.4066,4.706304,2.4506,14555,0.0012799999999999999,0.740864,,0.033535999999999996,0.083456,0,0.065024,0.007936,0.011776,,0.002304,,1.5946239999999998
9426,65.84908589852607,19072543503199,1,5.5499006994068623,4.9269,4.69504,2.8748,14555,0.001024,0.749568,,0.03328,0.080639999999999989,0,0.062464,0.0038399999999999997,0.012032,,0.0025599999999999998,,1.612032
9427,65.853808397108835,19072543552468,1,4.72249835729599,5.2094,4.685056,2.4953,14750,0.001024,0.747776,,0.033024,0.08294399999999999,0,0.064767999999999992,0.0076799999999999993,0.011007999999999999,,0.002304,,1.6128
9428,65.859408801020408,19072543604562,1,5.6004039943218231,4.9313,4.726528,2.6135,14555,0.001024,0.747776,,0.033024,0.08294399999999999,0,0.064767999999999992,0.0076799999999999993,0.011007999999999999,,0.002304,,1.6128
9429,65.86429929846939,19072543653875,1,4.89049730822444,5.3896,4.707072,2.5826,14555,0.001024,0.75135999999999992,,0.033791999999999996,0.080639999999999989,0,0.062464,0.0076799999999999993,0.012288,,0.0025599999999999998,,1.594112
9430,65.870088499149659,19072543707771,1,5.7892007753252983,5.6701,4.7168,3.1076,14555,0.001024,0.75315199999999993,,0.033535999999999996,0.081919999999999993,0,0.064,0.0076799999999999993,0.011776,,0.002304,,1.6117759999999999
9431,65.874927898242632,19072543764472,1,4.8393988981842995,4.9668,4.693504,2.3831,14555,0.001024,0.753664,,0.033791999999999996,0.084224,0,0.066048,0.004096,0.012032,,0.003072,,1.5936
9432,65.8804908021542,19072543814140,1,5.5629038251936436,4.3956,4.732928,2.9644,14757,0.001024,0.74726399999999993,,0.03328,0.083456,0.000256,0.065024,0.009472,0.013824,,0.002304,,1.612544
9433,65.885652196712016,19072543858096,1,5.161394365131855,6.1467,4.699904,2.2917,14555,0.001024,0.748288,,0.033535999999999996,0.08448,0,0.065536,0.003328,0.012032,,0.002048,,1.597696
9434,65.890812599206342,19072543919563,1,5.1604025065898895,4.6755,4.715776,2.7356,14555,0.001024,0.748544,,0.033024,0.082688,0,0.064256,0.0076799999999999993,0.012544,,0.002048,,1.614336
9435,65.896002699829936,19072543966318,1,5.1901005208492279,5.8588,4.714752,2.6667,14555,0.001024,0.75315199999999993,,0.03328,0.0832,0,0.065024,0.003328,0.010752,,0.0025599999999999998,,1.5948799999999999
9436,65.9011704010771,19072544024906,1,5.167701281607151,5.1369,4.697088,2.6671,14555,0.0012799999999999999,0.74496,,0.033535999999999996,0.08294399999999999,0,0.064767999999999992,0.012032,0.011519999999999999,,0.0025599999999999998,,1.596928
9437,65.9064705994898,19072544076275,1,5.3001982159912586,5.2407,4.691456,2.8224,14555,0.001024,0.753408,,0.033791999999999996,0.084992,0.000256,0.06656,0.006912,0.011264,,0.0025599999999999998,,1.5933439999999999
9438,65.911603401360537,19072544128682,1,5.1328018307685852,5.2815,4.700416,2.7852,14555,0.001024,0.758784,,0.033535999999999996,0.082688,0.000256,0.064512,0.0048639999999999994,0.010496,,0.0025599999999999998,,1.5966719999999999
9439,65.9167593962585,19072544181497,1,5.1559950225055218,5.0298,4.749312,2.8884,14555,0.001024,0.75980799999999993,,0.03328,0.084992,0,0.066816,0.0076799999999999993,0.011776,,0.0025599999999999998,,1.5979519999999998
9440,65.921958000283439,19072544231795,1,5.1986039616167545,4.9997,4.708864,2.7667,14555,0.001024,0.754432,,0.033024,0.080639999999999989,0,0.062464,0.007936,0.011776,,0.002304,,1.5982079999999999
9441,65.927130902777776,19072544281792,1,5.1729027181863785,5.2213,4.736,2.7451,14555,0.001024,0.754432,,0.033535999999999996,0.081664,0,0.063232,0.0076799999999999993,0.010496,,0.0025599999999999998,,1.5951359999999999
9442,65.932282199546478,19072544334005,1,5.151296965777874,5.0402,4.73856,2.6151,14555,0.001024,0.753408,,0.033535999999999996,0.08448,0,0.066048,0.0076799999999999993,0.011264,,0.0025599999999999998,,1.618688
9443,65.937134998582764,19072544384407,1,4.8527992330491543,5.7365,4.69248,2.6087,14555,0.001024,0.745216,,0.03328,0.084224,0,0.065792,0.007168,0.010752,,0.002816,,1.597184
9444,65.942338697562349,19072544441772,1,5.2036987617611885,4.6107,4.68992,2.6896,14555,0.0012799999999999999,0.7552,,0.033024,0.080639999999999989,0,0.062464,0.003584,0.011264,,0.0025599999999999998,,1.613568
9445,65.947335600907024,19072544487879,1,4.9969032406806946,5.1727,4.704768,2.6339,14555,0.001024,0.756224,,0.03328,0.083968,0,0.065792,0.007936,0.011007999999999999,,0.002304,,1.5999999999999999
9446,65.95269939767573,19072544539606,1,5.3637968376278877,4.8327,4.703488,2.9386,14555,0.0012799999999999999,0.741632,,0.033024,0.082176,0,0.064,0.007424,0.011519999999999999,,0.002304,,1.5951359999999999
9447,65.957918098072554,19072544587933,1,5.2187005057930946,5.3734,4.689664,2.3746,14555,0.001024,0.751872,,0.033535999999999996,0.08448,0,0.066048,0.007936,0.010496,,0.002304,,1.5933439999999999
9448,65.963258701814055,19072544641667,1,5.3406036458909512,4.9286,4.733952,2.7852,14555,0.001024,0.747008,,0.033535999999999996,0.08294399999999999,0,0.064512,0.003584,0.011264,,0.002304,,1.617664
9449,65.968268601190474,19072544690953,1,5.0098993815481663,5.5894,4.927744,2.5753,14555,0.001024,0.74803199999999992,,0.03328,0.322816,0,0.304384,0.007424,0.012032,,0.002304,,1.614592
9450,65.973711401643982,19072544746847,1,5.4428004659712315,5.3893,4.681984,3.0163,14555,0.0012799999999999999,0.744448,,0.03328,0.081919999999999993,0,0.063744,0.0076799999999999993,0.011776,,0.0025599999999999998,,1.61536
9451,65.978742899659863,19072544800740,1,5.0314981490373611,4.9833,4.684032,2.6337,65175,0.001024,0.74982399999999994,,0.03328,0.081664,0,0.06297599999999999,0.0076799999999999993,0.011264,,0.002816,,1.599488
9452,65.985003996598635,19072544850573,1,6.2610968016088009,5.5449,4.709888,2.4969,14555,0.001024,0.74649599999999994,,0.033535999999999996,0.083712,0.000256,0.065792,0.0076799999999999993,0.012032,,0.0025599999999999998,,1.594368
9453,65.990698901644,19072544906022,1,5.6949048303067684,5.0125,4.752896,0.7897,14555,0.001024,0.756992,,0.03328,0.084735999999999992,0,0.06656,0.007936,0.010752,,0.0025599999999999998,,1.5964159999999998
9454,65.995677699829926,19072544956147,1,4.97879832983017,6.4442,0.03456,2.5542,14555,0.001024,0.74316799999999994,,0.19916799999999998,0.08524799999999999,0,0.066816,0.007168,0.012544,,0.002304,,1.594112
9455,66.001109899376416,19072545020589,1,5.4321996867656708,4.7314,4.701952,2.7172,14555,0.001024,0.73983999999999994,,0.033024,0.086784,0,0.068352,0.005376,0.012544,,0.002304,,1.613824
9456,66.00695009920635,19072545067903,1,5.8401999995112419,5.9778,4.687104,2.5391,14750,0.001024,0.75059199999999993,,0.033535999999999996,0.081919999999999993,0,0.063744,0.0076799999999999993,0.010239999999999999,,0.0025599999999999998,,1.5966719999999999
9457,66.0120628968254,19072545127681,1,5.112797487527132,4.8543,4.743168,2.7628,17551,0.001024,0.75724799999999992,,0.034048,0.079872,0,0.062208,0.006144,0.012288,,0.0025599999999999998,,1.61024
9458,66.0172169005102,19072545176224,1,5.1540038548409939,6.1193,4.738816,2.7061,14555,0.001024,0.75903999999999994,,0.033535999999999996,0.083968,0,0.065536,0.0076799999999999993,0.011776,,0.002304,,1.5951359999999999
9459,66.022072002551013,19072545237417,1,4.8551019281148911,4.9701,4.726016,2.6737,14555,0.001024,0.749312,,0.03328,0.083968,0,0.065792,0.0076799999999999993,0.012032,,0.002304,,1.598976
9460,66.027247902494324,19072545287118,1,5.1758997142314911,4.9377,4.743424,2.6047,14555,0.001024,0.756992,,0.03328,0.086016,0,0.067328,0.011264,0.010496,,0.002816,,1.594112
9461,66.033474298469386,19072545336495,1,6.2263961881399155,5.2175,4.715008,3.4533,18053,0.001024,0.745728,,0.033535999999999996,0.084992,0.000256,0.066304,0.003584,0.011264,,0.002304,,1.613568
9462,66.038357397959174,19072545388670,1,4.8830993473529816,5.447,4.717312,2.3059,14555,0.001024,0.756736,,0.033791999999999996,0.083712,0,0.065792,0.0076799999999999993,0.010496,,0.0025599999999999998,,1.5966719999999999
9463,66.043675800736963,19072545443140,1,5.3184027783572674,4.6539,4.684032,2.5349,14555,0.001024,0.739072,,0.03328,0.084224,0,0.06656,0.007424,0.013824,,0.002304,,1.613568
9464,66.0487512967687,19072545489679,1,5.0754961557686329,6.4656,4.685568,2.3985,14555,0.001024,0.748544,,0.03328,0.084992,0,0.06656,0.008192,0.011264,,0.0025599999999999998,,1.593856
9465,66.053963598356,19072545554335,1,5.2123013883829117,5.2008,4.716288,2.6176,14555,0.001024,0.745216,,0.03328,0.083968,0.000256,0.065279999999999991,0.007424,0.011007999999999999,,0.0025599999999999998,,1.6033279999999999
9466,66.059170698696136,19072545606343,1,5.2071004174649715,5.1381,4.724224,2.3854,14555,0.001024,0.75903999999999994,,0.033535999999999996,0.08448,0,0.066048,0.0076799999999999993,0.010496,,0.0025599999999999998,,1.612544
9467,66.064631398809524,19072545657724,1,5.4607000201940536,4.7296,4.754432,2.6028,14555,0.001024,0.75903999999999994,,0.033535999999999996,0.08448,0,0.066048,0.0076799999999999993,0.010496,,0.0025599999999999998,,1.612544
9468,66.0693919005102,19072545705020,1,4.7605019062757492,5.6535,4.737792,2.4556,14555,0.0012799999999999999,0.7488,,0.033535999999999996,0.082176,0,0.064,0.0076799999999999993,0.012032,,0.002304,,1.5979519999999998
9469,66.0745741000567,19072545761555,1,5.1821996457874775,5.5435,4.708352,2.4618,14555,0.001024,0.751104,,0.033791999999999996,0.082688,0,0.064512,0.0076799999999999993,0.009984,,0.003072,,1.59616
9470,66.079985898526076,19072545816990,1,5.4117986001074314,4.764,4.713216,2.4291,14757,0.001024,0.751104,,0.033791999999999996,0.082688,0,0.064512,0.0076799999999999993,0.009984,,0.003072,,1.59616
9471,66.084984098639453,19072545864630,1,4.9982001073658466,4.6926,4.698112,2.4149,14555,0.001024,0.7488,,0.033535999999999996,0.082431999999999991,0,0.064767999999999992,0.0097279999999999988,0.011007999999999999,,0.002304,,1.614592
9472,66.0900431972789,19072545911556,1,5.0590988248586655,5.5499,4.707584,2.291,14555,0.001024,0.749312,,0.03328,0.083968,0,0.065279999999999991,0.011007999999999999,0.010496,,0.002304,,1.611264
9473,66.095490901360535,19072545967055,1,5.447703879326582,5.1947,4.716544,2.3518,14555,0.0012799999999999999,0.748288,,0.033535999999999996,0.083968,0,0.066304,0.007936,0.010752,,0.0025599999999999998,,1.61536
9474,66.100388895975058,19072546019002,1,4.8979944549500942,4.9805,4.709376,2.3988,14555,0.001024,0.754432,,0.033535999999999996,0.083456,0.000256,0.065536,0.0076799999999999993,0.010239999999999999,,0.002816,,1.596928
9475,66.105899596088435,19072546068807,1,5.5106999352574348,5.048,4.717056,2.4966,14555,0.001024,0.758272,,0.033535999999999996,0.080896,0.000256,0.06272,0.006144,0.011007999999999999,,0.0025599999999999998,,1.6097279999999998
9476,66.112151700680272,19072546119287,1,6.2521044164896011,5.5458,4.942848,2.4481,14555,0.001024,0.7488,,0.03328,0.07936,0.000256,0.061183999999999995,0.0048639999999999994,0.011007999999999999,,0.0025599999999999998,,1.59744
9477,66.117582001133783,19072546174745,1,5.4303002543747425,4.8054,6.221568,2.6093,14555,0.0012799999999999999,0.737792,,0.034304,0.084224,0,0.065792,0.007424,0.011776,,0.002304,,1.8472959999999998
9478,66.1229508999433,19072546222799,1,5.3688986226916313,5.3697,5.32864,2.6374,14555,0.001024,0.754944,,0.034048,0.0832,0,0.065024,0.0038399999999999997,0.011776,,0.002304,,1.8705919999999998
9479,66.128489299886624,19072546276496,1,5.5383997969329357,6.501,5.002496,2.5743,14555,0.001024,0.754944,,0.034048,0.0832,0,0.065024,0.0038399999999999997,0.011776,,0.002304,,1.8705919999999998
9480,66.133855902777782,19072546341506,1,5.3666029125452042,5.7302,5.21856,2.5204,14555,0.001024,0.74905599999999994,,0.033791999999999996,0.086272,0,0.067583999999999991,0.005632,0.010496,,0.002304,,1.8508799999999999
9481,66.1393091978458,19072546398808,1,5.453295074403286,5.4837,5.202688,2.6366,14555,0.001024,0.75008,,0.033535999999999996,0.082688,0,0.064,0.0038399999999999997,0.012032,,0.0025599999999999998,,1.8432
9482,66.144823299319725,19072546453645,1,5.5141015909612179,4.834,5.447424,2.542,14555,0.001024,0.74214399999999991,,0.033024,0.081919999999999993,0,0.064,0.011264,0.010496,,0.0025599999999999998,,1.8506239999999998
9483,66.150203195861678,19072546501985,1,5.3798966109752655,5.6481,5.409024,2.5293,14555,0.0012799999999999999,0.733184,,0.033024,0.083968,0.000256,0.066048,0.003584,0.011776,,0.002304,,1.8711039999999999
9484,66.155670897108834,19072546558466,1,5.4677012376487255,5.6728,5.236992,2.4277,14555,0.001024,0.7424,,0.03328,0.081664,0,0.063488,0.0038399999999999997,0.011519999999999999,,0.002304,,1.860096
9485,66.160881498015868,19072546615194,1,5.2106007933616638,5.0496,5.376512,2.5454,14750,0.001024,0.73062399999999994,,0.034048,0.08524799999999999,0,0.066304,0.0076799999999999993,0.011519999999999999,,0.002304,,1.8488319999999998
9486,66.166535501700679,19072546665690,1,5.6540034711360931,5.3154,4.872448,2.684,14555,0.0012799999999999999,0.737792,,0.033024,0.08448,0,0.066816,0.007424,0.015104,,0.002304,,1.61536
9487,66.172793501984131,19072546718844,1,6.2580001540482044,5.8608,4.86528,2.8348,14555,0.001024,0.74547199999999991,,0.033024,0.08524799999999999,0.000256,0.066816,0.012032,0.011776,,0.002304,,1.594112
9488,66.1785012967687,19072546777452,1,5.7077948004007339,5.6344,5.05728,2.8178,14757,0.001024,0.757504,,0.033535999999999996,0.0832,0,0.064767999999999992,0.008192,0.011264,,0.002816,,1.610496
9489,66.184086096938771,19072546833796,1,5.5848001502454281,6.3282,5.203968,2.6764,14555,0.0012799999999999999,0.75238399999999994,,0.034048,0.08448,0,0.066304,0.0038399999999999997,0.012032,,0.0025599999999999998,,1.869824
9490,66.190085898526078,19072546897078,1,5.9998016804456711,5.3737,5.270784,2.8094,14555,0.001024,0.74649599999999994,,0.033535999999999996,0.08294399999999999,0,0.064767999999999992,0.003584,0.010752,,0.002304,,1.8593279999999999
9491,66.195990901360545,19072546950815,1,5.9050028212368488,5.9226,5.362944,2.7377,14555,0.001024,0.754176,,0.033791999999999996,0.081408,0.000256,0.06297599999999999,0.003328,0.011007999999999999,,0.002816,,2.096896
9492,66.201907298752829,19072547010041,1,5.9163975529372692,5.3806,5.246464,2.9432,14555,0.001024,0.750848,,0.033791999999999996,0.0832,0,0.064512,0.0076799999999999993,0.010496,,0.002304,,1.863168
9493,66.2076169005102,19072547063847,1,5.709601566195488,6.5511,5.229056,2.6165,14555,0.001024,0.745728,,0.03328,0.083968,0,0.065536,0.007936,0.011264,,0.002304,,1.831424
9494,66.213286500850344,19072547129358,1,5.6696003302931786,5.7573,5.25184,2.9463,14555,0.001024,0.744192,,0.033024,0.082176,0.000256,0.064,0.0038399999999999997,0.012032,,0.0025599999999999998,,1.829632
9495,66.218727799036273,19072547186931,1,5.4412982426583767,5.5112,5.368832,2.8311,14555,0.001024,0.73727999999999994,,0.033535999999999996,0.081152,0.000256,0.06297599999999999,0.007936,0.012032,,0.0025599999999999998,,1.992448
9496,66.224849496882086,19072547242043,1,6.121697835624218,5.4669,5.21856,2.7425,14555,0.001024,0.745216,,0.03328,0.08448,0.000256,0.066304,0.0076799999999999993,0.011519999999999999,,0.0025599999999999998,,1.837056
9497,66.23022549603175,19072547296712,1,5.3759990260005,5.7548,5.029632,2.6076,65113,0.001024,0.750336,,0.03328,0.084224,0.000256,0.065792,0.003584,0.010496,,0.002304,,1.764608
9498,66.237023696145116,19072547354260,1,6.7982003092765808,6.0083,5.23392,2.6632,14607,0.001024,0.741632,,0.033535999999999996,0.080384,0.000256,0.062208,0.0076799999999999993,0.010496,,0.002304,,1.872128
9499,66.2427172973356,19072547414343,1,5.6936009787023067,5.3361,5.370624,0.7689,14555,0.001024,0.752896,,0.03328,0.082688,0,0.064512,0.007936,0.011776,,0.002304,,1.8693119999999999
