observation_frame,unscaled_time,frame_timing_timestamp,segment,"frame_interval_ms","cpu_frame_ms","gpu_frame_ms","cpu_render_thread_ms","gc_allocated_in_editor_frame_bytes","VSM.LayoutRemap_gpu_ms","VSM.Allocate_gpu_ms","VSM.InvalidateStatic_gpu_ms","VSM.ClearPhysicalPages_gpu_ms","VSM.StaticCasterCull_gpu_ms","VSM.DynamicCasterCull_gpu_ms","VSM.PageCull_gpu_ms","VSM.StaticRaster_gpu_ms","VSM.DynamicRaster_gpu_ms","VSM.UnityCompatibilityRaster_gpu_ms","VSM.FinalizePages_gpu_ms","VSM.ResetFeedback_gpu_ms","VSM.ResolveAndFeedback_gpu_ms"
10213,71.305063300736961,19072598002675,1,7.0292023010551929,6.5345,6.59328,0.7796,14607,0.001024,3.288576,,0.033535999999999996,0.164096,0,0.142592,0.004352,0.009984,,0.003072,,1.070336
10214,71.311505399659865,19072598068020,1,6.4420988783240318,7.7387,0.034816,2.8361,14555,0.001024,3.2368639999999997,,0.03456,0.149504,0,0.12953599999999998,0.0076799999999999993,0.010496,,0.0025599999999999998,,1.083648
10215,71.3181554988662,19072598145407,1,6.6500990651547909,5.1667,6.42432,3.0768,14555,0.001024,3.090432,,0.033535999999999996,0.152576,0,0.132352,0.003584,0.011264,,0.002816,,1.065728
10216,71.324572300170061,19072598197074,1,6.4168013632297516,7.3201,6.545664,3.251,14555,0.001024,3.2296959999999997,,0.03328,0.155136,0.000256,0.135424,0.0076799999999999993,0.0097279999999999988,,0.002816,,1.06752
10217,71.331091496598631,19072598270275,1,6.519196555018425,6.1064,6.475008,2.6244,14555,0.001024,3.1808,,0.033791999999999996,0.154112,0,0.133888,0.0076799999999999993,0.012288,,0.002304,,1.067264
10218,71.33774919926303,19072598331339,1,6.657702848315239,6.7454,6.499584,3.1788,14555,0.001024,3.177984,,0.033535999999999996,0.155136,0.000256,0.13568,0.007424,0.011007999999999999,,0.002816,,1.066752
10219,71.3443875,19072598398793,1,6.6383006051182747,5.7928,6.639872,2.5203,14555,0.001024,3.28448,,0.034048,0.15872,0,0.13824,0.011776,0.011264,,0.0025599999999999998,,1.064192
10220,71.350866298185935,19072598456721,1,6.4787981100380421,7.8382,6.614016,2.7282,14555,0.001024,3.288576,,0.033535999999999996,0.152576,0,0.132608,0.010752,0.010496,,0.002304,,1.067264
10221,71.357381299603176,19072598535103,1,6.51500141248107,6.2086,6.455296,2.4802,14555,0.001024,3.101184,,0.033791999999999996,0.159744,0,0.13952,0.0097279999999999988,0.011007999999999999,,0.0025599999999999998,,1.083904
10222,71.363866801303857,19072598597189,1,6.4855017699301243,6.3162,6.419456,3.0838,14555,0.001024,3.105024,,0.033535999999999996,0.157184,0,0.13747199999999998,0.0076799999999999993,0.010239999999999999,,0.0025599999999999998,,1.065472
10223,71.370450800736961,19072598660351,1,6.5839993767440319,6.3888,6.532096,3.0599,14555,0.0012799999999999999,3.2368639999999997,,0.033535999999999996,0.157696,0.000256,0.137728,0.007936,0.010752,,0.002304,,1.061888
10224,71.376815001417228,19072598724239,1,6.3642007298767567,7.5633,6.563072,3.2366,14555,0.001024,3.2043519999999996,,0.034048,0.15795199999999998,0,0.137728,0.0038399999999999997,0.010239999999999999,,0.002304,,1.070592
10225,71.383455498866212,19072598799872,1,6.6404975950717926,5.854,6.338304,2.8162,14757,0.001024,3.0960639999999997,,0.034304,0.161792,0,0.140544,0.0076799999999999993,0.011264,,0.002304,,1.0728959999999998
10226,71.390900396825387,19072598858412,1,7.4448981322348118,6.235,6.509568,2.7134,14555,0.001024,3.1715839999999997,,0.033535999999999996,0.157696,0,0.137728,0.011519999999999999,0.012032,,0.0025599999999999998,,1.068544
10227,71.397851502267571,19072598920762,1,6.9511053152382374,6.3997,7.538176,2.8932,14555,0.001024,3.08736,,0.033791999999999996,0.16127999999999998,0,0.141312,0.006656,0.011776,,0.002304,,1.3204479999999998
10228,71.405095500283437,19072598984759,1,7.2439978830516338,7.4817,6.863616,3.6356,14555,0.001024,3.09376,,0.043008,0.159488,0,0.13952,0.003072,0.009984,,0.0025599999999999998,,1.0662399999999999
10229,71.412198398526073,19072599059576,1,7.1028983220458031,6.6445,7.295488,3.0929,14555,0.001024,3.27296,,0.034816,0.156672,0,0.136704,0.003328,0.010239999999999999,,0.0025599999999999998,,1.311232
10230,71.419220202664391,19072599126021,1,7.0218043401837349,7.5633,7.07712,3.0608,14555,0.001024,3.22944,,0.034048,0.163072,0,0.142592,0.0038399999999999997,0.010496,,0.002304,,1.331712
10231,71.4265998015873,19072599201654,1,7.3795989155769348,6.9696,7.008,2.4813,14750,0.001024,3.090176,,0.035328,0.155392,0,0.13568,0.0038399999999999997,0.011007999999999999,,0.002304,,1.2469759999999999
10232,71.433874100056684,19072599271350,1,7.2742984630167484,6.5558,7.266816,2.8811,14555,0.001024,3.288576,,0.034816,0.159744,0,0.140032,0.0038399999999999997,0.011519999999999999,,0.002304,,1.2400639999999998
10233,71.4417350977891,19072599336908,1,7.8609976917505264,8.0249,7.258624,2.826,14555,0.001024,3.176192,,0.03456,0.15129599999999999,0.000256,0.131584,0.0076799999999999993,0.010752,,0.002304,,1.414912
10234,71.448780399659867,19072599417157,1,7.0453020744025707,6.7038,7.917568,3.0243,14555,0.001024,3.268096,,0.03328,0.153856,0,0.1344,0.008192,0.011264,,0.002304,,1.702656
10235,71.456167701247168,19072599484195,1,7.3873014189302921,7.5557,7.029504,3.0454,14555,0.001024,3.24096,,0.036608,0.161024,0,0.139264,0.0076799999999999993,0.010239999999999999,,0.002816,,1.068544
10236,71.463423802437646,19072599559752,1,7.2561013512313366,7.5265,7.364096,2.7383,14555,0.001024,3.2834559999999997,,0.035328,0.162816,0,0.14336,0.0076799999999999993,0.012032,,0.0025599999999999998,,1.425408
10237,71.470312996031737,19072599635017,1,6.8891937844455242,6.4048,7.23584,3.1015,14555,0.001024,3.2319999999999998,,0.03328,0.396288,0,0.140032,0.005376,0.011264,,0.002304,,1.23648
10238,71.47773759920635,19072599699065,1,7.4246032163500786,8.553,6.87488,3.3483,14555,0.001024,3.203328,,0.039424,0.16,0,0.13977599999999998,0.003328,0.010496,,0.002304,,1.0680319999999999
10239,71.485061302437643,19072599784595,1,7.32370326295495,7.4879,7.397376,3.895,14757,0.001536,3.1897599999999997,,0.03456,0.159744,0,0.13952,0.003072,0.010752,,0.002816,,1.312768
10240,71.492087202380944,19072599859474,1,7.0258998312056065,6.5704,7.2,2.9583,14555,0.001024,3.168768,,0.033791999999999996,0.166656,0,0.145152,0.0038399999999999997,0.011264,,0.002304,,1.3642239999999999
10241,71.499225297619049,19072599925178,1,7.1380953304469585,7.2068,7.01952,3.2073,14555,0.001024,3.236608,,0.03456,0.154368,0,0.133632,0.003584,0.011519999999999999,,0.0025599999999999998,,1.0680319999999999
10242,71.506183397108842,19072599997246,1,6.9580995477736,7.7488,7.192064,2.6279,14607,0.001024,3.194368,,0.035072,0.158976,0,0.137728,0.005376,0.012032,,0.002304,,1.08928
10243,71.513409502551013,19072600074734,1,7.2261053137481213,6.4187,6.934784,2.5884,14555,0.001024,3.0863359999999997,,0.034048,0.154112,0.000256,0.133888,0.0076799999999999993,0.012032,,0.0025599999999999998,,1.3304319999999998
10244,71.5206577026644,19072600138921,1,7.2482000105082989,7.669,7.21152,2.5492,14555,0.001024,3.289088,,0.034816,0.15923199999999998,0,0.139264,0.007424,0.011264,,0.0025599999999999998,,1.0846719999999999
10245,71.52798560090703,19072600215611,1,7.3278984054923058,6.1966,7.2192,3.0939,14555,0.001024,3.272704,,0.039424,0.158208,0.000256,0.13747199999999998,0.0076799999999999993,0.011776,,0.002304,,1.0695679999999999
10246,71.535242800453517,19072600277577,1,7.2571993805468082,7.6989,7.307264,3.0698,14555,0.001024,3.229952,,0.034816,0.297216,0,0.13286399999999998,0.0048639999999999994,0.011264,,0.002304,,1.336832
10247,71.54230909863945,19072600354566,1,7.0662982761859894,6.5829,7.238912,2.6763,75531,0.001024,3.2852479999999997,,0.033535999999999996,0.394752,0,0.140032,0.0051199999999999996,0.012544,,0.002304,,1.52832
10248,71.549425,19072600420395,1,7.1159014478325844,8.2208,7.048192,2.7684,14555,0.001024,3.2865279999999997,,0.041984,0.15231999999999998,0,0.132096,0.003328,0.011264,,0.002304,,1.090048
10249,71.557784297052152,19072600502603,1,8.3592971786856651,6.7276,7.096576,0.8312,14555,0.001024,3.1777279999999997,,0.044288,0.158208,0.000256,0.13824,0.007424,0.010752,,0.0025599999999999998,,1.06368
10250,71.564877501417229,19072600569879,1,7.0932041853666306,8.226,0.041472,2.9356,17551,0.001024,3.280128,,0.034304,0.152832,0,0.132608,0.007936,0.011264,,0.002304,,1.4981119999999999
10251,71.572389200680263,19072600652139,1,7.5116991065442562,6.4655,7.032576,2.7256,14555,0.001024,3.2688639999999998,,0.035584,0.16127999999999998,0,0.140288,0.007424,0.011264,,0.0025599999999999998,,1.087488
10252,71.579560097789113,19072600716794,1,7.170896977186203,8.1029,7.567104,2.8288,18398,0.0012799999999999999,3.281408,,0.034304,0.154368,0,0.1344,0.003328,0.011007999999999999,,0.002816,,1.3422079999999998
10253,71.586419600340136,19072600797823,1,6.8595027551054955,7.0978,7.15264,3.5456,14555,0.001024,3.196672,,0.033791999999999996,0.155904,0,0.134912,0.0038399999999999997,0.010496,,0.002304,,1.07008
10254,71.593405102040819,19072600868801,1,6.9855018518865108,8.0639,6.831872,3.3043,14555,0.001024,3.1715839999999997,,0.035584,0.164608,0,0.143872,0.003328,0.010239999999999999,,0.002304,,1.068288
10255,71.6004792020975,19072600949440,1,7.0740999653935432,6.7579,6.96192,2.6355,14555,0.001024,3.089152,,0.039936,0.157184,0,0.13696,0.009216,0.011519999999999999,,0.002048,,1.08416
10256,71.607589498299319,19072601017019,1,7.1102962829172611,6.4111,7.058176,3.0781,14555,0.001024,3.265024,,0.034048,0.160512,0,0.140544,0.0076799999999999993,0.010496,,0.002304,,1.3304319999999998
10257,71.615049199263041,19072601081130,1,7.4597010388970375,7.2959,7.082752,2.767,14555,0.001024,3.2895999999999996,,0.039424,0.15692799999999998,0,0.134912,0.011519999999999999,0.011776,,0.002304,,1.082368
10258,71.622130399659866,19072601154089,1,7.0812003687024117,7.3291,7.224064,2.4891,14555,0.001024,3.2704,,0.036864,0.163072,0,0.142336,0.003584,0.011264,,0.0025599999999999998,,1.248
10259,71.629179499716557,19072601227380,1,7.0491000078618526,6.632,7.053312,2.7391,14555,0.001024,3.2834559999999997,,0.034816,0.152832,0,0.13286399999999998,0.0038399999999999997,0.011776,,0.0025599999999999998,,1.0795519999999998
10260,71.63602050028345,19072601293700,1,6.841000635176897,7.41,7.02208,2.9921,14555,0.001024,3.095296,,0.03584,0.158464,0.000256,0.137728,0.0038399999999999997,0.011519999999999999,,0.002304,,1.2608
10261,71.643295096371872,19072601367800,1,7.2745960205793381,6.5656,6.821632,2.9131,14555,0.001024,3.289344,,0.035584,0.161024,0.000256,0.13952,0.007424,0.010496,,0.0025599999999999998,,1.088768
10262,71.6501830994898,19072601433456,1,6.8880030885338783,7.4168,7.174912,2.9327,14555,0.001024,3.179776,,0.038655999999999996,0.158976,0,0.139008,0.003328,0.011264,,0.002304,,1.0828799999999998
10263,71.657185402494335,19072601507624,1,7.0023029111325741,6.8606,6.937856,3.0002,14555,0.0012799999999999999,3.2829439999999996,,0.039168,0.158464,0,0.137984,0.003328,0.010496,,0.002304,,1.067264
10264,71.664438499149654,19072601576230,1,7.25309643894434,7.6742,6.990336,3.2668,14555,0.001024,3.187712,,0.034048,0.164352,0,0.14336,0.003584,0.011264,,0.0025599999999999998,,1.331456
10265,71.6713169005102,19072601652972,1,6.8784011527895927,7.4113,7.163136,2.6202,14555,0.001024,3.27168,,0.042496,0.156672,0,0.135424,0.003328,0.011007999999999999,,0.0025599999999999998,,1.063168
10266,71.678240398242622,19072601727085,1,6.9234976544976234,6.7481,6.9248,3.3587,14555,0.001024,3.172096,,0.040959999999999996,0.16486399999999998,0,0.14438399999999998,0.003328,0.011776,,0.002304,,1.065728
10267,71.685522902494327,19072601794566,1,7.2825043462216854,7.3497,6.907648,2.8769,14757,0.001024,3.0863359999999997,,0.037632,0.161024,0,0.141312,0.0076799999999999993,0.011264,,0.002304,,1.326336
10268,71.6925830994898,19072601868063,1,7.0601971819996834,6.725,7.207936,3.0369,14555,0.001024,3.1808,,0.033535999999999996,0.162816,0,0.142848,0.007936,0.011007999999999999,,0.002304,,1.3404159999999998
10269,71.69959929846938,19072601935313,1,7.0161991752684116,6.862,7.080704,2.922,14555,0.001024,3.27168,,0.039424,0.156416,0,0.136192,0.003584,0.009984,,0.0025599999999999998,,1.085696
10270,71.706594600340139,19072602003933,1,6.9953016936779022,6.8344,6.923264,2.7322,14607,0.001024,3.1685119999999998,,0.03456,0.163328,0,0.14310399999999998,0.003328,0.011519999999999999,,0.002304,,1.081088
10271,71.713799199263036,19072602072277,1,7.2045987471938133,7.4354,7.058944,2.6001,14555,0.001024,3.1710719999999997,,0.033791999999999996,0.15462399999999998,0,0.134656,0.007424,0.010752,,0.0025599999999999998,,1.346048
10272,71.720981101190475,19072602146631,1,7.1819019503891468,7.0399,7.174912,2.9139,14555,0.001024,3.2719359999999997,,0.035584,0.154368,0,0.1344,0.003072,0.011264,,0.0025599999999999998,,1.244928
10273,71.727981200396826,19072602217030,1,7.0000994019210339,6.6655,7.091712,2.6753999999999998,14555,0.0012799999999999999,3.2412159999999997,,0.035328,0.15795199999999998,0.000256,0.13696,0.003328,0.011007999999999999,,0.002304,,1.083392
10274,71.735503401360546,19072602283685,1,7.5222011655569077,7.5517,7.049984,3.142,14750,0.001024,3.174144,,0.038655999999999996,0.15001599999999998,0,0.129792,0.007936,0.011519999999999999,,0.0025599999999999998,,1.33632
10275,71.742001197562359,19072602359202,1,6.4977961592376232,7.0322,7.112704,2.8322,14555,0.001024,3.292928,,0.18688,0.163072,0,0.13696,0.003584,0.012288,,0.002048,,1.2587519999999999
10276,71.7489213010204,19072602429524,1,6.9201034493744373,7.1043,6.547968,3.1766,14555,0.001024,3.178752,,0.034048,0.16153599999999999,0,0.139008,0.0076799999999999993,0.010239999999999999,,0.0025599999999999998,,1.067264
10277,71.756040596655325,19072602500567,1,7.1192956529557705,7.3288,6.89664,3.1002,14555,0.001024,3.272704,,0.033791999999999996,0.15744,0,0.13696,0.007936,0.010496,,0.002304,,1.408256
10278,71.763007497165532,19072602573855,1,6.9669005461037159,6.7614,7.089152,3.0795,14555,0.001024,3.266048,,0.033791999999999996,0.158464,0,0.138752,0.003328,0.011264,,0.002816,,1.32352
10279,71.769778996598632,19072602641469,1,6.771499291062355,6.7763,6.861312,2.9329,14555,0.001024,3.193856,,0.035584,0.1536,0.000256,0.131584,0.0076799999999999993,0.011519999999999999,,0.0025599999999999998,,1.067264
10280,71.776474900793644,19072602709232,1,6.695904303342104,7.6632999999999996,6.835456,2.692,14555,0.001024,3.271168,,0.034304,0.15462399999999998,0,0.134912,0.006912,0.011519999999999999,,0.002304,,1.0698239999999999
10281,71.783210799319718,19072602785865,1,6.7358985543251038,6.9096,6.586368,2.5448,14757,0.001024,3.241472,,0.033791999999999996,0.153856,0,0.134656,0.0051199999999999996,0.010752,,0.0025599999999999998,,1.06752
10282,71.7900593962585,19072602854961,1,6.8485969677567482,6.6874,6.720768,2.6458,14555,0.001024,3.2350719999999997,,0.03328,0.158208,0,0.13824,0.003584,0.011519999999999999,,0.0025599999999999998,,1.066752
10283,71.796609297052157,19072602921835,1,6.5499008633196354,6.8004,6.831872,2.5597,75531,0.001024,3.2883199999999997,,0.03968,0.159488,0.000256,0.13952,0.0076799999999999993,0.011007999999999999,,0.002304,,1.084416
10284,71.803343700396823,19072602989839,1,6.7344033159315586,6.0832,6.551552,2.5351,14555,0.001024,3.224064,,0.03328,0.16255999999999998,0.000256,0.142848,0.007936,0.011007999999999999,,0.002304,,1.0846719999999999
10285,71.8101957979025,19072603050671,1,6.8520973436534405,6.8528,6.768128,0.8952,14555,0.0025599999999999998,3.283712,,0.03328,0.157696,0.000256,0.137984,0.007936,0.011776,,0.002304,,1.064192
10286,71.817019196428575,19072603119199,1,6.8233986385166645,7.9121,0.034048,2.8844,14555,0.001024,3.2363519999999997,,0.033024,0.160768,0,0.141568,0.00896,0.010239999999999999,,0.002304,,1.069056
10287,71.8236082979025,19072603198320,1,6.5891016274690628,5.3475,6.715136,2.8647,14555,0.001024,3.272192,,0.034048,0.154368,0,0.13414399999999999,0.004352,0.011264,,0.002304,,1.0713599999999999
10288,71.8300503968254,19072603251795,1,6.4420988783240318,7.0147,6.638592,2.8522,14555,0.001024,3.240704,,0.033024,0.15462399999999998,0,0.134912,0.007936,0.012032,,0.002304,,1.069312
10289,71.83656029620181,19072603321942,1,6.5098991617560387,6.6098,6.412544,2.5797,14555,0.001024,3.095808,,0.033535999999999996,0.155904,0,0.13644799999999999,0.0076799999999999993,0.011519999999999999,,0.002304,,1.0831359999999999
10290,71.8430133999433,19072603388040,1,6.4531038515269756,6.1414,6.505216,2.7808,14555,0.001024,3.186432,,0.03328,0.15795199999999998,0,0.13849599999999998,0.003584,0.010752,,0.0025599999999999998,,1.0879999999999999
10291,71.849618700396817,19072603449454,1,6.6053005866706371,6.558,6.419712,2.9579,14555,0.001024,3.091712,,0.033535999999999996,0.15462399999999998,0,0.134912,0.003328,0.011007999999999999,,0.002304,,1.068544
10292,71.856350099206352,19072603515034,1,6.7313988693058491,6.8353,6.603264,2.9204,14555,0.0012799999999999999,3.17056,,0.034048,0.164352,0,0.14438399999999998,0.003584,0.010239999999999999,,0.002304,,1.065984
10293,71.862804698129253,19072603583387,1,6.4545990899205208,6.7029,6.625024,2.9236,14555,0.001024,3.278336,,0.03328,0.155392,0,0.13568,0.003584,0.010496,,0.002304,,1.06496
10294,71.869457199546488,19072603650416,1,6.6525014117360115,6.8178,6.513664,3.0514,14555,0.001024,3.234048,,0.033024,0.15488,0,0.13414399999999999,0.0076799999999999993,0.011519999999999999,,0.002304,,1.06496
10295,71.876082397959181,19072603718594,1,6.6251982934772968,6.436,6.626304,2.7339,14555,0.001024,3.285504,,0.033791999999999996,0.162816,0,0.141056,0.0084479999999999989,0.012032,,0.002048,,1.085184
10296,71.882614498299318,19072603782954,1,6.53210049495101,6.3163,6.599168,2.7994,14757,0.001024,3.2430079999999997,,0.033791999999999996,0.158464,0,0.13824,0.008192,0.011519999999999999,,0.0025599999999999998,,1.0662399999999999
10297,71.8891086026077,19072603846117,1,6.4941043965518475,6.7108,6.522112,2.7875,14750,0.001024,3.2017919999999997,,0.03328,0.158976,0,0.139008,0.0076799999999999993,0.010239999999999999,,0.002304,,1.07008
10298,71.8954375,19072603913225,1,6.328897550702095,7.4226,6.3872,2.6462,14555,0.001024,3.0978559999999997,,0.03328,0.15231999999999998,0,0.132352,0.0038399999999999997,0.010752,,0.0025599999999999998,,1.068544
10299,71.90223920068027,19072603987451,1,6.8017006851732731,5.6365,6.3936,2.8605,14555,0.001024,3.0942719999999997,,0.033535999999999996,0.15103999999999998,0,0.131584,0.003328,0.009984,,0.002816,,1.0664959999999999
10300,71.9089508999433,19072604043816,1,6.7116990685462952,6.6846,6.773248,2.8246,14607,0.001024,3.297792,,0.034816,0.153856,0,0.133888,0.003072,0.012032,,0.0025599999999999998,,1.064448
10301,71.915497101757367,19072604110662,1,6.5462016500532627,6.3692,6.61632,2.6839,14555,0.001024,3.279616,,0.033791999999999996,0.16358399999999998,0,0.141312,0.003584,0.012288,,0.002304,,1.0680319999999999
10302,71.922159502551011,19072604174354,1,6.6624009050428867,6.7104,6.60608,2.7827,14555,0.001024,3.2785919999999997,,0.033791999999999996,0.152832,0,0.132608,0.0076799999999999993,0.010752,,0.0025599999999999998,,1.064448
10303,71.928714498299314,19072604241458,1,6.5549956634640694,6.9379,6.551808,3.0583,14555,0.001024,3.1818239999999998,,0.033535999999999996,0.14899199999999999,0,0.12928,0.003584,0.012032,,0.002304,,1.062144
10304,71.93534779620181,19072604310837,1,6.6332980059087276,6.5572,6.622208,2.9684,14555,0.001024,3.2895999999999996,,0.033535999999999996,0.152064,0,0.132352,0.007168,0.010752,,0.0025599999999999998,,1.0662399999999999
10305,71.942037797619051,19072604376409,1,6.6900015808641911,6.8448,6.605312,3.0609,14555,0.001024,3.2750079999999997,,0.03328,0.16486399999999998,0,0.145152,0.003584,0.012288,,0.0025599999999999998,,1.0680319999999999
10306,71.9488498015873,19072604444857,1,6.8120039068162441,6.3444,6.67008,2.5207,14555,0.001024,3.175424,,0.032768,0.16127999999999998,0,0.140544,0.006912,0.011264,,0.0025599999999999998,,1.069056
10307,71.955646400226755,19072604508301,1,6.7965984344482422,6.4644,6.78144,2.957,14555,0.001024,3.2345599999999997,,0.033791999999999996,0.160768,0,0.141056,0.00896,0.010239999999999999,,0.002304,,1.0664959999999999
10308,71.962499999999991,19072604572945,1,6.8535995669662952,7.3107,6.780672,2.7468,14555,0.001024,3.28448,,0.03328,0.156672,0,0.136704,0.0076799999999999993,0.010752,,0.0025599999999999998,,1.063936
10309,71.969132397959186,19072604646052,1,6.6323978826403618,6.2578,6.835968,2.8461,14555,0.001024,3.089664,,0.03456,0.152576,0.000256,0.132352,0.007424,0.011776,,0.0025599999999999998,,1.08544
10310,71.975647399376413,19072604708630,1,6.51500141248107,6.7062,6.621696,3.1166,14555,0.0012799999999999999,3.270912,,0.03328,0.160512,0,0.140544,0.005376,0.010239999999999999,,0.0025599999999999998,,1.067264
10311,71.982320096371879,19072604775692,1,6.6726971417665482,6.7238,6.491392,2.6833,16877,0.001024,3.234304,,0.034048,0.165376,0,0.14464,0.003584,0.010752,,0.002304,,1.065472
10312,71.988807596371885,19072604842930,1,6.4874999225139618,6.5313,6.541056,3.1691,14555,0.001024,3.1897599999999997,,0.033535999999999996,0.16486399999999998,0,0.14540799999999998,0.007936,0.011264,,0.0025599999999999998,,1.0680319999999999
10313,71.995536196145125,19072604908243,1,6.7285997793078423,7.3276,6.564608,2.956,14555,0.001024,3.2865279999999997,,0.033791999999999996,0.160768,0,0.13977599999999998,0.004608,0.011776,,0.002304,,1.06752
10314,72.00235219671201,19072604981519,1,6.8160006776452065,6.2846,6.6944,2.5512,14555,0.001024,3.100672,,0.03584,0.15795199999999998,0,0.13747199999999998,0.0076799999999999993,0.010239999999999999,,0.002816,,1.0864639999999999
10315,72.009424298469384,19072605044365,1,7.0721018128097057,5.9395,6.736896,2.9544,14555,0.0012799999999999999,3.2678399999999996,,0.033535999999999996,0.158464,0,0.138752,0.0038399999999999997,0.012288,,0.0025599999999999998,,1.0662399999999999
10316,72.016989200680271,19072605103760,1,7.5649023056030273,7.6455,7.108352,2.7663,14555,0.001024,3.2803839999999997,,0.039168,0.16588799999999998,0,0.143616,0.0076799999999999993,0.011264,,0.0025599999999999998,,1.067008
10317,72.023890398242628,19072605180215,1,6.9011976011097431,6.8516,7.5456,2.9147,14555,0.001024,3.23712,,0.042496,0.15462399999999998,0,0.134912,0.004096,0.010752,,0.002304,,1.339392
10318,72.031093296485253,19072605248731,1,7.2028981521725655,7.0719,6.779904,3.2962,14555,0.001024,3.192576,,0.03328,0.152832,0,0.133632,0.008192,0.012288,,0.0025599999999999998,,1.065728
10319,72.0381582979025,19072605319450,1,7.0650014095008373,7.8198,7.202816,2.8426,14555,0.0012799999999999999,3.277056,,0.034816,0.152832,0,0.13286399999999998,0.003328,0.012032,,0.002304,,1.228288
10320,72.045224496882085,19072605397648,1,7.0661990903317928,7.0254,7.12192,2.9516,14750,0.001024,3.2652799999999997,,0.034816,0.152576,0,0.132608,0.007936,0.010752,,0.002304,,1.064448
10321,72.052438895975058,19072605467902,1,7.214399054646492,7.1446,6.976512,2.8075,76223,0.001024,3.272192,,0.03968,0.154112,0.000256,0.13312,0.003328,0.010496,,0.0025599999999999998,,1.06496
10322,72.060318296485264,19072605539348,1,7.8794006258249283,6.635,7.258624,3.0865,14555,0.001024,3.296512,,0.033024,0.16,0,0.140288,0.008192,0.009984,,0.0025599999999999998,,1.331456
10323,72.068920096371883,19072605605698,1,8.6017996072769165,7.5296,6.852096,0.8466,17551,0.001024,3.081984,,0.043264,0.161024,0,0.141056,0.0048639999999999994,0.011776,,0.002816,,1.064448
10324,72.0758459963152,19072605680994,1,6.9259000010788441,8.8665,0.034048,3.4833,14555,0.001024,3.27168,,0.033535999999999996,0.161792,0.000256,0.141824,0.011007999999999999,0.010239999999999999,,0.0025599999999999998,,1.3207039999999999
10325,72.082792998866211,19072605769659,1,6.9470023736357689,6.1656,6.826752,2.9384,18203,0.001024,3.17184,,0.035584,0.165376,0,0.14438399999999998,0.003328,0.012032,,0.002048,,1.065984
10326,72.089735600907034,19072605831315,1,6.9426018744707108,8.3661,6.997504,2.8521,14555,0.001024,3.238912,,0.034304,0.155392,0,0.13568,0.009216,0.011519999999999999,,0.002304,,1.065472
10327,72.096899496882088,19072605914976,1,7.1638957597315311,7.1141,6.815744,2.8706,14555,0.001024,3.093248,,0.040192,0.15231999999999998,0,0.132608,0.003072,0.011007999999999999,,0.0025599999999999998,,1.069056
10328,72.1039288973923,19072605986117,1,7.029400672763586,7.1171,7.252224,3.0249,14555,0.001024,3.1692799999999997,,0.039936,0.159744,0,0.13952,0.0076799999999999993,0.010496,,0.0025599999999999998,,1.371392
10329,72.111141099773235,19072606057288,1,7.2122025303542614,6.6815,6.984192,2.6087,14607,0.001024,3.234304,,0.038911999999999995,0.158976,0,0.136192,0.003328,0.011007999999999999,,0.002304,,1.087232
10330,72.118165695861677,19072606124103,1,7.0245959796011448,6.6397,6.936832,2.7728,14555,0.001024,3.1777279999999997,,0.034816,0.15872,0,0.138752,0.003328,0.011264,,0.002816,,1.3455359999999998
10331,72.12509929846938,19072606190500,1,6.9336025044322014,7.1724,7.016192,2.7723,14555,0.001024,3.233024,,0.03328,0.16127999999999998,0,0.141312,0.007424,0.010752,,0.002304,,1.220608
10332,72.132347796201813,19072606262224,1,7.2484975680708885,7.7098,6.829824,3.1344,14555,0.001024,3.280896,,0.03456,0.155904,0.000256,0.13568,0.003072,0.010496,,0.0025599999999999998,,1.065216
10333,72.139574900793647,19072606339322,1,7.2271046228706837,6.6105,7.293184,2.9017,14555,0.001024,3.17568,,0.034048,0.162816,0,0.142848,0.011264,0.012032,,0.0025599999999999998,,1.42336
10334,72.146725800736959,19072606405427,1,7.1509000845253468,7.3003,7.205632,2.7736,14555,0.001024,3.292416,,0.033535999999999996,0.155136,0.000256,0.135424,0.0076799999999999993,0.011264,,0.0025599999999999998,,1.344512
10335,72.154057001133779,19072606478430,1,7.3312004096806049,6.6128,7.139328,2.5404,14555,0.001024,3.2829439999999996,,0.040704,0.16,0.000256,0.140032,0.003584,0.011519999999999999,,0.0025599999999999998,,1.0828799999999998
10336,72.1612920989229,19072606544558,1,7.235097698867321,7.2379,7.067136,2.7554,14555,0.001024,3.2870399999999997,,0.039424,0.152064,0,0.132096,0.0076799999999999993,0.011776,,0.002304,,1.085952
10337,72.168444699546484,19072606616937,1,7.1526006795465946,6.8461,7.19872,3.092,14555,0.001024,3.1808,,0.035584,0.154112,0.000256,0.133632,0.0038399999999999997,0.010752,,0.0025599999999999998,,1.326848
10338,72.175309502551016,19072606685398,1,6.8648029118776321,8.7997,7.131904,3.2565,14555,0.001024,3.28576,,0.033791999999999996,0.16255999999999998,0,0.14310399999999998,0.0038399999999999997,0.010496,,0.002304,,1.318656
10339,72.182609098639446,19072606773395,1,7.2995959781110287,6.0457,6.74816,3.3183,14757,0.001024,3.222528,,0.036864,0.162304,0.000256,0.14079999999999998,0.0048639999999999994,0.011776,,0.002304,,1.068288
10340,72.18988349631519,19072606833852,1,7.274397648870945,6.9158,7.3664,3.1996,14555,0.001024,3.27168,,0.038655999999999996,0.158208,0,0.13849599999999998,0.007424,0.010752,,0.0025599999999999998,,1.2336639999999999
10341,72.19702809665533,19072606903010,1,7.14460015296936,8.0274,7.183616,2.8054,14750,0.001024,3.268608,,0.033535999999999996,0.152832,0.000256,0.13312,0.011264,0.011007999999999999,,0.0025599999999999998,,1.344768
10342,72.204144196428572,19072606983284,1,7.1160998195409775,6.2028,7.187712,2.7619,14555,0.001024,3.2832,,0.034816,0.158208,0.000256,0.137728,0.0076799999999999993,0.010496,,0.0025599999999999998,,1.061888
10343,72.2112882015306,19072607045312,1,7.1440050378441811,7.9734,7.020544,3.048,14555,0.001024,3.2755199999999998,,0.034816,0.156672,0,0.13644799999999999,0.003328,0.012032,,0.0025599999999999998,,1.0698239999999999
10344,72.218470202664392,19072607125046,1,7.1820011362433434,6.8652,7.205888,2.8504,14555,0.001024,3.291136,,0.035328,0.15616,0,0.136192,0.003584,0.010496,,0.0025599999999999998,,1.2485119999999998
10345,72.225540802154185,19072607193698,1,7.070599589496851,6.987,7.16544,2.8294,14555,0.0012799999999999999,3.271168,,0.034048,0.16,0,0.140544,0.010239999999999999,0.011776,,0.002816,,1.3524479999999999
10346,72.232480796485262,19072607263568,1,6.9399941712617874,6.7702,7.053312,2.7918,14555,0.001024,3.266048,,0.036351999999999995,0.162304,0,0.14207999999999998,0.0076799999999999993,0.010752,,0.002816,,1.0831359999999999
10347,72.239456398809523,19072607331270,1,6.9756023585796356,7.0045,6.919168,2.6988,14555,0.001024,3.1777279999999997,,0.035072,0.152064,0,0.132352,0.0076799999999999993,0.010239999999999999,,0.002304,,1.0846719999999999
10348,72.246716595804983,19072607401315,1,7.2601968422532082,7.1606,6.953984,2.9592,14555,0.0012799999999999999,3.0996479999999997,,0.033791999999999996,0.161792,0,0.14207999999999998,0.007936,0.010496,,0.0025599999999999998,,1.316096
10349,72.2538628968254,19072607472921,1,7.1463012136518955,6.9562,7.248896,2.8636,14555,0.001024,3.284224,,0.034816,0.152832,0,0.132352,0.007936,0.010496,,0.0025599999999999998,,1.080576
10350,72.2613593962585,19072607542483,1,7.4964994564652443,7.3154,7.011584,3.0144,14555,0.001024,3.202048,,0.034816,0.157696,0,0.13696,0.007424,0.011519999999999999,,0.002304,,1.084928
10351,72.268228195861681,19072607615637,1,6.8687996827065945,6.8739,7.584768,2.8794,14555,0.001024,3.2714239999999997,,0.038911999999999995,0.162816,0,0.14310399999999998,0.0076799999999999993,0.011264,,0.0025599999999999998,,1.44896
10352,72.275569501133788,19072607684376,1,7.3413052596151829,7.251,6.757376,3.1863,14555,0.001024,3.179008,,0.033791999999999996,0.149504,0,0.12928,0.0038399999999999997,0.010496,,0.0025599999999999998,,1.063168
10353,72.282479499716544,19072607756886,1,6.9099985994398594,7.7567,7.416832,2.9602,14757,0.001024,3.28064,,0.035584,0.156672,0,0.135424,0.0076799999999999993,0.010239999999999999,,0.0025599999999999998,,1.0816
10354,72.289376502267572,19072607834453,1,6.8970024585723877,6.7572,6.902784,2.8578,20339,0.001024,3.1936,,0.03584,0.16486399999999998,0,0.143616,0.003072,0.010752,,0.0025599999999999998,,1.0662399999999999
10355,72.296693098072566,19072607902025,1,7.3165958747267723,7.0854,6.875392,3.1836,14555,0.001024,3.180288,,0.039424,0.16358399999999998,0.000256,0.141312,0.007936,0.012032,,0.002304,,1.0688
10356,72.3037718962585,19072607972879,1,7.078798022121191,7.1856,7.29088,2.637,76223,0.001024,3.2332799999999997,,0.190464,0.16486399999999998,0.000256,0.141568,0.0076799999999999993,0.011264,,0.002304,,1.341696
10357,72.311352402210886,19072608044735,1,7.5805061496794224,6.618,7.050496,2.952,14607,0.001024,3.2678399999999996,,0.039168,0.16127999999999998,0,0.140544,0.0076799999999999993,0.012032,,0.0025599999999999998,,1.087232
10358,72.318609998582758,19072608110915,1,7.2575965896248817,7.5484,7.417344,0.9275,14555,0.0012799999999999999,3.2931839999999997,,0.03968,0.17152,0.000256,0.14668799999999999,0.007936,0.012288,,0.002304,,1.418752
10359,72.326093998015864,19072608186399,1,7.4839992448687553,8.6405,0.034816,3.2928,14555,0.001024,3.094528,,0.03328,0.15564799999999998,0,0.135424,0.007424,0.011264,,0.0025599999999999998,,1.242368
10360,72.333107001133783,19072608272804,1,7.0130033418536186,6.3349,7.469824,3.1769,20484,0.001024,3.2906239999999998,,0.040448,0.16255999999999998,0.000256,0.140288,0.007424,0.011519999999999999,,0.002304,,1.071616
10361,72.340136600056681,19072608336153,1,7.0295990444719791,7.2068,6.988288,3.0687,14555,0.001024,3.1902719999999998,,0.035328,0.16588799999999998,0.000256,0.14438399999999998,0.003584,0.011264,,0.0025599999999999998,,1.067776
10362,72.347137996031748,19072608408221,1,7.0013958029448986,7.4657,7.00928,2.8717,14555,0.001024,3.0899199999999998,,0.034304,0.157184,0,0.137216,0.0038399999999999997,0.010752,,0.0025599999999999998,,1.322496
10363,72.353824496882083,19072608482878,1,6.6865007393062115,6.7958,6.966528,2.8619,14750,0.001024,3.2284159999999997,,0.04224,0.156672,0,0.13696,0.003584,0.011519999999999999,,0.002304,,1.062144
10364,72.36053979591837,19072608550836,1,6.7152990959584713,7.1765,6.536448,3.5056,14555,0.001024,3.2384,,0.03328,0.162304,0,0.142336,0.0038399999999999997,0.010752,,0.002304,,1.06752
10365,72.36816549744897,19072608622601,1,7.6257013715803623,7.3031,6.524928,2.8551,14555,0.0012799999999999999,3.1884799999999998,,0.033791999999999996,0.15616,0,0.136192,0.007936,0.011776,,0.002816,,1.07008
10366,72.374964101473921,19072608695632,1,6.7986040376126766,6.7299,7.59936,2.8007,14555,0.001024,3.273984,,0.038911999999999995,0.167424,0,0.145152,0.003072,0.010496,,0.002304,,1.606912
10367,72.3818116000567,19072608762931,1,6.8474984727799892,6.3881,6.7776,2.5852,28353,0.001024,3.170304,,0.033791999999999996,0.150528,0,0.130816,0.0076799999999999993,0.011519999999999999,,0.002304,,1.062656
10368,72.388454301303852,19072608826812,1,6.6427011042833328,7.7409,6.821376,2.8193,14555,0.001024,3.228672,,0.03712,0.16025599999999998,0,0.140288,0.003072,0.011519999999999999,,0.0025599999999999998,,1.084416
10369,72.395244699546481,19072608904221,1,6.79039815440774,6.4755,6.62784,2.977,14555,0.001024,3.2732159999999997,,0.03328,0.158976,0,0.139264,0.0038399999999999997,0.010752,,0.0025599999999999998,,1.0680319999999999
10370,72.40227859977324,19072608968976,1,7.0339003577828407,7.0565,6.77248,3.4541,14555,0.001024,3.276032,,0.03328,0.15872,0,0.138752,0.0076799999999999993,0.010752,,0.0025599999999999998,,1.065216
10371,72.409570698696143,19072609039541,1,7.2920988313853741,6.9871,7.022336,2.6464,14555,0.001024,3.248128,,0.034048,0.15872,0,0.13849599999999998,0.008192,0.012288,,0.002304,,1.358592
10372,72.417061196145127,19072609109412,1,7.4904975481331348,6.2622,7.256576,2.9757,14555,0.001024,3.169024,,0.035072,0.158464,0,0.13644799999999999,0.003584,0.010239999999999999,,0.002304,,1.25056
10373,72.424073901644,19072609172034,1,7.0127053186297417,6.8501,7.465984,2.6508,14555,0.001024,3.2332799999999997,,0.039168,0.159744,0,0.13952,0.008704,0.011007999999999999,,0.0025599999999999998,,1.504
10374,72.430960196995457,19072609240535,1,6.8862955085933208,7.4485,6.99008,2.4876,14555,0.001024,3.2363519999999997,,0.033791999999999996,0.162304,0.000256,0.142336,0.003584,0.011264,,0.002304,,1.245952
10375,72.4379707979025,19072609315020,1,7.010600995272398,7.4859,6.8544,2.6954,14555,0.001024,3.280128,,0.040192,0.149504,0,0.12953599999999998,0.007424,0.011519999999999999,,0.0025599999999999998,,1.082112
10376,72.445014101473916,19072609389879,1,7.0433034561574459,6.7474,6.993408,2.9378,14555,0.001024,3.225088,,0.035328,0.160512,0,0.140032,0.007424,0.011519999999999999,,0.0025599999999999998,,1.065216
10377,72.452078302154192,19072609457353,1,7.064200472086668,7.3248,7.012864,2.7963,14555,0.001024,3.2688639999999998,,0.03456,0.15923199999999998,0,0.137984,0.007936,0.011264,,0.002304,,1.316352
10378,72.459210700113374,19072609530601,1,7.1323979645967484,6.8056,7.053568,2.8382,14555,0.001024,3.2967679999999997,,0.035072,0.16153599999999999,0,0.141568,0.003328,0.011519999999999999,,0.0025599999999999998,,1.0879999999999999
10379,72.466854698129254,19072609598657,1,7.643998134881258,6.3384,7.12576,3.0723,32126,0.001024,3.1697919999999997,,0.034816,0.15616,0.000256,0.13644799999999999,0.003072,0.011007999999999999,,0.0025599999999999998,,1.268992
10380,72.474432298752831,19072609662041,1,7.5776004232466221,7.6877,7.609344,2.9476,28940,0.001024,3.270656,,0.035584,0.16588799999999998,0,0.144128,0.004096,0.011264,,0.002304,,1.087232
10381,72.48156099773243,19072609738918,1,7.1286987513303757,7.1356,7.554304,2.9269,20617,0.001024,3.194368,,0.03712,0.163072,0.000256,0.139008,0.009472,0.013824,,0.002816,,1.082624
10382,72.4887709963152,19072609810274,1,7.2099985554814339,8.1105,7.12576,3.3027,73985,0.001024,3.1808,,0.040192,0.15923199999999998,0,0.13952,0.003328,0.011776,,0.002304,,1.229824
10383,72.496072597789109,19072609891379,1,7.3016015812754631,7.1523,7.183872,3.0547,14555,0.001024,3.2883199999999997,,0.03328,0.152832,0,0.13286399999999998,0.008192,0.011264,,0.002304,,1.3373439999999999
10384,72.502948001700673,19072609962902,1,6.8754036910831928,7.2925,7.130624,3.7181,46511,0.001024,3.2954879999999998,,0.034304,0.1664,0.000256,0.14464,0.007936,0.010496,,0.002816,,1.310976
10385,72.5101214994331,19072610035827,1,7.1734976954758167,6.7763,7.010048,2.9829,14750,0.001024,3.1777279999999997,,0.042496,0.158208,0,0.137728,0.003328,0.011264,,0.002304,,1.065728
10386,72.516986096938766,19072610103590,1,6.8645975552499294,7.6716,7.152896,2.3669,14607,0.001024,3.2332799999999997,,0.03968,0.16,0,0.13952,0.003584,0.010239999999999999,,0.002304,,1.24928
10387,72.524066198979583,19072610180306,1,7.0801018737256527,6.1244,6.849792,2.369,14555,0.001024,3.236096,,0.033791999999999996,0.150528,0.000256,0.131328,0.003584,0.011264,,0.002304,,1.087232
10388,72.531083198696138,19072610241550,1,7.0169996470212936,7.5933,7.058688,2.4783,14555,0.001024,3.2363519999999997,,0.035072,0.160768,0,0.140544,0.0076799999999999993,0.010752,,0.0025599999999999998,,1.0828799999999998
10389,72.538568700396823,19072610317483,1,7.48550146818161,6.9124,6.99776,3.6517,14555,0.001024,3.229952,,0.03456,0.159744,0,0.140032,0.0076799999999999993,0.011264,,0.002304,,1.065728
10390,72.545703500566887,19072610386607,1,7.134800311177969,7.138,7.46496,2.6966,14555,0.001024,3.181568,,0.042752,0.156416,0.000256,0.135936,0.007424,0.011519999999999999,,0.0025599999999999998,,1.341952
10391,72.55277210175737,19072610457987,1,7.0686009712517262,6.7172,7.108352,2.7147,14555,0.001024,3.278336,,0.034048,0.15692799999999998,0,0.13696,0.007936,0.010496,,0.0025599999999999998,,1.2620799999999999
10392,72.560209800170071,19072610525159,1,7.4376985430717468,7.5365,7.043584,2.9391,76223,0.001024,3.172096,,0.040448,0.162048,0,0.140288,0.007936,0.010752,,0.0025599999999999998,,1.078784
10393,72.5674218962585,19072610600524,1,7.2120958939194679,7.5024,7.428864,2.5388,17551,0.001024,3.284224,,0.039936,0.16025599999999998,0,0.13952,0.0076799999999999993,0.010496,,0.002048,,1.2536319999999999
10394,72.574311600056689,19072610675548,1,6.8897036835551262,6.6115,7.173888,0.9176,14555,0.001024,3.271168,,0.034304,0.159488,0.000256,0.13747199999999998,0.007936,0.012032,,0.002304,,1.329664
10395,72.5818554988662,19072610741663,1,7.5438986532390118,8.9934,0.044032,2.6928,14757,0.001024,3.237632,,0.034304,0.15923199999999998,0,0.139008,0.007936,0.009984,,0.002816,,1.082368
10396,72.588953798185941,19072610831597,1,7.0982994511723518,6.2212,7.524864,2.8617,18001,0.001024,3.1813119999999997,,0.03584,0.15872,0,0.137216,0.003328,0.011007999999999999,,0.002304,,1.24416
10397,72.596209297052155,19072610893809,1,7.25549878552556,6.7076,7.079424,2.7685,14555,0.001024,3.289088,,0.034048,0.16127999999999998,0.000256,0.140544,0.004352,0.011007999999999999,,0.002304,,1.3504
10398,72.603348696145119,19072610960885,1,7.13939918205142,7.0535,7.206912,3.2283,14555,0.0012799999999999999,3.2701439999999997,,0.039936,0.165376,0,0.143872,0.004352,0.011007999999999999,,0.002304,,1.2503039999999999
10399,72.610532199546483,19072611031420,1,7.1835033595561981,7.5436,7.134976,2.871,14555,0.001024,3.2785919999999997,,0.042752,0.16512,0,0.144128,0.0076799999999999993,0.012288,,0.002048,,1.08416
10400,72.618106200396824,19072611106856,1,7.5740008614957333,7.3196,7.168,2.7636,14555,0.001024,3.290368,,0.039424,0.156672,0,0.13516799999999998,0.003328,0.010752,,0.0025599999999999998,,1.088768
10401,72.624791397392286,19072611180052,1,6.68519688770175,7.2366,7.561728,3.5368,14555,0.258304,3.1733759999999998,,0.03584,0.162816,0,0.141824,0.003584,0.010239999999999999,,0.002304,,1.336064
10402,72.632039902210877,19072611252418,1,7.2485050186514854,6.8348,6.604032,3.0912,14555,0.001024,3.092736,,0.035328,0.1664,0,0.144896,0.003328,0.011519999999999999,,0.002304,,1.065984
10403,72.639255902777776,19072611320766,1,7.2160004638135433,8.0277,7.302144,2.3107,14555,0.001024,3.2852479999999997,,0.035072,0.166656,0,0.14464,0.003072,0.011264,,0.0025599999999999998,,1.0879999999999999
10404,72.646520500283444,19072611401043,1,7.2645973414182663,6.3914,7.101184,3.0018,14555,0.0012799999999999999,3.277312,,0.03456,0.164608,0.000256,0.14310399999999998,0.003584,0.010239999999999999,,0.002304,,1.343744
10405,72.653455399659862,19072611464957,1,6.9348993711173534,7.003,7.22816,2.9945,14555,0.001024,3.091968,,0.03968,0.16255999999999998,0.000256,0.140544,0.003328,0.011519999999999999,,0.002304,,1.2334079999999998
10406,72.661007100340129,19072611534987,1,7.5517008081078529,7.9781,7.00672,3.0241,14750,0.001024,3.1744,,0.03456,0.159744,0,0.13977599999999998,0.0076799999999999993,0.011776,,0.0025599999999999998,,1.063424
10407,72.668230102040809,19072611614768,1,7.2230016812682152,7.302,7.543808,3.0675,14555,0.001024,3.2750079999999997,,0.034304,0.15564799999999998,0,0.134912,0.003328,0.011264,,0.0025599999999999998,,1.339648
10408,72.675336196145125,19072611687788,1,7.1060941554605961,6.596,7.188224,2.7572,14555,0.001024,3.273472,,0.033535999999999996,0.16127999999999998,0.000256,0.141568,0.003584,0.010496,,0.002816,,1.3404159999999998
10409,72.682259601757366,19072611753748,1,6.9234054535627365,7.3764,6.996224,2.5771,14757,0.001024,3.28064,,0.035072,0.157696,0,0.13516799999999998,0.003328,0.012032,,0.0025599999999999998,,1.085696
10410,72.689312698412692,19072611827512,1,7.053096778690815,8.1738,7.006976,2.8143,14555,0.0012799999999999999,3.231232,,0.034816,0.15334399999999998,0,0.133888,0.003584,0.011776,,0.0025599999999999998,,1.083904
10411,72.6966672973356,19072611909250,1,7.3545989580452442,6.3398,7.020544,3.0158,14555,0.001024,3.1915519999999997,,0.034048,0.150272,0,0.130304,0.007936,0.010239999999999999,,0.0025599999999999998,,1.327872
10412,72.703650496031742,19072611972648,1,6.9831986911594868,6.8676,7.288064,2.9566,14555,0.001024,3.287552,,0.036095999999999996,0.16025599999999998,0.000256,0.137984,0.003328,0.011264,,0.002816,,1.252352
10413,72.711088102324254,19072612041324,1,7.43760634213686,7.1204,7.021312,2.9273,14555,0.001024,3.2683519999999997,,0.035072,0.164608,0,0.14438399999999998,0.003328,0.012032,,0.002304,,1.084416
10414,72.718404301303849,19072612112528,1,7.3161991313099861,7.1157,7.413504,3.1147,14607,0.001024,3.192064,,0.03456,0.156416,0.000256,0.135936,0.003072,0.012032,,0.0025599999999999998,,1.3391359999999999
10415,72.725519501133789,19072612183685,1,7.1151996962726116,7.0223,7.292928,3.6053,14555,0.001024,3.2901119999999997,,0.034048,0.157184,0,0.13747199999999998,0.0097279999999999988,0.010496,,0.0025599999999999998,,1.318144
10416,72.732600999149653,19072612253908,1,7.0814979262650013,7.5746,7.09248,3.3391,14555,0.001024,3.16416,,0.20710399999999998,0.162304,0,0.142336,0.0076799999999999993,0.011776,,0.0025599999999999998,,1.0664959999999999
10417,72.739966099773241,19072612329654,1,7.3651005513966084,7.3805,6.971904,2.751,14555,0.001024,3.194368,,0.0384,0.155392,0,0.135424,0.003328,0.010239999999999999,,0.002816,,1.0662399999999999
10418,72.747244097222222,19072612403459,1,7.2779976762831211,7.3364,7.437056,3.1075,14555,0.001024,3.29472,,0.035328,0.158976,0,0.138752,0.005632,0.011007999999999999,,0.0025599999999999998,,1.393408
10419,72.753791496598637,19072612476823,1,6.5473993308842182,7.3948,7.249408,2.4466,14555,0.001024,3.2803839999999997,,0.035072,0.162816,0,0.14207999999999998,0.003328,0.010496,,0.002304,,1.254144
10420,72.760475701530609,19072612550771,1,6.6842050291597843,6.468,6.531584,3.0399,14555,0.001024,3.173632,,0.033535999999999996,0.155392,0,0.135424,0.003584,0.011264,,0.0025599999999999998,,1.067008
10421,72.767210799319727,19072612615451,1,6.7350976169109344,7.706,6.55872,2.8611,14555,0.001024,3.237888,,0.03328,0.15001599999999998,0.000256,0.129792,0.007168,0.011007999999999999,,0.0025599999999999998,,1.088512
10422,72.774063598356008,19072612692511,1,6.8527990952134132,6.0133,6.82496,2.9898,14555,0.001024,3.292928,,0.033535999999999996,0.164096,0.000256,0.14464,0.0076799999999999993,0.011519999999999999,,0.0025599999999999998,,1.2620799999999999
10423,72.781195500283445,19072612752644,1,7.1319020353257656,7.5149,6.833664,3.1571,14757,0.001024,3.233024,,0.033535999999999996,0.15744,0,0.137984,0.011776,0.010496,,0.0025599999999999998,,1.3324799999999999
10424,72.7878408021542,19072612827793,1,6.6453018225729465,6.5829,7.117056,3.1924,14555,0.001024,3.235584,,0.034816,0.15923199999999998,0,0.137984,0.003328,0.011776,,0.002304,,1.065216
10425,72.794383000283446,19072612893622,1,6.5421983599662781,7.1926,6.608128,2.288,14555,0.001024,3.2839679999999998,,0.033791999999999996,0.16255999999999998,0,0.14079999999999998,0.003328,0.010752,,0.002304,,1.083904
10426,72.801185296201808,19072612965548,1,6.8022958002984524,6.8332,6.527488,2.6706,14555,0.001024,3.184128,,0.03328,0.150528,0,0.13055999999999998,0.003584,0.010496,,0.0025599999999999998,,1.069312
10427,72.8077463010204,19072613033880,1,6.5610050223767757,6.5223,6.785536,2.5035,14555,0.001024,3.292928,,0.04224,0.153088,0.000256,0.133632,0.007424,0.011007999999999999,,0.0025599999999999998,,1.085952
10428,72.814379301303859,19072613099103,1,6.633000448346138,6.4961,6.510336,2.472,76418,0.001024,3.187456,,0.033535999999999996,0.154112,0.000256,0.13516799999999998,0.003584,0.012032,,0.0025599999999999998,,1.08672
10429,72.8209582979025,19072613164064,1,6.5789967775344849,6.2228,6.638592,2.7796,14555,0.001024,3.289856,,0.033535999999999996,0.162048,0,0.14207999999999998,0.003584,0.011007999999999999,,0.002304,,1.067008
10430,72.827773802437633,19072613226292,1,6.8155047483742237,6.9769,6.532608,0.9017,14555,0.001024,3.2279039999999997,,0.033535999999999996,0.15231999999999998,0.000256,0.13286399999999998,0.005632,0.010752,,0.002304,,1.0662399999999999
10431,72.834292198129248,19072613296061,1,6.5183956176042557,7.6741,0.042752,3.4181,14555,0.001024,3.080192,,0.03328,0.150528,0,0.130304,0.003584,0.011264,,0.0025599999999999998,,1.240832
10432,72.840986798469388,19072613372802,1,6.6946004517376423,5.5409,6.499328,2.6534,14555,0.001024,3.2279039999999997,,0.034048,0.15462399999999998,0,0.133632,0.003584,0.011776,,0.002048,,1.068288
10433,72.847566198979592,19072613428211,1,6.5794005058705807,7.004,6.688512,2.5596,14555,0.001024,3.276544,,0.03456,0.167424,0,0.146176,0.011264,0.011007999999999999,,0.002304,,1.085696
10434,72.854137996031739,19072613498251,1,6.57179718837142,5.9906,6.545664,2.6792,14555,0.001024,3.188992,,0.033791999999999996,0.165632,0,0.14592,0.003328,0.011007999999999999,,0.0025599999999999998,,1.0662399999999999
10435,72.860795599489791,19072613558157,1,6.6576036624610424,7.0265,6.561024,3.0987,14555,0.001024,3.2384,,0.03328,0.160768,0.000256,0.140544,0.003584,0.010752,,0.002304,,1.069056
10436,72.867422597789115,19072613628422,1,6.6269980743527412,6.4247,6.622208,2.9223,14555,0.0012799999999999999,3.27296,,0.03328,0.16025599999999998,0,0.13977599999999998,0.003328,0.010496,,0.0025599999999999998,,1.088256
10437,72.874128096655326,19072613692669,1,6.7054987885057926,6.4983,6.6112,3.1862,14555,0.001024,3.288576,,0.033024,0.152576,0,0.13286399999999998,0.003584,0.011264,,0.0025599999999999998,,1.065984
10438,72.880916000566884,19072613757652,1,6.7879040725529194,7.9246,6.620672,3.3331,14757,0.001024,3.3021439999999997,,0.033791999999999996,0.163328,0.000256,0.14336,0.003328,0.010752,,0.0025599999999999998,,1.0647039999999999
10439,72.8878214994331,19072613836898,1,6.9054989144206047,5.8698,6.695936,2.7172,14555,0.0012799999999999999,3.2296959999999997,,0.038911999999999995,0.15923199999999998,0,0.13952,0.010239999999999999,0.010752,,0.002304,,1.0662399999999999
10440,72.894390199829928,19072613895596,1,6.5687005408108234,6.5201,6.892032,2.2436,14555,0.001024,3.282688,,0.03456,0.16383999999999999,0.000256,0.143872,0.007424,0.011007999999999999,,0.002304,,1.086976
10441,72.900895996315185,19072613960797,1,6.5057966858148575,6.4679,6.526976,2.674,14555,0.001024,3.17184,,0.033535999999999996,0.155392,0,0.13568,0.011519999999999999,0.011519999999999999,,0.002304,,1.065472
10442,72.907475602324254,19072614025476,1,6.5796058624982834,7.368,6.597376,2.6128,14555,0.001024,3.2696319999999996,,0.033791999999999996,0.16153599999999999,0,0.141568,0.003584,0.010496,,0.002304,,1.0647039999999999
10443,72.914042800453515,19072614099156,1,6.5671983174979687,6.2397,6.559744,3.0454,14555,0.0012799999999999999,3.24224,,0.03328,0.15616,0,0.136192,0.010239999999999999,0.011007999999999999,,0.002304,,1.066752
10444,72.920601998299318,19072614161553,1,6.5591977909207344,6.6541,6.547968,2.7919,14607,0.001024,3.29216,,0.034304,0.164608,0,0.14310399999999998,0.011264,0.011519999999999999,,0.002304,,1.087744
10445,72.927402799036273,19072614228094,1,6.8008005619049072,5.9426,6.549248,2.6886,14555,0.001024,3.205888,,0.03328,0.15564799999999998,0,0.135424,0.011007999999999999,0.010752,,0.0025599999999999998,,1.0862079999999998
10446,72.933948901643987,19072614287520,1,6.5461024641990662,6.8717,6.762496,3.0945,14555,0.001024,3.2688639999999998,,0.033535999999999996,0.154368,0,0.132096,0.0076799999999999993,0.011007999999999999,,0.0025599999999999998,,1.0688
10447,72.940410402494322,19072614356237,1,6.4615006558597088,6.6724,6.522112,2.9129,14555,0.001024,3.2230399999999997,,0.033535999999999996,0.15488,0,0.135424,0.003584,0.010752,,0.002816,,1.0647039999999999
10448,72.947074100056682,19072614422961,1,6.6636977717280388,6.8822,6.44352,2.4766,14555,0.001024,3.1751679999999998,,0.034048,0.16153599999999999,0.000256,0.141056,0.0076799999999999993,0.010239999999999999,,0.002816,,1.0647039999999999
10449,72.95359270124716,19072614491783,1,6.5186009742319584,6.4715,6.528512,2.934,14555,0.001024,3.1715839999999997,,0.033535999999999996,0.15872,0,0.139264,0.003584,0.010239999999999999,,0.0025599999999999998,,1.06496
10450,72.960330598072559,19072614556498,1,6.7378967069089413,6.2585,6.607616,2.6422,14555,0.001024,3.2901119999999997,,0.03328,0.158208,0.000256,0.139008,0.006912,0.011776,,0.0025599999999999998,,1.090048
10451,72.966794997165536,19072614619083,1,6.4643989317119122,6.8854,6.627328,3.1416,14750,0.001024,3.2949759999999997,,0.033535999999999996,0.158464,0,0.13824,0.010239999999999999,0.012032,,0.0025599999999999998,,1.06752
10452,72.97345669642857,19072614687937,1,6.661699153482914,6.2033,6.539776,2.9022,14555,0.001024,3.1884799999999998,,0.033535999999999996,0.15488,0,0.134912,0.0076799999999999993,0.010752,,0.0025599999999999998,,1.07008
10453,72.980299702380947,19072614749970,1,6.8430057726800442,7.1759,6.635008,3.1205,14757,0.001024,3.2931839999999997,,0.03328,0.153088,0.000256,0.13312,0.005376,0.010496,,0.0025599999999999998,,1.071872
10454,72.987303195861671,19072614821729,1,7.00349360704422,6.3123,6.828544,2.6102,14555,0.001024,3.0973439999999997,,0.035584,0.15872,0,0.135936,0.003328,0.011519999999999999,,0.002304,,1.0879999999999999
10455,72.993931299603176,19072614884852,1,6.62810355424881,6.6944,6.975744,2.4017,14555,0.001024,3.226368,,0.034816,0.151552,0,0.13183999999999998,0.007424,0.012032,,0.002304,,1.08544
10456,73.00073360260771,19072614951796,1,6.802302785217762,7.0294,6.601984,2.5447,14555,0.001024,3.282432,,0.033535999999999996,0.151552,0.000256,0.132096,0.007936,0.011519999999999999,,0.002304,,1.088512
10457,73.008306200396817,19072615022090,1,7.572597824037075,7.0669,6.794496,2.6868,14555,0.001024,3.2883199999999997,,0.03328,0.150272,0.000256,0.130048,0.007936,0.011007999999999999,,0.002304,,1.084928
10458,73.014892198129246,19072615092759,1,6.5859975293278694,6.2681,7.54176,2.6444,14555,0.0012799999999999999,3.2767999999999997,,0.038911999999999995,0.154368,0,0.1344,0.0076799999999999993,0.012032,,0.002304,,1.347072
10459,73.022373398526071,19072615155440,1,7.4812006205320358,6.7965,6.537472,2.8446,14555,0.001024,3.2847359999999997,,0.034048,0.16153599999999999,0,0.141312,0.003584,0.010239999999999999,,0.002816,,1.067008
10460,73.029557397959181,19072615223405,1,7.1839992888271809,7.8472,7.501568,3.1763,14555,0.001024,3.278848,,0.035328,0.149504,0.000256,0.130048,0.003584,0.011519999999999999,,0.0025599999999999998,,1.425664
10461,73.036627699829936,19072615301877,1,7.0703020319342613,7.1678,7.156736,2.9362,14555,0.001024,3.181568,,0.033535999999999996,0.15488,0,0.13516799999999998,0.003328,0.010239999999999999,,0.0025599999999999998,,1.366528
10462,73.043782199546484,19072615373555,1,7.1544996462762356,6.8962,7.049216,3.1476,14555,0.001024,3.2839679999999998,,0.03584,0.16127999999999998,0,0.140032,0.008192,0.011007999999999999,,0.003072,,1.0713599999999999
10463,73.05120049603174,19072615442517,1,7.4182962998747826,7.7083,7.03616,2.5079,14555,0.001024,3.232512,,0.038911999999999995,0.155136,0,0.134912,0.007424,0.011264,,0.0025599999999999998,,1.082112
10464,73.058374000850336,19072615519600,1,7.1735046803951263,6.8543,7.486208,2.8188,14555,0.0012799999999999999,3.284224,,0.03968,0.162048,0,0.14207999999999998,0.005376,0.011519999999999999,,0.002304,,1.4126079999999999
10465,73.065893197278911,19072615588143,1,7.5191962532699108,7.6746,7.170304,2.6701,76223,0.001024,3.1897599999999997,,0.03328,0.15744,0.000256,0.13747199999999998,0.003328,0.012032,,0.0025599999999999998,,1.323008
10466,73.072839002267571,19072615664889,1,6.9458051584661007,6.6849,7.49184,3.0255,17551,0.001024,3.2634879999999997,,0.034816,0.159744,0,0.13952,0.006912,0.011519999999999999,,0.0025599999999999998,,1.064448
10467,73.081095401077093,19072615731738,1,8.2563990727067,7.272,6.921472,0.7501,14757,0.001024,3.292672,,0.033535999999999996,0.156416,0,0.136704,0.003584,0.011519999999999999,,0.0025599999999999998,,1.241344
10468,73.0878836026077,19072615804458,1,6.788201630115509,8.2903,0.043264,3.143,14555,0.001024,3.29088,,0.03328,0.153856,0,0.133632,0.0063999999999999994,0.010239999999999999,,0.0025599999999999998,,1.7169919999999999
10469,73.094863102324254,19072615887361,1,6.9794999435544014,5.962,6.759168,2.8021,18001,0.001024,3.28576,,0.034048,0.15872,0,0.137728,0.0076799999999999993,0.012032,,0.002304,,1.067008
10470,73.101927501417236,19072615946981,1,7.0643993094563484,7.9495,6.957056,2.7644,14555,0.001024,3.288576,,0.035328,0.16486399999999998,0,0.14336,0.0076799999999999993,0.012288,,0.0025599999999999998,,1.08672
10471,73.109128401360536,19072616026476,1,7.200899999588728,6.6219,6.953984,3.0424,14555,0.001024,3.1897599999999997,,0.03584,0.164096,0,0.142336,0.007936,0.011776,,0.002048,,1.065984
10472,73.116585997732429,19072616092695,1,7.4575962498784065,8.2838,7.20256,2.6564,14555,0.002304,3.089664,,0.034816,0.153088,0,0.133376,0.0076799999999999993,0.011519999999999999,,0.003072,,1.234432
10473,73.1234931972789,19072616175533,1,6.9071995094418526,6.9653,7.510528,3.0364,14802,0.001024,3.2829439999999996,,0.034816,0.16255999999999998,0,0.141568,0.003072,0.012032,,0.0025599999999999998,,1.31968
10474,73.1305123015873,19072616245186,1,7.0191044360399246,6.36,6.88768,3.0304,14555,0.001024,3.2931839999999997,,0.034304,0.311808,0,0.146432,0.010496,0.011776,,0.002304,,1.239552
10475,73.137780102040807,19072616308786,1,7.2678006254136562,7.636,7.000064,2.6436,14555,0.0012799999999999999,3.2350719999999997,,0.042752,0.15692799999999998,0,0.13696,0.0076799999999999993,0.011776,,0.002304,,1.067008
10476,73.145104499716552,19072616385146,1,7.3243975639343262,7.347,7.241728,2.5358,14555,0.001024,3.269888,,0.035328,0.154112,0.000256,0.13414399999999999,0.003584,0.010496,,0.003072,,1.26464
10477,73.15221369756236,19072616458616,1,7.1091977879405022,6.3572,7.213824,2.9949,14555,0.001024,3.1872,,0.033791999999999996,0.305152,0.000256,0.285184,0.007936,0.011776,,0.002304,,1.572352
10478,73.1592248015873,19072616522188,1,7.01110390946269,8.2719,7.123968,2.8362,14555,0.001024,3.296,,0.033535999999999996,0.16,0,0.140032,0.008192,0.010239999999999999,,0.0025599999999999998,,1.234176
10479,73.16666930272109,19072616604907,1,7.4445009231567383,6.9685,7.055616,2.5117,14555,0.0012799999999999999,3.277312,,0.04224,0.15923199999999998,0,0.13952,0.007424,0.012032,,0.002304,,1.080576
10480,73.173369897959176,19072616674592,1,6.7005953751504421,6.3297,7.41248,3.786,14555,0.001024,3.289088,,0.035328,0.163072,0,0.142848,0.003328,0.010239999999999999,,0.002304,,1.4658559999999998
10481,73.1802336026077,19072616737889,1,6.8637044169008732,7.8505,6.687232,2.6952,14757,0.001024,3.194368,,0.034304,0.15744,0.000256,0.134656,0.003584,0.010239999999999999,,0.002816,,1.086976
10482,73.187640497448982,19072616816394,1,7.40689504891634,6.8362,6.847232,2.945,14555,0.001024,3.2906239999999998,,0.035072,0.15744,0,0.13747199999999998,0.0076799999999999993,0.011776,,0.002304,,1.0813439999999999
10483,73.1946463010204,19072616884756,1,7.0058037526905537,6.3759,7.151872,3.1099,14555,0.001024,3.1795199999999997,,0.034816,0.157696,0,0.13747199999999998,0.0076799999999999993,0.011264,,0.002816,,1.238272
10484,73.201768898809519,19072616948515,1,7.12259765714407,7.7047,6.974976,2.7601,14555,0.001024,3.286272,,0.03456,0.16358399999999998,0,0.142336,0.003328,0.011776,,0.002816,,1.326848
10485,73.208822597789108,19072617025562,1,7.0536988787353039,6.9671,7.100928,2.5307,14555,0.001024,3.244032,,0.034816,0.16153599999999999,0,0.141824,0.003328,0.010239999999999999,,0.002304,,1.089536
10486,73.216305697278912,19072617095233,1,7.4830995872616768,6.904,7.042816,2.7306,14555,0.0012799999999999999,3.185152,,0.039424,0.158976,0,0.139008,0.003328,0.011264,,0.0025599999999999998,,1.083648
10487,73.22315510204082,19072617164273,1,6.8494048900902271,7.4992,7.34592,2.7885,14555,0.001024,3.1667199999999998,,0.041984,0.153088,0,0.13286399999999998,0.0051199999999999996,0.010496,,0.0025599999999999998,,1.0831359999999999
10488,73.230173299319731,19072617239265,1,7.0181973278522491,6.9292,6.87104,3.2845,14555,0.001024,3.094016,,0.040959999999999996,0.15872,0,0.13747199999999998,0.0076799999999999993,0.011776,,0.002304,,1.069312
10489,73.237576502267572,19072617308557,1,7.4032028205692768,8.038,7.06432,3.0628,14555,0.001024,3.2284159999999997,,0.035328,0.155904,0,0.135936,0.003584,0.011264,,0.0025599999999999998,,1.068288
10490,73.244768296485262,19072617388937,1,7.1917939931154251,6.4239,7.161344,2.8623,14555,0.001024,3.235328,,0.035072,0.159744,0,0.13952,0.003328,0.010239999999999999,,0.002304,,1.2520959999999999
10491,73.2518551020408,19072617453176,1,7.0868055336177349,6.8271,7.16544,3.3726,14555,0.001024,3.2688639999999998,,0.039168,0.16486399999999998,0,0.14336,0.007424,0.010752,,0.002304,,1.325312
10492,73.258895096371873,19072617521447,1,7.0399944670498371,7.3511,7.08224,2.7355,14555,0.001024,3.280896,,0.038911999999999995,0.15334399999999998,0,0.133376,0.007424,0.010239999999999999,,0.0025599999999999998,,1.0862079999999998
10493,73.266225999149654,19072617594958,1,7.3309028521180153,7.3601,6.942464,2.6244,14555,0.001024,3.228672,,0.034304,0.158976,0.000256,0.139008,0.003328,0.011519999999999999,,0.0025599999999999998,,1.0813439999999999
10494,73.273265299036282,19072617668559,1,7.039299700409174,7.1978,7.394304,3.2894,14555,0.001024,3.1825919999999996,,0.03456,0.161792,0,0.141312,0.003328,0.011776,,0.002304,,1.06368
10495,73.280449702380949,19072617740537,1,7.184403482824564,7.8346,7.009536,2.8183,14952,0.001024,3.2895999999999996,,0.034816,0.161792,0,0.141568,0.003328,0.011519999999999999,,0.0025599999999999998,,1.0864639999999999
10496,73.287438300736952,19072617818883,1,6.9885984994471073,6.2329,7.169536,2.5139,14555,0.001024,3.204608,,0.039424,0.159488,0,0.139008,0.0076799999999999993,0.011007999999999999,,0.0025599999999999998,,1.08416
10497,73.29478069727891,19072617881212,1,7.3423967696726322,6.9908,6.958592,2.9423,14555,0.0012799999999999999,3.170816,,0.039936,0.152576,0,0.132608,0.004352,0.010239999999999999,,0.0025599999999999998,,1.084928
10498,73.301922498582769,19072617951120,1,7.1418015286326408,7.1343,7.329536,2.8118,14555,0.001024,3.2847359999999997,,0.03456,0.155904,0,0.135936,0.003328,0.010752,,0.002304,,1.5047679999999999
10499,73.3090007015306,19072618022463,1,7.0782029069960117,7.3408,7.038208,2.9912,14555,0.001024,3.242752,,0.03328,0.394752,0,0.374784,0.003328,0.010752,,0.0025599999999999998,,1.084416
10500,73.316333297902489,19072618095871,1,7.3325964622199535,7.1993,7.049216,2.6801,76223,0.001024,3.28064,,0.034816,0.163072,0,0.142336,0.003072,0.010239999999999999,,0.002304,,1.085952
10501,73.323262797619051,19072618167864,1,6.9294995628297329,7.0649,7.309568,2.7857,14607,0.001024,3.182336,,0.036095999999999996,0.155904,0.000256,0.135424,0.0084479999999999989,0.011776,,0.002304,,1.0816
10502,73.3317508999433,19072618238513,1,8.48810188472271,6.5679,6.99264,0.6493,14555,0.001024,3.234304,,0.036351999999999995,0.161024,0.000256,0.140032,0.008192,0.011264,,0.002304,,1.0664959999999999
10503,73.339153401360548,19072618304192,1,7.4025015346705914,9.5023,0.0448,2.8183,14555,0.001024,3.1884799999999998,,0.0384,0.152832,0,0.132096,0.010496,0.011519999999999999,,0.002816,,1.408768
10504,73.346243501984119,19072618399215,1,7.0901005528867245,5.3819,7.397632,2.9633,14555,0.001024,3.2384,,0.034304,0.164352,0.000256,0.142848,0.011519999999999999,0.011519999999999999,,0.002304,,1.362944
10505,73.353407001133789,19072618453034,1,7.1634990163147449,8.5429,7.061248,2.7238,14555,0.001024,3.188224,,0.039168,0.16025599999999998,0,0.140032,0.0076799999999999993,0.010239999999999999,,0.0025599999999999998,,1.082368
10506,73.3600334963152,19072618538463,1,6.6264951601624489,7.2154,7.137024,2.3159,14555,0.0012799999999999999,3.1631359999999997,,0.03968,0.16486399999999998,0,0.14207999999999998,0.0076799999999999993,0.011264,,0.002304,,1.248
10507,73.366598299319719,19072618610617,1,6.5648029558360577,6.6764,6.60992,2.7306,14555,0.001024,3.275264,,0.033535999999999996,0.150272,0,0.131072,0.010752,0.012032,,0.002304,,1.0862079999999998
10508,73.373343898809523,19072618677381,1,6.7455996759235859,7.1014,6.530048,2.7982,14555,0.001024,3.20256,,0.033535999999999996,0.162304,0,0.14310399999999998,0.0038399999999999997,0.011007999999999999,,0.002304,,1.085952
10509,73.380300999149654,19072618748395,1,6.9571002386510372,6.8053,6.728448,2.9355,14757,0.001024,3.1800319999999997,,0.033791999999999996,0.158464,0.000256,0.13849599999999998,0.003328,0.010496,,0.002304,,1.07008
10510,73.387653698979591,19072618816448,1,7.3526999913156033,6.8121,6.9376,2.8914,14555,0.001024,3.098112,,0.035072,0.164352,0.000256,0.143872,0.003328,0.010496,,0.002304,,1.086976
10511,73.394439101473921,19072618884569,1,6.7854025401175022,6.5666,7.246336,2.668,14555,0.001024,3.288064,,0.037888,0.15872,0,0.137984,0.0076799999999999993,0.012032,,0.002304,,1.264896
10512,73.400945897108841,19072618950235,1,6.5067955292761326,7.3177,6.85184,2.811,14555,0.001024,3.1848959999999997,,0.034048,0.162304,0.000256,0.141568,0.0063999999999999994,0.012032,,0.002304,,1.06496
10513,73.4076327026644,19072619023412,1,6.686805747449398,7.3996,6.485248,2.6706,14555,0.001024,3.101184,,0.034816,0.164352,0.000256,0.143872,0.0097279999999999988,0.012288,,0.002304,,1.0828799999999998
10514,73.41421289682539,19072619097408,1,6.5801939927041531,6.012,6.665984,2.4717,14555,0.001024,3.282432,,0.037632,0.16383999999999999,0,0.14207999999999998,0.0076799999999999993,0.011007999999999999,,0.002304,,1.0828799999999998
10515,73.421237400793643,19072619157528,1,7.0245037786662579,6.5119,6.558464,2.6233,14555,0.001024,3.289856,,0.034048,0.157184,0,0.134912,0.0038399999999999997,0.012288,,0.0025599999999999998,,1.085696
10516,73.4285794005102,19072619222647,1,7.3419995605945587,6.7604,6.985216,3.1183,14555,0.001024,3.2852479999999997,,0.03584,0.16486399999999998,0,0.14464,0.003328,0.012288,,0.0025599999999999998,,1.0680319999999999
10517,73.435555201247169,19072619290251,1,6.9758007302880287,7.3357,7.339776,2.7585,14750,0.001024,3.168768,,0.038655999999999996,0.15616,0,0.13568,0.003072,0.011776,,0.002816,,1.338624
10518,73.442369600340129,19072619363608,1,6.8143992684781551,7.0699,6.933248,3.274,14555,0.001024,3.295744,,0.033791999999999996,0.156416,0,0.13568,0.0076799999999999993,0.010496,,0.002304,,1.361408
10519,73.449610799319728,19072619434307,1,7.241198793053627,7.2696,6.818816,3.1128,14555,0.001024,3.0973439999999997,,0.039168,0.15564799999999998,0,0.13312,0.008192,0.011776,,0.0025599999999999998,,1.0695679999999999
10520,73.456652799036277,19072619507003,1,7.0419996045529842,7.0277,7.21024,3.1229,14555,0.001024,3.2368639999999997,,0.040448,0.164352,0,0.14336,0.0048639999999999994,0.011007999999999999,,0.002304,,1.085696
10521,73.463560898526069,19072619577280,1,6.9080996327102184,6.7491,6.965504,3.2333,14555,0.001024,3.222784,,0.035584,0.161024,0,0.139264,0.003584,0.010496,,0.002048,,1.30944
10522,73.470625496031744,19072619644771,1,7.0645976811647415,7.4075,6.96192,2.7758,14555,0.001024,3.182336,,0.03456,0.150784,0,0.13055999999999998,0.003584,0.011776,,0.0025599999999999998,,1.069312
10523,73.478656299603173,19072619718846,1,8.0308038741350174,7.3524,7.033856,2.7333,14555,0.001024,3.274752,,0.03456,0.155392,0,0.13516799999999998,0.0076799999999999993,0.010239999999999999,,0.0025599999999999998,,1.0688
10524,73.485321102607713,19072619792370,1,6.66480278596282,6.4895,7.169536,5.1335,14757,0.001024,3.186944,,0.039936,0.152576,0,0.132096,0.0063999999999999994,0.011264,,0.0025599999999999998,,1.2416
10525,73.492340901360535,19072619857265,1,7.0197987370193005,6.6081,6.864384,3.5465,14555,0.001024,3.303168,,0.03456,0.156672,0,0.13644799999999999,0.007424,0.010752,,0.0025599999999999998,,1.066752
10526,73.49956590136054,19072619923346,1,7.2249998338520527,7.8035,6.992384,2.9811,14555,0.001024,3.2737279999999997,,0.037888,0.160768,0,0.139008,0.0076799999999999993,0.011264,,0.002304,,1.085696
10527,73.5069623015873,19072620001381,1,7.3964004404842854,6.7275,7.197952,2.8171,14555,0.001024,3.2345599999999997,,0.037632,0.159744,0,0.13849599999999998,0.003328,0.011519999999999999,,0.002304,,1.3376
10528,73.513930201247163,19072620068656,1,6.9678998552262783,7.0044,7.309824,2.6482,14555,0.001024,3.265792,,0.033535999999999996,0.164352,0,0.144128,0.007936,0.011776,,0.002304,,1.340928
10529,73.52145999858277,19072620138700,1,7.5297974981367588,7.4395,7.026432,2.8838,14555,0.001024,3.275776,,0.03456,0.164608,0.000256,0.144128,0.010752,0.011519999999999999,,0.0025599999999999998,,1.064192
10530,73.528564399092971,19072620213095,1,7.1044005453586578,7.9002,7.478272,2.9534,14607,0.001024,3.2412159999999997,,0.035328,0.15923199999999998,0,0.139008,0.003328,0.012032,,0.002304,,1.082112
10531,73.5357170989229,19072620292097,1,7.1526998654007912,6.6588,7.115776,2.7781,14555,0.001024,3.229952,,0.039424,0.158208,0,0.137984,0.007424,0.011519999999999999,,0.0025599999999999998,,1.525248
10532,73.5431202026644,19072620358685,1,7.40310363471508,7.4695,7.133952,3.0884,14555,0.001024,3.298816,,0.035584,0.1664,0.000256,0.144128,0.009216,0.010239999999999999,,0.002304,,1.089024
10533,73.550386600056683,19072620433380,1,7.266397587954998,7.1031,7.133952,2.8445,14555,0.001024,3.1782399999999997,,0.039424,0.156416,0.000256,0.135936,0.0076799999999999993,0.010752,,0.0025599999999999998,,1.085184
10534,73.557391999716543,19072620504411,1,7.0053995586931705,7.3601,7.239168,3.2435,14555,0.001024,3.2665599999999997,,0.040192,0.16768,0,0.14592,0.009472,0.010496,,0.0025599999999999998,,1.4794239999999999
10535,73.564271301020412,19072620578012,1,6.8793012760579586,7.38,6.982656,3.0236,14555,0.0012799999999999999,3.1818239999999998,,0.034304,0.402688,0,0.38246399999999997,0.0084479999999999989,0.011776,,0.002304,,1.068544
10536,73.571560799319727,19072620651812,1,7.28949811309576,7.4417,6.8608,3.0138,76223,0.001024,3.0947839999999998,,0.03712,0.16025599999999998,0,0.140032,0.003328,0.011264,,0.0025599999999999998,,1.067264
10537,73.579196201814057,19072620726229,1,7.6354024931788445,6.9274,7.275008,3.1279,17753,0.001024,3.270656,,0.034816,0.16025599999999998,0.000256,0.140288,0.0076799999999999993,0.010239999999999999,,0.002304,,1.067264
10538,73.585737096088437,19072620795503,1,6.5408940427005291,7.3894,7.192064,0.9169,14750,0.001024,3.225088,,0.035584,0.157184,0,0.136192,0.003072,0.010496,,0.0025599999999999998,,1.321216
10539,73.593544798752831,19072620869397,1,7.8077027574181557,8.5644,0.034304,3.0556,14555,0.001024,3.2954879999999998,,0.03328,0.15462399999999998,0,0.13516799999999998,0.0076799999999999993,0.012032,,0.002304,,1.069056
10540,73.600681299603167,19072620955041,1,7.1365009061992168,5.6305,7.785728,2.8317,18001,0.001024,3.1928319999999997,,0.03584,0.157184,0,0.135424,0.0076799999999999993,0.010752,,0.0025599999999999998,,1.248256
10541,73.607789399092965,19072621011346,1,7.1080992929637432,6.4982,7.024384,2.7647,14555,0.001024,3.098368,,0.033791999999999996,0.153088,0,0.13312,0.007936,0.012032,,0.002048,,1.336064
10542,73.614756696428572,19072621076328,1,6.9672972895205021,7.8174,7.106816,2.9234,14555,0.001024,3.183872,,0.033535999999999996,0.15923199999999998,0,0.139264,0.003584,0.010239999999999999,,0.0025599999999999998,,1.3455359999999998
10543,73.622148497732425,19072621154502,1,7.3918011039495468,7.6298,7.000576,3.1844,14555,0.001024,3.0888959999999996,,0.043008,0.15564799999999998,0,0.13516799999999998,0.007424,0.011007999999999999,,0.002304,,1.22752
10544,73.629423100907033,19072621230800,1,7.2746030054986477,7.2257,7.378688,3.3199,14555,0.001024,3.228672,,0.038911999999999995,0.15129599999999999,0,0.131584,0.007424,0.010752,,0.0025599999999999998,,1.3119999999999998
10545,73.636388598356,19072621303057,1,6.9654975086450577,7.0365,7.246848,3.384,14555,0.001024,3.2901119999999997,,0.033535999999999996,0.15795199999999998,0,0.13824,0.007936,0.011007999999999999,,0.002304,,1.253376
10546,73.643523802437642,19072621373422,1,7.1352040395140648,7.0564,6.870016,3.2308,14555,0.001024,3.268096,,0.03584,0.159488,0,0.13824,0.007936,0.012032,,0.0025599999999999998,,1.066752
10547,73.650567701247169,19072621443986,1,7.0438990369439125,7.3942,7.184384,2.5961,14555,0.001024,3.2732159999999997,,0.034816,0.15129599999999999,0,0.13183999999999998,0.0038399999999999997,0.010239999999999999,,0.002304,,1.250048
10548,73.657647300170069,19072621517928,1,7.07959895953536,6.2449,7.044096,2.6662,14555,0.001024,3.181568,,0.034048,0.152576,0,0.13286399999999998,0.003328,0.010496,,0.0025599999999999998,,1.355264
10549,73.665018098072565,19072621580377,1,7.3707979172468185,7.1809,7.057152,2.504,14555,0.001024,3.241984,,0.034304,0.15616,0.000256,0.135936,0.003328,0.010496,,0.002304,,1.088768
10550,73.6720007015306,19072621652186,1,6.9826035760343075,7.3437,7.113216,3.4458,14555,0.001024,3.1800319999999997,,0.03456,0.15129599999999999,0,0.131072,0.009216,0.011264,,0.002304,,1.231616
10551,73.679136897675733,19072621725623,1,7.1361963637173176,7.6016,7.187968,3.0747,14757,0.001024,3.2581119999999997,,0.0384,0.162816,0,0.142336,0.0076799999999999993,0.011007999999999999,,0.0025599999999999998,,1.229568
10552,73.686047696995459,19072621801639,1,6.9107995368540287,7.4446,7.11168,3.128,14555,0.001024,3.191296,,0.034048,0.15744,0,0.13696,0.007936,0.010752,,0.002304,,1.228288
10553,73.692890596655332,19072621876085,1,6.842899601906538,6.7281,6.78272,2.998,14555,0.001024,3.2412159999999997,,0.034816,0.14899199999999999,0,0.12928,0.003328,0.010752,,0.002816,,1.0698239999999999
10554,73.6998553004535,19072621943366,1,6.9647040218114853,7.4926,6.912512,3.0965,14555,0.001024,3.179008,,0.035072,0.163328,0.000256,0.140288,0.004096,0.011776,,0.002304,,1.065472
10555,73.707161500850333,19072622018292,1,7.3062004521489143,6.859,6.95552,2.8871,14555,0.001024,3.229184,,0.036351999999999995,0.14899199999999999,0.000256,0.12928,0.003328,0.010752,,0.0025599999999999998,,1.06496
10556,73.714326098356011,19072622086882,1,7.1645975112915039,6.6359,7.276032,2.7293,14555,0.001024,3.286784,,0.033535999999999996,0.15616,0,0.136704,0.007424,0.010239999999999999,,0.002304,,1.339904
10557,73.721605201247158,19072622153241,1,7.2791026905179024,6.49,7.141888,2.5814,14555,0.001024,3.1808,,0.040448,0.157184,0,0.137216,0.007424,0.011519999999999999,,0.0025599999999999998,,1.0816
10558,73.728769501133783,19072622218141,1,7.1642999537289143,7.4562,7.259904,2.5431,14555,0.001024,3.268096,,0.039168,0.157696,0,0.13696,0.0076799999999999993,0.010239999999999999,,0.002304,,1.082112
10559,73.735850198412692,19072622292703,1,7.0806974545121193,6.7314,7.06944,2.3535,14607,0.001024,3.1715839999999997,,0.034816,0.159744,0,0.139008,0.003584,0.010752,,0.0025599999999999998,,1.082624
10560,73.74310240221088,19072622360017,1,7.2522037662565708,7.1933,7.141632,2.5214,14750,0.001024,3.202048,,0.034816,0.154368,0,0.1344,0.003072,0.011007999999999999,,0.0025599999999999998,,1.252864
10561,73.750149999999991,19072622431950,1,7.0475977845489979,7.4,7.232256,2.8905,14555,0.001024,3.2919039999999997,,0.03584,0.150784,0.000256,0.130816,0.003584,0.011776,,0.0025599999999999998,,1.0879999999999999
10562,73.75713560090702,19072622505950,1,6.9856010377407074,7.0199,7.019008,3.0995,14555,0.001024,3.173888,,0.03584,0.322048,0,0.300288,0.007936,0.011776,,0.0025599999999999998,,1.065216
10563,73.764248696145117,19072622576149,1,7.1130953729152679,7.7958,6.964736,3.3638,14555,0.001024,3.2683519999999997,,0.033535999999999996,0.15692799999999998,0,0.13696,0.007936,0.010496,,0.002304,,1.260032
10564,73.771169302721091,19072622654107,1,6.92060636356473,6.9421,7.085568,3.2235,14555,0.001024,3.2901119999999997,,0.036351999999999995,0.16127999999999998,0,0.140032,0.007936,0.011519999999999999,,0.0025599999999999998,,1.071616
10565,73.777656398809526,19072622723528,1,6.487096194177866,7.4272,6.844672,3.528,14555,0.001024,3.0924799999999997,,0.041215999999999996,0.15334399999999998,0,0.133632,0.007936,0.011519999999999999,,0.0025599999999999998,,1.0647039999999999
10566,73.784565299036274,19072622797800,1,6.9089001044631,6.5084,6.519808,2.7553,14757,0.001024,3.159808,,0.033535999999999996,0.161792,0.000256,0.140288,0.004096,0.011776,,0.002304,,1.067008
10567,73.791876700680263,19072622862884,1,7.3114014230668545,7.3956,6.887168,2.5486,20339,0.001024,3.226368,,0.03456,0.158976,0.000256,0.13952,0.003328,0.011007999999999999,,0.0025599999999999998,,1.081088
10568,73.798502898242631,19072622936840,1,6.6261976025998592,6.1075,7.294464,2.3991,14555,0.0012799999999999999,3.29472,,0.03328,0.32051199999999996,0,0.3008,0.003584,0.011007999999999999,,0.0025599999999999998,,1.3905919999999998
10569,73.8051586026077,19072622997915,1,6.6557042300701141,6.5594,6.619392,2.2556,14555,0.001024,3.274496,,0.033535999999999996,0.157696,0,0.137728,0.007424,0.010752,,0.0025599999999999998,,1.0864639999999999
10570,73.811911096938772,19072623063509,1,6.7524942569434643,7.1225,6.622976,2.5781,14555,0.001024,3.27424,,0.033791999999999996,0.154368,0,0.13414399999999999,0.003584,0.011264,,0.002304,,1.085184
10571,73.818506398809518,19072623134734,1,6.5953019075095654,6.39,6.74048,2.4001,14555,0.001024,3.267328,,0.035328,0.157696,0.000256,0.137216,0.003072,0.011264,,0.0025599999999999998,,1.082368
10572,73.825364299886616,19072623198634,1,6.8579008802771568,6.5505,6.573824,2.4889,76223,0.001024,3.233024,,0.034304,0.16127999999999998,0.000256,0.141312,0.003328,0.011519999999999999,,0.0025599999999999998,,1.082368
10573,73.83236150085034,19072623264139,1,6.9972011260688305,6.6728,6.829568,2.416,14555,0.001024,3.2256,,0.036095999999999996,0.169216,0,0.1472,0.0076799999999999993,0.010496,,0.002048,,1.0831359999999999
10574,73.8393556972789,19072623330867,1,6.9941962137818336,7.0486,6.976768,0.6803,20484,0.001024,3.2394239999999996,,0.036608,0.156672,0,0.13747199999999998,0.0076799999999999993,0.011264,,0.0025599999999999998,,1.0664959999999999
10575,73.847093402777773,19072623401353,1,7.7377054840326309,7.1748,0.035328,2.67,14555,0.001024,3.241472,,0.038144,0.15103999999999998,0,0.131072,0.007936,0.010752,,0.0025599999999999998,,1.08672
10576,73.854175602324261,19072623473101,1,7.0821996778249741,6.5367,7.709184,2.9396,14555,0.001024,3.1692799999999997,,0.036095999999999996,0.157696,0,0.135424,0.007424,0.013568,,0.002816,,1.256192
10577,73.863909098639454,19072623538468,1,9.7334962338209152,7.3687,7.062528,3.4383,14555,0.001024,3.2363519999999997,,0.040192,0.159488,0.000256,0.139264,0.008192,0.011776,,0.0025599999999999998,,1.071616
10578,73.87178660005668,19072623612155,1,7.8775016590952873,8.0775,7.128576,4.0282,14555,0.001024,3.2345599999999997,,0.035328,0.16025599999999998,0,0.138752,0.004096,0.010496,,0.0025599999999999998,,1.069056
10579,73.879021797052147,19072623692930,1,7.2351968847215176,10.9493,7.0336,3.0731,28353,0.001024,3.2381439999999997,,0.035328,0.15616,0,0.135424,0.0038399999999999997,0.011776,,0.0025599999999999998,,1.065984
10580,73.8859887967687,19072623802423,1,6.9669997319579124,6.6342,7.220224,3.5571,14555,0.001024,3.285504,,0.035328,0.152832,0,0.132608,0.0076799999999999993,0.012032,,0.0025599999999999998,,1.4143999999999999
10581,73.892913598356,19072623868765,1,6.9248015061020851,8.0295,6.851072,2.9919,14750,0.001024,3.249408,,0.039936,0.15231999999999998,0,0.131584,0.010496,0.010496,,0.0025599999999999998,,1.071104
10582,73.899985402494323,19072623949060,1,7.0718042552471161,6.7571,6.99008,2.8753,14555,0.001024,3.235328,,0.03456,0.163072,0,0.14310399999999998,0.009984,0.010752,,0.0025599999999999998,,1.0698239999999999
10583,73.90710389739229,19072624016631,1,7.1184947155416012,7.4098,7.048192,2.5158,14555,0.001024,3.2688639999999998,,0.034304,0.15923199999999998,0.000256,0.139264,0.007424,0.010496,,0.002304,,1.084416
10584,73.914747902494327,19072624090729,1,7.6440051198005676,5.6562,7.004928,2.8044,14555,0.001024,3.2888319999999998,,0.03328,0.150528,0,0.130304,0.003584,0.010752,,0.0025599999999999998,,1.3406719999999999
10585,73.922301601473919,19072624147291,1,7.55369896069169,7.258,7.714048,2.6291,14555,0.001024,3.291136,,0.036351999999999995,0.156672,0,0.13516799999999998,0.003328,0.013056,,0.002816,,1.083392
10586,73.9293218962585,19072624219871,1,7.0202946662902832,7.8391,7.475968,2.7822,14555,0.001024,3.276032,,0.039936,0.154368,0,0.1344,0.003328,0.011519999999999999,,0.002304,,1.322496
10587,73.936358297902487,19072624298262,1,7.0364014245569706,7.3807,7.066112,3.0229,14607,0.001024,3.2337919999999998,,0.033535999999999996,0.15462399999999998,0,0.13568,0.007424,0.010752,,0.0025599999999999998,,1.344256
10588,73.9434751984127,19072624372069,1,7.1169002912938595,6.74,7.019264,2.3516,15673,0.001024,3.235584,,0.03456,0.159488,0,0.139264,0.0076799999999999993,0.010752,,0.0025599999999999998,,1.085952
10589,73.950814299886616,19072624439469,1,7.3391012847423553,6.7155,6.980096,2.3192,15487,0.001024,3.287296,,0.037632,0.162816,0,0.141312,0.0076799999999999993,0.012032,,0.0025599999999999998,,1.088768
10590,73.95819800170068,19072624506624,1,7.3837018571794033,6.9485,7.431168,2.9745,14555,0.001024,3.282688,,0.035328,0.160512,0.000256,0.14079999999999998,0.008192,0.011264,,0.002304,,1.4591999999999998
10591,73.965206299603167,19072624576109,1,7.0082978345453739,7.8082,7.362048,3.3701,14555,0.001024,3.240704,,0.035072,0.161792,0,0.141312,0.003584,0.010496,,0.002304,,1.321984
10592,73.972335402494323,19072624654191,1,7.1291029453277588,7.5482,6.996992,3.0368,14555,0.0012799999999999999,3.268096,,0.035584,0.15744,0.000256,0.134656,0.003328,0.010496,,0.0025599999999999998,,1.067008
10593,73.979586996882077,19072624729673,1,7.251594215631485,7.8748,7.10528,2.985,14757,0.001024,3.1679999999999997,,0.03584,0.16486399999999998,0.000256,0.143872,0.003328,0.012288,,0.002304,,1.082368
10594,73.986434601757367,19072624808421,1,6.8476046435534954,5.4281,7.228672,2.956,14555,0.001024,3.273984,,0.034048,0.152576,0,0.132352,0.011007999999999999,0.012032,,0.002304,,1.2587519999999999
10595,73.993591198979587,19072624862702,1,7.1565974503755569,7.4757999999999996,6.83008,2.4989,14555,0.001024,3.235328,,0.040192,0.162816,0.000256,0.142592,0.003584,0.011264,,0.002304,,1.082112
10596,74.000679896541953,19072624937460,1,7.0886975154280663,7.4455,7.116544,2.8937,14555,0.001024,3.233024,,0.035584,0.152064,0,0.131584,0.003328,0.011776,,0.002304,,1.0680319999999999
10597,74.007892602040812,19072625011915,1,7.2127054445445538,7.3519,6.861312,2.5335,14555,0.001024,3.280128,,0.033791999999999996,0.152832,0,0.133376,0.0076799999999999993,0.010496,,0.002304,,1.067264
10598,74.0154211026077,19072625085434,1,7.5285006314516068,7.1479,7.183872,2.5187,14555,0.001024,3.2967679999999997,,0.03456,0.15692799999999998,0.000256,0.136704,0.004352,0.012032,,0.0025599999999999998,,1.0862079999999998
10599,74.022734899376417,19072625156913,1,7.3137967847287655,6.544,7.508992,2.9474,14555,0.001024,3.170304,,0.035328,0.161024,0.000256,0.139008,0.0063999999999999994,0.012032,,0.002304,,1.440256
10600,74.030055300453512,19072625222353,1,7.3204012587666512,7.9109,7.282688,2.2954,14555,0.001024,3.1692799999999997,,0.035072,0.152064,0,0.132352,0.0076799999999999993,0.010752,,0.002304,,1.4361599999999999
10601,74.037222498582764,19072625301462,1,7.1671982295811176,7.1926,7.321856,2.8259,14555,0.001024,3.2750079999999997,,0.039936,0.168448,0,0.146432,0.004608,0.010496,,0.002304,,1.253888
10602,74.044795698696149,19072625373388,1,7.5731999240815639,7.2636,7.137792,2.4728,14555,0.001024,3.0906879999999997,,0.03584,0.161024,0,0.140544,0.007424,0.011007999999999999,,0.002816,,1.087744
10603,74.052066595804988,19072625446024,1,7.2708972729742527,6.6771,7.472128,2.8862,14750,0.001024,3.170816,,0.206336,0.157184,0,0.136704,0.003584,0.011519999999999999,,0.0025599999999999998,,1.3222399999999999
10604,74.058982596371877,19072625512795,1,6.9160005077719688,7.7073,7.249152,2.9754,14555,0.001024,3.2980479999999996,,0.033535999999999996,0.159488,0,0.139264,0.009472,0.012032,,0.0025599999999999998,,1.3455359999999998
10605,74.066605201247157,19072625589868,1,7.6226047240197659,7.3901,6.978048,2.8241,14555,0.001024,3.266816,,0.039936,0.160512,0,0.13952,0.0076799999999999993,0.011519999999999999,,0.002816,,1.06496
10606,74.073413598356012,19072625663769,1,6.8083968944847584,7.9806,7.59296,3.0146,14555,0.001024,3.280896,,0.039424,0.16025599999999998,0.000256,0.140032,0.007936,0.010496,,0.0025599999999999998,,1.082112
10607,74.0804623015873,19072625743575,1,7.0487032644450665,6.6612,6.792704,2.7253,76425,0.001024,3.0996479999999997,,0.034304,0.165376,0,0.14438399999999998,0.007936,0.012032,,0.002304,,1.3506559999999999
10608,74.08836070011337,19072625810187,1,7.8983986750245094,7.5307,7.024384,3.2265,17551,0.001024,3.292928,,0.035584,0.158208,0,0.136192,0.012032,0.011007999999999999,,0.0025599999999999998,,1.0831359999999999
10609,74.095531101190474,19072625885494,1,7.17040104791522,6.7003,7.39584,0.7424,14555,0.001024,3.2704,,0.035072,0.15462399999999998,0,0.134656,0.003584,0.011519999999999999,,0.002304,,1.2385279999999999
10610,74.103054301303857,19072625952497,1,7.5232000090181828,9.4163,0.034304,3.2206,18001,0.001024,3.2919039999999997,,0.034048,0.15462399999999998,0,0.134912,0.0038399999999999997,0.011519999999999999,,0.0025599999999999998,,1.065472
10611,74.109764002267568,19072626046660,1,6.7097009159624577,5.631,7.411456,3.4301,14555,0.001024,3.22944,,0.037632,0.163328,0.000256,0.141312,0.004096,0.014591999999999999,,0.0025599999999999998,,1.062656
10612,74.11745189909297,19072626102970,1,7.6878969557583332,7.3193,6.775808,3.0199,14555,0.001024,3.0906879999999997,,0.038144,0.156416,0.000256,0.136192,0.007424,0.011007999999999999,,0.002816,,1.0713599999999999
10613,74.124206498015866,19072626176163,1,6.7545990459620953,8.4055,7.594496,2.6053,14555,0.001024,3.2832,,0.035584,0.15616,0.000256,0.135424,0.003328,0.010496,,0.002304,,1.3337599999999998
10614,74.130963895975057,19072626260218,1,6.7573981359601021,5.5061,6.793984,2.9065,14555,0.0012799999999999999,3.096832,,0.033535999999999996,0.31846399999999997,0,0.141056,0.007424,0.012032,,0.002304,,1.0662399999999999
10615,74.138098696145121,19072626315279,1,7.134800311177969,8.0793,6.750208,3.2983,14607,0.001024,3.169536,,0.03456,0.159744,0,0.13977599999999998,0.007424,0.012032,,0.002304,,1.063424
10616,74.145182397959175,19072626396072,1,7.0837019011378288,7.3365,7.099136,2.9158,14555,0.0038399999999999997,3.179008,,0.034816,0.15564799999999998,0,0.13568,0.007424,0.011264,,0.003072,,1.065728
10617,74.1523093962585,19072626469437,1,7.1269981563091278,6.2237,6.923776,2.9405,14555,0.001024,3.203328,,0.033535999999999996,0.14976,0,0.130048,0.004608,0.011264,,0.0025599999999999998,,1.31456
10618,74.159659899376408,19072626531674,1,7.3505030013620853,6.552,7.105792,2.8412,14555,0.001024,3.183872,,0.034304,0.154112,0,0.133632,0.003584,0.011776,,0.0025599999999999998,,1.086976
10619,74.166945797902486,19072626597194,1,7.2858985513448715,7.1651,7.320576,2.4895,14555,0.001024,3.22816,,0.040704,0.156672,0,0.13696,0.0076799999999999993,0.012032,,0.002304,,1.083392
10620,74.174018799603175,19072626668845,1,7.0730014704167843,6.925,7.262208,2.8804,14555,0.001024,3.181568,,0.034816,0.15488,0,0.134912,0.007936,0.012032,,0.0025599999999999998,,1.322752
10621,74.180949397675732,19072626738095,1,6.9305980578064919,8.1963,6.976256,3.1148,14757,0.001024,3.237376,,0.035328,0.15616,0,0.13644799999999999,0.007424,0.011264,,0.002816,,1.067008
10622,74.187711196145116,19072626820058,1,6.76179863512516,7.3032,6.887936,2.7165,14555,0.001024,3.2829439999999996,,0.035328,0.15795199999999998,0.000256,0.13696,0.003328,0.011519999999999999,,0.002304,,1.0813439999999999
10623,74.1948079010771,19072626893090,1,7.09670502692461,6.6888,6.749184,2.7959,14555,0.001024,3.22944,,0.033791999999999996,0.155136,0,0.13516799999999998,0.003328,0.010752,,0.0025599999999999998,,1.06752
10624,74.201827600623574,19072626959978,1,7.0196995511651039,7.2091,7.171072,3.1691,14555,0.11161599999999999,3.284224,,0.03584,0.15692799999999998,0,0.136192,0.003328,0.011264,,0.002816,,1.06368
10625,74.208476098356,19072627032069,1,6.64849765598774,6.6221,7.01184,2.4627,14750,0.001024,3.23968,,0.035328,0.156416,0,0.13516799999999998,0.007936,0.010239999999999999,,0.002304,,1.089024
10626,74.215006101190468,19072627098290,1,6.5300026908516884,6.7801,6.510336,2.6318,14555,0.0012799999999999999,3.1818239999999998,,0.033535999999999996,0.158464,0,0.13849599999999998,0.010239999999999999,0.012032,,0.0025599999999999998,,1.08416
10627,74.2215674957483,19072627166091,1,6.5613947808742523,6.6497,6.615808,2.1775,14555,0.001024,3.286272,,0.03328,0.156416,0,0.136704,0.011264,0.011007999999999999,,0.0025599999999999998,,1.088256
10628,74.22817369614512,19072627232588,1,6.6062002442777157,6.7655,6.531584,2.3323,14555,0.001024,3.17056,,0.034048,0.153088,0,0.13312,0.0076799999999999993,0.011519999999999999,,0.002304,,1.083648
10629,74.234854698129254,19072627300243,1,6.6810022108256817,6.3121,6.502144,2.3839,14555,0.001024,3.2261119999999996,,0.034048,0.162304,0,0.14079999999999998,0.0076799999999999993,0.011007999999999999,,0.0025599999999999998,,1.065216
10630,74.2416089994331,19072627363364,1,6.7543014883995056,7.4333,6.742016,2.1864,14555,0.001024,3.24096,,0.033535999999999996,0.153088,0,0.133632,0.011264,0.011519999999999999,,0.0025599999999999998,,1.082624
10631,74.248149702380942,19072627437697,1,6.5407031215727329,5.9986,6.614528,2.7516,14555,0.001024,3.2913919999999997,,0.033535999999999996,0.156672,0,0.137216,0.009984,0.011776,,0.0025599999999999998,,1.083648
10632,74.2547033021542,19072627497683,1,6.5535996109247208,6.0787,6.544128,2.9394,14555,0.001024,3.2688639999999998,,0.034048,0.16947199999999998,0,0.147456,0.011007999999999999,0.011264,,0.0025599999999999998,,1.070336
10633,74.261195897108834,19072627558470,1,6.4925947226583958,7.8331,6.531072,3.226,14555,0.001024,3.188992,,0.03328,0.151552,0.000256,0.13183999999999998,0.007936,0.010239999999999999,,0.002816,,1.0680319999999999
10634,74.267771102607711,19072627636801,1,6.5752053633332253,6.1335,6.55488,2.4171,14555,0.0012799999999999999,3.2665599999999997,,0.033791999999999996,0.159744,0,0.139264,0.0038399999999999997,0.012288,,0.0025599999999999998,,1.087488
10635,74.27453910147392,19072627698136,1,6.7679989151656628,6.4102,6.54208,2.1789,14555,0.001024,3.177216,,0.03328,0.152576,0,0.13286399999999998,0.004096,0.010239999999999999,,0.0025599999999999998,,1.085952
10636,74.281156299603168,19072627762238,1,6.61719823256135,6.3018,6.544384,2.24,14757,0.001024,3.176704,,0.03456,0.15872,0.000256,0.137984,0.003584,0.010239999999999999,,0.002304,,1.08032
10637,74.287830796485252,19072627825256,1,6.6744969226419926,6.213,6.801408,1.7734,14555,0.001024,3.2839679999999998,,0.03968,0.154368,0.000256,0.13516799999999998,0.003584,0.011264,,0.002304,,1.064192
10638,74.2942952026644,19072627887386,1,6.4644063822925091,6.6349,6.572288,3.0376,14555,0.001024,3.2296959999999997,,0.03328,0.159744,0,0.13977599999999998,0.004608,0.011776,,0.0025599999999999998,,1.065216
10639,74.300751899092973,19072627953735,1,6.4566964283585548,7.6041,6.525952,2.976,14555,0.001024,3.17312,,0.03328,0.156672,0.000256,0.13696,0.007424,0.010752,,0.002304,,1.069312
10640,74.307277295918368,19072628029776,1,6.5253968350589275,6.7832,6.441216,2.4561,14555,0.001024,3.09888,,0.034304,0.16127999999999998,0,0.140032,0.003328,0.011519999999999999,,0.002304,,1.068544
10641,74.313854301303849,19072628097608,1,6.577005609869957,6.6285,6.499328,2.4795,14555,0.0012799999999999999,3.244032,,0.03456,0.158976,0.000256,0.137984,0.006144,0.011007999999999999,,0.002304,,1.088512
10642,74.320643601190469,19072628163893,1,6.7892996594309807,5.5148,6.554624,2.2256,14555,0.001024,3.275776,,0.03456,0.16255999999999998,0.000256,0.141312,0.003584,0.010496,,0.002304,,1.084928
10643,74.327260700113371,19072628219041,1,6.6170990467071533,7.0415,6.767104,2.2452,14803,0.001024,3.1936,,0.034048,0.165632,0.000256,0.143872,0.007936,0.011519999999999999,,0.002304,,1.269248
10644,74.333748596938776,19072628289456,1,6.487896665930748,6.1651,6.59712,2.9341,76223,0.001024,3.267584,,0.03328,0.16153599999999999,0,0.141568,0.0076799999999999993,0.011776,,0.0025599999999999998,,1.065984
10645,74.340264498299319,19072628351107,1,6.5159015357494354,7.171,6.422528,2.4503,14607,0.001024,3.1777279999999997,,0.033535999999999996,0.155136,0,0.135936,0.007936,0.009984,,0.0025599999999999998,,1.082368
10646,74.3477716978458,19072628422817,1,7.5071994215250015,6.5021,6.410752,0.8899,14555,0.001024,3.180288,,0.03456,0.16819199999999998,0.000256,0.14540799999999998,0.005376,0.012032,,0.002304,,1.07008
10647,74.354313399943308,19072628487838,1,6.541701965034008,7.9604,0.051456,2.805,14555,0.001024,3.28448,,0.040192,0.162816,0,0.142592,0.0076799999999999993,0.012032,,0.0025599999999999998,,1.083904
10648,74.36094430272108,19072628567442,1,6.6309026442468166,5.3048,6.517248,2.6127,14750,0.001024,3.240704,,0.034304,0.1664,0,0.145664,0.0084479999999999989,0.010239999999999999,,0.0025599999999999998,,1.088256
10649,74.367593799603171,19072628620490,1,6.649496965110302,7.3648,6.618112,2.4344,14555,0.001024,3.277312,,0.033535999999999996,0.16127999999999998,0,0.141312,0.0038399999999999997,0.011264,,0.0025599999999999998,,1.087488
10650,74.374233397108839,19072628694138,1,6.6395974718034267,6.3381,6.616064,2.3773,14555,0.001024,3.2895999999999996,,0.034816,0.15462399999999998,0,0.13414399999999999,0.012544,0.011264,,0.002304,,1.092608
10651,74.380937996031747,19072628757519,1,6.7045991308987141,5.942,6.629888,2.2623,14757,0.001024,3.273984,,0.034304,0.15692799999999998,0.000256,0.13747199999999998,0.003328,0.011776,,0.0025599999999999998,,1.084928
10652,74.387300496031742,19072628816939,1,6.3625001348555088,7.261,6.59456,2.1147,14555,0.001024,3.0894079999999997,,0.033791999999999996,0.150528,0,0.131072,0.0076799999999999993,0.010752,,0.0025599999999999998,,1.065728
10653,74.3939464994331,19072628889549,1,6.6460035741329193,6.1348,6.424576,2.3637,14555,0.001024,3.1685119999999998,,0.034048,0.154368,0,0.132608,0.004096,0.011007999999999999,,0.002304,,1.08928
10654,74.400513499149653,19072628950897,1,6.5669999457895756,7.1719,6.619392,2.5876,14555,0.001024,3.265792,,0.033791999999999996,0.150784,0,0.130816,0.0076799999999999993,0.010752,,0.0025599999999999998,,1.0813439999999999
10655,74.4069091978458,19072629022616,1,6.3956985250115395,6.4525,6.55104,2.1333,14555,0.001024,3.288064,,0.033791999999999996,0.1664,0,0.14464,0.008192,0.011264,,0.002304,,1.081856
10656,74.4135582979025,19072629087141,1,6.6491002216935158,6.9849,6.355456,1.9074,14555,0.001024,3.1009279999999997,,0.03456,0.15744,0,0.135936,0.009984,0.011776,,0.002304,,1.067264
10657,74.419976395975056,19072629156990,1,6.4180982299149036,5.332,6.5024,2.6576,14555,0.001024,3.210496,,0.034048,0.154112,0.000256,0.1344,0.003584,0.011519999999999999,,0.0025599999999999998,,1.087488
10658,74.426585997732417,19072629210310,1,6.6096018999814987,6.9996,6.377216,2.4363,14555,0.001024,3.093504,,0.034048,0.16512,0,0.144896,0.003328,0.010752,,0.003072,,1.067776
10659,74.433326601473922,19072629280306,1,6.7406035959720612,7.5691,6.5856,2.2168,14555,0.001024,3.20384,,0.034816,0.16614399999999999,0,0.146432,0.003584,0.012288,,0.0025599999999999998,,1.0680319999999999
10660,74.4398216978458,19072629355997,1,6.4950962550938129,5.0976,6.727936,2.2153,14555,0.001024,3.2949759999999997,,0.03456,0.306176,0.000256,0.137216,0.003584,0.010239999999999999,,0.002304,,1.069312
10661,74.446313300736961,19072629406973,1,6.49160286411643,6.5986,6.486272,2.162,14555,0.001024,3.1982079999999997,,0.03456,0.16768,0.000256,0.1472,0.007936,0.010752,,0.002304,,1.071104
10662,74.452757100340136,19072629472959,1,6.44379947334528,6.9049,6.458368,2.26,14555,0.001024,3.1692799999999997,,0.033791999999999996,0.16,0.000256,0.13824,0.006656,0.010496,,0.002304,,1.086976
10663,74.4595329010771,19072629542008,1,6.7758006043732166,6.7863,6.424832,2.1097,14555,0.001024,3.1825919999999996,,0.033791999999999996,0.15334399999999998,0.000256,0.133376,0.0076799999999999993,0.010752,,0.002304,,1.07904
10664,74.466035501700674,19072629609871,1,6.5026008524000645,6.5642,6.755584,2.5777,14555,0.001024,3.284992,,0.034048,0.16358399999999998,0.000256,0.141824,0.007936,0.012032,,0.002304,,1.264384
10665,74.472432497165528,19072629675513,1,6.3969953916966915,7.1455,6.487296,3.2818,32126,0.001024,3.178752,,0.034304,0.164352,0.000256,0.142592,0.007936,0.011007999999999999,,0.002304,,1.065984
10666,74.479082199546482,19072629746968,1,6.6497023217380047,6.5504,6.371072,2.4522,28940,0.001024,3.096832,,0.033791999999999996,0.15334399999999998,0,0.13312,0.003328,0.011007999999999999,,0.002304,,1.085696
10667,74.485675,19072629812472,1,6.5928003750741482,6.2878,6.616576,2.5505,49899,0.001024,3.292672,,0.034048,0.16512,0.000256,0.144128,0.007936,0.011519999999999999,,0.0025599999999999998,,1.090048
10668,74.492214902210875,19072629875350,1,6.5399021841585636,6.2911,6.568192,2.2335,44703,0.001024,3.18208,,0.033535999999999996,0.16127999999999998,0,0.141056,0.004096,0.010496,,0.002304,,1.0915839999999999
10669,74.498859899376413,19072629938261,1,6.6449972800910473,6.6799,6.535424,2.3534,14555,0.0012799999999999999,3.236608,,0.034304,0.16512,0.000256,0.143872,0.004096,0.011776,,0.002304,,1.09056
10670,74.505498299319726,19072630005060,1,6.6383997909724712,6.4819,6.618624,2.27,32126,0.001024,3.2913919999999997,,0.033535999999999996,0.15231999999999998,0,0.132352,0.0038399999999999997,0.010752,,0.0025599999999999998,,1.06752
10671,74.51216389597505,19072630069879,1,6.66559673845768,5.8813,6.532864,2.6002,29135,0.001024,3.1733759999999998,,0.033791999999999996,0.16025599999999998,0,0.140544,0.0076799999999999993,0.010496,,0.0025599999999999998,,1.069056
10672,74.518638598356,19072630128692,1,6.4747021533548832,7.598,6.728192,2.9139,14555,0.001024,3.185408,,0.039936,0.16358399999999998,0,0.141824,0.0076799999999999993,0.010496,,0.002048,,1.08544
10673,74.525260296201807,19072630204672,1,6.6216979175806046,6.4078,6.454528,3.0028,14555,0.001024,3.095808,,0.033791999999999996,0.161792,0.000256,0.14207999999999998,0.003584,0.011007999999999999,,0.002304,,1.064448
10674,74.531898299319721,19072630268750,1,6.638003047555685,7.0551,6.59456,3.1767,14555,0.001024,3.264512,,0.034048,0.161792,0,0.140288,0.007936,0.011264,,0.0025599999999999998,,1.06368
10675,74.538872796201815,19072630339301,1,6.974496878683567,6.61,6.623744,3.0526,14555,0.001024,3.175424,,0.039424,0.165376,0,0.14438399999999998,0.0076799999999999993,0.012032,,0.0025599999999999998,,1.08416
10676,74.545297902494326,19072630405401,1,6.4251064322888851,5.9824,6.955008,2.7123,14607,0.001024,3.193088,,0.035072,0.167936,0,0.14592,0.003072,0.010496,,0.0025599999999999998,,1.08416
10677,74.551862797619052,19072630465225,1,6.5648951567709446,7.2608,6.407936,2.5832,14555,0.001024,3.0996479999999997,,0.034048,0.16127999999999998,0.000256,0.141568,0.003328,0.011007999999999999,,0.002816,,1.083392
10678,74.558665596655331,19072630537833,1,6.802799180150032,6.5639,6.547712,2.7203,14555,0.001024,3.198976,,0.033535999999999996,0.15795199999999998,0.000256,0.13824,0.0038399999999999997,0.010239999999999999,,0.0025599999999999998,,1.087232
10679,74.565194897959174,19072630603472,1,6.5293014049530029,6.3178,6.760192,2.6606,14555,0.001024,3.09376,,0.03968,0.157184,0,0.13696,0.007936,0.010752,,0.0025599999999999998,,1.063168
10680,74.5718591978458,19072630666650,1,6.6642998717725277,7.1336,6.532352,2.4199,14555,0.001024,3.1618559999999998,,0.033535999999999996,0.16,0,0.140032,0.007936,0.011264,,0.002304,,1.063424
10681,74.578421400226759,19072630737986,1,6.5622022375464439,6.8604,6.639616,2.8931,14555,0.001024,3.28064,,0.033791999999999996,0.158464,0,0.13824,0.0076799999999999993,0.011264,,0.002816,,1.0664959999999999
10682,74.585037400793652,19072630806590,1,6.6160005517303944,6.6145,6.550784,2.9216,76425,0.001024,3.173888,,0.033535999999999996,0.161792,0,0.14207999999999998,0.003328,0.011264,,0.002816,,1.063424
10683,74.5916748015873,19072630872735,1,6.6374009475111961,6.1516,6.582784,2.8104,17551,0.001024,3.239168,,0.03328,0.153856,0.000256,0.133888,0.004352,0.010752,,0.002304,,1.066752
10684,74.598857596371886,19072630934251,1,7.1827946230769157,6.6223,6.621184,0.7874,14555,0.001024,3.2888319999999998,,0.033535999999999996,0.158976,0,0.13977599999999998,0.0038399999999999997,0.012032,,0.002304,,1.069312
10685,74.605385196995456,19072631000474,1,6.5276008099317551,7.5258,0.043008,3.064,18001,0.001024,3.2906239999999998,,0.034304,0.16025599999999998,0,0.140032,0.0076799999999999993,0.010752,,0.003072,,1.252864
10686,74.6117637967687,19072631075732,1,6.3785999082028866,6.0856,6.577664,2.2012,14555,0.001024,3.2701439999999997,,0.03456,0.16512,0,0.14310399999999998,0.003584,0.011007999999999999,,0.002304,,1.0864639999999999
10687,74.618247101757362,19072631136588,1,6.4833047799766064,6.1318,6.355712,2.8502,14555,0.001024,3.0911999999999997,,0.034048,0.157696,0,0.13696,0.007936,0.010239999999999999,,0.0025599999999999998,,1.067264
10688,74.624797902494322,19072631197906,1,6.5508005209267139,7.1068,6.463488,2.4032,14555,0.0012799999999999999,3.17696,,0.034048,0.15795199999999998,0,0.13696,0.003328,0.010752,,0.002816,,1.08416
10689,74.6315167020975,19072631268974,1,6.7187994718551636,6.0624,6.516992,2.4345,14555,0.001024,3.264512,,0.034048,0.155392,0,0.134656,0.003328,0.011007999999999999,,0.002304,,1.0862079999999998
10690,74.638143799603171,19072631329598,1,6.6270977258682251,6.0236,6.695168,2.9725,14555,0.001024,3.174144,,0.03328,0.160512,0,0.140288,0.003584,0.011264,,0.0025599999999999998,,1.2400639999999998
10691,74.644520698696141,19072631389834,1,6.3768993131816387,7.489,6.480384,2.9129,14555,0.001024,3.233536,,0.034048,0.16486399999999998,0,0.143872,0.007936,0.011776,,0.002304,,1.067008
10692,74.65136940192744,19072631464724,1,6.8487031385302544,7.1297,6.4768,2.2794,14555,0.001024,3.1777279999999997,,0.033791999999999996,0.161024,0.000256,0.141312,0.007424,0.011519999999999999,,0.002304,,1.0864639999999999
10693,74.657969401927431,19072631536021,1,6.5999999642372131,5.8848,6.81472,2.2413,14555,0.001024,3.295232,,0.040192,0.16358399999999998,0,0.141056,0.0076799999999999993,0.010496,,0.002304,,1.087744
10694,74.664407596371873,19072631594869,1,6.4381943084299564,6.2717,6.58048,2.465,14750,0.001024,3.2762879999999996,,0.034304,0.16512,0,0.143872,0.012032,0.011776,,0.002304,,1.085184
10695,74.670997200963711,19072631657586,1,6.5896045416593552,6.679,6.428928,2.5308,14555,0.001024,3.1692799999999997,,0.033791999999999996,0.165632,0,0.143872,0.007936,0.011776,,0.0025599999999999998,,1.065472
10696,74.677539597505671,19072631724376,1,6.5423967316746712,7.5635,6.554112,2.5563,14555,0.0012799999999999999,3.188736,,0.033791999999999996,0.152832,0,0.13286399999999998,0.0076799999999999993,0.010239999999999999,,0.002304,,1.088768
10697,74.683935097789117,19072631800011,1,6.3955001533031464,5.5003,6.537216,2.2656,14757,0.001024,3.229184,,0.034048,0.1664,0,0.14464,0.003584,0.011264,,0.0025599999999999998,,1.079296
10698,74.690477097505664,19072631855014,1,6.5419995225965977,7.1205,6.372864,2.3591,14555,0.001024,3.085568,,0.034048,0.15462399999999998,0.000256,0.134656,0.003584,0.010752,,0.0025599999999999998,,1.083648
10699,74.697122399376411,19072631926219,1,6.6453018225729465,6.4051,6.51776,2.6676,14555,0.001024,3.1831039999999997,,0.03328,0.15872,0,0.138752,0.0038399999999999997,0.011007999999999999,,0.0025599999999999998,,1.080576
10700,74.703604095804991,19072631990270,1,6.4816963858902454,6.3044,6.623488,3.0845,14555,0.001024,3.089152,,0.039168,0.16383999999999999,0,0.142592,0.006144,0.010496,,0.002304,,1.065216
10701,74.710206001984119,19072632053314,1,6.601906381547451,7.3925,6.454016,2.4329,14555,0.001024,3.0978559999999997,,0.033791999999999996,0.158208,0,0.137216,0.007936,0.011264,,0.002304,,1.0816
10702,74.716776098356007,19072632127239,1,6.570096593350172,5.7924,6.584064,2.4507,14555,0.001024,3.234304,,0.03328,0.162304,0,0.14207999999999998,0.012032,0.011007999999999999,,0.002304,,1.0862079999999998
10703,74.7236100977891,19072632185163,1,6.8339994177222252,6.4325,6.543872,2.5275,14555,0.001024,3.234304,,0.03328,0.162304,0,0.14207999999999998,0.012032,0.011007999999999999,,0.002304,,1.0862079999999998
10704,74.7302294005102,19072632249488,1,6.6193025559186935,6.8253,6.802944,2.1017,14555,0.001024,3.2906239999999998,,0.034816,0.15334399999999998,0,0.13312,0.003328,0.011776,,0.0025599999999999998,,1.08928
10705,74.736978195861681,19072632317741,1,6.7487955093383789,7.7475,6.610944,2.3745,14555,0.001024,3.292672,,0.03328,0.160768,0,0.141056,0.003584,0.011264,,0.0025599999999999998,,1.086976
10706,74.743547399376411,19072632395216,1,6.5692034550011158,5.4103,6.619392,2.7253,14555,0.001024,3.0911999999999997,,0.033791999999999996,0.151808,0,0.13183999999999998,0.010496,0.010752,,0.002304,,1.271296
10707,74.749916298185937,19072632449319,1,6.3688987866044044,6.7393,6.641408,2.212,14607,0.001024,3.28448,,0.033535999999999996,0.160768,0,0.14079999999999998,0.007936,0.010752,,0.0025599999999999998,,1.087488
10708,74.756431101190472,19072632516712,1,6.5148030407726765,7.1726,6.35648,2.8876,14555,0.001024,3.085568,,0.034048,0.155904,0.000256,0.1344,0.004096,0.010496,,0.002304,,1.067776
10709,74.763065596655323,19072632588438,1,6.6344956867396832,6.2519,6.483712,2.26,14555,0.001024,3.1697919999999997,,0.033535999999999996,0.15462399999999998,0,0.1344,0.007936,0.011519999999999999,,0.002304,,1.084416
10710,74.769419501133783,19072632650957,1,6.3539044931530952,6.3607,6.605056,2.5549,14555,0.001024,3.288576,,0.034048,0.15616,0.000256,0.134656,0.004096,0.010752,,0.002304,,1.08672
10711,74.77594880243764,19072632714564,1,6.5293014049530029,6.4599,6.339328,2.5508,14555,0.0012799999999999999,3.092736,,0.034304,0.153088,0.000256,0.132608,0.003584,0.011007999999999999,,0.0025599999999999998,,1.0816
10712,74.782798696145122,19072632779163,1,6.8498938344419,6.4516,6.514944,2.6851,14757,0.001024,3.1861759999999997,,0.034048,0.161024,0,0.141312,0.003584,0.012032,,0.002304,,1.084416
10713,74.789288102324264,19072632843679,1,6.4894063398242,6.0549,6.82496,2.6387,14555,0.001024,3.293952,,0.033791999999999996,0.15334399999999998,0,0.133632,0.009216,0.012032,,0.0025599999999999998,,1.088256
10714,74.796201395975061,19072632904228,1,6.913293618708849,6.8177,6.470912,3.3085,14555,0.001024,3.2363519999999997,,0.034048,0.15564799999999998,0,0.134912,0.0048639999999999994,0.011264,,0.0025599999999999998,,1.0680319999999999
10715,74.802781299603168,19072632972405,1,6.579903420060873,7.3606,6.8032,2.8478,14555,0.001024,3.287552,,0.033535999999999996,0.154112,0,0.1344,0.003584,0.012032,,0.002304,,1.065216
10716,74.809295897108839,19072633046011,1,6.5145976841449738,7.7752,6.620672,2.8296,14555,0.001024,3.2906239999999998,,0.033791999999999996,0.15334399999999998,0,0.133376,0.005632,0.010239999999999999,,0.0025599999999999998,,1.0813439999999999
10717,74.815918601190475,19072633123763,1,6.6227042116224766,4.9706,6.492672,2.2844,14750,0.0012799999999999999,3.183616,,0.033535999999999996,0.16255999999999998,0,0.14079999999999998,0.007936,0.011007999999999999,,0.002304,,1.065216
10718,74.822344897959184,19072633173469,1,6.4262966625392437,7.6031,6.6048,2.3312,14555,0.001024,3.27168,,0.033535999999999996,0.1472,0,0.126976,0.003328,0.010752,,0.0025599999999999998,,1.08032
10719,74.828965497448976,19072633249500,1,6.6205994226038456,6.0329,6.399232,2.2787,14555,0.001024,3.09504,,0.033791999999999996,0.153856,0.000256,0.133888,0.0038399999999999997,0.011519999999999999,,0.002304,,1.080576
10720,74.8358248015873,19072633309829,1,6.859303917735815,6.1435,6.61248,2.7914,76223,0.001024,3.2762879999999996,,0.033791999999999996,0.15334399999999998,0,0.133632,0.003328,0.011776,,0.0025599999999999998,,1.065984
10721,74.843402402210884,19072633371264,1,7.5776004232466221,6.7498,6.829056,2.6023,14555,0.001024,3.2097279999999997,,0.038655999999999996,0.157184,0,0.13696,0.0076799999999999993,0.012288,,0.0025599999999999998,,1.08672
10722,74.851223200113381,19072633438762,1,7.8207980841398239,6.6713,7.554048,0.5829,14555,0.001024,3.288576,,0.035584,0.16025599999999998,0.000256,0.13952,0.007424,0.010752,,0.0025599999999999998,,1.069312
10723,74.858135196995462,19072633505475,1,6.9119967520236969,7.8696,0.035328,2.573,14555,0.0012799999999999999,3.222528,,0.038911999999999995,0.15488,0.000256,0.134912,0.0076799999999999993,0.010496,,0.002304,,1.590528
10724,74.865243296485261,19072633584171,1,7.1080992929637432,5.9812,6.89664,3.1742,14555,0.001024,3.1861759999999997,,0.042752,0.163072,0,0.141056,0.003072,0.010496,,0.0025599999999999998,,1.0688
10725,74.872190100623584,19072633643983,1,6.9468040019273758,8.575,7.087616,2.9843,14555,0.001024,3.287808,,0.034304,0.163328,0.000256,0.14336,0.003072,0.011519999999999999,,0.002816,,1.06368
10726,74.879102196712012,19072633729733,1,6.9120959378778934,7.1408,6.928128,2.9924,14555,0.001024,3.280128,,0.035328,0.152576,0.000256,0.13183999999999998,0.003328,0.010239999999999999,,0.002304,,1.065728
10727,74.886159098639453,19072633801141,1,7.0569016970694065,7.1906,6.884608,3.0318,14757,0.0012799999999999999,3.09888,,0.034304,0.15692799999999998,0.000256,0.136704,0.0076799999999999993,0.011519999999999999,,0.002304,,1.32864
10728,74.892955796485253,19072633873047,1,6.7966976203024387,6.9238,7.040256,2.5667,14555,0.001024,3.241984,,0.039936,0.159744,0.000256,0.138752,0.0076799999999999993,0.010752,,0.002816,,1.087488
10729,74.899932497165537,19072633942285,1,6.9767008535563946,6.3355,6.7712,2.4605,14555,0.001024,3.0960639999999997,,0.03968,0.16025599999999998,0,0.137728,0.011776,0.010752,,0.0025599999999999998,,1.08672
10730,74.907133801020407,19072634005640,1,7.2013037279248238,7.3871,6.955776,2.4648,14555,0.001024,3.1777279999999997,,0.039168,0.155136,0.000256,0.134656,0.004096,0.010496,,0.002304,,1.084928
10731,74.91395350056689,19072634079511,1,6.8196994252502918,6.7913,7.182336,2.7662,14555,0.001024,3.2683519999999997,,0.033791999999999996,0.157184,0,0.13747199999999998,0.007936,0.011519999999999999,,0.0025599999999999998,,1.349376
10732,74.921384998582766,19072634147424,1,7.431497797369957,6.38,6.807808,3.0771,14555,0.001024,3.183616,,0.035072,0.165376,0,0.14464,0.003072,0.011264,,0.002304,,1.0698239999999999
10733,74.928451098356,19072634211224,1,7.0660999044775963,8.0222,7.4048,2.7947,14555,0.001024,3.2906239999999998,,0.03456,0.152832,0,0.132608,0.003584,0.011264,,0.0025599999999999998,,1.2536319999999999
10734,74.936401700680264,19072634291446,1,7.9506020992994308,6.4807,7.046144,2.5675,14555,0.001024,3.08864,,0.039168,0.15923199999999998,0,0.13747199999999998,0.010496,0.011264,,0.0025599999999999998,,1.600256
10735,74.9433843962585,19072634356253,1,6.9826957769691944,7.2178,7.931136,2.169,14555,0.001024,3.197184,,0.03328,0.456704,0,0.133888,0.008192,0.012032,,0.0025599999999999998,,1.376768
10736,74.9507591978458,19072634428431,1,7.3748016729950905,7.52,6.955264,2.1919,14555,0.001024,3.2678399999999996,,0.034304,0.157696,0,0.137216,0.007936,0.010496,,0.0025599999999999998,,1.065728
10737,74.957961401643985,19072634503631,1,7.20220385119319,6.999,7.362048,2.6821,14607,0.001024,3.182848,,0.03456,0.157184,0,0.13644799999999999,0.0038399999999999997,0.012032,,0.002304,,1.607936
10738,74.9651507015306,19072634573621,1,7.1892999112606049,7.5638,7.19744,2.5944,14555,0.001024,3.201536,,0.035584,0.164352,0,0.144128,0.003072,0.012288,,0.0025599999999999998,,1.259264
10739,74.9721503968254,19072634649259,1,6.9996952079236507,7.5955,7.16928,2.3093,14750,0.001024,3.176704,,0.034816,0.162048,0,0.141056,0.004096,0.011519999999999999,,0.002304,,1.084416
10740,74.979504698129247,19072634725214,1,7.3543014004826546,6.8777,6.968832,2.231,14555,0.001024,3.17568,,0.040959999999999996,0.15744,0,0.13644799999999999,0.005888,0.011007999999999999,,0.002304,,1.322496
10741,74.98633550170068,19072634793991,1,6.8308035843074322,6.7088,7.337728,2.2296,14757,0.001024,3.2404479999999998,,0.040192,0.158464,0,0.137728,0.007936,0.010239999999999999,,0.002304,,1.252608
10742,74.993280399659866,19072634861079,1,6.9448980502784252,7.5848,6.81216,3.3659,14555,0.0012799999999999999,3.2750079999999997,,0.035328,0.16716799999999998,0,0.146176,0.003072,0.012032,,0.0025599999999999998,,1.067264
10743,75.000459899376409,19072634936927,1,7.1794996038079262,7.01,6.930432,3.2464,14555,0.001024,3.236608,,0.040448,0.164096,0,0.143616,0.0076799999999999993,0.010239999999999999,,0.002304,,1.0664959999999999
10744,75.007564002267571,19072635007027,1,7.1041029877960682,7.6892,7.086336,2.7523,14555,0.001024,3.22944,,0.034048,0.14668799999999999,0,0.12672,0.003584,0.010752,,0.0025599999999999998,,1.337856
10745,75.01458869756236,19072635083919,1,7.0246951654553413,6.337,7.152896,2.6978,14555,0.001024,3.2895999999999996,,0.034816,0.1536,0,0.133632,0.003328,0.011264,,0.0025599999999999998,,1.232128
10746,75.022030102040816,19072635147289,1,7.4414042755961418,8.0335,7.000576,2.5875,14555,0.001024,3.2384,,0.038911999999999995,0.158208,0,0.13696,0.0076799999999999993,0.010752,,0.002304,,1.08928
10747,75.029155102040818,19072635227624,1,7.12500000372529,6.2182,7.438848,2.478,14555,0.001024,3.183616,,0.035328,0.16512,0,0.144896,0.0076799999999999993,0.011776,,0.002304,,1.321728
10748,75.03626580215419,19072635289806,1,7.1107000112533569,7.1795,7.085568,2.752,14555,0.001024,3.093248,,0.033791999999999996,0.16025599999999998,0,0.140544,0.003328,0.010496,,0.002304,,1.347072
10749,75.04344550028344,19072635361601,1,7.1796979755163193,8.4404,7.098368,2.537,14555,0.0012799999999999999,3.2399359999999997,,0.034816,0.153088,0,0.13286399999999998,0.003584,0.011264,,0.0025599999999999998,,1.09056
10750,75.050895301870739,19072635446005,1,7.4498015455901623,6.0827,7.154176,2.7202,14555,0.001024,3.1910399999999997,,0.035584,0.156416,0.000256,0.135936,0.0038399999999999997,0.011776,,0.002304,,1.086976
10751,75.058139902210883,19072635506832,1,7.24460044875741,7.1491,7.421952,2.7955,14555,0.001024,3.231744,,0.034816,0.150784,0,0.130304,0.007424,0.011776,,0.0025599999999999998,,1.260032
10752,75.0653713010204,19072635578323,1,7.2313989512622356,7.3432,7.212288,2.7837,14555,0.001024,3.2785919999999997,,0.203264,0.163328,0,0.13977599999999998,0.003328,0.011007999999999999,,0.002304,,1.251328
10753,75.073065497448979,19072635651755,1,7.6941964216530323,7.9027,7.2384,2.2821,14555,0.0012799999999999999,3.2670719999999998,,0.03456,0.153856,0.000256,0.133632,0.005376,0.010496,,0.0025599999999999998,,1.065984
10754,75.080152295918367,19072635730782,1,7.0867985486984253,6.3312,7.67232,2.3641,14757,0.001024,3.2678399999999996,,0.038144,0.155136,0.000256,0.1344,0.003328,0.012032,,0.002304,,1.388032
10755,75.087523299319727,19072635794094,1,7.3710032738745213,7.3376,7.072,2.7234,76223,0.001024,3.287296,,0.038911999999999995,0.156672,0.000256,0.135936,0.007424,0.010496,,0.002304,,1.084416
10756,75.096106001984126,19072635867470,1,8.5827028378844261,7.1182,7.33952,2.3973,17551,0.001024,3.287296,,0.038911999999999995,0.156672,0.000256,0.135936,0.007424,0.010496,,0.002304,,1.084416
10757,75.104462202380944,19072635938652,1,8.3562005311250687,7.5998,6.985472,0.5823,14555,0.001024,3.2888319999999998,,0.03456,0.16358399999999998,0,0.142336,0.003584,0.010496,,0.002816,,1.321728
10758,75.114038399943311,19072636014650,1,9.57619771361351,8.5024,0.045568,3.4395,18001,0.001024,3.273472,,0.03456,0.169216,0,0.148736,0.0038399999999999997,0.011519999999999999,,0.003072,,1.650944
10759,75.1242538973923,19072636099674,1,10.215497575700283,8.552,7.283456,3.4739,14750,0.000768,3.204096,,0.035584,0.16614399999999999,0.000256,0.14540799999999998,0.0038399999999999997,0.012032,,0.002304,,1.230848
10760,75.13196320153061,19072636185194,1,7.7093043364584446,7.8384,7.137792,2.9935,14555,0.001024,3.297024,,0.03456,0.163328,0,0.142336,0.007936,0.011264,,0.002816,,1.3312
10761,75.1396339994331,19072636263578,1,7.670797873288393,10.7996,7.12192,2.4287,14555,0.001024,3.2110079999999996,,0.034816,0.16486399999999998,0,0.143872,0.007424,0.010496,,0.0025599999999999998,,1.224192
10762,75.147565695861672,19072636371574,1,7.9316962510347366,8.6734,7.153152,2.458,14555,0.001024,3.2110079999999996,,0.034816,0.16486399999999998,0,0.143872,0.007424,0.010496,,0.0025599999999999998,,1.224192
10763,75.185507397959185,19072636458308,1,37.941701710224152,7.6088,7.105024,2.1811,14757,0.001024,3.228928,,0.03456,0.157184,0,0.13747199999999998,0.0076799999999999993,0.011264,,0.002304,,1.3222399999999999
10764,75.191831901927429,19072636534396,1,6.3245040364563465,8.1299,6.9504,3.1125,14607,0.001024,3.193856,,0.03456,0.161024,0,0.141056,0.003072,0.010239999999999999,,0.002304,,1.087744
10765,75.1987955994898,19072636615695,1,6.9636977277696133,7.4252,7.139328,2.77,14555,0.001024,3.276544,,0.034816,0.15872,0.000256,0.138752,0.003072,0.011519999999999999,,0.0025599999999999998,,1.066752
10766,75.206041298185937,19072636689947,1,7.2456984780728817,39.752,6.425344,2.443,14555,0.001024,3.0911999999999997,,0.03328,0.151808,0.000256,0.133632,0.0076799999999999993,0.010496,,0.002304,,1.087744
10767,75.213348299319719,19072637087467,1,7.3070009239017963,4.2194,7.220736,1.7875,14555,0.001024,3.2192,,0.032768,0.159744,0,0.13952,0.007168,0.013568,,0.002304,,1.316864
10768,75.2201803004535,19072637129661,1,6.8320012651383877,6.4853,7.210496,2.5312,14555,0.001024,3.279104,,0.041728,0.15795199999999998,0,0.13747199999999998,0.0076799999999999993,0.011007999999999999,,0.0025599999999999998,,1.063424
10769,75.2266133999433,19072637194514,1,6.4330995082855225,7.8966,6.885888,2.3694,14555,0.001024,3.2647679999999997,,0.03968,0.15231999999999998,0.000256,0.131584,0.007424,0.010239999999999999,,0.0025599999999999998,,1.083392
10770,75.23316009778911,19072637273480,1,6.5466980449855328,7.52,6.406912,2.8249,14555,0.001024,3.0906879999999997,,0.033535999999999996,0.160512,0,0.140544,0.003328,0.011264,,0.0025599999999999998,,1.080064
10771,75.240078096655324,19072637348680,1,6.9179986603558064,6.175,6.523904,3.0608,14555,0.001024,3.2296959999999997,,0.033791999999999996,0.157696,0,0.137728,0.009216,0.010752,,0.0025599999999999998,,1.061888
10772,75.2471466978458,19072637410430,1,7.0686009712517262,7.631,6.871808,2.7794,14555,0.001024,3.2834559999999997,,0.035072,0.1536,0,0.133376,0.003072,0.012032,,0.0025599999999999998,,1.082112
10773,75.25380980017006,19072637486740,1,6.6631021909415722,6.6813,7.075584,3.0984,14555,0.0012799999999999999,3.2235519999999998,,0.03712,0.151552,0.000256,0.131328,0.007424,0.0097279999999999988,,0.003072,,1.078784
10774,75.260448802437637,19072637553553,1,6.6390023566782475,6.2845,6.642176,2.7651,14555,0.001024,3.240192,,0.034048,0.164096,0,0.142592,0.004096,0.010752,,0.002304,,1.24416
10775,75.267034601757373,19072637616398,1,6.5857991576194763,7.1305,6.622208,2.6202,14555,0.001024,3.293952,,0.033791999999999996,0.158208,0,0.13747199999999998,0.003328,0.010496,,0.002304,,1.0915839999999999
10776,75.273691099773245,19072637687703,1,6.6564981825649738,6.8882,6.562816,2.5404,14750,0.001024,3.235584,,0.033535999999999996,0.151808,0,0.132352,0.003584,0.010496,,0.002304,,1.0680319999999999
10777,75.28013210034014,19072637756585,1,6.4410003833472729,6.831,6.637824,3.0432,14757,0.001024,3.288064,,0.03328,0.15231999999999998,0,0.13183999999999998,0.011519999999999999,0.010496,,0.002304,,1.070592
10778,75.28677999574829,19072637824895,1,6.6478955559432507,6.5443,6.420992,2.982,14555,0.0012799999999999999,3.178496,,0.033791999999999996,0.15795199999999998,0,0.136704,0.010496,0.011776,,0.002304,,1.0695679999999999
10779,75.29337909580498,19072637890338,1,6.5990998409688473,7.0941,6.625024,3.1159,20339,0.003584,3.291136,,0.03328,0.15462399999999998,0.000256,0.1344,0.004096,0.012032,,0.002304,,1.0647039999999999
10780,75.299968601190471,19072637961279,1,6.5895053558051586,5.94,6.580736,2.7071,14555,0.001024,3.282432,,0.034048,0.16,0,0.13849599999999998,0.003328,0.012032,,0.002304,,1.0680319999999999
10781,75.306560097789117,19072638020679,1,6.5914965234696865,6.9808,6.55744,2.5663,14555,0.001024,3.222784,,0.03328,0.149248,0,0.130048,0.003584,0.010752,,0.0025599999999999998,,1.0664959999999999
10782,75.313137096088425,19072638090487,1,6.57699815928936,6.477,6.580736,2.3635,14555,0.001024,3.088384,,0.034816,0.15462399999999998,0,0.134656,0.0048639999999999994,0.010496,,0.002304,,1.084928
10783,75.31982619756235,19072638155257,1,6.6891014575958252,5.9349,6.551296,2.4965,14555,0.001024,3.236096,,0.033535999999999996,0.16255999999999998,0,0.142592,0.0076799999999999993,0.011776,,0.002304,,1.064192
10784,75.326162202380942,19072638214606,1,6.3360049389302731,7.1473,6.584064,2.6271,14555,0.001024,3.267584,,0.03328,0.152064,0,0.132096,0.003328,0.011007999999999999,,0.0025599999999999998,,1.064448
10785,75.332805102040808,19072638286079,1,6.6428994759917259,6.312,6.409472,3.0188,14555,0.001024,3.099904,,0.033535999999999996,0.158976,0,0.138752,0.0076799999999999993,0.011519999999999999,,0.0025599999999999998,,1.064192
10786,75.3394091978458,19072638349199,1,6.604095920920372,7.3506,6.624768,3.222,82152,0.001024,3.284992,,0.033535999999999996,0.15872,0,0.138752,0.003328,0.011264,,0.0025599999999999998,,1.065728
10787,75.346212096088436,19072638422705,1,6.8028983660042286,5.428,6.578432,2.5033,14555,0.001024,3.236096,,0.034048,0.15923199999999998,0,0.13747199999999998,0.003328,0.010752,,0.0025599999999999998,,1.0862079999999998
10788,75.3542169005102,19072638476985,1,8.0048041418194771,6.7488,6.646528,0.8195,14555,0.001024,3.2847359999999997,,0.034048,0.16153599999999999,0,0.141824,0.003584,0.010239999999999999,,0.002816,,1.066752
10789,75.36144800170068,19072638544473,1,7.231101393699646,8.8045,0.035584,2.6906,14555,0.001024,3.2750079999999997,,0.0384,0.15692799999999998,0,0.136704,0.003584,0.011776,,0.0025599999999999998,,1.069312
10790,75.367971102607711,19072638632518,1,6.5231011249125,4.6458,6.97472,2.8036,14555,0.001024,3.2732159999999997,,0.033791999999999996,0.155904,0.000256,0.134656,0.003584,0.011264,,0.002304,,1.070336
10791,75.374472002551016,19072638678976,1,6.5008997917175293,8.5435,6.397696,3.1625,14555,0.001024,3.0978559999999997,,0.034048,0.15488,0,0.13568,0.003584,0.010752,,0.002816,,1.06496
10792,75.381119798752835,19072638764411,1,6.6477963700890541,7.0131,6.566912,2.4012,28208,0.001024,3.289344,,0.033791999999999996,0.165632,0,0.14464,0.0038399999999999997,0.011776,,0.002304,,1.0831359999999999
10793,75.387797200963718,19072638834542,1,6.6774021834135056,6.1834,6.611968,2.5923,14555,0.001024,3.263744,,0.03328,0.158208,0.000256,0.13824,0.005376,0.011776,,0.0025599999999999998,,1.0629119999999999
10794,75.394310501700673,19072638896376,1,6.5133008174598217,6.6947,6.643456,2.3835,14607,0.001024,3.266816,,0.03328,0.15923199999999998,0.000256,0.13977599999999998,0.0048639999999999994,0.010752,,0.002304,,1.087744
10795,75.400973596938769,19072638963323,1,6.6630952060222626,6.3523,6.50496,2.8084,14555,0.001024,3.185408,,0.033791999999999996,0.16255999999999998,0.000256,0.141568,0.0038399999999999997,0.012032,,0.002304,,1.0688
10796,75.40749739937641,19072639026846,1,6.5238024108111858,6.8119,6.638848,2.8633,14555,0.001024,3.288064,,0.033791999999999996,0.15923199999999998,0,0.139264,0.003584,0.010752,,0.002304,,1.06368
10797,75.414065100623574,19072639094965,1,6.567701231688261,6.8073,6.496768,2.7883,14555,0.001024,3.186944,,0.03328,0.153856,0,0.133632,0.003584,0.012288,,0.0025599999999999998,,1.068544
10798,75.42060289824262,19072639163038,1,6.5377973951399326,6.3041,6.547968,2.6139,14555,0.001024,3.26912,,0.034048,0.162816,0,0.141312,0.004096,0.010239999999999999,,0.002304,,1.085952
10799,75.427100602324259,19072639226079,1,6.4977039583027363,6.2881,6.439936,2.7903,14750,0.001024,3.095552,,0.03328,0.15488,0,0.135424,0.007936,0.010496,,0.0025599999999999998,,1.067776
10800,75.433715199829933,19072639288960,1,6.6145975142717361,7.2468,6.557184,2.3531,14555,0.001024,3.2345599999999997,,0.033535999999999996,0.155136,0,0.135424,0.003584,0.010239999999999999,,0.0025599999999999998,,1.087744
10801,75.440299298469384,19072639361428,1,6.5840985625982285,6.0111,6.564352,2.4675,14555,0.001024,3.2253439999999998,,0.034048,0.150784,0,0.131072,0.0063999999999999994,0.011264,,0.0025599999999999998,,1.083904
10802,75.447218098072554,19072639421539,1,6.9187995977699757,6.0813,6.6048,2.8659,14555,0.001024,3.2803839999999997,,0.033791999999999996,0.168448,0,0.148224,0.003328,0.010496,,0.002816,,1.0611199999999998
10803,75.453702997448971,19072639482352,1,6.4848992042243481,7.4489,6.791424,3.2056,14555,0.001024,3.2832,,0.038655999999999996,0.158976,0,0.138752,0.0076799999999999993,0.011776,,0.002304,,1.0629119999999999
10804,75.460161897675732,19072639556841,1,6.4589004032313824,6.9051,6.569728,3,14555,0.001024,3.241472,,0.033791999999999996,0.159488,0,0.137984,0.0097279999999999988,0.012032,,0.002304,,1.065984
10805,75.466635600907026,19072639625892,1,6.4737033098936081,6.4469,6.436608,3.0399,14555,0.001024,3.099904,,0.033535999999999996,0.15923199999999998,0,0.13952,0.003328,0.011264,,0.0025599999999999998,,1.068288
10806,75.473103096655322,19072639690361,1,6.4674955792725086,6.6107,6.447104,2.264,14555,0.001024,3.09376,,0.033791999999999996,0.14771199999999998,0,0.128,0.003584,0.010752,,0.002304,,1.089536
10807,75.479700297619047,19072639756468,1,6.5972008742392063,5.9529,6.44992,2.7018,14757,0.001024,3.099904,,0.03328,0.153856,0.000256,0.13414399999999999,0.003584,0.012032,,0.002304,,1.072384
10808,75.486301098356009,19072639815997,1,6.6008009016513824,6.7571,6.563584,2.3201,14555,0.0012799999999999999,3.24096,,0.034048,0.160768,0.000256,0.140544,0.003328,0.010496,,0.0025599999999999998,,1.087744
10809,75.492787096088435,19072639883568,1,6.485997699201107,5.8472,6.578432,3.0253,14555,0.001024,3.234304,,0.03328,0.156416,0,0.136704,0.0076799999999999993,0.010752,,0.002304,,1.067008
10810,75.499211500850336,19072639942040,1,6.4244046807289124,7.0297,6.473728,3.0803,14555,0.001024,3.173888,,0.03328,0.155136,0.000256,0.13568,0.003584,0.011519999999999999,,0.0025599999999999998,,1.0662399999999999
10811,75.505715695861682,19072640012337,1,6.5041948109865189,6.5468,6.386176,3.1252,14555,0.001024,3.095808,,0.034304,0.155904,0,0.13516799999999998,0.003328,0.010496,,0.002816,,1.067776
10812,75.5120919005102,19072640077805,1,6.3762045465409756,6.5893,6.504704,2.8263,14555,0.001024,3.1649279999999997,,0.03328,0.15744,0,0.137984,0.003584,0.010752,,0.002304,,1.06496
10813,75.518723802437634,19072640143698,1,6.631901953369379,6.3333,6.353408,2.9315,14555,0.001024,3.092224,,0.033535999999999996,0.16588799999999998,0,0.14438399999999998,0.003584,0.011776,,0.002304,,1.06496
10814,75.525350297619042,19072640207031,1,6.6264951601624489,6.6447,6.601984,2.6471,14555,0.001024,3.233024,,0.033535999999999996,0.160512,0.000256,0.140032,0.007936,0.010239999999999999,,0.002304,,1.084928
10815,75.531838102324258,19072640273478,1,6.4878049306571484,6.0258,6.5216,2.3708,14555,0.001024,3.1800319999999997,,0.03328,0.153856,0.000256,0.1344,0.007424,0.010239999999999999,,0.002304,,1.083904
10816,75.538358297902491,19072640333736,1,6.5201953984797,7.1435,6.570752,2.2597,14555,0.001024,3.2670719999999998,,0.033535999999999996,0.150784,0.000256,0.130816,0.003584,0.010496,,0.002304,,1.085696
10817,75.544943700396828,19072640405171,1,6.58540241420269,6.0778,6.502912,2.9141,14555,0.001024,3.185408,,0.03328,0.152576,0,0.13286399999999998,0.0063999999999999994,0.011264,,0.002304,,1.0846719999999999
10818,75.551414101473924,19072640465949,1,6.4704013057053089,6.4763,6.559744,2.7912,14555,0.001024,3.2404479999999998,,0.033791999999999996,0.16255999999999998,0.000256,0.142592,0.003584,0.011519999999999999,,0.002304,,1.087232
10819,75.558126395975052,19072640530712,1,6.7122946493327618,6.7844,6.454784,2.5059,14555,0.001024,3.187456,,0.034048,0.159744,0.000256,0.139008,0.003584,0.012032,,0.0025599999999999998,,1.0828799999999998
10820,75.565026395975053,19072640598556,1,6.8999999202787876,6.7786,6.685952,2.7867,14555,0.0012799999999999999,3.1843839999999997,,0.039168,0.15564799999999998,0,0.13568,0.009472,0.010752,,0.0025599999999999998,,1.08672
10821,75.571515100623586,19072640666342,1,6.4887045882642269,6.4225,6.874368,2.9162,14555,0.001024,3.188736,,0.034816,0.153088,0,0.13286399999999998,0.0076799999999999993,0.012032,,0.0025599999999999998,,1.088512
10822,75.5780875,19072640730567,1,6.5723992884159088,6.3517,6.477056,2.4036,14750,0.001024,3.16544,,0.034048,0.161024,0,0.141056,0.0038399999999999997,0.010752,,0.0025599999999999998,,1.0828799999999998
10823,75.584605102040811,19072640794084,1,6.5176021307706833,7.0981,6.55104,3.0195,14757,0.001024,3.092224,,0.033791999999999996,0.15001599999999998,0.000256,0.130048,0.003584,0.011007999999999999,,0.0025599999999999998,,1.065728
10824,75.591155697278907,19072640865065,1,6.5505951642990112,6.7363,6.494976,3.3116,76223,0.001024,3.2888319999999998,,0.033791999999999996,0.157184,0,0.137216,0.0076799999999999993,0.010752,,0.002304,,1.06496
10825,75.59848480017007,19072640932428,1,7.3291030712425709,7.1186,6.454528,2.7319,17603,0.001024,3.2030719999999997,,0.034048,0.16025599999999998,0,0.139008,0.007936,0.012288,,0.002304,,1.06496
10826,75.605653096655331,19072641003614,1,7.1682962588965893,6.3415,6.529024,0.8787,14555,0.001024,3.193856,,0.03328,0.159744,0,0.13952,0.003328,0.011519999999999999,,0.0025599999999999998,,1.065216
10827,75.612226395975057,19072641067029,1,6.5732994116842747,8.4663,0.034304,2.6113,18001,0.001024,3.1915519999999997,,0.034304,0.152064,0.000256,0.132608,0.003584,0.011264,,0.0025599999999999998,,1.0828799999999998
10828,75.6186544005102,19072641151692,1,6.4280047081410885,5.349,6.488576,3.0282,14555,0.001024,3.169024,,0.034048,0.160768,0,0.141312,0.003584,0.011007999999999999,,0.002304,,1.066752
10829,75.625199000850344,19072641205182,1,6.5446002408862114,7.0877,6.475264,3.2432,15118,0.001024,3.1746559999999997,,0.03328,0.15744,0,0.137984,0.003328,0.011007999999999999,,0.002304,,1.067008
10830,75.631741801303846,19072641276059,1,6.542800460010767,6.7439,6.528,2.8296,40685,0.001024,3.22816,,0.033791999999999996,0.165632,0,0.146176,0.007936,0.010496,,0.002304,,1.067008
10831,75.6383306972789,19072641343498,1,6.5888958051800728,6.4219,6.522624,2.9885,22676,0.001024,3.172096,,0.033535999999999996,0.15923199999999998,0,0.13952,0.007936,0.011264,,0.0025599999999999998,,1.065472
10832,75.644739002267571,19072641407717,1,6.4083049073815346,6.5118,6.540032,2.4914,14555,0.0012799999999999999,3.232512,,0.033535999999999996,0.150272,0.000256,0.13055999999999998,0.0076799999999999993,0.011519999999999999,,0.0025599999999999998,,1.069312
10833,75.651458198696147,19072641472835,1,6.71919621527195,6.5813,6.407168,2.6942,14555,0.001024,3.0973439999999997,,0.03328,0.14848,0.000256,0.129024,0.007424,0.010496,,0.0025599999999999998,,1.063424
10834,75.657832298752837,19072641538648,1,6.3741002231836319,6.4738,6.593536,2.7535,14555,0.001024,3.1027199999999997,,0.033535999999999996,0.158464,0.000256,0.138752,0.0076799999999999993,0.011776,,0.0025599999999999998,,1.067008
10835,75.66461179846938,19072641603386,1,6.7794998176395893,6.4335,6.476544,2.747,14555,0.001024,3.1879679999999997,,0.03328,0.158976,0,0.139264,0.009472,0.011776,,0.0025599999999999998,,1.065216
10836,75.670935097789112,19072641667721,1,6.3232993707060814,7.3807,6.644224,2.9774,14757,0.001024,3.2847359999999997,,0.033535999999999996,0.159488,0,0.140032,0.003584,0.011264,,0.0025599999999999998,,1.069312
10837,75.67746330073696,19072641741528,1,6.528202909976244,6.1376,6.40768,2.8327,14555,0.001024,3.0881279999999998,,0.03328,0.15462399999999998,0,0.134912,0.0038399999999999997,0.011776,,0.0025599999999999998,,1.0664959999999999
10838,75.6840338010204,19072641802904,1,6.5705003216862679,6.8812,6.503168,2.7726,14757,0.001024,3.177472,,0.03328,0.155392,0.000256,0.13516799999999998,0.003328,0.012032,,0.0025599999999999998,,1.065984
10839,75.690613499149663,19072641871716,1,6.57969806343317,6.0216,6.562304,2.8199,14555,0.001024,3.259136,,0.033535999999999996,0.16025599999999998,0,0.14079999999999998,0.0038399999999999997,0.011264,,0.002304,,1.063936
10840,75.697076502267564,19072641931932,1,6.4630033448338509,6.6418,6.560512,2.7738,14555,0.001024,3.2284159999999997,,0.03328,0.1536,0,0.13414399999999999,0.007936,0.010752,,0.0025599999999999998,,1.0647039999999999
10841,75.703682199546478,19072641998350,1,6.6056973300874233,6.1972,6.44224,2.769,14555,0.001024,3.091712,,0.03328,0.150528,0,0.131072,0.0076799999999999993,0.010752,,0.0025599999999999998,,1.064448
10842,75.710311600056684,19072642060322,1,6.6294004209339619,6.7488,6.579712,2.7051,14555,0.001024,3.2714239999999997,,0.033535999999999996,0.159744,0.000256,0.140288,0.003328,0.011264,,0.0025599999999999998,,1.064192
10843,75.7169295989229,19072642127810,1,6.6179987043142319,6.59,6.611968,2.6186,14555,0.001024,3.292672,,0.033024,0.15872,0,0.138752,0.006656,0.011776,,0.003072,,1.0695679999999999
10844,75.723611302437632,19072642193710,1,6.6817034967243671,6.4975,6.603264,2.7778,14555,0.0012799999999999999,3.2919039999999997,,0.03328,0.152576,0,0.13312,0.003584,0.010752,,0.0025599999999999998,,1.069056
10845,75.7303420989229,19072642258685,1,6.7307963036000729,6.3827,6.664704,2.6971,14750,0.001024,3.185152,,0.03328,0.155136,0,0.135424,0.0038399999999999997,0.010752,,0.0025599999999999998,,1.067776
10846,75.7368466978458,19072642322512,1,6.504599004983902,6.933,6.625536,2.4983,14555,0.0012799999999999999,3.289856,,0.03328,0.15462399999999998,0.000256,0.134656,0.003584,0.011007999999999999,,0.002304,,1.065472
10847,75.743452600623584,19072642391842,1,6.605902686715126,6.8506,6.571008,2.9202,14555,0.001024,3.264,,0.033535999999999996,0.162048,0.000256,0.141568,0.003328,0.010239999999999999,,0.0025599999999999998,,1.065216
10848,75.750075496031741,19072642460348,1,6.62289559841156,6.7001,6.586112,3.0967,14555,0.001024,3.2629759999999997,,0.03328,0.155904,0.000256,0.136192,0.007936,0.010239999999999999,,0.002304,,1.065216
10849,75.756720401077089,19072642527349,1,6.64490507915616,5.9856,6.604544,2.7082,14555,0.001024,3.283712,,0.033535999999999996,0.163072,0.000256,0.143616,0.003328,0.011776,,0.0025599999999999998,,1.065472
10850,75.763446400226755,19072642587205,1,6.7259990610182285,6.5107,6.6176,2.933,14555,0.001024,3.286272,,0.03328,0.16,0,0.140288,0.003584,0.010239999999999999,,0.002304,,1.0662399999999999
10851,75.770100198412692,19072642652312,1,6.6537982784211636,7.2653,6.706688,2.9966,14555,0.001024,3.232512,,0.034816,0.16383999999999999,0,0.143872,0.003072,0.012288,,0.0025599999999999998,,1.065472
10852,75.776758397108836,19072642724965,1,6.6581987775862217,6.4254,6.636544,2.8064,14555,0.001024,3.29216,,0.033791999999999996,0.15872,0,0.13849599999999998,0.003584,0.011264,,0.002304,,1.068544
10853,75.783361401643987,19072642789219,1,6.6030044108629227,6.7683,6.629888,2.7993,14757,0.001024,3.295232,,0.033535999999999996,0.158976,0,0.138752,0.003584,0.010752,,0.002304,,1.070848
10854,75.790027402210882,19072642856902,1,6.6660004667937756,6.3059,6.575616,2.8408,14555,0.001024,3.229952,,0.03328,0.162048,0,0.142592,0.0076799999999999993,0.011264,,0.0025599999999999998,,1.064448
10855,75.796975,19072642919961,1,6.9475979544222355,6.6724,6.623232,2.8343,14555,0.001024,3.2832,,0.03328,0.1536,0,0.133888,0.0076799999999999993,0.012032,,0.0025599999999999998,,1.067776
10856,75.836285501700672,19072642986685,1,39.310500025749207,7.0205,6.860544,2.618,14607,0.001024,3.28192,,0.038911999999999995,0.15334399999999998,0,0.133632,0.003584,0.011519999999999999,,0.002304,,1.082112
10857,75.84320229591836,19072643056890,1,6.9167939946055412,6.2933,6.550784,3.0935,76223,0.001024,3.2683519999999997,,0.032512,0.15616,0,0.136192,0.003328,0.011519999999999999,,0.002304,,1.066752
10858,75.850349000850343,19072643119823,1,7.1467049419879913,40.8161,6.47424,2.8829,14555,0.001024,3.188992,,0.03328,0.15923199999999998,0.000256,0.13977599999999998,0.0076799999999999993,0.012288,,0.0025599999999999998,,1.063936
10859,75.8572922973356,19072643527984,1,6.9432966411113739,6.5189,6.989568,0.6381,14555,0.001024,3.283712,,0.038911999999999995,0.16025599999999998,0.000256,0.140288,0.0076799999999999993,0.011776,,0.002304,,1.064192
10860,75.8658672973356,19072643593173,1,8.5749998688697815,6.9065,0.03456,3.3235,14555,0.001024,3.27296,,0.033535999999999996,0.158976,0,0.139264,0.009216,0.010752,,0.002304,,1.065984
10861,75.872622498582757,19072643662238,1,6.7552011460065842,7.2557,8.17152,3.1936,14555,0.001024,3.1667199999999998,,0.033791999999999996,0.153088,0,0.133632,0.010239999999999999,0.010239999999999999,,0.0025599999999999998,,1.343488
10862,75.880271400226761,19072643734795,1,7.6489015482366085,6.9848,6.730752,3.6964,14757,0.001024,3.1667199999999998,,0.033791999999999996,0.153088,0,0.133632,0.010239999999999999,0.010239999999999999,,0.0025599999999999998,,1.343488
10863,75.887268501984124,19072643804643,1,6.9971019402146339,8.2036,7.044352,2.5117,14750,0.001024,3.3003519999999997,,0.035328,0.158208,0,0.13696,0.003328,0.011007999999999999,,0.002304,,1.087744
10864,75.89413360260771,19072643886679,1,6.8651004694402218,6.2911,7.005952,2.5517,14555,0.001024,3.08352,,0.034816,0.160512,0,0.140288,0.0076799999999999993,0.010496,,0.002304,,1.252608
10865,75.901334998582769,19072643949590,1,7.2013959288597107,7.2036,6.752256,2.7172,14555,0.0012799999999999999,3.275264,,0.033791999999999996,0.157696,0,0.137728,0.003328,0.010239999999999999,,0.0025599999999999998,,1.065984
10866,75.908362096088439,19072644021626,1,7.027097512036562,7.0864,7.286528,2.6356,14555,0.001024,3.1825919999999996,,0.03456,0.15744,0,0.137216,0.003584,0.011776,,0.002304,,1.0879999999999999
10867,75.915697399376413,19072644092490,1,7.3353033512830734,7.2162,7.003648,2.6783,14555,0.001024,3.191296,,0.033535999999999996,0.40703999999999996,0,0.139264,0.0051199999999999996,0.011776,,0.002304,,1.0795519999999998
10868,75.922710600907024,19072644164652,1,7.0132017135620117,7.0059,7.306752,2.6771,14555,0.001024,3.183616,,0.03584,0.157184,0,0.13747199999999998,0.0076799999999999993,0.011519999999999999,,0.0025599999999999998,,1.239296
10869,75.929785097789107,19072644234711,1,7.0744967088103294,7.7904,6.985728,3.207,14555,0.001024,3.232256,,0.039424,0.153856,0,0.13312,0.010496,0.012032,,0.002304,,1.065472
10870,75.93698390022675,19072644312615,1,7.1988026611506939,6.4402,7.063296,3.0446,14555,0.001024,3.2399359999999997,,0.03328,0.164096,0,0.144128,0.007936,0.012032,,0.0025599999999999998,,1.332736
10871,75.944045301870744,19072644377017,1,7.0614018477499485,7.359,7.074816,3.1213,14555,0.001024,3.190016,,0.035584,0.1664,0,0.14464,0.007936,0.011007999999999999,,0.002304,,1.238272
10872,75.951224496882077,19072644450607,1,7.1791950613260269,6.9961,7.141376,3.04,14555,0.001024,3.188736,,0.03584,0.155136,0,0.134912,0.007936,0.011519999999999999,,0.002304,,1.23136
10873,75.95824019982993,19072644520568,1,7.0157027803361416,7.453,7.166208,2.5189,14555,0.001024,3.2870399999999997,,0.033791999999999996,0.162304,0.000256,0.142336,0.003584,0.011264,,0.002304,,1.35936
10874,75.966256802721091,19072644595098,1,8.01660306751728,6.4724,6.993152,3.0924,14555,0.001024,3.244032,,0.035072,0.159744,0.000256,0.13952,0.007936,0.011519999999999999,,0.002304,,1.06752
10875,75.9731455994898,19072644659822,1,6.8887965753674507,7.7085,7.989504,2.5673,14555,0.001024,3.1733759999999998,,0.034816,0.154368,0.000256,0.13414399999999999,0.003072,0.011264,,0.002816,,1.253888
10876,75.9803783021542,19072644736907,1,7.2327028028666973,6.5968,6.86592,2.8416,14757,0.001024,3.095296,,0.03456,0.16,0.000256,0.140544,0.0076799999999999993,0.011007999999999999,,0.002304,,1.334272
10877,75.987681696428567,19072644802875,1,7.3033943772315979,8.3981,7.193856,2.96,14555,0.001024,3.24224,,0.039168,0.159488,0,0.139264,0.007424,0.011264,,0.0025599999999999998,,1.24672
10878,75.994798696145125,19072644886856,1,7.1169999428093433,6.0141,7.293952,2.9463,14555,0.001024,3.267328,,0.039424,0.15744,0.000256,0.137216,0.010496,0.010239999999999999,,0.0025599999999999998,,1.249536
10879,76.002126700680265,19072644946997,1,7.3280045762658119,7.4485,7.091712,2.9001,14555,0.001024,3.2888319999999998,,0.039936,0.16383999999999999,0,0.141056,0.007424,0.010752,,0.0025599999999999998,,1.353216
10880,76.009062996031744,19072645021482,1,6.936295423656702,7.3193,7.12576,3.6901,14555,0.001024,3.277568,,0.033535999999999996,0.161024,0.000256,0.141312,0.003584,0.012032,,0.002304,,1.3373439999999999
10881,76.016634098639457,19072645094675,1,7.57110258564353,7.9091,6.925568,2.9087,14555,0.0012799999999999999,3.178752,,0.035072,0.15744,0,0.137216,0.003328,0.011264,,0.0025599999999999998,,1.0647039999999999
10882,76.023475496031736,19072645173766,1,6.8413973785936832,6.7982,7.555072,3.1207,14555,0.001024,3.2798719999999997,,0.034304,0.16127999999999998,0.000256,0.141568,0.003072,0.010752,,0.0025599999999999998,,1.3406719999999999
10883,76.030913102324263,19072645241748,1,7.43760634213686,6.8669,6.81216,2.8517,14555,0.001024,3.2936959999999997,,0.03456,0.16512,0,0.14464,0.007936,0.011007999999999999,,0.002304,,1.092608
10884,76.037857901077089,19072645310417,1,6.9447988644242287,6.8293,7.410432,2.8074,14750,0.001024,3.271168,,0.039168,0.163072,0,0.141824,0.010239999999999999,0.011519999999999999,,0.002304,,1.242624
10885,76.044870500283437,19072645378710,1,7.0125991478562355,7.4065,6.928896,2.9895,14607,0.0012799999999999999,3.193088,,0.034304,0.157184,0,0.13696,0.003584,0.011519999999999999,,0.0025599999999999998,,1.0828799999999998
10886,76.052024702380947,19072645452775,1,7.1542020887136459,7.2333,6.970368,2.7535,14555,0.001024,3.1751679999999998,,0.038911999999999995,0.163328,0,0.142592,0.003584,0.010752,,0.002304,,1.066752
10887,76.059136401643983,19072645525108,1,7.1116993203759193,7.5439,7.132928,3.7395,14555,0.001024,3.295232,,0.039424,0.160512,0.000256,0.140032,0.003584,0.011519999999999999,,0.0025599999999999998,,1.071872
10888,76.066739200680274,19072645600547,1,7.6027992181479931,6.5007,7.086336,2.9927,14555,0.001024,3.22816,,0.03968,0.161792,0.000256,0.14079999999999998,0.00896,0.011264,,0.002304,,1.2536319999999999
10889,76.07372339852607,19072645665554,1,6.9841980002820492,7.2606,7.616256,3.5778,14555,0.001024,3.28576,,0.04224,0.151808,0,0.13183999999999998,0.0076799999999999993,0.011776,,0.002304,,1.344256
10890,76.081504698129251,19072645738160,1,7.7812997624278069,7.2004,6.936576,2.7292,14757,0.001024,3.276032,,0.03456,0.162304,0,0.14207999999999998,0.011519999999999999,0.011007999999999999,,0.002304,,1.08672
10891,76.088500800736952,19072645810164,1,6.9961026310920715,7.4489,7.763456,3.6265,14555,0.001024,3.289344,,0.03712,0.157696,0,0.13747199999999998,0.0084479999999999989,0.011776,,0.0025599999999999998,,1.2518399999999998
10892,76.0959794005102,19072645884653,1,7.4785999022424221,6.9634,6.729728,2.7926,76223,0.001024,3.23712,,0.033535999999999996,0.16,0,0.140288,0.003328,0.011519999999999999,,0.0025599999999999998,,1.065472
10893,76.103053195861676,19072645954287,1,7.073795422911644,7.8713,7.448064,2.9076,17551,0.001024,3.237632,,0.035584,0.154112,0,0.13286399999999998,0.0076799999999999993,0.010496,,0.0025599999999999998,,1.249792
10894,76.111614498299318,19072646033000,1,8.561301976442337,7.1103,7.052288,0.9143,14555,0.001024,3.2230399999999997,,0.033535999999999996,0.436992,0,0.41728,0.003328,0.010496,,0.0025599999999999998,,1.065216
10895,76.119508297902485,19072646104103,1,7.8937998041510582,9.1627,0.03584,2.728,18001,0.001024,3.241472,,0.035328,0.163328,0,0.142592,0.0076799999999999993,0.011776,,0.002304,,1.315072
10896,76.126638895975049,19072646195730,1,7.1305981837213039,5.3238,7.867136,3.1375,14555,0.001024,3.0929919999999997,,0.033791999999999996,0.384768,0,0.14310399999999998,0.005376,0.011776,,0.0025599999999999998,,1.5966719999999999
10897,76.133492198129247,19072646248968,1,6.8533020094037056,8.8715,7.01696,2.7707,14555,0.001024,3.24096,,0.039168,0.159488,0,0.13952,0.0076799999999999993,0.010752,,0.0025599999999999998,,1.085184
10898,76.140509502551012,19072646337683,1,7.0173041895031929,7.1388,6.932992,2.3312,14555,0.0012799999999999999,3.27296,,0.040704,0.164096,0.000256,0.142336,0.0076799999999999993,0.011007999999999999,,0.002304,,1.0864639999999999
10899,76.147664597505667,19072646409071,1,7.1550947614014149,7.2939,6.999296,3.2454,14555,0.001024,3.167744,,0.03328,0.157184,0,0.137728,0.003584,0.010752,,0.0025599999999999998,,1.321216
10900,76.154876601473916,19072646482010,1,7.2120041586458683,6.8621,7.136512,2.7231,14555,0.001024,3.230464,,0.035072,0.15488,0.000256,0.1344,0.0063999999999999994,0.011264,,0.002304,,1.2536319999999999
10901,76.162249397675737,19072646550631,1,7.3727960698306561,6.9237,7.1872,2.71,14555,0.001024,3.098112,,0.039424,0.154112,0,0.13312,0.0048639999999999994,0.011007999999999999,,0.002304,,1.090816
10902,76.169343296485252,19072646619868,1,7.0938989520072937,7.0295,7.351296,2.525,14555,0.001024,3.289088,,0.033791999999999996,0.15001599999999998,0,0.130304,0.007424,0.011776,,0.0025599999999999998,,1.387008
10903,76.176616298185934,19072646690163,1,7.2730015963315964,7.4907,7.078144,2.9921,14555,0.001024,3.2350719999999997,,0.03968,0.16383999999999999,0,0.14336,0.0076799999999999993,0.010496,,0.0025599999999999998,,1.230592
10904,76.183742602040809,19072646765070,1,7.126303855329752,7.802,7.163904,3.0215,14757,0.001024,3.295232,,0.038911999999999995,0.16486399999999998,0,0.14464,0.007936,0.011519999999999999,,0.002304,,1.0879999999999999
10905,76.191049702380951,19072646843090,1,7.3071001097559929,6.6116,7.15008,2.6058,14750,0.001024,3.1813119999999997,,0.042752,0.16383999999999999,0,0.143616,0.0076799999999999993,0.010752,,0.002304,,1.34784
10906,76.198002295918371,19072646909206,1,6.9525935687124729,7.2203,7.259392,2.9366,14555,0.001024,3.227392,,0.039168,0.150784,0.000256,0.13055999999999998,0.0076799999999999993,0.010239999999999999,,0.002304,,1.26592
10907,76.205108701814055,19072646981409,1,7.106405682861805,7.3162,7.016704,2.3741,14555,0.001024,3.2332799999999997,,0.03584,0.15334399999999998,0,0.132608,0.0076799999999999993,0.011007999999999999,,0.002304,,1.087488
10908,76.2121589994331,19072647054571,1,7.0502976886928082,6.9464,7.090432,2.9101,14555,0.001024,3.181568,,0.039168,0.157184,0,0.13696,0.008192,0.010752,,0.0025599999999999998,,1.07008
10909,76.2193957979025,19072647124035,1,7.2367982938885689,7.9562,7.030272,2.3785,14555,0.001024,3.269376,,0.03456,0.160512,0,0.14079999999999998,0.003584,0.010752,,0.002304,,1.5377919999999998
10910,76.226163499149663,19072647203597,1,6.7677013576030731,5.7073,7.217664,2.5534,14555,0.001024,3.270912,,0.038655999999999996,0.159744,0,0.13977599999999998,0.007424,0.011007999999999999,,0.002304,,1.247488
10911,76.2326839994331,19072647260670,1,6.5205004066228867,7.3875,6.747904,2.6432,14555,0.001024,3.099392,,0.036351999999999995,0.15923199999999998,0,0.137728,0.0076799999999999993,0.011519999999999999,,0.0025599999999999998,,1.067264
10912,76.2392205994898,19072647334545,1,6.5366001799702644,8.0589,6.5024,2.6654,14555,0.001024,3.1014399999999998,,0.035584,0.164608,0.000256,0.142848,0.003072,0.011264,,0.0025599999999999998,,1.088256
10913,76.2459126984127,19072647415134,1,6.6920989193022251,6.0457,6.527488,3.0275,14607,0.001024,3.29216,,0.034304,0.16255999999999998,0.000256,0.141824,0.007936,0.011776,,0.002304,,1.0680319999999999
10914,76.252353996598643,19072647475591,1,6.44129840657115,6.6328,6.665728,2.7917,14555,0.001024,3.2919039999999997,,0.033535999999999996,0.155904,0.000256,0.135936,0.0038399999999999997,0.010752,,0.002304,,1.065984
10915,76.258964002267575,19072647541919,1,6.6100056283175945,6.7542,6.405888,2.6237,14555,0.001024,3.168768,,0.033535999999999996,0.16614399999999999,0,0.145152,0.0038399999999999997,0.010752,,0.002304,,1.071104
10916,76.265805300453508,19072647609461,1,6.8412981927394867,6.6707,6.603008,2.2937,14555,0.001024,3.2785919999999997,,0.03456,0.154112,0,0.133376,0.005376,0.010752,,0.002304,,1.081856
10917,76.272269897959177,19072647676168,1,6.4645973034203053,5.6817,6.817024,3.1108,14555,0.001024,3.2647679999999997,,0.033535999999999996,0.153856,0,0.1344,0.0076799999999999993,0.010239999999999999,,0.0025599999999999998,,1.065216
10918,76.278906200396818,19072647732985,1,6.6363024525344372,7.3623,6.455296,3.276,14555,0.001024,3.1764479999999997,,0.034048,0.161024,0,0.140032,0.003584,0.012032,,0.0025599999999999998,,1.06496
10919,76.285516298185939,19072647806608,1,6.6100978292524815,7.2268,6.612992,2.6682,14757,0.001024,3.237632,,0.034048,0.157696,0,0.137984,0.003584,0.010496,,0.002304,,1.08672
10920,76.29208339710884,19072647878876,1,6.5670991316437721,5.8963,6.585088,2.3205,14555,0.001024,3.277056,,0.034048,0.15334399999999998,0,0.133632,0.003584,0.011776,,0.002304,,1.087744
10921,76.29878570011337,19072647937839,1,6.702302955091,6.2391,6.538496,2.8935,14555,0.001024,3.275776,,0.034816,0.16255999999999998,0,0.142336,0.008192,0.011519999999999999,,0.002304,,1.0831359999999999
10922,76.305413300736959,19072648000230,1,6.6276006400585175,6.7179,6.681344,2.3699,14555,0.001024,3.1813119999999997,,0.033791999999999996,0.15231999999999998,0,0.132608,0.011264,0.010496,,0.0025599999999999998,,1.251328
10923,76.311957497165537,19072648067409,1,6.5441965125501156,6.823,6.533888,3.0152,14555,0.001024,3.227648,,0.033535999999999996,0.155136,0.000256,0.13516799999999998,0.003584,0.011264,,0.002304,,1.0664959999999999
10924,76.318427501417233,19072648135639,1,6.4700040966272354,6.8165,6.617088,2.3707,14555,0.001024,3.2622079999999998,,0.034048,0.162048,0,0.141312,0.003584,0.011264,,0.0025599999999999998,,1.08544
10925,76.3250628968254,19072648203804,1,6.6353953443467617,6.6299,6.445568,2.4292,14555,0.001024,3.0960639999999997,,0.03328,0.150528,0,0.130816,0.007936,0.011007999999999999,,0.002304,,1.080832
10926,76.331640199829934,19072648270103,1,6.5773031674325466,6.4085,6.61632,2.728,14555,0.001024,3.2832,,0.034304,0.16588799999999998,0,0.14592,0.007936,0.010496,,0.002304,,1.086976
10927,76.338264902210881,19072648334188,1,6.6247023642063141,6.2709,6.540288,2.8837,14555,0.001024,3.185408,,0.033535999999999996,0.16486399999999998,0,0.144896,0.003584,0.011264,,0.0025599999999999998,,1.088768
10928,76.34484270124716,19072648396897,1,6.5777990967035294,6.8681,6.599168,2.8576,14750,0.001024,3.230976,,0.033535999999999996,0.159744,0.000256,0.13977599999999998,0.008192,0.011519999999999999,,0.0025599999999999998,,1.08672
10929,76.351486196145117,19072648465578,1,6.6434950567781925,6.5483,6.577152,2.6736,76223,0.001024,3.293952,,0.034304,0.15564799999999998,0,0.133888,0.007936,0.011776,,0.0025599999999999998,,1.085952
10930,76.358136196145125,19072648531061,1,6.6499998793005943,6.3735,6.61632,2.3328,14555,0.001024,3.2949759999999997,,0.033791999999999996,0.159488,0,0.139264,0.003584,0.011519999999999999,,0.002304,,1.082112
10931,76.365343296485264,19072648594796,1,7.2071002796292305,6.6097,6.490624,0.7424,14555,0.0012799999999999999,3.1800319999999997,,0.033791999999999996,0.16025599999999998,0,0.140288,0.003584,0.011264,,0.0025599999999999998,,1.065728
10932,76.3720207979025,19072648660893,1,6.6775013692677021,8.5269,0.034816,2.7249,14555,0.001024,3.222528,,0.035584,0.16588799999999998,0.000256,0.14438399999999998,0.003328,0.011776,,0.002304,,1.0831359999999999
10933,76.378498596938769,19072648746162,1,6.477799266576767,5.4498,6.653696,2.6388,14555,0.001024,3.28576,,0.033535999999999996,0.15231999999999998,0,0.133376,0.006656,0.010239999999999999,,0.002304,,1.07776
10934,76.384973696145124,19072648800660,1,6.4750993624329567,6.7867,6.471424,2.7426,14757,0.001024,3.2337919999999998,,0.033535999999999996,0.163072,0.000256,0.14310399999999998,0.0076799999999999993,0.010239999999999999,,0.002304,,1.065728
10935,76.3915799957483,19072648868527,1,6.6062994301319122,7.0432,6.45504,2.6133,14555,0.0012799999999999999,3.1982079999999997,,0.033791999999999996,0.16512,0,0.14464,0.003584,0.011519999999999999,,0.0025599999999999998,,1.0862079999999998
10936,76.398201998299314,19072648938959,1,6.6220024600625038,6.0326,6.588928,2.9313,14555,0.001024,3.275264,,0.03328,0.15795199999999998,0,0.137984,0.003584,0.010239999999999999,,0.0025599999999999998,,1.071104
10937,76.404814696712009,19072648999285,1,6.6126985475420952,6.5573,6.597888,2.5546,14555,0.001024,3.275264,,0.033791999999999996,0.152064,0.000256,0.132096,0.003328,0.011519999999999999,,0.0025599999999999998,,1.090304
10938,76.411583496315188,19072649064858,1,6.7687993869185448,6.3507,6.588928,2.6586,14555,0.001024,3.2368639999999997,,0.034304,0.16512,0,0.14438399999999998,0.003584,0.011776,,0.0025599999999999998,,1.087744
10939,76.418055796485262,19072649128365,1,6.47230027243495,6.9242,6.756352,2.7646,14555,0.001024,3.227648,,0.033535999999999996,0.16025599999999998,0.000256,0.140288,0.0038399999999999997,0.010752,,0.0025599999999999998,,1.084416
10940,76.424613300736965,19072649197607,1,6.5575041808187962,6.8771,6.450432,2.6312,14555,0.001024,3.0929919999999997,,0.033791999999999996,0.155136,0,0.13516799999999998,0.004096,0.010752,,0.002304,,1.08416
10941,76.431197796201815,19072649266378,1,6.5844953060150146,6.0041,6.548736,2.6711,14555,0.001024,3.2839679999999998,,0.03456,0.16358399999999998,0,0.143616,0.003584,0.011264,,0.0025599999999999998,,1.083392
10942,76.4377545989229,19072649326419,1,6.5568028949201107,7.1434,6.464256,2.7911,14555,0.001024,3.166464,,0.03328,0.154368,0,0.134912,0.003584,0.012032,,0.002304,,1.063168
10943,76.444436699263036,19072649397853,1,6.6821002401411533,6.7785,6.6368,2.7258,14555,0.001024,3.278848,,0.033791999999999996,0.15744,0.000256,0.137216,0.003584,0.011007999999999999,,0.002304,,1.065472
10944,76.4510126984127,19072649465638,1,6.5759993158280849,6.5404,6.66496,2.4674,14607,0.001024,3.2847359999999997,,0.034048,0.163328,0,0.141312,0.007936,0.009984,,0.0025599999999999998,,1.081088
10945,76.4578373015873,19072649531042,1,6.82460330426693,6.3394,6.544128,2.932,14555,0.001024,3.234816,,0.033535999999999996,0.15103999999999998,0.000256,0.131072,0.004096,0.011776,,0.0025599999999999998,,1.08672
10946,76.464502295918365,19072649594436,1,6.6649941727519035,6.4222,6.763008,2.818,14555,0.001024,3.283712,,0.041984,0.15462399999999998,0,0.133376,0.003072,0.012288,,0.0025599999999999998,,1.069056
10947,76.471310600907032,19072649658658,1,6.8083051592111588,7.6368,6.69696,2.9116,14555,0.001024,3.17568,,0.03328,0.160768,0.000256,0.141056,0.003584,0.011264,,0.002304,,1.065984
10948,76.47912799744897,19072649735026,1,7.8173968940973282,6.0997,6.765056,3.423,32126,0.001024,3.268608,,0.035072,0.159744,0.000256,0.139264,0.0076799999999999993,0.011776,,0.002304,,1.068544
10949,76.486115901360535,19072649796023,1,6.9879037328064442,7.081,7.82464,2.5638,29142,0.001024,3.2767999999999997,,0.038911999999999995,0.152064,0,0.132352,0.007424,0.011519999999999999,,0.0025599999999999998,,1.497088
10950,76.49367020266439,19072649866833,1,7.5543015263974667,6.2597,6.970112,2.636,49697,0.001024,3.19488,,0.035328,0.159488,0,0.137216,0.0038399999999999997,0.011519999999999999,,0.002304,,1.089024
10951,76.500765695861674,19072649929430,1,7.0954933762550354,7.8966,7.520256,2.4327,44898,0.001024,3.2327679999999996,,0.043264,0.155136,0,0.1344,0.0038399999999999997,0.011776,,0.0025599999999999998,,1.0846719999999999
10952,76.507898001700681,19072650008396,1,7.1323057636618614,6.9693,7.085824,3.1073,32126,0.001024,3.177216,,0.035584,0.15692799999999998,0,0.135936,0.0076799999999999993,0.011007999999999999,,0.0025599999999999998,,1.3089279999999999
10953,76.51497799744898,19072650078089,1,7.0799957029521465,8.03,7.096832,2.8437,28940,0.001024,3.242496,,0.034304,0.16,0.000256,0.13977599999999998,0.007936,0.010239999999999999,,0.0025599999999999998,,1.343744
10954,76.522058701814061,19072650158389,1,7.0807044394314289,6.6397,7.040512,3.3224,14555,0.0012799999999999999,3.28576,,0.035072,0.154112,0.000256,0.1344,0.003584,0.010752,,0.002304,,1.0662399999999999
10955,76.529034800170066,19072650224786,1,6.9760982878506184,7.5677,7.108864,3.2438,14555,0.001024,3.222016,,0.035584,0.168704,0,0.1472,0.003072,0.011007999999999999,,0.0025599999999999998,,1.229568
10956,76.536110997732422,19072650300463,1,7.0761977694928646,7.0939,6.94656,3.0079,14555,0.001024,3.177984,,0.035072,0.164352,0,0.14438399999999998,0.003328,0.012288,,0.002304,,1.339904
10957,76.543441595804993,19072650371402,1,7.3305978439748287,6.2571,7.057664,2.327,14555,0.0012799999999999999,3.276544,,0.036351999999999995,0.15692799999999998,0,0.13696,0.0076799999999999993,0.010239999999999999,,0.002304,,1.084928
10958,76.550552600623575,19072650433973,1,7.1110050193965435,7.384,7.302144,3.077,14555,0.001024,3.233536,,0.034816,0.157696,0,0.137216,0.0063999999999999994,0.010239999999999999,,0.002304,,1.245952
10959,76.557646400226758,19072650507813,1,7.0937997661530972,6.5472,7.096832,2.5217,14555,0.001024,3.2832,,0.034816,0.15616,0.000256,0.136192,0.003072,0.010239999999999999,,0.0025599999999999998,,1.0828799999999998
10960,76.564587400793641,19072650573285,1,6.9410004653036594,7.3048,7.081216,2.94,14555,0.001024,3.237888,,0.033535999999999996,0.155136,0,0.13516799999999998,0.003328,0.012032,,0.0025599999999999998,,1.230848
10961,76.57170219671201,19072650646333,1,7.1147959679365158,8.2071,6.905856,2.5098,14555,0.001024,3.177472,,0.041215999999999996,0.157184,0,0.13696,0.0076799999999999993,0.012288,,0.002304,,1.08928
10962,76.57897429846939,19072650728404,1,7.2721019387245178,6.8414,7.099648,3.154,14555,0.001024,3.28192,,0.035328,0.158976,0.000256,0.13696,0.003328,0.010752,,0.0025599999999999998,,1.083648
10963,76.585885600907019,19072650796818,1,6.9113024510443211,6.4911,7.235072,2.675,14757,0.001024,3.285504,,0.034816,0.151552,0.000256,0.131584,0.003072,0.010239999999999999,,0.0025599999999999998,,1.083392
10964,76.592855102040815,19072650861729,1,6.96950126439333,7.0221,6.912512,2.8215,14555,0.0012799999999999999,3.198976,,0.035328,0.15692799999999998,0,0.136704,0.003072,0.011519999999999999,,0.0025599999999999998,,1.08928
10965,76.599969600340131,19072650931950,1,7.1144984103739262,6.9785,6.940928,3.5211,14555,0.001024,3.0894079999999997,,0.03456,0.15462399999999998,0,0.1344,0.003072,0.011264,,0.0025599999999999998,,1.2387839999999999
10966,76.607318197278914,19072651001735,1,7.3485970497131348,7.5709,7.104,2.6966,79219,0.0012799999999999999,3.26912,,0.03584,0.164352,0.000256,0.144128,0.0076799999999999993,0.012288,,0.002304,,1.070848
10967,76.61439469954648,19072651077444,1,7.0765023119747639,7.4285,7.329536,2.9726,14555,0.001024,3.288064,,0.034048,0.158464,0,0.138752,0.008192,0.012032,,0.0025599999999999998,,1.3439999999999999
10968,76.621556802721088,19072651151729,1,7.1621029637753963,6.8834,7.01952,0.7712,18001,0.001024,3.2870399999999997,,0.041728,0.15488,0,0.13568,0.003584,0.010496,,0.002304,,1.067776
10969,76.62949059665533,19072651220563,1,7.9337935894727707,8.5035,0.034304,3.3897,14555,0.001024,3.230464,,0.034304,0.15616,0.000256,0.135936,0.003328,0.011007999999999999,,0.002304,,1.0662399999999999
10970,76.636456597222221,19072651305598,1,6.96600042283535,5.0947,7.92064,2.6224,14555,0.001024,3.282432,,0.035072,0.153856,0,0.13414399999999999,0.003328,0.011776,,0.0025599999999999998,,1.588992
10971,76.6433463010204,19072651356545,1,6.8897036835551262,6.9308,6.94016,2.7227,14555,0.001024,3.2852479999999997,,0.03968,0.162304,0.000256,0.141056,0.009472,0.011007999999999999,,0.002304,,1.070336
10972,76.650199397675735,19072651425853,1,6.8530966527760029,9.2473,6.863872,2.9245,14555,0.001024,3.180288,,0.035584,0.15334399999999998,0.000256,0.131584,0.0038399999999999997,0.011519999999999999,,0.003072,,1.0680319999999999
10973,76.6571707979025,19072651518326,1,6.9714002311229706,6.6856,6.826496,2.8605,14802,0.001024,3.228672,,0.03456,0.162048,0,0.140032,0.007936,0.011519999999999999,,0.002304,,1.0647039999999999
10974,76.664205796485263,19072651585182,1,7.0349983870983124,6.1116,6.951168,2.6548,14555,0.001024,3.2363519999999997,,0.041471999999999995,0.161792,0,0.140032,0.0076799999999999993,0.011776,,0.0025599999999999998,,1.084928
10975,76.67151899801587,19072651646298,1,7.3132016696035862,7.7262,7.013376,2.7445,14555,0.001024,3.29088,,0.03584,0.159744,0,0.13747199999999998,0.007424,0.012032,,0.0025599999999999998,,1.085184
10976,76.678404301303857,19072651723560,1,6.8853031843900681,6.5348,7.302656,2.6514,14555,0.001024,3.2888319999999998,,0.035328,0.156416,0.000256,0.1344,0.003328,0.011776,,0.002304,,1.0879999999999999
10977,76.688720698696144,19072651788908,1,10.316397063434124,6.8522,6.873088,6.8522,14757,0.001024,3.1631359999999997,,0.03328,0.158464,0,0.13849599999999998,0.003328,0.014336,,0.002048,,1.2203519999999999
10978,76.69597580073696,19072651857430,1,7.2551020421087742,7.9885,7.04512,1.9187,14555,0.001024,3.1808,,0.035072,0.160768,0,0.141568,0.003072,0.011007999999999999,,0.002304,,1.065984
10979,76.702936699263034,19072651937315,1,6.9608986377716064,6.5123,7.23072,3.109,14555,0.001024,3.1818239999999998,,0.03328,0.159488,0,0.13977599999999998,0.007936,0.011519999999999999,,0.002816,,1.3439999999999999
10980,76.710293197278915,19072652002438,1,7.3564979247748852,11.2239,6.939904,3.028,14555,0.001024,3.1728639999999997,,0.039424,0.16153599999999999,0,0.141312,0.008704,0.012032,,0.002304,,1.083392
10981,76.717457298752834,19072652114677,1,7.1641015820205212,6.3977,7.335424,2.7575,14555,0.001024,3.2688639999999998,,0.034816,0.157696,0,0.137728,0.003328,0.011264,,0.002816,,1.19552
10982,76.724344897959185,19072652178654,1,6.8875993601977825,7.0819,7.156224,3.0539,14555,0.001024,3.0942719999999997,,0.03456,0.150528,0,0.13055999999999998,0.003328,0.012032,,0.002304,,1.404672
10983,76.731541099773239,19072652249473,1,7.19620194286108,7.369,6.857216,2.8589,14555,0.001024,3.272192,,0.040959999999999996,0.15923199999999998,0,0.138752,0.003328,0.011519999999999999,,0.002304,,1.063936
10984,76.738733099489792,19072652323163,1,7.1919998154044151,7.2445,7.178496,2.592,14555,0.001024,3.2261119999999996,,0.042752,0.333824,0,0.142336,0.0076799999999999993,0.012032,,0.0025599999999999998,,1.266432
10985,76.745927799036281,19072652395608,1,7.1946997195482254,6.4622,7.158784,3.5677,14555,0.001024,3.288576,,0.035328,0.160768,0,0.140288,0.003072,0.011264,,0.0025599999999999998,,1.06496
10986,76.753061996882082,19072652460230,1,7.1341977454721928,7.149,7.185408,2.8881,14555,0.001024,3.241984,,0.033791999999999996,0.152576,0,0.13286399999999998,0.003584,0.011007999999999999,,0.002304,,1.326592
10987,76.760400396825389,19072652531720,1,7.33839999884367,7.4311,7.115776,2.8679,14555,0.001024,3.266304,,0.035328,0.1664,0,0.144128,0.003328,0.012032,,0.002048,,1.081088
10988,76.767965497448984,19072652606031,1,7.56510067731142,7.0803,7.062272,4.0766,14555,0.001024,3.270912,,0.043264,0.163072,0,0.141312,0.003328,0.010752,,0.002304,,1.067776
10989,76.774830697278915,19072652676834,1,6.8651996552944183,6.9509,7.543552,3.1147,14555,0.001024,3.272192,,0.03456,0.158464,0,0.13849599999999998,0.011007999999999999,0.010239999999999999,,0.002304,,1.322752
10990,76.781772002551023,19072652746343,1,6.941305473446846,8.1806,6.849536,2.6555,14757,0.001024,3.2319999999999998,,0.034048,0.163328,0,0.141568,0.003328,0.012288,,0.0025599999999999998,,1.08544
10991,76.7893419005102,19072652828149,1,7.5698979198932648,6.929,6.920704,2.9958,20339,0.001024,3.169536,,0.034304,0.152576,0,0.132608,0.003328,0.011519999999999999,,0.002304,,1.068288
10992,76.796130902777776,19072652897439,1,6.789002101868391,7.3398,7.553024,2.6532,14555,0.001024,3.09888,,0.03456,0.161024,0,0.140032,0.003072,0.011007999999999999,,0.002304,,1.412096
10993,76.803352997448982,19072652970837,1,7.22209457308054,6.1789,6.766336,2.7325,14555,0.001024,3.180288,,0.263936,0.149504,0,0.127744,0.0048639999999999994,0.012032,,0.002304,,1.087232
10994,76.810947796201816,19072653032626,1,7.5947986915707588,7.918,7.19744,2.5851,14750,0.001024,3.227648,,0.034304,0.155904,0,0.13568,0.003328,0.010752,,0.0025599999999999998,,1.0816
10995,76.818135700113373,19072653111806,1,7.1879038587212563,6.517,7.571968,2.9842,14555,0.001024,3.292416,,0.039424,0.15564799999999998,0,0.135936,0.003328,0.010496,,0.0025599999999999998,,1.3248
10996,76.8247998015873,19072653176976,1,6.6641015000641346,7.4031,7.16672,2.9006,14555,0.001024,3.291136,,0.036864,0.153088,0,0.132352,0.004096,0.010496,,0.0025599999999999998,,1.253376
10997,76.831440001417235,19072653251007,1,6.640200037509203,7.5609,6.653696,2.7304,14555,0.001024,3.175424,,0.035328,0.157696,0,0.137728,0.004096,0.010239999999999999,,0.002304,,1.065472
10998,76.838399596088436,19072653326616,1,6.9595947861671448,7.7868,6.614528,2.5857,20484,0.001024,3.166464,,0.033791999999999996,0.16358399999999998,0,0.141824,0.003072,0.011519999999999999,,0.002816,,1.085696
10999,76.845517198129244,19072653404484,1,7.1176020428538322,6.0245,6.949888,2.7444,14555,0.001024,3.288064,,0.034816,0.15462399999999998,0.000256,0.1344,0.003072,0.010239999999999999,,0.0025599999999999998,,1.0813439999999999
11000,76.85213110119048,19072653464729,1,6.61390321329236,6.4299,7.088896,2.8306,14555,0.001024,3.275776,,0.033791999999999996,0.386816,0,0.13055999999999998,0.005376,0.011007999999999999,,0.002816,,1.08416
11001,76.858805598072564,19072653529028,1,6.6744969226419926,7.3592,6.600704,2.7569,76275,0.001024,3.270912,,0.034048,0.15616,0.000256,0.13414399999999999,0.012032,0.011007999999999999,,0.002304,,1.070336
11002,76.865483602607711,19072653602620,1,6.6780047491192818,7.1421,6.60096,2.5372,14555,0.001024,3.278848,,0.03328,0.157696,0.000256,0.137728,0.011519999999999999,0.011519999999999999,,0.0025599999999999998,,1.0828799999999998
11003,76.873353996598638,19072653674041,1,7.870393805205822,6.4904,6.491648,0.8169,14555,0.001024,3.178496,,0.033791999999999996,0.16025599999999998,0,0.140288,0.004096,0.011776,,0.0025599999999999998,,1.065472
11004,76.8806968962585,19072653738945,1,7.3428996838629246,8.4269,0.034048,2.5714,28208,0.001024,3.289088,,0.039936,0.162816,0,0.14079999999999998,0.003328,0.011007999999999999,,0.002304,,1.074944
11005,76.887440001417232,19072653823214,1,6.7431051284074783,5.2888,7.325696,2.9362,14555,0.001024,3.2368639999999997,,0.035328,0.163072,0,0.142848,0.0038399999999999997,0.011776,,0.0025599999999999998,,1.2454399999999999
11006,76.894753096655322,19072653876102,1,7.3130950331687927,7.7684,6.697472,3.1077,14555,0.001024,3.185152,,0.038144,0.152832,0,0.13286399999999998,0.003328,0.011264,,0.003072,,1.067264
11007,76.901871400226753,19072653953786,1,7.118303794413805,8.188,7.30752,2.9956,14555,0.194304,3.268608,,0.035328,0.16025599999999998,0,0.13849599999999998,0.004608,0.012032,,0.002048,,1.278976
11008,76.9088681972789,19072654035666,1,6.9967969320714474,5.6443,7.100416,3.2206,14555,0.001024,3.1009279999999997,,0.033535999999999996,0.157696,0.000256,0.137984,0.003584,0.012032,,0.0025599999999999998,,1.309184
11009,76.915960402494335,19072654092109,1,7.0922053419053555,7.4542,6.977792,2.6034,14555,0.001024,3.232256,,0.035072,0.158208,0,0.13696,0.0076799999999999993,0.010752,,0.002304,,1.082624
11010,76.922857801870748,19072654166651,1,6.8973992019891739,6.7817,6.98624,2.4637,14555,0.001024,3.181056,,0.034304,0.16153599999999999,0,0.141568,0.005888,0.012032,,0.0025599999999999998,,1.08032
11011,76.930081802721091,19072654234468,1,7.2240009903907776,6.7411,6.957824,2.9873,14555,0.001024,3.288064,,0.038911999999999995,0.160512,0,0.140288,0.003328,0.011519999999999999,,0.0025599999999999998,,1.0647039999999999
11012,76.937059998582768,19072654301879,1,6.97819609194994,7.7135,7.16672,2.8549,14555,0.001024,3.2381439999999997,,0.035072,0.154112,0.000256,0.133632,0.011264,0.009984,,0.002816,,1.5180799999999999
11013,76.944368402777769,19072654379014,1,7.3084044270217419,6.9925,6.994944,2.5819,14555,0.001024,3.2327679999999996,,0.03456,0.15462399999999998,0,0.1344,0.003328,0.010496,,0.0025599999999999998,,1.084416
11014,76.951619699546484,19072654448939,1,7.2512966580688953,7.2418,7.296,2.7883,14555,0.001024,3.228672,,0.03456,0.153088,0,0.13286399999999998,0.003072,0.011519999999999999,,0.003072,,1.34016
11015,76.958447597789117,19072654521357,1,6.8278983235359192,6.8636,7.222016,3.0094,14555,0.001024,3.2363519999999997,,0.033535999999999996,0.150272,0.000256,0.130816,0.003328,0.010239999999999999,,0.002816,,1.301504
11016,76.965683000283448,19072654589993,1,7.2354027070105076,8.0673,6.795776,3.2142,14750,0.001024,3.188224,,0.038655999999999996,0.161792,0,0.141824,0.0063999999999999994,0.010239999999999999,,0.0025599999999999998,,1.0662399999999999
11017,76.972780201247161,19072654670666,1,7.0972009561955929,7.0224,7.218432,3.3931,14555,0.0012799999999999999,3.261952,,0.035072,0.158976,0,0.13747199999999998,0.007424,0.010752,,0.002304,,1.06496
11018,76.980152295918359,19072654740890,1,7.3720947839319706,6.3231,7.062016,2.4624,15055,0.001024,3.0965759999999998,,0.034304,0.164352,0.000256,0.14464,0.0076799999999999993,0.012032,,0.002304,,1.083648
11019,76.986985600907033,19072654804121,1,6.8333051167428493,6.8617,7.337216,2.8301,14555,0.001024,3.200768,,0.034816,0.15001599999999998,0.000256,0.12953599999999998,0.003328,0.011776,,0.002304,,1.246464
11020,76.9945508999433,19072654872738,1,7.5652990490198135,7.3477,6.83904,2.6015,14555,0.001024,3.268096,,0.035584,0.153856,0,0.133632,0.004352,0.011264,,0.002304,,1.0831359999999999
11021,77.001605902777769,19072654946215,1,7.0550027303397655,7.5051,7.548928,2.6069,14555,0.001024,3.28448,,0.036608,0.158464,0,0.137984,0.003328,0.013568,,0.002816,,1.083648
11022,77.008486302437632,19072655021266,1,6.8803997710347176,6.8375,7.025664,2.9113,14555,0.001024,3.184128,,0.03328,0.1536,0,0.133632,0.006656,0.011776,,0.002304,,1.3306879999999999
11023,77.0158248015873,19072655089641,1,7.3384991846978664,7.7055,6.858496,3.0261,14555,0.001024,3.0947839999999998,,0.036095999999999996,0.16383999999999999,0,0.141568,0.003328,0.011776,,0.002304,,1.067776
11024,77.0229452026644,19072655166696,1,7.1204011328518391,7.3323,7.317248,3.1475,14555,0.001024,3.2248319999999997,,0.034304,0.154368,0,0.1344,0.009216,0.010496,,0.0025599999999999998,,1.232896
11025,77.030078401360541,19072655240019,1,7.1331989020109177,6.9132999999999996,7.117312,3.0868,14555,0.001024,3.287552,,0.036351999999999995,0.159744,0.000256,0.139008,0.007936,0.011776,,0.0025599999999999998,,1.08672
11026,77.036998696145119,19072655309152,1,6.9202948361635208,6.3767,7.090944,2.9728,14555,0.001024,3.2985599999999997,,0.034048,0.162304,0,0.14079999999999998,0.008192,0.010496,,0.002304,,1.347584
11027,77.044094699546477,19072655372919,1,7.0960032753646374,8.6231,6.903808,2.7916,14555,0.001024,3.091712,,0.034816,0.15744,0.000256,0.137216,0.003584,0.010239999999999999,,0.002304,,1.065472
11028,77.051251998299321,19072655459150,1,7.1572987362742424,6.8369,7.074816,3.413,14555,0.001024,3.266304,,0.03456,0.16255999999999998,0.000256,0.141824,0.007936,0.010239999999999999,,0.002304,,1.068288
11029,77.058608198696149,19072655527519,1,7.3562003672122955,6.9974,7.1424,2.8171,14607,0.001024,3.22816,,0.033535999999999996,0.155136,0,0.134912,0.009472,0.012032,,0.0025599999999999998,,1.347584
11030,77.065595797902489,19072655597493,1,6.9875991903245449,5.9265,7.2832,3.034,14555,0.001024,3.297024,,0.043775999999999995,0.15462399999999998,0.000256,0.134656,0.003328,0.011007999999999999,,0.002304,,1.065472
11031,77.0727093962585,19072655656758,1,7.11359828710556,8.2438,7.013888,2.5086,14555,0.002048,3.2604159999999998,,0.034816,0.16153599999999999,0.000256,0.141056,0.007936,0.011264,,0.0025599999999999998,,1.0816
11032,77.07993599773242,19072655739196,1,7.226601243019104,6.7793,7.008768,2.673,14555,0.001024,3.232256,,0.034816,0.166912,0,0.1472,0.003072,0.011776,,0.0025599999999999998,,1.0864639999999999
11033,77.0868338010204,19072655806989,1,6.897803395986557,6.9786,7.301888,2.9753,14757,0.001024,3.193856,,0.035328,0.16025599999999998,0,0.140288,0.003328,0.011776,,0.002304,,1.253376
11034,77.093805399659857,19072655876775,1,6.9715986028313637,6.8489,6.873856,2.8529,14555,0.001024,3.285504,,0.034816,0.160512,0,0.140032,0.0038399999999999997,0.011519999999999999,,0.0025599999999999998,,1.07904
11035,77.100988697562357,19072655945264,1,7.1832980029284954,7.1488,6.947584,2.7986,14555,0.001024,3.286784,,0.039936,0.161792,0.000256,0.14079999999999998,0.003328,0.010752,,0.002816,,1.084928
11036,77.108297597789118,19072656016752,1,7.3089003562927246,6.8748,7.170304,2.9678,17551,0.001024,3.269888,,0.034048,0.156672,0,0.136704,0.007936,0.010752,,0.0025599999999999998,,1.505792
11037,77.115406200396819,19072656085500,1,7.1086026728153229,6.5687,7.288832,2.9497,76223,0.0012799999999999999,3.225088,,0.035584,0.165376,0.000256,0.144896,0.0038399999999999997,0.010496,,0.0025599999999999998,,1.0828799999999998
11038,77.123417602040817,19072656151187,1,8.0114016309380531,7.7243,7.076608,2.7167,18196,0.0012799999999999999,3.225088,,0.035584,0.165376,0.000256,0.144896,0.0038399999999999997,0.010496,,0.0025599999999999998,,1.0828799999999998
11039,77.130700099206351,19072656228430,1,7.2824973613023758,7.4198,7.29856,0.8745,14555,0.001024,3.2302079999999997,,0.035328,0.150784,0,0.131328,0.003072,0.010752,,0.002816,,1.225984
11040,77.137736600056684,19072656302628,1,7.0365010760724545,9.4089,0.035328,2.7689,14555,0.001024,3.2097279999999997,,0.033791999999999996,0.16819199999999998,0,0.1472,0.0038399999999999997,0.011264,,0.0025599999999999998,,1.325312
11041,77.144953096655328,19072656396717,1,7.2164963930845261,5.168,6.770176,2.6074,14555,0.0012799999999999999,3.278336,,0.034048,0.15616,0.000256,0.136192,0.003328,0.010496,,0.0025599999999999998,,1.085696
11042,77.151994401927439,19072656448397,1,7.0413053035736084,7.2997,7.181056,2.5477,14555,0.0012799999999999999,3.174912,,0.036095999999999996,0.158976,0.000256,0.13696,0.003072,0.010752,,0.002304,,1.509888
11043,77.159106498015873,19072656521394,1,7.1120960637927055,7.1624,7.034368,2.5688,14555,0.001024,3.241472,,0.03712,0.157184,0.000256,0.13516799999999998,0.0076799999999999993,0.012032,,0.002304,,1.068544
11044,77.166456901927432,19072656593018,1,7.3504038155078888,6.6365,7.011328,2.777,14555,0.001024,3.266816,,0.039168,0.15231999999999998,0,0.132096,0.003328,0.010239999999999999,,0.002304,,1.08032
11045,77.173393098072566,19072656659383,1,6.9361962378025055,8.0043,7.405056,2.8131,14555,0.001024,3.2798719999999997,,0.034816,0.151808,0,0.13183999999999998,0.007168,0.011007999999999999,,0.0025599999999999998,,1.08544
11046,77.180335501700682,19072656739426,1,6.9424035027623177,6.9647,6.921472,2.6472,14757,0.001024,3.187712,,0.038911999999999995,0.15462399999999998,0,0.13414399999999999,0.003072,0.011776,,0.002304,,1.0944
11047,77.187226799886616,19072656809073,1,6.8912981078028679,7.1617,6.826752,2.9828,14555,0.001024,3.277568,,0.035072,0.15129599999999999,0,0.131072,0.003584,0.012032,,0.002304,,1.0828799999999998
11048,77.194420996315188,19072656880690,1,7.1941963396966457,6.86,6.95552,3.0614,14555,0.001024,3.285504,,0.036864,0.15231999999999998,0,0.132352,0.003328,0.011776,,0.0025599999999999998,,1.065472
11049,77.201535799319728,19072656949290,1,7.1148029528558254,7.6471,7.18848,2.405,14555,0.001024,3.179264,,0.037632,0.159488,0,0.139264,0.003328,0.010752,,0.0025599999999999998,,1.3406719999999999
11050,77.208747200963714,19072657025761,1,7.2114015929400921,5.9773,7.08608,2.8358,14555,0.001024,3.2762879999999996,,0.034304,0.153088,0,0.13286399999999998,0.0038399999999999997,0.011519999999999999,,0.002304,,1.317888
11051,77.21586169926303,19072657085534,1,7.1144984103739262,8.3755,7.125248,2.9952,14555,0.001024,3.279616,,0.035072,0.157184,0,0.13644799999999999,0.003328,0.010752,,0.002304,,1.082368
11052,77.222917800453516,19072657169289,1,7.0561012253165245,6.2372,7.15264,2.5901,14555,0.001024,3.17312,,0.03584,0.158208,0.000256,0.137984,0.0076799999999999993,0.011264,,0.002304,,1.085952
11053,77.230088895975058,19072657231661,1,7.1710953488945961,7.5923,7.043072,2.6479,14555,0.001024,3.2865279999999997,,0.039424,0.152064,0,0.132352,0.0076799999999999993,0.011519999999999999,,0.0025599999999999998,,1.08928
11054,77.236784899376417,19072657307584,1,6.6960034891963005,7.1391,7.12704,2.7226,14555,0.001024,3.194368,,0.035328,0.16383999999999999,0,0.143872,0.0076799999999999993,0.010496,,0.002304,,1.277952
11055,77.24389990079365,19072657378975,1,7.1150013245642185,6.8742,6.694656,3.002,14555,0.0012799999999999999,3.185408,,0.033791999999999996,0.153856,0,0.13286399999999998,0.005376,0.011007999999999999,,0.002304,,1.248256
11056,77.251170797902489,19072657447717,1,7.2708972729742527,6.7906,7.086592,2.7116,14555,0.001024,3.2678399999999996,,0.035072,0.16127999999999998,0,0.141312,0.007424,0.012032,,0.0025599999999999998,,1.083392
11057,77.2580785005669,19072657515623,1,6.9077028892934322,7.048,7.263488,2.9953,14555,0.001024,3.28448,,0.039936,0.154368,0,0.132608,0.007424,0.011007999999999999,,0.002304,,1.2318719999999999
11058,77.2646628968254,19072657586103,1,6.5843961201608181,7.7421,6.88256,2.8174,14607,0.001024,3.28064,,0.033535999999999996,0.16358399999999998,0,0.144128,0.003328,0.011007999999999999,,0.002304,,1.065728
11059,77.27133779761904,19072657663524,1,6.6749006509780884,7.1098,6.565632,3.0314,14555,0.001024,3.2834559999999997,,0.034048,0.159744,0,0.137984,0.0038399999999999997,0.011519999999999999,,0.002304,,1.07008
11060,77.278242396541941,19072657734622,1,6.9045987911522388,6.6581,6.600704,2.7106,14750,0.001024,3.2670719999999998,,0.03328,0.15129599999999999,0,0.131584,0.003584,0.011776,,0.0025599999999999998,,1.067008
11061,77.285607596371875,19072657801203,1,7.3651997372508049,6.3053,6.907648,2.9113,14757,0.001536,3.277568,,0.035072,0.152064,0,0.131584,0.0076799999999999993,0.010496,,0.0025599999999999998,,1.078784
11062,77.292628698979584,19072657864256,1,7.0211025886237621,6.1451,7.313408,2.4496,14555,0.001024,3.287296,,0.03968,0.15488,0,0.133376,0.0076799999999999993,0.010239999999999999,,0.002304,,1.346816
11063,77.299679202097508,19072657925707,1,7.0505030453205109,6.8827,7.044864,2.8823,14555,0.001024,3.2919039999999997,,0.035328,0.15923199999999998,0,0.138752,0.003328,0.011776,,0.0025599999999999998,,1.085184
11064,77.30680340136054,19072657994534,1,7.124199066311121,8.1101,7.042048,2.9545,14555,0.001024,3.2895999999999996,,0.035072,0.151808,0,0.131584,0.003328,0.011776,,0.002304,,1.0828799999999998
11065,77.313940398242622,19072658075635,1,7.1369968354702,6.7951,7.108864,2.8006,14555,0.001024,3.2279039999999997,,0.03456,0.1664,0,0.14464,0.0076799999999999993,0.011519999999999999,,0.002304,,1.3424639999999999
11066,77.321157298752837,19072658143586,1,7.2169005870819092,7.0104,7.10784,2.7606,14555,0.001024,3.2017919999999997,,0.035328,0.151808,0,0.131584,0.008704,0.011007999999999999,,0.002304,,1.196288
11067,77.328138895975059,19072658213690,1,6.9815972819924355,6.836,7.186176,3.3228,14555,0.001024,3.2936959999999997,,0.03456,0.163328,0,0.14310399999999998,0.003584,0.011519999999999999,,0.0025599999999999998,,1.067776
11068,77.3351670989229,19072658282050,1,7.0282029919326305,7.2661,6.98368,3.0908,14555,0.001024,3.2261119999999996,,0.034048,0.153088,0.000256,0.133888,0.011007999999999999,0.011007999999999999,,0.002816,,1.316352
11069,77.3424628968254,19072658354711,1,7.2957980446517467,7.6336,7.00416,2.7874,14555,0.001024,3.289088,,0.033535999999999996,0.37196799999999997,0,0.13183999999999998,0.005632,0.011264,,0.002304,,1.3340159999999999
11070,77.349485501700684,19072658431047,1,7.0226048119366169,6.9791,7.194112,3.8113,14555,0.001024,3.189504,,0.040448,0.15564799999999998,0,0.133888,0.0038399999999999997,0.012032,,0.002304,,1.23648
11071,77.356376799886618,19072658500838,1,6.8912981078028679,6.7587,7.082496,3.4203,14555,0.001024,3.177984,,0.03456,0.158464,0,0.13849599999999998,0.007936,0.010239999999999999,,0.002304,,1.0664959999999999
11072,77.363545897108835,19072658568425,1,7.1690971963107586,7.5653,6.872832,2.7229,14555,0.0012799999999999999,3.171328,,0.034304,0.158208,0,0.136704,0.003584,0.011519999999999999,,0.002048,,1.065472
11073,77.370951296768709,19072658644078,1,7.4053998105227947,7.0255,7.148032,2.7236,76223,0.001024,3.1818239999999998,,0.040192,0.1536,0.000256,0.133376,0.003328,0.010496,,0.002304,,1.083648
11074,77.3779454010771,19072658714333,1,6.994104478508234,7.282,7.37792,2.5444,14555,0.001024,3.2762879999999996,,0.035072,0.15872,0,0.138752,0.0038399999999999997,0.010752,,0.0025599999999999998,,1.2702719999999998
11075,77.386303599773242,19072658787153,1,8.3581991493701935,6.6606,6.94016,0.8505,14757,0.001024,3.22432,,0.035328,0.14540799999999998,0,0.12595199999999998,0.005632,0.010752,,0.004352,,1.315072
11076,77.393520500283444,19072658853759,1,7.2169005870819092,9.2188,0.03456,3.0296,14555,0.001024,3.242752,,0.03328,0.153088,0,0.133632,0.007936,0.012032,,0.0025599999999999998,,1.6197119999999998
11077,77.4006036989796,19072658945947,1,7.0831985212862492,5.0266,7.112192,2.8123,14555,0.001024,3.28576,,0.039936,0.15488,0.000256,0.133888,0.003072,0.011519999999999999,,0.0025599999999999998,,1.08672
11078,77.407672002551024,19072658996213,1,7.0683034136891365,8.4336,7.138048,2.6766,14555,0.001024,3.22688,,0.036351999999999995,0.15001599999999998,0,0.129792,0.0076799999999999993,0.010239999999999999,,0.002816,,1.369344
11079,77.415105399659865,19072659080549,1,7.4333972297608852,7.519,7.056128,2.3137,14555,0.001024,3.2931839999999997,,0.040959999999999996,0.15923199999999998,0.000256,0.139008,0.007936,0.011007999999999999,,0.002304,,1.070592
11080,77.421682199546481,19072659155739,1,6.5767997875809669,6.4901,7.405312,2.1848,14555,0.001024,3.191808,,0.03968,0.161792,0,0.14207999999999998,0.003072,0.010239999999999999,,0.0025599999999999998,,1.266176
11081,77.428806001984128,19072659220640,1,7.1238023228943348,6.9484,6.556672,2.3101,14750,0.001024,3.222272,,0.033535999999999996,0.151552,0,0.132096,0.0076799999999999993,0.011007999999999999,,0.002304,,1.083392
11082,77.435842602040807,19072659290124,1,7.036600261926651,7.1172,7.00544,2.5965,14555,0.001024,3.2701439999999997,,0.03968,0.15744,0,0.137216,0.0076799999999999993,0.010752,,0.002304,,1.082624
11083,77.4431283021542,19072659361296,1,7.2857001796364784,7.2604,7.10912,2.6576,14555,0.0012799999999999999,3.2012799999999997,,0.039168,0.16,0,0.13952,0.007936,0.011007999999999999,,0.002304,,1.091072
11084,77.450051700680262,19072659433900,1,6.9233984686434269,7.2425,7.268352,2.872,14555,0.001024,3.189504,,0.035328,0.165632,0,0.144128,0.0038399999999999997,0.011776,,0.002304,,1.189376
11085,77.457243501984124,19072659506325,1,7.191801443696022,6.4878,6.903296,2.7062,14555,0.001024,3.2319999999999998,,0.039424,0.15692799999999998,0,0.135936,0.003328,0.010239999999999999,,0.002304,,1.0862079999999998
11086,77.464172399376409,19072659571203,1,6.928897462785244,7.4226,7.184128,2.7702,14555,0.001024,3.272448,,0.03456,0.162304,0,0.140544,0.011264,0.010239999999999999,,0.002304,,1.334272
11087,77.4715725977891,19072659645429,1,7.4001983739435673,6.8463,6.889728,2.5681,14607,0.001024,3.1951359999999998,,0.043008,0.157184,0,0.13644799999999999,0.007936,0.011007999999999999,,0.002304,,1.0828799999999998
11088,77.4786716978458,19072659713892,1,7.0990999229252338,7.3527,7.376384,2.3293,14555,0.001024,3.234816,,0.040448,0.163072,0,0.141312,0.0076799999999999993,0.010239999999999999,,0.0025599999999999998,,1.2636159999999999
11089,77.48564829931972,19072659787419,1,6.976601667702198,6.9498,6.948096,2.9955,14757,0.001024,3.1808,,0.034048,0.15744,0,0.135424,0.0076799999999999993,0.012288,,0.002304,,1.346816
11090,77.49318550170068,19072659856917,1,7.5372024439275265,7.1552,6.928896,2.8285,14555,0.001024,3.242752,,0.039936,0.16,0.000256,0.13977599999999998,0.007424,0.0097279999999999988,,0.002816,,1.0713599999999999
11091,77.500194897959176,19072659928469,1,7.0093963295221329,7.8611,7.524352,2.5904,14555,0.001024,3.275776,,0.035072,0.1664,0,0.14464,0.007936,0.011519999999999999,,0.002304,,1.2354559999999999
11092,77.50791760204082,19072660007080,1,7.7227042056620121,6.167,6.995968,3.034,14555,0.001024,3.284992,,0.041728,0.162304,0,0.141568,0.0076799999999999993,0.012288,,0.0025599999999999998,,1.067008
11093,77.514644798752826,19072660068750,1,6.727196741849184,9.1895,7.672576,3.0158,14555,0.001024,3.174144,,0.035584,0.15744,0.000256,0.13747199999999998,0.003328,0.011264,,0.002304,,1.6870399999999999
11094,77.522061401643981,19072660160645,1,7.4166026897728443,6.4161,6.73024,2.7969,14555,0.001024,3.094528,,0.035584,0.159488,0,0.137984,0.003328,0.011776,,0.0025599999999999998,,1.084416
11095,77.529237996031739,19072660224806,1,7.1765943430364132,7.3359,7.397376,2.6141,14555,0.174592,3.2176639999999996,,0.03584,0.1536,0,0.132608,0.003072,0.010752,,0.003328,,1.343232
11096,77.536469897959179,19072660298165,1,7.231901865452528,6.4333,7.167744,3.2457,14555,0.001024,3.094016,,0.038911999999999995,0.16255999999999998,0,0.142336,0.007936,0.012032,,0.002304,,1.34144
11097,77.543356901927439,19072660362498,1,6.8870037794113159,7.9367,7.203584,2.5692,14555,0.001024,3.235328,,0.039424,0.160768,0.000256,0.13977599999999998,0.0076799999999999993,0.010752,,0.0025599999999999998,,1.259008
11098,77.55033030045351,19072660441865,1,6.9733983837068081,6.6914,6.865408,3.2067,14555,0.001024,3.092224,,0.034816,0.159744,0.000256,0.139008,0.007424,0.010496,,0.0025599999999999998,,1.070336
11099,77.557255598072558,19072660508779,1,6.9252974353730679,7.0727,6.946816,2.7865,14555,0.001024,3.183872,,0.034816,0.155904,0,0.136192,0.010239999999999999,0.011776,,0.002304,,1.08544
11100,77.564286096938773,19072660579506,1,7.0304987020790577,6.9423,6.911744,3.037,14555,0.001024,3.1777279999999997,,0.034048,0.15488,0,0.134656,0.0038399999999999997,0.010496,,0.0025599999999999998,,1.3273599999999999
11101,77.571397597789115,19072660648929,1,7.1115009486675262,6.5569,6.998528,2.9141,14555,0.001024,3.18592,,0.035328,0.164096,0,0.142848,0.0038399999999999997,0.012032,,0.002304,,1.257728
11102,77.578509700963721,19072660714498,1,7.1121030487120152,7.5107,7.10016,2.8684,14555,0.0012799999999999999,3.192576,,0.034816,0.16358399999999998,0.000256,0.143872,0.003328,0.011519999999999999,,0.0025599999999999998,,1.067008
11103,77.58584199971655,19072660789605,1,7.3322989046573639,7.1654,7.100928,2.6111,14952,0.001024,3.2604159999999998,,0.039424,0.151552,0,0.131072,0.007936,0.011007999999999999,,0.002304,,1.085952
11104,77.593228698979587,19072660861259,1,7.3866993188858032,6.9466,7.300608,3.0063,14555,0.001024,3.244032,,0.039936,0.159744,0,0.137728,0.003584,0.012288,,0.002304,,1.257728
11105,77.600169997165523,19072660930725,1,6.9412980228662491,7.5373,7.367168,2.8088,14555,0.001024,3.2883199999999997,,0.034816,0.155392,0,0.134912,0.0076799999999999993,0.010496,,0.0025599999999999998,,1.085184
11106,77.607215695861669,19072661006098,1,7.0456988178193569,7.4137,6.928128,2.9077,14555,0.0012799999999999999,3.182848,,0.041471999999999995,0.16768,0,0.146432,0.003072,0.011264,,0.0025599999999999998,,1.0831359999999999
11107,77.614305300453509,19072661080235,1,7.0896046236157417,7.1989,7.023616,2.2204,17551,0.001024,3.272448,,0.035584,0.167936,0,0.14592,0.003328,0.012288,,0.002304,,1.07008
11108,77.621772597789118,19072661152224,1,7.4672973714768887,6.062,7.062272,2.3455,76223,0.001024,3.23968,,0.038144,0.16127999999999998,0,0.141056,0.003328,0.011007999999999999,,0.0025599999999999998,,1.2620799999999999
11109,77.62905870181406,19072661212844,1,7.2861039079725742,7.1265,7.40864,2.7745,18001,0.001024,3.232256,,0.036095999999999996,0.161792,0,0.14079999999999998,0.003072,0.011519999999999999,,0.002304,,1.3306879999999999
11110,77.63696019699546,19072661284109,1,7.9014953225851059,7.5206,7.31136,0.7347,14555,0.001024,3.227648,,0.039424,0.156416,0,0.136704,0.007424,0.011007999999999999,,0.0025599999999999998,,1.3708799999999999
11111,77.643713399943309,19072661359315,1,6.7532029934227467,8.8083,0.034816,3.1192,14555,0.001024,3.2368639999999997,,0.33894399999999997,0.171264,0,0.144128,0.0048639999999999994,0.011519999999999999,,0.0025599999999999998,,1.253376
11112,77.650785997732427,19072661447398,1,7.0725977420806885,6.1965,6.736128,3.1021,14555,0.001024,3.2652799999999997,,0.03456,0.157696,0,0.13644799999999999,0.003328,0.010496,,0.002304,,1.0713599999999999
11113,77.657271102607709,19072661509363,1,6.4851050265133381,7.8297,7.049472,2.731,14555,0.001024,3.263744,,0.03328,0.151552,0,0.13183999999999998,0.003584,0.010752,,0.002304,,1.350144
11114,77.663827699829923,19072661587660,1,6.5565970726311207,6.6259,6.456576,2.7045,14555,0.001024,3.199744,,0.034304,0.16255999999999998,0,0.141568,0.0076799999999999993,0.010496,,0.002304,,1.0864639999999999
11115,77.67035199829931,19072661653919,1,6.5242983400821686,6.6746,6.4576,2.8787,14607,0.001024,3.19232,,0.03328,0.15564799999999998,0,0.135936,0.003584,0.011519999999999999,,0.0025599999999999998,,1.0647039999999999
11116,77.676935997732429,19072661720665,1,6.5839993767440319,6.8304,6.593792,3.2542,14555,0.001024,3.1964159999999997,,0.034304,0.158976,0,0.136704,0.003584,0.010496,,0.002304,,1.239552
11117,77.683842899659865,19072661788969,1,6.9069019518792629,7.02,6.553344,2.7872,14757,0.001024,3.2394239999999996,,0.034304,0.16,0.000256,0.13952,0.008192,0.012288,,0.002304,,1.0688
11118,77.690879896541944,19072661859169,1,7.0369970053434372,5.9784,6.893568,2.827,14555,0.001024,3.199744,,0.039168,0.16025599999999998,0,0.139264,0.003328,0.010752,,0.002304,,1.254144
11119,77.6980080994898,19072661918953,1,7.1282028220593929,7.2993,7.00032,2.9606,14555,0.001024,3.091712,,0.03456,0.164352,0,0.14207999999999998,0.008192,0.011264,,0.0025599999999999998,,1.338112
11120,77.705130399659865,19072661991946,1,7.12230009958148,5.8547,7.1168,2.6063,14555,0.001024,3.1733759999999998,,0.034048,0.15231999999999998,0,0.132608,0.011776,0.010752,,0.0025599999999999998,,1.259008
11121,77.712433496315185,19072662050493,1,7.3030968196690083,7.5368,7.102976,3.1404,14555,0.001024,3.183616,,0.039424,0.157696,0,0.13747199999999998,0.008192,0.010752,,0.002304,,1.088512
11122,77.719580399659861,19072662125861,1,7.1469033136963844,7.0585,7.286528,3.0379,14555,0.001024,3.2261119999999996,,0.033791999999999996,0.15564799999999998,0,0.135936,0.0038399999999999997,0.011264,,0.0025599999999999998,,1.334272
11123,77.7266873015873,19072662196446,1,7.106902077794075,7.2764,7.042304,2.9433,14555,0.001024,3.185408,,0.040192,0.154368,0,0.133888,0.0076799999999999993,0.012032,,0.002304,,1.081856
11124,77.733659601757367,19072662269210,1,6.9723003543913364,7.3503,7.123456,3.0945,14555,0.001024,3.2755199999999998,,0.038144,0.15744,0,0.136704,0.007936,0.010239999999999999,,0.0025599999999999998,,1.069056
11125,77.740802600623581,19072662342713,1,7.142998743802309,7.5037,6.9888,2.9365,14750,0.001024,3.237376,,0.038655999999999996,0.15744,0.000256,0.13747199999999998,0.007936,0.011519999999999999,,0.0025599999999999998,,1.0846719999999999
11126,77.748397101757362,19072662417750,1,7.5945011340081692,6.7156,7.123968,2.9287,14555,0.001024,3.2678399999999996,,0.034048,0.406784,0,0.144896,0.010239999999999999,0.011519999999999999,,0.002304,,1.08032
11127,77.755633397108838,19072662484906,1,7.2362953796982765,7.2,7.580416,2.5004,14555,0.003072,3.287296,,0.03968,0.164352,0,0.142592,0.0076799999999999993,0.010752,,0.002304,,1.424896
11128,77.762511600056683,19072662556906,1,6.8782027810812,6.5086,7.137536,3.0004,14555,0.001024,3.236608,,0.03584,0.16768,0,0.14540799999999998,0.003072,0.010496,,0.002304,,1.069056
11129,77.769717602040814,19072662621992,1,7.2060017846524715,8.0542,6.94784,2.8749,14555,0.0012799999999999999,3.229184,,0.03456,0.160512,0.000256,0.140032,0.003584,0.010496,,0.002304,,1.229824
11130,77.777399100056684,19072662702534,1,7.68149783834815,8.0476,7.176192,2.7602,14555,0.001024,3.230464,,0.038911999999999995,0.159488,0,0.13952,0.007936,0.011264,,0.002304,,1.264128
11131,77.7846077026644,19072662783010,1,7.2086025029420853,6.0013,7.655936,2.4186,14757,0.001024,3.2901119999999997,,0.038655999999999996,0.164608,0,0.142848,0.0076799999999999993,0.010752,,0.002304,,1.349632
11132,77.79164579790249,19072662843023,1,7.0380950346589088,7.0481,7.181056,2.5234,14555,0.0012799999999999999,3.223808,,0.034048,0.15744,0,0.13696,0.007936,0.010752,,0.002304,,1.2651519999999998
11133,77.798904095804986,19072662913504,1,7.2582978755235672,7.9834,7.029504,2.638,14555,0.001024,3.23584,,0.039424,0.155904,0.000256,0.1344,0.008192,0.010752,,0.002304,,1.084928
11134,77.806152295918366,19072662993338,1,7.2482000105082989,7.0419,7.203072,3.3907,14555,0.001024,3.289856,,0.035328,0.155904,0,0.13568,0.007424,0.010496,,0.0025599999999999998,,1.237248
11135,77.8128797973356,19072663063757,1,6.7275012843310833,7.2934,7.262976,2.6154,14555,0.001024,3.290368,,0.034048,0.297216,0,0.277248,0.0038399999999999997,0.011519999999999999,,0.0025599999999999998,,1.59744
11136,77.819942701247157,19072663136691,1,7.0629040710628033,7.1881,6.69696,3.243,14555,0.001024,3.167232,,0.033535999999999996,0.16768,0,0.147456,0.0038399999999999997,0.009984,,0.0025599999999999998,,1.0695679999999999
11137,77.827277898242627,19072663208572,1,7.3351971805095673,6.7362,7.041024,3.178,14555,0.001024,3.23584,,0.034816,0.161024,0.000256,0.140032,0.011776,0.011519999999999999,,0.0025599999999999998,,1.0879999999999999
11138,77.834098901643983,19072663275934,1,6.8210032768547535,6.9815,7.150848,2.7679,14555,0.001024,3.191808,,0.036864,0.15923199999999998,0.000256,0.13849599999999998,0.007936,0.011519999999999999,,0.002304,,1.085184
11139,77.841288102324256,19072663345749,1,7.1892007254064083,7.1324,6.789376,2.9406,14555,0.001024,3.1818239999999998,,0.034048,0.158208,0,0.13849599999999998,0.004096,0.010752,,0.0025599999999999998,,1.344512
11140,77.848375701530614,19072663417073,1,7.0875990204513073,7.5399,7.176704,2.6822,14555,0.001024,3.289856,,0.036864,0.164608,0,0.143872,0.003328,0.010496,,0.002304,,1.081856
11141,77.855774000850332,19072663492472,1,7.3982994072139263,6.673,7.063808,2.7784,14555,0.001024,3.293952,,0.035072,0.157696,0,0.137728,0.003328,0.010239999999999999,,0.002816,,1.090304
11142,77.862859998582763,19072663559202,1,7.085997611284256,7.1999,7.377152,2.9944,14555,0.001024,3.1808,,0.035072,0.155904,0,0.135424,0.007936,0.010239999999999999,,0.0025599999999999998,,1.313024
11143,77.869734098639455,19072663631201,1,6.8740998394787312,7.6303,7.05792,2.8291,14555,0.001024,3.2314879999999997,,0.033791999999999996,0.167424,0,0.14540799999999998,0.0038399999999999997,0.010496,,0.002304,,1.3491199999999999
11144,77.876940299036278,19072663707504,1,7.2062006220221519,6.962,6.848512,2.8424,76275,0.001024,3.09376,,0.03456,0.15616,0,0.13568,0.0076799999999999993,0.010239999999999999,,0.002816,,1.06368
11145,77.884483900226755,19072663777124,1,7.5436010956764221,7.5525,7.186432,3.1783,14757,0.0012799999999999999,3.2737279999999997,,0.038655999999999996,0.150528,0,0.130816,0.0076799999999999993,0.011007999999999999,,0.0025599999999999998,,1.067008
11146,77.892664498299311,19072663852649,1,8.180597797036171,6.8113,6.924032,0.9344,14750,0.001024,3.1692799999999997,,0.035328,0.16,0.000256,0.138752,0.003328,0.011264,,0.002304,,1.323264
11147,77.8993334963152,19072663920762,1,6.6689979285001755,8.8317,0.044544,3.5007,14555,0.001024,3.288064,,0.033024,0.156672,0,0.137216,0.003584,0.011264,,0.0025599999999999998,,1.5580159999999998
11148,77.906403996598641,19072664009079,1,7.0705004036426544,6.5971,6.640896,3.0123,14555,0.001024,3.0942719999999997,,0.035584,0.1664,0,0.14540799999999998,0.00896,0.011007999999999999,,0.002304,,1.0680319999999999
11149,77.913484098639458,19072664075050,1,7.0801018737256527,7.5632,6.97728,3.4601,14555,0.001024,3.1685119999999998,,0.03456,0.155904,0.000256,0.135936,0.003072,0.011007999999999999,,0.0025599999999999998,,1.065472
11150,77.92044249574829,19072664150682,1,6.9583971053361893,6.854,7.151872,2.6261,14555,0.001024,3.2972799999999998,,0.033791999999999996,0.155136,0,0.13414399999999999,0.003584,0.011519999999999999,,0.002304,,1.3388799999999998
11151,77.927749100056687,19072664219222,1,7.30660418048501,7.1638,6.936576,3.1093,14555,0.001024,3.1902719999999998,,0.041471999999999995,0.15795199999999998,0,0.137984,0.003072,0.012032,,0.0025599999999999998,,1.067264
11152,77.934700701530616,19072664290860,1,6.95160124450922,6.5694,7.19744,2.5759,14555,0.001024,3.287808,,0.034816,0.157696,0,0.137984,0.0076799999999999993,0.011519999999999999,,0.0025599999999999998,,1.0846719999999999
11153,77.941723299319719,19072664356554,1,7.0225978270173073,7.2333,7.02464,2.8804,14555,0.001024,3.229952,,0.033535999999999996,0.155136,0,0.135936,0.003584,0.011519999999999999,,0.0025599999999999998,,1.229824
11154,77.949118402777771,19072664428887,1,7.3951035737991333,7.2234,7.000576,2.6133,14555,0.001024,3.2368639999999997,,0.03456,0.15692799999999998,0,0.13696,0.003584,0.010239999999999999,,0.002304,,1.088512
11155,77.956224496882086,19072664501121,1,7.1060941554605961,6.5964,7.364864,2.701,14555,0.001024,3.292928,,0.034816,0.14771199999999998,0,0.127744,0.007424,0.011519999999999999,,0.002816,,1.2572159999999999
11156,77.963440199829932,19072664567085,1,7.2157029062509537,7.1137,7.092736,3.1093,14555,0.001024,3.2284159999999997,,0.035328,0.1536,0.000256,0.133376,0.004608,0.010752,,0.0025599999999999998,,1.15968
11157,77.970498001700676,19072664638222,1,7.0578018203377724,7.2998,7.169536,3.2723,14555,0.001024,3.2696319999999996,,0.033535999999999996,0.151808,0,0.13183999999999998,0.0076799999999999993,0.011264,,0.002816,,1.3204479999999998
11158,77.9777132015306,19072664711220,1,7.2151999920606613,7.6868,7.062016,2.9183,14555,0.001024,3.274496,,0.041984,0.16512,0,0.143616,0.003584,0.010239999999999999,,0.0025599999999999998,,1.067264
11159,77.984804698129253,19072664788088,1,7.0914966054260731,6.625,6.966784,3.1282,14757,0.165376,3.09504,,0.03584,0.156672,0,0.13696,0.003328,0.010239999999999999,,0.002304,,1.067264
11160,77.991936401643983,19072664854338,1,7.1317036636173725,7.2828,6.976768,2.7578,14555,0.001024,3.22432,,0.034816,0.15692799999999998,0,0.136704,0.003072,0.011519999999999999,,0.002304,,1.081088
11161,77.999230201247158,19072664927166,1,7.2937994264066219,6.7114,7.208704,3.1676,14555,0.001024,3.2732159999999997,,0.034816,0.15616,0.000256,0.13644799999999999,0.003584,0.011776,,0.002304,,1.084416
11162,78.006469501133779,19072664994280,1,7.2392998263239861,6.8727,7.290624,2.8841,14555,0.001024,3.27424,,0.034816,0.15103999999999998,0,0.130816,0.003328,0.011776,,0.0025599999999999998,,1.082112
11163,78.013409899376413,19072665063007,1,6.9403983652591705,7.4645,6.899456,2.6122,14555,0.001024,3.2832,,0.034816,0.15462399999999998,0.000256,0.133376,0.007936,0.011264,,0.002304,,1.08416
11164,78.021352997448972,19072665137652,1,7.9430984333157539,7.1333,6.927104,2.8563,14555,0.001024,3.185408,,0.039168,0.15923199999999998,0.000256,0.139264,0.0076799999999999993,0.010496,,0.002304,,1.0662399999999999
11165,78.028370500283444,19072665208985,1,7.0175030268728733,7.6105,7.983616,2.9679,14555,0.001024,3.237632,,0.040448,0.153856,0,0.133632,0.007936,0.010752,,0.002816,,1.68064
11166,78.0354785005669,19072665285090,1,7.1080001071095467,6.5277,7.006976,2.5778,14555,0.001024,3.281408,,0.035328,0.160512,0.000256,0.139264,0.003328,0.011264,,0.002304,,1.354496
11167,78.042161196145116,19072665350367,1,6.6826953552663326,8.0962,7.094784,2.8259,14555,0.001024,3.2949759999999997,,0.035584,0.15795199999999998,0,0.137984,0.0038399999999999997,0.010752,,0.0025599999999999998,,1.087232
11168,78.049205300453508,19072665431329,1,7.0441043935716152,6.8097,6.658816,2.6839,14750,0.001024,3.240192,,0.035584,0.154368,0.000256,0.132608,0.0076799999999999993,0.011007999999999999,,0.002304,,1.07008
11169,78.0563843962585,19072665499426,1,7.17909587547183,7.2508,7.025408,3.1384,14555,0.001024,3.29216,,0.039424,0.15744,0,0.135936,0.0076799999999999993,0.010239999999999999,,0.002304,,1.2687359999999999
11170,78.063525496031744,19072665571934,1,7.1410997770726681,6.238,7.153408,2.8598,14555,0.001024,3.284224,,0.033535999999999996,0.15872,0,0.139008,0.0076799999999999993,0.010496,,0.002304,,1.3340159999999999
11171,78.069988598356,19072665634314,1,6.4631025306880474,7.7592,7.043072,3.3442,14555,0.001024,3.2017919999999997,,0.035072,0.152576,0.000256,0.131072,0.0076799999999999993,0.011007999999999999,,0.002304,,1.0680319999999999
11172,78.0765830994898,19072665711906,1,6.594500970095396,7.1072,6.512128,2.9689,14555,0.001024,3.1813119999999997,,0.033535999999999996,0.15334399999999998,0,0.133632,0.003328,0.011264,,0.0025599999999999998,,1.067776
11173,78.0831964994331,19072665782978,1,6.6133998334407806,6.5998,6.573824,2.9602,14809,0.001024,3.24096,,0.033791999999999996,0.158208,0,0.136192,0.0076799999999999993,0.011519999999999999,,0.002304,,1.085952
11174,78.090010799319728,19072665848976,1,6.8143000826239586,6.4469,6.589184,2.2418,14555,0.001024,3.272704,,0.034304,0.16358399999999998,0,0.141824,0.007936,0.011776,,0.002304,,1.086976
11175,78.096526502267565,19072665913445,1,6.5157031640410423,6.0667,6.778368,2.8306,14555,0.001024,3.280896,,0.035328,0.15129599999999999,0.000256,0.131584,0.0076799999999999993,0.011776,,0.002304,,1.082624
11176,78.10312830215419,19072665974112,1,6.6017997451126575,7.1729,6.517248,2.6872,14555,0.0012799999999999999,3.1715839999999997,,0.033791999999999996,0.161792,0,0.14079999999999998,0.003584,0.011776,,0.002304,,1.08416
11177,78.109793402777768,19072666045841,1,6.665100809186697,6.9214,6.585344,2.3995,14555,0.001024,3.2622079999999998,,0.034048,0.158976,0.000256,0.139264,0.0051199999999999996,0.011776,,0.0025599999999999998,,1.0816
11178,78.116414902210877,19072666115055,1,6.6214995458722115,6.3557,6.642944,2.4488,17551,0.001024,3.288576,,0.033791999999999996,0.157696,0,0.135424,0.006912,0.011007999999999999,,0.002304,,1.0862079999999998
11179,78.123218898809526,19072666178612,1,6.8039963953197,6.6222,6.596352,2.7162,14555,0.001024,3.2901119999999997,,0.034304,0.164608,0,0.142848,0.007424,0.012288,,0.002304,,1.087232
11180,78.130685700113375,19072666244834,1,7.4668014422059059,6.3329,6.784256,2.9354,79669,0.001024,3.2384,,0.033791999999999996,0.158464,0,0.136704,0.0038399999999999997,0.011519999999999999,,0.002048,,1.242624
11181,78.137347597789116,19072666308163,1,6.6618975251913071,7.6489,7.33696,2.8125,14555,0.001024,3.277056,,0.033791999999999996,0.411904,0.000256,0.13414399999999999,0.0051199999999999996,0.010752,,0.0025599999999999998,,1.0662399999999999
11182,78.144592899659855,19072666384652,1,7.2453017346560955,7.0707,6.626048,0.7646,14555,0.001024,3.282688,,0.034304,0.154368,0.000256,0.133632,0.003328,0.0097279999999999988,,0.002816,,1.0831359999999999
11183,78.156373200113379,19072666455359,1,11.780300177633762,8.5641,0.03456,2.6452,14555,0.001024,3.282688,,0.034304,0.154368,0.000256,0.133632,0.003328,0.0097279999999999988,,0.002816,,1.0831359999999999
11184,78.161461798469389,19072666541000,1,5.0885984674096107,4.7469,6.489344,2.5791,14555,0.001024,3.2368639999999997,,0.034048,0.158464,0,0.137216,0.00896,0.011776,,0.002304,,1.084928
11185,78.168707497165528,19072666588469,1,7.2456984780728817,7.1822,6.58304,3.0233,14555,0.001024,3.197184,,0.033024,0.15488,0,0.133376,0.011519999999999999,0.011264,,0.002304,,1.068288
11186,78.17520399659864,19072666660291,1,6.4964992925524712,12.3768,6.416128,2.1842,14555,0.001024,3.092224,,0.03328,0.158976,0,0.140032,0.007936,0.010752,,0.002816,,1.088256
11187,78.182008701814055,19072666784059,1,6.8047051317989826,4.764,6.478848,2.4931,14757,0.001024,3.165696,,0.033791999999999996,0.15872,0,0.13849599999999998,0.007936,0.010496,,0.0025599999999999998,,1.084928
11188,78.188591496598633,19072666831699,1,6.5827947109937668,6.5777,6.778624,1.9762,14555,0.001024,3.2701439999999997,,0.033535999999999996,0.163328,0.000256,0.143872,0.0076799999999999993,0.011264,,0.0025599999999999998,,1.0662399999999999
11189,78.195212096088426,19072666897476,1,6.6205994226038456,6.6697,6.567168,2.3021,14555,0.001024,3.24224,,0.033535999999999996,0.15795199999999998,0,0.13824,0.009472,0.012032,,0.002304,,1.085952
11190,78.201738796768709,19072666964173,1,6.5267006866633892,7.2263,6.598912,2.1796,14750,0.001024,3.274496,,0.034048,0.15488,0,0.134656,0.007424,0.011264,,0.0025599999999999998,,1.067008
11191,78.2084128968254,19072667036436,1,6.6741001792252064,5.9485,6.50624,3.248,14555,0.001024,3.1964159999999997,,0.03328,0.15462399999999998,0.000256,0.13414399999999999,0.009984,0.010239999999999999,,0.002304,,1.0680319999999999
11192,78.215022597789115,19072667095921,1,6.6097010858356953,6.8918,6.643456,3.0615,14555,0.001024,3.2906239999999998,,0.034048,0.154368,0,0.132608,0.00896,0.012288,,0.002304,,1.081856
11193,78.221585402494327,19072667164839,1,6.56280480325222,6.5562,6.593792,2.6831,14555,0.001024,3.2696319999999996,,0.034048,0.16486399999999998,0,0.14310399999999998,0.003328,0.011264,,0.002304,,1.089024
11194,78.228233900226755,19072667230401,1,6.64849765598774,6.6325,6.537728,2.5669,14555,0.001024,3.26144,,0.034048,0.15744,0,0.136704,0.003584,0.011007999999999999,,0.002304,,1.082368
11195,78.234898299319724,19072667296726,1,6.6643990576267242,6.8497,6.64192,2.9433,14555,0.001024,3.285504,,0.03456,0.164352,0,0.143872,0.0076799999999999993,0.012288,,0.002304,,1.063168
11196,78.241451899092965,19072667365223,1,6.5535996109247208,6.916,6.343168,2.6042,14555,0.001024,3.0976,,0.034048,0.15616,0,0.13516799999999998,0.011007999999999999,0.011519999999999999,,0.002304,,1.067008
11197,78.2479832979025,19072667434383,1,6.531398743391037,6.5816,6.52032,2.7346,14555,0.001024,3.204608,,0.03328,0.157696,0,0.137728,0.0038399999999999997,0.010239999999999999,,0.002816,,1.065472
11198,78.254537202380945,19072667500199,1,6.5539046190679073,6.7825,6.503168,2.662,14555,0.001024,3.239168,,0.034304,0.163328,0,0.141056,0.008192,0.009984,,0.0025599999999999998,,1.0864639999999999
11199,78.261172200963713,19072667568024,1,6.6349986009299755,6.2003,6.4576,2.5396,14555,0.001024,3.1928319999999997,,0.034048,0.164096,0.000256,0.14464,0.007936,0.011776,,0.0025599999999999998,,1.090816
11200,78.267743501984128,19072667630027,1,6.57130079343915,6.6564,6.622464,2.6975,14555,0.001024,3.2931839999999997,,0.034048,0.162816,0,0.141312,0.003328,0.010752,,0.002304,,1.08544
11201,78.27411359835601,19072667696591,1,6.37009646743536,6.4326,6.565376,2.5648,14555,0.001024,3.27424,,0.034048,0.155392,0,0.13414399999999999,0.008704,0.010752,,0.002304,,1.0897919999999999
11202,78.28068640164399,19072667760917,1,6.5728034824132919,6.8297,6.404864,2.8196,14555,0.001024,3.09632,,0.03328,0.155136,0.000256,0.135424,0.003328,0.010496,,0.0025599999999999998,,1.065984
11203,78.287295401077088,19072667829214,1,6.6089993342757225,6.7309,6.557696,2.4399,14809,0.001024,3.167232,,0.034304,0.157696,0,0.13747199999999998,0.007936,0.010239999999999999,,0.002304,,1.086976
11204,78.2943804988662,19072667896523,1,7.0850979536771774,6.4872,6.579712,2.5879,20339,0.001024,3.230976,,0.033535999999999996,0.15616,0.000256,0.13644799999999999,0.011007999999999999,0.010239999999999999,,0.002304,,1.083648
11205,78.3011588010204,19072667961395,1,6.7783021368086338,6.2597,7.08224,2.6653,14555,0.001024,3.089152,,0.035072,0.155904,0.000256,0.135424,0.0076799999999999993,0.010239999999999999,,0.002304,,1.085696
11206,78.308289200680264,19072668023992,1,7.1303998120129108,6.4036,6.749696,2.5886,14555,0.001024,3.1777279999999997,,0.035072,0.156416,0,0.13312,0.005376,0.011519999999999999,,0.002304,,1.084416
11207,78.3156464994331,19072668088028,1,7.3572988621890545,7.5994,7.106048,2.5879,14555,0.001024,3.2035839999999998,,0.03328,0.156416,0,0.13644799999999999,0.003584,0.011776,,0.0025599999999999998,,1.2544
11208,78.322956597222216,19072668164022,1,7.3100975714623928,6.4867,7.271424,2.5944,14555,0.001024,3.2266239999999997,,0.034816,0.151808,0,0.131584,0.003584,0.010752,,0.002304,,1.084928
11209,78.3301762967687,19072668228889,1,7.219699677079916,7.0113,7.341824,2.7345,14555,0.001024,3.234304,,0.036608,0.16025599999999998,0.000256,0.137728,0.0076799999999999993,0.011007999999999999,,0.002304,,1.416704
11210,78.337167198129251,19072668299002,1,6.9909011945128441,7.5788,7.006976,2.62,20501,0.001024,3.240704,,0.039936,0.160512,0.000256,0.13849599999999998,0.0076799999999999993,0.010752,,0.0025599999999999998,,1.087744
11211,78.3440788973923,19072668374790,1,6.9116991944611073,7.1012,7.168,2.8083,14555,0.001024,3.179776,,0.038655999999999996,0.15872,0,0.138752,0.0076799999999999993,0.011519999999999999,,0.0025599999999999998,,1.2671999999999999
11212,78.350808198696143,19072668445802,1,6.729301530867815,7.4397,6.892032,3.1683,14555,0.001024,3.195392,,0.03968,0.165376,0,0.14310399999999998,0.003328,0.010752,,0.002304,,1.0688
11213,78.358067800453512,19072668520199,1,7.2596017271280289,7.2,6.710784,3.1454,14750,0.001024,3.2296959999999997,,0.03456,0.16383999999999999,0.000256,0.14336,0.0051199999999999996,0.010752,,0.002304,,1.065472
11214,78.365039498299311,19072668592199,1,6.97169778868556,7.0183,7.154176,2.9756,14555,0.001024,3.242496,,0.03584,0.162048,0,0.141312,0.008704,0.011776,,0.002304,,1.085184
11215,78.372406101190478,19072668662382,1,7.3666027747094631,6.5484,7.007232,2.9002,14555,0.001024,3.286784,,0.03968,0.158464,0,0.13696,0.003328,0.010752,,0.0025599999999999998,,1.068288
11216,78.379522796201812,19072668727866,1,7.1166949346661568,7.4205,7.369728,2.8992,27861,0.001024,3.166464,,0.03456,0.156672,0,0.13644799999999999,0.007424,0.011776,,0.002304,,1.330176
11217,78.386632298752829,19072668802071,1,7.1095023304224014,7.5345,7.088896,2.7663,77262,0.001024,3.287552,,0.033791999999999996,0.148224,0,0.128512,0.007936,0.012288,,0.0025599999999999998,,1.2605439999999999
11218,78.39366400226757,19072668877416,1,7.0317033678293228,6.842,7.015424,2.6576,14555,0.001024,3.2883199999999997,,0.040192,0.149504,0,0.12928,0.009472,0.011519999999999999,,0.0025599999999999998,,1.068288
11219,78.401032596371877,19072668945836,1,7.368593942373991,7.5633,7.101184,0.8438,14555,0.001024,3.233536,,0.03456,0.156672,0,0.13644799999999999,0.004096,0.011776,,0.003072,,1.064192
11220,78.40891179846939,19072669021469,1,7.8792022541165352,8.1787,0.034816,3.0461,14555,0.001024,3.267328,,0.03328,0.160512,0,0.140288,0.003584,0.011007999999999999,,0.002304,,1.36832
11221,78.415995897108843,19072669103256,1,7.084098644554615,5.3579,7.944192,2.9753,14555,0.001024,3.299072,,0.036095999999999996,0.15616,0,0.133632,0.008192,0.012288,,0.002816,,1.23904
11222,78.423068296485255,19072669156835,1,7.0723993703722954,8.0378,7.069184,3.1189,14555,0.001024,3.2883199999999997,,0.036351999999999995,0.166656,0,0.145664,0.007424,0.011264,,0.003072,,1.088256
11223,78.435403599773238,19072669237213,1,12.335303239524364,7.3809,7.058432,3.2099,14555,0.001024,3.2883199999999997,,0.036351999999999995,0.166656,0,0.145664,0.007424,0.011264,,0.003072,,1.088256
11224,78.440555902777774,19072669311022,1,5.1523027941584587,6.3926,7.118336,2.8428,14555,0.001024,3.2386559999999998,,0.03328,0.303616,0,0.283392,0.007424,0.010239999999999999,,0.0025599999999999998,,1.2288
11225,78.4484262967687,19072669374948,1,7.870393805205822,7.6975,6.987008,3.0339,14555,0.001024,3.173632,,0.03456,0.154368,0,0.13414399999999999,0.003328,0.013312,,0.002304,,1.06752
11226,78.455798802437641,19072669451923,1,7.372505497187376,12.3201,6.8608,2.3511,14555,0.001792,3.097088,,0.034816,0.162304,0,0.14207999999999998,0.007424,0.010496,,0.002304,,1.0728959999999998
11227,78.462959700963722,19072669575124,1,7.1608982980251312,5.1183,7.345408,2.7674,14555,0.001024,3.2319999999999998,,0.035584,0.159744,0,0.139264,0.003328,0.011776,,0.002304,,1.32864
11228,78.469955399659867,19072669626307,1,6.9956989027559757,8.6662,7.143424,2.5943,14555,0.0012799999999999999,3.288576,,0.033535999999999996,0.150528,0.000256,0.131072,0.008192,0.010239999999999999,,0.002304,,1.351936
11229,78.477117899659859,19072669712969,1,7.16250017285347,6.3049,6.97856,2.7,14555,0.0012799999999999999,3.230976,,0.040959999999999996,0.16127999999999998,0.000256,0.141568,0.003584,0.011264,,0.002816,,1.068288
11230,78.484112096088438,19072669776018,1,6.9941962137818336,8.1298,7.047168,2.8108,14757,0.001024,3.2895999999999996,,0.041984,0.164352,0,0.143872,0.003328,0.010752,,0.002304,,1.0664959999999999
11231,78.491619302721091,19072669857316,1,7.5072064064443111,6.5225,7.046656,2.8205,32178,0.001024,3.23584,,0.039424,0.159488,0,0.137984,0.0076799999999999993,0.011776,,0.002304,,1.264384
11232,78.498583397108845,19072669922541,1,6.9640944711863995,7.322,7.27168,2.9584,28940,0.001024,3.23584,,0.039424,0.159488,0,0.137984,0.0076799999999999993,0.011776,,0.002304,,1.264384
11233,78.505961600056679,19072669995761,1,7.3782028630375862,6.3543,7.026432,2.6293,49697,0.001024,3.2399359999999997,,0.042496,0.15616,0,0.134912,0.0076799999999999993,0.010239999999999999,,0.002816,,1.0913279999999999
11234,78.513176700680262,19072670059304,1,7.2151008062064648,7.8871,7.347968,2.8254,44915,0.001024,3.2345599999999997,,0.038911999999999995,0.157184,0,0.13516799999999998,0.007936,0.011776,,0.002304,,1.431552
11235,78.520210898526074,19072670138175,1,7.03419791534543,6.7926,7.197696,2.8669,32126,0.0012799999999999999,3.231232,,0.033791999999999996,0.15564799999999998,0.000256,0.135424,0.003584,0.010239999999999999,,0.002304,,1.3373439999999999
11236,78.527694997165526,19072670206101,1,7.4840984307229519,7.0358,7.01184,2.8351,28940,0.001024,3.2704,,0.038911999999999995,0.15692799999999998,0.000256,0.136704,0.003072,0.010752,,0.0025599999999999998,,1.0862079999999998
11237,78.534677699829928,19072670276459,1,6.982702761888504,7.4334,7.46752,3.0238,14555,0.001024,3.277056,,0.035584,0.16768,0.000256,0.145152,0.003328,0.009984,,0.002816,,1.344512
11238,78.542289101473926,19072670350793,1,7.6114018447697163,7.3364,6.952448,3.0448,14555,0.001024,3.2253439999999998,,0.033535999999999996,0.152832,0,0.133376,0.008704,0.011007999999999999,,0.002304,,1.275136
11239,78.549488697562353,19072670424157,1,7.1995961479842663,7.2632,7.59808,2.922,14555,0.001024,3.2337919999999998,,0.035328,0.162816,0,0.13977599999999998,0.007424,0.011519999999999999,,0.002304,,1.0864639999999999
11240,78.5567172973356,19072670496789,1,7.2285998612642288,7.1683,7.18208,3.1799,14555,0.001024,3.2972799999999998,,0.039424,0.157184,0,0.134912,0.003072,0.011264,,0.0025599999999999998,,1.2602879999999999
11241,78.563652997448983,19072670568472,1,6.9357003085315228,6.9903,7.212032,2.8691,14555,0.001024,3.2870399999999997,,0.033535999999999996,0.162304,0,0.142848,0.003584,0.010239999999999999,,0.002304,,1.358336
11242,78.571052600623574,19072670638375,1,7.399603258818388,7.7253,6.910464,2.8955,14555,0.001024,3.240704,,0.035328,0.157184,0,0.135424,0.003328,0.010239999999999999,,0.003072,,1.087744
11243,78.578214200680264,19072670715628,1,7.161600049585104,7.0094,7.363584,2.6774,14555,0.001024,3.277312,,0.039168,0.16,0,0.13977599999999998,0.0038399999999999997,0.010239999999999999,,0.002304,,1.247232
11244,78.585142198129248,19072670785722,1,6.9279973395168781,6.8007,7.155968,2.7378,14757,0.001024,3.224064,,0.036095999999999996,0.155392,0,0.13516799999999998,0.0076799999999999993,0.010752,,0.0025599999999999998,,1.518336
11245,78.592107397959182,19072670853729,1,6.965199951082468,7.1844,6.904832,2.9538,14555,0.001024,3.09632,,0.034048,0.165632,0,0.143616,0.0076799999999999993,0.012288,,0.002304,,1.3606399999999998
11246,78.59930350056689,19072670925573,1,7.1961027570068836,7.4566,6.940672,2.63,14555,0.001024,3.2345599999999997,,0.043775999999999995,0.165632,0.000256,0.144896,0.0038399999999999997,0.011007999999999999,,0.002304,,1.092352
11247,78.606723398526071,19072671000139,1,7.4198981747031212,6.883,7.161088,2.9766,14555,0.001024,3.191808,,0.035072,0.153856,0.000256,0.133632,0.0038399999999999997,0.010752,,0.0025599999999999998,,1.0846719999999999
11248,78.6139336026077,19072671068969,1,7.2102039121091366,6.6971,7.423232,3.255,14555,0.001024,3.28192,,0.035584,0.16588799999999998,0,0.14464,0.003328,0.012032,,0.002304,,1.391104
11249,78.620964399092969,19072671135940,1,7.0307962596416473,7.7539,7.190016,3.1304,17551,0.001024,3.276032,,0.03584,0.16358399999999998,0,0.14336,0.007168,0.011007999999999999,,0.002816,,1.064448
11250,78.628430399659862,19072671213479,1,7.4660005047917366,7.3468,7.02592,3.4637,14555,0.001024,3.2319999999999998,,0.040192,0.15616,0.000256,0.135424,0.007424,0.011007999999999999,,0.002304,,1.069056
11251,78.635752295918365,19072671286947,1,7.321896031498909,7.2481,7.347456,3.1714,18001,0.001024,3.227392,,0.036095999999999996,0.160768,0,0.140544,0.004352,0.011264,,0.0025599999999999998,,1.40672
11252,78.64280549886621,19072671359428,1,7.0532029494643211,7.5808,7.3664,3.2522,76915,0.001024,3.273472,,0.034048,0.164352,0.000256,0.142592,0.0038399999999999997,0.011264,,0.002304,,1.3373439999999999
11253,78.649404095804982,19072671435236,1,6.5985969267785549,7.2593,7.037952,2.9138,14555,0.001024,3.235328,,0.040704,0.157696,0,0.136192,0.0076799999999999993,0.010239999999999999,,0.0025599999999999998,,1.085696
11254,78.65673550170068,19072671507829,1,7.3314057663083076,6.9485,6.59072,0.8543,14555,0.001024,3.286784,,0.033535999999999996,0.157696,0,0.13747199999999998,0.0076799999999999993,0.012288,,0.002304,,1.065984
11255,78.6639512967687,19072671577314,1,7.2157951071858406,8.4928,0.03456,2.9033,14750,0.001024,3.264512,,0.033791999999999996,0.158208,0,0.13824,0.007936,0.011264,,0.002304,,1.0864639999999999
11256,78.671148100907033,19072671662242,1,7.1968040429055691,4.8388,7.212032,2.5963,14555,0.001024,3.1014399999999998,,0.035072,0.16,0,0.137728,0.003328,0.012032,,0.002304,,1.0862079999999998
11257,78.677599100056682,19072671710630,1,6.4509990625083447,7.7706,7.165184,2.877,14555,0.001024,3.277312,,0.03584,0.163072,0,0.142592,0.003328,0.012032,,0.0025599999999999998,,1.2520959999999999
11258,78.684112599206344,19072671788336,1,6.5134991891682148,7.1316,6.44224,2.562,14757,0.001024,3.168256,,0.034304,0.160512,0,0.139264,0.003584,0.010752,,0.002304,,1.0664959999999999
11259,78.690664399092967,19072671859652,1,6.5517998300492764,7.3824,6.480128,2.774,14607,0.001024,3.1662079999999997,,0.033791999999999996,0.150272,0,0.130816,0.0076799999999999993,0.010239999999999999,,0.0025599999999999998,,1.065984
11260,78.697572902494329,19072671933476,1,6.9085033610463142,6.9863,6.530816,2.9339,14555,0.003328,3.1825919999999996,,0.033535999999999996,0.160768,0.000256,0.141568,0.003584,0.011264,,0.002304,,1.064448
11261,78.703996400226757,19072672003339,1,6.4234975725412369,5.6981,6.800896,2.7319,14555,0.001024,3.17696,,0.041215999999999996,0.15923199999999998,0,0.138752,0.010496,0.009984,,0.002816,,1.065216
11262,78.710861302437635,19072672060320,1,6.8649020977318287,6.7261,6.497792,2.5436,14555,0.001024,3.192576,,0.033535999999999996,0.154368,0,0.134912,0.003328,0.011776,,0.0025599999999999998,,1.06752
11263,78.7174387967687,19072672127581,1,6.57749455422163,6.7736,6.770176,2.4538,14555,0.001024,3.29088,,0.033535999999999996,0.16127999999999998,0,0.141568,0.003584,0.011264,,0.0025599999999999998,,1.089024
11264,78.724215901360537,19072672195317,1,6.7771044559776783,6.2896,6.634752,2.5583,14555,0.001024,3.291648,,0.033791999999999996,0.155392,0,0.135424,0.003584,0.012032,,0.002304,,1.083904
11265,78.730725999149655,19072672258213,1,6.5100979991257191,6.8847,6.755328,2.6668,14555,0.001024,3.23712,,0.03328,0.16127999999999998,0,0.141312,0.003328,0.012032,,0.0025599999999999998,,1.2805119999999999
11266,78.737353599773243,19072672327060,1,6.6276006400585175,6.6649,6.484992,3.3304,14555,0.001024,3.260672,,0.034048,0.154368,0.000256,0.133888,0.007936,0.012032,,0.002304,,1.0680319999999999
11267,78.743756001984124,19072672393709,1,6.4024021849036217,7.1199,6.600448,2.9331,14555,0.001024,3.278336,,0.03328,0.152064,0,0.132608,0.0076799999999999993,0.011007999999999999,,0.002304,,1.068288
11268,78.7506373015873,19072672464908,1,6.8812994286417961,6.2633,6.38208,3.0519,14555,0.001024,3.1795199999999997,,0.033024,0.151552,0,0.131584,0.003328,0.011776,,0.002304,,1.065728
11269,78.757277295918371,19072672527541,1,6.6399942152202129,7.2471,6.584832,2.7535,14555,0.001024,3.244032,,0.033535999999999996,0.149248,0,0.12953599999999998,0.003584,0.011776,,0.0025599999999999998,,1.0680319999999999
11270,78.764072902494334,19072672600012,1,6.7956065759062767,5.899,6.705152,2.6433,14555,0.001024,3.185152,,0.033535999999999996,0.164352,0,0.145152,0.010496,0.011264,,0.0025599999999999998,,1.067776
11271,78.770694600340136,19072672659002,1,6.6216979175806046,6.7779,6.784768,2.4472,14555,0.0012799999999999999,3.277568,,0.03968,0.151552,0,0.131072,0.0076799999999999993,0.011776,,0.002304,,1.08032
11272,78.777250602324258,19072672726781,1,6.5560019575059414,6.2746,6.598656,2.9985,14555,0.001024,3.240704,,0.033535999999999996,0.161792,0.000256,0.14207999999999998,0.008192,0.011776,,0.0025599999999999998,,1.067776
11273,78.783866999716551,19072672789527,1,6.6163972951471806,7.0032,6.535168,2.4648,14757,0.001024,3.1710719999999997,,0.033791999999999996,0.155136,0,0.13568,0.011264,0.011519999999999999,,0.002816,,1.082624
11274,78.790654301303846,19072672859559,1,6.7873015068471432,6.3723,6.599168,2.9792,14555,0.001024,3.2821759999999998,,0.033791999999999996,0.158464,0,0.138752,0.011007999999999999,0.011776,,0.002304,,1.06752
11275,78.7972295989229,19072672923282,1,6.5752975642681122,6.8484,6.756352,2.8017,14555,0.001024,3.181568,,0.03584,0.15744,0,0.136192,0.012288,0.011007999999999999,,0.002048,,1.083904
11276,78.804019097222223,19072672991766,1,6.7894984968006611,6.3819,6.554112,2.8896,14555,0.001024,3.183616,,0.034048,0.158976,0,0.139264,0.003584,0.010752,,0.002816,,1.0647039999999999
11277,78.810608198696144,19072673055585,1,6.5891016274690628,6.7627,6.76992,2.7337,14555,0.001024,3.292416,,0.033535999999999996,0.160512,0,0.14079999999999998,0.003584,0.010496,,0.002304,,1.2288
11278,78.817185196995467,19072673123212,1,6.57699815928936,6.8212,6.566656,2.404,14750,0.001024,3.179264,,0.034048,0.15923199999999998,0,0.13696,0.007936,0.012032,,0.002304,,1.089024
11279,78.8236625,19072673191424,1,6.4773028716444969,6.7686,6.556928,2.6718,14555,0.001024,3.24224,,0.033791999999999996,0.160768,0.000256,0.140544,0.003328,0.010239999999999999,,0.0025599999999999998,,1.0688
11280,78.830342396541951,19072673259110,1,6.6798967309296131,6.5514,6.463744,3.4245,14555,0.001024,3.0978559999999997,,0.033791999999999996,0.16614399999999999,0.000256,0.146432,0.011519999999999999,0.010239999999999999,,0.002304,,1.070848
11281,78.83681259920634,19072673324624,1,6.4702024683356285,6.532,6.654208,2.6311,14555,0.001024,3.2888319999999998,,0.033791999999999996,0.159744,0.000256,0.139008,0.007936,0.010239999999999999,,0.002304,,1.0862079999999998
11282,78.843453302154188,19072673389944,1,6.6407029516994953,6.539,6.450688,2.5668,14555,0.001024,3.0942719999999997,,0.03328,0.156416,0,0.136192,0.003584,0.011264,,0.002304,,1.0813439999999999
11283,78.85022629676871,19072673455334,1,6.7729945294559,6.2114,6.604288,2.6637,14555,0.001024,3.2696319999999996,,0.03328,0.15564799999999998,0,0.135424,0.003328,0.010239999999999999,,0.002816,,1.069056
11284,78.856757596371878,19072673517448,1,6.53129955753684,6.9537,6.77248,2.5837,14555,0.001024,3.2696319999999996,,0.20121599999999998,0.16768,0,0.13824,0.007424,0.010496,,0.002304,,1.0828799999999998
11285,78.86344919926303,19072673586985,1,6.6916029900312424,6.5359,6.51264,2.4164,14555,0.001024,3.185664,,0.033535999999999996,0.1536,0,0.133632,0.005632,0.011776,,0.002304,,1.08416
11286,78.869963598356009,19072673652344,1,6.5143993124365807,6.4128,6.627584,2.4399,14555,0.001024,3.27424,,0.033791999999999996,0.15564799999999998,0,0.136192,0.003584,0.012032,,0.002304,,1.080832
11287,78.876547902494323,19072673716472,1,6.5843039192259312,6.6164,6.533888,2.452,14555,0.001024,3.291648,,0.034048,0.15462399999999998,0,0.13286399999999998,0.003584,0.011264,,0.002304,,1.087488
11288,78.883008397108838,19072673782636,1,6.4604948274791241,6.506,6.560768,2.5015,14757,0.001024,3.1959039999999996,,0.033791999999999996,0.16025599999999998,0,0.140288,0.0051199999999999996,0.011519999999999999,,0.003072,,1.0862079999999998
11289,78.889556901927435,19072673847696,1,6.5485048107802868,7.0451,6.448128,2.6659,14555,0.001024,3.2363519999999997,,0.03328,0.154368,0,0.134656,0.003328,0.012288,,0.0025599999999999998,,1.070848
11290,78.896020500283441,19072673918147,1,6.46359845995903,6.7561,6.52288,2.7166,76967,0.001024,3.26912,,0.03328,0.155904,0,0.136192,0.011519999999999999,0.011264,,0.0025599999999999998,,1.0828799999999998
11291,78.9028714994331,19072673985708,1,6.8509993143379688,6.099,6.44992,2.6036,14555,0.001024,3.188736,,0.034048,0.164608,0,0.14438399999999998,0.003328,0.012288,,0.002304,,1.08672
11292,78.9100102962018,19072674046698,1,7.138796616345644,6.5107,6.826752,0.7797,14555,0.001024,3.227392,,0.039424,0.15744,0,0.137216,0.010496,0.011264,,0.0025599999999999998,,1.065472
11293,78.9178008999433,19072674111805,1,7.7906036749482155,7.6298,0.034816,2.7894,14555,0.001024,3.172096,,0.035072,0.15616,0.000256,0.13414399999999999,0.0063999999999999994,0.010496,,0.002304,,1.0897919999999999
11294,78.924833900226758,19072674188103,1,7.0330002345144749,5.5818,7.773184,3.1288,14555,0.001024,3.192064,,0.04224,0.161024,0,0.137216,0.0076799999999999993,0.011519999999999999,,0.003328,,1.267968
11295,78.931475396825391,19072674243921,1,6.6414964385330677,7.5313,7.010304,2.7351,14555,0.001024,3.234816,,0.03584,0.16383999999999999,0.000256,0.141824,0.007424,0.010496,,0.002304,,1.0828799999999998
11296,78.938593296485251,19072674319234,1,7.1178996004164219,7.5623,6.625536,2.7964,14555,0.001024,3.094016,,0.035328,0.16768,0,0.145664,0.003328,0.010496,,0.002048,,1.065728
11297,78.946034800170068,19072674394857,1,7.4415034614503384,7.2626,7.107072,3.0121,14555,0.001024,3.2901119999999997,,0.038911999999999995,0.15616,0,0.136192,0.009216,0.010752,,0.0025599999999999998,,1.0831359999999999
11298,78.953143402777769,19072674467483,1,7.1086026728153229,6.3961,7.410432,2.935,14555,0.001024,3.292928,,0.037888,0.158976,0,0.13747199999999998,0.007424,0.011776,,0.002304,,1.3376
11299,78.960618601190475,19072674531444,1,7.4751982465386391,7.5115,7.070464,2.4781,14555,0.001024,3.284224,,0.03712,0.153856,0,0.13312,0.007424,0.011007999999999999,,0.002304,,1.080576
11300,78.967960296201809,19072674606559,1,7.3416950181126595,7.0893,7.47264,2.4145,14555,0.001024,3.2732159999999997,,0.039936,0.156672,0.000256,0.13568,0.007936,0.011776,,0.002304,,1.084416
11301,78.974795401077088,19072674677452,1,6.8351048976182938,7.3297,7.269632,2.5947,14750,0.001024,3.2350719999999997,,0.034816,0.156672,0,0.13644799999999999,0.008704,0.011264,,0.0025599999999999998,,1.3424639999999999
11302,78.982068799603169,19072674750749,1,7.2733983397483826,7.0833,6.856448,2.8525,14757,0.001024,3.270912,,0.038144,0.16588799999999998,0,0.14540799999999998,0.0097279999999999988,0.011007999999999999,,0.002048,,1.065216
11303,78.9892339994331,19072674821582,1,7.1651996113359928,8.0499,7.262208,2.7159,14555,0.001024,3.227136,,0.039936,0.157696,0.000256,0.13696,0.0076799999999999993,0.011264,,0.002304,,1.08544
11304,78.996394401927432,19072674902081,1,7.1604023687541485,6.6302,7.134208,2.9663,14555,0.001024,3.27296,,0.033791999999999996,0.155136,0,0.13516799999999998,0.0038399999999999997,0.011519999999999999,,0.002304,,1.3573119999999999
11305,79.003163598356011,19072674968383,1,6.7691965959966183,7.0298,7.13344,2.7151,14555,0.001024,3.18592,,0.039424,0.16127999999999998,0,0.140032,0.007936,0.011264,,0.002304,,1.08416
11306,79.010202799036279,19072675038681,1,7.0392005145549774,7.114,6.753536,3.1935,14555,0.001024,3.222784,,0.03456,0.160512,0,0.14079999999999998,0.008704,0.010752,,0.002816,,1.0688
11307,79.017450800736952,19072675109821,1,7.2480016387999058,7.823,7.012608,3.2886,14555,0.003328,3.094016,,0.035328,0.158464,0,0.13568,0.011264,0.011519999999999999,,0.002816,,1.06752
11308,79.024259700963711,19072675188051,1,6.808900274336338,6.3135,7.232,2.7475,14555,0.001024,3.09376,,0.035584,0.164352,0,0.14336,0.010239999999999999,0.010496,,0.002304,,1.4225919999999999
11309,79.031200800736954,19072675251186,1,6.941099651157856,6.7563,6.789632,3.1698,14555,0.001024,3.241472,,0.03456,0.160768,0,0.140544,0.009216,0.010496,,0.0025599999999999998,,1.0664959999999999
11310,79.038697101757364,19072675318749,1,7.4963010847568512,7.3643,6.91584,3.203,14555,0.001024,3.2634879999999997,,0.035072,0.16588799999999998,0,0.14464,0.003072,0.011776,,0.002304,,1.069056
11311,79.046790001417236,19072675392392,1,8.0928998067975044,7.1322,7.470848,2.6929,14555,0.0012799999999999999,3.227648,,0.03968,0.159744,0,0.13977599999999998,0.008704,0.012032,,0.0025599999999999998,,1.347584
11312,79.054179095804983,19072675463714,1,7.3890942148864269,6.4566,8.004352,2.8197,14555,0.001024,3.2949759999999997,,0.035328,0.155904,0,0.135936,0.003328,0.012032,,0.0025599999999999998,,1.7720319999999998
11313,79.06138630243764,19072675528280,1,7.2072064504027367,7.9485,7.19616,2.9554,14555,0.001024,3.2296959999999997,,0.035072,0.15744,0,0.137216,0.003584,0.011007999999999999,,0.0025599999999999998,,1.22496
11314,79.068490100623578,19072675607765,1,7.1037979796528816,8.0249,7.17952,2.609,14555,0.001024,3.292928,,0.033791999999999996,0.15923199999999998,0,0.13644799999999999,0.003584,0.010239999999999999,,0.0025599999999999998,,1.3424639999999999
11315,79.075467899659856,19072675688014,1,6.9777988828718662,6.8497,7.080448,2.6476,14555,0.0012799999999999999,3.237376,,0.03328,0.410112,0,0.138752,0.005632,0.011776,,0.002304,,1.08032
11316,79.082432001133782,19072675756511,1,6.9641014561057091,7.462,6.945536,3.1909,14757,0.001024,3.227648,,0.034816,0.15923199999999998,0.000256,0.13952,0.007424,0.012032,,0.002304,,1.06496
11317,79.089510402494327,19072675831131,1,7.0784012787044048,7.1453,6.95168,3.0222,14555,0.001024,3.2895999999999996,,0.035328,0.16,0,0.137216,0.003072,0.012288,,0.002304,,1.0688
11318,79.096845301870744,19072675902584,1,7.33489915728569,7.2097,7.066112,2.7529,14607,0.001024,3.297024,,0.03456,0.16614399999999999,0,0.14540799999999998,0.003584,0.010752,,0.002304,,1.3255679999999999
11319,79.103997200963718,19072675974681,1,7.1518989279866219,6.8539,7.288832,2.8872,14555,0.001024,3.230464,,0.034816,0.15462399999999998,0.000256,0.134656,0.0076799999999999993,0.010752,,0.002304,,1.397248
11320,79.111362996031744,19072676043220,1,7.3657948523759842,7.2322,7.141632,3.6197,14555,0.001024,3.177472,,0.036095999999999996,0.16588799999999998,0,0.144128,0.003584,0.012032,,0.002048,,1.232128
11321,79.118439696712016,19072676115542,1,7.076700683683157,7.196,7.35232,2.633,14555,0.001024,3.1831039999999997,,0.038911999999999995,0.162048,0,0.142336,0.007424,0.010239999999999999,,0.002304,,1.361408
11322,79.125485997732426,19072676187502,1,7.0463009178638458,6.7412,7.050496,2.5925,17746,0.001024,3.1782399999999997,,0.033024,0.16383999999999999,0,0.143872,0.004608,0.010239999999999999,,0.002816,,1.3521919999999998
11323,79.132504202097508,19072676254914,1,7.0182043127715588,7.2267,7.0208,2.9494,14555,0.001024,3.282688,,0.034816,0.15129599999999999,0,0.13183999999999998,0.004608,0.010752,,0.002304,,1.080064
11324,79.139334502551023,19072676327181,1,6.83030067011714,7.4662,6.993408,2.5285,18001,0.001024,3.095808,,0.034816,0.15692799999999998,0,0.13696,0.003328,0.011264,,0.0025599999999999998,,1.0846719999999999
11325,79.146400701530609,19072676401843,1,7.0661990903317928,7.1068,6.827008,2.6389,14555,0.001024,3.0991359999999997,,0.034304,0.155392,0,0.13516799999999998,0.003584,0.011264,,0.0025599999999999998,,1.3288959999999999
11326,79.153574100056687,19072676472911,1,7.17339850962162,6.6919,7.038464,3.2588,76915,0.001024,3.177472,,0.033535999999999996,0.398592,0,0.137216,0.0097279999999999988,0.010496,,0.002304,,1.082624
11327,79.161535799319722,19072676539830,1,7.9616988077759743,6.7869,7.142912,2.4534,14555,0.001024,3.223808,,0.035328,0.15923199999999998,0,0.137728,0.0076799999999999993,0.012288,,0.0025599999999999998,,1.0798079999999999
11328,79.168791000566884,19072676607699,1,7.2552012279629707,7.1481,7.939072,0.8206,14555,0.001024,3.290368,,0.036095999999999996,0.162816,0,0.14207999999999998,0.007168,0.012799999999999999,,0.003072,,1.431552
11329,79.175831597222214,19072676679180,1,7.040596567094326,8.8522,0.045312,2.7806,14555,0.001024,3.268608,,0.038655999999999996,0.146944,0.000256,0.126976,0.007936,0.012032,,0.002304,,1.082624
11330,79.18318180272108,19072676767702,1,7.3502054437994957,5.8303,7.014144,2.9072,14757,0.001024,3.2670719999999998,,0.0384,0.155392,0,0.134912,0.0076799999999999993,0.011264,,0.002304,,1.269504
11331,79.190344401927433,19072676826005,1,7.1625993587076664,7.548,7.3344,2.6695,14555,0.001024,3.1848959999999997,,0.035584,0.158464,0,0.13696,0.010239999999999999,0.011519999999999999,,0.0025599999999999998,,1.25056
11332,79.197293799603173,19072676901485,1,6.94939773529768,7.2525,7.138304,2.9288,14555,0.001024,3.2931839999999997,,0.034816,0.163328,0,0.142592,0.0076799999999999993,0.011264,,0.0025599999999999998,,1.373184
11333,79.204448299319722,19072676974010,1,7.1544996462762356,7.1151,6.931712,2.667,14555,0.001024,3.272192,,0.036351999999999995,0.16614399999999999,0.000256,0.14464,0.0076799999999999993,0.010752,,0.0025599999999999998,,1.0831359999999999
11334,79.211631901927433,19072677045161,1,7.1836025454103947,7.2621,7.11168,2.8181,14555,0.001024,3.097088,,0.038911999999999995,0.157184,0,0.137216,0.003072,0.011776,,0.0025599999999999998,,1.067264
11335,79.218742396541941,19072677117782,1,7.1104946546256542,7.6746,7.186944,3.1455,14555,0.001024,3.287296,,0.035328,0.162048,0,0.141056,0.003072,0.011776,,0.0025599999999999998,,1.334272
11336,79.22562439767573,19072677194528,1,6.8820011802017689,6.5204,7.089664,2.8099,14555,0.001024,3.178496,,0.034304,0.307456,0,0.144128,0.003328,0.012032,,0.002304,,1.245696
11337,79.232659899376415,19072677259732,1,7.035501766949892,7.3001,6.86464,2.5281,14555,0.001024,3.177472,,0.03968,0.166912,0,0.144896,0.003584,0.010752,,0.0025599999999999998,,1.083648
11338,79.24004640022676,19072677332733,1,7.38650094717741,7.1078,7.020544,2.8132,14555,0.001024,3.234816,,0.035072,0.16614399999999999,0,0.144896,0.003328,0.011264,,0.002304,,1.08672
11339,79.2469602962018,19072677403811,1,6.9138961844146252,6.5856,7.336704,2.9521,14555,0.0012799999999999999,3.2386559999999998,,0.034304,0.159488,0,0.13824,0.003328,0.012032,,0.002304,,1.490688
11340,79.254035799319723,19072677469667,1,7.0755030028522015,7.5482,6.94016,2.6933,14555,0.001024,3.1685119999999998,,0.03968,0.15872,0,0.13747199999999998,0.007424,0.010239999999999999,,0.002816,,1.0816
11341,79.260623299319718,19072677545149,1,6.5875002183020115,7.2282,7.028992,2.6843,14555,0.001024,3.2678399999999996,,0.035328,0.162048,0,0.140544,0.0076799999999999993,0.011264,,0.002304,,1.084416
11342,79.267438697562355,19072677617431,1,6.81539811193943,6.751,6.58816,2.5828,14555,0.001024,3.2404479999999998,,0.034048,0.15744,0,0.13747199999999998,0.007936,0.011007999999999999,,0.002304,,1.089024
11343,79.2744132015306,19072677684941,1,6.9745038636028767,6.7985,6.80192,2.7342,14555,0.001024,3.273984,,0.033791999999999996,0.15923199999999998,0.000256,0.13849599999999998,0.005376,0.011007999999999999,,0.0025599999999999998,,1.251328
11344,79.2811632015306,19072677752926,1,6.750000175088644,6.7883,6.950912,3.0472,14750,0.001024,3.2327679999999996,,0.035328,0.164352,0,0.14336,0.003328,0.011007999999999999,,0.002304,,1.083648
11345,79.28772239937642,19072677820809,1,6.5591977909207344,6.9347,6.732544,2.6158,14757,0.001024,3.089664,,0.038655999999999996,0.15129599999999999,0.000256,0.13055999999999998,0.0076799999999999993,0.010496,,0.0025599999999999998,,1.080832
11346,79.294374702380949,19072677890156,1,6.6523030400276184,6.9512,6.546176,2.9029,14555,0.001024,3.170048,,0.034304,0.158464,0,0.13824,0.009984,0.011519999999999999,,0.002304,,1.0662399999999999
11347,79.3011716978458,19072677959668,1,6.7969956435263157,6.7159,6.631936,2.8505,14607,0.001024,3.286784,,0.034304,0.15744,0,0.13568,0.003584,0.012032,,0.002304,,1.085696
11348,79.308200099206346,19072678026827,1,7.0284013636410236,6.24,6.775552,2.7389,14555,0.001024,3.293952,,0.034304,0.15872,0.000256,0.138752,0.0076799999999999993,0.011519999999999999,,0.002304,,1.082624
11349,79.314891496598634,19072678089227,1,6.6913971677422523,6.7035,7.015168,2.8914,14555,0.0012799999999999999,3.2816639999999997,,0.03968,0.16358399999999998,0,0.142592,0.003328,0.012032,,0.002304,,1.085696
11350,79.3214089994331,19072678156262,1,6.5175029449164867,6.877,6.662912,2.9179,14555,0.001024,3.094528,,0.041728,0.162304,0,0.142592,0.0076799999999999993,0.011776,,0.0025599999999999998,,1.085952
11351,79.327929995748292,19072678225032,1,6.5209963358938694,7.0406,6.50624,2.6172,14555,0.001024,3.085056,,0.034304,0.16025599999999998,0.000256,0.13824,0.003584,0.011776,,0.002304,,1.084416
11352,79.3343579010771,19072678295438,1,6.4279055222868919,6.8985,6.495744,2.8046,14555,0.001024,3.1667199999999998,,0.033535999999999996,0.16025599999999998,0,0.140032,0.004096,0.010239999999999999,,0.0025599999999999998,,1.080064
11353,79.340999100056692,19072678364423,1,6.6411988809704781,6.3362,6.408192,2.9522,14555,0.001024,3.1692799999999997,,0.033791999999999996,0.154368,0,0.133632,0.003584,0.012032,,0.002304,,1.0662399999999999
11354,79.347511798469384,19072678427785,1,6.5126982517540455,6.9754,6.622208,2.6207,14555,0.001024,3.270656,,0.034304,0.158208,0,0.137728,0.003584,0.010752,,0.002304,,1.085952
11355,79.354093197278914,19072678497539,1,6.5813986584544182,5.9254,6.495744,2.8286,14555,0.001024,3.185152,,0.03328,0.157696,0,0.137216,0.009216,0.011007999999999999,,0.0025599999999999998,,1.0647039999999999
11356,79.360570202664391,19072678556793,1,6.4770053140819073,6.8146,6.565376,2.8281,14555,0.001024,3.2368639999999997,,0.034048,0.162048,0.000256,0.141312,0.007936,0.011007999999999999,,0.002304,,1.070336
11357,79.367041595804992,19072678624939,1,6.4713931642472744,6.7892,6.454784,3.2463,14555,0.001024,3.1009279999999997,,0.033535999999999996,0.15795199999999998,0,0.13747199999999998,0.003328,0.011007999999999999,,0.0025599999999999998,,1.0695679999999999
11358,79.373798497732423,19072678692831,1,6.756901741027832,6.3407,6.4512,2.8171,14555,0.001024,3.098112,,0.033535999999999996,0.155136,0,0.13516799999999998,0.003584,0.010496,,0.002304,,1.070336
11359,79.380266298185944,19072678756238,1,6.4678005874156952,6.6178,6.733824,2.6782,14555,0.001024,3.2332799999999997,,0.033535999999999996,0.153856,0,0.133888,0.011519999999999999,0.011519999999999999,,0.002304,,1.087744
11360,79.386818098072553,19072678822416,1,6.5517998300492764,6.431,6.452224,2.3664,14757,0.001024,3.095552,,0.034048,0.15462399999999998,0,0.133888,0.0038399999999999997,0.012032,,0.002304,,1.08544
11361,79.393272300170068,19072678886726,1,6.4542018808424473,6.4378,6.528256,2.5942,14555,0.001024,3.22944,,0.03328,0.156672,0,0.13644799999999999,0.004352,0.011264,,0.002304,,1.0813439999999999
11362,79.399751601473923,19072678951104,1,6.4793014898896217,6.7294,6.437888,2.8504,14555,0.001024,3.089152,,0.033791999999999996,0.154112,0,0.13414399999999999,0.005888,0.011519999999999999,,0.002816,,1.0662399999999999
11363,79.4063998015873,19072679018398,1,6.64820009842515,7.0459,6.460672,2.8531,76915,0.001024,3.093504,,0.034048,0.162048,0,0.141824,0.008192,0.012288,,0.002304,,1.065472
11364,79.41305139597506,19072679088857,1,6.651594303548336,5.996,6.633984,2.8879,14555,0.001024,3.282688,,0.034304,0.155904,0,0.13516799999999998,0.0051199999999999996,0.011264,,0.0025599999999999998,,1.0688
11365,79.420572200963719,19072679148817,1,7.5208051130175591,6.7241,6.530048,0.8904,14555,0.0012799999999999999,3.177216,,0.033791999999999996,0.162816,0,0.142848,0.008192,0.011264,,0.0025599999999999998,,1.06496
11366,79.427603195861678,19072679216058,1,7.0309950970113277,8.4142,0.047104,2.9832,14555,0.001024,3.19488,,0.039168,0.158208,0,0.137728,0.0076799999999999993,0.011264,,0.002304,,1.090048
11367,79.43460860260771,19072679300200,1,7.00540654361248,4.7493,7.013376,2.9942,14750,0.001024,3.18336,,0.034048,0.163072,0,0.141568,0.006144,0.010239999999999999,,0.0025599999999999998,,1.067776
11368,79.441286401643993,19072679347693,1,6.6777989268302917,7.5214,6.989568,2.961,14555,0.0012799999999999999,3.224064,,0.039424,0.15692799999999998,0,0.13568,0.007424,0.010496,,0.002304,,1.083904
11369,79.447740901360547,19072679422907,1,6.4544999040663242,6.953,6.587392,2.597,14555,0.001024,3.29088,,0.034048,0.15744,0,0.13568,0.003328,0.012288,,0.002304,,1.082624
11370,79.454353096655325,19072679492437,1,6.6121951676905155,6.9262,6.507008,2.6078,14555,0.001024,3.194112,,0.03328,0.160512,0,0.140544,0.0048639999999999994,0.010239999999999999,,0.002304,,1.084928
11371,79.461089299886623,19072679561699,1,6.736203096807003,6.5242,6.58432,2.5334,14555,0.001024,3.23584,,0.033024,0.156672,0,0.13696,0.0051199999999999996,0.010752,,0.002304,,1.087488
11372,79.467789002267565,19072679626941,1,6.6997022368013859,6.5463,6.714624,2.9709,14555,0.001024,3.1933439999999997,,0.033791999999999996,0.16588799999999998,0.000256,0.14438399999999998,0.006912,0.010239999999999999,,0.002304,,1.070336
11373,79.474374199263039,19072679692404,1,6.5851970575749874,6.6641,6.683136,2.9211,14555,0.001024,3.2888319999999998,,0.033791999999999996,0.162816,0,0.142848,0.0051199999999999996,0.010752,,0.002816,,1.087232
11374,79.48106119614512,19072679759045,1,6.6869966685771942,6.6705,6.55744,2.4931,14555,0.001024,3.178496,,0.033535999999999996,0.15744,0,0.13747199999999998,0.0063999999999999994,0.011264,,0.0025599999999999998,,1.085184
11375,79.487428698979585,19072679825750,1,6.3675027340650558,6.6781,6.590208,2.5385,14757,0.001024,3.263744,,0.034048,0.154368,0.000256,0.13414399999999999,0.007936,0.011776,,0.002304,,1.083904
11376,79.4939079010771,19072679892531,1,6.4792023040354252,6.5292,6.4192,2.7948,14555,0.001024,3.08864,,0.033535999999999996,0.166656,0.000256,0.14668799999999999,0.0076799999999999993,0.011776,,0.0025599999999999998,,1.0647039999999999
11377,79.50048509778911,19072679957823,1,6.5771965309977531,6.7406,6.470144,2.793,14607,0.001024,3.1861759999999997,,0.034048,0.16614399999999999,0,0.14464,0.0076799999999999993,0.011519999999999999,,0.0025599999999999998,,1.065728
11378,79.507186600056684,19072680025229,1,6.7015024833381176,6.5777,6.55616,3.0437,14555,0.001024,3.2319999999999998,,0.033535999999999996,0.15923199999999998,0.000256,0.140032,0.0038399999999999997,0.010496,,0.002304,,1.064192
11379,79.514617800453507,19072680091006,1,7.4312002398073673,6.5856,6.674944,2.6689,14555,0.001024,3.2066559999999997,,0.034304,0.16486399999999998,0,0.144128,0.008192,0.011519999999999999,,0.002304,,1.0828799999999998
11380,79.522000602324255,19072680156862,1,7.3828017339110374,6.4064,7.410176,2.9137,14555,0.001024,3.294208,,0.039168,0.15001599999999998,0,0.12953599999999998,0.0038399999999999997,0.011776,,0.0025599999999999998,,1.2336639999999999
11381,79.529129499716547,19072680220926,1,7.1288975887000561,7.307,7.3664,2.4502,14555,0.001024,3.2678399999999996,,0.039168,0.154368,0.000256,0.133888,0.007424,0.011007999999999999,,0.0025599999999999998,,1.351936
11382,79.53630839710884,19072680293996,1,7.1788975037634373,6.8364,7.10912,2.6919,14555,0.001024,3.234304,,0.033535999999999996,0.16255999999999998,0,0.142592,0.0076799999999999993,0.010239999999999999,,0.0025599999999999998,,1.348352
11383,79.543240901360548,19072680362360,1,6.93250447511673,7.4188,7.156736,2.5358,14555,0.001024,3.18336,,0.035584,0.16153599999999999,0,0.141312,0.007424,0.011264,,0.0025599999999999998,,1.257472
11384,79.550172597789114,19072680436548,1,6.9316965527832508,7.0597,6.92096,3.0596,14555,0.0012799999999999999,3.184128,,0.034816,0.15923199999999998,0,0.13952,0.005376,0.011264,,0.0025599999999999998,,1.0688
11385,79.557412400793652,19072680507145,1,7.2398032061755657,7.4352,6.895104,2.8308,14555,0.001024,3.1744,,0.039936,0.159744,0,0.137728,0.010752,0.011264,,0.002304,,1.0864639999999999
11386,79.565755902777781,19072680581497,1,8.3435019478201866,6.6905,7.213312,3.0417,14555,0.001024,3.268096,,0.035584,0.16383999999999999,0,0.141568,0.003328,0.010239999999999999,,0.002304,,1.2418559999999998
11387,79.572975297619038,19072680648402,1,7.2193946689367294,7.1782,8.33024,2.827,14555,0.001024,3.1964159999999997,,0.039424,0.1664,0.000256,0.144128,0.007424,0.011519999999999999,,0.002304,,1.733376
11388,79.580148299319731,19072680720184,1,7.173001766204834,6.9321,7.19616,2.9506,14555,0.001024,3.2384,,0.03456,0.15795199999999998,0.000256,0.136704,0.007936,0.011007999999999999,,0.002304,,1.085184
11389,79.586908198696136,19072680789505,1,6.7598992027342319,8.2227,7.121408,2.6932,14952,0.001024,3.277056,,0.037632,0.16512,0,0.143616,0.007424,0.010239999999999999,,0.003072,,1.251584
11390,79.593950800736962,19072680871732,1,7.0426021702587605,7.3676,6.768384,2.718,14555,0.001024,3.188736,,0.042496,0.161024,0,0.13952,0.0076799999999999993,0.010496,,0.002304,,1.083648
11391,79.601151998299315,19072680945408,1,7.2011975571513176,7.4042,7.02336,2.4779,14555,0.001024,3.2665599999999997,,0.035328,0.157696,0,0.13516799999999998,0.012032,0.012032,,0.002304,,1.0816
11392,79.615762400793642,19072681019450,1,14.610402286052704,6.263,7.189248,2.5933,14555,0.001024,3.28448,,0.0384,0.15462399999999998,0,0.1344,0.007424,0.010239999999999999,,0.0025599999999999998,,1.340928
11393,79.623648596938779,19072681082080,1,7.8861964866518974,6.924,6.902272,2.9997,14555,0.001024,3.0996479999999997,,0.033535999999999996,0.16588799999999998,0.000256,0.144128,0.007424,0.012799999999999999,,0.002304,,1.231616
11394,79.630664597505671,19072681151320,1,7.0160003378987312,17.5442,6.900736,2.7564,17551,0.001024,3.292672,,0.034048,0.1664,0.000256,0.143872,0.003584,0.011776,,0.002304,,1.089024
11395,79.637821598639448,19072681326762,1,7.1570011787116528,4.8117,7.008256,2.9932,14555,0.001024,3.291648,,0.035328,0.166912,0,0.144896,0.0038399999999999997,0.011007999999999999,,0.002304,,1.087488
11396,79.64475569727891,19072681374879,1,6.9340984337031841,8.0472,7.02848,2.5671,18001,0.001024,3.179008,,0.035072,0.155904,0,0.13568,0.003584,0.010496,,0.002304,,1.2487679999999999
11397,79.651842396541952,19072681455351,1,7.0866993628442287,6.8114,7.017472,2.6801,14555,0.001024,3.1843839999999997,,0.033791999999999996,0.16127999999999998,0,0.14079999999999998,0.0038399999999999997,0.011776,,0.002304,,1.33632
11398,79.658825,19072681523465,1,6.9826035760343075,7.6272,7.069952,2.6962,76915,0.001024,3.242496,,0.033535999999999996,0.157184,0,0.13747199999999998,0.0038399999999999997,0.011264,,0.002304,,1.349888
11399,79.666379301303849,19072681599737,1,7.5543015263974667,6.4163,6.972416,3.1097,14555,0.001024,3.092736,,0.034816,0.15129599999999999,0,0.131328,0.003584,0.010239999999999999,,0.002304,,1.081088
11400,79.6732383999433,19072681663900,1,6.8590985611081123,7.2038,7.526144,0.7924,14555,0.001024,3.2586239999999997,,0.039936,0.16512,0,0.143616,0.007936,0.012032,,0.002304,,1.2387839999999999
11401,79.6809718962585,19072681735938,1,7.7334963716566563,8.2608,0.044544,2.8474,14555,0.001024,3.174912,,0.033791999999999996,0.163328,0,0.143616,0.003328,0.011519999999999999,,0.0025599999999999998,,1.089536
11402,79.687930201247156,19072681818546,1,6.9583049044013023,6.1791,7.712512,2.8462,14757,0.001024,3.242752,,0.034304,0.155392,0,0.13414399999999999,0.003584,0.011264,,0.002304,,1.705984
11403,79.695206299603171,19072681880337,1,7.2760982438921928,6.7397,6.941184,3.0797,14555,0.001024,3.172352,,0.034304,0.161792,0.000256,0.14079999999999998,0.004608,0.010496,,0.002304,,1.065984
11404,79.70240839710884,19072681947734,1,7.2020976804196835,7.8758,7.261184,2.7242,14607,0.001024,3.271168,,0.035328,0.16383999999999999,0,0.142592,0.003328,0.011007999999999999,,0.002048,,1.3708799999999999
11405,79.709812698412691,19072682026492,1,7.4043013155460358,6.9579,7.149056,2.7127,14555,0.001024,3.24224,,0.034048,0.163328,0,0.141312,0.0076799999999999993,0.012032,,0.002304,,1.249792
11406,79.717161699263031,19072682096071,1,7.3490007780492306,7.5372,7.417856,3.4709,14555,0.001024,3.2230399999999997,,0.039936,0.15872,0.000256,0.13696,0.007424,0.010239999999999999,,0.002816,,1.2469759999999999
11407,79.724329896541946,19072682171443,1,7.1681970730423927,6.9512,7.092992,2.7086,14555,0.001024,3.293952,,0.041215999999999996,0.152832,0,0.132352,0.007424,0.011776,,0.002048,,1.368576
11408,79.731203698979584,19072682240955,1,6.8738022819161415,7.3169,7.133952,2.6959,14555,0.001024,3.2913919999999997,,0.039424,0.16768,0.000256,0.145664,0.004096,0.011776,,0.0025599999999999998,,1.0864639999999999
11409,79.738616099773239,19072682314124,1,7.4124005623161793,7.5239,6.843392,2.8002,14750,0.001024,3.1667199999999998,,0.043264,0.152832,0.000256,0.132608,0.007936,0.010752,,0.002304,,1.084416
11410,79.745980902777774,19072682389363,1,7.3648029938340187,6.9329,7.410432,2.7226,14555,0.001024,3.265792,,0.03968,0.153856,0,0.13312,0.007424,0.010496,,0.0025599999999999998,,1.089536
11411,79.753075602324259,19072682458692,1,7.0946994237601757,6.7572,7.345408,2.766,14555,0.001024,3.297024,,0.034304,0.165632,0.000256,0.14464,0.003328,0.011519999999999999,,0.002304,,1.3655039999999998
11412,79.760166999716546,19072682526264,1,7.0913974195718765,8.1127,7.067392,2.716,14555,0.0012799999999999999,3.263744,,0.035328,0.16255999999999998,0,0.14079999999999998,0.003584,0.011264,,0.0025599999999999998,,1.0828799999999998
11413,79.76759139739228,19072682607391,1,7.4243978597223759,6.9372,7.0656,2.6297,14555,0.001024,3.2319999999999998,,0.041728,0.161792,0,0.140288,0.003584,0.011519999999999999,,0.002304,,1.083904
11414,79.774323596938771,19072682676763,1,6.7321993410587311,7.0495,7.398656,3.0144,14555,0.001024,3.192064,,0.042752,0.167424,0,0.144896,0.0076799999999999993,0.010752,,0.0025599999999999998,,1.499136
11415,79.781591801303847,19072682747258,1,7.268204353749752,7.5792,6.711808,2.6576,14555,0.001024,3.19488,,0.039936,0.16512,0,0.143616,0.00896,0.011007999999999999,,0.002304,,1.083904
11416,79.788926799886625,19072682823050,1,7.3349988088011742,6.7673,7.2448,2.8133,14757,0.001024,3.08736,,0.040959999999999996,0.17024,0,0.14207999999999998,0.003072,0.011007999999999999,,0.002304,,1.343488
11417,79.79618079648526,19072682890723,1,7.2539965622127056,7.2755,7.318784,2.93,20339,0.001024,3.2670719999999998,,0.035072,0.15795199999999998,0,0.13696,0.003584,0.011007999999999999,,0.002048,,1.3237759999999998
11418,79.803270698696139,19072682963478,1,7.0899021811783314,6.9936,7.219968,2.8485,14555,0.001024,3.29216,,0.03456,0.164096,0,0.143616,0.0076799999999999993,0.010239999999999999,,0.0025599999999999998,,1.345024
11419,79.810651899092974,19072683033414,1,7.3812003247439861,7.4211,7.007488,2.8101,14555,0.001024,3.223808,,0.035584,0.164608,0.000256,0.14336,0.003328,0.011264,,0.002304,,1.082624
11420,79.8179625,19072683107625,1,7.3106009513139725,7.4398,7.444224,2.6345,14555,0.001024,3.178496,,0.035584,0.162816,0,0.14207999999999998,0.003328,0.012288,,0.0025599999999999998,,1.084928
11421,79.824890199829923,19072683182023,1,6.9276997819542885,6.7501,7.294208,2.678,14555,0.001024,3.27296,,0.03456,0.158976,0,0.137984,0.007936,0.012288,,0.0025599999999999998,,1.3222399999999999
11422,79.8321757015306,19072683249524,1,7.2855018079280853,7.6266,6.89792,2.779,14555,0.001024,3.286272,,0.039424,0.15872,0,0.13747199999999998,0.007168,0.011264,,0.002304,,1.081856
11423,79.839233496315188,19072683325790,1,7.0577948354184628,6.8342,7.272192,2.7574,20484,0.001024,3.171328,,0.03712,0.154368,0.000256,0.133888,0.008192,0.011776,,0.002304,,1.263104
11424,79.846566801303851,19072683394132,1,7.3333051986992359,7.1725,7.023616,2.6844,14555,0.001024,3.239168,,0.035328,0.15564799999999998,0.000256,0.134912,0.007424,0.010752,,0.002304,,1.354752
11425,79.853306901927439,19072683465857,1,6.7401006817817688,7.1875,7.237888,3.3096,14555,0.001024,3.2913919999999997,,0.033791999999999996,0.39782399999999996,0,0.375808,0.003328,0.010496,,0.002304,,1.385472
11426,79.8602077026644,19072683537732,1,6.9008008576929569,7.199,6.801152,2.8758,14555,0.001024,3.088384,,0.0384,0.166656,0,0.146176,0.007936,0.011776,,0.0025599999999999998,,1.06496
11427,79.866713499149654,19072683609722,1,6.5057966858148575,7.3786,6.87872,2.9433,14555,0.001024,3.096832,,0.034816,0.152832,0,0.132096,0.003328,0.011519999999999999,,0.002304,,1.0864639999999999
11428,79.873255399659854,19072683683508,1,6.5419003367424011,6.7618,6.405376,2.8789,14555,0.001024,3.18208,,0.034048,0.163328,0.000256,0.14207999999999998,0.003328,0.010496,,0.002304,,1.07264
11429,79.880250999149652,19072683751126,1,6.9955997169017792,7.0495,6.604288,2.775,28023,0.001024,3.237376,,0.033791999999999996,0.16,0,0.13977599999999998,0.003328,0.012032,,0.0025599999999999998,,1.0731519999999999
11430,79.887501700680275,19072683821621,1,7.250701542943716,6.4197,6.980864,2.4734,14902,0.001024,3.2780799999999997,,0.034816,0.15616,0,0.135424,0.0076799999999999993,0.012032,,0.0025599999999999998,,1.262592
11431,79.8947248015873,19072683885818,1,7.2231008671224117,6.2262,7.222016,2.6362,14750,0.001024,3.264512,,0.04224,0.154112,0,0.133888,0.007424,0.011519999999999999,,0.002304,,1.264896
11432,79.901285402494324,19072683948080,1,6.5606008283793926,7.0962,7.05536,2.8323,14555,0.001024,3.184128,,0.033791999999999996,0.155136,0,0.135424,0.0076799999999999993,0.011264,,0.002304,,1.326848
11433,79.9079410005669,19072684019042,1,6.655598059296608,7.336,6.528512,3.2509,14607,0.001024,3.198464,,0.033791999999999996,0.16127999999999998,0,0.13952,0.007936,0.010239999999999999,,0.002304,,1.067776
11434,79.914612202380951,19072684092402,1,6.671201903373003,7.4002,6.550784,2.802,76915,0.001024,3.190528,,0.03328,0.16486399999999998,0.000256,0.144896,0.003584,0.011519999999999999,,0.002304,,1.0828799999999998
11435,79.921147498582769,19072684166404,1,6.5352963283658028,6.179,6.738432,3.3367,14555,0.001024,3.27424,,0.035072,0.154368,0,0.1344,0.007424,0.010496,,0.0025599999999999998,,1.067264
11436,79.92843039965986,19072684228194,1,7.2829010896384716,6.7016,6.52672,0.7398,14555,0.001024,3.286784,,0.034048,0.159488,0.000256,0.138752,0.003584,0.011776,,0.002304,,1.065728
11437,79.935528599773235,19072684295210,1,7.0982002653181553,8.0792,0.042752,2.9547,14555,0.001024,3.177216,,0.03328,0.158976,0.000256,0.139264,0.003584,0.010752,,0.002816,,1.08544
11438,79.942031498015865,19072684376002,1,6.5028984099626541,4.9993,7.077888,2.5817,14555,0.001024,3.1831039999999997,,0.033791999999999996,0.159744,0.000256,0.13849599999999998,0.0084479999999999989,0.011264,,0.002304,,1.294336
11439,79.9485126984127,19072684425995,1,6.4812004566192627,7.3749,6.497024,3.0293,14555,0.001024,3.177216,,0.034048,0.156672,0,0.13568,0.007936,0.011776,,0.002304,,1.0680319999999999
11440,79.955069097222221,19072684499744,1,6.5563987009227276,7.1731,6.446592,2.3368,14555,0.001024,3.1795199999999997,,0.033535999999999996,0.161792,0.000256,0.14079999999999998,0.007936,0.011264,,0.002304,,1.0897919999999999
11441,79.961527699829929,19072684571475,1,6.4586023800075054,6.496,6.529024,2.8777,14555,0.001024,3.18336,,0.03328,0.152576,0,0.13312,0.007936,0.010239999999999999,,0.002304,,1.069312
11442,79.968052699829926,19072684636435,1,6.5250000916421413,6.6445,6.434816,2.9156,14555,0.001024,3.090944,,0.033791999999999996,0.15923199999999998,0,0.13977599999999998,0.003584,0.010752,,0.002304,,1.068544
11443,79.974808496315191,19072684702880,1,6.7557962611317635,6.2462,6.50752,2.7589,14555,0.001024,3.233536,,0.034048,0.16127999999999998,0,0.141568,0.004096,0.010496,,0.002304,,1.084928
11444,79.98142529761904,19072684765342,1,6.6168014891445637,6.3931,6.737408,2.7365,14555,0.001024,3.268608,,0.038911999999999995,0.166912,0,0.14668799999999999,0.003072,0.011519999999999999,,0.0025599999999999998,,1.080832
11445,79.988077501417237,19072684829273,1,6.6522038541734219,6.8431,6.592512,2.7368,14757,0.001024,3.266304,,0.034304,0.157184,0,0.136192,0.004096,0.011264,,0.002304,,1.083648
11446,79.994577402210879,19072684897704,1,6.4999009482562542,6.3693,6.554624,2.6748,14555,0.001024,3.2279039999999997,,0.033791999999999996,0.162816,0,0.142592,0.011264,0.012288,,0.002304,,1.068288
11447,80.001188697562355,19072684961397,1,6.611295510083437,6.9643,6.554624,2.7287,14555,0.001024,3.2337919999999998,,0.033535999999999996,0.152064,0,0.132352,0.0076799999999999993,0.010239999999999999,,0.0025599999999999998,,1.0831359999999999
11448,80.00776490221088,19072685031040,1,6.5762046724557877,6.4162,6.586112,2.5319,14555,0.001024,3.274496,,0.034304,0.16486399999999998,0.000256,0.142848,0.003584,0.010752,,0.002304,,1.0846719999999999
11449,80.014549702380947,19072685095202,1,6.784799974411726,6.7249,6.549248,2.6726,14555,0.001024,3.187712,,0.033535999999999996,0.15795199999999998,0.000256,0.139008,0.0076799999999999993,0.011007999999999999,,0.002816,,1.0680319999999999
11450,80.021172200963719,19072685162451,1,6.6224983893334866,6.8731,6.77376,2.6884,14555,0.001024,3.2919039999999997,,0.033791999999999996,0.155392,0.000256,0.1344,0.007936,0.012032,,0.002304,,1.0864639999999999
11451,80.02775170068027,19072685231182,1,6.5794996917247772,7.1245,6.595072,2.6101,14555,0.001024,3.229184,,0.033535999999999996,0.16,0,0.140544,0.0084479999999999989,0.011776,,0.0025599999999999998,,1.0828799999999998
11452,80.034302097505659,19072685302427,1,6.5503967925906181,5.6657,6.56128,2.7098,14555,0.001024,3.163648,,0.033791999999999996,0.16025599999999998,0.000256,0.138752,0.0076799999999999993,0.011264,,0.0025599999999999998,,1.082624
11453,80.04086999716553,19072685359084,1,6.5678996033966541,6.6719,6.522624,2.4126,14555,0.001024,3.168768,,0.033791999999999996,0.155392,0,0.13516799999999998,0.003584,0.011264,,0.002304,,1.083904
11454,80.04741119614512,19072685425803,1,6.5411990508437157,6.3958,6.547712,2.8023,14750,0.001024,3.187712,,0.033535999999999996,0.15795199999999998,0,0.13849599999999998,0.003584,0.011007999999999999,,0.0025599999999999998,,1.080576
11455,80.054122902494328,19072685489761,1,6.7117065191268921,6.7697,6.513408,2.6541,14555,0.001024,3.186944,,0.033535999999999996,0.160768,0.000256,0.138752,0.0097279999999999988,0.010752,,0.002304,,1.07904
11456,80.060687096088429,19072685557458,1,6.5641934052109718,6.4691,6.696448,2.5735,14555,0.001024,3.29216,,0.034048,0.169216,0,0.147456,0.0038399999999999997,0.010496,,0.002304,,1.0897919999999999
11457,80.067251998299312,19072685622149,1,6.5649021416902542,6.6968,6.549504,3.5597,14555,0.001024,3.1910399999999997,,0.033791999999999996,0.157696,0,0.137728,0.003584,0.011519999999999999,,0.002816,,1.067776
11458,80.073828996598635,19072685689117,1,6.57699815928936,6.7226,6.539264,2.9258,14555,0.001024,3.1825919999999996,,0.033791999999999996,0.15923199999999998,0,0.137984,0.0076799999999999993,0.010239999999999999,,0.002304,,1.07008
11459,80.080486996882087,19072685756343,1,6.6580004058778286,7.2402,6.470912,2.6843,14555,0.001024,3.1800319999999997,,0.034304,0.162816,0,0.141568,0.0076799999999999993,0.010496,,0.0025599999999999998,,1.0864639999999999
11460,80.087023696145124,19072685828745,1,6.536699365824461,5.8654,6.627584,2.6856,14757,0.001024,3.2870399999999997,,0.033791999999999996,0.164352,0,0.14310399999999998,0.0038399999999999997,0.011519999999999999,,0.002304,,1.085696
11461,80.093661600056691,19072685887399,1,6.6379038617014885,6.9238,6.601216,2.3876,14555,0.001024,3.2683519999999997,,0.034048,0.156672,0,0.135936,0.0051199999999999996,0.010752,,0.002048,,1.081088
11462,80.100249100056686,19072685956637,1,6.5875002183020115,6.4336,6.610176,2.5969,14555,0.001024,3.2913919999999997,,0.033535999999999996,0.16153599999999999,0.000256,0.141824,0.0038399999999999997,0.012032,,0.0025599999999999998,,1.083904
11463,80.106751799886624,19072686020973,1,6.502700038254261,6.3161,6.487296,3.0627,14555,0.001024,3.163648,,0.033791999999999996,0.16512,0,0.14540799999999998,0.003328,0.011519999999999999,,0.002304,,1.065728
11464,80.113656398809525,19072686084134,1,6.9045987911522388,6.7689,6.55872,2.522,14607,0.001024,3.266304,,0.034048,0.169984,0.000256,0.148224,0.003328,0.012288,,0.002304,,1.083904
11465,80.121343296485264,19072686151823,1,7.6868976466357708,6.8105,6.892032,2.396,14555,0.001024,3.2780799999999997,,0.039424,0.16,0,0.137216,0.00896,0.010496,,0.0025599999999999998,,1.084416
11466,80.128119798752834,19072686219928,1,6.7765023559331894,6.1321,7.523328,2.5511,14555,0.001024,3.272448,,0.033535999999999996,0.153088,0,0.133632,0.009216,0.20812799999999998,,0.002304,,1.247488
11467,80.1353628968254,19072686281249,1,7.2430982254445553,7.0673,6.884864,2.5147,17551,0.001024,3.163648,,0.03968,0.162816,0.000256,0.141312,0.008192,0.011007999999999999,,0.002304,,1.363712
11468,80.14260680272109,19072686351922,1,7.2439056821167469,7.5563,7.224064,2.7506,14555,0.001024,3.269888,,0.034048,0.312064,0.000256,0.291072,0.009984,0.011007999999999999,,0.002304,,1.24928
11469,80.149998802437636,19072686427485,1,7.3919999413192272,7.0963,7.137024,2.638,18001,0.001024,3.2913919999999997,,0.03968,0.162816,0,0.142336,0.011264,0.0097279999999999988,,0.002816,,1.088256
11470,80.157034098639457,19072686498448,1,7.0352964103221893,7.0374,7.460096,2.9998,14555,0.001024,3.27424,,0.03584,0.15795199999999998,0,0.136192,0.003584,0.012032,,0.002048,,1.3271039999999998
11471,80.163920096371882,19072686568822,1,6.8859979510307312,7.5891,6.922496,2.6516,14555,0.001024,3.089664,,0.034304,0.15923199999999998,0,0.137728,0.003584,0.011264,,0.002304,,1.251584
11472,80.17094340277778,19072686644713,1,7.02330656349659,7.0781,6.874112,2.8076,76915,0.001024,3.09632,,0.03968,0.15872,0.000256,0.137216,0.0076799999999999993,0.011007999999999999,,0.002304,,1.069056
11473,80.177954698129255,19072686715494,1,7.0112952962517738,7.4459,6.824448,2.8741,14555,0.001024,3.0991359999999997,,0.03968,0.157696,0,0.13644799999999999,0.0076799999999999993,0.011519999999999999,,0.0025599999999999998,,1.071616
11474,80.185300297619051,19072686789953,1,7.3455995880067348,6.8898,6.984192,0.8359,14757,0.001024,3.265024,,0.034048,0.16025599999999998,0,0.13977599999999998,0.0076799999999999993,0.010496,,0.002304,,1.246464
11475,80.193074298469384,19072686858851,1,7.7740009874105453,8.6781,0.034048,2.6757,14555,0.001024,3.23712,,0.264192,0.167936,0,0.137216,0.007424,0.011264,,0.0025599999999999998,,1.083392
11476,80.200127295918364,19072686945632,1,7.0529975928366184,4.9304,7.842816,2.5918,14750,0.0012799999999999999,3.2755199999999998,,0.036095999999999996,0.15334399999999998,0,0.132608,0.0076799999999999993,0.011519999999999999,,0.002048,,1.245696
11477,80.207370599489792,19072686994936,1,7.243303582072258,7.4625,7.03616,2.8453,14555,0.001024,3.1728639999999997,,0.03456,0.154112,0,0.133376,0.0038399999999999997,0.010496,,0.002304,,1.336832
11478,80.214633397108841,19072687069561,1,7.2627975605428219,7.3039,7.139584,2.5289,14555,0.0012799999999999999,3.1866879999999997,,0.034304,0.16716799999999998,0,0.14592,0.011264,0.010496,,0.0025599999999999998,,1.372928
11479,80.2218832979025,19072687142600,1,7.2499006055295467,7.5581,7.325184,2.5573,14555,0.001024,3.2895999999999996,,0.039424,0.150528,0.000256,0.131072,0.007424,0.011519999999999999,,0.002304,,1.082624
11480,80.228957801870749,19072687218181,1,7.0745041593909264,7.6006,7.213568,2.9565,14555,0.001024,3.286016,,0.039168,0.15616,0,0.135936,0.0038399999999999997,0.010752,,0.0025599999999999998,,1.242368
11481,80.23585700113378,19072687294187,1,6.8991994485259056,6.877,7.085568,2.9519,14555,0.001024,3.26912,,0.034048,0.162304,0,0.14079999999999998,0.006656,0.010239999999999999,,0.002816,,1.328384
11482,80.242644997165527,19072687362957,1,6.787995807826519,7.4875,6.79552,3.008,14555,0.001024,3.202816,,0.034816,0.15231999999999998,0,0.13183999999999998,0.003328,0.010239999999999999,,0.0025599999999999998,,1.067264
11483,80.249704896541942,19072687437832,1,7.0598991587758064,7.0769,6.835968,3.0118,14555,0.001024,3.1764479999999997,,0.035328,0.16358399999999998,0,0.141568,0.003072,0.010752,,0.0025599999999999998,,1.067008
11484,80.256977402210879,19072687508601,1,7.2725056670606136,6.8162,7.040768,2.8887,14555,0.001024,3.2714239999999997,,0.036095999999999996,0.160768,0,0.138752,0.003328,0.011264,,0.0025599999999999998,,1.08544
11485,80.264064795918358,19072687576763,1,7.0873936638236046,6.9221,7.258112,2.7734,14555,0.001024,3.167744,,0.03584,0.16383999999999999,0,0.141568,0.003328,0.010239999999999999,,0.002816,,1.319168
11486,80.2713591978458,19072687645984,1,7.2944019921123981,6.7589,7.066112,2.7816,14555,0.001024,3.236096,,0.035072,0.163072,0,0.141568,0.003328,0.011776,,0.0025599999999999998,,1.063936
11487,80.2783295989229,19072687713573,1,6.9704009220004082,7.8074,7.234048,2.6731,14555,0.001024,3.26912,,0.034304,0.154368,0.000256,0.13414399999999999,0.011007999999999999,0.010496,,0.0025599999999999998,,1.083392
11488,80.285431398809521,19072687791647,1,7.1017998270690441,7.0405,6.991616,2.7067,14757,0.001024,3.163904,,0.033535999999999996,0.157696,0,0.137728,0.003584,0.011776,,0.002304,,1.306624
11489,80.2922748015873,19072687862052,1,6.8434029817581177,7.0935,7.083776,2.8975,14555,0.001024,3.234304,,0.03968,0.160512,0.000256,0.13849599999999998,0.009984,0.010752,,0.002304,,1.0713599999999999
11490,80.29983280187075,19072687932987,1,7.558000274002552,7.2387,6.827264,2.811,14555,0.001024,3.098112,,0.035328,0.158976,0,0.138752,0.0076799999999999993,0.011519999999999999,,0.002304,,1.0879999999999999
11491,80.306946598639456,19072688005374,1,7.1137966588139534,6.5771,7.536896,2.8773,14555,0.001024,3.2870399999999997,,0.039936,0.16,0,0.138752,0.0038399999999999997,0.012288,,0.0025599999999999998,,1.3255679999999999
11492,80.314190497448976,19072688071145,1,7.2438986971974373,6.9923,7.09632,2.6517,14607,0.001024,3.224576,,0.034048,0.161792,0,0.141824,0.003328,0.011776,,0.002304,,1.3588479999999998
11493,80.321439795918366,19072688141068,1,7.2492985054850578,7.4269,7.129856,2.7688,14555,0.001024,3.178752,,0.035072,0.162816,0,0.141568,0.003072,0.010752,,0.0025599999999999998,,1.084928
11494,80.32841919642857,19072688215337,1,6.9794002920389175,7.5796,7.28192,2.7406,14555,0.001024,3.2384,,0.03456,0.15103999999999998,0.000256,0.13055999999999998,0.0038399999999999997,0.010239999999999999,,0.002304,,1.089024
11495,80.335121301020408,19072688291133,1,6.7021045833826065,6.6608,6.9952,2.8495,14555,0.001024,3.1831039999999997,,0.034304,0.16486399999999998,0,0.144128,0.007936,0.011519999999999999,,0.002304,,1.299712
11496,80.34229810090703,19072688357741,1,7.1767996996641159,7.3961,6.680064,2.6762,14555,0.001024,3.18336,,0.035328,0.166656,0,0.14438399999999998,0.003584,0.011519999999999999,,0.002048,,1.084928
11497,80.349481901927433,19072688431702,1,7.1838009171187878,6.998,7.159552,2.5668,14555,0.0012799999999999999,3.2368639999999997,,0.035584,0.16127999999999998,0,0.14079999999999998,0.003328,0.011519999999999999,,0.002304,,1.090048
11498,80.356568501984128,19072688501682,1,7.0866001769900322,6.5885,7.145216,2.7034,14750,0.001024,3.237888,,0.03456,0.15692799999999998,0,0.137216,0.003584,0.011264,,0.0025599999999999998,,1.082112
11499,80.3635542020975,19072688567567,1,6.9857002235949039,7.3984,6.869248,2.5392,14555,0.001024,3.170304,,0.03456,0.15488,0,0.133888,0.003584,0.012032,,0.002048,,1.36832
11500,80.370832100340138,19072688641551,1,7.2778980247676373,6.9965,6.961664,2.6718,14555,0.001024,3.234816,,0.035072,0.15923199999999998,0,0.13952,0.003328,0.011519999999999999,,0.002304,,1.081088
11501,80.377788697562352,19072688711516,1,6.9565973244607449,7.1471,7.007488,3.2384,14555,0.001024,3.2430079999999997,,0.041728,0.157696,0,0.136704,0.003328,0.011264,,0.002304,,1.0695679999999999
11502,80.384971201814054,19072688782987,1,7.1825040504336357,6.891,6.940416,2.6628,14757,0.001024,3.168768,,0.03456,0.162816,0,0.141056,0.004096,0.010752,,0.002304,,1.35168
11503,80.391969897959186,19072688851897,1,6.9986963644623756,7.3912,7.157504,2.8798,14555,0.001024,3.2647679999999997,,0.035072,0.151808,0,0.13183999999999998,0.0076799999999999993,0.011007999999999999,,0.002304,,1.2584959999999998
11504,80.399244097222223,19072688925809,1,7.2741992771625519,6.5118,6.970112,2.7817,14555,0.001024,3.29216,,0.034816,0.167936,0,0.146176,0.003072,0.012032,,0.0025599999999999998,,1.087232
11505,80.406576098356012,19072688990927,1,7.3320013470947742,7.4853,7.2832,2.6741,14555,0.001024,3.2714239999999997,,0.035584,0.160512,0,0.13952,0.006912,0.011264,,0.002304,,1.087232
11506,80.4136554988662,19072689065780,1,7.0794005878269672,6.899,7.299072,2.8416,14555,0.001024,3.266816,,0.03584,0.162048,0,0.14079999999999998,0.004096,0.010752,,0.002304,,1.4796799999999999
11507,80.421115802154191,19072689134770,1,7.4603031389415264,7.5065,7.065344,2.528,14555,0.001024,3.09632,,0.033791999999999996,0.16383999999999999,0.000256,0.14310399999999998,0.007936,0.011007999999999999,,0.002304,,1.235968
11508,80.428237202380956,19072689209835,1,7.1214004419744015,7.4215,7.370752,2.919,76915,0.001024,3.2901119999999997,,0.03456,0.155392,0,0.135424,0.0076799999999999993,0.011776,,0.002304,,1.087232
11509,80.435374298469384,19072689284050,1,7.1370960213243961,6.7457,7.078912,3.0145,14555,0.0012799999999999999,3.2780799999999997,,0.034048,0.156672,0.000256,0.13696,0.0038399999999999997,0.011264,,0.002304,,1.343488
11510,80.443250602324255,19072689351507,1,7.8763039782643318,7.361,7.20384,0.7719,14555,0.001024,3.1964159999999997,,0.280064,0.17279999999999998,0,0.14464,0.0076799999999999993,0.011007999999999999,,0.0025599999999999998,,1.236224
11511,80.449935296201815,19072689425117,1,6.6846939735114574,8.4411,0.044288,3.2166,14555,0.001024,3.291136,,0.039936,0.15334399999999998,0,0.131584,0.007424,0.012288,,0.003072,,1.2554239999999999
11512,80.456701799886616,19072689509528,1,6.7665036767721176,6.0431,6.666752,2.7865,14555,0.0012799999999999999,3.227392,,0.034304,0.164608,0.000256,0.144128,0.003328,0.010496,,0.002304,,1.0713599999999999
11513,80.46371029620181,19072689569959,1,7.008496206253767,7.5858,6.739968,2.6209,14555,0.001024,3.183616,,0.035072,0.15872,0,0.137984,0.003328,0.011519999999999999,,0.0025599999999999998,,1.085184
11514,80.470233099489789,19072689645817,1,6.5228031016886234,6.4489,6.971904,2.6495,14555,0.001024,3.2931839999999997,,0.035328,0.159744,0,0.138752,0.003328,0.011007999999999999,,0.0025599999999999998,,1.084928
11515,80.477110898526078,19072689710306,1,6.8777990527451038,7.2701,6.518272,2.2592,14555,0.001024,3.2404479999999998,,0.034816,0.15488,0,0.13414399999999999,0.008192,0.011007999999999999,,0.002304,,1.0831359999999999
11516,80.483991298185941,19072689783007,1,6.8803997710347176,6.4634,6.855424,2.3177,14757,0.001024,3.2447999999999997,,0.034304,0.16025599999999998,0,0.140288,0.010496,0.011264,,0.0025599999999999998,,1.0862079999999998
11517,80.491032497165534,19072689847641,1,7.0411991328001022,6.9596,6.864128,2.7071,14555,0.001024,3.229952,,0.038655999999999996,0.155392,0,0.135424,0.0076799999999999993,0.011007999999999999,,0.0025599999999999998,,1.084416
11518,80.497623696145126,19072689917237,1,6.5911989659070969,7.1857,7.0144,2.3889,32126,0.001024,3.2319999999999998,,0.035328,0.16486399999999998,0,0.142336,0.0076799999999999993,0.011264,,0.002304,,1.068544
11519,80.504201700680269,19072689989094,1,6.5780044533312321,6.2745,6.572288,2.6792,28957,0.001024,3.2314879999999997,,0.033791999999999996,0.16153599999999999,0,0.13977599999999998,0.0076799999999999993,0.012288,,0.0025599999999999998,,1.083392
11520,80.510809899376412,19072690051839,1,6.6081988625228405,7.3468,6.555136,3.1356,49892,0.001024,3.2949759999999997,,0.03456,0.162304,0,0.141568,0.003584,0.011264,,0.002304,,1.068288
11521,80.517365901360535,19072690125307,1,6.5560019575059414,6.4414,6.575872,2.5187,44755,0.0012799999999999999,3.292928,,0.03456,0.15872,0,0.13849599999999998,0.007936,0.011776,,0.002304,,1.086976
11522,80.523816801303852,19072690189721,1,6.4508998766541481,6.4957,6.5408,2.7887,32126,0.001024,3.276544,,0.034048,0.161792,0,0.14207999999999998,0.004608,0.011519999999999999,,0.002304,,1.088768
11523,80.5304757015306,19072690254678,1,6.6589000634849072,6.7875,6.427136,2.5873,28940,0.001024,3.1800319999999997,,0.033791999999999996,0.16486399999999998,0,0.14310399999999998,0.007936,0.009984,,0.003072,,1.088256
11524,80.537119897959187,19072690322553,1,6.644196342676878,6.2993,6.475008,2.5685,14555,0.001024,3.179264,,0.034048,0.159744,0,0.138752,0.007936,0.011007999999999999,,0.002048,,1.082368
11525,80.543890199829931,19072690385546,1,6.7703020758926868,6.722,6.601472,2.5861,14555,0.001024,3.286272,,0.034048,0.15231999999999998,0,0.13312,0.003584,0.011264,,0.0025599999999999998,,1.083392
11526,80.550410402494322,19072690452766,1,6.520202849060297,6.43,6.753024,2.619,14555,0.001024,3.2839679999999998,,0.034304,0.15488,0,0.133376,0.007936,0.011264,,0.002304,,1.085184
11527,80.55690199829931,19072690517066,1,6.4915958791971207,6.3301,6.50496,1.998,14555,0.0012799999999999999,3.1728639999999997,,0.033791999999999996,0.158464,0,0.139008,0.011264,0.011007999999999999,,0.002304,,1.0662399999999999
11528,80.563476998299322,19072690580367,1,6.5750000067055225,6.4197,6.459904,2.1991,14555,0.001024,3.17696,,0.03456,0.163328,0,0.141312,0.008192,0.010239999999999999,,0.002304,,1.069056
11529,80.570018098072566,19072690644564,1,6.5410998649895191,6.7145,6.572288,1.9909,14555,0.001024,3.1825919999999996,,0.034048,0.163328,0.000256,0.142336,0.0076799999999999993,0.011519999999999999,,0.002304,,1.0664959999999999
11530,80.576622300170058,19072690711709,1,6.6042020916938782,6.3637,6.515968,2.0584,14555,0.001024,3.176192,,0.03456,0.156416,0,0.136192,0.007424,0.011776,,0.0025599999999999998,,1.0662399999999999
11531,80.583325496031748,19072690775346,1,6.7031960934400558,6.4236,6.577664,2.3593,14555,0.001024,3.298304,,0.03456,0.159744,0.000256,0.13849599999999998,0.007936,0.011007999999999999,,0.002304,,1.066752
11532,80.5899466978458,19072690839582,1,6.6212019883096218,6.7984,6.681344,2.6514,14757,0.001024,3.229952,,0.03456,0.31488,0,0.13824,0.013312,0.011264,,0.002304,,1.089024
11533,80.596328195861673,19072690907566,1,6.38149818405509,7.0148,6.596096,2.3464,14555,0.001024,3.2839679999999998,,0.03456,0.161792,0.000256,0.141312,0.0076799999999999993,0.011264,,0.002304,,1.085184
11534,80.602745996315193,19072690977714,1,6.417800672352314,6.4745,6.363904,2.5341,14555,0.001024,3.0881279999999998,,0.034048,0.15692799999999998,0.000256,0.136192,0.003584,0.011519999999999999,,0.002304,,1.0862079999999998
11535,80.609202699829922,19072691042459,1,6.4567034132778645,6.4979,6.401792,2.2297,14555,0.001024,3.167232,,0.03328,0.159744,0.000256,0.140288,0.0076799999999999993,0.011264,,0.002304,,1.0831359999999999
11536,80.615767701247165,19072691107438,1,6.5650013275444508,6.8825,6.426368,2.3537,14555,0.001024,3.168256,,0.034048,0.15923199999999998,0,0.13824,0.003328,0.011519999999999999,,0.0025599999999999998,,1.0828799999999998
11537,80.622563300736957,19072691176263,1,6.7955995909869671,6.2103,6.545664,2.158,14555,0.0012799999999999999,3.268608,,0.03456,0.164096,0,0.142848,0.0076799999999999993,0.010752,,0.0025599999999999998,,1.064448
11538,80.6291424957483,19072691238366,1,6.579195149242878,6.198,6.774016,2.404,15118,0.001024,3.27296,,0.200448,0.16768,0.000256,0.141568,0.0076799999999999993,0.011264,,0.002304,,1.0846719999999999
11539,80.6356056972789,19072691300346,1,6.463201716542244,6.9342,6.559232,1.9243,51802,0.001024,3.295232,,0.03456,0.15488,0.000256,0.13286399999999998,0.0076799999999999993,0.011007999999999999,,0.002304,,1.071104
11540,80.642255796485259,19072691369688,1,6.6500990651547909,6.5155,6.353664,2.7698,14555,0.001024,3.101696,,0.033535999999999996,0.162816,0,0.142848,0.007936,0.010752,,0.002304,,1.07008
11541,80.648743296485264,19072691434843,1,6.4874999225139618,7.333,6.710528,2.9481,14555,0.001024,3.2319999999999998,,0.039424,0.16512,0,0.14438399999999998,0.0076799999999999993,0.012032,,0.002304,,1.071104
11542,80.655337202380949,19072691508173,1,6.5939058549702168,7.3844,6.466304,2.8234,18001,0.001024,3.0911999999999997,,0.034048,0.162816,0,0.140288,0.007936,0.010752,,0.002304,,1.069312
11543,80.66192560232426,19072691582017,1,6.58839987590909,6.0981,6.574592,2.8489,14750,0.001024,3.291648,,0.034304,0.16512,0,0.144896,0.003584,0.011264,,0.002304,,1.08544
11544,80.668586500850338,19072691642998,1,6.660898681730032,5.5639,6.541568,3.3455,14757,0.001024,3.286272,,0.03456,0.16358399999999998,0,0.141824,0.007936,0.011776,,0.002304,,1.067776
11545,80.6751475977891,19072691698637,1,6.5610967576503754,7.2369,,2.8436,14555,0.001024,3.286272,,0.03456,0.16358399999999998,0,0.141824,0.007936,0.011776,,0.002304,,1.067776
11546,80.687612400793654,19072691771006,1,12.464802712202072,7.6861,6.564096,7.6861,77117,0.0012799999999999999,3.235328,,0.033024,0.159744,0,0.140288,0.003584,0.010239999999999999,,0.0025599999999999998,,1.062144
11547,80.69425839710884,19072691847867,1,6.6459961235523224,5.5753,6.397952,1.691,14555,0.001024,3.08736,,0.033024,0.14848,0,0.13055999999999998,0.007936,0.010496,,0.002304,,1.064448
11548,80.701284098639448,19072691903620,1,7.0257014594972134,6.4878,6.62784,0.9101,14555,0.0012799999999999999,3.284992,,0.033535999999999996,0.163328,0,0.14336,0.007936,0.011264,,0.003072,,1.064192
11549,80.707975701530614,19072691968498,1,6.6916029900312424,14.0661,0.035328,2.112,14555,0.001024,3.1777279999999997,,0.03584,0.15334399999999998,0,0.132608,0.007424,0.011007999999999999,,0.002304,,1.087488
11550,80.71475700113379,19072692109159,1,6.7812995985150337,4.7189,6.627584,2.1605,14555,0.001024,3.299072,,0.033535999999999996,0.15129599999999999,0,0.131072,0.0076799999999999993,0.010496,,0.002304,,1.087232
11551,80.721851700680276,19072692156348,1,7.0946994237601757,6.8318,6.808576,2.1307,14607,0.001024,3.2847359999999997,,0.033791999999999996,0.157696,0,0.13824,0.0076799999999999993,0.011264,,0.0025599999999999998,,1.0698239999999999
11552,80.728328195861678,19072692224666,1,6.476494949311018,6.5794,7.078144,2.3731,14555,0.001024,3.2839679999999998,,0.0384,0.16512,0,0.145152,0.0076799999999999993,0.011264,,0.002304,,1.065216
11553,80.73506490221088,19072692290460,1,6.7367064766585827,6.4602,6.450432,1.9096,14555,0.001024,3.1879679999999997,,0.034048,0.15616,0.000256,0.13644799999999999,0.007936,0.011519999999999999,,0.002304,,1.0662399999999999
11554,80.742027699829933,19072692355062,1,6.9627976045012474,6.817,6.72128,2.0583,14555,0.001024,3.272448,,0.039424,0.153856,0,0.133376,0.007424,0.010496,,0.0025599999999999998,,1.069056
11555,80.749406802721083,19072692423232,1,7.3791029863059521,6.6296,6.93504,2.0797,14555,0.001024,3.191296,,0.039168,0.152832,0,0.13312,0.003584,0.011007999999999999,,0.0025599999999999998,,1.0728959999999998
11556,80.7565292020975,19072692489528,1,7.1223992854356766,7.0241,7.360768,2.3201,14555,0.001024,3.1782399999999997,,0.03968,0.162816,0,0.140544,0.0076799999999999993,0.011264,,0.002304,,1.328128
11557,80.763544798752832,19072692559769,1,7.0155966095626354,6.8964,7.106304,2.2468,14555,0.001024,3.285504,,0.034048,0.15744,0,0.137216,0.007936,0.010752,,0.002304,,1.356288
11558,80.770841298185942,19072692628733,1,7.2964993305504322,7.1723,6.996736,2.1783,14555,0.001024,3.277056,,0.035584,0.16,0,0.140032,0.007424,0.010496,,0.002304,,1.069056
11559,80.778226395975054,19072692700456,1,7.3850979097187519,7.8097,7.099904,2.9608,14555,0.001024,3.1009279999999997,,0.039168,0.161792,0,0.13952,0.007936,0.011776,,0.002304,,1.088768
11560,80.785323696145127,19072692778553,1,7.0973001420497894,7.0638,7.221248,2.1927,14757,0.001024,3.182336,,0.034304,0.15488,0.000256,0.134656,0.005376,0.011776,,0.002304,,1.325312
11561,80.7921961026077,19072692849191,1,6.87240669503808,6.9704,7.072256,2.2098,14555,0.001024,3.2337919999999998,,0.035584,0.16614399999999999,0.000256,0.14464,0.003328,0.011264,,0.0025599999999999998,,1.068544
11562,80.799952898242623,19072692918895,1,7.756795734167099,7.4433,6.849536,1.925,14555,0.001024,3.197952,,0.039936,0.156672,0,0.134656,0.003584,0.010496,,0.0025599999999999998,,1.071616
11563,80.807051799886622,19072692993328,1,7.0989015512168407,6.9198,7.73888,1.9286,14555,0.001024,3.2998399999999997,,0.03968,0.15564799999999998,0,0.1344,0.0048639999999999994,0.011519999999999999,,0.002304,,1.5746559999999998
11564,80.814065901360536,19072693062526,1,7.01410137116909,6.5595,7.081984,2.3236,14750,0.001024,3.296512,,0.035328,0.16025599999999998,0,0.13952,0.007424,0.010496,,0.0025599999999999998,,1.065216
11565,80.821507298752834,19072693128121,1,7.4413972906768322,8.0225,6.982912,2.0731,14555,0.001024,3.296512,,0.035328,0.16025599999999998,0,0.13952,0.007424,0.010496,,0.0025599999999999998,,1.065216
11566,80.8286873015873,19072693208346,1,7.1800029836595058,6.9373,7.417088,1.8272,14555,0.001024,3.273984,,0.03968,0.166656,0.000256,0.145664,0.007424,0.010752,,0.002304,,1.31328
11567,80.835811798469379,19072693277719,1,7.1244970895349979,7.2861,7.168,1.9183,14555,0.001024,3.260928,,0.041728,0.15616,0.000256,0.13516799999999998,0.007424,0.011264,,0.002304,,1.235968
11568,80.842835296201812,19072693350580,1,7.0234979502856731,7.1481,7.104768,1.9329,14555,0.001024,3.295744,,0.039936,0.155392,0,0.134912,0.007936,0.011264,,0.002304,,1.070336
11569,80.850023001700677,19072693422061,1,7.1877054870128632,7.3334,7.006976,1.9633,14555,0.001024,3.17568,,0.03968,0.165632,0.000256,0.144896,0.004608,0.009472,,0.003072,,1.070592
11570,80.856941900510208,19072693495395,1,6.9188987836241722,7.2475,7.162368,2.3914,14555,0.001024,3.233024,,0.039168,0.160768,0,0.140032,0.0076799999999999993,0.012032,,0.002304,,1.32992
11571,80.863993998015872,19072693567870,1,7.0520974695682526,6.8801,6.902272,2.1589,14555,0.001024,3.0899199999999998,,0.035072,0.15744,0,0.135936,0.007936,0.011264,,0.0025599999999999998,,1.331968
11572,80.871442396541951,19072693636671,1,7.4483985081315041,6.8991,7.018752,2.383,14555,0.001024,3.296512,,0.03968,0.15488,0.000256,0.133376,0.003072,0.010496,,0.0025599999999999998,,1.067776
11573,80.878388300736958,19072693705662,1,6.9459043443202972,7.1681,7.42912,2.0725,14555,0.001024,3.185152,,0.03584,0.153856,0,0.13312,0.0076799999999999993,0.010496,,0.002304,,1.4784
11574,80.885401601473916,19072693777343,1,7.0133008994162083,6.9391,6.918912,2.2577,14757,0.001024,3.087872,,0.03456,0.156416,0,0.1344,0.0076799999999999993,0.011519999999999999,,0.0025599999999999998,,1.334272
11575,80.892617602040815,19072693846734,1,7.2160004638135433,7.6197,7.008,2.2173,14555,0.001024,3.289088,,0.03968,0.166656,0,0.14464,0.0076799999999999993,0.011519999999999999,,0.002304,,1.087488
11576,80.899898497732423,19072693922931,1,7.2808954864740372,7.4832,6.96576,2.3641,14555,0.001024,3.2714239999999997,,0.039936,0.152576,0.000256,0.13183999999999998,0.007424,0.010496,,0.002304,,1.087232
11577,80.906915497448978,19072693997763,1,7.0169996470212936,6.7285,7.251712,2.3699,14555,0.0012799999999999999,3.177472,,0.039424,0.156416,0,0.133888,0.003328,0.011776,,0.0025599999999999998,,1.244416
11578,80.914041298185936,19072694065048,1,7.12580094113946,7.13,6.998528,2.3927,14555,0.001024,3.1951359999999998,,0.03456,0.15744,0,0.137216,0.0076799999999999993,0.011007999999999999,,0.002304,,1.3424639999999999
11579,80.9213968962585,19072694136348,1,7.3555982671678066,7.1737,7.099136,2.6575,14555,0.0012799999999999999,3.24096,,0.03968,0.162048,0.000256,0.139264,0.0076799999999999993,0.011519999999999999,,0.0025599999999999998,,1.070592
11580,80.928339399092962,19072694208085,1,6.9425026886165142,7.2674,7.314944,1.8834,14607,0.0012799999999999999,3.1818239999999998,,0.035584,0.158208,0,0.136704,0.0076799999999999993,0.010752,,0.002304,,1.23136
11581,80.935353698979583,19072694280759,1,7.0142997428774834,6.6681,6.93888,2.3016,76915,0.001024,3.177472,,0.033791999999999996,0.161024,0,0.141312,0.007936,0.012032,,0.002304,,1.3340159999999999
11582,80.942505498866211,19072694347440,1,7.1517997421324253,7.55,6.993152,1.9309,14555,0.001024,3.23584,,0.039168,0.158208,0,0.137216,0.004352,0.012032,,0.002304,,1.069312
11583,80.949709601757363,19072694422940,1,7.2041028179228306,6.5805,7.121152,0.8525,14555,0.001024,3.2906239999999998,,0.039168,0.15872,0,0.13849599999999998,0.003328,0.010496,,0.002304,,1.233152
11584,80.957114200680266,19072694488745,1,7.4045988731086254,8.5815,0.0448,2.3591,14555,0.001024,3.172608,,0.033791999999999996,0.157184,0.000256,0.137216,0.007424,0.011007999999999999,,0.002304,,1.351168
11585,80.964086196145118,19072694574560,1,6.97199534624815,6.3944,7.38048,2.5852,14750,0.001024,3.0899199999999998,,0.040704,0.159744,0,0.137216,0.0076799999999999993,0.013824,,0.002816,,1.261568
11586,80.9713952026644,19072694638504,1,7.3090065270662308,7.279,6.951168,2.1721,14555,0.001024,3.294208,,0.035328,0.16127999999999998,0,0.140544,0.010496,0.011264,,0.0025599999999999998,,1.070336
11587,80.978481696428574,19072694711294,1,7.0864935405552387,7.0911,7.278848,2.5474,14555,0.001024,3.195392,,0.03968,0.158208,0,0.137216,0.0076799999999999993,0.011264,,0.003072,,1.36192
11588,80.985422300170072,19072694782205,1,6.9406037218868732,6.9936,7.06816,2.0191,14757,0.001024,3.1644159999999997,,0.034304,0.154112,0.000256,0.132352,0.007936,0.011007999999999999,,0.002304,,1.32864
11589,80.99266799886621,19072694852141,1,7.2456984780728817,7.1885,6.927104,2.3856,14555,0.001024,3.270912,,0.039424,0.15616,0,0.13516799999999998,0.004096,0.011776,,0.002304,,1.070592
11590,81.000170202664393,19072694924026,1,7.5022038072347641,6.7499,7.224832,2.1578,14555,0.001024,3.2704,,0.041984,0.15231999999999998,0,0.13183999999999998,0.0076799999999999993,0.012032,,0.002304,,1.0698239999999999
11591,81.00717930130385,19072694991525,1,7.0090987719595432,7.2588,7.495424,2.1022,14555,0.001024,3.2704,,0.039424,0.15795199999999998,0,0.13644799999999999,0.0076799999999999993,0.011007999999999999,,0.002304,,1.5564799999999999
11592,81.014301197562361,19072695064113,1,7.1218963712453842,6.8159,6.983168,2.3308,14555,0.001024,3.230464,,0.033535999999999996,0.40831999999999996,0,0.14207999999999998,0.0051199999999999996,0.010496,,0.0025599999999999998,,1.3255679999999999
11593,81.021722796201814,19072695132272,1,7.421598769724369,7.5811,7.092992,2.0555,14555,0.001024,3.2750079999999997,,0.03968,0.160768,0,0.139008,0.0076799999999999993,0.011007999999999999,,0.002304,,1.067008
11594,81.028749702380949,19072695208083,1,7.0269061252474785,7.6844,7.400448,2.2723,14555,0.001024,3.234816,,0.038911999999999995,0.162816,0,0.141056,0.008192,0.011007999999999999,,0.002048,,1.4292479999999999
11595,81.035739299886615,19072695284927,1,6.9895973429083824,6.6472,6.991872,2.7866,14555,0.001024,3.227648,,0.034048,0.162816,0,0.141312,0.0076799999999999993,0.010752,,0.0025599999999999998,,1.246464
11596,81.043091099773235,19072695351399,1,7.3517998680472374,8.1009,6.939136,2.2298,14555,0.001024,3.187456,,0.039424,0.16819199999999998,0,0.146944,0.0076799999999999993,0.010752,,0.0025599999999999998,,1.071616
11597,81.050215001417229,19072695432408,1,7.1239015087485313,6.4755,7.37536,2.5043,14555,0.001024,3.269888,,0.035328,0.159744,0,0.13952,0.0076799999999999993,0.010752,,0.0025599999999999998,,1.07008
11598,81.057256001984129,19072695497163,1,7.0410007610917091,6.8802,7.102464,2.0825,14555,0.001024,3.0911999999999997,,0.035328,0.164608,0,0.143616,0.007936,0.011776,,0.002304,,1.5649279999999999
11599,81.064232298752827,19072695565965,1,6.9762966595590115,7.479,7.030784,2.2133,14555,0.001024,3.172352,,0.035328,0.160768,0,0.13977599999999998,0.007424,0.010239999999999999,,0.0025599999999999998,,1.260032
11600,81.071428401360535,19072695640755,1,7.1961027570068836,7.5568,6.94784,1.9519,14555,0.001024,3.24096,,0.039168,0.161792,0,0.14207999999999998,0.008192,0.011264,,0.002304,,1.0680319999999999
11601,81.078450701530613,19072695716323,1,7.0223002694547176,6.7511,7.168256,2.0367,14555,0.001024,3.180544,,0.03968,0.15692799999999998,0.000256,0.136192,0.007936,0.011264,,0.002304,,1.239296
11602,81.085505399659866,19072695783834,1,7.0546981878578663,7.1479,7.0144,1.862,14757,0.001024,3.2816639999999997,,0.034048,0.154368,0,0.133376,0.007936,0.010239999999999999,,0.002816,,1.2334079999999998
11603,81.092049900793654,19072695855313,1,6.5445010550320148,6.4168,7.016192,1.962,14555,0.001024,3.1936,,0.03968,0.157696,0,0.13696,0.0076799999999999993,0.011007999999999999,,0.002304,,1.07008
11604,81.099042899659864,19072695919481,1,6.9929989986121655,7.2447,6.534912,1.9354,14555,0.0012799999999999999,3.272448,,0.034048,0.158464,0,0.13747199999999998,0.0038399999999999997,0.010752,,0.0025599999999999998,,1.070336
11605,81.106176899092972,19072695991928,1,7.1339993737638,6.9512,6.97344,1.9935,14555,0.001024,3.29088,,0.03456,0.159744,0,0.13824,0.007936,0.010496,,0.002304,,1.4361599999999999
11606,81.113249900793647,19072696061440,1,7.0730014704167843,6.3849,7.11552,2.6226,14555,0.001024,3.2865279999999997,,0.034048,0.164608,0,0.14464,0.007936,0.011519999999999999,,0.002304,,1.6232959999999999
11607,81.119789597505672,19072696125289,1,6.5396968275308609,7.4858,7.036672,2.1816,14750,0.001024,3.1728639999999997,,0.039424,0.159488,0.000256,0.13849599999999998,0.007936,0.011776,,0.002304,,1.252864
11608,81.126285898526078,19072696200147,1,6.4963009208440781,7.4988,6.516992,2.0482,14555,0.001024,3.2017919999999997,,0.03456,0.15692799999999998,0.000256,0.135424,0.007936,0.012032,,0.002304,,1.0695679999999999
11609,81.132862599206348,19072696275135,1,6.57670060172677,6.6993,6.472704,1.9662,14607,0.001024,3.206912,,0.034048,0.15795199999999998,0,0.137216,0.005632,0.010752,,0.002304,,1.068544
11610,81.139424900793642,19072696342128,1,6.5623014234006405,6.097,6.558464,2.1728,17551,0.001024,3.2394239999999996,,0.03456,0.159744,0,0.137728,0.0076799999999999993,0.012032,,0.0025599999999999998,,1.0680319999999999
11611,81.145856299603167,19072696403098,1,6.4313989132642746,6.9107,6.489344,2.036,14555,0.001024,3.180288,,0.034048,0.157696,0.000256,0.136704,0.0076799999999999993,0.011264,,0.002304,,1.0698239999999999
11612,81.15238609693877,19072696472205,1,6.5297973342239857,6.394,6.464768,2.2584,14555,0.0012799999999999999,3.190528,,0.034304,0.15462399999999998,0.000256,0.133632,0.007936,0.012032,,0.002304,,1.090816
11613,81.159094501133779,19072696536145,1,6.7084040492773056,6.63,6.50496,1.7692,18001,0.001024,3.233536,,0.034304,0.16512,0,0.145152,0.0076799999999999993,0.011007999999999999,,0.0025599999999999998,,1.067264
11614,81.165596598639453,19072696602445,1,6.5020974725484848,6.235,6.687744,2.0758,14555,0.001024,3.2622079999999998,,0.03456,0.16486399999999998,0,0.142848,0.007936,0.010496,,0.002304,,1.065728
11615,81.172163598356008,19072696664795,1,6.5669999457895756,6.8255,6.471936,1.8278,14555,0.001024,3.182336,,0.034816,0.1664,0.000256,0.145152,0.0076799999999999993,0.011264,,0.002304,,1.068544
11616,81.1786464994331,19072696733050,1,6.4829010516405106,6.3511,6.541824,2.1705,14555,0.001024,3.269888,,0.034304,0.165376,0,0.146176,0.0038399999999999997,0.011007999999999999,,0.002304,,1.067264
11617,81.185202501417237,19072696796561,1,6.5560019575059414,6.4282,6.466816,2.1646,77117,0.001024,3.1777279999999997,,0.034304,0.155136,0.000256,0.133376,0.007936,0.010239999999999999,,0.002304,,1.06752
11618,81.191879095804978,19072696860843,1,6.6765942610800266,6.9118,6.526208,2.1692,14555,0.001024,3.240704,,0.034048,0.15462399999999998,0,0.134912,0.012032,0.011007999999999999,,0.002304,,1.0695679999999999
11619,81.198763102324264,19072696929961,1,6.884006317704916,6.1505,6.662144,0.5521,14555,0.001024,3.2337919999999998,,0.034304,0.1664,0.000256,0.144128,0.007936,0.011519999999999999,,0.002304,,1.0698239999999999
11620,81.205704995748292,19072696991466,1,6.9418936036527157,7.7287,0.045312,2.0637,14555,0.001024,3.180544,,0.034304,0.329472,0,0.144896,0.011007999999999999,0.011007999999999999,,0.002816,,1.070848
11621,81.212213399943309,19072697068753,1,6.5084043890237808,5.4849,6.924032,2.0581,14555,0.0012799999999999999,3.235584,,0.039424,0.16614399999999999,0.000256,0.144128,0.003328,0.010239999999999999,,0.002304,,1.068544
11622,81.218767998866213,19072697123602,1,6.5545989200472832,6.8329,6.488576,2.0618,14555,0.0012799999999999999,3.229952,,0.033791999999999996,0.15795199999999998,0,0.13849599999999998,0.007424,0.011776,,0.0025599999999999998,,1.066752
11623,81.225368601190468,19072697191931,1,6.6006025299429893,6.9345,6.523136,1.9568,14555,0.001024,3.289088,,0.034304,0.154368,0.000256,0.133376,0.003584,0.011519999999999999,,0.0025599999999999998,,1.065216
11624,81.231943402777773,19072697261276,1,6.5748016349971294,6.6284,6.579968,2.0749,14555,0.001024,3.164672,,0.03968,0.164608,0,0.14207999999999998,0.007424,0.011007999999999999,,0.0025599999999999998,,1.0688
11625,81.238459800170062,19072697327560,1,6.5163974650204182,6.7845,6.556672,1.8531,14555,0.001024,3.286016,,0.03456,0.16768,0,0.146944,0.011519999999999999,0.011519999999999999,,0.0025599999999999998,,1.068544
11626,81.2451133999433,19072697395405,1,6.6535999067127705,6.2438,6.500608,1.8336,14555,0.001024,3.192576,,0.034304,0.15488,0.000256,0.13414399999999999,0.0076799999999999993,0.011776,,0.002304,,1.0713599999999999
11627,81.251656696428569,19072697457843,1,6.54329638928175,6.7268,6.619904,1.9579,14555,0.001024,3.19744,,0.039168,0.157696,0,0.136704,0.0076799999999999993,0.011264,,0.002304,,1.0695679999999999
11628,81.258139299886622,19072697525111,1,6.4826034940779209,6.48,6.519552,1.9345,14555,0.001024,3.2460799999999996,,0.03456,0.15923199999999998,0,0.139008,0.004096,0.010239999999999999,,0.002304,,1.0695679999999999
11629,81.264613499149661,19072697589911,1,6.4741992391645908,6.8471,6.473728,2.0024,14555,0.001024,3.18336,,0.034048,0.16588799999999998,0,0.143872,0.0076799999999999993,0.012032,,0.0025599999999999998,,1.069312
11630,81.271123398526072,19072697658382,1,6.5098991617560387,6.5092,6.433792,1.9087,14750,0.001024,3.0942719999999997,,0.03456,0.153856,0,0.133376,0.009472,0.010752,,0.002304,,1.068544
11631,81.27758669926304,19072697723474,1,6.4633009023964405,6.5154,6.489088,2.1185,14555,0.001024,3.2296959999999997,,0.03456,0.1536,0,0.13286399999999998,0.007168,0.010752,,0.0025599999999999998,,1.068544
11632,81.284200297619051,19072697788628,1,6.6135982051491737,6.303,6.441984,1.962,14757,0.001024,3.177984,,0.03456,0.15872,0,0.137984,0.007936,0.010496,,0.002304,,1.067776
11633,81.2907670989229,19072697851658,1,6.5668011084198952,6.5607,6.58688,1.9194,20339,0.001024,3.2816639999999997,,0.03456,0.1664,0.000256,0.14464,0.003328,0.011519999999999999,,0.002304,,1.069056
11634,81.297316999716557,19072697917265,1,6.5499008633196354,6.7257,6.538752,1.9603,14555,0.001024,3.091968,,0.043775999999999995,0.15692799999999998,0.000256,0.134656,0.0076799999999999993,0.010496,,0.002304,,1.065984
11635,81.3039082979025,19072697984522,1,6.5912981517612934,6.2864,6.531328,1.9751,14555,0.001024,3.233536,,0.03456,0.157184,0,0.13696,0.007936,0.011007999999999999,,0.002304,,1.0664959999999999
11636,81.31050119756236,19072698047386,1,6.5928995609283447,7.1515,6.559488,1.9038,14555,0.001024,3.292672,,0.033791999999999996,0.164096,0.000256,0.142336,0.007936,0.011264,,0.002304,,1.067776
