observation_frame,unscaled_time,frame_timing_timestamp,"frame_interval_ms","cpu_frame_ms","gpu_frame_ms","cpu_render_thread_ms","gc_allocated_in_editor_frame_bytes","VSM.LayoutRemap_gpu_ms","VSM.Allocate_gpu_ms","VSM.InvalidateStatic_gpu_ms","VSM.ClearPhysicalPages_gpu_ms","VSM.StaticCasterCull_gpu_ms","VSM.DynamicCasterCull_gpu_ms","VSM.PageCull_gpu_ms","VSM.StaticRaster_gpu_ms","VSM.DynamicRaster_gpu_ms","VSM.UnityCompatibilityRaster_gpu_ms","VSM.FinalizePages_gpu_ms","VSM.ResetFeedback_gpu_ms","VSM.ResolveAndFeedback_gpu_ms"
115,67.308592403628111,0,34.997705370187759,,,,14475,0.001024,,,,0.080639999999999989,0,0.064,0.007424,,,,,1.1079679999999998
116,67.33629730017006,0,27.704896405339241,,,,14677,0.001024,,,,0.080639999999999989,0,0.064,0.007424,,,,,1.1079679999999998
117,67.34591770124716,0,9.6204010769724846,,,,14475,0.001024,,,,0.081664,0,0.063232,0.008192,,,,,1.1013119999999998
118,67.3568077026644,0,10.890001431107521,,,,14475,0.001024,,,,0.082431999999999991,0,0.064,0.007168,,,,,1.1046399999999998
119,67.365980102040808,0,9.172399528324604,,,,14475,0.001024,,,,0.082431999999999991,0,0.064,0.007168,,,,,1.1046399999999998
120,67.374129903628116,0,8.1498017534613609,,,,14475,0.001024,,,,0.078336,0.000256,0.061952,0.0076799999999999993,,,,,1.1031039999999999
121,67.383016404478454,0,8.88650119304657,,,,27636,0.001024,,,,0.07936,0,0.062464,0.007936,,,,,1.098496
122,67.3908380031179,0,7.8215990215539932,,,,14475,0.001024,,,,0.084992,0.000256,0.066816,0.003072,,,,,1.269504
123,67.399740001417229,0,8.9019984006881714,,,,14475,0.001024,,,,0.084992,0.000256,0.066816,0.003072,,,,,1.269504
124,67.423547002551018,0,23.807000368833542,,,,14475,0.001024,,,,0.077568,0,0.061183999999999995,0.007168,,,,,1.104384
125,67.438858602607709,0,15.311599709093571,,,,14942,0.001024,,,,0.076544,0,0.060672,0.0076799999999999993,,,,,1.1046399999999998
126,67.453356703514743,0,14.498100616037846,,,,14475,0.001024,,,,0.080896,0,0.06297599999999999,0.011007999999999999,,,,,1.4056959999999998
127,67.465039902210876,0,11.683198623359203,,,,14527,0.001024,,,,0.08524799999999999,0,0.067071999999999993,0.007424,,,,,1.1072
128,67.47643300028345,0,11.393098160624504,,,,14475,0.001024,,,,0.081664,0.000256,0.064767999999999992,0.007424,,,,,1.1072
129,67.541376006235822,0,64.943008124828339,,,,688421,0.001024,,,,0.080896,0.000256,0.064256,0.007936,,,,,1.1048959999999999
130,67.784778103741488,0,243.40209364891052,,,,1055386,0.0012799999999999999,,,,0.080639999999999989,0,0.064256,0.007424,,,,,1.3696
131,67.809755300453517,0,24.977196007966995,,,,56028,0.0012799999999999999,,,,0.080639999999999989,0,0.064256,0.007424,,,,,1.3696
132,67.8302952026644,0,20.539902150630951,,,,14475,0.001024,,,,0.08576,0.000256,0.067583999999999991,0.0076799999999999993,,,,,1.11616
133,67.835978302154189,0,5.6830993853509426,,,,14475,0.001024,,,,0.080384,0.000256,0.064256,0.007168,,,,,1.111808
134,67.841302905328789,0,5.32460305839777,,,,14475,0.001024,,,,0.081152,0.000256,0.063232,0.0076799999999999993,,,,,1.4860799999999998
135,67.846561805555552,0,5.2589001134037971,,,,14475,0.001024,,,,0.081152,0.000256,0.06272,0.0076799999999999993,,,,,1.126144
136,67.852427600623585,0,5.8657950721681118,,,,14475,0.001024,,,,0.08448,0,0.066304,0.003328,,,,,1.26976
137,67.866665199829924,0,14.237599447369576,,,,14475,0.001024,,,,0.089088,0,0.065536,0.007424,,,,,1.35296
138,67.880993799603175,0,14.328599907457829,,,,14822,0.001024,,,,0.081919999999999993,0,0.063488,0.003072,,,,,1.1064319999999999
139,67.8977281037415,0,16.734303906559944,,,,14475,0.001024,,,,0.081919999999999993,0,0.063488,0.003072,,,,,1.1064319999999999
140,67.903891099773233,0,6.1629959382116795,,,,49617,0.001024,,,,0.082688,0,0.063744,0.004608,,,,,1.104128
141,67.9524996031746,0,48.608504235744476,,,,44811,0.001024,,,,0.080127999999999991,0.000256,0.064,0.012032,,,,,1.107456
142,67.968390901360536,0,15.891298651695251,,,,17024,0.001024,,,,0.082431999999999991,0,0.064,0.003584,,,,,1.100032
143,67.980804499716555,0,12.413598597049713,,,,14677,0.001024,,,,0.082431999999999991,0,0.064,0.003584,,,,,1.100032
144,67.986700304705209,0,5.8958050794899464,,,,14475,0.001024,,,,0.076544,0,0.060416,0.003328,,,,,1.10208
145,67.992111500850342,0,5.4111960344016552,,,,14475,0.001024,,,,0.077311999999999992,0,0.060927999999999996,0.007168,,,,,1.097728
146,67.997348200113379,0,5.2366992458701134,,,,14475,0.001024,,,,0.080896,0,0.063232,0.010496,,,,,1.122304
147,68.002147902494329,0,4.7997022047638893,,,,14475,0.001024,,,,0.082688,0,0.064767999999999992,0.0076799999999999993,,,,,1.106688
148,68.008628500566886,0,6.4805978909134865,,,,14527,0.001024,,,,0.083712,0,0.065279999999999991,0.011776,,,,,1.096704
149,68.0145200042517,0,5.8915037661790848,,,,14475,0.001024,,,,0.080384,0,0.061952,0.007936,,,,,1.122048
150,68.019017304421766,0,4.4973003678023815,,,,14475,0.001024,,,,0.082688,0.000256,0.064256,0.007424,,,,,1.3772799999999998
151,68.023751502267572,0,4.73419763147831,,,,14475,0.001024,,,,0.247552,0,0.22886399999999998,0.007424,,,,,1.097728
152,68.028248405612246,0,4.496903158724308,,,,14475,0.001024,,,,0.080127999999999991,0,0.061695999999999994,0.0076799999999999993,,,,,1.124096
153,68.033020500283442,0,4.7720945440232754,,,,14475,0.001024,,,,0.079872,0,0.061695999999999994,0.003584,,,,,1.101056
154,68.038083503401353,0,5.0630029290914536,,,,14475,0.003584,,,,0.082176,0.000256,0.063744,0.0076799999999999993,,,,,1.106176
155,68.044206101190468,0,6.1225979588925838,,,,14475,0.001024,,,,0.083712,0.000256,0.065279999999999991,0.007168,,,,,1.392128
156,68.04978950538549,0,5.5834040977060795,,,,14475,0.001536,,,,0.08294399999999999,0.000256,0.064767999999999992,0.003328,,,,,1.128448
157,68.05513960459183,0,5.3500994108617306,,,,14475,0.001024,,,,0.080384,0,0.06272,0.0084479999999999989,,,,,1.125888
158,68.059818303571433,0,4.6786991879343987,,,,14475,0.001024,,,,0.08294399999999999,0,0.065024,0.0076799999999999993,,,,,1.120768
159,68.081393105158725,0,21.574800834059715,,,,14677,0.001024,,,,0.083456,0,0.065024,0.003584,,,,,1.122816
160,68.089214299886621,0,7.82119482755661,,,,396500,0.001024,,,,0.082688,0,0.065024,0.0076799999999999993,,,,,1.10848
161,68.130997200963719,0,41.78290069103241,,,,14595,0.001024,,,,0.078848,0,0.062208,0.0076799999999999993,,,,,1.110016
162,68.138906299603178,0,7.9090986400842667,,,,14475,0.001024,,,,0.0832,0,0.065024,0.0076799999999999993,,,,,1.1130879999999999
163,68.145115603741488,0,6.2093040905892849,,,,14475,0.001024,,,,0.085504,0,0.067071999999999993,0.003328,,,,,1.1328
164,68.1750792020975,0,29.963597655296326,,,,14475,0.001024,,,,0.081152,0,0.063232,0.003328,,,,,1.3808639999999999
165,68.181455505952371,0,6.3763037323951721,,,,14677,0.001024,,,,0.082688,0,0.064256,0.003328,,,,,1.391616
166,68.1869755031179,0,5.5199973285198212,,,,14475,0.001024,,,,0.081152,0,0.064256,0.0076799999999999993,,,,,1.127936
167,68.191517800453511,0,4.5422972179949284,,,,14475,0.001024,,,,0.07936,0,0.061439999999999995,0.008192,,,,,1.1082239999999999
168,68.221504903628116,0,29.987102374434471,,,,14527,0.001024,,,,0.08294399999999999,0,0.064767999999999992,0.003584,,,,,1.100032
169,68.238907100340128,0,17.402196303009987,,,,14475,0.001024,,,,0.082688,0,0.064512,0.010752,,,,,1.12384
170,68.244786600056685,0,5.8794994838535786,,,,14475,0.001024,,,,0.0832,0,0.065024,0.007424,,,,,1.1230719999999998
171,68.259457603458046,0,14.671003445982933,,,,14475,0.001024,,,,0.08294399999999999,0,0.064256,0.005376,,,,,1.115904
172,68.26454680413832,0,5.0892005674541,,,,14475,0.001024,,,,0.081919999999999993,0.000256,0.063744,0.007424,,,,,1.3621759999999998
173,68.269756299603173,0,5.2094953134655952,,,,14475,0.001024,,,,0.078336,0,0.06016,0.0076799999999999993,,,,,1.127936
174,68.275748703231287,0,5.992403719574213,,,,14475,0.001024,,,,0.085504,0,0.067071999999999993,0.007424,,,,,1.126912
175,68.280575205498863,0,4.8265024088323116,,,,14677,0.001024,,,,0.082431999999999991,0,0.064256,0.009472,,,,,1.13024
176,68.285293799603167,0,4.7185942530632019,,,,14595,0.001024,,,,0.083456,0.000256,0.064767999999999992,0.0076799999999999993,,,,,1.132544
177,68.302394104308391,0,17.100304365158081,,,,14475,0.0012799999999999999,,,,0.081664,0,0.063488,0.0076799999999999993,,,,,1.105152
178,68.307385600907025,0,4.9914964474737644,,,,14475,0.001024,,,,0.30848,0,0.062208,0.007424,,,,,1.101824
179,68.313006802721091,0,5.6212018243968487,,,,20917,0.001024,,,,0.07936,0,0.06272,0.0076799999999999993,,,,,1.108736
180,68.318100701530611,0,5.0938986241817474,,,,14475,0.001024,,,,0.081152,0,0.062464,0.0076799999999999993,,,,,1.125888
181,68.323269699546486,0,5.1689981482923031,,,,14475,0.001024,,,,0.083712,0,0.065024,0.0076799999999999993,,,,,1.12512
182,68.328713506235829,0,5.4438067600131035,,,,14475,0.001024,,,,0.083712,0,0.066304,0.0076799999999999993,,,,,1.105152
183,68.3373125,0,8.5989935323596,,,,14475,0.001024,,,,0.081919999999999993,0,0.063744,0.003584,,,,,1.6268799999999999
184,68.342915702947849,0,5.60320308431983,,,,14475,0.001024,,,,0.0832,0,0.064767999999999992,0.009984,,,,,1.110528
185,68.356421102607712,0,13.505399227142334,,,,14475,0.001024,,,,0.081919999999999993,0,0.063744,0.003584,,,,,1.108992
186,68.360898504818593,0,4.4774021953344345,,,,14475,0.001024,,,,0.081408,0,0.06297599999999999,0.006144,,,,,1.102848
187,68.365775403911556,0,4.876899067312479,,,,14475,0.001024,,,,0.080127999999999991,0,0.063744,0.008192,,,,,1.107712
188,68.370572902494331,0,4.7974986955523491,,,,14677,0.001024,,,,0.0832,0,0.064512,0.003584,,,,,1.37344
189,68.388086401643989,0,17.513498663902283,,,,14475,0.001024,,,,0.0832,0,0.064512,0.003584,,,,,1.37344
190,68.394198604024936,0,6.1122025363147259,,,,14475,0.001024,,,,0.080384,0,0.061952,0.004352,,,,,1.107712
191,68.400600403911568,0,6.4018000848591328,,,,14475,0.001024,,,,0.080384,0,0.063744,0.0076799999999999993,,,,,1.1263999999999998
192,68.406068303571431,0,5.4678996093571186,,,,14475,0.001024,,,,0.084224,0,0.065792,0.0076799999999999993,,,,,1.129216
193,68.422466099773246,0,16.39779657125473,,,,14527,0.001024,,,,0.083712,0,0.065024,0.003584,,,,,1.125376
194,68.431311104024942,0,8.8450042530894279,,,,14475,0.001024,,,,0.081664,0,0.064512,0.003584,,,,,1.106176
195,68.447748604024937,0,16.437500715255737,,,,14595,0.001024,,,,0.07808,0,0.061695999999999994,0.003584,,,,,1.131776
196,68.467085204081627,0,19.336599856615067,,,,14475,0.001024,,,,0.082688,0,0.064767999999999992,0.007424,,,,,1.103616
197,68.472481405895692,0,5.396201740950346,,,,14475,0.0012799999999999999,,,,0.083968,0,0.065024,0.003328,,,,,1.10592
198,68.4779382015306,0,5.4567954502999783,,,,14475,0.001024,,,,0.078848,0,0.062464,0.007424,,,,,1.102848
199,68.482722101757361,0,4.7839004546403885,,,,14677,0.001024,,,,0.080639999999999989,0,0.064256,0.0076799999999999993,,,,,1.13024
200,68.48937870606575,0,6.65660435333848,,,,14475,0.001024,,,,0.08448,0,0.066048,0.003328,,,,,1.1048959999999999
201,68.496051403061216,0,6.6726971417665482,,,,32295,0.001024,,,,0.083456,0.000256,0.065536,0.007424,,,,,1.132288
202,68.657898100907033,0,161.84669733047485,,,,83966,0.001024,,,,0.083456,0.000256,0.065536,0.007424,,,,,1.132288
203,68.668479003684809,0,10.580902919173241,,,,14647,0.001024,,,,0.085504,0,0.067328,0.007424,,,,,1.104128
204,68.676277699829924,0,7.7986959367990494,,,,14822,0.001024,,,,0.079872,0,0.063488,0.003072,,,,,1.108736
205,68.692624603174608,0,16.346903517842293,,,,14475,0.0012799999999999999,,,,0.080384,0,0.064,0.007424,,,,,1.0997759999999999
206,68.6981214994331,0,5.4968963377177715,,,,14475,0.0012799999999999999,,,,0.082176,0,0.065536,0.007424,,,,,1.102592
207,68.703994600340138,0,5.8731008321046829,,,,14475,0.001024,,,,0.084224,0,0.065792,0.007424,,,,,1.125632
208,68.709428202947848,0,5.433602724224329,,,,14475,0.001024,,,,0.084224,0,0.065792,0.007424,,,,,1.125632
209,68.721419905045352,0,11.991702020168304,,,,14475,0.001024,,,,0.083456,0.000256,0.065024,0.003584,,,,,1.122816
210,68.727234800170066,0,5.8148950338363647,,,,14475,0.001024,,,,0.08448,0.000256,0.066816,0.007424,,,,,1.12384
211,68.73479630102041,0,7.5615006498992443,,,,14475,0.001024,,,,0.081152,0.000256,0.063744,0.008192,,,,,1.1233279999999999
212,68.752174000850331,0,17.377700656652451,,,,14475,0.001024,,,,0.080639999999999989,0,0.064512,0.003328,,,,,1.45152
213,68.765427104591836,0,13.253103941679,,,,14475,0.001024,,,,0.080639999999999989,0,0.064512,0.003328,,,,,1.45152
214,68.770599900793641,0,5.172796081751585,,,,14475,0.001024,,,,0.081919999999999993,0.000256,0.064767999999999992,0.004096,,,,,1.130496
215,68.805420103458047,0,34.820202738046646,,,,14825,0.0012799999999999999,,,,0.085504,0,0.067583999999999991,0.003584,,,,,1.105664
216,68.81499780328798,0,9.5776999369263649,,,,20917,0.001024,,,,0.082688,0,0.064512,0.007424,,,,,1.1097599999999999
217,68.850387606292514,0,35.389803349971771,,,,14595,0.001024,,,,0.081919999999999993,0,0.065536,0.007424,,,,,1.1046399999999998
218,68.86115840419501,0,10.770797729492188,,,,14475,0.001024,,,,0.078848,0,0.06297599999999999,0.003328,,,,,1.10208
219,68.869391801303848,0,8.2333972677588463,,,,14527,0.001024,,,,0.081152,0,0.06272,0.003584,,,,,1.1072
220,68.88461070011337,0,15.21889865398407,,,,26407,0.001024,,,,0.083968,0,0.065536,0.003328,,,,,1.104384
221,68.891007305839,0,6.3966056331992149,,,,14475,0.001024,,,,0.080639999999999989,0,0.064512,0.0076799999999999993,,,,,1.11872
222,68.898856200396821,0,7.8488942235708237,,,,14475,0.0012799999999999999,,,,0.082688,0,0.064512,0.004096,,,,,1.1079679999999998
223,68.905473504818588,0,6.617304403334856,,,,14475,0.001024,,,,0.088576,0.000256,0.06912,0.007424,,,,,1.302784
224,68.913530002834463,0,8.0564981326460838,,,,14475,0.001024,,,,0.078848,0,0.06016,0.004352,,,,,1.113856
225,68.920008304988656,0,6.4783021807670593,,,,14475,0.001024,,,,0.078848,0,0.06016,0.004352,,,,,1.113856
226,68.925114703798187,0,5.1063988357782364,,,,14475,0.001024,,,,0.079615999999999992,0,0.06297599999999999,0.005376,,,,,1.098752
227,68.930780399659866,0,5.6656957603991032,,,,14475,0.001024,,,,0.081664,0,0.064,0.0076799999999999993,,,,,1.129472
228,68.946004903628122,0,15.22450428456068,,,,14475,0.001024,,,,0.081408,0,0.063488,0.006144,,,,,1.1266559999999999
229,68.9510492063492,0,5.0443029031157494,,,,14475,0.001024,,,,0.082431999999999991,0.000256,0.064256,0.003584,,,,,1.130752
230,68.955985501700681,0,4.9362955614924431,,,,14475,0.001024,,,,0.082431999999999991,0.000256,0.064256,0.003584,,,,,1.130752
231,69.103352402210888,0,147.36689627170563,,,,47125,0.001024,,,,0.081408,0.000256,0.063232,0.003328,,,,,1.10848
232,69.1338371031746,0,30.484700575470924,,,,17196,0.001024,,,,0.07808,0,0.061695999999999994,0.003328,,,,,1.099008
233,69.139647902494332,0,5.8107995428144932,,,,14475,0.001024,,,,0.07808,0,0.061695999999999994,0.003328,,,,,1.099008
234,69.150954705215412,0,11.306802742183208,,,,14475,0.001024,,,,0.082688,0,0.066048,0.009472,,,,,1.104128
235,69.15776820436507,0,6.8134991452097893,,,,14475,0.001024,,,,0.081919999999999993,0,0.064,0.003328,,,,,1.107712
236,69.163569401927433,0,5.8011976070702076,,,,14475,0.001024,,,,0.08448,0,0.066304,0.005632,,,,,1.105408
237,69.169150403911559,0,5.5810022167861462,,,,14475,0.001024,,,,0.081408,0,0.062464,0.0076799999999999993,,,,,1.376512
238,69.175169104308381,0,6.0187005437910557,,,,14475,0.001024,,,,0.081408,0,0.062464,0.0076799999999999993,,,,,1.376512
239,69.181781604308384,0,6.6125001758337021,,,,14677,0.001024,,,,0.081664,0,0.063744,0.012032,,,,,1.541632
240,69.186124000850342,0,4.3423967435956,,,,14475,0.001024,,,,0.086784,0.000256,0.068608,0.003072,,,,,1.27744
241,69.191401403061221,0,5.2774022333323956,,,,14475,0.0012799999999999999,,,,0.081919999999999993,0,0.064512,0.006912,,,,,1.12128
242,69.196067701247159,0,4.6662981621921062,,,,14475,0.001024,,,,0.082688,0,0.064,0.005888,,,,,1.1266559999999999
243,69.200407405045354,0,4.3397038243710995,,,,14475,0.001024,,,,0.082431999999999991,0,0.063744,0.008192,,,,,1.10336
244,69.254940001417225,0,54.532594978809357,,,,14475,0.001024,,,,0.082431999999999991,0,0.063744,0.008192,,,,,1.10336
245,69.26133850623583,0,6.3985045999288559,,,,14475,0.0012799999999999999,,,,0.082176,0,0.063744,0.010752,,,,,1.122816
246,69.266655902777771,0,5.3173964843153954,,,,58318,0.001024,,,,0.086272,0,0.068096,0.0076799999999999993,,,,,1.110272
247,69.292818402777769,0,26.162499561905861,,,,46290,0.001024,,,,0.086784,0,0.068352,0.003072,,,,,1.108992
248,69.30463570011338,0,11.817296966910362,,,,14475,0.001024,,,,0.081152,0,0.065279999999999991,0.0051199999999999996,,,,,1.1008
249,69.3128880031179,0,8.25230311602354,,,,14475,0.001024,,,,0.081152,0,0.065279999999999991,0.003328,,,,,1.103872
250,69.320180002834462,0,7.2919996455311775,,,,20917,0.001024,,,,0.081152,0,0.065279999999999991,0.003328,,,,,1.103872
251,69.358111104024943,0,37.931099534034729,,,,14527,0.001024,,,,0.0832,0.000256,0.064767999999999992,0.003584,,,,,1.1048959999999999
252,69.3719608064059,0,13.849702663719654,,,,50496,0.001024,,,,0.082176,0,0.065536,0.011007999999999999,,,,,1.102848
253,69.6770404053288,0,305.07960915565491,,,,41271,0.001024,,,,0.082176,0,0.065536,0.011007999999999999,,,,,1.102848
254,69.6835838010204,0,6.5433955751359463,,,,14677,0.0012799999999999999,,,,0.080384,0,0.063744,0.003328,,,,,1.101056
255,69.689713903061218,0,6.1301020905375481,,,,14475,0.001024,,,,0.078336,0,0.061695999999999994,0.007424,,,,,1.36448
256,69.69636660289116,0,6.6526997834444046,,,,14475,0.001024,,,,0.085504,0,0.067328,0.0038399999999999997,,,,,1.101056
257,69.701563704648521,0,5.1971017383039,,,,14475,0.001024,,,,0.085504,0,0.066816,0.007424,,,,,1.3959679999999999
258,69.706319104308392,0,4.7553996555507183,,,,14475,0.001024,,,,0.084224,0.000256,0.065792,0.003584,,,,,1.2787199999999999
259,69.711612804705211,0,5.2937003783881664,,,,14475,0.001024,,,,0.080896,0.000256,0.06272,0.0038399999999999997,,,,,1.3696
260,69.717444104308385,0,5.8312998153269291,,,,14475,0.001024,,,,0.082688,0,0.064512,0.0076799999999999993,,,,,1.1097599999999999
261,69.7227535005669,0,5.3093964233994484,,,,14475,0.001024,,,,0.084224,0,0.066048,0.0076799999999999993,,,,,1.371648
262,69.728131505102041,0,5.3780046291649342,,,,14475,0.001024,,,,0.084224,0,0.066048,0.0076799999999999993,,,,,1.371648
263,69.733988003117915,0,5.8564981445670128,,,,14475,0.001024,,,,0.083968,0.000256,0.065536,0.0084479999999999989,,,,,1.12512
264,69.739657199546485,0,5.6691966019570827,,,,14475,0.001024,,,,0.083712,0,0.065536,0.0076799999999999993,,,,,1.127168
265,69.765626700680272,0,25.969501584768295,,,,387101,0.0038399999999999997,,,,0.081919999999999993,0.000256,0.063488,0.0038399999999999997,,,,,1.128704
266,69.8444992063492,0,78.872509300708771,,,,607796,0.001024,,,,0.079872,0,0.061183999999999995,0.0076799999999999993,,,,,1.106176
267,69.90598560090703,0,61.486393213272095,,,,266469,0.001024,,,,0.079872,0,0.061183999999999995,0.0076799999999999993,,,,,1.106176
268,69.918293105158725,0,12.307504191994667,,,,49617,0.001024,,,,0.077568,0.000256,0.06016,0.010752,,,,,1.101824
269,69.94034379960317,0,22.05069363117218,,,,44030,0.001024,,,,0.0832,0,0.065792,0.009216,,,,,1.1015679999999999
270,69.951914703798181,0,11.570904403924942,,,,15119,0.001024,,,,0.080896,0,0.063488,0.0076799999999999993,,,,,1.121024
271,69.967503401360545,0,15.588697977364063,,,,14475,0.001024,,,,0.080896,0,0.063488,0.0076799999999999993,,,,,1.121024
272,69.9745994047619,0,7.0960032753646374,,,,20605,0.001024,,,,0.080384,0.000256,0.064,0.00896,,,,,1.09952
273,70.008327806122452,0,33.728402107954025,,,,14595,0.001024,,,,0.080384,0.000256,0.064,0.00896,,,,,1.09952
274,70.012545804988662,0,4.217999055981636,,,,20548,0.001024,,,,0.078848,0,0.062208,0.003584,,,,,1.102592
275,70.0176827026644,0,5.1368977874517441,,,,14475,0.001024,,,,0.078848,0,0.061695999999999994,0.003328,,,,,1.102592
276,70.033492106009064,0,15.809403732419014,,,,14475,0.001024,,,,0.084735999999999992,0,0.066816,0.003328,,,,,1.1315199999999999
277,70.039041999716545,0,5.5498937144875526,,,,14475,0.001024,,,,0.087551999999999991,0,0.06912,0.003072,,,,,1.102336
278,70.044379102891156,0,5.3371032699942589,,,,14475,0.001024,,,,0.08294399999999999,0.000256,0.065024,0.003584,,,,,1.435392
279,70.050236302437639,0,5.8571994304656982,,,,20404,0.001024,,,,0.084735999999999992,0,0.066304,0.003584,,,,,1.107712
280,70.056108304988655,0,5.872002337127924,,,,14475,0.001024,,,,0.086272,0.000256,0.068096,0.003072,,,,,1.131008
281,70.061512003968247,0,5.4036988876760006,,,,14475,0.001024,,,,0.084735999999999992,0,0.066304,0.003328,,,,,1.129216
282,70.067025701530611,0,5.5136973969638348,,,,43711,0.001024,,,,0.083456,0,0.065024,0.0038399999999999997,,,,,1.106688
283,70.07196070011338,0,4.934998694807291,,,,14475,0.001024,,,,0.23116799999999998,0.000256,0.21273599999999998,0.003328,,,,,1.3872639999999998
284,70.07670010629252,0,4.7394060529768467,,,,28333,0.001024,,,,0.081408,0.000256,0.06272,0.006912,,,,,1.1315199999999999
285,70.0821417020975,0,5.4415958002209663,,,,27172,0.001024,,,,0.083712,0.000256,0.065792,0.003328,,,,,1.103872
286,70.086807100340138,0,4.66539803892374,,,,34028,0.0012799999999999999,,,,0.081408,0.000256,0.06272,0.010496,,,,,1.103616
287,70.134450602324264,0,47.643501311540604,,,,24276,0.001024,,,,0.083712,0,0.065279999999999991,0.003584,,,,,1.10208
288,70.145853904478457,0,11.403301730751991,,,,14475,0.001024,,,,0.083712,0,0.065279999999999991,0.003584,,,,,1.10208
289,70.150826006235832,0,4.9721016548573971,,,,14475,0.0012799999999999999,,,,0.07936,0,0.06297599999999999,0.003584,,,,,1.106176
290,70.156045804988665,0,5.2197985351085663,,,,14822,0.001024,,,,0.084224,0,0.066304,0.009984,,,,,1.104384
291,70.2417579010771,0,85.712097585201263,,,,266537,0.001024,,,,0.08806399999999999,0.000256,0.069376,0.003072,,,,,1.106176
292,70.2855906037415,0,43.832704424858093,,,,14677,0.0048639999999999994,,,,0.087808,0.000256,0.06912,0.0076799999999999993,,,,,1.104384
293,70.299108900226756,0,13.518296182155609,,,,14475,0.001024,,,,0.087551999999999991,0.000256,0.06912,0.007424,,,,,1.10592
294,70.3156035005669,0,16.494600102305412,,,,14527,0.001024,,,,0.083968,0.000256,0.065536,0.003328,,,,,1.39136
295,70.3325669005102,0,16.963399946689606,,,,17921,0.001024,,,,0.083968,0.000256,0.065536,0.003328,,,,,1.39136
296,70.338394805839,0,5.8279051445424557,,,,14475,0.003584,,,,0.087296,0,0.068096,0.0076799999999999993,,,,,1.106688
297,70.343705704365078,0,5.3108986467123032,,,,17471,0.001024,,,,0.078336,0.000256,0.061439999999999995,0.0076799999999999993,,,,,1.112832
298,70.348672704081636,0,4.9669998697936535,,,,14475,0.001024,,,,0.079615999999999992,0,0.06272,0.007424,,,,,1.115648
299,70.354371301020407,0,5.6985970586538315,,,,14475,0.001024,,,,0.08448,0.000256,0.066304,0.0076799999999999993,,,,,1.341952
300,70.359136104024941,0,4.7648032195866108,,,,14475,0.001024,,,,0.082431999999999991,0,0.064,0.003584,,,,,1.120256
301,70.363959800170065,0,4.8236963339149952,,,,14475,0.001024,,,,0.086272,0.000256,0.068352,0.003328,,,,,1.108992
302,70.369071704931969,0,5.1119048148393631,,,,14475,0.001024,,,,0.08448,0,0.066048,0.0076799999999999993,,,,,1.108736
303,70.3742985048186,0,5.2267997525632381,,,,14475,0.001024,,,,0.083712,0,0.065024,0.008704,,,,,1.10592
304,70.3791873015873,0,4.8887967132031918,,,,14475,0.001024,,,,0.082176,0,0.063488,0.003328,,,,,1.300992
305,70.384327203798179,0,5.1399022340774536,,,,28799,0.001024,,,,0.079872,0,0.061439999999999995,0.0038399999999999997,,,,,1.2938239999999999
306,70.3901008999433,0,5.7736961171031,,,,14475,0.001024,,,,0.082431999999999991,0,0.064512,0.003328,,,,,1.369856
307,70.395021003401354,0,4.9201035872101784,,,,14595,0.001024,,,,0.083456,0.000256,0.065536,0.0038399999999999997,,,,,1.3941759999999999
308,70.399780201247168,0,4.7591980546712875,,,,14475,0.001024,,,,0.080639999999999989,0,0.06272,0.007424,,,,,1.355264
309,70.404883701814057,0,5.103500559926033,,,,14475,0.001024,,,,0.082431999999999991,0,0.063488,0.007424,,,,,1.1079679999999998
310,70.4231378047052,0,18.254103139042854,,,,394505,0.001024,,,,0.082431999999999991,0,0.063488,0.007424,,,,,1.1079679999999998
311,70.434880201247168,0,11.742396280169487,,,,14475,0.001024,,,,0.082688,0.000256,0.063744,0.006144,,,,,1.105664
312,70.440460905612241,0,5.5807041935622692,,,,14475,0.000768,,,,0.078848,0,0.062464,0.003328,,,,,1.1046399999999998
313,70.4461207057823,0,5.6598000228405,,,,14475,0.001024,,,,0.08294399999999999,0.000256,0.065024,0.008192,,,,,1.428224
314,70.452601601473916,0,6.4808959141373634,,,,14475,0.001024,,,,0.08294399999999999,0.000256,0.065024,0.008192,,,,,1.428224
315,70.458395301870752,0,5.793700460344553,,,,14475,0.001024,,,,0.082431999999999991,0,0.064512,0.007936,,,,,1.2787199999999999
316,70.46346620606576,0,5.0709042698144913,,,,14475,0.001024,,,,0.083456,0,0.065024,0.0063999999999999994,,,,,1.377792
317,70.468497101757364,0,5.0308955833315849,,,,14475,0.005376,,,,0.082176,0,0.064,0.004352,,,,,1.274624
318,70.473508900226761,0,5.0117983482778072,,,,14620,0.001024,,,,0.083968,0.000256,0.065536,0.007424,,,,,1.3990399999999998
319,70.485206505102042,0,11.69760525226593,,,,14677,0.001024,,,,0.082688,0,0.063744,0.007936,,,,,1.34528
320,70.49148080357142,0,6.2742982991039753,,,,14475,0.001024,,,,0.082688,0,0.063744,0.007936,,,,,1.34528
321,70.500647803287976,0,9.1669997200369835,,,,14475,0.0012799999999999999,,,,0.082431999999999991,0,0.064,0.003328,,,,,1.40672
322,70.505842403628108,0,5.1946002058684826,,,,14475,0.001024,,,,0.083712,0,0.065279999999999991,0.0076799999999999993,,,,,1.3621759999999998
323,70.519489200680269,0,13.646797277033329,,,,14475,0.001024,,,,0.080896,0,0.063744,0.0076799999999999993,,,,,1.14304
324,70.5255367063492,0,6.0475058853626251,,,,14475,0.001024,,,,0.08294399999999999,0,0.064256,0.007168,,,,,1.3724159999999999
325,70.531603004535143,0,6.0662981122732162,,,,14475,0.001024,,,,0.080127999999999991,0.000256,0.06272,0.0076799999999999993,,,,,1.128704
326,70.5360858064059,0,4.4828020036220551,,,,14475,0.001024,,,,0.080896,0.000256,0.063232,0.003584,,,,,1.105664
327,70.596498802437637,0,60.412995517253876,,,,1181695780,0.001024,,,,0.082431999999999991,0,0.064767999999999992,0.0076799999999999993,,,,,1.106176
328,70.625995500283437,0,29.496697708964348,,,,16319,0.001024,,,,0.081408,0,0.063232,0.0076799999999999993,,,,,1.106688
329,70.639603302154185,0,13.607801869511604,,,,14475,0.001024,,,,0.081408,0,0.063232,0.0076799999999999993,,,,,1.106688
330,70.653360402494329,0,13.757100328803062,,,,14475,0.001024,,,,0.0832,0,0.067071999999999993,0.007424,,,,,1.1048959999999999
331,70.665162705498858,0,11.802302673459053,,,,590844191,0.001024,,,,0.0832,0,0.067071999999999993,0.007424,,,,,1.1048959999999999
332,70.759918501984117,0,94.755798578262329,,,,14647,0.001024,,,,0.079615999999999992,0,0.063232,0.0076799999999999993,,,,,1.10336
333,70.76643129960317,0,6.512797437608242,,,,14475,0.001024,,,,0.078592,0.000256,0.062208,0.003328,,,,,1.102336
334,70.77338100198412,0,6.9497022777795792,,,,14475,0.001024,,,,0.078592,0.000256,0.062208,0.003328,,,,,1.102336
335,70.778972704081625,0,5.5917021818459034,,,,14475,0.001024,,,,0.087551999999999991,0.000256,0.06912,0.003328,,,,,1.103616
336,70.7835779053288,0,4.6052010729908943,,,,26851,0.001024,,,,0.083968,0,0.065792,0.0076799999999999993,,,,,1.118976
337,70.7889205994898,0,5.3426939994096756,,,,15624,0.001024,,,,0.084735999999999992,0,0.066048,0.003328,,,,,1.100288
338,70.801944005102044,0,13.023405335843563,,,,63227,0,,,,0,0,0,0,,,,,0
339,70.80827310090703,0,6.3290959224104881,,,,24959,0.001024,,,,0.07936,0,0.061183999999999995,0.0076799999999999993,,,,,1.100032
340,70.815584204931966,0,7.3111038655042648,,,,14475,0.001024,,,,0.083968,0.000256,0.066304,0.003584,,,,,1.1348479999999999
341,70.854288903061217,0,38.704697042703629,,,,20917,0.001024,,,,0.08448,0,0.066048,0.007168,,,,,1.108992
342,70.86186810515872,0,7.5792022980749607,,,,14475,0.001024,,,,0.08576,0,0.06656,0.0076799999999999993,,,,,1.604608
343,70.86875830498866,0,6.8901996128261089,,,,14475,0.001024,,,,0.08294399999999999,0.000256,0.064767999999999992,0.0076799999999999993,,,,,1.121792
344,70.874900503117914,0,6.1421981081366539,,,,23719,0.001024,,,,0.08294399999999999,0.000256,0.064767999999999992,0.0076799999999999993,,,,,1.121792
345,70.8821540036848,0,7.2535006329417229,,,,14822,0.001024,,,,0.08448,0.000256,0.065792,0.003328,,,,,1.396992
346,70.888013300736958,0,5.85929723456502,,,,14475,0.001024,,,,0.080384,0,0.061952,0.006656,,,,,1.3790719999999999
347,70.893517899659855,0,5.5045988410711288,,,,26575,0.0012799999999999999,,,,0.08524799999999999,0.000256,0.066816,0.006656,,,,,1.416192
348,70.901397902494324,0,7.8800031915307045,,,,14475,0.001024,,,,0.08524799999999999,0,0.066816,0.0076799999999999993,,,,,1.12896
349,70.907455605158731,0,6.0577024705708027,,,,14475,0.001024,,,,0.086016,0,0.067583999999999991,0.0076799999999999993,,,,,1.117696
350,70.91267970521541,0,5.2240998484194279,,,,14595,0.001024,,,,0.08576,0,0.067328,0.011007999999999999,,,,,1.126144
351,70.917625701530611,0,4.9459962174296379,,,,14475,0.001024,,,,0.081919999999999993,0.000256,0.063232,0.007936,,,,,1.13408
352,70.9225869047619,0,4.9612033180892467,,,,14475,0.001024,,,,0.08294399999999999,0,0.064256,0.0063999999999999994,,,,,1.111808
353,70.927466404478452,0,4.8794997856020927,,,,14475,0.001024,,,,0.083968,0,0.065279999999999991,0.009216,,,,,1.102848
354,70.937694805839,0,10.228401049971581,,,,23719,0.0012799999999999999,,,,0.082688,0,0.064512,0.004352,,,,,1.129472
355,70.9475452026644,0,9.8503967747092247,,,,14475,0.001024,,,,0.07782399999999999,0.000256,0.06016,0.0038399999999999997,,,,,1.1072
356,70.959867701247163,0,12.322498485445976,,,,14527,0.001024,,,,0.081152,0,0.064,0.003072,,,,,1.109504
357,70.973326502267568,0,13.458801433444023,,,,14475,0.001024,,,,0.082688,0,0.064512,0.0076799999999999993,,,,,1.417216
358,70.9820913052721,0,8.764803409576416,,,,14677,0.001024,,,,0.08294399999999999,0,0.064256,0.007424,,,,,1.10208
359,70.989179301303849,0,7.0879962295293808,,,,14475,0.001024,,,,0.08294399999999999,0,0.064256,0.007424,,,,,1.10208
360,70.995314299886616,0,6.1349985189735889,,,,14475,0.001024,,,,0.07936,0,0.062208,0.004352,,,,,1.127424
361,71.000824503968246,0,5.5102040059864521,,,,590843841,0.001024,,,,0.080384,0.000256,0.06272,0.007424,,,,,1.391616
362,71.046431604308381,0,45.607101172208786,,,,14475,0.0012799999999999999,,,,0.082688,0.000256,0.064,0.007936,,,,,1.364736
363,71.057462202380947,0,11.030597612261772,,,,14475,0.001024,,,,0.07936,0,0.06272,0.007936,,,,,1.106688
364,71.076804804421769,0,19.342601299285889,,,,14797,0.001024,,,,0.07936,0,0.06272,0.007936,,,,,1.106688
365,71.102704804421762,0,25.900000706315041,,,,14475,0.0012799999999999999,,,,0.079615999999999992,0.000256,0.06297599999999999,0.009472,,,,,1.108736
366,71.114771804138314,0,12.066999450325966,,,,32046,0.0012799999999999999,,,,0.087296,0,0.067583999999999991,0.006656,,,,,1.101824
367,71.13686260629251,0,22.09080196917057,,,,28894,0.001024,,,,0.084224,0.000256,0.065792,0.009472,,,,,1.105152
368,71.147832199546485,0,10.969593189656734,,,,17024,0.001024,,,,0.084224,0.000256,0.065792,0.009472,,,,,1.105152
369,71.156281200396819,0,8.4490012377500534,,,,14475,0.0012799999999999999,,,,0.078848,0.000256,0.062464,0.005632,,,,,1.109504
370,71.1641415036848,0,7.8603029251098633,,,,14527,0.001024,,,,0.082431999999999991,0.000256,0.065792,0.007168,,,,,1.113856
371,71.172217205215418,0,8.07570107281208,,,,14475,0.001024,,,,0.080639999999999989,0,0.064,0.0076799999999999993,,,,,1.108736
372,71.180601006235818,0,8.383801206946373,,,,14475,0.001024,,,,0.081664,0,0.065024,0.003072,,,,,1.1112959999999998
373,71.19019340277778,0,9.5923962071537971,,,,14677,0.001024,,,,0.079104,0.000256,0.060672,0.003072,,,,,1.4410239999999999
374,71.1991079010771,0,8.91449861228466,,,,14475,0.001024,,,,0.079104,0.000256,0.060672,0.003072,,,,,1.4410239999999999
375,71.2106123015873,0,11.5044005215168,,,,14475,0.001024,,,,0.080384,0.000256,0.063232,0.007424,,,,,1.10848
376,71.219859304138325,0,9.2470021918416023,,,,14475,0.001024,,,,0.08832,0,0.069632,0.0076799999999999993,,,,,1.3655039999999998
377,71.228071605725617,0,8.2123018801212311,,,,14595,0.001024,,,,0.080127999999999991,0.000256,0.063232,0.004352,,,,,1.282816
378,71.236485204081632,0,8.41359794139862,,,,14475,0.0012799999999999999,,,,0.081152,0.000256,0.064256,0.0076799999999999993,,,,,1.098752
379,71.275888300736952,0,39.403095841407776,,,,14475,0.002048,,,,0.079872,0,0.063232,0.007936,,,,,1.3772799999999998
380,71.284856901927441,0,8.9686010032892227,,,,14677,0.001024,,,,0.078592,0.000256,0.061952,0.003328,,,,,1.106944
381,71.293677600623582,0,8.8206985965371132,,,,14475,0.001024,,,,0.076544,0,0.059904,0.0097279999999999988,,,,,1.3672959999999998
382,71.302688506235825,0,9.0109053999185562,,,,14475,0.001024,,,,0.082176,0,0.065792,0.0076799999999999993,,,,,1.1048959999999999
383,71.3122369047619,0,9.5483986660838127,,,,14475,0.001024,,,,0.079104,0,0.061952,0.007936,,,,,1.3557759999999999
384,71.320914101473917,0,8.6771966889500618,,,,14475,0.001024,,,,0.079104,0.000256,0.06272,0.0076799999999999993,,,,,1.104384
385,71.329489505385482,0,8.5754040628671646,,,,14475,0.001024,,,,0.082431999999999991,0,0.064767999999999992,0.007936,,,,,1.70624
386,71.337508404195,0,8.0188987776637077,,,,14475,0.001024,,,,0.082688,0,0.064256,0.0076799999999999993,,,,,1.410048
387,71.3468,0,9.29159577935934,,,,14475,0.001024,,,,0.080896,0,0.064,0.003072,,,,,1.105664
388,71.355515001417231,0,8.7150018662214279,,,,14475,0.001024,,,,0.078848,0,0.062208,0.007936,,,,,1.361664
389,71.364460806405887,0,8.94580502063036,,,,20917,0.0012799999999999999,,,,0.07936,0,0.061695999999999994,0.007936,,,,,1.110016
390,71.374387804705208,0,9.9269980564713478,,,,14527,0.001024,,,,0.081664,0,0.064767999999999992,0.003328,,,,,1.1281919999999999
391,71.38460020549887,0,10.212400928139687,,,,14797,0.001024,,,,0.080384,0,0.063488,0.007424,,,,,1.107456
392,71.393193005952384,0,8.5928002372384071,,,,14475,0.001024,,,,0.079615999999999992,0.000256,0.06297599999999999,0.0076799999999999993,,,,,1.11616
393,71.704475800736958,0,311.28278374671936,,,,83508,0.001024,,,,0.082688,0.000256,0.064767999999999992,0.010239999999999999,,,,,1.393664
394,71.722783404195013,0,18.307603895664215,,,,25097,0.001024,,,,0.082688,0.000256,0.064767999999999992,0.010239999999999999,,,,,1.393664
395,71.735839101473914,0,13.055697083473206,,,,14475,0.001024,,,,0.078848,0.000256,0.062464,0.007424,,,,,1.1008
396,71.7481371031746,0,12.298001907765865,,,,14475,0.001024,,,,0.080896,0,0.063488,0.003328,,,,,1.354496
397,71.7603836026077,0,12.246499769389629,,,,14475,0.001024,,,,0.080384,0,0.063744,0.0076799999999999993,,,,,1.106944
398,71.770581299603165,0,10.197697207331657,,,,14475,0.001024,,,,0.078592,0,0.062208,0.007424,,,,,1.100288
399,71.7812108064059,0,10.629506781697273,,,,14475,0.001024,,,,0.080127999999999991,0.000256,0.063744,0.006912,,,,,1.0979839999999998
400,71.79776249999999,0,16.55169390141964,,,,14475,0.001024,,,,0.080127999999999991,0.000256,0.063744,0.006912,,,,,1.0979839999999998
401,71.807868402777771,0,10.105902329087257,,,,17741,0.001024,,,,0.07936,0,0.063232,0.0076799999999999993,,,,,1.102592
402,71.816488704648521,0,8.6203021928668022,,,,14475,0.001024,,,,0.32051199999999996,0,0.301824,0.003584,,,,,1.110272
403,71.8666779053288,0,50.189200788736343,,,,199867,0.001024,,,,0.07936,0,0.063232,0.007424,,,,,1.2771839999999999
404,71.877751601473918,0,11.073696427047253,,,,151229,0.001024,,,,0.07936,0,0.063232,0.007424,,,,,1.2771839999999999
405,71.884310700113375,0,6.5590986050665379,,,,23859,0.001024,,,,0.084735999999999992,0.000256,0.066304,0.007168,,,,,1.101824
406,71.889741099773246,0,5.4303994402289391,,,,14475,0.001024,,,,0.077568,0.000256,0.060927999999999996,0.007424,,,,,1.102592
407,71.895384304138318,0,5.6432043202221394,,,,14990,0.001024,,,,0.083712,0,0.065536,0.007424,,,,,1.343232
408,71.902286004818592,0,6.9017005153000355,,,,14677,0.001024,,,,0.083456,0,0.065024,0.0084479999999999989,,,,,1.404928
409,71.907239703798183,0,4.9536991864442825,,,,14475,0.001024,,,,0.084735999999999992,0,0.066816,0.007424,,,,,1.381888
410,71.912183602607712,0,4.9438988789916039,,,,14475,0.001024,,,,0.083968,0,0.066304,0.007424,,,,,1.279232
411,71.9169704010771,0,4.7867982648313046,,,,14527,0.001024,,,,0.083968,0,0.066304,0.007424,,,,,1.279232
412,71.9306128047052,0,13.642403297126293,,,,14475,0.001024,,,,0.082688,0,0.064767999999999992,0.007424,,,,,1.37472
413,71.936790001417236,0,6.1771967448294163,,,,14475,0.001024,,,,0.08448,0,0.065792,0.007424,,,,,1.1299839999999999
414,71.941941099773246,0,5.1510981284081936,,,,14475,0.001024,,,,0.081919999999999993,0,0.064,0.007424,,,,,1.12384
415,71.947481200396822,0,5.5401003919541836,,,,14475,0.001024,,,,0.08524799999999999,0.000256,0.066304,0.0076799999999999993,,,,,1.102336
416,71.9525955994898,0,5.1143988966941833,,,,14475,0.001024,,,,0.083456,0.000256,0.064767999999999992,0.0051199999999999996,,,,,1.110272
417,71.957653004535146,0,5.0574052147567272,,,,14475,0.001024,,,,0.082431999999999991,0.000256,0.063232,0.007424,,,,,1.274112
418,71.963039604591827,0,5.3866002708673477,,,,14475,0.001024,,,,0.083712,0,0.065792,0.008192,,,,,1.303552
419,71.96855200538549,0,5.51240099593997,,,,14475,0.001024,,,,0.082431999999999991,0,0.064,0.007936,,,,,1.3573119999999999
420,71.973037705498868,0,4.4857002794742584,,,,14475,0.001024,,,,0.083968,0,0.065279999999999991,0.008704,,,,,1.426688
421,71.9777367063492,0,4.6990006230771542,,,,14475,0.002304,,,,0.082431999999999991,0,0.063488,0.009472,,,,,1.123584
422,71.983031802721086,0,5.295096430927515,,,,14475,0.000768,,,,0.0832,0,0.065279999999999991,0.0076799999999999993,,,,,1.099264
423,71.98821640447845,0,5.1846015267074108,,,,14475,0.002816,,,,0.082688,0,0.064256,0.0076799999999999993,,,,,1.132544
424,71.992887804705219,0,4.6714004129171371,,,,14475,0.0012799999999999999,,,,0.084224,0.000256,0.066048,0.009216,,,,,1.130496
425,71.9977454010771,0,4.8575964756309986,,,,14475,0.0051199999999999996,,,,0.0832,0,0.064256,0.007424,,,,,1.127168
426,72.002721499433108,0,4.9760984256863594,,,,14677,0.001024,,,,0.08294399999999999,0.000256,0.064512,0.007936,,,,,1.0997759999999999
427,72.00771460459184,0,4.9931053072214127,,,,14623,0.001024,,,,0.320768,0,0.30259199999999997,0.008192,,,,,1.272576
428,72.013244501133784,0,5.5298963561654091,,,,14475,0.001024,,,,0.081664,0,0.06297599999999999,0.0076799999999999993,,,,,1.105408
429,72.018157305839,0,4.9128048121929169,,,,32046,0.0012799999999999999,,,,0.081408,0,0.06272,0.003072,,,,,1.309696
430,72.023031200396829,0,4.8738946206867695,,,,27983,0.001024,,,,0.082688,0,0.064256,0.007936,,,,,1.3542399999999999
431,72.027527402210879,0,4.4962018728256226,,,,14757,0.0012799999999999999,,,,0.082176,0,0.064256,0.0076799999999999993,,,,,1.370112
432,72.03256530612245,0,5.0379037857055664,,,,14595,0.001024,,,,0.082176,0,0.063744,0.0076799999999999993,,,,,1.123584
433,72.036959906462585,0,4.3946001678705215,,,,14475,0.001024,,,,0.083456,0,0.064512,0.0051199999999999996,,,,,1.1097599999999999
434,72.072145301870748,0,35.185396671295166,,,,14475,0.001024,,,,0.083456,0,0.064512,0.0051199999999999996,,,,,1.1097599999999999
435,72.079452501417236,0,7.3071997612714767,,,,14475,0.001024,,,,0.318208,0,0.299776,0.003328,,,,,1.105408
436,72.08504950396825,0,5.59700233861804,,,,14475,0.001024,,,,0.328704,0,0.064,0.00896,,,,,1.101824
437,72.090022704081633,0,4.973200149834156,,,,14475,0.001024,,,,0.07936,0,0.063232,0.005632,,,,,1.370112
438,72.095177501417226,0,5.1547973416745663,,,,14475,0.001024,,,,0.08448,0,0.065792,0.003328,,,,,1.36832
439,72.100113903061228,0,4.9364017322659492,,,,14475,0.001024,,,,0.081152,0.000256,0.063232,0.004096,,,,,1.326592
440,72.105018303571427,0,4.9044005572795868,,,,14677,0.003072,,,,0.08294399999999999,0,0.064512,0.007936,,,,,1.1082239999999999
441,72.110588803854867,0,5.5705001577734947,,,,14475,0.003072,,,,0.08294399999999999,0,0.064512,0.007936,,,,,1.1082239999999999
442,72.115164002267576,0,4.5751985162496567,,,,14475,0.0025599999999999998,,,,0.084224,0.000256,0.065792,0.007936,,,,,1.1079679999999998
443,72.119883205782315,0,4.719203338027,,,,14527,0.0012799999999999999,,,,0.087296,0,0.068608,0.0076799999999999993,,,,,1.1248639999999999
444,72.125276502267567,0,5.393296480178833,,,,14475,0.001024,,,,0.250624,0.000256,0.065536,0.007424,,,,,1.110272
445,72.130010905612238,0,4.7344034537673,,,,14475,0.001024,,,,0.08448,0,0.066304,0.007936,,,,,1.295104
446,72.135898306405892,0,5.8874008245766163,,,,14475,0.001024,,,,0.08448,0,0.066304,0.007936,,,,,1.295104
447,72.140645599489787,0,4.7472929581999779,,,,14475,0.001024,,,,0.084224,0,0.066304,0.007424,,,,,1.102848
448,72.14567710459184,0,5.0315051339566708,,,,17024,0.001024,,,,0.082688,0.000256,0.064,0.0076799999999999993,,,,,1.3104639999999999
449,72.150671804138312,0,4.9946997314691544,,,,14475,0.001024,,,,0.08294399999999999,0,0.064767999999999992,0.00896,,,,,1.2856319999999999
450,72.155549305555553,0,4.8775016330182552,,,,14475,0.0012799999999999999,,,,0.082176,0.000256,0.063744,0.0051199999999999996,,,,,1.370368
451,72.160165306122451,0,4.6160006895661354,,,,14475,0.001024,,,,0.084735999999999992,0.000256,0.066304,0.003328,,,,,1.110528
452,72.164831001984126,0,4.6656960621476173,,,,14475,0.0012799999999999999,,,,0.083456,0.000256,0.064767999999999992,0.0076799999999999993,,,,,1.108992
453,72.16982970521542,0,4.998703021556139,,,,14475,0.0012799999999999999,,,,0.083456,0.000256,0.064767999999999992,0.0076799999999999993,,,,,1.108992
454,72.174593905895691,0,4.7642006538808346,,,,14475,0.001024,,,,0.0832,0.000256,0.064256,0.007168,,,,,1.1112959999999998
455,72.179686004818592,0,5.092098843306303,,,,14475,0.001024,,,,0.325376,0,0.066048,0.011007999999999999,,,,,1.109504
456,72.184303904478455,0,4.6178996562957764,,,,14595,0.001024,,,,0.081152,0.000256,0.06272,0.0076799999999999993,,,,,1.109248
457,72.189217502834467,0,4.9135982990264893,,,,14475,0.001024,,,,0.082176,0,0.064256,0.0076799999999999993,,,,,1.388288
458,72.193843700396826,0,4.6261977404356,,,,14475,0.001024,,,,0.083456,0,0.065024,0.0076799999999999993,,,,,1.378816
459,72.1989503047052,0,5.1066041924059391,,,,14475,0.001024,,,,0.083968,0,0.065792,0.0048639999999999994,,,,,1.128704
460,72.203367304421761,0,4.4169998727738857,,,,14677,0.001024,,,,0.08524799999999999,0,0.066816,0.0076799999999999993,,,,,1.1136
461,72.208465702947848,0,5.0983983092010021,,,,14475,0.001024,,,,0.083968,0,0.065536,0.007424,,,,,1.1048959999999999
462,72.213335005668938,0,4.8693027347326279,,,,14475,0.0012799999999999999,,,,0.083712,0,0.065024,0.0076799999999999993,,,,,1.103616
463,72.2182566043084,0,4.9215988256037235,,,,32046,0.001024,,,,0.081408,0,0.063488,0.003072,,,,,1.112576
464,72.223220804988657,0,4.9642007797956467,,,,27718,0.001024,,,,0.08294399999999999,0,0.064256,0.003328,,,,,1.458176
465,72.228031405895692,0,4.810601007193327,,,,14475,0.003072,,,,0.082176,0,0.063488,0.007936,,,,,1.1115519999999999
466,72.232283205782309,0,4.2518000118434429,,,,14475,0.001024,,,,0.08448,0,0.066048,0.007424,,,,,1.386496
467,72.236960700113372,0,4.6774945221841335,,,,14475,0.001024,,,,0.080639999999999989,0,0.06272,0.009984,,,,,1.132544
468,72.2424325042517,0,5.471804179251194,,,,17011,0.003584,,,,0.08294399999999999,0,0.064512,0.0076799999999999993,,,,,1.1112959999999998
469,72.247602104591834,0,5.169600248336792,,,,32046,0.001024,,,,0.335872,0,0.316928,0.0097279999999999988,,,,,1.1133439999999999
470,72.253234204931971,0,5.632100161164999,,,,27701,0.001024,,,,0.082688,0.000256,0.064256,0.007424,,,,,1.105664
471,72.258773001700675,0,5.5387965403497219,,,,14475,0.0012799999999999999,,,,0.083456,0,0.064767999999999992,0.0076799999999999993,,,,,1.112832
472,72.263972002551014,0,5.1990007050335407,,,,14475,0.001024,,,,0.083968,0,0.065279999999999991,0.007424,,,,,1.303552
473,72.268791000566893,0,4.81899781152606,,,,32046,0.001024,,,,0.083456,0.000256,0.065024,0.0076799999999999993,,,,,1.109248
474,72.273139703798179,0,4.3487031944096088,,,,27701,0.001024,,,,0.082431999999999991,0,0.063744,0.0076799999999999993,,,,,1.1097599999999999
475,72.278150800736952,0,5.0110970623791218,,,,14475,0.001024,,,,0.083712,0.000256,0.065024,0.0076799999999999993,,,,,1.11232
476,72.284086203231283,0,5.93540258705616,,,,23441,0.002048,,,,0.083712,0,0.065279999999999991,0.007936,,,,,1.380352
477,72.29114040532879,0,7.0542022585868835,,,,14475,0.001024,,,,0.084992,0,0.066304,0.0076799999999999993,,,,,1.135872
478,72.296174305555553,0,5.0339000299572945,,,,47104,0.001024,,,,0.079872,0,0.061952,0.007424,,,,,1.3893119999999999
479,72.301417899659867,0,5.2435942925512791,,,,36996,0.001024,,,,0.083456,0.000256,0.066048,0.007936,,,,,1.3086719999999998
480,72.306474305555554,0,5.0564059056341648,,,,27701,0.001024,,,,0.082431999999999991,0.000256,0.064256,0.007936,,,,,1.2856319999999999
481,72.31228960459184,0,5.8152992278337479,,,,14475,0.001024,,,,0.083712,0,0.065536,0.005888,,,,,1.3857279999999998
482,72.3172781037415,0,4.9884989857673645,,,,14475,0.001024,,,,0.08524799999999999,0,0.066816,0.007424,,,,,1.393408
483,72.322463803854873,0,5.18570002168417,,,,14527,0.001024,,,,0.083968,0,0.065536,0.003328,,,,,1.3491199999999999
484,72.327442701247165,0,4.9788975156843662,,,,14475,0.001024,,,,0.083968,0.000256,0.065536,0.0076799999999999993,,,,,1.39648
485,72.33295870181405,0,5.5160005576908588,,,,14475,0.001024,,,,0.0832,0,0.064512,0.007936,,,,,1.3742079999999999
486,72.338725403911567,0,5.7667018845677376,,,,15979,0.001024,,,,0.081152,0,0.063232,0.005632,,,,,1.136896
487,72.34361270549887,0,4.8873014748096466,,,,14475,0.001024,,,,0.086528,0,0.068352,0.012032,,,,,1.128448
488,72.347784601757368,0,4.1718962602317333,,,,14475,0.003328,,,,0.08294399999999999,0,0.064512,0.003584,,,,,1.1015679999999999
489,72.35402400085033,0,6.2393993139266968,,,,14475,0.003328,,,,0.08294399999999999,0,0.064512,0.003584,,,,,1.1015679999999999
490,72.358110005668934,0,4.0860050357878208,,,,14475,0.001024,,,,0.23884799999999998,0,0.067583999999999991,0.007424,,,,,1.103872
491,72.363680505952374,0,5.5705001577734947,,,,14475,0.001024,,,,0.0832,0.000256,0.064767999999999992,0.0076799999999999993,,,,,1.306112
492,72.368406101190473,0,4.7255954705178738,,,,14475,0.001024,,,,0.080384,0,0.061952,0.0076799999999999993,,,,,1.466368
493,72.373290100623578,0,4.8839994706213474,,,,14475,0.001024,,,,0.086016,0,0.067583999999999991,0.007936,,,,,1.111808
494,72.378603202947843,0,5.3131021559238434,,,,20917,0.001024,,,,0.086016,0,0.067583999999999991,0.007936,,,,,1.111808
495,72.38356660289115,0,4.9633998423814774,,,,14475,0.0012799999999999999,,,,0.08294399999999999,0.000256,0.064512,0.010496,,,,,1.6366079999999998
496,72.388539002267578,0,4.9723992124199867,,,,14475,0.0012799999999999999,,,,0.08576,0,0.067583999999999991,0.0097279999999999988,,,,,1.3823999999999999
497,72.393319805839,0,4.7808033414185047,,,,14475,0.001024,,,,0.083968,0,0.065279999999999991,0.0076799999999999993,,,,,1.3708799999999999
498,72.397790802154191,0,4.4709960930049419,,,,14475,0.001024,,,,0.082431999999999991,0,0.064512,0.0076799999999999993,,,,,1.132288
499,72.403440100623584,0,5.6492984294891357,,,,14677,0.001024,,,,0.083712,0,0.065536,0.006912,,,,,1.103616
500,72.408885303287974,0,5.4452028125524521,,,,35144,0.001024,,,,0.081408,0,0.06272,0.007424,,,,,1.107712
501,72.414251799886614,0,5.366496741771698,,,,27701,0.001024,,,,0.081919999999999993,0.000256,0.063232,0.0076799999999999993,,,,,1.1046399999999998
502,72.4192461026077,0,4.9943025223910809,,,,14475,0.0012799999999999999,,,,0.082431999999999991,0,0.063488,0.003328,,,,,1.2869119999999998
503,72.424458000283437,0,5.2118976600468159,,,,14475,0.0012799999999999999,,,,0.082431999999999991,0,0.063488,0.003328,,,,,1.2869119999999998
504,72.429811004818589,0,5.3530046716332436,,,,17011,0.001024,,,,0.084735999999999992,0,0.066048,0.007424,,,,,1.110528
505,72.434688003117913,0,4.8769982531666756,,,,14475,0.001024,,,,0.084735999999999992,0,0.066304,0.007936,,,,,1.30816
506,72.439986302437646,0,5.2982992492616177,,,,14475,0.001024,,,,0.081408,0,0.06297599999999999,0.0076799999999999993,,,,,1.28256
507,72.445070401077089,0,5.0840987823903561,,,,14475,0.0012799999999999999,,,,0.081664,0,0.062464,0.0076799999999999993,,,,,1.6256
508,72.449880605158725,0,4.8102042637765408,,,,32102,0.001024,,,,0.087551999999999991,0,0.06912,0.007424,,,,,1.404672
509,72.454652005385483,0,4.7714002430438995,,,,75704,0.001024,,,,0.081664,0,0.063232,0.003584,,,,,1.3739519999999998
510,72.459687804705212,0,5.0357994623482227,,,,30943,0.001024,,,,0.083968,0,0.065024,0.007936,,,,,1.108736
511,72.464614902210883,0,4.9270973540842533,,,,14475,0.001024,,,,0.08448,0,0.066048,0.007424,,,,,1.110528
512,72.469071804138324,0,4.4569019228219986,,,,14475,0.0012799999999999999,,,,0.08448,0,0.066304,0.004352,,,,,1.107456
513,72.473937903911562,0,4.8660999163985252,,,,51001,0.001024,,,,0.084224,0,0.065792,0.007424,,,,,1.1148799999999999
514,72.478894600340126,0,4.9566966481506824,,,,40601,0.002304,,,,0.080896,0,0.061952,0.0076799999999999993,,,,,1.1079679999999998
515,72.483700602324262,0,4.8060021363198757,,,,14475,0.001024,,,,0.0832,0.000256,0.065024,0.008192,,,,,1.35296
516,72.488732305839,0,5.0317035056650639,,,,14475,0.001024,,,,0.082431999999999991,0,0.063744,0.007424,,,,,1.366784
517,72.494089406179128,0,5.3571001626551151,,,,20691,0.001024,,,,0.0832,0.000256,0.064767999999999992,0.007424,,,,,1.37856
518,72.498858205782312,0,4.7687995247542858,,,,50275,0.001024,,,,0.08448,0,0.065536,0.003328,,,,,1.109248
519,72.503516206065754,0,4.6580000780522823,,,,58485,0.001024,,,,0.084224,0,0.066304,0.0076799999999999993,,,,,1.114112
520,72.50847499999999,0,4.9587939865887165,,,,27701,0.001024,,,,0.082431999999999991,0.000256,0.063744,0.007936,,,,,1.106944
521,72.513073405612246,0,4.5984056778252125,,,,14475,0.001024,,,,0.081664,0,0.063488,0.008192,,,,,1.1046399999999998
522,72.518444302721079,0,5.3708972409367561,,,,14475,0.001024,,,,0.08448,0.000256,0.066048,0.004096,,,,,1.28128
523,72.524737804705211,0,6.2935021705925465,,,,14527,0.001024,,,,0.08448,0.000256,0.066048,0.004096,,,,,1.28128
524,72.52979340277777,0,5.0555979833006859,,,,14475,0.0012799999999999999,,,,0.083712,0.000256,0.065792,0.003328,,,,,1.2735999999999998
525,72.53487030187074,0,5.0768991932272911,,,,14475,0.001024,,,,0.0832,0.000256,0.064767999999999992,0.0076799999999999993,,,,,1.6501759999999999
526,72.539806802721088,0,4.9365009181201458,,,,14475,0.001024,,,,0.081408,0,0.063488,0.007936,,,,,1.3557759999999999
527,72.544844501133781,0,5.0376984290778637,,,,14475,0.001024,,,,0.084224,0,0.066304,0.007936,,,,,1.623808
528,72.54940830498866,0,4.5638037845492363,,,,14475,0.001024,,,,0.082176,0.000256,0.063744,0.0097279999999999988,,,,,1.397248
529,72.554880902777768,0,5.4725976660847664,,,,14475,0.0012799999999999999,,,,0.081408,0,0.063232,0.007936,,,,,1.102848
530,72.561967602040809,0,7.0866993628442287,,,,14475,0.0012799999999999999,,,,0.081408,0,0.063232,0.007936,,,,,1.102848
531,72.567813903061221,0,5.8463010936975479,,,,14475,0.001024,,,,0.084224,0.000256,0.065536,0.008192,,,,,1.1233279999999999
532,72.573033404195,0,5.2195009775459766,,,,14475,0.001024,,,,0.084992,0,0.066048,0.0076799999999999993,,,,,1.107712
533,72.577802501417224,0,4.7690970823168755,,,,14475,0.001024,,,,0.079872,0.000256,0.062208,0.003328,,,,,1.381888
534,72.583203401360535,0,5.4008997976779938,,,,14475,0.001024,,,,0.0832,0,0.064256,0.0063999999999999994,,,,,1.3742079999999999
535,72.588740306122446,0,5.5369045585393906,,,,14475,0.001024,,,,0.081152,0,0.06297599999999999,0.008192,,,,,1.131776
536,72.593732603458051,0,4.9922973848879337,,,,14475,0.001024,,,,0.080639999999999989,0,0.062464,0.0038399999999999997,,,,,1.106688
537,72.598481200396819,0,4.7485968098044395,,,,14475,0.001024,,,,0.083712,0,0.065279999999999991,0.008192,,,,,1.13024
538,72.603160303287979,0,4.6791029162704945,,,,14677,0.001024,,,,0.08294399999999999,0,0.064,0.003328,,,,,1.1048959999999999
539,72.607930704365074,0,4.7704009339213371,,,,14475,0.001024,,,,0.081664,0.000256,0.06297599999999999,0.007424,,,,,1.1064319999999999
540,72.613493105158724,0,5.5624009110033512,,,,45272,0.001024,,,,0.081664,0.000256,0.06297599999999999,0.007424,,,,,1.1064319999999999
541,72.618280803571423,0,4.78769838809967,,,,14475,0.001024,,,,0.08294399999999999,0,0.064767999999999992,0.007424,,,,,1.362688
542,72.6231235048186,0,4.842701368033886,,,,14475,0.001024,,,,0.086528,0.000256,0.068096,0.0076799999999999993,,,,,1.378304
543,72.62803550170068,0,4.9119968898594379,,,,29998,0.001024,,,,0.080384,0,0.061952,0.005376,,,,,1.3823999999999999
544,72.634310005668937,0,6.2745041213929653,,,,14475,0.001024,,,,0.080384,0,0.061952,0.005376,,,,,1.3823999999999999
545,72.6395575042517,0,5.2474983967840672,,,,24004,0.001024,,,,0.082431999999999991,0.000256,0.063488,0.007424,,,,,1.132544
546,72.644745401077088,0,5.1878970116376877,,,,29726,0.001536,,,,0.082688,0,0.064512,0.003584,,,,,1.127936
547,72.6507336026077,0,5.988201592117548,,,,38187,0.001536,,,,0.082688,0,0.064512,0.003584,,,,,1.127936
548,72.655534601757367,0,4.8009990714490414,,,,17389,0.0012799999999999999,,,,0.08524799999999999,0.000256,0.066304,0.005888,,,,,1.13024
549,72.660078599773243,0,4.5439978130161762,,,,14475,0.001024,,,,0.0832,0,0.065024,0.006144,,,,,1.127424
550,72.664684204931973,0,4.6056052669882774,,,,14475,0.0012799999999999999,,,,0.0832,0,0.064256,0.007936,,,,,1.105408
551,72.669958404195015,0,5.2741994149982929,,,,14475,0.0012799999999999999,,,,0.0832,0,0.064256,0.007936,,,,,1.105408
552,72.674339299886611,0,4.3808957561850548,,,,14475,0.001024,,,,0.08294399999999999,0.000256,0.064767999999999992,0.0076799999999999993,,,,,1.110272
553,72.679545500283439,0,5.2062002941966057,,,,28917,0.003072,,,,0.082176,0,0.063232,0.0076799999999999993,,,,,1.1064319999999999
554,72.6848586026077,0,5.3131021559238434,,,,14475,0.001024,,,,0.082176,0,0.063744,0.0076799999999999993,,,,,1.364736
555,72.68990620039682,0,5.0475979223847389,,,,14475,0.001024,,,,0.081408,0,0.06297599999999999,0.0076799999999999993,,,,,1.6332799999999998
556,72.6949498015873,0,5.0436011515557766,,,,14475,0.001024,,,,0.080639999999999989,0,0.062464,0.0076799999999999993,,,,,1.40288
557,72.6993450042517,0,4.3952027335762978,,,,17522,0.001024,,,,0.080896,0.000256,0.062464,0.0051199999999999996,,,,,1.399808
558,72.704293905895682,0,4.9489014782011509,,,,14970,0.0012799999999999999,,,,0.07936,0.000256,0.060672,0.0076799999999999993,,,,,1.1266559999999999
559,72.709538399943312,0,5.2444939501583576,,,,14475,0.004608,,,,0.0832,0,0.065024,0.006912,,,,,1.105408
560,72.714448802437644,0,4.9104024656116962,,,,14475,0.001024,,,,0.08294399999999999,0,0.064256,0.0097279999999999988,,,,,1.104128
561,72.7199577026644,0,5.50890015438199,,,,14475,0.0012799999999999999,,,,0.083968,0,0.065536,0.007424,,,,,1.1072
562,72.725160204081632,0,5.20250154659152,,,,24117,0.0038399999999999997,,,,0.082688,0,0.064,0.007936,,,,,1.10848
563,72.730622704081625,0,5.4624998010694981,,,,33163,0.001024,,,,0.083456,0,0.064512,0.0076799999999999993,,,,,1.1333119999999999
564,72.735631001984117,0,5.008297972381115,,,,14475,0.001024,,,,0.080127999999999991,0,0.061183999999999995,0.007424,,,,,1.291264
565,72.740605201247163,0,4.9741994589567184,,,,14475,0.001024,,,,0.084992,0.000256,0.066304,0.008192,,,,,1.103616
566,72.745879499716551,0,5.2742986008524895,,,,14475,0.001024,,,,0.084992,0.000256,0.066304,0.008192,,,,,1.103616
567,72.750810501700684,0,4.9310019239783287,,,,14475,0.001024,,,,0.08294399999999999,0,0.064512,0.007936,,,,,1.281536
568,72.756033000283438,0,5.2224984392523766,,,,14475,0.001024,,,,0.0832,0.000256,0.065279999999999991,0.006912,,,,,1.398016
569,72.760876502267564,0,4.843501839786768,,,,14475,0.0012799999999999999,,,,0.082431999999999991,0,0.064,0.008192,,,,,1.135104
570,72.766382199546484,0,5.5056973360478878,,,,14475,0.001024,,,,0.081408,0,0.063488,0.003328,,,,,1.113856
571,72.772489002267577,0,6.1068027280271053,,,,14475,0.001024,,,,0.081408,0,0.063488,0.003328,,,,,1.113856
572,72.777701601473922,0,5.2125994116067886,,,,14475,0.001024,,,,0.08448,0,0.066048,0.003328,,,,,1.135616
573,72.782640901360537,0,4.9393000081181526,,,,14475,0.0012799999999999999,,,,0.080639999999999989,0,0.06272,0.003584,,,,,1.1299839999999999
574,72.788274100056682,0,5.633198656141758,,,,14475,0.0012799999999999999,,,,0.080639999999999989,0,0.06272,0.003584,,,,,1.1299839999999999
575,72.7932044005102,0,4.9303006380796432,,,,23217,0.001024,,,,0.083968,0,0.065536,0.003584,,,,,1.128704
576,72.797842602040816,0,4.6382015570998192,,,,14595,0.0025599999999999998,,,,0.083968,0,0.066048,0.007424,,,,,1.1315199999999999
577,72.802508801020409,0,4.66619897633791,,,,14475,0.001024,,,,0.082431999999999991,0,0.064,0.011264,,,,,1.115136
578,72.807624000850339,0,5.1151998341083527,,,,14822,0.001024,,,,0.082176,0,0.063488,0.0076799999999999993,,,,,1.110528
579,72.812243105158728,0,4.6191043220460415,,,,14475,0.001024,,,,0.083712,0,0.065024,0.0076799999999999993,,,,,1.110784
580,72.8171992063492,0,4.9561010673642159,,,,14475,0.001024,,,,0.085504,0.000256,0.067071999999999993,0.003328,,,,,1.382144
581,72.822184304138318,0,4.9850977957248688,,,,14475,0.001024,,,,0.08524799999999999,0,0.06656,0.003584,,,,,1.377792
582,72.8271290036848,0,4.9446993507444859,,,,14475,0.001024,,,,0.086528,0,0.06784,0.0076799999999999993,,,,,1.103872
583,72.832641999716557,0,5.5129961110651493,,,,14475,0.002304,,,,0.0832,0.000256,0.064767999999999992,0.008192,,,,,1.10592
584,72.83722610544217,0,4.5841056853532791,,,,29689,0.001024,,,,0.083712,0,0.064767999999999992,0.005888,,,,,1.125632
585,72.842457801870751,0,5.2316966466605663,,,,14475,0.001024,,,,0.083968,0.000256,0.065536,0.0076799999999999993,,,,,1.12768
586,72.8469542020975,0,4.4964002445340157,,,,14475,0.001024,,,,0.240384,0,0.06656,0.0076799999999999993,,,,,1.10848
587,72.851995004251691,0,5.04080206155777,,,,14475,0.001024,,,,0.081408,0,0.06272,0.0076799999999999993,,,,,1.10208
588,72.856556101190478,0,4.5610968954861164,,,,14475,0.001024,,,,0.083712,0,0.065279999999999991,0.003328,,,,,1.365248
589,72.86186890589569,0,5.3128045983612537,,,,14475,0.001024,,,,0.083712,0,0.065279999999999991,0.003328,,,,,1.365248
590,72.867111500850342,0,5.2425949834287167,,,,14475,0.001024,,,,0.08294399999999999,0,0.064512,0.007424,,,,,1.38112
591,72.872168799603173,0,5.0572985783219337,,,,14475,0.004608,,,,0.084735999999999992,0,0.066304,0.005632,,,,,1.376768
592,72.876850503117907,0,4.6817036345601082,,,,14475,0.001024,,,,0.081919999999999993,0,0.064256,0.007424,,,,,1.129216
593,72.8820617063492,0,5.21120335906744,,,,20917,0.001024,,,,0.081919999999999993,0,0.064256,0.007424,,,,,1.129216
594,72.886786500850334,0,4.7247945331037045,,,,14475,0.001024,,,,0.080896,0,0.062464,0.007424,,,,,1.114112
595,72.8917794005102,0,4.9928994849324226,,,,14475,0.001024,,,,0.086016,0,0.067328,0.0051199999999999996,,,,,1.105408
596,72.896640001417225,0,4.8606009222567081,,,,14475,0.001024,,,,0.0832,0.000256,0.063744,0.003072,,,,,1.10592
597,72.901908801020411,0,5.2687996067106724,,,,14475,0.0012799999999999999,,,,0.35353599999999996,0.000256,0.069887999999999992,0.0048639999999999994,,,,,1.110528
598,72.906383000283441,0,4.4741993770003319,,,,14677,0.001024,,,,0.084735999999999992,0,0.066304,0.005376,,,,,1.288448
599,72.911598200113374,0,5.2151996642351151,,,,14475,0.001024,,,,0.080896,0,0.06272,0.0076799999999999993,,,,,1.605632
600,72.916608304988657,0,5.010104738175869,,,,14475,0.001024,,,,0.082431999999999991,0,0.064256,0.003584,,,,,1.3790719999999999
601,72.921509304138326,0,4.9009993672370911,,,,14475,0.001024,,,,0.080639999999999989,0,0.062464,0.0076799999999999993,,,,,1.1064319999999999
602,72.92590700113378,0,4.397696815431118,,,,14527,0.001024,,,,0.086016,0,0.068096,0.007424,,,,,1.1328
603,72.931291000566887,0,5.383999552577734,,,,14475,0.001024,,,,0.086016,0,0.068096,0.007424,,,,,1.1328
604,72.936175701530615,0,4.8847007565200329,,,,14475,0.001024,,,,0.082176,0.000256,0.063488,0.007936,,,,,1.1112959999999998
605,72.941107801870743,0,4.9321004189550877,,,,14475,0.001024,,,,0.082176,0.000256,0.063488,0.007936,,,,,1.1112959999999998
606,72.94613200113379,0,5.0241993740201,,,,14475,0.001024,,,,0.32383999999999996,0,0.065792,0.005632,,,,,1.103872
607,72.9511790036848,0,5.0470023415982723,,,,14595,0.001024,,,,0.081152,0,0.063232,0.0076799999999999993,,,,,1.360128
608,72.956673001700679,0,5.4939980618655682,,,,14475,0.001024,,,,0.081152,0,0.063232,0.0076799999999999993,,,,,1.360128
609,72.962205803571422,0,5.5328020825982094,,,,14475,0.001024,,,,0.082176,0,0.064256,0.007936,,,,,1.121792
610,72.967225,0,5.0191963091492653,,,,14475,0.001024,,,,0.082176,0,0.064256,0.007936,,,,,1.121792
611,72.972263803854872,0,5.0388039089739323,,,,14475,0.001024,,,,0.081408,0,0.06297599999999999,0.003584,,,,,1.124096
612,72.977365100623587,0,5.1012965850532055,,,,14475,0.001024,,,,0.081408,0,0.06297599999999999,0.003584,,,,,1.124096
613,72.982539505385489,0,5.1744049414992332,,,,14475,0.001024,,,,0.081919999999999993,0,0.063488,0.0076799999999999993,,,,,1.111808
614,72.987131604308388,0,4.5920987613499165,,,,14475,0.001024,,,,0.084224,0.000256,0.066048,0.007168,,,,,1.124608
615,72.991857405045351,0,4.7258008271455765,,,,14475,0.001792,,,,0.084224,0.000256,0.066048,0.008192,,,,,1.134592
616,72.996725800736954,0,4.8683956265449524,,,,14475,0.001024,,,,0.332032,0,0.066816,0.007424,,,,,1.106176
617,73.001560104875281,0,4.8343040980398655,,,,14475,0.001024,,,,0.083456,0.000256,0.065024,0.007424,,,,,1.104128
618,73.006403904478461,0,4.8437993973493576,,,,14677,0.001024,,,,0.0832,0,0.064767999999999992,0.007424,,,,,1.288192
619,73.01114640022675,0,4.7424957156181335,,,,14475,0.001024,,,,0.084735999999999992,0,0.066304,0.007936,,,,,1.357824
620,73.015829301303853,0,4.6829008497297764,,,,14475,0.001024,,,,0.0832,0,0.065279999999999991,0.007424,,,,,1.3521919999999998
621,73.020642800453516,0,4.81349928304553,,,,14475,0.002048,,,,0.084992,0,0.06656,0.0076799999999999993,,,,,1.1048959999999999
622,73.025752600623576,0,5.1098000258207321,,,,14475,0.001024,,,,0.082431999999999991,0,0.063744,0.007424,,,,,1.134336
623,73.030622902494329,0,4.87030204385519,,,,14475,0.001024,,,,0.082431999999999991,0,0.063744,0.007424,,,,,1.134336
624,73.035522704081629,0,4.8998016864061356,,,,14475,0.0012799999999999999,,,,0.08448,0,0.065279999999999991,0.007936,,,,,1.1112959999999998
625,73.040197505668928,0,4.6748016029596329,,,,14475,0.003072,,,,0.084224,0,0.065279999999999991,0.004096,,,,,1.2871679999999999
626,73.045315702947846,0,5.1181972958147526,,,,14475,0.001024,,,,0.085504,0.000256,0.066816,0.0076799999999999993,,,,,1.2820479999999999
627,73.050200602324267,0,4.8848995938897133,,,,14475,0.0012799999999999999,,,,0.080127999999999991,0,0.062208,0.007424,,,,,1.4059519999999999
628,73.0551330994898,0,4.9324971623718739,,,,14475,0.002304,,,,0.084992,0.000256,0.066048,0.0076799999999999993,,,,,1.371648
629,73.059659304138322,0,4.52620442956686,,,,14475,0.002304,,,,0.082688,0,0.064256,0.007936,,,,,1.102336
630,73.065041206065757,0,5.3819017484784126,,,,14475,0.002304,,,,0.082688,0,0.064256,0.007936,,,,,1.102336
631,73.069713605442175,0,4.6723992563784122,,,,14475,0.001024,,,,0.07936,0.000256,0.061439999999999995,0.003328,,,,,1.11232
632,73.074474900793646,0,4.7612953931093216,,,,14475,0.001024,,,,0.082431999999999991,0,0.063744,0.007424,,,,,1.309696
633,73.079119203514736,0,4.6443026512861252,,,,14475,0.001024,,,,0.082431999999999991,0.000256,0.063744,0.007424,,,,,1.10848
634,73.08406110402494,0,4.9419007264077663,,,,14475,0.001024,,,,0.081408,0.000256,0.063232,0.007424,,,,,1.2805119999999999
635,73.088572902494334,0,4.5117982663214207,,,,14475,0.001024,,,,0.08448,0,0.066304,0.007424,,,,,1.372928
636,73.093733404195,0,5.1605016924440861,,,,14475,0.001024,,,,0.08448,0,0.066304,0.007424,,,,,1.372928
637,73.0991705994898,0,5.4371953010559082,,,,14475,0.001024,,,,0.082431999999999991,0,0.064,0.007936,,,,,1.110784
638,73.1036154053288,0,4.4448059052228928,,,,14595,0.001024,,,,0.08576,0.000256,0.067071999999999993,0.007424,,,,,1.126912
639,73.108467602040818,0,4.8521966673433781,,,,14677,0.001024,,,,0.085504,0.000256,0.06656,0.007424,,,,,1.102848
640,73.113193303571421,0,4.72570164129138,,,,14475,0.001024,,,,0.25216,0,0.064767999999999992,0.003328,,,,,1.280768
641,73.118330399659854,0,5.1370961591601372,,,,14475,0.001024,,,,0.25216,0,0.064767999999999992,0.003328,,,,,1.280768
642,73.123322101757367,0,4.9917022697627544,,,,14475,0.001024,,,,0.08448,0,0.065792,0.007424,,,,,1.3923839999999998
643,73.128193501984128,0,4.8714000731706619,,,,14527,0.001024,,,,0.08448,0,0.065792,0.007424,,,,,1.3923839999999998
644,73.134000602324264,0,5.8071003295481205,,,,14475,0.001024,,,,0.08294399999999999,0,0.064,0.0076799999999999993,,,,,1.36448
645,73.138711302437642,0,4.7106998972594738,,,,14475,0.001024,,,,0.080896,0,0.062464,0.003072,,,,,1.13408
646,73.144135303287982,0,5.4240007884800434,,,,14475,0.0012799999999999999,,,,0.08294399999999999,0.000256,0.064512,0.007424,,,,,1.109248
647,73.149399702380947,0,5.2643991075456142,,,,17024,0.0012799999999999999,,,,0.08294399999999999,0.000256,0.064512,0.007424,,,,,1.109248
648,73.1539748015873,0,4.57509933039546,,,,14475,0.003072,,,,0.082431999999999991,0,0.064512,0.003328,,,,,1.121024
649,73.159675899943309,0,5.7010981254279613,,,,14475,0.003072,,,,0.082431999999999991,0,0.064512,0.003328,,,,,1.121024
650,73.165142304421764,0,5.4664043709635735,,,,14475,0.001024,,,,0.08524799999999999,0,0.067071999999999993,0.0076799999999999993,,,,,1.1046399999999998
651,73.171071704931975,0,5.9294006787240505,,,,14475,0.001024,,,,0.08294399999999999,0,0.065279999999999991,0.0076799999999999993,,,,,1.13792
652,73.176620804988659,0,5.54910022765398,,,,14475,0.001024,,,,0.08294399999999999,0,0.065279999999999991,0.0076799999999999993,,,,,1.13792
653,73.181336401643989,0,4.715596791356802,,,,14475,0.001024,,,,0.078848,0,0.060416,0.007424,,,,,1.132288
654,73.186256703514729,0,4.9203019589185715,,,,14475,0.0012799999999999999,,,,0.180992,0,0.065792,0.0076799999999999993,,,,,1.109248
655,73.191685204081637,0,5.4285004734992981,,,,14475,0.003328,,,,0.082176,0,0.06297599999999999,0.0076799999999999993,,,,,1.1064319999999999
656,73.19634140447846,0,4.6562002971768379,,,,14475,0.003072,,,,0.08294399999999999,0,0.064512,0.165632,,,,,1.305088
657,73.201342403628118,0,5.0009991973638535,,,,14475,0.001024,,,,0.083968,0,0.065279999999999991,0.0076799999999999993,,,,,1.1013119999999998
658,73.20653420493197,0,5.1918011158704758,,,,23892,0.001024,,,,0.0832,0,0.065024,0.0063999999999999994,,,,,1.3672959999999998
659,73.2118202026644,0,5.2859978750348091,,,,14475,0.001024,,,,0.084735999999999992,0,0.066304,0.0076799999999999993,,,,,1.413888
660,73.216600800736956,0,4.780597984790802,,,,14475,0.001024,,,,0.083712,0.000256,0.065024,0.007936,,,,,1.360128
661,73.221520804988657,0,4.9200044013559818,,,,14475,0.001024,,,,0.082431999999999991,0,0.063744,0.007424,,,,,1.105664
662,73.226203599773243,0,4.68279467895627,,,,14475,0.001024,,,,0.0832,0,0.065024,0.0038399999999999997,,,,,1.127168
663,73.231862903911562,0,5.6593040935695171,,,,14475,0.001024,,,,0.0832,0,0.065024,0.0038399999999999997,,,,,1.127168
664,73.236367502834469,0,4.504599142819643,,,,14475,0.001024,,,,0.08294399999999999,0.000256,0.064512,0.007168,,,,,1.1392
665,73.241482405045346,0,5.114902276545763,,,,14475,0.0012799999999999999,,,,0.084992,0,0.066816,0.007424,,,,,1.1115519999999999
666,73.246000602324258,0,4.5181973837316036,,,,14475,0.001024,,,,0.0832,0,0.065024,0.255232,,,,,1.108992
667,73.250751700680269,0,4.7510983422398567,,,,14475,0.001024,,,,0.084224,0,0.066048,0.007168,,,,,1.285888
668,73.255460204081629,0,4.7085033729672432,,,,14595,0.001024,,,,0.083456,0,0.065536,0.008192,,,,,1.3675519999999999
669,73.260069699546477,0,4.6094954013824463,,,,14475,0.001024,,,,0.081152,0,0.06272,0.007424,,,,,1.387008
670,73.264538903061222,0,4.4692032970488071,,,,14475,0.001536,,,,0.0832,0,0.064512,0.0076799999999999993,,,,,1.108736
671,73.269421102607708,0,4.882199689745903,,,,14475,0.001024,,,,0.081152,0.000256,0.062208,0.007424,,,,,1.105664
672,73.273906505102033,0,4.4854027219116688,,,,14475,0.001024,,,,0.080639999999999989,0,0.06272,0.0076799999999999993,,,,,1.112064
673,73.278898504818585,0,4.9919998273253441,,,,14475,0.001024,,,,0.082176,0.000256,0.063744,0.0051199999999999996,,,,,1.265664
674,73.283590001417224,0,4.69149649143219,,,,14475,0.0012799999999999999,,,,0.082688,0.000256,0.063488,0.007936,,,,,1.37216
675,73.288772300170066,0,5.182298831641674,,,,14475,0.001024,,,,0.085504,0.000256,0.06656,0.007168,,,,,1.394432
676,73.2936205994898,0,4.8482995480299,,,,14475,0.001024,,,,0.083968,0,0.065536,0.007936,,,,,1.135616
677,73.298573901643991,0,4.953301977366209,,,,14475,0.001024,,,,0.081919999999999993,0,0.064,0.003328,,,,,1.134336
678,73.303113506235832,0,4.539604764431715,,,,14475,0.004096,,,,0.081152,0.000256,0.063488,0.0063999999999999994,,,,,1.1079679999999998
679,73.30830470521542,0,5.1911990158259869,,,,19152,0.004096,,,,0.081152,0.000256,0.063488,0.0063999999999999994,,,,,1.1079679999999998
680,73.313392205215422,0,5.0874999724328518,,,,14475,0.001024,,,,0.081664,0.000256,0.063232,0.0076799999999999993,,,,,1.115648
681,73.318565901360543,0,5.1736962050199509,,,,14475,0.001024,,,,0.083968,0,0.065279999999999991,0.006912,,,,,1.289984
682,73.323366503684809,0,4.8006023280322552,,,,14475,0.001024,,,,0.32639999999999997,0,0.307712,0.004352,,,,,1.109248
683,73.328546003401357,0,5.1794997416436672,,,,14475,0.001024,,,,0.08448,0,0.066304,0.005376,,,,,1.4464
684,73.333485700113371,0,4.9396967515349388,,,,14527,0.001024,,,,0.083456,0,0.065024,0.003584,,,,,1.391872
685,73.338018005952378,0,4.5323059894144535,,,,14475,0.001024,,,,0.087039999999999992,0,0.068608,0.007424,,,,,1.383168
686,73.342461401643988,0,4.4433958828449249,,,,14475,0.0012799999999999999,,,,0.086528,0,0.068096,0.0076799999999999993,,,,,1.10592
687,73.347149100056683,0,4.687698557972908,,,,14475,0.001024,,,,0.083456,0.000256,0.065279999999999991,0.0076799999999999993,,,,,1.107456
688,73.352714604591839,0,5.5655045434832573,,,,14475,0.001024,,,,0.083456,0.000256,0.065279999999999991,0.0076799999999999993,,,,,1.107456
689,73.358025503117915,0,5.3108986467123032,,,,14475,0.001024,,,,0.080127999999999991,0,0.061439999999999995,0.003328,,,,,1.2864
690,73.363322704081625,0,5.2972007542848587,,,,14475,0.001024,,,,0.087808,0,0.069376,0.003328,,,,,1.304064
691,73.368491801303847,0,5.1690973341465,,,,14475,0.001024,,,,0.084992,0,0.066048,0.007424,,,,,1.3826559999999999
692,73.373516206065759,0,5.0244047306478024,,,,17522,0.001024,,,,0.081919999999999993,0,0.063488,0.011007999999999999,,,,,1.510912
693,73.378276906179138,0,4.7607002779841423,,,,14475,0.001024,,,,0.081408,0.000256,0.062464,0.007168,,,,,1.376768
694,73.383162903911568,0,4.8859976232051849,,,,20917,0.001024,,,,0.081408,0.000256,0.062464,0.007168,,,,,1.376768
695,73.387383503401352,0,4.2205993086099625,,,,14475,0.001024,,,,0.084224,0.000256,0.065792,0.003584,,,,,1.136128
696,73.3924123015873,0,5.0287982448935509,,,,14475,0.001024,,,,0.084224,0.000256,0.065792,0.003584,,,,,1.136128
697,73.397213903061228,0,4.8016016371548176,,,,14475,0.001024,,,,0.08524799999999999,0,0.066816,0.0076799999999999993,,,,,1.28256
698,73.402053004535148,0,4.83910134062171,,,,14475,0.001024,,,,0.08524799999999999,0,0.066816,0.0076799999999999993,,,,,1.28256
699,73.406951906179131,0,4.89890156313777,,,,14942,0.001024,,,,0.081152,0,0.062464,0.003072,,,,,1.45664
700,73.411802303004535,0,4.8503968864679337,,,,14475,0.001024,,,,0.081919999999999993,0.000256,0.063232,0.007424,,,,,1.3872639999999998
701,73.416631299603168,0,4.8289964906871319,,,,14475,0.001024,,,,0.084735999999999992,0.000256,0.066304,0.007168,,,,,1.39136
702,73.420994699546483,0,4.3633999302983284,,,,17522,0.001024,,,,0.083456,0,0.065024,0.0076799999999999993,,,,,1.3772799999999998
703,73.425537903911561,0,4.5432043261826038,,,,14475,0.001024,,,,0.08576,0,0.067328,0.0076799999999999993,,,,,1.106688
704,73.430703500566892,0,5.16559649258852,,,,14475,0.001024,,,,0.083968,0.000256,0.065792,0.006656,,,,,1.112832
705,73.435605300453517,0,4.9017998389899731,,,,14475,0.001024,,,,0.0832,0,0.065024,0.007424,,,,,1.11232
706,73.440577402210877,0,4.9721016548573971,,,,33234,0.001024,,,,0.083712,0.000256,0.064767999999999992,0.007424,,,,,1.115904
707,73.445330505952384,0,4.7531039454042912,,,,28860,0.001024,,,,0.083968,0,0.065279999999999991,0.0076799999999999993,,,,,1.4428159999999999
708,73.450105002834462,0,4.774496890604496,,,,14475,0.003072,,,,0.082431999999999991,0,0.064,0.0076799999999999993,,,,,1.71648
709,73.4556867063492,0,5.5817035026848316,,,,14475,0.001024,,,,0.080896,0,0.062464,0.008192,,,,,1.425152
710,73.459983304988654,0,4.2965984903275967,,,,14475,0.003584,,,,0.083456,0,0.065536,0.0076799999999999993,,,,,1.1263999999999998
711,73.464432001133787,0,4.4486960396170616,,,,14475,0.002048,,,,0.083712,0.000256,0.065279999999999991,0.011776,,,,,1.1031039999999999
712,73.46950800028344,0,5.0759990699589252,,,,14475,0.003584,,,,0.08448,0,0.065792,0.0076799999999999993,,,,,1.1046399999999998
713,73.474368105158732,0,4.8601049929857254,,,,14475,0.001024,,,,0.08576,0,0.06656,0.007936,,,,,1.1112959999999998
714,73.4790419005102,0,4.6737953089177608,,,,14475,0.001792,,,,0.083712,0,0.064512,0.003584,,,,,1.106688
715,73.483625106292507,0,4.5832055620849133,,,,14475,0.001024,,,,0.083712,0,0.065792,0.007424,,,,,1.37472
716,73.488575304705208,0,4.9501983448863029,,,,14475,0.001024,,,,0.082431999999999991,0,0.063488,0.007168,,,,,1.394688
717,73.493164101473923,0,4.5887967571616173,,,,14475,0.001024,,,,0.082431999999999991,0,0.064256,0.007424,,,,,1.3575679999999999
718,73.497848901643991,0,4.6848002821207047,,,,16401,0.001024,,,,0.083712,0.000256,0.065279999999999991,0.010496,,,,,1.1348479999999999
719,73.502512903911565,0,4.6640024520456791,,,,24271,0.001024,,,,0.08294399999999999,0.000256,0.064767999999999992,0.003584,,,,,1.108992
720,73.507480399659855,0,4.9674957990646362,,,,46879,0.001024,,,,0.084224,0,0.065279999999999991,0.0076799999999999993,,,,,1.361664
721,73.5692758999433,0,61.795499175786972,,,,516704,0.002816,,,,0.082176,0,0.063744,0.007424,,,,,1.377792
722,73.585520301870744,0,16.244402155280113,,,,33261,0.002816,,,,0.082176,0,0.063744,0.007424,,,,,1.377792
723,73.592877303004528,0,7.3570013046264648,,,,42893,0.001024,,,,0.082688,0,0.064512,0.007936,,,,,1.370368
724,73.59826400226757,0,5.3866994567215443,,,,16075,0.001024,,,,0.084992,0,0.066048,0.003072,,,,,1.6302079999999999
725,73.603594905045355,0,5.3309029899537563,,,,15853,0.001024,,,,0.08524799999999999,0.000256,0.066048,0.0076799999999999993,,,,,1.1031039999999999
726,73.6084303004535,0,4.8353956080973148,,,,17789,0.001024,,,,0.08524799999999999,0.000256,0.066816,0.0076799999999999993,,,,,1.1048959999999999
727,73.614160700113374,0,5.7303998619318008,,,,14719,0.001024,,,,0.08524799999999999,0.000256,0.066816,0.0076799999999999993,,,,,1.1048959999999999
728,73.619614299886621,0,5.4535996168851852,,,,18113,0.001024,,,,0.083712,0,0.065024,0.0084479999999999989,,,,,1.11232
729,73.6250167020975,0,5.4024020209908485,,,,14475,0.001024,,,,0.084992,0,0.066816,0.0076799999999999993,,,,,1.301504
730,73.630317403628112,0,5.3007015958428383,,,,14475,0.001024,,,,0.0832,0.000256,0.064767999999999992,0.0076799999999999993,,,,,1.400064
731,73.635841206065763,0,5.5238022468984127,,,,14475,0.001024,,,,0.0832,0.000256,0.064767999999999992,0.0076799999999999993,,,,,1.400064
732,73.640304606009067,0,4.4633997604250908,,,,14475,0.001024,,,,0.082688,0,0.064256,0.007424,,,,,1.44
733,73.645545904195,0,5.2412981167435646,,,,14475,0.001024,,,,0.082176,0,0.064,0.0076799999999999993,,,,,1.39648
734,73.651262606292519,0,5.7167019695043564,,,,14475,0.0012799999999999999,,,,0.08294399999999999,0,0.064512,0.007936,,,,,1.384448
735,73.657354202097508,0,6.0915956273674965,,,,14475,0.001024,,,,0.081408,0,0.06272,0.003584,,,,,1.4110719999999999
736,73.662273901643985,0,4.9196993932127953,,,,16752,0.0012799999999999999,,,,0.085504,0.000256,0.06656,0.003584,,,,,1.3772799999999998
737,73.668456604308389,0,6.182702723890543,,,,17728,0.0012799999999999999,,,,0.085504,0.000256,0.06656,0.003584,,,,,1.3772799999999998
738,73.673503904478451,0,5.0473003648221493,,,,14475,0.001024,,,,0.083968,0,0.065536,0.007936,,,,,1.378048
739,73.678689002267575,0,5.1850979216396809,,,,14475,0.0012799999999999999,,,,0.083712,0,0.065536,0.003584,,,,,1.108992
740,73.6833908021542,0,4.701799713075161,,,,14475,0.002816,,,,0.084224,0,0.066304,0.005376,,,,,1.350912
741,73.6882838010204,0,4.8929988406598568,,,,14475,0.001024,,,,0.0832,0,0.064767999999999992,0.008704,,,,,1.373696
742,73.693418601190473,0,5.1347999833524227,,,,14475,0.001024,,,,0.082431999999999991,0,0.064,0.0038399999999999997,,,,,1.108736
743,73.698296903344669,0,4.8783021047711372,,,,14475,0.001024,,,,0.08294399999999999,0,0.064256,0.003328,,,,,1.1266559999999999
744,73.703376502267574,0,5.0795990973711014,,,,14475,0.001024,,,,0.082431999999999991,0,0.064,0.0076799999999999993,,,,,1.104128
745,73.708268105158723,0,4.8916027881205082,,,,14677,0.001024,,,,0.082688,0.000256,0.064767999999999992,0.007168,,,,,1.104128
746,73.712939406179132,0,4.6713012270629406,,,,14475,0.001024,,,,0.31923199999999996,0.000256,0.064767999999999992,0.00896,,,,,1.112832
747,73.717773200113371,0,4.8337937332689762,,,,14475,0.001024,,,,0.082176,0.000256,0.063488,0.003584,,,,,1.368064
748,73.722976006235825,0,5.20280608907342,,,,14595,0.001024,,,,0.082688,0,0.064256,0.009216,,,,,1.3875199999999999
749,73.727686302437633,0,4.710296168923378,,,,14475,0.001024,,,,0.0832,0,0.064767999999999992,0.009984,,,,,1.371904
750,73.732423901643983,0,4.7375992871820927,,,,14475,0.001024,,,,0.081408,0,0.063744,0.008704,,,,,1.1333119999999999
751,73.7370461026077,0,4.622200969606638,,,,14475,0.001024,,,,0.084224,0,0.066304,0.0076799999999999993,,,,,1.107456
752,73.741878904478455,0,4.8328018747270107,,,,14475,0.0012799999999999999,,,,0.083712,0,0.065024,0.007424,,,,,1.11232
753,73.746451303854869,0,4.57239942625165,,,,14475,0.001024,,,,0.081408,0,0.06297599999999999,0.010752,,,,,1.109248
754,73.7514794005102,0,5.0280964933335781,,,,14475,0.001024,,,,0.08524799999999999,0.000256,0.067583999999999991,0.007424,,,,,1.1082239999999999
755,73.756022300170059,0,4.5428997837007046,,,,14475,0.001024,,,,0.083456,0,0.065536,0.0097279999999999988,,,,,1.371904
756,73.760859906462585,0,4.8376061022281647,,,,14475,0.001024,,,,0.083968,0,0.065536,0.0076799999999999993,,,,,1.368064
757,73.766187202380948,0,5.3272959776222706,,,,14475,0.001024,,,,0.083968,0,0.065536,0.0076799999999999993,,,,,1.368064
758,73.770202699829923,0,4.0154973976314068,,,,14475,0.0012799999999999999,,,,0.083968,0.000256,0.065536,0.0076799999999999993,,,,,1.115648
759,73.7747917020975,0,4.58900211378932,,,,14475,0.001024,,,,0.084224,0.000256,0.065279999999999991,0.007424,,,,,1.130496
760,73.78028850623582,0,5.4968041367828846,,,,14475,0.001536,,,,0.082688,0,0.064256,0.003584,,,,,1.10592
761,73.7852461026077,0,4.957596305757761,,,,14527,0.001024,,,,0.08294399999999999,0,0.064767999999999992,0.009216,,,,,1.114368
762,73.790171400226754,0,4.9252975732088089,,,,14475,0.001024,,,,0.081919999999999993,0,0.063488,0.0076799999999999993,,,,,1.266432
763,73.79553240504535,0,5.3610047325491905,,,,14475,0.001024,,,,0.080896,0,0.062464,0.006144,,,,,1.28256
764,73.800504705215417,0,4.97230002656579,,,,14475,0.000768,,,,0.083456,0,0.065536,0.007936,,,,,1.351168
765,73.806039200680274,0,5.5344956927001476,,,,14677,0.001024,,,,0.082688,0,0.064256,0.004096,,,,,1.3591039999999999
766,73.811519905045344,0,5.4807043634355068,,,,14475,0.001024,,,,0.08448,0,0.066048,0.007168,,,,,1.132288
767,73.816222002551015,0,4.7020977362990379,,,,14475,0.001024,,,,0.082176,0.000256,0.063232,0.011519999999999999,,,,,1.3642239999999999
768,73.820680102040811,0,4.4580996036529541,,,,14475,0.003584,,,,0.083456,0.000256,0.064767999999999992,0.0076799999999999993,,,,,1.105152
769,73.825004804421766,0,4.3247025460004807,,,,14475,0.004096,,,,0.08294399999999999,0,0.064512,0.011519999999999999,,,,,1.1130879999999999
770,73.830014299886614,0,5.0094956532120705,,,,14475,0.001024,,,,0.0832,0,0.065024,0.0076799999999999993,,,,,1.1046399999999998
771,73.834645301870751,0,4.6310019679367542,,,,32046,0.001024,,,,0.0832,0,0.064512,0.007936,,,,,1.110784
772,73.839402501417226,0,4.7571994364261627,,,,28860,0.001024,,,,0.081919999999999993,0,0.063232,0.011264,,,,,1.2856319999999999
773,73.84398460175737,0,4.582100547850132,,,,14475,0.001024,,,,0.085504,0,0.067071999999999993,0.008192,,,,,1.405184
774,73.8491163052721,0,5.1317033357918262,,,,14475,0.001024,,,,0.082176,0,0.063744,0.0076799999999999993,,,,,1.129472
775,73.854460204081633,0,5.3438986651599407,,,,14475,0.001024,,,,0.087808,0.000256,0.069376,0.0076799999999999993,,,,,1.1215359999999999
776,73.85912760062358,0,4.6673966571688652,,,,14475,0.001024,,,,0.082431999999999991,0.000256,0.064256,0.003072,,,,,1.105664
777,73.863834601757361,0,4.7070011496543884,,,,32046,0.0012799999999999999,,,,0.0832,0,0.064256,0.007424,,,,,1.124608
778,73.870089002267576,0,6.2544005922973156,,,,28860,0.0012799999999999999,,,,0.0832,0,0.064256,0.007424,,,,,1.124608
779,73.8752742063492,0,5.185204092413187,,,,14595,0.001024,,,,0.082688,0,0.064256,0.007424,,,,,1.112064
780,73.880226502267575,0,4.9522961489856243,,,,14475,0.001024,,,,0.083968,0,0.065024,0.007424,,,,,1.28128
781,73.885488300736952,0,5.2617983892560005,,,,20917,0.001024,,,,0.08294399999999999,0,0.064,0.007424,,,,,1.4461439999999999
782,73.8900667020975,0,4.5784013345837593,,,,14475,0.001024,,,,0.081919999999999993,0,0.063232,0.007424,,,,,1.2823039999999999
783,73.895007405045348,0,4.9407030455768108,,,,49617,0.001024,,,,0.082688,0,0.064256,0.0076799999999999993,,,,,1.41184
784,73.900133900226749,0,5.1264953799545765,,,,44657,0.0012799999999999999,,,,0.08448,0.000256,0.06656,0.003328,,,,,1.373184
785,73.904896499433107,0,4.7625992447137833,,,,14475,0.003072,,,,0.080896,0.000256,0.06272,0.0076799999999999993,,,,,1.132032
786,73.909092205215416,0,4.1957059875130653,,,,14677,0.001024,,,,0.083712,0,0.065536,0.006912,,,,,1.109504
787,73.913924900793646,0,4.8326957039535046,,,,19071,0.004352,,,,0.083456,0.000256,0.065024,0.0076799999999999993,,,,,1.106688
788,73.919187903911563,0,5.2630030550062656,,,,14475,0.001024,,,,0.324864,0,0.30668799999999996,0.006144,,,,,1.110784
789,73.923487400793647,0,4.2994967661798,,,,32046,0.001024,,,,0.083712,0,0.065024,0.005376,,,,,1.113856
790,73.9286080994898,0,5.12069882825017,,,,27684,0.001024,,,,0.083968,0.000256,0.065792,0.0076799999999999993,,,,,1.123584
791,73.9332167020975,0,4.6086027286946774,,,,14475,0.001024,,,,0.0832,0,0.064767999999999992,0.0048639999999999994,,,,,1.3524479999999999
792,73.9377713010204,0,4.5545990578830242,,,,14475,0.001024,,,,0.084992,0,0.06656,0.007424,,,,,1.399552
793,73.942385204081631,0,4.613902885466814,,,,32046,0.001024,,,,0.084224,0,0.065792,0.0038399999999999997,,,,,1.112832
794,73.9479580994898,0,5.5728955194354057,,,,27684,0.001024,,,,0.083968,0,0.065536,0.007936,,,,,1.10592
795,73.952312499999991,0,4.354400560259819,,,,32046,0.001024,,,,0.086272,0,0.067328,0.007424,,,,,1.1082239999999999
796,73.957668700396823,0,5.3562005050480366,,,,32304,0.001024,,,,0.083968,0,0.065279999999999991,0.007424,,,,,1.30304
797,73.962288803854875,0,4.6201036311686039,,,,14475,0.001024,,,,0.083712,0,0.065024,0.003328,,,,,1.276672
798,73.967430505952379,0,5.141702014952898,,,,32046,0.001024,,,,0.086272,0,0.068096,0.0076799999999999993,,,,,1.4008319999999999
799,73.971801502267567,0,4.3709962628781796,,,,64946,0.0012799999999999999,,,,0.082176,0,0.063488,0.003328,,,,,1.378048
800,73.976782405045356,0,4.9809026531875134,,,,40533,0.0012799999999999999,,,,0.082176,0,0.063488,0.003328,,,,,1.378048
801,73.981412606292508,0,4.6302010305225849,,,,67188,0.001024,,,,0.082176,0,0.063744,0.007424,,,,,1.108736
802,73.987625,0,6.2123937532305717,,,,71005,0.001024,,,,0.082688,0.000256,0.064256,0.007424,,,,,1.133568
803,73.992361600056682,0,4.73659997805953,,,,27684,0.001024,,,,0.083968,0,0.065792,0.003584,,,,,1.11872
804,73.997084601757365,0,4.72300173714757,,,,14475,0.001024,,,,0.23551999999999998,0,0.065279999999999991,0.007936,,,,,1.1064319999999999
805,74.001921201814056,0,4.83660027384758,,,,32046,0.001024,,,,0.083712,0,0.064767999999999992,0.0076799999999999993,,,,,1.103872
806,74.00676440617913,0,4.8432042822241783,,,,27829,0.001024,,,,0.079104,0,0.060927999999999996,0.007936,,,,,1.1064319999999999
807,74.011581101190473,0,4.8166951164603233,,,,14677,0.003328,,,,0.083968,0,0.065024,0.003584,,,,,1.390336
808,74.0163508999433,0,4.7697988338768482,,,,14475,0.001024,,,,0.081408,0,0.06297599999999999,0.003328,,,,,1.371392
809,74.020642602040809,0,4.2917020618915558,,,,14475,0.001024,,,,0.081408,0.000256,0.06297599999999999,0.0076799999999999993,,,,,1.110528
810,74.025673504818585,0,5.0309025682508945,,,,14595,0.0012799999999999999,,,,0.083712,0,0.065279999999999991,0.007168,,,,,1.1333119999999999
811,74.0330753047052,0,7.4017997831106186,,,,14475,0.0012799999999999999,,,,0.083712,0,0.065279999999999991,0.007168,,,,,1.1333119999999999
812,74.038066404478457,0,4.9910997040569782,,,,14475,0.001024,,,,0.084735999999999992,0.000256,0.066816,0.007424,,,,,1.1112959999999998
813,74.042945500283437,0,4.87909559160471,,,,14475,0.002816,,,,0.07936,0,0.061183999999999995,0.0076799999999999993,,,,,1.1333119999999999
814,74.047819805839,0,4.8743053339421749,,,,14475,0.0012799999999999999,,,,0.083968,0,0.065792,0.003584,,,,,1.10848
815,74.053311500850342,0,5.4916949011385441,,,,14475,0.0012799999999999999,,,,0.083968,0,0.065792,0.003584,,,,,1.10848
816,74.059660905612247,0,6.3494048081338406,,,,14475,0.001024,,,,0.089088,0,0.069376,0.011007999999999999,,,,,1.1082239999999999
817,74.064584906462585,0,4.9240007065236568,,,,14475,0.001024,,,,0.240896,0,0.064256,0.007424,,,,,1.1166719999999999
818,74.07009910005668,0,5.5141937918961048,,,,14475,0.001024,,,,0.240896,0,0.064256,0.007424,,,,,1.1166719999999999
819,74.074496003401364,0,4.3969033285975456,,,,14475,0.0012799999999999999,,,,0.082176,0.000256,0.063744,0.007168,,,,,1.107712
820,74.080027806122445,0,5.531802773475647,,,,14475,0.001024,,,,0.341248,0,0.064512,0.007168,,,,,1.110272
821,74.085219302721086,0,5.1914965733885765,,,,14475,0.001024,,,,0.341248,0,0.064512,0.007168,,,,,1.110272
822,74.090058602607712,0,4.8392997123301029,,,,14475,0.001024,,,,0.08294399999999999,0,0.064767999999999992,0.007168,,,,,1.107456
823,74.095152005385486,0,5.0934026949107647,,,,14475,0.001024,,,,0.08576,0.000256,0.067583999999999991,0.007424,,,,,1.3790719999999999
824,74.09998530328798,0,4.8332978039979935,,,,14475,0.001024,,,,0.083968,0,0.065024,0.003328,,,,,1.658112
825,74.104648504818584,0,4.66320151463151,,,,14475,0.002304,,,,0.083712,0,0.065024,0.005632,,,,,1.370112
826,74.109675403911567,0,5.02689927816391,,,,14677,0.001024,,,,0.083712,0,0.065024,0.0076799999999999993,,,,,1.1079679999999998
827,74.115012400793645,0,5.3369970992207527,,,,14475,0.001024,,,,0.083456,0,0.065024,0.007424,,,,,1.105408
828,74.1195733064059,0,4.5609055086970329,,,,14475,0.001024,,,,0.08524799999999999,0,0.067071999999999993,0.007424,,,,,1.114112
829,74.1242492063492,0,4.6759000979363918,,,,23715,0.001024,,,,0.084224,0.000256,0.066048,0.003328,,,,,1.1079679999999998
830,74.129490001417224,0,5.2407952025532722,,,,45905,0.001024,,,,0.082688,0,0.063744,0.0076799999999999993,,,,,1.11232
831,74.13434780328798,0,4.8578018322587013,,,,45255,0.0012799999999999999,,,,0.084224,0,0.066304,0.006912,,,,,1.3557759999999999
832,74.1395492063492,0,5.2014030516147614,,,,32577,0.001024,,,,0.0832,0.000256,0.065279999999999991,0.007936,,,,,1.3624319999999999
833,74.1445,0,4.9507934600114822,,,,41158,0.001024,,,,0.083456,0.000256,0.065024,0.007424,,,,,1.3706239999999998
834,74.149694600340126,0,5.1946002058684826,,,,68850,0.001024,,,,0.083968,0,0.066048,0.007424,,,,,1.39648
835,74.1552167020975,0,5.5221016518771648,,,,73673,0.0012799999999999999,,,,0.0832,0,0.064256,0.003584,,,,,1.115904
836,74.159938903061217,0,4.7222007997334,,,,40533,0.003584,,,,0.0832,0,0.064512,0.007424,,,,,1.124096
837,74.1647003047052,0,4.7614015638828278,,,,14475,0.001024,,,,0.08294399999999999,0,0.064512,0.007168,,,,,1.132032
838,74.170057305839,0,5.3570009768009186,,,,14475,0.001024,,,,0.08294399999999999,0,0.064512,0.007168,,,,,1.132032
839,74.174543601190479,0,4.4862953945994377,,,,14475,0.001024,,,,0.326912,0,0.06272,0.0097279999999999988,,,,,1.109248
840,74.1799700042517,0,5.426403135061264,,,,23689,0.002816,,,,0.083968,0,0.065536,0.007936,,,,,1.13408
841,74.184573100907031,0,4.6030967496335506,,,,14475,0.001024,,,,0.081664,0,0.06297599999999999,0.008192,,,,,1.1072
842,74.189964200680265,0,5.3910999558866024,,,,45307,0.001024,,,,0.082688,0,0.064767999999999992,0.0076799999999999993,,,,,1.366016
843,74.1946838010204,0,4.7196005471050739,,,,32046,0.001024,,,,0.084735999999999992,0.000256,0.066816,0.008192,,,,,1.368064
844,74.200108205782314,0,5.4244049824774265,,,,32304,0.001024,,,,0.086784,0,0.068096,0.003328,,,,,1.414912
845,74.204859502551017,0,4.75129671394825,,,,14475,0.001024,,,,0.08294399999999999,0,0.064256,0.004096,,,,,1.3808639999999999
846,74.209308701814052,0,4.4491994194686413,,,,14822,0.001024,,,,0.086528,0,0.068096,0.007168,,,,,1.130496
847,74.2140112032313,0,4.7025014646351337,,,,14475,0.001024,,,,0.080127999999999991,0,0.061695999999999994,0.0076799999999999993,,,,,1.108736
848,74.218814803004534,0,4.8035997897386551,,,,14475,0.001024,,,,0.082688,0,0.064512,0.007424,,,,,1.107456
849,74.2236415036848,0,4.8267007805407047,,,,14475,0.001024,,,,0.082176,0,0.063488,0.0076799999999999993,,,,,1.264384
850,74.228911302437638,0,5.2697989158332348,,,,46668,0.001024,,,,0.082176,0.000256,0.063488,0.006912,,,,,1.12512
851,74.233841404478454,0,4.93010226637125,,,,14475,0.001024,,,,0.079615999999999992,0,0.061695999999999994,0.007424,,,,,1.3808639999999999
852,74.239244401927436,0,5.4029976017773151,,,,14475,0.001024,,,,0.082688,0,0.064256,0.003584,,,,,1.393408
853,74.244679499716554,0,5.4350979626178741,,,,14475,0.001024,,,,0.083712,0.000256,0.064512,0.008192,,,,,1.125888
854,74.250339902210882,0,5.6604025885462761,,,,14475,0.003072,,,,0.081152,0,0.062208,0.012288,,,,,1.394432
855,74.255577203798182,0,5.23730181157589,,,,14475,0.001024,,,,0.083456,0,0.065279999999999991,0.003584,,,,,1.1299839999999999
856,74.260946804138314,0,5.3696003742516041,,,,32046,0.001024,,,,0.083456,0,0.065279999999999991,0.003584,,,,,1.1299839999999999
857,74.266196499433107,0,5.2496953867375851,,,,27684,0.0012799999999999999,,,,0.081664,0.000256,0.063232,0.007168,,,,,1.104384
858,74.271135700113376,0,4.9392008222639561,,,,14475,0.001024,,,,0.081408,0.000256,0.063488,0.007424,,,,,1.1328
859,74.275451799886625,0,4.3160999193787575,,,,14475,0.0012799999999999999,,,,0.08524799999999999,0,0.06656,0.003328,,,,,1.1097599999999999
860,74.280302005385479,0,4.85020549967885,,,,14475,0.001024,,,,0.081664,0,0.063488,0.0076799999999999993,,,,,1.12896
861,74.285317800453512,0,5.01579511910677,,,,14475,0.001024,,,,0.29952,0.000256,0.281088,0.0076799999999999993,,,,,1.2787199999999999
862,74.290878004535145,0,5.5602039210498333,,,,14475,0.001024,,,,0.29952,0.000256,0.281088,0.0076799999999999993,,,,,1.2787199999999999
863,74.295902104591832,0,5.0241001881659031,,,,14475,0.001024,,,,0.082176,0.000256,0.064,0.003584,,,,,1.279488
864,74.301160905612235,0,5.2588009275496006,,,,14475,0.001024,,,,0.081664,0.000256,0.064,0.003328,,,,,1.3823999999999999
865,74.3061246031746,0,4.963697399944067,,,,14475,0.001024,,,,0.083712,0.000256,0.064767999999999992,0.007424,,,,,1.3757439999999999
866,74.3113623015873,0,5.2376985549926758,,,,14822,0.001024,,,,0.083712,0,0.065279999999999991,0.004608,,,,,1.4044159999999999
867,74.315993204365071,0,4.6309027820825577,,,,14475,0.001024,,,,0.081664,0.000256,0.063744,0.0076799999999999993,,,,,1.3772799999999998
868,74.320647604875276,0,4.6544005163013935,,,,14475,0.001024,,,,0.080896,0,0.06272,0.0076799999999999993,,,,,1.110528
869,74.325535905612242,0,4.888300783932209,,,,14475,0.001024,,,,0.079872,0,0.062208,0.0076799999999999993,,,,,1.11616
870,74.330599305555552,0,5.0634001381695271,,,,14595,0.001024,,,,0.084735999999999992,0,0.066048,0.007936,,,,,1.132288
871,74.335843799603168,0,5.2444939501583576,,,,14475,0.001024,,,,0.08294399999999999,0,0.064,0.007424,,,,,1.1079679999999998
872,74.340929102891153,0,5.0853034481406212,,,,14475,0.0012799999999999999,,,,0.084224,0,0.065536,0.007424,,,,,1.37984
873,74.345816999716547,0,4.8878970555961132,,,,14475,0.001024,,,,0.082688,0,0.062464,0.007424,,,,,1.2671999999999999
874,74.351426601473918,0,5.6096017360687256,,,,14475,0.001024,,,,0.082688,0,0.064512,0.010752,,,,,1.3975039999999999
875,74.356462499999992,0,5.0358986482024193,,,,14475,0.001024,,,,0.083712,0,0.065536,0.007936,,,,,1.398784
876,74.361293601190468,0,4.8311012797057629,,,,14475,0.001024,,,,0.080639999999999989,0,0.061952,0.007424,,,,,1.388544
877,74.366647406462576,0,5.3538051433861256,,,,14475,0.001024,,,,0.080639999999999989,0,0.061952,0.007424,,,,,1.388544
878,74.37105,0,4.4025937095284462,,,,14475,0.001024,,,,0.081152,0,0.063488,0.0076799999999999993,,,,,1.132288
879,74.375978805272112,0,4.9288053996860981,,,,14475,0.001024,,,,0.083456,0.000256,0.064767999999999992,0.009472,,,,,1.13024
880,74.381839703798178,0,5.8608986437320709,,,,14475,0.001024,,,,0.0832,0,0.065279999999999991,0.007936,,,,,1.129472
881,74.387139200680267,0,5.2994969300925732,,,,20917,0.001024,,,,0.081152,0,0.06297599999999999,0.007168,,,,,1.1072
882,74.391631604308387,0,4.4924034737050533,,,,14527,0.001024,,,,0.082688,0,0.064512,0.011519999999999999,,,,,1.134592
883,74.3969415036848,0,5.3098993375897408,,,,14475,0.0012799999999999999,,,,0.32716799999999996,0,0.06272,0.005632,,,,,1.106944
884,74.401639505385489,0,4.6980017796158791,,,,14475,0.001024,,,,0.083968,0.000256,0.065536,0.0076799999999999993,,,,,1.108736
885,74.406693501984122,0,5.0539965741336346,,,,14475,0.002816,,,,0.080896,0.000256,0.062208,0.004096,,,,,1.350912
886,74.411661600056689,0,4.9680978991091251,,,,14677,0.002816,,,,0.080896,0.000256,0.062208,0.004096,,,,,1.350912
887,74.416554102891155,0,4.8925029113888741,,,,14475,0.0012799999999999999,,,,0.084992,0,0.066816,0.003584,,,,,1.378048
888,74.421084105725626,0,4.5300028286874294,,,,14475,0.0038399999999999997,,,,0.083712,0.000256,0.065024,0.007936,,,,,1.112064
889,74.427096704931969,0,6.0125989839434624,,,,14475,0.0038399999999999997,,,,0.083712,0.000256,0.065024,0.007936,,,,,1.112064
890,74.432398100907022,0,5.3013958968222141,,,,14475,0.001024,,,,0.083712,0,0.065536,0.007424,,,,,1.133568
891,74.437054499716552,0,4.656398668885231,,,,14475,0.0012799999999999999,,,,0.08294399999999999,0.000256,0.064767999999999992,0.007424,,,,,1.128448
892,74.443910005668926,0,6.8555059842765331,,,,14475,0.0012799999999999999,,,,0.08294399999999999,0.000256,0.064767999999999992,0.007424,,,,,1.128448
893,74.448846804138313,0,4.9367984756827354,,,,14475,0.001024,,,,0.083712,0,0.064256,0.0076799999999999993,,,,,1.107712
894,74.453712003968249,0,4.8651997931301594,,,,14475,0.001024,,,,0.083712,0,0.064256,0.0076799999999999993,,,,,1.107712
895,74.458192106009065,0,4.4801020994782448,,,,14475,0.0012799999999999999,,,,0.08448,0,0.066304,0.007424,,,,,1.1079679999999998
896,74.462997200963713,0,4.8050950281322,,,,14475,0.001024,,,,0.0832,0,0.064512,0.0076799999999999993,,,,,1.112576
897,74.468191099773236,0,5.1938989199697971,,,,14475,0.001024,,,,0.082688,0,0.064256,0.010239999999999999,,,,,1.10848
898,74.47270860260771,0,4.5175026170909405,,,,14475,0.001024,,,,0.081408,0,0.062464,0.007424,,,,,1.287424
899,74.477506299603178,0,4.7976970672607422,,,,14475,0.001024,,,,0.080896,0,0.06272,0.007424,,,,,1.3790719999999999
900,74.481970103458053,0,4.4638039544224739,,,,14595,0.003072,,,,0.082688,0,0.064256,0.007424,,,,,1.1115519999999999
901,74.4871781037415,0,5.20800007507205,,,,14475,0.003072,,,,0.082688,0,0.064256,0.007424,,,,,1.1115519999999999
902,74.491623405612245,0,4.4453018344938755,,,,29515,0.001024,,,,0.08524799999999999,0.000256,0.06656,0.007936,,,,,1.1230719999999998
903,74.496611401643989,0,4.9879960715770721,,,,58399,0.001024,,,,0.08524799999999999,0.000256,0.06656,0.007936,,,,,1.1230719999999998
904,74.5077485048186,0,11.137102730572224,,,,374475,0.001024,,,,0.083456,0,0.064512,0.007424,,,,,1.105408
905,74.513893402777768,0,6.1448980122804642,,,,26497,0.001024,,,,0.08576,0,0.067071999999999993,0.007424,,,,,1.36704
906,74.518894501133786,0,5.00109838321805,,,,14475,0.001024,,,,0.084735999999999992,0,0.065792,0.0051199999999999996,,,,,1.627392
907,74.523683900226757,0,4.7893989831209183,,,,14475,0.001024,,,,0.079872,0.000256,0.061952,0.007424,,,,,1.280768
908,74.528419699546475,0,4.7357995063066483,,,,14475,0.001024,,,,0.08448,0,0.066304,0.003584,,,,,1.115392
909,74.533262705498856,0,4.8430059105157852,,,,14475,0.003584,,,,0.082688,0,0.064,0.012032,,,,,1.391872
910,74.538314299886622,0,5.0515942275524139,,,,14475,0.001024,,,,0.08294399999999999,0,0.064767999999999992,0.007424,,,,,1.36704
911,74.542945804988662,0,4.6315048821270466,,,,14475,0.001024,,,,0.083712,0,0.065024,0.012032,,,,,1.1148799999999999
912,74.547782001133783,0,4.8361960798501968,,,,14475,0.001024,,,,0.0832,0.000256,0.064512,0.009216,,,,,1.1328
913,74.552925701530611,0,5.1437001675367355,,,,14475,0.001024,,,,0.086272,0,0.067583999999999991,0.003072,,,,,1.100288
914,74.557520804988656,0,4.5951036736369133,,,,14475,0.001024,,,,0.0832,0.000256,0.064512,0.0076799999999999993,,,,,1.1072
915,74.562550602324265,0,5.0297975540161133,,,,14475,0.001024,,,,0.260864,0,0.065024,0.007424,,,,,1.110528
916,74.567562705498858,0,5.0121033564209938,,,,14475,0.001024,,,,0.0832,0.000256,0.065279999999999991,0.0051199999999999996,,,,,1.288192
917,74.5722327026644,0,4.6699973754584789,,,,17389,0.001024,,,,0.08524799999999999,0,0.067071999999999993,0.0076799999999999993,,,,,1.621248
918,74.576968105158727,0,4.7354022972285748,,,,137445,0.001024,,,,0.083712,0,0.065279999999999991,0.0076799999999999993,,,,,1.367808
919,74.586517701247161,0,9.5495963469147682,,,,14475,0.003328,,,,0.0832,0.000256,0.064256,0.007424,,,,,1.1133439999999999
920,74.592433701814059,0,5.9160003438591957,,,,14475,0.001024,,,,0.082176,0,0.064256,0.007424,,,,,1.1072
921,74.597189002267569,0,4.7553004696965218,,,,14527,0.001024,,,,0.089343999999999993,0.000256,0.07039999999999999,0.007936,,,,,1.1164159999999999
922,74.6025125,0,5.3234975785017014,,,,14475,0.001024,,,,0.089343999999999993,0.000256,0.07039999999999999,0.007936,,,,,1.1164159999999999
923,74.607206299603178,0,4.693799652159214,,,,14475,0.001024,,,,0.086784,0,0.067328,0.0076799999999999993,,,,,1.108736
924,74.612464505385489,0,5.2582058124244213,,,,14677,0.001024,,,,0.0832,0.000256,0.065279999999999991,0.007936,,,,,1.2864
925,74.617328202947846,0,4.8636975698173046,,,,14475,0.001024,,,,0.0832,0,0.065024,0.0076799999999999993,,,,,1.276672
926,74.62215610119047,0,4.82789846137166,,,,14475,0.001024,,,,0.082688,0,0.064512,0.0038399999999999997,,,,,1.398528
927,74.6264038052721,0,4.247704055160284,,,,14475,0.001024,,,,0.081152,0,0.06272,0.0076799999999999993,,,,,1.371648
928,74.631371003401355,0,4.9671982415020466,,,,14475,0.0012799999999999999,,,,0.084735999999999992,0,0.066304,0.011776,,,,,1.108992
929,74.63720050311791,0,5.8294995687901974,,,,14595,0.0012799999999999999,,,,0.08524799999999999,0,0.066816,0.0076799999999999993,,,,,1.108736
930,74.642999702380948,0,5.79919945448637,,,,14475,0.001024,,,,0.083456,0,0.065024,0.007424,,,,,1.111808
931,74.647933900226761,0,4.9341977573931217,,,,14475,0.001024,,,,0.08294399999999999,0.000256,0.064,0.010496,,,,,1.125376
932,74.653272505668937,0,5.3386054933071136,,,,14475,0.001024,,,,0.081919999999999993,0,0.064,0.007424,,,,,1.106688
933,74.6581580994898,0,4.8855938948690891,,,,14475,0.001024,,,,0.084224,0,0.066048,0.007424,,,,,1.5298559999999999
934,74.663282199546487,0,5.1241000182926655,,,,14475,0.001024,,,,0.39039999999999997,0,0.067328,0.008704,,,,,1.289728
935,74.668489406179134,0,5.2072065882384777,,,,14475,0.001024,,,,0.08294399999999999,0.000256,0.065024,0.007936,,,,,1.1112959999999998
936,74.675315802154188,0,6.8263961002230644,,,,14475,0.001024,,,,0.08294399999999999,0.000256,0.065024,0.007936,,,,,1.1112959999999998
937,74.680017800453513,0,4.7019980847835541,,,,14475,0.002304,,,,0.083712,0,0.065024,0.0048639999999999994,,,,,1.131008
938,74.685148200113375,0,5.1303994841873646,,,,14475,0.001024,,,,0.081919999999999993,0,0.063744,0.007424,,,,,1.301248
939,74.689711302437644,0,4.5631024986505508,,,,14475,0.001792,,,,0.0832,0.000256,0.064767999999999992,0.0076799999999999993,,,,,1.105408
940,74.694647902494324,0,4.9366001039743423,,,,14475,0.0012799999999999999,,,,0.083456,0.000256,0.065279999999999991,0.003328,,,,,1.347072
941,74.699335501700673,0,4.6875993721187115,,,,14475,0.001024,,,,0.084735999999999992,0.000256,0.066048,0.0076799999999999993,,,,,1.403904
942,74.704243005952378,0,4.9075041897594929,,,,30717,0.001024,,,,0.084224,0,0.066048,0.0076799999999999993,,,,,1.110016
943,74.711116602891153,0,6.8735969252884388,,,,172836,0.001024,,,,0.081919999999999993,0.000256,0.063488,0.007936,,,,,1.1072
944,74.719990100623576,0,8.8734980672597885,,,,266261,0.001024,,,,0.084735999999999992,0.000256,0.065536,0.008192,,,,,1.1130879999999999
945,74.72504450113378,0,5.05440030246973,,,,26295,0.001024,,,,0.082431999999999991,0,0.063488,0.007424,,,,,1.1072
946,74.7299779053288,0,4.9334042705595493,,,,33579,0.002304,,,,0.083456,0,0.065279999999999991,0.009472,,,,,1.105408
947,74.7350575042517,0,5.0795990973711014,,,,24810,0.001024,,,,0.080127999999999991,0,0.063744,0.007424,,,,,1.110272
948,74.73960340136054,0,4.5458972454071045,,,,14475,0.001024,,,,0.080896,0.000256,0.06272,0.007936,,,,,1.374464
949,74.744717502834462,0,5.1141013391315937,,,,32046,0.001024,,,,0.085504,0,0.067328,0.007936,,,,,1.399808
950,74.749261600056684,0,4.5440969988703728,,,,27684,0.001024,,,,0.087551999999999991,0.000256,0.069376,0.005888,,,,,1.3606399999999998
951,74.753851906179136,0,4.5903059653937817,,,,23350,0.001024,,,,0.083968,0.000256,0.065279999999999991,0.007424,,,,,1.117696
952,74.7586667020975,0,4.8147961497306824,,,,17522,0.001024,,,,0.082176,0,0.063744,0.003328,,,,,1.1082239999999999
953,74.7631827026644,0,4.5160003937780857,,,,41366,0.001024,,,,0.08524799999999999,0.000256,0.067071999999999993,0.007936,,,,,1.108992
954,74.768601105442173,0,5.41840260848403,,,,41842,0.001024,,,,0.08448,0.000256,0.065279999999999991,0.007424,,,,,1.110528
955,74.7733665036848,0,4.76539833471179,,,,14475,0.001024,,,,0.080639999999999989,0,0.062464,0.003584,,,,,1.41824
956,74.778455605158726,0,5.0891013815999031,,,,85841,0.001024,,,,0.086528,0.000256,0.068352,0.007424,,,,,1.399552
957,74.785969501133778,0,7.5138960964977741,,,,14475,0.001024,,,,0.086016,0.000256,0.06784,0.008192,,,,,1.375232
958,74.791329705215418,0,5.3602042607963085,,,,14595,0.001024,,,,0.084224,0.000256,0.065792,0.007424,,,,,1.6051199999999999
959,74.796286805555553,0,4.9571003764867783,,,,14475,0.0012799999999999999,,,,0.0832,0,0.065279999999999991,0.006912,,,,,1.602048
960,74.801375,0,5.0881942734122276,,,,14527,0.001024,,,,0.082688,0,0.064767999999999992,0.010496,,,,,1.127936
961,74.806137003968246,0,4.762004129588604,,,,14475,0.001024,,,,0.080896,0,0.061695999999999994,0.0076799999999999993,,,,,1.2835839999999998
962,74.811063903061225,0,4.92689898237586,,,,27723,0.001024,,,,0.083456,0,0.064256,0.0051199999999999996,,,,,1.420032
963,74.816155803571419,0,5.09190047159791,,,,14475,0.002816,,,,0.082176,0.000256,0.064,0.008192,,,,,1.376512
964,74.821052203798189,0,4.8964000307023525,,,,14475,0.001024,,,,0.08294399999999999,0,0.064767999999999992,0.0076799999999999993,,,,,1.136896
965,74.826171804138312,0,5.1196003332734108,,,,15119,0.001024,,,,0.082176,0.000256,0.063744,0.0076799999999999993,,,,,1.105664
966,74.831504804421769,0,5.33300032839179,,,,14475,0.001024,,,,0.082176,0,0.064,0.007936,,,,,1.126144
967,74.836193799603166,0,4.6889949589967728,,,,14475,0.001024,,,,0.08448,0,0.065792,0.007424,,,,,1.11232
968,74.8410086026077,0,4.814803134649992,,,,56653,0.001024,,,,0.081919999999999993,0,0.063744,0.007424,,,,,1.106688
969,74.85234790249433,0,11.339300312101841,,,,380548,0.001024,,,,0.08294399999999999,0.000256,0.064512,0.009216,,,,,1.105664
970,74.8587292020975,0,6.3812998123466969,,,,26295,0.001024,,,,0.084224,0,0.066048,0.003584,,,,,1.287936
971,74.863706901927429,0,4.9776998348534107,,,,14475,0.001024,,,,0.081152,0,0.06272,0.0076799999999999993,,,,,1.375232
972,74.868871400226752,0,5.1644984632730484,,,,14475,0.001024,,,,0.079872,0,0.063232,0.0076799999999999993,,,,,1.102848
973,74.873826204648523,0,4.9548042006790638,,,,20259,0.003328,,,,0.08524799999999999,0,0.066048,0.007424,,,,,1.1197439999999999
974,74.878630399659855,0,4.8041949048638344,,,,14475,0.001024,,,,0.08524799999999999,0,0.067071999999999993,0.007424,,,,,1.284864
975,74.8832108064059,0,4.5804069377481937,,,,14475,0.001024,,,,0.083456,0,0.064512,0.0076799999999999993,,,,,1.385472
976,74.888803401360548,0,5.5925948545336723,,,,20917,0.001024,,,,0.083456,0,0.064512,0.0076799999999999993,,,,,1.385472
977,74.893609502551016,0,4.8061013221740723,,,,14475,0.001024,,,,0.083968,0,0.065536,0.008192,,,,,1.11104
978,74.8981704010771,0,4.5608985237777233,,,,14475,0.001024,,,,0.083712,0,0.065279999999999991,0.006912,,,,,1.104128
979,74.903127303004538,0,4.9569020047783852,,,,14475,0.001024,,,,0.08294399999999999,0,0.064,0.007424,,,,,1.1136
980,74.90788399943311,0,4.75669652223587,,,,14475,0.0012799999999999999,,,,0.0832,0,0.065024,0.0076799999999999993,,,,,1.104128
981,74.912842205215412,0,4.9582058563828468,,,,14822,0.001024,,,,0.081408,0,0.062208,0.007424,,,,,1.1164159999999999
982,74.9179242063492,0,5.0820009782910347,,,,20259,0.001024,,,,0.082688,0.000256,0.064256,0.007168,,,,,1.304832
983,74.923066900510207,0,5.1426943391561508,,,,14475,0.001024,,,,0.083712,0,0.065792,0.007424,,,,,1.281792
984,74.928366404478453,0,5.2995039150118828,,,,14475,0.001024,,,,0.084735999999999992,0,0.065536,0.010496,,,,,1.387776
985,74.933744005102042,0,5.377600435167551,,,,590844033,0.001024,,,,0.08576,0,0.06784,0.0048639999999999994,,,,,1.130752
986,74.9441204010771,0,10.376395657658577,,,,590849698,0.001024,,,,0.08576,0,0.06784,0.0048639999999999994,,,,,1.130752
987,74.952853401360542,0,8.7330006062984467,,,,14475,0.003328,,,,0.0832,0,0.065024,0.003328,,,,,1.13024
988,74.963221903344675,0,10.368501767516136,,,,14475,0.003584,,,,0.08294399999999999,0,0.064256,0.008192,,,,,1.1097599999999999
989,74.974605002834465,0,11.383099481463432,,,,14475,0.001024,,,,0.08524799999999999,0.000256,0.067071999999999993,0.0076799999999999993,,,,,1.107456
990,74.98381140164399,0,9.2063983902335167,,,,87413,0.001024,,,,0.082688,0.000256,0.064512,0.003584,,,,,1.108992
991,75.011191602891159,0,27.38020196557045,,,,14874,0.001024,,,,0.082688,0.000256,0.064512,0.003584,,,,,1.108992
992,75.020778706065755,0,9.5871035009622574,,,,590886755,0.001024,,,,0.08576,0,0.066816,0.007424,,,,,1.289472
993,75.083786302437645,0,63.007593154907227,,,,380531,0.0012799999999999999,,,,0.082688,0,0.064512,0.010239999999999999,,,,,1.3672959999999998
994,75.092610905612247,0,8.8246036320924759,,,,26415,0.0012799999999999999,,,,0.082688,0,0.064512,0.010239999999999999,,,,,1.3672959999999998
995,75.0989832057823,0,6.3722999766469,,,,14475,0.001024,,,,0.080127999999999991,0,0.063488,0.007424,,,,,1.104384
996,75.10450210459183,0,5.5188988335430622,,,,14475,0.001024,,,,0.080639999999999989,0.000256,0.063232,0.009216,,,,,1.283072
997,75.110854499716552,0,6.3523952849209309,,,,14677,0.001024,,,,0.082431999999999991,0.000256,0.064512,0.011776,,,,,1.1048959999999999
998,75.116309700963711,0,5.4552010260522366,,,,14475,0.001024,,,,0.082688,0,0.064512,0.010752,,,,,1.12896
999,75.122090100623581,0,5.780399776995182,,,,14475,0.001024,,,,0.082176,0,0.064,0.0076799999999999993,,,,,1.126144
1000,75.1277915036848,0,5.7014031335711479,,,,14475,0.001024,,,,0.082176,0,0.064,0.0076799999999999993,,,,,1.126144
1001,75.133065802154192,0,5.2742986008524895,,,,14475,0.001024,,,,0.0832,0,0.064767999999999992,0.007936,,,,,1.13024
1002,75.138284304138324,0,5.2185021340847015,,,,14475,0.001024,,,,0.086272,0,0.068352,0.003072,,,,,1.1266559999999999
1003,75.143008099489791,0,4.723795223981142,,,,14475,0.001024,,,,0.081408,0,0.062464,0.007936,,,,,1.110272
1004,75.148050602324261,0,5.0425026565790176,,,,14475,0.001024,,,,0.084992,0,0.06656,0.0076799999999999993,,,,,1.1112959999999998
1005,75.153097604875285,0,5.0470023415982723,,,,17024,0.0025599999999999998,,,,0.080639999999999989,0,0.06272,0.007424,,,,,1.110272
1006,75.158633304988655,0,5.5356998927891254,,,,14475,0.001024,,,,0.316416,0.000256,0.064512,0.009216,,,,,1.108736
1007,75.1633283021542,0,4.6949973329901695,,,,14475,0.001024,,,,0.08576,0,0.066304,0.23884799999999998,,,,,1.10848
1008,75.168570904195008,0,5.2426019683480263,,,,14475,0.001024,,,,0.086016,0.000256,0.067328,0.003328,,,,,1.2735999999999998
1009,75.173477303004532,0,4.9063987098634243,,,,14475,0.001024,,,,0.084992,0.000256,0.06656,0.007936,,,,,1.1072
1010,75.178444600340129,0,4.9672974273562431,,,,14475,0.001024,,,,0.084992,0.000256,0.06656,0.007936,,,,,1.1072
1011,75.183601303854871,0,5.1567032933235168,,,,340203,0.001024,,,,0.083712,0,0.064767999999999992,0.007424,,,,,1.3808639999999999
1012,75.194830505952382,0,11.229202151298523,,,,14475,0.001024,,,,0.083712,0.000256,0.064767999999999992,0.003328,,,,,1.124608
1013,75.200605505952382,0,5.7749999687075615,,,,14475,0.001024,,,,0.083712,0,0.065279999999999991,0.0076799999999999993,,,,,1.103872
1014,75.20530580357142,0,4.7002974897623062,,,,14475,0.001024,,,,0.406016,0,0.387584,0.003328,,,,,1.455616
1015,75.211272604875276,0,5.9668011963367462,,,,14729,0.001024,,,,0.084224,0,0.065792,0.010752,,,,,1.11104
1016,75.2166625,0,5.3898952901363373,,,,14475,0.001024,,,,0.08576,0,0.06656,0.008192,,,,,1.4143999999999999
1017,75.2225700042517,0,5.907504353672266,,,,14475,0.001024,,,,0.08524799999999999,0,0.067071999999999993,0.007424,,,,,1.308416
1018,75.2288871031746,0,6.3170990906655788,,,,14475,0.001024,,,,0.082176,0,0.063744,0.007424,,,,,1.110016
1019,75.239308503401361,0,10.421399958431721,,,,14475,0.001024,,,,0.082176,0,0.063744,0.007424,,,,,1.110016
1020,75.251431200396823,0,12.122697196900845,,,,14595,0.001024,,,,0.0832,0.000256,0.064767999999999992,0.007168,,,,,1.392128
1021,75.2605917020975,0,9.1605018824338913,,,,14475,0.001024,,,,0.081919999999999993,0,0.063488,0.0076799999999999993,,,,,1.115136
1022,75.266019005102038,0,5.4273027926683426,,,,14475,0.0012799999999999999,,,,0.078336,0,0.062208,0.009984,,,,,1.108992
1023,75.2732371031746,0,7.2180982679128647,,,,14475,0.001024,,,,0.083456,0,0.065279999999999991,0.15103999999999998,,,,,1.1263999999999998
1024,75.279589406179142,0,6.3523030839860439,,,,14475,0.001024,,,,0.082176,0,0.063744,0.0076799999999999993,,,,,1.108736
1025,75.284876204648526,0,5.2867983467876911,,,,14475,0.001024,,,,0.085504,0.000256,0.067328,0.003328,,,,,1.398784
1026,75.289595804988664,0,4.7196005471050739,,,,14475,0.001024,,,,0.08294399999999999,0,0.064767999999999992,0.0076799999999999993,,,,,1.3952
1027,75.29499440192744,0,5.398597102612257,,,,14475,0.001024,,,,0.083968,0,0.065536,0.011264,,,,,1.36192
1028,75.30063300028344,0,5.6385984644293785,,,,14475,0.001024,,,,0.08524799999999999,0,0.067328,0.003584,,,,,1.374976
1029,75.307991305272111,0,7.3583051562309265,,,,14475,0.001024,,,,0.083712,0.000256,0.065536,0.008192,,,,,1.368576
1030,75.317645500283447,0,9.6541950479149818,,,,14660,0.001024,,,,0.0832,0.000256,0.064767999999999992,0.0076799999999999993,,,,,1.114112
1031,75.323712003968254,0,6.066503468900919,,,,14492,0.001024,,,,0.08576,0,0.067583999999999991,0.007936,,,,,1.109248
1032,75.3293464994331,0,5.63449552282691,,,,14475,0.001024,,,,0.084992,0,0.06656,0.0038399999999999997,,,,,1.362944
1033,75.334588003117915,0,5.2415034733712673,,,,14475,0.001024,,,,0.080127999999999991,0.000256,0.063744,0.004352,,,,,1.3739519999999998
1034,75.339344005102035,0,4.7560017555952072,,,,14475,0.001024,,,,0.08294399999999999,0.000256,0.064512,0.006912,,,,,1.28768
1035,75.343776006235828,0,4.4320011511445045,,,,14475,0.001024,,,,0.084992,0,0.066048,0.0051199999999999996,,,,,1.360128
1036,75.348603599773242,0,4.8275934532284737,,,,14475,0.001024,,,,0.082431999999999991,0,0.063744,0.010752,,,,,1.105152
1037,75.353442800453507,0,4.8392005264759064,,,,14475,0.001024,,,,0.084992,0,0.066048,0.005888,,,,,1.1097599999999999
1038,75.3582496031746,0,4.8068026080727577,,,,14475,0.001024,,,,0.082688,0,0.06297599999999999,0.007424,,,,,1.107456
1039,75.362991206065757,0,4.7416030429303646,,,,590843841,0.001024,,,,0.083712,0,0.065279999999999991,0.003328,,,,,1.373184
1040,75.399863003117915,0,36.87179833650589,,,,95049,0.001024,,,,0.08576,0.000256,0.067328,0.007936,,,,,1.284864
1041,75.435323200113373,0,35.460196435451508,,,,380870,0.001024,,,,0.081664,0.000256,0.063744,0.006656,,,,,1.363456
1042,75.448367701247165,0,13.044500723481178,,,,26347,0.001024,,,,0.081664,0.000256,0.063744,0.006656,,,,,1.363456
1043,75.458313506235825,0,9.9458051845431328,,,,14475,0.001024,,,,0.079872,0,0.063232,0.004352,,,,,1.360128
1044,75.4675996031746,0,9.28609725087881,,,,14475,0.001024,,,,0.080384,0.000256,0.063488,0.008704,,,,,1.0997759999999999
1045,75.478563903061215,0,10.96429955214262,,,,14475,0.001024,,,,0.080384,0.000256,0.063488,0.008704,,,,,1.0997759999999999
1046,75.487492502834471,0,8.9285997673869133,,,,14475,0.001024,,,,0.07936,0,0.06272,0.010496,,,,,1.108736
1047,75.4970413052721,0,9.5488028600811958,,,,14475,0.001024,,,,0.081408,0,0.063232,0.007936,,,,,1.361664
1048,75.504838102324257,0,7.7967969700694084,,,,14475,0.001024,,,,0.082431999999999991,0,0.065536,0.007424,,,,,1.345024
1049,75.513541602891152,0,8.7035009637475014,,,,14677,0.001024,,,,0.083456,0,0.065536,0.0076799999999999993,,,,,1.108992
1050,75.521986302437639,0,8.4446994587779045,,,,14475,0.001024,,,,0.078336,0.000256,0.062208,0.0076799999999999993,,,,,1.112832
1051,75.530817701247159,0,8.83139856159687,,,,14475,0.001024,,,,0.08576,0,0.067583999999999991,0.005632,,,,,1.1064319999999999
1052,75.5395373015873,0,8.71960073709488,,,,14475,0.001024,,,,0.077311999999999992,0.000256,0.061183999999999995,0.005376,,,,,1.1164159999999999
1053,75.5481242063492,0,8.5869049653410912,,,,14475,0.0012799999999999999,,,,0.079872,0,0.063488,0.006144,,,,,1.11104
1054,75.556859403344674,0,8.73519666492939,,,,14475,0.001024,,,,0.081919999999999993,0,0.064256,0.003328,,,,,1.1064319999999999
1055,75.565881299603177,0,9.0218959376215935,,,,14475,0.001024,,,,0.082176,0,0.065279999999999991,0.006912,,,,,1.37344
1056,75.5753086026077,0,9.4273034483194351,,,,14475,0.001024,,,,0.082431999999999991,0.000256,0.063744,0.010752,,,,,1.1082239999999999
1057,75.590536104024935,0,15.227501280605793,,,,14475,0.001024,,,,0.07782399999999999,0.000256,0.061695999999999994,0.0076799999999999993,,,,,1.35808
1058,75.610927600623583,0,20.391495898365974,,,,92141,0.001024,,,,0.081919999999999993,0.000256,0.065279999999999991,0.0076799999999999993,,,,,1.115392
1059,75.625743700396825,0,14.816099777817726,,,,14475,0.001024,,,,0.31257599999999996,0,0.065536,0.0038399999999999997,,,,,1.1046399999999998
1060,75.634636401643988,0,8.8927010074257851,,,,14475,0.001024,,,,0.07936,0.000256,0.06297599999999999,0.0076799999999999993,,,,,1.10592
1061,75.642682199546485,0,8.0457981675863266,,,,14475,0.001024,,,,0.087551999999999991,0,0.06912,0.003072,,,,,1.1015679999999999
1062,75.652346704931972,0,9.66450572013855,,,,26240,0.001024,,,,0.087808,0.000256,0.068096,0.0076799999999999993,,,,,1.1046399999999998
1063,75.66100680272109,0,8.6600976064801216,,,,14475,0.0012799999999999999,,,,0.082688,0.000256,0.064767999999999992,0.006912,,,,,1.360128
1064,75.668223100907028,0,7.216298021376133,,,,14475,0.001024,,,,0.082176,0,0.065024,0.007424,,,,,1.106176
1065,75.675872002551017,0,7.6489015482366085,,,,14475,0.001024,,,,0.081919999999999993,0,0.064,0.007424,,,,,1.475584
1066,75.683257100340128,0,7.3850979097187519,,,,14475,0.001024,,,,0.325376,0.000256,0.066048,0.007424,,,,,1.10592
1067,75.690345202664389,0,7.088102400302887,,,,14475,0.001024,,,,0.325376,0.000256,0.066048,0.007424,,,,,1.10592
1068,75.698064406179142,0,7.7192033641040325,,,,14475,0.001024,,,,0.080639999999999989,0,0.062464,0.007424,,,,,1.279488
1069,75.7062463010204,0,8.18189512938261,,,,14475,0.001024,,,,0.080896,0,0.063744,0.007168,,,,,1.1079679999999998
1070,75.71346510062358,0,7.21879955381155,,,,14475,0.001024,,,,0.080896,0,0.064256,0.0076799999999999993,,,,,1.106944
1071,75.727046804138325,0,13.581703417003155,,,,14822,0.154112,,,,0.082176,0.000256,0.063488,0.007936,,,,,1.1082239999999999
1072,75.736333205782316,0,9.28640179336071,,,,14475,0.001024,,,,0.079872,0,0.061439999999999995,0.0076799999999999993,,,,,1.1048959999999999
1073,75.7443589994331,0,8.0257933586835861,,,,14475,0.001024,,,,0.079104,0.000256,0.06272,0.004096,,,,,1.3808639999999999
1074,75.7518246031746,0,7.46560376137495,,,,14475,0.0012799999999999999,,,,0.080384,0,0.064,0.007424,,,,,1.109504
1075,75.758772300170065,0,6.947697140276432,,,,14595,0.001024,,,,0.080384,0,0.063744,0.0076799999999999993,,,,,1.370112
1076,75.9821169005102,0,223.3445942401886,,,,649098,0.003584,,,,0.0832,0,0.064767999999999992,0.009472,,,,,1.105664
1077,75.993225899943312,0,11.108999140560627,,,,21089,0.003584,,,,0.0832,0,0.064767999999999992,0.009472,,,,,1.105664
1078,76.006191404478457,0,12.965504080057144,,,,32286,0.0038399999999999997,,,,0.079615999999999992,0,0.063232,0.009472,,,,,1.1082239999999999
1079,76.013046003401357,0,6.8545988760888577,,,,28860,0.001024,,,,0.07936,0.000256,0.062464,0.008192,,,,,1.1115519999999999
1080,76.022121903344669,0,9.0758996084332466,,,,14475,0.001024,,,,0.089343999999999993,0,0.069887999999999992,0.0076799999999999993,,,,,1.664256
1081,76.0290033021542,0,6.8813986144959927,,,,32046,0.001024,,,,0.079104,0,0.060416,0.0076799999999999993,,,,,1.346048
1082,76.034910402494333,0,5.9071001596748829,,,,29008,0.001024,,,,0.08576,0,0.067583999999999991,0.003584,,,,,1.1233279999999999
1083,76.040701105442167,0,5.7907029986381531,,,,14475,0.001024,,,,0.081664,0.000256,0.063488,0.007936,,,,,1.1299839999999999
1084,76.0450996031746,0,4.3984977528452873,,,,14475,0.001024,,,,0.081408,0,0.063232,0.0076799999999999993,,,,,1.3859839999999999
1085,76.049867106009074,0,4.7675026580691338,,,,14475,0.001024,,,,0.08448,0.000256,0.06656,0.0038399999999999997,,,,,1.609472
1086,76.054708099489787,0,4.8409933224320412,,,,14475,0.001024,,,,0.082176,0,0.064,0.003584,,,,,1.105664
1087,76.059877600623579,0,5.1695010624825954,,,,14475,0.001536,,,,0.083456,0,0.065279999999999991,0.0076799999999999993,,,,,1.110272
1088,76.071911805555558,0,12.034204788506031,,,,14475,0.001536,,,,0.083456,0,0.065279999999999991,0.0076799999999999993,,,,,1.110272
1089,76.076617899659865,0,4.706094041466713,,,,14475,0.001024,,,,0.082688,0,0.063488,0.007424,,,,,1.125376
1090,76.081158205782316,0,4.5403060503304005,,,,14677,0.001024,,,,0.086528,0,0.068096,0.007424,,,,,1.131776
1091,76.085701403061222,0,4.5431973412632942,,,,14475,0.001024,,,,0.080127999999999991,0,0.064,0.003584,,,,,1.102336
1092,76.091286600056691,0,5.5851968936622143,,,,14475,0.001024,,,,0.080896,0.000256,0.062464,0.007936,,,,,1.103616
1093,76.096648001700672,0,5.3614014759659767,,,,14475,0.001024,,,,0.082176,0,0.063744,0.003072,,,,,1.1330559999999998
1094,76.102095904195011,0,5.4479027166962624,,,,14475,0.001024,,,,0.082176,0,0.063744,0.003072,,,,,1.1330559999999998
1095,76.107305605158729,0,5.2097011357545853,,,,14475,0.001024,,,,0.083456,0,0.065024,0.007424,,,,,1.313536
1096,76.112964505385492,0,5.6589003652334213,,,,14475,0.001024,,,,0.23577599999999999,0.000256,0.21734399999999998,0.007424,,,,,1.125888
1097,76.118247902494332,0,5.2833971567451954,,,,14475,0.001024,,,,0.08832,0,0.069632,0.005888,,,,,1.425408
1098,76.123177699829924,0,4.9297972582280636,,,,14475,0.001024,,,,0.084224,0,0.065792,0.0076799999999999993,,,,,1.366016
1099,76.129033000283442,0,5.8553004637360573,,,,14475,0.001024,,,,0.084224,0,0.065792,0.0076799999999999993,,,,,1.366016
1100,76.134592701247158,0,5.5597010068595409,,,,14475,0.001024,,,,0.08448,0.000256,0.066304,0.0076799999999999993,,,,,1.3675519999999999
1101,76.139960905612242,0,5.3682043217122555,,,,590843841,0.001024,,,,0.083456,0.000256,0.065279999999999991,0.007936,,,,,1.108736
1102,76.153115901360536,0,13.154995627701283,,,,14595,0.003584,,,,0.081919999999999993,0,0.063232,0.009984,,,,,1.107712
1103,76.169888506235822,0,16.77260547876358,,,,17024,0.003584,,,,0.081919999999999993,0,0.063232,0.009984,,,,,1.107712
1104,76.180510806405891,0,10.622300207614899,,,,14677,0.001024,,,,0.081408,0,0.065279999999999991,0.006912,,,,,1.110016
1105,76.216083900226749,0,35.573095083236694,,,,84759,0.001024,,,,0.08448,0.000256,0.066048,0.007424,,,,,1.289984
1106,76.223601204648517,0,7.5173042714595795,,,,76218,0.001024,,,,0.077311999999999992,0,0.06016,0.006144,,,,,1.115904
1107,76.229677699829935,0,6.0764951631426811,,,,20549,0.001024,,,,0.082431999999999991,0.000256,0.066304,0.007168,,,,,1.2671999999999999
1108,76.234834502551024,0,5.1568029448390007,,,,31885,0.001024,,,,0.07936,0,0.062208,0.007936,,,,,1.39008
1109,76.240184502551017,0,5.350000225007534,,,,18854,0.0012799999999999999,,,,0.087296,0,0.068096,0.007424,,,,,1.366272
1110,76.245582305839,0,5.3978031501173973,,,,14475,0.001024,,,,0.084992,0,0.066816,0.007168,,,,,1.385216
1111,76.250871804138313,0,5.2894982509315014,,,,14475,0.001024,,,,0.084992,0,0.066816,0.007168,,,,,1.385216
1112,76.2563,0,5.4281959310173988,,,,26638,0.001024,,,,0.083712,0,0.065536,0.007424,,,,,1.425408
1113,76.26142890447845,0,5.1289042457938194,,,,45249,0.001024,,,,0.083968,0,0.065792,0.010239999999999999,,,,,1.1297279999999998
1114,76.266184304138321,0,4.7553996555507183,,,,47913,0.001024,,,,0.08524799999999999,0,0.06656,0.007424,,,,,1.34528
1115,76.271245804988652,0,5.0615007057785988,,,,26478,0.001024,,,,0.084224,0,0.066048,0.007424,,,,,1.103616
1116,76.307902303004539,0,36.656498908996582,,,,28633,0.001024,,,,0.081664,0,0.063488,0.007936,,,,,1.10848
1117,76.31535420209751,0,7.4518988840281963,,,,14475,0.001024,,,,0.082688,0.000256,0.064767999999999992,0.007936,,,,,1.1182079999999999
1118,76.321537804705216,0,6.1836023814976215,,,,14475,0.001024,,,,0.081664,0,0.063744,0.010239999999999999,,,,,1.108736
1119,76.326784906462578,0,5.247101653367281,,,,14475,0.001024,,,,0.312832,0,0.061952,0.009472,,,,,1.327616
1120,76.332123802437636,0,5.3388960659503937,,,,14475,0.001024,,,,0.083456,0.000256,0.065024,0.0076799999999999993,,,,,1.10336
1121,76.337233701814057,0,5.1098992116749287,,,,21918,0.001024,,,,0.084224,0,0.066048,0.003584,,,,,1.10848
1122,76.34235,0,5.1162983290851116,,,,14475,0.0012799999999999999,,,,0.0832,0.000256,0.065024,0.010239999999999999,,,,,1.1048959999999999
1123,76.348695599489787,0,6.3455994240939617,,,,14475,0.005376,,,,0.084992,0.000256,0.06656,0.003328,,,,,1.104384
1124,76.355202104591839,0,6.5065049566328526,,,,14475,0.001024,,,,0.32383999999999996,0,0.064512,0.007168,,,,,1.2753919999999999
1125,76.3608781037415,0,5.6759989820420742,,,,14475,0.001024,,,,0.087039999999999992,0,0.068864,0.007424,,,,,1.38496
1126,76.366869805839,0,5.99170196801424,,,,14475,0.001024,,,,0.082688,0,0.063744,0.005376,,,,,1.1072
1127,76.373732405045345,0,6.8625994026660919,,,,20404,0.001024,,,,0.082431999999999991,0,0.064,0.007936,,,,,1.1266559999999999
1128,76.379865100623576,0,6.1326953582465649,,,,14475,0.001024,,,,0.082431999999999991,0,0.064,0.007936,,,,,1.1266559999999999
1129,76.386102104591828,0,6.2370039522647858,,,,14475,0.001024,,,,0.080639999999999989,0,0.06272,0.0038399999999999997,,,,,1.4059519999999999
1130,76.392196605725616,0,6.0945013538002968,,,,14475,0.001024,,,,0.081664,0,0.06297599999999999,0.006912,,,,,1.4090239999999998
1131,76.398289101473921,0,6.0924957506358624,,,,14822,0.001024,,,,0.08524799999999999,0,0.066048,0.007936,,,,,1.11232
1132,76.407617800453508,0,9.3286987394094467,,,,14475,0.001024,,,,0.080896,0,0.062464,0.007424,,,,,1.1148799999999999
1133,76.414510501700676,0,6.8927011452615261,,,,14475,0.001024,,,,0.083456,0,0.065536,0.003328,,,,,1.398272
1134,76.420574801587293,0,6.0642999596893787,,,,20259,0.001024,,,,0.083456,0,0.065536,0.003328,,,,,1.398272
1135,76.425774100056685,0,5.19929826259613,,,,14527,0.001024,,,,0.08294399999999999,0,0.064767999999999992,0.008704,,,,,1.2856319999999999
1136,76.430779804421761,0,5.0057042390108109,,,,14475,0.002048,,,,0.083456,0,0.065279999999999991,0.007424,,,,,1.2200959999999998
1137,76.436992701247163,0,6.2128966674208641,,,,14475,0.001024,,,,0.082431999999999991,0.000256,0.064256,0.172288,,,,,1.2904959999999999
1138,76.443193105158727,0,6.2004039064049721,,,,20404,0.001024,,,,0.082431999999999991,0.000256,0.064256,0.172288,,,,,1.2904959999999999
1139,76.448917403628116,0,5.7242983020842075,,,,14475,0.001024,,,,0.084992,0.000256,0.066048,0.0076799999999999993,,,,,1.13024
1140,76.45691040249433,0,7.9929986968636513,,,,14475,0.001024,,,,0.084992,0.000256,0.066048,0.0076799999999999993,,,,,1.13024
1141,76.462783701814061,0,5.873299203813076,,,,14595,0.001024,,,,0.30796799999999996,0,0.064767999999999992,0.010239999999999999,,,,,1.110016
1142,76.4684121031746,0,5.6284014135599136,,,,14475,0.001024,,,,0.081152,0,0.06272,0.007424,,,,,1.1082239999999999
1143,76.473711302437636,0,5.2991993725299835,,,,14475,0.001024,,,,0.079872,0,0.063744,0.009472,,,,,1.398784
1144,76.479022101757366,0,5.3107994608581066,,,,14475,0.001024,,,,0.081919999999999993,0.000256,0.063744,0.006912,,,,,1.3642239999999999
1145,76.484572399376418,0,5.5502974428236485,,,,14475,0.001024,,,,0.081919999999999993,0.000256,0.063744,0.006912,,,,,1.3642239999999999
1146,76.4899123015873,0,5.3399023599922657,,,,14475,0.001024,,,,0.08294399999999999,0,0.064256,0.007936,,,,,1.3772799999999998
1147,76.49549590419501,0,5.5836024694144726,,,,20917,0.001024,,,,0.080639999999999989,0,0.061952,0.0076799999999999993,,,,,1.36704
1148,76.517782801870752,0,22.286897525191307,,,,44302,0.001024,,,,0.080639999999999989,0,0.061952,0.0076799999999999993,,,,,1.36704
1149,76.52765,0,9.8671978339552879,,,,14475,0.001024,,,,0.08448,0.000256,0.066048,0.010239999999999999,,,,,1.127424
1150,76.533970804988655,0,6.3208048231899738,,,,14475,0.001024,,,,0.081664,0,0.063232,0.004608,,,,,1.106688
1151,76.53939649943311,0,5.4256943985819817,,,,14475,0.001024,,,,0.081664,0,0.063232,0.004608,,,,,1.106688
1152,76.549294203514734,0,9.8977042362093925,,,,14475,0.001024,,,,0.081919999999999993,0,0.063488,0.0084479999999999989,,,,,1.1046399999999998
1153,76.556490504535148,0,7.1963011287152767,,,,17947,0.001024,,,,0.080127999999999991,0,0.063744,0.003584,,,,,1.3642239999999999
1154,76.57922660147392,0,22.736096754670143,,,,17947,0.001024,,,,0.080127999999999991,0,0.063744,0.003584,,,,,1.3642239999999999
1155,76.585312804705211,0,6.0862032696604729,,,,14475,0.001024,,,,0.08576,0,0.067328,0.007424,,,,,1.3557759999999999
1156,76.59075990646258,0,5.447101779282093,,,,14475,0.001024,,,,0.083968,0,0.067328,0.0076799999999999993,,,,,1.283328
1157,76.595877600623581,0,5.11769438162446,,,,14475,0.001024,,,,0.078336,0,0.062208,0.007424,,,,,1.356288
1158,76.600460104875282,0,4.5825042761862278,,,,14677,0.001024,,,,0.078336,0,0.062208,0.007424,,,,,1.356288
1159,76.6093119047619,0,8.8518001139163971,,,,14475,0.001024,,,,0.082431999999999991,0,0.064512,0.0051199999999999996,,,,,1.360128
1160,76.613607305839,0,4.2954012751579285,,,,14595,0.001024,,,,0.086272,0,0.064,0.0076799999999999993,,,,,1.1348479999999999
1161,76.618160104875287,0,4.5527988113462925,,,,14475,0.001024,,,,0.081919999999999993,0,0.064256,0.007168,,,,,1.1266559999999999
1162,76.622831001984125,0,4.6708970330655575,,,,14475,0.001024,,,,0.082176,0,0.064,0.0076799999999999993,,,,,1.1097599999999999
1163,76.627779301303846,0,4.948299378156662,,,,14527,0.0012799999999999999,,,,0.0832,0.000256,0.064512,0.007424,,,,,1.110016
1164,76.633172505668938,0,5.3932042792439461,,,,14475,0.001024,,,,0.083712,0,0.065024,0.003584,,,,,1.103616
1165,76.637596400226755,0,4.4238944537937641,,,,14475,0.001024,,,,0.087808,0,0.068096,0.011264,,,,,1.1079679999999998
1166,76.6423064058957,0,4.710005596280098,,,,14475,0.001024,,,,0.081152,0,0.062208,0.007424,,,,,1.139712
1167,76.647732603458053,0,5.4261977784335613,,,,14475,0.001536,,,,0.082176,0,0.063488,0.003328,,,,,1.107712
1168,76.652877203798184,0,5.1446002908051014,,,,14475,0.001024,,,,0.0896,0,0.069887999999999992,0.007424,,,,,1.128704
1169,76.657536203231288,0,4.6589993871748447,,,,14475,0.001024,,,,0.082176,0,0.063744,0.007424,,,,,1.10848
1170,76.6625419005102,0,5.0056972540915012,,,,14475,0.001024,,,,0.084224,0,0.065792,0.0076799999999999993,,,,,1.4394879999999999
1171,76.667325701530615,0,4.7838008031249046,,,,14475,0.001024,,,,0.084224,0,0.065536,0.0076799999999999993,,,,,1.105408
1172,76.673204202097509,0,5.8785006403923035,,,,14475,0.001024,,,,0.087808,0.000256,0.069887999999999992,0.003328,,,,,1.3872639999999998
1173,76.67794530187075,0,4.7410996630787849,,,,14475,0.001024,,,,0.081919999999999993,0,0.063488,0.003072,,,,,1.122816
1174,76.6836325042517,0,5.6872023269534111,,,,14475,0.0012799999999999999,,,,0.082176,0,0.064,0.010496,,,,,1.124608
1175,76.689991900510208,0,6.3593960367143154,,,,14475,0.001024,,,,0.083712,0,0.065536,0.003584,,,,,1.1315199999999999
1176,76.694870103458044,0,4.8782029189169407,,,,14475,0.001024,,,,0.084224,0,0.066048,0.0076799999999999993,,,,,1.12384
1177,76.700312400793649,0,5.4422975517809391,,,,14677,0.001024,,,,0.084224,0,0.06656,0.004096,,,,,1.3808639999999999
1178,76.70547160572562,0,5.159204825758934,,,,14475,0.001024,,,,0.084992,0.000256,0.06656,0.011776,,,,,1.128448
1179,76.71056090561224,0,5.0892997533082962,,,,15038,0.001024,,,,0.08524799999999999,0,0.067071999999999993,0.007936,,,,,1.366528
1180,76.715643402777772,0,5.0824973732233047,,,,14475,0.001024,,,,0.084735999999999992,0,0.06656,0.007424,,,,,1.127168
1181,76.720732001133783,0,5.0885984674096107,,,,48726,0.001536,,,,0.083968,0,0.065536,0.008192,,,,,1.107712
1182,76.7256327026644,0,4.9007013440132141,,,,14475,0.0012799999999999999,,,,0.082431999999999991,0,0.064256,0.007168,,,,,1.1348479999999999
1183,76.730596903344662,0,4.9642007797956467,,,,14475,0.004352,,,,0.081664,0,0.063488,0.004352,,,,,1.1046399999999998
1184,76.735456101190479,0,4.85919788479805,,,,14475,0.001024,,,,0.08294399999999999,0.000256,0.064256,0.007424,,,,,1.1097599999999999
1185,76.740352005385489,0,4.89590410143137,,,,14475,0.001024,,,,0.084224,0.000256,0.066304,0.003328,,,,,1.446912
1186,76.7450825042517,0,4.7304988838732243,,,,14475,0.002816,,,,0.08294399999999999,0,0.065024,0.0076799999999999993,,,,,1.39392
1187,76.749855704365075,0,4.7732000239193439,,,,14475,0.001024,,,,0.083712,0,0.065279999999999991,0.0038399999999999997,,,,,1.3992959999999999
1188,76.762026105442175,0,12.170401401817799,,,,14475,0.001024,,,,0.081919999999999993,0,0.063232,0.003584,,,,,1.366784
1189,76.767785402494326,0,5.75929693877697,,,,14595,0.001024,,,,0.086016,0.000256,0.067328,0.007936,,,,,1.1064319999999999
1190,76.773153904478448,0,5.3685018792748451,,,,14475,0.001024,,,,0.078336,0,0.061439999999999995,0.007424,,,,,1.126144
1191,76.778422604875274,0,5.2687004208564758,,,,14475,0.001024,,,,0.080639999999999989,0,0.062464,0.003584,,,,,1.388032
1192,76.783240306122451,0,4.8177014105021954,,,,14475,0.001024,,,,0.08294399999999999,0,0.065024,0.0076799999999999993,,,,,1.375232
1193,76.788102501417228,0,4.86219534650445,,,,14475,0.001024,,,,0.082176,0,0.064,0.0076799999999999993,,,,,1.1064319999999999
1194,76.793791404478455,0,5.688902921974659,,,,14475,0.001024,,,,0.0832,0,0.064767999999999992,0.012288,,,,,1.132544
1195,76.7990540036848,0,5.26259932667017,,,,14677,0.0012799999999999999,,,,0.082176,0,0.063488,0.0076799999999999993,,,,,1.140736
1196,76.805055704365074,0,6.001700647175312,,,,14475,0.001024,,,,0.082176,0,0.064,0.007936,,,,,1.124352
1197,76.810260501700682,0,5.2047972567379475,,,,14475,0.003328,,,,0.084992,0,0.06656,0.011776,,,,,1.132288
1198,76.814869401927439,0,4.608900286257267,,,,14475,0.001024,,,,0.083712,0.000256,0.065024,0.0076799999999999993,,,,,1.128704
1199,76.819832901077092,0,4.9634990282356739,,,,14475,0.001024,,,,0.080639999999999989,0,0.062208,0.005888,,,,,1.12896
1200,76.824133900226755,0,4.3009989894926548,,,,14475,0.001024,,,,0.08448,0,0.06656,0.0076799999999999993,,,,,1.110016
1201,76.82927520549886,0,5.1413052715361118,,,,14527,0.001024,,,,0.081919999999999993,0,0.06297599999999999,0.007424,,,,,1.1136
1202,76.834238102324264,0,4.962896928191185,,,,14475,0.001024,,,,0.084992,0,0.06656,0.007424,,,,,1.37216
1203,76.839732603458046,0,5.4945009760558605,,,,14475,0.001024,,,,0.086016,0,0.067328,0.011007999999999999,,,,,1.417216
1204,76.844399702380954,0,4.6670990996062756,,,,14475,0.001024,,,,0.082431999999999991,0,0.064512,0.0076799999999999993,,,,,1.37472
1205,76.84926630527211,0,4.8666028305888176,,,,14475,0.001024,,,,0.081919999999999993,0,0.064,0.007424,,,,,1.105152
1206,76.853723901643988,0,4.4575962238013744,,,,14475,0.001024,,,,0.087808,0.000256,0.068096,0.009216,,,,,1.1072
1207,76.85887350481859,0,5.1496033556759357,,,,14475,0.001024,,,,0.085504,0,0.066816,0.007936,,,,,1.1072
1208,76.863487499999991,0,4.613995086401701,,,,14475,0.001024,,,,0.325888,0,0.304384,0.0097279999999999988,,,,,1.105152
1209,76.868357504251691,0,4.8700040206313133,,,,14475,0.0012799999999999999,,,,0.086784,0,0.068096,0.007424,,,,,1.106944
1210,76.87322220096371,0,4.864696878939867,,,,14475,0.001024,,,,0.08448,0.000256,0.066048,0.0076799999999999993,,,,,1.287936
1211,76.878796003401362,0,5.5738026276230812,,,,14475,0.001024,,,,0.083712,0,0.065792,0.0076799999999999993,,,,,1.376256
1212,76.883803302154192,0,5.0072986632585526,,,,14475,0.001024,,,,0.080384,0.000256,0.061952,0.0051199999999999996,,,,,1.356544
1213,76.889367205215422,0,5.563903134316206,,,,14475,0.001024,,,,0.083968,0,0.065536,0.007936,,,,,1.410048
1214,76.894093204365078,0,4.72599919885397,,,,14845,0.001024,,,,0.084992,0,0.066816,0.0038399999999999997,,,,,1.389824
1215,76.899497200963722,0,5.40399644523859,,,,14677,0.001024,,,,0.081919999999999993,0.000256,0.063488,0.003328,,,,,1.12896
1216,76.9040785005669,0,4.5812996104359627,,,,14475,0.001024,,,,0.086528,0.000256,0.067583999999999991,0.007936,,,,,1.13792
1217,76.909240100623578,0,5.161600187420845,,,,14475,0.001024,,,,0.082176,0,0.06297599999999999,0.0076799999999999993,,,,,1.1048959999999999
1218,76.914671704931976,0,5.4316041059792042,,,,14475,0.001024,,,,0.081919999999999993,0,0.06297599999999999,0.007168,,,,,1.105152
1219,76.920225602324265,0,5.5538974702358246,,,,14595,0.001024,,,,0.082431999999999991,0,0.063488,0.007424,,,,,1.1064319999999999
1220,76.925582603458054,0,5.3570009768009186,,,,14475,0.177152,,,,0.081408,0,0.06272,0.007424,,,,,1.1133439999999999
1221,76.931418799603165,0,5.83619624376297,,,,14475,0.001024,,,,0.082688,0,0.064256,0.0076799999999999993,,,,,1.127936
1222,76.937201700680262,0,5.7829013094305992,,,,14475,0.001024,,,,0.082431999999999991,0.000256,0.064256,0.005376,,,,,1.106944
1223,76.942872604875276,0,5.67090418189764,,,,14475,0.001024,,,,0.082431999999999991,0,0.063232,0.007424,,,,,1.283328
1224,76.947806604308383,0,4.9339993856847286,,,,14475,0.001024,,,,0.083968,0.000256,0.065536,0.0076799999999999993,,,,,1.1112959999999998
1225,76.955758701814062,0,7.9520978033542633,,,,14475,0.001024,,,,0.083968,0.000256,0.065536,0.0076799999999999993,,,,,1.1112959999999998
1226,76.962071201814055,0,6.3125002197921276,,,,14475,0.0012799999999999999,,,,0.083968,0,0.065279999999999991,0.007936,,,,,1.110272
1227,76.967678103741491,0,5.6069018319249153,,,,14475,0.0012799999999999999,,,,0.080896,0,0.061952,0.007424,,,,,1.110528
1228,76.973584304138313,0,5.9062005020678043,,,,14475,0.001024,,,,0.078592,0,0.062464,0.007936,,,,,1.396224
1229,76.97889140447846,0,5.3071002475917339,,,,14475,0.001024,,,,0.083968,0,0.066048,0.0076799999999999993,,,,,1.364992
1230,76.9853906037415,0,6.4991991966962814,,,,14475,0.001024,,,,0.080639999999999989,0.000256,0.062208,0.007936,,,,,1.400576
1231,76.993123901643983,0,7.7332979999482632,,,,17947,0.001024,,,,0.084735999999999992,0,0.065792,0.003328,,,,,1.3923839999999998
1232,77.000972300170062,0,7.8483987599611282,,,,21119,0.001024,,,,0.086016,0,0.067328,0.003072,,,,,1.1082239999999999
1233,77.007388506235827,0,6.4162062481045723,,,,14475,0.001024,,,,0.086016,0,0.067328,0.003072,,,,,1.1082239999999999
1234,77.012894600340132,0,5.506094079464674,,,,17947,0.001024,,,,0.082176,0,0.064,0.003328,,,,,1.3708799999999999
1235,77.020088605442169,0,7.1940049529075623,,,,40483,0.001024,,,,0.084224,0.000256,0.065279999999999991,0.008192,,,,,1.41056
1236,77.032508099489789,0,12.419493868947029,,,,14527,0.001024,,,,0.084224,0.000256,0.065279999999999991,0.008192,,,,,1.41056
1237,77.0399994047619,0,7.4913054704666138,,,,14475,0.001024,,,,0.325888,0,0.307456,0.007168,,,,,1.110528
1238,77.045667205215423,0,5.6678005494177341,,,,14475,0.001024,,,,0.0832,0.000256,0.065024,0.0063999999999999994,,,,,1.45664
1239,77.052313803854872,0,6.6465986892580986,,,,14475,0.001024,,,,0.081664,0,0.06297599999999999,0.009472,,,,,1.40544
1240,77.058994401927436,0,6.6805980168282986,,,,14475,0.001024,,,,0.081664,0,0.06297599999999999,0.009472,,,,,1.40544
1241,77.064634502551016,0,5.6401006877422333,,,,14475,0.001024,,,,0.081664,0,0.06297599999999999,0.009472,,,,,1.40544
1242,77.072928904478459,0,8.294401690363884,,,,14595,0.001024,,,,0.08448,0.000256,0.065792,0.0076799999999999993,,,,,1.131008
1243,77.080959204931972,0,8.03030002862215,,,,14475,0.003584,,,,0.232704,0,0.062208,0.009472,,,,,1.276416
1244,77.086143105158726,0,5.1839002408087254,,,,14475,0.0012799999999999999,,,,0.081919999999999993,0.000256,0.065279999999999991,0.0076799999999999993,,,,,1.129216
1245,77.09489800170067,0,8.7548969313502312,,,,14475,0.001024,,,,0.084224,0,0.065792,0.007936,,,,,1.35168
1246,77.101086706349207,0,6.1887046322226524,,,,14677,0.001024,,,,0.084224,0,0.065792,0.007936,,,,,1.35168
1247,77.105873901643989,0,4.7871954739093781,,,,14475,0.001024,,,,0.08524799999999999,0.000256,0.067071999999999993,0.007936,,,,,1.1328
1248,77.110687705498862,0,4.81380382552743,,,,14475,0.0025599999999999998,,,,0.081152,0,0.06297599999999999,0.0076799999999999993,,,,,1.1115519999999999
1249,77.116610303287985,0,5.9225978329777718,,,,14475,0.0025599999999999998,,,,0.081152,0,0.06297599999999999,0.0076799999999999993,,,,,1.1115519999999999
1250,77.121875106292521,0,5.26480283588171,,,,14475,0.001024,,,,0.083712,0,0.065536,0.007936,,,,,1.125376
1251,77.127723703231283,0,5.8485968038439751,,,,14475,0.001024,,,,0.083712,0,0.065536,0.007936,,,,,1.125376
1252,77.1336669005102,0,5.9431972913444042,,,,14475,0.001024,,,,0.084224,0,0.065792,0.003328,,,,,1.13024
1253,77.139644805839,0,5.9779053553938866,,,,14475,0.0012799999999999999,,,,0.083456,0.000256,0.065279999999999991,0.003584,,,,,1.126912
1254,77.145795904195012,0,6.1510982923209667,,,,14475,0.001024,,,,0.082176,0.000256,0.063744,0.0076799999999999993,,,,,1.132544
1255,77.1517167020975,0,5.9207980521023273,,,,26332,0.001024,,,,0.082176,0,0.063488,0.011007999999999999,,,,,1.134592
1256,77.158356901927434,0,6.640200037509203,,,,14475,0.001024,,,,0.082688,0,0.064512,0.003328,,,,,1.4041599999999999
1257,77.164792304421766,0,6.4354026690125465,,,,14475,0.001024,,,,0.082688,0,0.064512,0.010496,,,,,1.387776
1258,77.170811302437642,0,6.0189981013536453,,,,17024,0.001024,,,,0.08448,0.000256,0.066048,0.007168,,,,,1.2989439999999999
1259,77.177325403911567,0,6.5141012892127037,,,,14475,0.001024,,,,0.08448,0.000256,0.066048,0.007168,,,,,1.2989439999999999
1260,77.182896003401353,0,5.5705993436276913,,,,14475,0.001024,,,,0.0832,0,0.064256,0.003584,,,,,1.136128
1261,77.1877742063492,0,4.8782029189169407,,,,14475,0.001024,,,,0.29875199999999996,0,0.06656,0.0076799999999999993,,,,,1.106176
1262,77.1932788052721,0,5.5045988410711288,,,,14475,0.001024,,,,0.29875199999999996,0,0.06656,0.0076799999999999993,,,,,1.106176
1263,77.198607100340126,0,5.328295286744833,,,,14822,0.001024,,,,0.080896,0,0.06272,0.012288,,,,,1.11744
1264,77.2039663052721,0,5.3592049516737461,,,,14475,0.001024,,,,0.371712,0.000256,0.07168,0.007424,,,,,1.107712
1265,77.209189604591828,0,5.2232993766665459,,,,40483,0.001024,,,,0.081919999999999993,0.000256,0.063744,0.0076799999999999993,,,,,1.106944
1266,77.215726105442172,0,6.5365009941160679,,,,14475,0.001024,,,,0.082688,0,0.064512,0.0038399999999999997,,,,,1.306112
1267,77.221901700680263,0,6.175595335662365,,,,14595,0.001024,,,,0.082688,0,0.064512,0.0038399999999999997,,,,,1.306112
1268,77.227642106009071,0,5.7404055260121822,,,,14475,0.0012799999999999999,,,,0.086784,0,0.067328,0.003328,,,,,1.105408
1269,77.233197002551023,0,5.5548963136971,,,,14527,0.0012799999999999999,,,,0.086784,0,0.067328,0.003328,,,,,1.105408
1270,77.2382950042517,0,5.0980015657842159,,,,14475,0.001024,,,,0.083968,0,0.065536,0.0038399999999999997,,,,,1.1297279999999998
1271,77.243618005952385,0,5.3230016492307186,,,,14475,0.001024,,,,0.083968,0,0.065536,0.0038399999999999997,,,,,1.1297279999999998
1272,77.248901403061225,0,5.2833971567451954,,,,14475,0.001024,,,,0.083968,0,0.065536,0.003584,,,,,1.10848
1273,77.254007901077088,0,5.1064980216324329,,,,14475,0.001024,,,,0.082688,0,0.064,0.0097279999999999988,,,,,1.107712
1274,77.259653004535139,0,5.64510328695178,,,,14475,0.001024,,,,0.082688,0,0.064,0.0097279999999999988,,,,,1.107712
1275,77.265070804988653,0,5.4178005084395409,,,,14475,0.001024,,,,0.083968,0,0.065536,0.007424,,,,,1.106944
1276,77.2700566043084,0,4.9857995472848415,,,,14475,0.0012799999999999999,,,,0.084224,0,0.064767999999999992,0.0076799999999999993,,,,,1.128448
1277,77.274887003968246,0,4.83039952814579,,,,14475,0.001024,,,,0.32844799999999996,0,0.062208,0.007424,,,,,1.1046399999999998
1278,77.28006360544218,0,5.1766014657914639,,,,14475,0.001024,,,,0.082176,0,0.063744,0.0076799999999999993,,,,,1.111808
1279,77.285886600056685,0,5.8229947462677956,,,,14475,0.001024,,,,0.080896,0,0.06272,0.003328,,,,,1.4243839999999999
1280,77.2910714994331,0,5.1848995499312878,,,,14475,0.001024,,,,0.082431999999999991,0,0.064512,0.008192,,,,,1.400064
1281,77.2971452026644,0,6.0737030580639839,,,,14677,0.001024,,,,0.08294399999999999,0,0.064767999999999992,0.0076799999999999993,,,,,1.4059519999999999
1282,77.302951502267575,0,5.8062993921339512,,,,14475,0.001024,,,,0.08294399999999999,0,0.064767999999999992,0.0076799999999999993,,,,,1.4059519999999999
1283,77.308539803004535,0,5.58830052614212,,,,14475,0.001536,,,,0.082688,0,0.064512,0.007936,,,,,1.39136
1284,77.314701204648529,0,6.1614015139639378,,,,14475,0.002304,,,,0.083456,0,0.065279999999999991,0.008704,,,,,1.39136
