observation_frame,unscaled_time,frame_timing_timestamp,"frame_interval_ms","cpu_frame_ms","gpu_frame_ms","cpu_render_thread_ms","gc_allocated_in_editor_frame_bytes","VSM.LayoutRemap_gpu_ms","VSM.Allocate_gpu_ms","VSM.InvalidateStatic_gpu_ms","VSM.ClearPhysicalPages_gpu_ms","VSM.StaticCasterCull_gpu_ms","VSM.DynamicCasterCull_gpu_ms","VSM.PageCull_gpu_ms","VSM.StaticRaster_gpu_ms","VSM.DynamicRaster_gpu_ms","VSM.UnityCompatibilityRaster_gpu_ms","VSM.FinalizePages_gpu_ms","VSM.ResetFeedback_gpu_ms","VSM.ResolveAndFeedback_gpu_ms"
6698,112.50906110402494,19037856967423,7.394302636384964,8.0417,7.839232,1.7881,14475,0.001024,,,,0.166912,0.000256,0.146432,0.006144,,,,,2.1294079999999997
6699,112.51713550170068,19037857047840,8.0743972212076187,7.4785,7.40096,1.8753,14475,0.001024,,,,0.155904,0,0.13644799999999999,0.0076799999999999993,,,,,1.6099839999999999
6700,112.52475179988662,19037857122625,7.6162982732057571,8.1043,8.055296,2.0889,14822,0.001024,,,,0.151552,0.000256,0.131328,0.007424,,,,,1.7704959999999998
6701,112.53251640447846,19037857203668,7.7646044082939625,7.2711,7.573504,1.8985,14475,0.001024,,,,0.393984,0,0.144128,0.0097279999999999988,,,,,1.6081919999999998
6702,112.54015950255102,19037857276379,7.6430980116128922,7.9819,7.8016,1.8456,14475,0.001024,,,,0.16,0,0.140544,0.009216,,,,,1.6051199999999999
6703,112.54779240362811,19037857356198,7.6329009607434273,7.8813,7.629568,1.81,14475,0.001024,,,,0.15334399999999998,0,0.133376,0.0076799999999999993,,,,,1.8626559999999999
6704,112.55590350056688,19037857435011,8.1110969185829163,7.5045,7.54048,1.9105,14475,0.001024,,,,0.149248,0,0.12953599999999998,0.0076799999999999993,,,,,1.604096
6705,112.56370280612245,19037857510056,7.7993054874241352,8.1138,7.870208,2.0254,14475,0.001024,,,,0.155136,0.000256,0.13568,0.003328,,,,,1.782784
6706,112.57156530612245,19037857591194,7.8624999150633812,7.807,7.7824,1.8856,14475,0.0012799999999999999,,,,0.15488,0,0.13516799999999998,0.007424,,,,,2.203904
6707,112.57904690334466,19037857669264,7.481597363948822,7.7859,7.770368,2.0382,14475,0.001024,,,,0.15923199999999998,0,0.13849599999999998,0.004608,,,,,1.6066559999999999
6708,112.58703560090703,19037857747123,7.988697849214077,7.5545,7.52512,1.9152,14475,0.001024,,,,0.150272,0,0.131328,0.007936,,,,,2.1143039999999997
6709,112.59519379960317,19037857822668,8.1581985577940941,8.2292,7.759616,1.9232,14527,0.001024,,,,0.15334399999999998,0,0.133376,0.0076799999999999993,,,,,1.775104
6710,112.60275800028344,19037857904960,7.5642005540430546,7.2609,8.143616,2.027,14475,0.001024,,,,0.156416,0.000256,0.136704,0.0076799999999999993,,,,,2.314752
6711,112.61074720096371,19037857977569,7.9892007634043694,8.3677,7.53152,2.0098,14475,0.001024,,,,0.160512,0,0.141568,0.0076799999999999993,,,,,1.8739199999999998
6712,112.61848780470521,19037858061246,7.7406037598848343,7.9904,7.83232,1.8127,14475,0.001024,,,,0.152832,0,0.133632,0.0076799999999999993,,,,,1.7792
6713,112.62579810090702,19037858141150,7.3102964088320732,7.3902,7.6096,1.844,14677,0.0012799999999999999,,,,0.159744,0.000256,0.140544,0.007424,,,,,2.234368
6714,112.63369109977324,19037858215052,7.8929988667368889,7.7212,7.3024,1.9858,14475,0.001024,,,,0.1536,0,0.1344,0.003584,,,,,1.60896
6715,112.64129250283446,19037858292264,7.6014031656086445,7.8493,7.798784,1.7331,21037,0.001024,,,,0.153856,0,0.133632,0.007424,,,,,1.6066559999999999
6716,112.64885850340136,19037858370757,7.566000334918499,7.2406,7.506944,1.8561,14475,0.001024,,,,0.15103999999999998,0.000256,0.13183999999999998,0.0076799999999999993,,,,,1.8659839999999999
6717,112.65702589994331,19037858443163,8.1673962995409966,7.9525,7.619072,2.0537,14475,0.001024,,,,0.154112,0,0.1344,0.007424,,,,,1.6081919999999998
6718,112.66445179988662,19037858522688,7.4259000830352306,8.1221,8.1472,1.8779,14475,0.001024,,,,0.163072,0,0.143616,0.005888,,,,,2.025984
6719,112.67238110119047,19037858603909,7.9293008893728256,7.1279,7.419136,1.8319,14475,0.001024,,,,0.153088,0,0.133632,0.007424,,,,,1.605632
6720,112.68010560515873,19037858675188,7.7245039865374565,8.0249,7.897344,2.0087,14475,0.001024,,,,0.14976,0,0.129792,0.003584,,,,,1.878528
6721,112.68803000283447,19037858755437,7.9243974760174751,8.1659,7.70176,1.9537,14475,0.001024,,,,0.152064,0.000256,0.132608,0.0076799999999999993,,,,,1.7704959999999998
6722,112.6958838010204,19037858837096,7.8537985682487488,7.6658,7.836928,1.8813,14475,0.001024,,,,0.15462399999999998,0,0.13568,0.004608,,,,,1.611264
6723,112.70351810515872,19037858913754,7.6343039982020855,7.2597,7.905792,1.896,14475,0.001024,,,,0.152576,0,0.132608,0.00896,,,,,2.138624
6724,112.71171220238095,19037858986351,8.1940973177552223,7.942,7.558912,2.0423,14475,0.001024,,,,0.16,0,0.140544,0.0076799999999999993,,,,,1.7738239999999998
6725,112.7196608064059,19037859065771,7.9486044123768806,8.0789,8.155392,1.8328,14475,0.001024,,,,0.156672,0,0.13696,0.007936,,,,,1.855488
6726,112.72721969954648,19037859146560,7.558892946690321,7.3746,7.928832,1.8925,14677,0.001024,,,,0.15872,0,0.139008,0.0076799999999999993,,,,,1.763328
6727,112.734995904195,19037859220306,7.7762044966220856,8.2631,7.594496,1.9114,14475,0.001024,,,,0.158208,0.000256,0.139008,0.008192,,,,,1.607424
6728,112.7429713010204,19037859302937,7.9753967002034187,7.9764,7.764736,1.8282,14475,0.001024,,,,0.164096,0,0.144896,0.011264,,,,,2.121984
6729,112.75072320011337,19037859382701,7.7518993057310581,7.4122,7.899392,1.9169,14475,0.001024,,,,0.15334399999999998,0,0.133632,0.005632,,,,,1.771008
6730,112.75872510629252,19037859456823,8.0019058659672737,8.2713,7.78112,1.8649,14475,0.001024,,,,0.162048,0,0.142336,0.007424,,,,,1.608704
6731,112.76640220379818,19037859539536,7.6770973391830921,7.5476,7.922432,1.7904,14475,0.001024,,,,0.150528,0,0.130048,0.007424,,,,,1.7722879999999999
6732,112.77394010062358,19037859615012,7.5378967449069023,7.8951,7.656704,1.9143,14475,0.001024,,,,0.158208,0,0.13747199999999998,0.0038399999999999997,,,,,1.60384
6733,112.78192490079364,19037859693963,7.9848002642393112,7.9294,7.508992,1.781,14475,0.001024,,,,0.160512,0,0.141824,0.007424,,,,,1.604352
6734,112.78963060515872,19037859773257,7.7057043090462685,7.8781,7.96416,1.9343,14475,0.001024,,,,0.155392,0,0.134656,0.007424,,,,,1.9660799999999998
6735,112.79732510629252,19037859852038,7.6945009641349316,7.2446,7.698944,1.8216,14647,0.001024,,,,0.15872,0,0.13824,0.0038399999999999997,,,,,1.922304
6736,112.80508240504534,19037859924484,7.7572986483573914,7.9884,7.736576,1.7788,14475,0.001024,,,,0.42009599999999997,0,0.137216,0.010496,,,,,2.0671999999999997
6737,112.81314440192743,19037860004368,8.0619966611266136,7.7918,7.660032,1.8286,14475,0.001024,,,,0.15334399999999998,0,0.133632,0.004608,,,,,1.606144
6738,112.82083520408163,19037860082286,7.6908022165298462,7.6692,8.0256,1.7719,14677,0.001024,,,,0.15872,0,0.139264,0.007936,,,,,1.7702399999999998
6739,112.82864840561224,19037860158978,7.8132012858986855,7.7219,7.75424,1.7797,14475,0.0012799999999999999,,,,0.15692799999999998,0,0.137984,0.007424,,,,,1.7722879999999999
6740,112.83620830498866,19037860236197,7.559899240732193,8.3172,7.800832,1.9304,14475,0.001024,,,,0.15103999999999998,0.000256,0.131584,0.006912,,,,,1.8644479999999999
6741,112.84423749999999,19037860319369,8.0291945487260818,7.9899,7.458816,1.8905,14475,0.001024,,,,0.415744,0,0.3968,0.007936,,,,,1.6063999999999998
6742,112.85179510345804,19037860399268,7.5576035305857658,7.2812,7.841536,1.782,14475,0.0012799999999999999,,,,0.153856,0,0.13414399999999999,0.007936,,,,,1.77664
6743,112.85961710600907,19037860472080,7.8220022842288017,7.732,7.50208,1.7577,14475,0.001024,,,,0.151808,0.000256,0.13286399999999998,0.0038399999999999997,,,,,2.1191679999999997
6744,112.86745629960318,19037860549400,7.8391935676336288,7.9426,7.755264,1.8159,14475,0.001024,,,,0.15103999999999998,0,0.132352,0.012544,,,,,1.7792
6745,112.87506270549886,19037860628826,7.6064057648181915,7.5401,7.897856,1.9268,14475,0.001024,,,,0.15564799999999998,0,0.13644799999999999,0.007168,,,,,1.8693119999999999
6746,112.88296150085034,19037860704227,7.8987954184412956,7.8969,7.51232,1.917,14475,0.001024,,,,0.157696,0,0.137984,0.0076799999999999993,,,,,1.606912
6747,112.89053250425169,19037860783196,7.5710033997893333,8.0014,7.911424,1.7725,14475,0.001024,,,,0.15462399999999998,0,0.135424,0.012288,,,,,1.774336
6748,112.89834540107709,19037860863210,7.8128967434167862,7.3239,7.534336,1.7377,14475,0.001024,,,,0.153856,0,0.134912,0.004352,,,,,2.123008
6749,112.90626680130384,19037860936449,7.9214004799723625,7.8005,7.85664,1.7717,14475,0.001024,,,,0.15564799999999998,0,0.13644799999999999,0.007936,,,,,1.605888
6750,112.91393320578231,19037861014454,7.6664043590426445,7.6694,7.873536,2.0238,14475,0.001024,,,,0.160768,0,0.141568,0.0076799999999999993,,,,,1.868544
6751,112.92183640164399,19037861091148,7.9031959176063538,7.8761,7.6672,1.8259,14677,0.001024,,,,0.150784,0,0.13183999999999998,0.007424,,,,,2.031104
6752,112.92991120323128,19037861169909,8.0748014152050018,7.8206,7.826176,1.8843,14475,0.001024,,,,0.16255999999999998,0,0.141056,0.008192,,,,,1.6063999999999998
6753,112.93779370039682,19037861248115,7.8824972733855247,7.5411,7.9488,1.8446,14475,0.001024,,,,0.16127999999999998,0,0.141056,0.007424,,,,,2.392064
6754,112.94558520408162,19037861323526,7.7915037982165813,8.0607,7.789312,1.8805,14475,0.001024,,,,0.15923199999999998,0,0.13977599999999998,0.003584,,,,,1.6084479999999999
6755,112.95311310232425,19037861404133,7.5278980657458305,8.2576,7.683328,1.8706,14595,0.001024,,,,0.150528,0,0.130304,0.007168,,,,,1.60768
6756,112.960994805839,19037861486709,7.8817037865519524,7.552,7.542272,1.7746,14475,0.001024,,,,0.160768,0,0.140288,0.0063999999999999994,,,,,1.607424
6757,112.96917080498866,19037861562229,8.17599892616272,7.8651,7.909376,1.8954,14475,0.001024,,,,0.160512,0,0.140544,0.0076799999999999993,,,,,1.7707519999999999
6758,112.97648960459183,19037861640880,7.3187993839383125,8.1887,8.157952,1.9534,14475,0.001024,,,,0.150528,0,0.130816,0.011264,,,,,1.985536
6759,112.98465179988662,19037861722767,8.1621948629617691,7.5939,7.24992,1.929,14475,0.001024,,,,0.154368,0,0.134656,0.004096,,,,,1.6081919999999998
6760,112.99202510629252,19037861798706,7.3733064346015453,7.8959,8.14336,1.8212,14475,0.001024,,,,0.155904,0,0.13568,0.007936,,,,,2.264576
6761,112.99978900226758,19037861877665,7.7638961374759674,7.4723,7.4112,2.0115,14527,0.001024,,,,0.150784,0,0.13183999999999998,0.003584,,,,,1.6066559999999999
6762,113.00786870039683,19037861952388,8.07969830930233,8.099,7.737344,1.9513,14475,0.001024,,,,0.158208,0,0.139008,0.007424,,,,,1.6066559999999999
6763,113.01533780470521,19037862033378,7.4691041372716427,7.3085,7.985152,2.0126,14475,0.001024,,,,0.16,0,0.141056,0.0076799999999999993,,,,,2.062592
6764,113.02353190192743,19037862106463,8.1940973177552223,7.7544,7.482624,1.8451,14677,0.0012799999999999999,,,,0.155392,0.000256,0.13516799999999998,0.0038399999999999997,,,,,1.607168
6765,113.03097910289115,19037862184007,7.4472008273005486,8.5248,8.137216,1.9557,14475,0.001024,,,,0.151552,0,0.130048,0.0076799999999999993,,,,,1.913088
6766,113.03865740504534,19037862269255,7.6783020049333572,6.9833,7.44576,1.862,14475,0.001024,,,,0.1536,0,0.133632,0.0076799999999999993,,,,,1.6081919999999998
6767,113.04651020408163,19037862339088,7.8527992591261864,8.1322,7.652096,1.7476,14475,0.001024,,,,0.154368,0,0.134912,0.0051199999999999996,,,,,1.60896
6768,113.05407800453514,19037862420410,7.5678005814552307,7.567,7.830528,1.8646,14475,0.001024,,,,0.151552,0.000256,0.131584,0.007168,,,,,1.6066559999999999
6769,113.06227030187074,19037862496080,8.19229707121849,8.0673,7.613184,1.8529,14475,0.001024,,,,0.161792,0,0.141824,0.008192,,,,,1.605632
6770,113.0700202026644,19037862576753,7.7499006874859333,7.6596,8.173056,1.8945,14475,0.001024,,,,0.14976,0,0.130816,0.007168,,,,,1.7738239999999998
6771,113.07733219954648,19037862653349,7.3119970038533211,7.4256,7.472128,1.8331,14475,0.001024,,,,0.152832,0.000256,0.13312,0.0076799999999999993,,,,,1.606144
6772,113.08523550170068,19037862727605,7.90330208837986,8.2755,7.478272,1.7998,14475,0.0012799999999999999,,,,0.159488,0,0.13977599999999998,0.007424,,,,,1.6048639999999998
6773,113.09274430272109,19037862810360,7.5088008306920528,7.6713,7.938304,2.0454,14475,0.001024,,,,0.16153599999999999,0,0.141824,0.007424,,,,,1.86624
6774,113.10059550028345,19037862887073,7.8511973842978477,7.2231,7.510784,1.9478,14475,0.001024,,,,0.156416,0.000256,0.13696,0.003072,,,,,1.607424
6775,113.10811060090703,19037862959304,7.5151007622480392,8.0793,7.828736,1.9244,14595,0.001024,,,,0.153856,0.000256,0.134912,0.004608,,,,,1.774592
6776,113.11618070436508,19037863040097,8.0701038241386414,7.3106,7.42912,1.7913,14475,0.001024,,,,0.153856,0,0.1344,0.004096,,,,,1.779712
6777,113.1243904053288,19037863113203,8.20970069617033,7.9299,8.045312,2.0693,14677,0.001024,,,,0.152832,0,0.133888,0.011007999999999999,,,,,1.9645439999999998
6778,113.13167220096372,19037863192502,7.281795609742403,7.7682,8.182528,1.8992,14475,0.001024,,,,0.151808,0,0.13286399999999998,0.003584,,,,,2.028288
6779,113.13930020549886,19037863270184,7.6280045323073864,8.1104,7.328,2.0234,14475,0.001024,,,,0.156672,0.000256,0.13644799999999999,0.0076799999999999993,,,,,1.61024
6780,113.14688720238095,19037863351288,7.586997002363205,7.973,7.548416,1.8758,20917,0.001024,,,,0.15692799999999998,0,0.136704,0.007936,,,,,1.8726399999999999
6781,113.15464820011337,19037863431018,7.760997861623764,7.0681,7.581696,1.8319,14475,0.001024,,,,0.15103999999999998,0,0.132096,0.005632,,,,,1.771776
6782,113.16266530612245,19037863501699,8.0171059817075729,7.7702,7.786496,1.8526,26205,0.001024,,,,0.155392,0,0.136704,0.0076799999999999993,,,,,1.607936
6783,113.17033100198412,19037863579401,7.6656960882246494,7.8542,7.769088,1.8294,14475,0.0012799999999999999,,,,0.150272,0.000256,0.130048,0.0076799999999999993,,,,,1.8908159999999998
6784,113.1784492063492,19037863657943,8.1182047724723816,7.3321,7.649792,1.9207,14475,0.001024,,,,0.1536,0,0.134656,0.0063999999999999994,,,,,1.605376
6785,113.18613030045351,19037863731264,7.6810941100120544,8.166,8.143616,1.9008,14475,0.001024,,,,0.154368,0,0.133376,0.003328,,,,,2.1880319999999998
6786,113.19370590277778,19037863812924,7.5756022706627846,7.6163,7.595264,2.0261,14475,0.001024,,,,0.158208,0,0.138752,0.0076799999999999993,,,,,2.0206079999999997
6787,113.20182750141723,19037863889087,8.12159851193428,7.9918,7.616768,1.8419,14527,0.001024,,,,0.15744,0,0.137984,0.0076799999999999993,,,,,1.607424
6788,113.20952220096372,19037863969005,7.6946993358433247,8.3052,8.091136,1.8654,14475,0.001024,,,,0.15334399999999998,0,0.133888,0.009984,,,,,1.853696
6789,113.21752140022676,19037864052057,7.9991994425654411,7.1444,7.682816,2.0349,14475,0.001024,,,,0.156672,0,0.137216,0.008192,,,,,1.605888
6790,113.22468450255101,19037864123501,7.1631022728979588,8.226,7.909376,2.1053,14822,0.001024,,,,0.15334399999999998,0,0.133888,0.007168,,,,,1.86496
6791,113.2324125,19037864205761,7.7279973775148392,7.3778,7.2,1.7855,14475,0.001024,,,,0.39961599999999997,0,0.37990399999999996,0.003328,,,,,1.6084479999999999
6792,113.24020210459183,19037864279539,7.7896043658256531,8.212,7.717888,1.837,14475,0.001024,,,,0.150272,0,0.131072,0.008704,,,,,1.8155519999999998
6793,113.24774890164399,19037864361659,7.5467969290912151,7.1189,7.668736,2.2192,14475,0.001024,,,,0.157696,0.000256,0.13824,0.007424,,,,,1.78304
6794,113.255832305839,19037864432848,8.083404041826725,7.8098,7.56992,1.8068,14475,0.001024,,,,0.156416,0,0.136704,0.0076799999999999993,,,,,1.605888
6795,113.26335230300452,19037864510946,7.51999719068408,8.117,8.11264,1.8564,14595,0.001024,,,,0.14668799999999999,0,0.126976,0.003328,,,,,1.606912
6796,113.27106150085034,19037864592116,7.7091977000236511,7.4749,7.42144,1.9476,14475,0.001024,,,,0.154368,0,0.13516799999999998,0.010239999999999999,,,,,1.780224
6797,113.27923420493197,19037864666865,8.17270390689373,7.7463,7.757824,2.1218,14475,0.001024,,,,0.155136,0,0.135424,0.003584,,,,,1.6051199999999999
6798,113.28664930555556,19037864744328,7.4151004664599895,7.5817,8.091392,1.888,14475,0.001024,,,,0.158208,0,0.139008,0.009216,,,,,2.27712
6799,113.29461910430838,19037864820145,7.9697985202074051,7.7855,7.42784,2.1157,14475,0.001024,,,,0.14976,0,0.130304,0.007424,,,,,1.609472
6800,113.30224550028345,19037864898000,7.6263961382210255,7.9067,7.931392,1.8627,14475,0.001024,,,,0.16153599999999999,0.000256,0.14207999999999998,0.0076799999999999993,,,,,1.6099839999999999
6801,113.30998910147392,19037864977067,7.7436012215912342,7.5128,7.66976,1.9373,14475,0.001024,,,,0.153856,0,0.13516799999999998,0.007936,,,,,1.859584
6802,113.31824090136054,19037865052195,8.2518002018332481,8.3253,7.665664,1.856,14475,0.001024,,,,0.16025599999999998,0.000256,0.140288,0.0076799999999999993,,,,,1.604096
6803,113.32553420493197,19037865135448,7.2933034971356392,7.388,8.29056,2.0236,14677,0.001024,,,,0.154112,0,0.133632,0.007424,,,,,1.928192
6804,113.33340060232426,19037865209328,7.866397500038147,7.8809,7.263232,2.1495,14475,0.001024,,,,0.15744,0,0.13747199999999998,0.007168,,,,,1.612288
6805,113.3409580994898,19037865288137,7.55749735981226,8.0722,7.81312,1.8294,14475,0.001024,,,,0.151552,0,0.132352,0.003072,,,,,1.783296
6806,113.34864640022676,19037865368859,7.688300684094429,7.1393,7.519488,1.7727,14475,0.001024,,,,0.155904,0,0.137216,0.008192,,,,,1.860352
6807,113.356619805839,19037865440252,7.9734055325388908,7.9651,7.664384,1.7585,14475,0.0012799999999999999,,,,0.1536,0,0.13414399999999999,0.0076799999999999993,,,,,1.772544
6808,113.36413820153061,19037865519903,7.5183957815170288,7.6528,7.968768,1.7557,14475,0.001024,,,,0.158208,0,0.13824,0.00896,,,,,1.866496
6809,113.37214080215419,19037865596431,8.0026006326079369,7.7734,7.543552,1.7451,14475,0.001024,,,,0.15692799999999998,0.000256,0.13696,0.008192,,,,,1.607936
6810,113.37966760204081,19037865674165,7.5268000364303589,7.7718,7.939072,2.052,14475,0.001024,,,,0.162048,0.000256,0.142848,0.007424,,,,,1.775872
6811,113.38714820011337,19037865751883,7.48059805482626,8.2727,7.478272,1.7735,14475,0.0012799999999999999,,,,0.158976,0.000256,0.139264,0.006912,,,,,1.855488
6812,113.39467260487528,19037865834610,7.5244046747684479,7.3891,7.477248,1.8458,14475,0.0012799999999999999,,,,0.158208,0.000256,0.13849599999999998,0.009984,,,,,1.608704
6813,113.40260190617913,19037865908501,7.9293008893728256,7.6235,7.556608,1.8236,14527,0.001024,,,,0.158208,0.000256,0.13824,0.005632,,,,,1.7756159999999999
6814,113.41026090561223,19037865984736,7.6589994132518768,7.4527,7.85152,2.0507,14475,0.001024,,,,0.152576,0,0.133376,0.0076799999999999993,,,,,2.129152
6815,113.41828670634921,19037866059263,8.025800809264183,7.4809,7.636992,1.9843,14595,0.001024,,,,0.150528,0.000256,0.131072,0.008704,,,,,1.60768
6816,113.42583920068027,19037866134072,7.5524942949414253,8.159,8.016384,1.9146,14677,0.0012799999999999999,,,,0.162048,0,0.14207999999999998,0.007936,,,,,1.8623999999999998
6817,113.43386720521542,19037866215662,8.0280043184757233,7.7254,7.414528,2.0501,14475,0.001024,,,,0.1536,0,0.133888,0.0076799999999999993,,,,,1.60768
6818,113.44148770549886,19037866292916,7.6205004006624222,7.8313,7.950848,1.9031,14475,0.001024,,,,0.15103999999999998,0,0.131328,0.003328,,,,,1.8723839999999998
6819,113.44893090277778,19037866371229,7.4431970715522766,7.7679,7.625216,2.0082,14475,0.0012799999999999999,,,,0.152064,0.000256,0.13312,0.0076799999999999993,,,,,2.018048
6820,113.457219805839,19037866448908,8.2889031618833542,8.0729,7.43936,1.9964,14475,0.001024,,,,0.155136,0.000256,0.135424,0.007424,,,,,1.605376
6821,113.4651165036848,19037866529637,7.8966980800032616,7.4684,8.198912,2.1975,14475,0.001024,,,,0.154368,0,0.135424,0.007936,,,,,2.1143039999999997
6822,113.47304820011337,19037866604321,7.9316962510347366,7.4692,7.891712,2.1199,14475,0.001024,,,,0.155136,0.000256,0.135424,0.007424,,,,,1.774592
6823,113.48056920351473,19037866679013,7.5210034847259521,8.3411,7.895296,1.912,14475,0.001024,,,,0.152832,0.000256,0.133888,0.003328,,,,,1.865472
6824,113.48822990362811,19037866762424,7.6607000082731247,7.6959,7.50848,2.2173,14475,0.001024,,,,0.14976,0,0.130816,0.010496,,,,,1.884928
6825,113.49625760345805,19037866839383,8.027699775993824,8.3882,7.626752,1.9343,14475,0.001024,,,,0.153088,0,0.13286399999999998,0.0076799999999999993,,,,,1.612544
6826,113.50399050453514,19037866923265,7.732901256531477,7.1295,8.025856,2.2472,14475,0.001024,,,,0.15488,0,0.13516799999999998,0.0076799999999999993,,,,,2.331136
6827,113.51199970238095,19037866994560,8.0091981217265129,8.1024,7.585792,2.0936,14475,0.001024,,,,0.151808,0,0.132352,0.0076799999999999993,,,,,1.9074559999999998
6828,113.51952960600907,19037867075584,7.529903668910265,8.6508,8.169728,1.96,32046,0.0012799999999999999,,,,0.158976,0,0.138752,0.007424,,,,,1.7738239999999998
6829,113.5270544005102,19037867162092,7.5247944332659245,6.64,7.50592,2.0068,29062,0.001024,,,,0.42419199999999996,0,0.13312,0.0097279999999999988,,,,,1.865472
6830,113.53490190617913,19037867228492,7.847505621612072,7.9421,7.51488,2.1646,14475,0.001024,,,,0.155392,0,0.135936,0.0076799999999999993,,,,,1.607168
6831,113.54264400510203,19037867307913,7.7420989982783794,7.8353,7.755008,2.1001,14475,0.001024,,,,0.15616,0.000256,0.135936,0.007424,,,,,1.607936
6832,113.55073560090702,19037867386266,8.0915959551930428,7.5665,7.79008,2.191,14475,0.001024,,,,0.153088,0,0.133376,0.007424,,,,,1.605888
6833,113.55864450113378,19037867461931,7.9089002683758736,7.7492,8.071424,1.908,14475,0.001024,,,,0.157696,0,0.13747199999999998,0.007424,,,,,1.8990079999999998
6834,113.56649550028344,19037867539423,7.8509990125894547,7.4583,7.818496,2.2143,14475,0.001024,,,,0.152576,0,0.13312,0.0038399999999999997,,,,,1.776128
6835,113.57424130527211,19037867614006,7.7458051964640617,8.4312,7.868672,2.0727,14595,0.001024,,,,0.15334399999999998,0,0.13312,0.0076799999999999993,,,,,1.6084479999999999
6836,113.58180370606576,19037867698318,7.56240077316761,8.0595,7.68768,2.0779,14475,0.001024,,,,0.158976,0,0.13952,0.006656,,,,,1.6063999999999998
6837,113.58969360119048,19037867778913,7.8898947685956955,7.3083,7.611392,2.085,14475,0.001024,,,,0.157696,0.000256,0.13849599999999998,0.0076799999999999993,,,,,1.60768
6838,113.59739740646258,19037867851996,7.7038053423166275,7.6735,7.802624,2.2429,14475,0.001024,,,,0.162048,0,0.14207999999999998,0.0076799999999999993,,,,,1.868288
6839,113.60508839994331,19037867928731,7.69099360331893,8.1741,7.746816,2.1998,14527,0.001024,,,,0.15616,0,0.136704,0.007424,,,,,1.970432
6840,113.61322970521542,19037868010472,8.1413052976131439,8.1246,7.672064,2.0407,14475,0.001024,,,,0.149504,0,0.130304,0.004352,,,,,1.6066559999999999
6841,113.6209871031746,19037868091718,7.7573978342115879,7.4458,8.117248,2.1571,14677,0.001024,,,,0.157184,0,0.13747199999999998,0.0076799999999999993,,,,,2.263808
6842,113.62871730442177,19037868166176,7.7302013523876667,7.2809,7.675904,2.0928,14475,0.001024,,,,0.152064,0.000256,0.132352,0.004352,,,,,1.6051199999999999
6843,113.63637859977324,19037868238985,7.661295123398304,8.0634,7.768832,2.1177,14475,0.001024,,,,0.162816,0,0.14336,0.007424,,,,,1.89056
6844,113.64429180130385,19037868319619,7.9132011160254478,8.3825,7.647744,1.998,14475,0.001024,,,,0.152832,0,0.133632,0.004096,,,,,2.028288
6845,113.65204440192743,19037868403444,7.7526005916297436,6.8736,7.892736,2.0886,20917,0.001024,,,,0.155136,0,0.134912,0.0076799999999999993,,,,,1.8091519999999999
6846,113.65974010062358,19037868472180,7.6956986449658871,7.6318,7.678208,1.9804,14475,0.0012799999999999999,,,,0.155904,0,0.136704,0.007424,,,,,1.7720319999999998
6847,113.66779400510204,19037868548498,8.05390439927578,8.3068,7.705856,2.3146,14475,0.001024,,,,0.154368,0,0.1344,0.011519999999999999,,,,,1.772544
6848,113.6751994047619,19037868631566,7.4053998105227947,7.4212,8.054528,1.8792,14475,0.0012799999999999999,,,,0.155904,0,0.131328,0.011776,,,,,1.8677759999999999
6849,113.68347059948979,19037868705778,8.2711949944496155,7.7636,7.380736,2.2359,14475,0.001024,,,,0.15872,0.000256,0.139264,0.007936,,,,,1.612288
6850,113.69119770408163,19037868783414,7.72710470482707,8.5901,8.257792,1.9796,14475,0.001024,,,,0.158464,0,0.139008,0.0097279999999999988,,,,,1.779968
6851,113.69875040391156,19037868869315,7.552699651569128,7.3037,7.698688,2.0128,14475,0.001024,,,,0.154112,0,0.134656,0.007168,,,,,1.856512
6852,113.70696180555555,19037868942352,8.2114012911915779,8.1,7.534592,2.0066,14475,0.0012799999999999999,,,,0.145152,0,0.126208,0.007936,,,,,1.603584
6853,113.71444710175737,19037869023352,7.4852961115539074,7.562,8.187136,2.0283,14475,0.001024,,,,0.15462399999999998,0.000256,0.134656,0.007424,,,,,1.892096
6854,113.72272230017006,19037869098972,8.2751987501978874,8.0735,7.412992,2.222,14677,0.001024,,,,0.162304,0.000256,0.142592,0.010239999999999999,,,,,1.6066559999999999
6855,113.73027130102041,19037869179707,7.5490009039640427,7.5751,8.140032,2.4551,14595,0.001024,,,,0.15692799999999998,0.000256,0.137216,0.003328,,,,,1.782528
6856,113.73757870606576,19037869255458,7.3074051178991795,8.0423,7.604224,1.8131,14475,0.001024,,,,0.152832,0,0.133888,0.0076799999999999993,,,,,1.918976
6857,113.74565030470521,19037869335881,8.0715985968709,7.8219,7.319808,2.0897,41411,0.001024,,,,0.1536,0,0.13312,0.0076799999999999993,,,,,1.608704
6858,113.75314270124716,19037869414100,7.4923965148627758,7.825,8.051456,2.0776,14475,0.001024,,,,0.152064,0,0.132352,0.005888,,,,,1.854976
6859,113.76135240221087,19037869492350,8.20970069617033,7.2737,7.521024,2.375,27926,0.001024,,,,0.15744,0,0.137728,0.007424,,,,,1.608704
6860,113.76907830215418,19037869565087,7.7259000390768051,8.2733,8.11648,2.1921,44621,0.001024,,,,0.158976,0,0.139008,0.0076799999999999993,,,,,1.606912
6861,113.77631150085034,19037869647820,7.23319873213768,7.6926,7.702784,2.02,58678,0.001024,,,,0.1536,0,0.133888,0.007424,,,,,1.7820159999999998
6862,113.78402540391156,19037869724746,7.7139032073318958,7.8361,7.286272,2.119,14475,0.001024,,,,0.15564799999999998,0,0.13568,0.0038399999999999997,,,,,1.607936
6863,113.79155890022675,19037869803107,7.5334962457418442,8.0117,7.606272,2.0068,14475,0.001024,,,,0.154112,0.000256,0.133632,0.004352,,,,,1.60896
6864,113.799344805839,19037869883224,7.7859056182205677,6.5069,7.594752,1.9074,14475,0.001024,,,,0.15334399999999998,0,0.133888,0.0076799999999999993,,,,,1.930496
6865,113.80739100056689,19037869948293,8.0461949110031128,7.8958,7.701248,2.0182,14527,0.001024,,,,0.158208,0.000256,0.139008,0.0084479999999999989,,,,,1.605376
6866,113.81518420493197,19037870027251,7.7932043932378292,7.5346,8.014848,1.8331,14475,0.001024,,,,0.1472,0,0.12723199999999998,0.007424,,,,,1.9092479999999998
6867,113.82307200255102,19037870102597,7.8877974301576614,7.7494,7.794944,1.9058,14822,0.001024,,,,0.16025599999999998,0,0.13977599999999998,0.003584,,,,,1.776128
6868,113.8305257015306,19037870180091,7.4536991305649281,8.3316,7.843328,1.8246,14475,0.001024,,,,0.154368,0,0.134656,0.0076799999999999993,,,,,1.870336
6869,113.83860680272109,19037870263407,8.0811008810997009,7.4358,7.438848,2.1663,14475,0.001024,,,,0.16,0.000256,0.14079999999999998,0.007936,,,,,1.606912
6870,113.84618960459183,19037870337765,7.5828018598258495,8.1527,8.08704,1.894,35593,0.001024,,,,0.15923199999999998,0,0.13952,0.0076799999999999993,,,,,1.7054719999999999
6871,113.85363500566893,19037870419292,7.4454010464251041,7.2156,7.538432,2.0188,14475,0.001024,,,,0.1536,0,0.13414399999999999,0.0076799999999999993,,,,,2.123264
6872,113.86172170493197,19037870491448,8.0866990610957146,8.1037,7.486976,2.0029,14475,0.001024,,,,0.152064,0,0.132352,0.003328,,,,,1.6051199999999999
6873,113.86950179988662,19037870572485,7.7800950966775417,7.5932,7.843328,1.8282,14475,0.001024,,,,0.155904,0,0.13696,0.0076799999999999993,,,,,1.7756159999999999
6874,113.87752490079365,19037870648417,8.0231009051203728,7.4147,7.803136,1.8194,17046,0.0012799999999999999,,,,0.153856,0.000256,0.1344,0.007424,,,,,2.243328
6875,113.88497390164399,19037870722564,7.44900107383728,8.0165,7.949568,1.8059,17953,0.001024,,,,0.155392,0,0.135936,0.0076799999999999993,,,,,1.953792
6876,113.8924492063492,19037870802729,7.4753048829734325,7.9029,7.427072,1.8411,14475,0.001024,,,,0.15462399999999998,0,0.134656,0.007424,,,,,1.605632
6877,113.90041560374149,19037870881758,7.9663973301649094,8.2227,7.45984,1.9572,14475,0.001024,,,,0.148736,0.000256,0.12928,0.0076799999999999993,,,,,1.605888
6878,113.90822320011337,19037870963985,7.8075965866446495,7.4248,8.017664,1.8551,14475,0.001024,,,,0.154368,0.000256,0.134656,0.004608,,,,,1.867008
6879,113.91623550170067,19037871038233,8.0123012885451317,7.3774,7.77728,2.0043,14475,0.001024,,,,0.155136,0.000256,0.13568,0.005632,,,,,1.9425279999999998
6880,113.92378260345805,19037871112007,7.5471019372344017,7.7821,8.003072,2.1971,14822,0.001024,,,,0.155136,0.000256,0.135424,0.007936,,,,,1.607168
6881,113.93136600056688,19037871189828,7.5833969749510288,8.4561,7.513088,2.2889,14475,0.001024,,,,0.14899199999999999,0,0.12928,0.0076799999999999993,,,,,1.88672
6882,113.93949140447846,19037871274389,8.12540389597416,7.9292,7.571968,2.0538,14475,0.001024,,,,0.14899199999999999,0,0.129024,0.010752,,,,,1.769984
6883,113.9472211026077,19037871353681,7.729697972536087,7.3421,8.100608,1.8921,20403,0.001024,,,,0.1536,0.000256,0.13414399999999999,0.007424,,,,,2.2817279999999998
6884,113.95524710175737,19037871427102,8.0259991809725761,7.5455,7.62496,2.0032,20404,0.001024,,,,0.16,0,0.140032,0.007424,,,,,1.7738239999999998
6885,113.96288050595237,19037871502557,7.6334043405950069,7.8484,7.836928,1.8896,14475,0.001024,,,,0.152576,0,0.13312,0.003328,,,,,1.7722879999999999
6886,113.9703983064059,19037871581041,7.5178006663918495,7.8473,7.600384,1.9186,14475,0.001024,,,,0.161792,0.000256,0.142336,0.0063999999999999994,,,,,1.856256
6887,113.978308404195,19037871659514,7.9100979492068291,7.8177,7.505152,2.0342,49617,0.001024,,,,0.159744,0,0.13952,0.0076799999999999993,,,,,1.705728
6888,113.98590280612244,19037871737691,7.5944019481539726,8.1912,7.569152,2.6103,44623,0.001024,,,,0.151808,0,0.132352,0.003328,,,,,1.622784
6889,113.9937415036848,19037871819603,7.8386971727013588,8.42,7.571712,2.7884,14475,0.001024,,,,0.156416,0,0.136704,0.0076799999999999993,,,,,1.621248
6890,114.00142490079365,19037871903803,7.6833972707390785,8.1876,7.816704,1.9027,14475,0.001024,,,,0.15692799999999998,0.000256,0.137216,0.007424,,,,,1.607424
6891,114.00918270266439,19037871985679,7.757802028208971,6.1987,7.73248,2.2215,49669,0.001024,,,,0.15462399999999998,0,0.13516799999999998,0.0076799999999999993,,,,,1.8926079999999998
6892,114.01757250566892,19037872047666,8.3898026496171951,8.4652,7.757568,2.0313,44623,0.001024,,,,0.16,0,0.140032,0.0076799999999999993,,,,,1.6063999999999998
6893,114.02485410289115,19037872132318,7.28159723803401,7.8374,8.106496,1.9488,67535,0.001024,,,,0.15103999999999998,0,0.131584,0.006656,,,,,1.8539519999999998
6894,114.03273150510203,19037872210692,7.8774020075798035,7.1183,7.248384,1.8277,297694,0.001024,,,,0.39833599999999997,0.000256,0.135424,0.0097279999999999988,,,,,1.608704
6895,114.04061640447846,19037872281875,7.8848991543054581,8.1475,7.621376,2.5565,111428,0.001024,,,,0.155136,0.000256,0.135424,0.007936,,,,,1.627648
6896,114.04810710034013,19037872363350,7.4906959198415279,7.7049,7.92192,1.9183,44640,0.001024,,,,0.15564799999999998,0.000256,0.135424,0.007424,,,,,2.277632
6897,114.05641660289115,19037872440399,8.3095021545887,7.5721,7.45856,2.1575,14475,0.001024,,,,0.151808,0,0.132352,0.0076799999999999993,,,,,1.6066559999999999
6898,114.06443770549886,19037872516120,8.021102286875248,7.8311,8.30464,1.8521,14475,0.001024,,,,0.15103999999999998,0.000256,0.131072,0.003328,,,,,1.86624
6899,114.07230590277777,19037872594431,7.8681968152523041,7.2693,7.818752,1.9161,32046,0.001024,,,,0.149504,0.000256,0.129792,0.012288,,,,,1.774592
6900,114.08010710034013,19037872667124,7.8011974692344666,8.5796,7.8528,1.8892,28860,0.001024,,,,0.156416,0,0.135424,0.007424,,,,,1.6066559999999999
6901,114.08792870606575,19037872752920,7.8216055408120155,8.21,7.710464,1.8593,14475,0.001024,,,,0.149504,0,0.13055999999999998,0.007424,,,,,1.89696
6902,114.0960994047619,19037872835020,8.170698769390583,7.5207,7.62752,1.8231,14475,0.001024,,,,0.165632,0,0.146176,0.007424,,,,,1.610752
6903,114.10400650510203,19037872910227,7.9071000218391418,7.685,8.080128,1.8985,14475,0.001024,,,,0.151808,0,0.132096,0.003584,,,,,1.9581439999999999
6904,114.11208410572561,19037872987077,8.077600970864296,8.2572,7.960576,1.8648,14475,0.001024,,,,0.153088,0,0.13286399999999998,0.007424,,,,,1.777664
6905,114.11979550028344,19037873069649,7.711394689977169,7.5528,8.05376,1.7957,14475,0.001024,,,,0.157696,0,0.13568,0.007424,,,,,1.905152
6906,114.12729630102041,19037873145177,7.5008007697761059,7.9635,7.691008,1.7872,14677,0.001024,,,,0.16358399999999998,0,0.144128,0.007936,,,,,1.779712
6907,114.13591760204081,19037873224812,8.62130057066679,8.0195,7.480064,1.9083,32046,0.001024,,,,0.156416,0.000256,0.137216,0.007424,,,,,1.60768
6908,114.14352220096372,19037873305007,7.6045989990234375,7.8947,8.5312,1.8753,28926,0.000768,,,,0.150528,0,0.131328,0.008192,,,,,2.07488
6909,114.1513077026644,19037873383954,7.7855018898844719,7.5207,7.587584,1.9653,14475,0.0012799999999999999,,,,0.157696,0,0.137728,0.011776,,,,,1.610752
6910,114.15905359977324,19037873459161,7.7458969317376614,9.0576,7.825152,1.9166,20917,0.001024,,,,0.154368,0,0.133888,0.004096,,,,,2.1311999999999998
6911,114.16668550170067,19037873549737,7.6319021172821522,7.0447,7.692032,1.9435,14475,0.001024,,,,0.160768,0,0.141056,0.0076799999999999993,,,,,1.78432
6912,114.17442750141723,19037873620184,7.7419998124241829,8.1568,7.655168,1.9629,14475,0.001024,,,,0.161024,0.000256,0.141568,0.007424,,,,,1.605376
6913,114.18231670209749,19037873701752,7.889200933277607,7.564,7.66336,1.8214,14475,0.001024,,,,0.15488,0,0.133888,0.003072,,,,,1.606912
6914,114.19021030328798,19037873777392,7.8936014324426651,7.5877,7.713024,1.7947,14475,0.001024,,,,0.152064,0,0.13183999999999998,0.007936,,,,,1.779456
6915,114.19786070011338,19037873853269,7.6503967866301537,7.7589,7.884288,1.8268,32166,0.001024,,,,0.155136,0.000256,0.135936,0.0076799999999999993,,,,,1.9609599999999998
6916,114.20615300453514,19037873930858,8.29230435192585,7.8868,7.67232,1.7813,28860,0.0012799999999999999,,,,0.16,0,0.140032,0.0076799999999999993,,,,,1.6051199999999999
6917,114.21360280612244,19037874009726,7.4498015455901623,7.9285,8.217344,1.9689,14527,0.001024,,,,0.15103999999999998,0,0.131584,0.003328,,,,,1.77792
6918,114.22146820436508,19037874089011,7.8653981909155846,7.708,7.478016,1.9077,14677,0.0012799999999999999,,,,0.15129599999999999,0,0.132352,0.0038399999999999997,,,,,1.873664
6919,114.22925190617913,19037874166091,7.78370164334774,7.9931,7.844096,1.8007,14475,0.001024,,,,0.152064,0,0.13286399999999998,0.0038399999999999997,,,,,1.60768
6920,114.23673260345805,19037874246022,7.4806972406804562,7.5555,7.782656,1.871,14475,0.001024,,,,0.157184,0.000256,0.137984,0.007168,,,,,2.138368
6921,114.24464220521541,19037874321577,7.909601554274559,8.2417,7.423744,1.9985,14475,0.001024,,,,0.157184,0.000256,0.13696,0.007424,,,,,1.606144
6922,114.25241780045351,19037874403994,7.775595411658287,7.9439,7.908608,1.8238,14475,0.001024,,,,0.15334399999999998,0,0.133376,0.007424,,,,,1.813248
6923,114.25989090136054,19037874483433,7.473100908100605,6.9213,7.758592,1.9555,14475,0.001024,,,,0.154112,0,0.134656,0.008192,,,,,1.6051199999999999
6924,114.26807540391157,19037874552646,8.1845028325915337,8.0835,7.45216,1.9217,14475,0.001024,,,,0.154112,0,0.1344,0.0076799999999999993,,,,,1.604352
6925,114.27526400226756,19037874633481,7.1885981597006321,8.0438,8.1088,2.0376,14475,0.001024,,,,0.15616,0,0.13696,0.0048639999999999994,,,,,2.040064
6926,114.28326410147392,19037874713919,8.00009910017252,7.3376,7.21152,1.9178,14475,0.001024,,,,0.15692799999999998,0,0.137216,0.0048639999999999994,,,,,1.6097279999999998
6927,114.29099730017006,19037874787295,7.7331988140940666,7.8444,7.992064,1.8254,32046,0.001024,,,,0.158464,0,0.139008,0.003072,,,,,1.821184
6928,114.29836400226758,19037874865739,7.36670196056366,7.3022,7.699712,1.8814,28860,0.001024,,,,0.150272,0,0.13055999999999998,0.0076799999999999993,,,,,1.6051199999999999
6929,114.30640010629251,19037874938761,8.0361040309071541,8.1935,7.285504,1.8723,32046,0.001024,,,,0.15488,0,0.1344,0.0076799999999999993,,,,,1.6051199999999999
6930,114.31417260487528,19037875020696,7.7724987640976906,7.5296,8.022016,1.8092,28860,0.001024,,,,0.15795199999999998,0,0.13696,0.007424,,,,,1.8623999999999998
6931,114.32202550311791,19037875095992,7.8528979793190956,7.3268,7.767552,1.8282,14677,0.001024,,,,0.16025599999999998,0,0.140544,0.003328,,,,,1.7720319999999998
6932,114.32950920493197,19037875169260,7.4837016873061657,8.0095,7.81056,1.8334,14475,0.001024,,,,0.157184,0,0.137216,0.004608,,,,,1.606912
6933,114.3372869047619,19037875249355,7.7776997350156307,7.8201,7.482368,1.7554,14475,0.001024,,,,0.15129599999999999,0,0.132096,0.007424,,,,,2.1173759999999997
6934,114.34525970096371,19037875327556,7.9727964475750923,7.8935,7.725312,1.8619,14475,0.001024,,,,0.159744,0.000256,0.13952,0.003584,,,,,1.774592
6935,114.35272280328797,19037875406491,7.4631022289395332,7.3022,7.956992,2.093,49737,0.001024,,,,0.160768,0.000256,0.141056,0.007424,,,,,1.861632
6936,114.36054100056688,19037875479513,7.8181969001889229,8.0852,7.443456,1.7745,44640,0.001024,,,,0.157184,0,0.13747199999999998,0.0076799999999999993,,,,,1.783552
6937,114.36836220238095,19037875560365,7.821202278137207,7.8874,7.855104,2.0333,14475,0.001024,,,,0.15616,0,0.136704,0.011519999999999999,,,,,1.605888
6938,114.3756992063492,19037875639239,7.3370039463043213,7.4272,7.73888,1.8388,14475,0.001024,,,,0.159744,0,0.140288,0.007424,,,,,2.107392
6939,114.38368309948979,19037875713511,7.9838931560516357,7.7803,7.324416,1.876,14475,0.001024,,,,0.14899199999999999,0,0.12953599999999998,0.0076799999999999993,,,,,1.6063999999999998
6940,114.3911371031746,19037875791314,7.4540036730468273,7.8945,7.97184,1.7931,14475,0.001024,,,,0.160512,0,0.140288,0.008192,,,,,1.8739199999999998
6941,114.39864120606576,19037875870259,7.5041027739644051,7.2295,7.427584,1.9022,14475,0.001024,,,,0.154368,0.000256,0.1344,0.007424,,,,,1.769216
6942,114.40688510487527,19037875942554,8.24389886111021,8.0419,7.5392,1.8554,14475,0.001024,,,,0.157696,0,0.137984,0.003072,,,,,1.6033279999999999
6943,114.41450200538549,19037876022973,7.616900373250246,7.4703,8.235008,1.8343,14527,0.001024,,,,0.155392,0,0.135424,0.007424,,,,,1.8895359999999999
6944,114.42231220238095,19037876097676,7.8101968392729759,7.3656,7.601152,1.826,14677,0.001024,,,,0.152832,0,0.133376,0.0076799999999999993,,,,,1.6066559999999999
6945,114.42996070011337,19037876171332,7.6484978199005127,8.2436,7.731968,1.8617,14475,0.001024,,,,0.156672,0.000256,0.137728,0.0076799999999999993,,,,,1.605376
6946,114.4379371031746,19037876253768,7.9764034599065781,7.955,7.488256,1.8708,14475,0.001024,,,,0.159744,0.000256,0.140288,0.004352,,,,,1.8606079999999998
6947,114.44558370181406,19037876333318,7.6465988531708717,7.6022,7.95264,1.9183,14475,0.001024,,,,0.167424,0,0.14771199999999998,0.007936,,,,,1.6066559999999999
6948,114.45306350623582,19037876409340,7.4798045679926872,7.6639,7.601152,1.7852,14475,0.001024,,,,0.151808,0.000256,0.132096,0.007424,,,,,1.867008
6949,114.46097170493196,19037876485979,7.9081989824771881,7.8558,7.412736,1.7895,14475,0.001024,,,,0.150528,0,0.131584,0.0051199999999999996,,,,,1.60896
6950,114.46896090561224,19037876564537,7.9892007634043694,7.6286,7.949056,1.8089,14475,0.001024,,,,0.150528,0,0.130816,0.007424,,,,,1.78432
6951,114.47627059948979,19037876640823,7.309693843126297,7.6616,7.97184,1.9666,14475,0.0012799999999999999,,,,0.155136,0,0.135936,0.0076799999999999993,,,,,2.394368
6952,114.48398230583899,19037876717439,7.7117062173783779,8.2099,7.238144,1.8174,14475,0.001024,,,,0.154112,0,0.134912,0.003584,,,,,1.607936
6953,114.49163410572562,19037876799538,7.6517998240888119,7.5072,7.698176,1.9307,14475,0.001024,,,,0.150784,0,0.131328,0.007424,,,,,1.8705919999999998
6954,114.49964860402494,19037876874610,8.01449827849865,7.3421,7.673856,1.9545,14475,0.001024,,,,0.158464,0,0.139264,0.007936,,,,,2.011136
6955,114.50779280045352,19037876948031,8.14419612288475,8.1143,7.934976,1.8616,14595,0.001024,,,,0.159488,0,0.140032,0.007936,,,,,1.6051199999999999
6956,114.51519810090703,19037877029174,7.4053006246685982,7.3028,8.140544,1.7778,14475,0.0012799999999999999,,,,0.15001599999999998,0.000256,0.130304,0.010496,,,,,2.233856
6957,114.52284450113378,19037877102202,7.6464000158011913,7.8658,7.373568,1.7657,14677,0.001024,,,,0.158464,0,0.138752,0.003072,,,,,1.605888
6958,114.53084860402494,19037877180860,8.0041028559207916,8.2733,7.677696,1.7986,14475,0.001024,,,,0.155136,0,0.13516799999999998,0.008192,,,,,1.861888
6959,114.53858530328797,19037877263593,7.7366991899907589,7.2847,7.92448,1.8479,14475,0.001024,,,,0.15692799999999998,0,0.13696,0.007168,,,,,2.1125119999999997
6960,114.54649450113378,19037877336440,7.9091982915997505,7.739,7.713024,1.7336,14475,0.001024,,,,0.16127999999999998,0,0.142336,0.007424,,,,,1.609216
6961,114.55418560090702,19037877413830,7.6910997740924358,8.1432,7.947008,1.7924,14475,0.001024,,,,0.325376,0,0.305152,0.007168,,,,,1.863168
6962,114.56228929988661,19037877495262,8.1036994233727455,7.5671,7.60704,1.8267,14475,0.001024,,,,0.15334399999999998,0.000256,0.133888,0.0076799999999999993,,,,,1.7740799999999999
6963,114.56964140447846,19037877570933,7.3521044105291367,7.9746,8.099584,1.7836,14475,0.001024,,,,0.151552,0.000256,0.132096,0.003328,,,,,1.87648
6964,114.5772623015873,19037877650679,7.6208971440792084,7.9324,7.391488,1.7479,14475,0.001024,,,,0.152832,0,0.132608,0.005632,,,,,1.6097279999999998
6965,114.58522010345804,19037877730003,7.9578021541237831,7.7416,7.59424,1.9878,14475,0.001024,,,,0.147456,0,0.128512,0.0076799999999999993,,,,,1.6051199999999999
6966,114.59272360402494,19037877807419,7.5035006739199162,7.3902,7.89248,2.0362,14475,0.001024,,,,0.15564799999999998,0.000256,0.13568,0.0097279999999999988,,,,,1.8542079999999999
6967,114.60084440192743,19037877881321,8.1207975745201111,8.0736,7.531776,1.9174,14475,0.001024,,,,0.15103999999999998,0.000256,0.131584,0.007168,,,,,1.7687039999999998
6968,114.6083492063492,19037877962057,7.5048045255243778,7.7061,8.027392,1.8489,14475,0.001024,,,,0.15923199999999998,0.000256,0.137216,0.007936,,,,,1.863424
6969,114.61659730017006,19037878039118,8.2480935379862785,7.3319,7.493632,1.7783,14527,0.001024,,,,0.39910399999999996,0,0.13644799999999999,0.011264,,,,,1.6048639999999998
6970,114.62396220238095,19037878112437,7.3649021796882153,8.1675,7.815936,1.9932,14677,0.001024,,,,0.149504,0,0.12953599999999998,0.003584,,,,,1.7728
6971,114.63155449971654,19037878194112,7.5922971591353416,7.7365,7.561472,1.8432,14475,0.001024,,,,0.153856,0,0.133888,0.003584,,,,,1.606144
6972,114.63914250283446,19037878271477,7.588003296405077,8.0541,7.509504,1.9297,14475,0.001024,,,,0.160768,0,0.14079999999999998,0.003072,,,,,1.607936
6973,114.64671500141723,19037878352018,7.5724986381828785,7.596,7.575296,1.7685,14475,0.001024,,,,0.15616,0,0.13644799999999999,0.005888,,,,,1.776384
6974,114.65429400510203,19037878427978,7.57900346070528,7.3611,7.616512,1.9985,14475,0.001024,,,,0.154112,0,0.134656,0.0076799999999999993,,,,,1.8775039999999998
6975,114.66237990362811,19037878501589,8.0858981236815453,7.6033,7.486208,1.7877,32894,0.001024,,,,0.15334399999999998,0,0.133888,0.0076799999999999993,,,,,1.6048639999999998
6976,114.66983830073696,19037878577622,7.4583971872925758,7.6594,8.087296,1.8465,14475,0.0012799999999999999,,,,0.166656,0,0.14771199999999998,0.0076799999999999993,,,,,1.871616
6977,114.67735910572561,19037878654216,7.5208051130175591,7.3706,7.434752,1.8626,14475,0.001024,,,,0.154112,0,0.1344,0.010496,,,,,1.6081919999999998
6978,114.68537760062358,19037878727922,8.0184945836663246,8.0648,7.487488,1.8006,14475,0.001024,,,,0.149248,0,0.12953599999999998,0.007424,,,,,1.6063999999999998
6979,114.69300240221088,19037878808570,7.6248017139732838,7.7698,8.055808,1.8622,14475,0.001024,,,,0.157696,0,0.137984,0.003328,,,,,1.7704959999999998
6980,114.70116710600907,19037878886268,8.1647038459777832,7.3812,7.566336,1.8146,14475,0.001024,,,,0.157696,0.000256,0.137984,0.0076799999999999993,,,,,1.605888
6981,114.70870870181406,19037878960080,7.541595958173275,8.1664,8.126464,1.8125,14475,0.001024,,,,0.160512,0,0.140544,0.0076799999999999993,,,,,1.876224
6982,114.71646820436507,19037879041744,7.7595026232302189,7.3339,7.50976,1.9285,14475,0.001024,,,,0.162048,0.000256,0.142848,0.005632,,,,,1.605632
6983,114.72429780328798,19037879115083,7.82959908246994,8.0858,7.765248,1.8059,14822,0.001024,,,,0.158208,0,0.13849599999999998,0.0076799999999999993,,,,,1.6051199999999999
6984,114.73188460175737,19037879195941,7.5867986306548119,7.7846,7.789568,1.7639,14475,0.001024,,,,0.159488,0,0.13977599999999998,0.007424,,,,,1.775872
6985,114.73997110260771,19037879273787,8.0865006893873215,7.6665,7.6288,1.7565,14475,0.001024,,,,0.151552,0,0.132096,0.0076799999999999993,,,,,1.8124799999999999
6986,114.747819805839,19037879350452,7.8487033024430275,7.8652,8.070144,1.9812,14475,0.0012799999999999999,,,,0.155136,0,0.135424,0.007936,,,,,1.873152
6987,114.75553090277778,19037879429104,7.7110971324145794,7.4017,7.748608,1.9817,14475,0.001024,,,,0.15616,0,0.136704,0.007936,,,,,1.7720319999999998
6988,114.76323490646259,19037879503121,7.7040037140250206,8.3365,7.708672,2.0356,14475,0.001024,,,,0.15334399999999998,0,0.133632,0.0076799999999999993,,,,,1.605888
6989,114.77121370464852,19037879586486,7.9787978902459145,7.9865,7.687936,1.7868,14475,0.001024,,,,0.154112,0,0.134656,0.004096,,,,,1.781248
6990,114.77903650085034,19037879666351,7.8227957710623741,7.3674,7.780352,1.6979,14475,0.001024,,,,0.147456,0,0.12825599999999998,0.011776,,,,,1.77664
6991,114.78634680413832,19037879740025,7.3103033937513828,7.832,7.611392,1.9092,14475,0.001024,,,,0.152832,0.000256,0.133632,0.004352,,,,,2.0472319999999997
6992,114.79449820011338,19037879818345,8.1513961777091026,8.1294,7.478784,1.829,14475,0.001024,,,,0.153088,0.000256,0.133632,0.003584,,,,,1.606912
6993,114.80197320011338,19037879899639,7.474999874830246,7.6958,7.831808,1.8237,14475,0.001024,,,,0.15744,0.000256,0.13747199999999998,0.007168,,,,,1.7774079999999999
6994,114.80966840277777,19037879976597,7.6952027156949043,7.4295,7.489792,1.7639,14475,0.001024,,,,0.15488,0,0.135424,0.0038399999999999997,,,,,1.861376
6995,114.81758129960318,19037880050892,7.9128965735435486,7.8767,7.618304,1.9524,14647,0.001024,,,,0.155392,0.000256,0.13644799999999999,0.004096,,,,,1.60768
6996,114.82485770266439,19037880129659,7.2764032520353794,7.807,7.948544,1.8221,14677,0.001024,,,,0.154368,0,0.134656,0.007424,,,,,1.6051199999999999
6997,114.83245380527211,19037880207729,7.5961025431752205,7.7296,7.255552,1.7499,14475,0.001024,,,,0.16358399999999998,0.000256,0.14079999999999998,0.008192,,,,,1.60768
6998,114.84003500566892,19037880285025,7.5812004506587982,7.5412,7.572736,1.7852,14475,0.001024,,,,0.164096,0,0.143616,0.007936,,,,,1.607424
6999,114.84777660147392,19037880360437,7.7415956184268,7.2114,7.506432,1.9516,14475,0.001024,,,,0.157696,0.000256,0.13849599999999998,0.0097279999999999988,,,,,1.6063999999999998
7000,114.85579420351473,19037880432551,8.017602376639843,7.8041,7.669248,1.8746,14475,0.001024,,,,0.15001599999999998,0,0.13055999999999998,0.0038399999999999997,,,,,1.6048639999999998
7001,114.86318960459184,19037880510592,7.3954011313617229,7.8823,7.891712,1.7645,14475,0.001024,,,,0.15872,0,0.139264,0.0076799999999999993,,,,,1.6051199999999999
7002,114.87072220096371,19037880589415,7.5325965881347656,7.3064,7.428352,1.7082,14475,0.001024,,,,0.160768,0.000256,0.141824,0.004352,,,,,1.7728
7003,114.87857910289115,19037880662479,7.8569017350673676,7.9955,7.51232,1.9773,14475,0.001024,,,,0.14976,0,0.13055999999999998,0.007168,,,,,1.6051199999999999
7004,114.88610140306122,19037880742434,7.5223003514111042,7.4837,7.773952,1.8481,14475,0.001024,,,,0.15231999999999998,0.000256,0.132352,0.007424,,,,,1.88544
7005,114.89389970238095,19037880817271,7.7982991933822632,7.5101,7.560448,1.8609,14475,0.001024,,,,0.154368,0,0.134912,0.007424,,,,,1.604352
7006,114.90189730017006,19037880892372,7.9975975677371025,8.115,7.781376,1.9532,14475,0.001024,,,,0.15923199999999998,0.000256,0.13977599999999998,0.0076799999999999993,,,,,1.60896
7007,114.90936699971655,19037880973522,7.4696997180581093,7.2977,7.914496,1.7775,14475,0.001024,,,,0.15795199999999998,0,0.13849599999999998,0.0076799999999999993,,,,,2.2878719999999997
7008,114.91752240646258,19037881046499,8.1554064527153969,7.759,7.527168,1.8735,14475,0.001024,,,,0.151808,0,0.132352,0.0038399999999999997,,,,,1.6081919999999998
7009,114.92495800028344,19037881124089,7.4355937540531158,7.9884,7.933952,1.8524,14677,0.001024,,,,0.157696,0.000256,0.137728,0.011264,,,,,1.866496
7010,114.9327371031746,19037881203973,7.7791027724742889,7.635,7.393792,1.9093,14475,0.001024,,,,0.39449599999999996,0,0.140288,0.010496,,,,,1.6081919999999998
7011,114.94051410147392,19037881280323,7.7769984491169453,7.9865,7.766528,1.9372,14475,0.001024,,,,0.160768,0.000256,0.141824,0.007168,,,,,1.605376
7012,114.94819570578231,19037881360188,7.6816044747829437,7.511,7.75168,1.867,14475,0.001024,,,,0.15129599999999999,0.000256,0.132096,0.007424,,,,,2.1143039999999997
7013,114.95631940192743,19037881435298,8.1236958503723145,7.7326,7.607808,1.9244,14475,0.001024,,,,0.153856,0,0.13414399999999999,0.012544,,,,,1.7756159999999999
7014,114.96424540107709,19037881512624,7.9259993508458138,7.7821,8.09856,1.9386,14475,0.001024,,,,0.157184,0.000256,0.137728,0.0076799999999999993,,,,,2.257664
7015,114.9722452026644,19037881590445,7.9998020082712173,7.6793,7.920384,1.7417,14595,0.001024,,,,0.156672,0,0.136704,0.009472,,,,,2.033408
7016,114.97975470521541,19037881667238,7.5095025822520256,8.2092,7.97312,1.8079,14475,0.001024,,,,0.15231999999999998,0.000256,0.132096,0.007424,,,,,1.6051199999999999
7017,114.98777710459183,19037881749330,8.0223996192216873,8.0024,7.481856,1.8963,14475,0.001024,,,,0.150784,0,0.131328,0.003584,,,,,1.87008
7018,114.99604600340136,19037881829354,8.2688983529806137,7.9114,7.910912,1.815,14475,0.001024,,,,0.158464,0.000256,0.139264,0.006144,,,,,1.774336
7019,115.00346020408163,19037881908468,7.414200808852911,7.438,8.239104,1.8463,14475,0.001024,,,,0.154368,0.000256,0.134656,0.0076799999999999993,,,,,2.116608
7020,115.01157200255102,19037881982848,8.1117982044816017,8.2003,7.398912,2.0749,14475,0.0012799999999999999,,,,0.158208,0,0.138752,0.0076799999999999993,,,,,1.60768
7021,115.01919310515872,19037882064851,7.6211025007069111,8.2944,8.089856,1.8626,14527,0.001024,,,,0.159488,0.000256,0.140032,0.003072,,,,,1.764608
7022,115.02676680130385,19037882147795,7.573696319013834,7.2382,7.521024,1.9005,14677,0.001024,,,,0.150784,0,0.131584,0.0076799999999999993,,,,,1.8626559999999999
7023,115.03434100056688,19037882220177,7.5741992332041264,8.5099,7.329792,1.9105,14475,0.001024,,,,0.157696,0,0.13824,0.007424,,,,,1.605376
7024,115.04187340561224,19037882305276,7.5324052013456821,7.4181,7.538944,1.7988,14475,0.001024,,,,0.153088,0,0.133888,0.0097279999999999988,,,,,1.605888
7025,115.04948020124716,19037882379457,7.6067955233156681,7.317,7.517696,1.7709,14475,0.001024,,,,0.15616,0.000256,0.135424,0.007168,,,,,1.6033279999999999
7026,115.05717180413832,19037882452627,7.6916026882827282,7.8637,7.656448,1.8068,14475,0.001024,,,,0.16486399999999998,0,0.14464,0.003584,,,,,1.605888
7027,115.06480280612244,19037882531264,7.6310019940137863,7.2271,7.669248,1.812,14475,0.001024,,,,0.150272,0,0.131072,0.009472,,,,,1.86624
7028,115.07251710600906,19037882603535,7.714299950748682,7.6351,7.394816,1.8014,14475,0.001024,,,,0.150272,0,0.130816,0.007168,,,,,1.6048639999999998
7029,115.08044230442177,19037882679886,7.9251984134316444,7.8499,7.5904,1.7892,14475,0.001024,,,,0.150528,0,0.13055999999999998,0.0076799999999999993,,,,,1.605632
7030,115.08806860119047,19037882758385,7.6262969523668289,7.4953,7.834624,1.8485,14475,0.001024,,,,0.160768,0.000256,0.137728,0.011776,,,,,2.035456
7031,115.09609199971655,19037882833338,8.02339892834425,7.5894,7.600128,1.8948,14475,0.001024,,,,0.15488,0,0.134912,0.007424,,,,,1.607424
7032,115.10349410430838,19037882909232,7.4021047912538052,8.1268,8.008704,1.8183,14475,0.001024,,,,0.150272,0,0.13055999999999998,0.0076799999999999993,,,,,2.3900159999999997
7033,115.1115623015873,19037882990500,8.0681974068284035,7.4489,7.42912,1.8136,14475,0.001024,,,,0.151552,0,0.132352,0.004096,,,,,1.604352
7034,115.11935200538548,19037883064989,7.7897040173411369,8.0124,7.762688,1.7756,14475,0.001024,,,,0.153856,0.000256,0.133376,0.010752,,,,,1.6051199999999999
7035,115.12765250141723,19037883145113,8.3004962652921677,7.6047,7.766784,1.8718,14797,0.001024,,,,0.152832,0.000256,0.133632,0.0076799999999999993,,,,,1.771776
7036,115.13552100340135,19037883221160,7.868502289056778,7.9624,8.02304,1.9018,14475,0.001024,,,,0.158208,0,0.138752,0.0076799999999999993,,,,,1.965568
7037,115.14314390589568,19037883300784,7.6229022815823555,7.8617,7.83744,1.8612,14475,0.001024,,,,0.32972799999999997,0,0.13849599999999998,0.010239999999999999,,,,,1.868288
7038,115.15133390022675,19037883379401,8.1899939104914665,8.2717,7.619584,1.8547,14475,0.001024,,,,0.15744,0.000256,0.13747199999999998,0.003328,,,,,1.606912
7039,115.15897120181405,19037883462118,7.6373014599084854,7.9212,8.185856,1.7864,14475,0.0012799999999999999,,,,0.158464,0,0.13952,0.0076799999999999993,,,,,1.862912
7040,115.16720269982993,19037883541330,8.2314983010292053,7.5103,7.617792,1.9164,20917,0.001024,,,,0.155392,0,0.135936,0.007168,,,,,1.779456
7041,115.17478800311791,19037883616433,7.5853033922612667,8.2273,8.187648,1.8575,14475,0.001024,,,,0.15488,0,0.135424,0.004608,,,,,1.866496
7042,115.18266540532879,19037883698706,7.8774020075798035,7.8622,7.561472,1.77,14475,0.001024,,,,0.16127999999999998,0,0.139264,0.0038399999999999997,,,,,1.608704
7043,115.19048640164398,19037883777328,7.820996455848217,7.8903,7.861504,1.8848,14475,0.001024,,,,0.14976,0,0.130304,0.007424,,,,,1.799936
7044,115.19809240362811,19037883856231,7.6060020364820957,7.7001,7.859456,1.9119,14475,0.001024,,,,0.15103999999999998,0.000256,0.13183999999999998,0.004096,,,,,2.26432
7045,115.20616400226757,19037883933232,8.0715985968709,8.0158,7.515648,1.7921,14475,0.001024,,,,0.153856,0,0.13414399999999999,0.009216,,,,,1.605888
7046,115.21387210175736,19037884013390,7.7080996707081795,7.6611,8.063232,1.9856,14475,0.001024,,,,0.147456,0,0.127744,0.0076799999999999993,,,,,1.78304
7047,115.22184810090702,19037884090001,7.9759992659091949,7.6094,7.687168,1.8415,14527,0.001024,,,,0.151552,0.000256,0.13183999999999998,0.0038399999999999997,,,,,2.047744
7048,115.22974160289115,19037884166095,7.8935017809271812,8.2392,7.974912,2.028,14677,0.001024,,,,0.15488,0,0.134656,0.0097279999999999988,,,,,1.604096
7049,115.23722670068027,19037884248487,7.4850977398455143,7.4994,7.86816,1.8512,14475,0.001024,,,,0.156672,0,0.13747199999999998,0.007424,,,,,2.104576
7050,115.24529840561225,19037884323481,8.0717047676444054,8.1277,7.465728,1.9512,39639,0.001024,,,,0.15872,0,0.139008,0.003584,,,,,1.609472
7051,115.25276360544217,19037884404758,7.4652000330388546,8.2064,8.04736,1.8386,14475,0.001024,,,,0.162816,0,0.14438399999999998,0.008192,,,,,1.8593279999999999
7052,115.26079430272108,19037884486822,8.0306977033615112,7.0117,7.487232,2.1816,27925,0.001024,,,,0.154112,0,0.134656,0.007936,,,,,1.8623999999999998
7053,115.26889580498866,19037884556939,8.1015024334192276,8.2921,7.9616,1.9186,50056,0.001024,,,,0.148736,0,0.129024,0.009216,,,,,1.604096
7054,115.27607310090703,19037884639860,7.177296094596386,7.2735,8.079104,1.9594,60587,0.001024,,,,0.150784,0,0.130816,0.008192,,,,,2.0157439999999998
7055,115.28403039965985,19037884712595,7.9572983086109161,8.02,7.221504,1.9125,14475,0.001024,,,,0.150784,0,0.130816,0.008192,,,,,1.607936
7056,115.29148790391156,19037884792795,7.45750404894352,8.5706,7.884288,2.0279,14475,0.001024,,,,0.149504,0,0.129792,0.007936,,,,,1.868032
7057,115.29984710175736,19037884878501,8.3591975271701813,7.5492,7.436288,1.7759,14475,0.001024,,,,0.150784,0,0.131328,0.008192,,,,,1.7707519999999999
7058,115.30742430555556,19037884953993,7.5772036798298359,7.4521,8.394496,2.3953,14475,0.001024,,,,0.159488,0,0.140032,0.003584,,,,,1.955072
7059,115.31491969954648,19037885028514,7.4953939765691757,7.2586,7.488768,1.7991,14475,0.001024,,,,0.158464,0.000256,0.13952,0.003584,,,,,2.13504
7060,115.32278050595238,19037885101100,7.86080677062273,8.2778,7.540992,2.0185,14822,0.001024,,,,0.15564799999999998,0,0.136704,0.0076799999999999993,,,,,1.702912
7061,115.33065300453514,19037885183878,7.872498594224453,8.1796,7.844608,1.8407,14475,0.001024,,,,0.155904,0,0.136192,0.012032,,,,,1.8757119999999998
7062,115.33876050170068,19037885265674,8.1074973568320274,6.91,7.789056,1.8498,14475,0.001024,,,,0.15564799999999998,0,0.136192,0.0048639999999999994,,,,,1.781248
7063,115.34627059948978,19037885334774,7.5100976973772049,7.8849,7.90912,1.778,35755,0.001024,,,,0.155904,0.000256,0.136192,0.007424,,,,,1.774848
7064,115.35379540107709,19037885413623,7.5248014181852341,7.8934,7.476992,2.048,14475,0.001024,,,,0.161024,0,0.141568,0.012288,,,,,1.8521599999999998
7065,115.36191840277777,19037885492557,8.1230020150542259,8.0916,7.45344,1.9961,14475,0.001024,,,,0.162816,0.000256,0.14336,0.007424,,,,,1.6051199999999999
7066,115.36970410289115,19037885573473,7.785700261592865,7.8264,8.163584,2.048,14475,0.001024,,,,0.150528,0,0.130816,0.007936,,,,,2.2243839999999997
7067,115.37723740079365,19037885651737,7.5332978740334511,7.6023,7.66592,1.8542,14620,0.0012799999999999999,,,,0.15923199999999998,0,0.13977599999999998,0.0076799999999999993,,,,,1.984256
7068,115.38492540391157,19037885727760,7.6880031265318394,7.8147,7.54432,1.9079,20259,0.001024,,,,0.156672,0,0.13644799999999999,0.007424,,,,,1.608704
7069,115.39232769982993,19037885805907,7.4022957123816013,8.2701,7.679744,1.7751,14475,0.001024,,,,0.15692799999999998,0,0.13747199999999998,0.003328,,,,,1.8590719999999998
7070,115.4004283021542,19037885888608,8.100602775812149,6.9857,7.43168,2.1852,14475,0.001024,,,,0.158464,0,0.138752,0.0076799999999999993,,,,,1.603584
7071,115.40812370323128,19037885958465,7.6954010874032974,7.898,8.07424,1.9048,14475,0.001024,,,,0.156672,0,0.13644799999999999,0.0076799999999999993,,,,,1.869824
7072,115.41582620464852,19037886037445,7.7025014907121658,7.2933,7.68512,1.8176,14475,0.001024,,,,0.15462399999999998,0,0.134912,0.0076799999999999993,,,,,1.89312
7073,115.4235617063492,19037886110378,7.7355015091598034,7.9191,7.420416,1.9153,14874,0.001024,,,,0.15872,0,0.13952,0.0076799999999999993,,,,,1.605376
7074,115.43121190476189,19037886189569,7.6501984149217606,8.151,7.6416,2.0749,14595,0.001024,,,,0.151808,0,0.132352,0.007424,,,,,2.047488
7075,115.43944860402493,19037886271079,8.2366988062858582,7.2413,7.681024,1.915,14475,0.001024,,,,0.15795199999999998,0,0.13849599999999998,0.009472,,,,,1.769984
7076,115.447358404195,19037886343492,7.9097999259829521,8.1233,8.179712,1.793,20276,0.001024,,,,0.152064,0.000256,0.132352,0.005632,,,,,1.9358719999999998
7077,115.45517290249433,19037886424725,7.8144986182451248,7.2233,7.889152,2.0119,20404,0.001024,,,,0.154112,0,0.13414399999999999,0.007168,,,,,1.7656319999999999
7078,115.46289510345804,19037886496958,7.7222008258104324,8.271,7.851008,2.1863,14475,0.001024,,,,0.154368,0.000256,0.1344,0.003072,,,,,1.7886719999999998
7079,115.47068900226756,19037886579668,7.793898694217205,8.1145,7.688448,2.1604,14475,0.001024,,,,0.154368,0,0.134912,0.0076799999999999993,,,,,2.118912
7080,115.47871130243763,19037886660813,8.0222999677062035,8.2177,7.78368,1.9001,14475,0.0012799999999999999,,,,0.1536,0,0.13414399999999999,0.0051199999999999996,,,,,1.7786879999999998
7081,115.48631110402494,19037886742990,7.5998017564415932,7.3971,7.951616,1.7945,14475,0.001024,,,,0.1536,0,0.133888,0.0076799999999999993,,,,,1.8690559999999998
7082,115.49420760345805,19037886816961,7.8964997082948685,7.7004,7.625216,1.8011,14475,0.001024,,,,0.3968,0,0.37734399999999996,0.007424,,,,,1.77152
7083,115.50230110544217,19037886893965,8.09350237250328,8.0889,7.88608,1.8888,14475,0.001024,,,,0.158464,0.000256,0.137984,0.007936,,,,,1.607936
7084,115.51005550595238,19037886974854,7.754400372505188,7.451,7.995392,1.9059,14475,0.001024,,,,0.157184,0.000256,0.137216,0.0038399999999999997,,,,,1.774336
7085,115.51867230017007,19037887049364,8.6167939007282257,7.8956,7.529472,1.8012,14475,0.001024,,,,0.15334399999999998,0,0.133888,0.009984,,,,,1.775872
7086,115.52613240504535,19037887128320,7.4601047672331333,8.1944,8.52736,1.9083,32393,0.001024,,,,0.161024,0,0.13952,0.0076799999999999993,,,,,2.4220159999999997
7087,115.53391780045351,19037887210264,7.7853952534496784,7.5771,7.446528,1.7951,28860,0.001024,,,,0.156416,0.000256,0.13568,0.0076799999999999993,,,,,1.6084479999999999
7088,115.54149030612244,19037887286035,7.5725056231021881,8.7085,7.822592,2.0273,14475,0.001024,,,,0.156416,0.000256,0.135424,0.007424,,,,,1.903616
7089,115.54981580215419,19037887373120,8.325495757162571,7.3461,7.528704,1.913,14475,0.001024,,,,0.15103999999999998,0,0.13183999999999998,0.007168,,,,,1.8688
7090,115.55753870464852,19037887446581,7.7229025773704052,7.7749,8.330496,2.0599,14475,0.001024,,,,0.15744,0,0.137984,0.007936,,,,,1.9491839999999998
7091,115.56503770549887,19037887524330,7.4990009889006615,7.8597,7.689472,1.8548,14475,0.001024,,,,0.150528,0,0.130816,0.004096,,,,,2.3349759999999997
7092,115.57278520408163,19037887602927,7.747498806566,8.161,7.493376,1.9284,14475,0.001024,,,,0.150528,0.000256,0.13055999999999998,0.0076799999999999993,,,,,1.7003519999999999
7093,115.58053100198413,19037887684537,7.7457977458834648,7.9708,7.72736,1.9505,14475,0.001024,,,,0.159488,0.000256,0.140288,0.003328,,,,,1.868544
7094,115.5881214994331,19037887764245,7.5904973782598972,7.2872,7.644672,1.881,14595,0.001024,,,,0.14976,0,0.130048,0.007424,,,,,1.774592
7095,115.59563510487529,19037887837117,7.5136055238544941,7.6552,7.644416,1.7918,14475,0.001024,,,,0.15692799999999998,0,0.13747199999999998,0.004096,,,,,1.609216
7096,115.60312340561224,19037887913669,7.4883005581796169,7.8429,7.49312,1.8097,14475,0.001024,,,,0.156416,0,0.136704,0.0076799999999999993,,,,,1.6063999999999998
7097,115.61098660005669,19037887992098,7.8631946817040443,7.4854,7.45472,1.7782,14475,0.001024,,,,0.412416,0,0.135936,0.011519999999999999,,,,,1.605632
7098,115.61866390306122,19037888066952,7.6773031614720821,7.4974,7.849216,1.8542,14475,0.001024,,,,0.15923199999999998,0,0.138752,0.007168,,,,,1.765888
7099,115.62605250141723,19037888141926,7.3885982856154442,7.4772,7.650816,1.9234,14729,0.001024,,,,0.162048,0.000256,0.14310399999999998,0.0051199999999999996,,,,,1.769728
7100,115.63388120039681,19037888216698,7.8286994248628616,7.8032,7.384064,1.8522,14475,0.001024,,,,0.162304,0.000256,0.142336,0.007424,,,,,1.606912
7101,115.64179390589568,19037888294730,7.9127056524157524,8.0425,7.796224,1.8897,14475,0.001024,,,,0.158464,0,0.13977599999999998,0.0076799999999999993,,,,,1.8775039999999998
7102,115.64947769982993,19037888375155,7.6837940141558647,6.9873,7.892736,2.1467,14475,0.001024,,,,0.16153599999999999,0.000256,0.141824,0.0076799999999999993,,,,,2.012672
7103,115.65711609977323,19037888445028,7.6383999548852444,8.0884,7.410432,1.808,14475,0.001024,,,,0.158208,0.000256,0.138752,0.007424,,,,,1.60768
7104,115.66476390306121,19037888525912,7.6478035189211369,7.8519,7.617024,2.0078,14475,0.001024,,,,0.152832,0,0.13312,0.010239999999999999,,,,,1.8675199999999998
7105,115.67288580640589,19037888604431,8.12190305441618,7.6837,7.623168,1.8806,20917,0.0012799999999999999,,,,0.16127999999999998,0.000256,0.141312,0.004352,,,,,1.774592
7106,115.68050320294785,19037888681268,7.6173967681825161,7.7403,8.110592,1.8717,14475,0.001024,,,,0.153088,0,0.133376,0.003328,,,,,1.768192
7107,115.68838580640589,19037888758671,7.8826034441590309,7.6852,7.58784,1.8481,14475,0.0012799999999999999,,,,0.15462399999999998,0.000256,0.13516799999999998,0.007424,,,,,1.901568
7108,115.69612600623583,19037888835523,7.7402000315487385,7.9458,7.865856,1.8706,14475,0.001024,,,,0.160768,0,0.140544,0.0084479999999999989,,,,,1.60896
7109,115.70381450538548,19037888914981,7.6884990558028221,7.6328,7.711232,1.8202,14475,0.001024,,,,0.152832,0,0.133376,0.011264,,,,,2.114048
7110,115.71192780612245,19037888991309,8.1133004277944565,7.8762,7.68256,1.9944,14475,0.001024,,,,0.152576,0,0.132608,0.0051199999999999996,,,,,1.774848
7111,115.71961130243764,19037889070071,7.6834964565932751,7.5972,8.094976,2.0254,14475,0.001024,,,,0.15923199999999998,0,0.13977599999999998,0.008192,,,,,1.8772479999999998
7112,115.72712140022675,19037889146043,7.5100976973772049,7.8403,7.674368,1.8413,14677,0.0012799999999999999,,,,0.154368,0,0.13516799999999998,0.250368,,,,,2.023424
7113,115.73528700396825,19037889224446,8.1656035035848618,8.0231,7.477248,1.9233,14475,0.0012799999999999999,,,,0.15462399999999998,0,0.13516799999999998,0.007424,,,,,1.605888
7114,115.74285990646258,19037889304677,7.5729023665189743,7.8723,8.124928,1.9782,14595,0.001024,,,,0.154112,0,0.134656,0.0076799999999999993,,,,,1.858048
7115,115.75109250283447,19037889383400,8.232596330344677,7.4072,7.581184,1.8978,14475,0.001024,,,,0.161024,0,0.141568,0.0076799999999999993,,,,,1.7740799999999999
7116,115.7588954010771,19037889457472,7.8028980642557144,8.4137,8.192512,1.9441,14475,0.001024,,,,0.15462399999999998,0,0.13516799999999998,0.004096,,,,,1.89056
7117,115.76687940051021,19037889541609,7.9839993268251419,7.6347,7.747328,1.8789,14475,0.001024,,,,0.154112,0,0.13516799999999998,0.007936,,,,,1.769216
7118,115.77429740646258,19037889617956,7.4180057272315025,8.0913,8.014848,1.8355,14475,0.001024,,,,0.156416,0.000256,0.136192,0.004352,,,,,1.6084479999999999
7119,115.7822133999433,19037889698869,7.9159932211041451,7.6901,7.396096,1.7368,14475,0.001024,,,,0.15129599999999999,0.000256,0.131328,0.007936,,,,,1.604096
7120,115.79017949971654,19037889775770,7.966100238263607,7.7829,7.898624,1.7624,14475,0.001024,,,,0.159744,0,0.140288,0.0076799999999999993,,,,,2.080768
7121,115.79784109977324,19037889853599,7.6616001315414906,7.5473,7.951616,1.7587,14475,0.001024,,,,0.151808,0,0.132608,0.007424,,,,,2.128128
7122,115.8058077026644,19037889929072,7.9666031524538994,7.8251,7.586816,1.8842,14475,0.001024,,,,0.15334399999999998,0.000256,0.133888,0.0038399999999999997,,,,,1.6063999999999998
7123,115.81337679988661,19037890007323,7.5690974481403828,7.984,8.00256,1.8061,14475,0.001024,,,,0.152832,0,0.133632,0.0076799999999999993,,,,,1.7720319999999998
7124,115.82136760204081,19037890087163,7.9908017069101334,7.687,7.54944,1.8107,14475,0.001024,,,,0.158976,0,0.13952,0.004608,,,,,1.7635839999999998
7125,115.82905430130386,19037890164033,7.6866992749273777,7.8719,7.963648,1.744,14729,0.001024,,,,0.152576,0,0.133376,0.003328,,,,,1.7024
7126,115.8365121031746,19037890242752,7.4578020721673965,7.5144,7.675392,1.8559,14475,0.001024,,,,0.1472,0.000256,0.127488,0.012032,,,,,1.868288
7127,115.84434310515873,19037890317896,7.8310016542673111,8.3505,7.431424,1.8731,14475,0.001024,,,,0.155136,0,0.135936,0.0051199999999999996,,,,,1.604608
7128,115.85209210600907,19037890401401,7.7490010298788548,7.6821,7.81312,1.8299,14475,0.001024,,,,0.15692799999999998,0.000256,0.13696,0.007424,,,,,1.7669119999999998
7129,115.85962760062358,19037890478222,7.5354943983256817,7.2469,7.740416,1.9079,14475,0.0012799999999999999,,,,0.15462399999999998,0,0.13516799999999998,0.0038399999999999997,,,,,2.299392
7130,115.86759260204082,19037890550691,7.9650012776255608,7.9068,7.501824,1.8763,14475,0.001024,,,,0.16025599999999998,0,0.140032,0.007168,,,,,1.6066559999999999
7131,115.87501490221088,19037890629759,7.4223000556230545,7.6746,7.791616,1.8851,14475,0.001024,,,,0.156416,0,0.136704,0.007424,,,,,1.773056
7132,115.88272040107709,19037890706505,7.7054989524185658,7.616,7.399936,1.9185,14475,0.001024,,,,0.150272,0.000256,0.13055999999999998,0.0076799999999999993,,,,,1.6084479999999999
7133,115.89080300453514,19037890782665,8.0826031044125557,8.288,7.68128,1.7564,14475,0.001024,,,,0.15001599999999998,0.000256,0.129792,0.007424,,,,,1.605632
7134,115.89819260204081,19037890865545,7.3895975947380066,6.9622,8.068864,1.8224,14595,0.001024,,,,0.16716799999999998,0,0.145152,0.007936,,,,,1.854976
7135,115.90617090419501,19037890935167,7.978302426636219,7.6872,7.35744,1.8253,14475,0.001024,,,,0.154112,0,0.1344,0.0076799999999999993,,,,,1.6066559999999999
7136,115.91385080073695,19037891012039,7.6798964291810989,8.1428,7.796224,1.8119,14475,0.0012799999999999999,,,,0.152064,0,0.132608,0.0076799999999999993,,,,,1.703936
7137,115.92160950255102,19037891093467,7.75870168581605,7.5689,7.660544,2.1695,14475,0.001024,,,,0.15744,0,0.13824,0.0076799999999999993,,,,,2.0152319999999997
7138,115.92948720238095,19037891169156,7.87770003080368,8.0952,7.743744,1.8542,14677,0.000768,,,,0.15103999999999998,0.000256,0.13183999999999998,0.0076799999999999993,,,,,1.60768
7139,115.93705150226756,19037891250108,7.5642997398972511,7.4817,7.858176,1.8372,14475,0.001024,,,,0.152832,0,0.133632,0.007424,,,,,2.121984
7140,115.94514950396825,19037891324925,8.098001591861248,7.7762,7.55456,1.8661,14475,0.001024,,,,0.158976,0,0.13952,0.004096,,,,,1.7891839999999999
7141,115.95295230300454,19037891402687,7.8027988784015179,7.9121,8.065536,1.9502,14475,0.001024,,,,0.15795199999999998,0,0.138752,0.007936,,,,,1.841664
7142,115.96064320436507,19037891481808,7.6909014023840427,7.3182,7.793152,1.993,14475,0.001024,,,,0.161024,0,0.141568,0.009216,,,,,1.7720319999999998
7143,115.96880080073696,19037891554990,8.1575959920883179,8.1417,7.654912,1.7689,14475,0.0012799999999999999,,,,0.158976,0.000256,0.139264,0.0038399999999999997,,,,,1.6033279999999999
7144,115.97622700538548,19037891636407,7.42620462551713,7.8099,8.148224,1.8585,14475,0.001024,,,,0.153088,0,0.133888,0.007424,,,,,2.034176
7145,115.98408600481859,19037891714506,7.8589990735054016,7.6487,7.400704,1.8104,14475,0.001024,,,,0.150784,0,0.131328,0.004096,,,,,1.605632
7146,115.99170850340136,19037891790993,7.62249855324626,8.29,7.840512,1.9998,49617,0.001024,,,,0.153088,0,0.133888,0.003328,,,,,2.051072
7147,115.99946789965986,19037891873893,7.7593964524567127,7.3072,7.596032,1.7895,44623,0.001024,,,,0.151552,0,0.132352,0.007936,,,,,1.933312
7148,116.00740580357143,19037891946965,7.9379035159945488,8.0605,7.744256,1.8437,14475,0.001024,,,,0.153856,0,0.133888,0.0076799999999999993,,,,,1.6084479999999999
7149,116.01509590419501,19037892027570,7.6901004649698734,7.7201,7.913472,1.7932,14475,0.001024,,,,0.16,0,0.140544,0.0076799999999999993,,,,,1.8693119999999999
7150,116.0228031037415,19037892104771,7.7071995474398136,7.4979,7.664128,1.8952,49947,0.001024,,,,0.150784,0,0.131072,0.007936,,,,,1.773056
7151,116.03032800453514,19037892179750,7.5249006040394306,8.3017,7.660544,1.8589,44692,0.001024,,,,0.154112,0,0.134656,0.007936,,,,,1.876224
7152,116.03865980017007,19037892262767,8.33179522305727,7.2783,7.542272,1.9286,207756,0.001024,,,,0.160768,0,0.141312,0.0038399999999999997,,,,,1.8816
7153,116.04632220096371,19037892335550,7.6624006032943726,7.9529,8.302592,1.7809,207179,0.001024,,,,0.157184,0,0.13644799999999999,0.007936,,,,,1.9110399999999998
7154,116.05396570294783,19037892415079,7.6435022056102753,7.3481,7.636736,2.3912,64122,0.001024,,,,0.151808,0,0.132352,0.004096,,,,,1.894656
7155,116.06212859977323,19037892488560,8.16289708018303,9.0017,7.56224,2.1738,44253,0.001024,,,,0.156672,0,0.136704,0.0076799999999999993,,,,,1.606912
7156,116.06965190617913,19037892578577,7.5233061797916889,7.278,8.21632,2.0234,14475,0.001024,,,,0.15103999999999998,0,0.131072,0.003072,,,,,2.051584
7157,116.07736940192743,19037892651357,7.717495784163475,8.0063,7.496448,1.8082,14475,0.001024,,,,0.41753599999999996,0,0.39782399999999996,0.007168,,,,,1.609216
7158,116.0853415036848,19037892731420,7.9721016809344292,7.5957,7.693056,1.7861,32046,0.001024,,,,0.15103999999999998,0,0.131328,0.0076799999999999993,,,,,1.6066559999999999
7159,116.09305830498866,19037892807377,7.7168014831840992,7.5196,7.95008,2.1218,28860,0.001024,,,,0.15692799999999998,0,0.13696,0.007424,,,,,1.6048639999999998
7160,116.1009836026077,19037892882573,7.9252980649471283,8.2501,7.694592,1.8185,14475,0.001024,,,,0.158976,0,0.13824,0.003072,,,,,1.792768
7161,116.10865590277777,19037892965074,7.6723000966012478,7.4646,7.912192,1.8901,14475,0.001024,,,,0.15488,0.000256,0.13183999999999998,0.0076799999999999993,,,,,1.8626559999999999
7162,116.11650179988662,19037893039720,7.8458972275257111,7.5778,7.650816,1.8615,14475,0.0012799999999999999,,,,0.161792,0,0.14079999999999998,0.009216,,,,,1.607168
7163,116.12416590136054,19037893115498,7.6641016639769077,8.0751,7.814656,1.8852,14677,0.001024,,,,0.151808,0.000256,0.131584,0.003584,,,,,1.605632
7164,116.13182910289115,19037893196249,7.6632015407085419,7.5514,7.653376,1.7654,14475,0.0012799999999999999,,,,0.15616,0,0.136704,0.008192,,,,,1.607424
7165,116.13959140447845,19037893271763,7.7623017132282257,7.7855,7.634944,1.8571,14475,0.001024,,,,0.160768,0,0.141568,0.003328,,,,,1.607936
7166,116.14722200255102,19037893349618,7.6305982656776905,8.0382,7.756032,1.79,32046,0.001024,,,,0.149504,0,0.130048,0.006144,,,,,1.890048
7167,116.15501470379819,19037893430000,7.7927014790475368,7.5787,7.595264,1.856,28860,0.001024,,,,0.159744,0,0.140288,0.003328,,,,,1.937152
7168,116.16278050595237,19037893505787,7.765802089124918,7.4683,7.776512,1.9797,26188,0.001024,,,,0.15616,0,0.136704,0.003328,,,,,1.604352
7169,116.17065340136054,19037893580470,7.8728953376412392,7.9314,7.742976,1.797,14475,0.001024,,,,0.154112,0.000256,0.134656,0.004096,,,,,2.130944
7170,116.17845550595237,19037893659784,7.802104577422142,7.4659,7.864832,1.825,20917,0.001024,,,,0.162048,0.000256,0.141568,0.007936,,,,,1.7738239999999998
7171,116.18633500566892,19037893734443,7.8794993460178375,7.8503,7.768576,1.8164,14475,0.001024,,,,0.15129599999999999,0,0.131328,0.0076799999999999993,,,,,1.866496
7172,116.19402740221088,19037893812946,7.6923966407775879,7.8324,7.679488,2.077,14475,0.001024,,,,0.407808,0,0.131328,0.005632,,,,,1.605888
7173,116.20181100481859,19037893891270,7.7836024574935436,8.5011,7.663616,1.977,14475,0.001024,,,,0.155136,0,0.13568,0.003072,,,,,1.87136
7174,116.20927420634921,19037893976281,7.46320141479373,7.4363,7.762432,1.9086,32166,0.001024,,,,0.151552,0,0.132608,0.0038399999999999997,,,,,1.9530239999999999
7175,116.21727670068027,19037894050644,8.00249446183443,7.5209,7.433216,1.8914,28860,0.001024,,,,0.156416,0.000256,0.13568,0.0076799999999999993,,,,,1.6066559999999999
7176,116.22472920209751,19037894125853,7.4525014497339725,7.8602,7.993088,1.8244,14822,0.001024,,,,0.15872,0,0.13696,0.0076799999999999993,,,,,1.8741759999999998
7177,116.23226160005669,19037894204455,7.5323977507650852,7.3613,7.444224,1.8758,14527,0.001024,,,,0.150528,0,0.131328,0.0076799999999999993,,,,,1.8104319999999998
7178,116.23989340277777,19037894278068,7.6318029314279556,7.928,7.501824,1.9466,14475,0.001024,,,,0.161792,0,0.142592,0.004352,,,,,1.6063999999999998
7179,116.2473586026077,19037894357348,7.4652000330388546,7.6698,7.608064,1.7764,14475,0.001024,,,,0.163328,0,0.144128,0.006144,,,,,1.605888
7180,116.2553700042517,19037894434046,8.0114016309380531,7.256,7.448832,2.0141,14475,0.001024,,,,0.401408,0,0.381696,0.010752,,,,,1.6063999999999998
7181,116.26326429988661,19037894506606,7.8942952677607536,7.9649,7.99616,1.7749,14475,0.001024,,,,0.164096,0,0.14438399999999998,0.007936,,,,,1.778176
7182,116.27063940617913,19037894586255,7.37510621547699,7.2356,7.86688,1.7523,14475,0.001024,,,,0.156416,0.000256,0.13696,0.003328,,,,,2.1112319999999998
7183,116.27842780612245,19037894658611,7.7884001657366753,7.9936,7.364096,1.9706,14475,0.001024,,,,0.156416,0,0.13696,0.0076799999999999993,,,,,1.6066559999999999
7184,116.28585629960317,19037894738547,7.4284933507442474,8.1506,7.7632,1.8147,14475,0.001024,,,,0.156672,0,0.137216,0.007168,,,,,1.8828799999999999
7185,116.29361330073695,19037894820053,7.7570010907948017,7.1544,7.39328,1.7953,14475,0.001024,,,,0.166912,0,0.146944,0.007424,,,,,1.604096
7186,116.30170560515873,19037894891597,8.0923046916723251,7.7439,7.733248,1.7431,32046,0.001024,,,,0.150528,0,0.130304,0.0076799999999999993,,,,,1.6081919999999998
7187,116.30923180272109,19037894969036,7.5261974707245827,7.4506,8.080384,1.7426,28860,0.001024,,,,0.15129599999999999,0,0.132608,0.007936,,,,,2.165248
7188,116.31716810515873,19037895043542,7.9363025724887848,7.6761,7.517696,1.8734,32046,0.001024,,,,0.15462399999999998,0.000256,0.135424,0.011519999999999999,,,,,1.605888
7189,116.32459379960316,19037895120303,7.4256942607462406,8.2809,7.899136,1.8189,29062,0.001024,,,,0.160512,0.000256,0.140544,0.007424,,,,,1.8626559999999999
7190,116.33242930130385,19037895203112,7.8355018049478531,7.5208,7.414784,1.8794,14475,0.001024,,,,0.154112,0.000256,0.1344,0.004096,,,,,1.60768
7191,116.34011530612244,19037895278320,7.6860049739480019,7.845,7.816448,1.8601,14475,0.001024,,,,0.15334399999999998,0,0.133376,0.0076799999999999993,,,,,1.7789439999999999
7192,116.3475417020975,19037895356770,7.4263960123062134,7.475,7.659776,1.8164,14475,0.001024,,,,0.152576,0.000256,0.13312,0.007424,,,,,2.120192
7193,116.35571350623583,19037895431520,8.1718042492866516,7.8694,7.413248,1.8643,14475,0.001024,,,,0.153856,0,0.133888,0.0076799999999999993,,,,,1.606144
7194,116.36343020124716,19037895510214,7.7166948467493057,7.9441,8.150784,1.8692,49737,0.001024,,,,0.156416,0,0.13696,0.007168,,,,,1.771008
7195,116.37155110544217,19037895589655,8.1209037452936172,7.4259,7.6928,1.8984,44640,0.001024,,,,0.155904,0.000256,0.136704,0.009216,,,,,1.865472
7196,116.37927420634921,19037895663914,7.7231009490787983,7.7972,8.097792,1.7976,14475,0.001024,,,,0.155392,0,0.13644799999999999,0.0076799999999999993,,,,,1.7753599999999998
7197,116.38675719954648,19037895741886,7.4829934164881706,7.7878,7.70048,1.7791,14475,0.001024,,,,0.152832,0,0.133888,0.0076799999999999993,,,,,2.1360639999999997
7198,116.39472710459184,19037895819764,7.9699046909809113,8.1047,7.456256,1.7806,14475,0.001024,,,,0.153856,0,0.134656,0.008192,,,,,1.6051199999999999
7199,116.40224930555556,19037895900811,7.5222011655569077,7.6731,7.804416,1.7276,14475,0.001024,,,,0.173056,0,0.154112,0.008192,,,,,1.706496
7200,116.41001220238095,19037895977542,7.762896828353405,7.458,7.493888,1.8778,14475,0.001024,,,,0.158976,0.000256,0.13977599999999998,0.007936,,,,,1.8672639999999998
7201,116.41829030612244,19037896052122,8.2781035453081131,8.0419,7.734016,1.8096,14475,0.001024,,,,0.155904,0,0.134912,0.007936,,,,,1.605632
7202,116.42577300170068,19037896132541,7.4826953932642937,7.4859,8.270592,1.8547,14677,0.001024,,,,0.15795199999999998,0,0.138752,0.0038399999999999997,,,,,1.942272
7203,116.43352740221088,19037896207400,7.754400372505188,8.0668,7.456,1.8017,14527,0.001024,,,,0.161792,0,0.13952,0.009472,,,,,1.792768
7204,116.44098440334467,19037896288068,7.4570011347532272,7.9039,7.727872,1.9682,14475,0.001024,,,,0.160768,0,0.140032,0.003328,,,,,1.8723839999999998
7205,116.44854820011338,19037896367107,7.5637968257069588,7.6987,7.436544,1.797,14475,0.001024,,,,0.161024,0.000256,0.14207999999999998,0.007168,,,,,1.767936
7206,116.45678950538549,19037896444094,8.2413051277399063,7.6121,7.53536,1.8537,14475,0.001024,,,,0.154112,0,0.1344,0.003328,,,,,1.604096
7207,116.46428830073695,19037896520215,7.4987951666116714,7.546,8.239104,1.7497,14475,0.001024,,,,0.1536,0.000256,0.1344,0.0076799999999999993,,,,,1.851904
7208,116.47202100340135,19037896595675,7.7327028848230839,7.5699,7.469824,1.9475,14475,0.001024,,,,0.152064,0,0.13286399999999998,0.012544,,,,,1.6063999999999998
7209,116.47976490221087,19037896671374,7.7438987791538239,8.2925,7.716864,1.9371,14475,0.001024,,,,0.159488,0,0.140032,0.007424,,,,,1.605632
7210,116.48786789965986,19037896754299,8.1029972061514854,7.5958,7.721216,1.9044,14475,0.001024,,,,0.15129599999999999,0.000256,0.132096,0.0076799999999999993,,,,,2.0339199999999997
7211,116.49575570436508,19037896830257,7.8878048807382584,7.5709,7.820032,1.7711,14475,0.001024,,,,0.15872,0,0.139264,0.010752,,,,,1.816576
7212,116.5033915036848,19037896905966,7.6357992365956306,7.6819,7.86944,1.8622,14475,0.001024,,,,0.157184,0,0.137728,0.0076799999999999993,,,,,2.126592
7213,116.51115190617914,19037896982785,7.7604022808372974,8.0056,7.574528,1.7723,14475,0.001024,,,,0.16025599999999998,0,0.13414399999999999,0.0038399999999999997,,,,,1.7738239999999998
7214,116.51884090136053,19037897062841,7.6889949850738049,7.9838,7.776,1.757,14595,0.001024,,,,0.161792,0,0.142336,0.0076799999999999993,,,,,1.6051199999999999
7215,116.52645340136054,19037897142679,7.6124998740851879,7.8164,7.670784,2.0893,14677,0.001024,,,,0.15564799999999998,0,0.135424,0.004352,,,,,1.776384
7216,116.53407620464853,19037897220843,7.622803095728159,7.5485,7.588096,1.8537,14475,0.001024,,,,0.158976,0,0.13952,0.011264,,,,,1.607936
7217,116.54189370039683,19037897296328,7.8174956142902374,8.1261,7.5968,1.8889,14475,0.0012799999999999999,,,,0.16255999999999998,0,0.14336,0.0076799999999999993,,,,,1.6084479999999999
7218,116.54961270549886,19037897377589,7.7190049923956394,7.1465,7.795712,1.8361,14475,0.001024,,,,0.162816,0,0.14079999999999998,0.008192,,,,,1.778176
7219,116.55746770124716,19037897449054,7.85499531775713,7.7568,7.699456,1.8827,14475,0.001024,,,,0.157696,0.000256,0.13849599999999998,0.004352,,,,,1.607424
7220,116.56512410005668,19037897526622,7.6563986949622631,7.7956,7.838208,1.9789,14475,0.001024,,,,0.155904,0.000256,0.13644799999999999,0.004608,,,,,2.0423679999999997
7221,116.57297440476189,19037897604578,7.8503042459487915,8.0278,7.626752,2.1356,14475,0.001024,,,,0.34483199999999997,0,0.13952,0.0051199999999999996,,,,,1.603584
7222,116.58056590136054,19037897684856,7.59149668738246,7.5775,7.827968,1.8221,14475,0.001024,,,,0.15001599999999998,0,0.131072,0.007424,,,,,1.861376
7223,116.58822100340136,19037897760631,7.6551018282771111,7.6757,7.57248,1.762,14475,0.001024,,,,0.15744,0.000256,0.137728,0.004608,,,,,1.9312639999999999
7224,116.59596910430838,19037897837388,7.7481009066104889,7.685,7.644928,1.7887,14475,0.001024,,,,0.15231999999999998,0.000256,0.132352,0.0076799999999999993,,,,,1.611008
7225,116.60356050170067,19037897914238,7.5913975015282631,7.6516,7.715328,1.7367,14475,0.001024,,,,0.15231999999999998,0.000256,0.13286399999999998,0.0038399999999999997,,,,,2.093568
7226,116.61154220521541,19037897990754,7.9817036166787148,7.7011,7.575808,1.8365,14475,0.001024,,,,0.15564799999999998,0,0.13644799999999999,0.005376,,,,,1.7735679999999998
7227,116.6196283021542,19037898067765,8.0860964953899384,7.7446,7.950592,1.7928,14475,0.001024,,,,0.1536,0,0.134912,0.0048639999999999994,,,,,1.606144
7228,116.62720010629251,19037898145211,7.5718043372035027,7.7099,8.072704,1.9723,14677,0.001024,,,,0.15488,0.000256,0.135424,0.008192,,,,,1.7653759999999998
7229,116.6349630031179,19037898222310,7.762896828353405,7.7665,7.55328,1.7793,14527,0.0012799999999999999,,,,0.163328,0.000256,0.14310399999999998,0.011264,,,,,1.606912
7230,116.64280269982993,19037898299975,7.8396964818239212,8.1807,7.73888,1.8371,14475,0.001024,,,,0.15462399999999998,0,0.135424,0.0076799999999999993,,,,,2.105344
7231,116.65087110260771,19037898381782,8.0684032291173935,7.5557,7.827712,1.8304,14475,0.001024,,,,0.15231999999999998,0,0.132608,0.0076799999999999993,,,,,1.775104
7232,116.65837949971655,19037898457339,7.508397102355957,7.7314,8.04224,1.8091,14475,0.001024,,,,0.158976,0,0.139008,0.007168,,,,,1.864704
7233,116.66656230158729,19037898534653,8.1828022375702858,7.7949,7.481856,1.7988,14475,0.001024,,,,0.417792,0,0.133376,0.0063999999999999994,,,,,1.8708479999999998
7234,116.67379060374149,19037898612602,7.2283023037016392,8.0239,8.101888,1.9716,14595,0.001024,,,,0.15616,0.000256,0.13644799999999999,0.0048639999999999994,,,,,1.7786879999999998
7235,116.68144690334466,19037898692841,7.6562995091080666,8.1377,7.26272,1.8207,20917,0.001024,,,,0.151552,0,0.132352,0.0076799999999999993,,,,,1.854464
7236,116.68945240221088,19037898774218,8.00549890846014,7.8862,7.6288,1.9983,14475,0.001024,,,,0.15334399999999998,0.000256,0.133888,0.0076799999999999993,,,,,1.60768
7237,116.69701350623582,19037898853080,7.5611039064824581,7.0514,7.999488,1.8672,14475,0.001024,,,,0.150784,0.000256,0.130304,0.007424,,,,,1.910528
7238,116.70456080640589,19037898923594,7.5473003089427948,7.8103,7.523584,1.9655,14475,0.001024,,,,0.15616,0,0.13644799999999999,0.007424,,,,,1.6066559999999999
7239,116.71249540107709,19037899001697,7.93459452688694,7.9423,7.281408,1.7989,15038,0.001024,,,,0.150528,0,0.131072,0.0076799999999999993,,,,,1.605632
7240,116.71990490362812,19037899081120,7.4095027521252632,7.4261,7.916032,1.8555,48726,0.001024,,,,0.152576,0.000256,0.13312,0.005376,,,,,2.160128
7241,116.72768880385487,19037899155381,7.7839000150561333,7.5065,7.382528,1.8464,14677,0.001024,,,,0.153856,0.000256,0.134656,0.011776,,,,,1.6084479999999999
7242,116.73537949971654,19037899230446,7.69069604575634,7.9651,7.768832,1.9536,14475,0.0012799999999999999,,,,0.153088,0,0.133632,0.007424,,,,,1.7907199999999999
7243,116.74283150510203,19037899310097,7.45200552046299,7.4861,7.43424,1.8153,40942,0.001024,,,,0.15923199999999998,0,0.13952,0.011519999999999999,,,,,1.604096
7244,116.751133404195,19037899384958,8.3018988370895386,7.9432,7.434752,1.8883,14475,0.001024,,,,0.150272,0.000256,0.130816,0.007424,,,,,1.606144
7245,116.75867350481859,19037899464390,7.54010071977973,7.5103,8.292096,1.8363,14475,0.001024,,,,0.16,0,0.140032,0.007936,,,,,2.006528
7246,116.76634400510204,19037899539493,7.6705003157258034,7.4403,7.505408,1.7721,26333,0.001024,,,,0.151808,0,0.131584,0.007424,,,,,1.6063999999999998
7247,116.77422850056689,19037899613896,7.88449589163065,8.2905,7.650048,1.7767,75886,0.001024,,,,0.16255999999999998,0,0.142592,0.0076799999999999993,,,,,1.6063999999999998
7248,116.78168620323129,19037899696801,7.4577028863132,7.5891,7.852544,1.9117,32262,0.001024,,,,0.15923199999999998,0,0.139008,0.0038399999999999997,,,,,2.028032
7249,116.78951600056689,19037899772692,7.8297974541783333,7.6239,7.45216,1.8612,14475,0.001024,,,,0.15744,0.000256,0.137984,0.007424,,,,,1.609216
7250,116.79717580073695,19037899848931,7.6598003506660461,8.0997,7.810048,1.8143,14475,0.001024,,,,0.155136,0,0.134912,0.007424,,,,,1.8623999999999998
7251,116.80496010487528,19037899929928,7.7843042090535164,7.223,7.624448,1.842,14475,0.001024,,,,0.1536,0,0.1344,0.007168,,,,,2.0188159999999997
7252,116.81284800170067,19037900002158,7.8878970816731453,7.8559,7.768576,1.895,14475,0.001024,,,,0.16025599999999998,0,0.14079999999999998,0.007424,,,,,1.6084479999999999
7253,116.82043950538548,19037900080717,7.5915036723017693,8.2079,7.886848,1.7461,14475,0.001024,,,,0.15462399999999998,0,0.135424,0.004096,,,,,2.268672
7254,116.82823330498866,19037900162796,7.7937995083630085,7.1571,7.56224,1.8068,14942,0.001024,,,,0.155904,0.000256,0.135936,0.005888,,,,,1.7771519999999998
7255,116.83606450538548,19037900234367,7.8312000259757042,7.832,7.77728,1.8217,14527,0.001024,,,,0.153856,0,0.13414399999999999,0.007936,,,,,1.8708479999999998
7256,116.84414610260771,19037900312687,8.081597276031971,7.7249,7.805696,1.8408,14475,0.001024,,,,0.149248,0,0.130048,0.008704,,,,,1.773056
7257,116.85170690192743,19037900389936,7.5607993640005589,8.0071,7.820032,1.8444,35289,0.001024,,,,0.16025599999999998,0.000256,0.14079999999999998,0.0076799999999999993,,,,,1.769984
7258,116.85930970096372,19037900470007,7.6027992181479931,7.5956,7.541248,2.0288,14475,0.001024,,,,0.161024,0,0.141568,0.008704,,,,,1.888
7259,116.86735650510204,19037900545963,8.0468039959669113,8.5128,7.42144,1.7937,14475,0.001024,,,,0.14771199999999998,0.000256,0.128512,0.0051199999999999996,,,,,1.606144
7260,116.87511120323128,19037900631091,7.7546979300677776,7.1132,8.015616,1.8779,14475,0.001024,,,,0.165376,0,0.13824,0.007168,,,,,1.605632
7261,116.88291950113378,19037900702223,7.808297872543335,7.6291,7.731456,1.8553,20404,0.001024,,,,0.165632,0,0.146176,0.007936,,,,,1.607936
7262,116.89048740079365,19037900778514,7.5678997673094273,8.0094,7.79008,2.0183,14475,0.001024,,,,0.15564799999999998,0,0.134912,0.007424,,,,,1.604352
7263,116.89800840419501,19037900858608,7.5210034847259521,8.0826,7.54048,1.8776,14822,0.001024,,,,0.157184,0,0.137728,0.007424,,,,,2.1227519999999998
7264,116.9060825042517,19037900939434,8.0741001293063164,7.4883,7.497216,1.9242,14475,0.001024,,,,0.15795199999999998,0,0.138752,0.007936,,,,,1.605632
7265,116.91364050453514,19037901014317,7.558000274002552,7.5476,7.902208,1.8175,14475,0.001024,,,,0.163328,0,0.144128,0.011007999999999999,,,,,1.7753599999999998
7266,116.92159090136055,19037901089793,7.9503972083330154,7.5578,7.535104,1.7864,14475,0.001024,,,,0.160768,0.000256,0.141056,0.010496,,,,,1.8775039999999998
7267,116.92926100481858,19037901165371,7.6701035723090172,7.9844,7.670272,1.796,14677,0.001024,,,,0.15795199999999998,0,0.138752,0.010496,,,,,1.60384
7268,116.93685740504534,19037901245215,7.59640010073781,7.5849,7.651072,1.9031,14475,0.001024,,,,0.15488,0.000256,0.135424,0.0076799999999999993,,,,,2.1311999999999998
7269,116.94491710600907,19037901321064,8.0597009509801865,8.1387,7.583488,1.947,14475,0.001024,,,,0.155392,0.000256,0.13516799999999998,0.0084479999999999989,,,,,1.607168
7270,116.95246339994331,19037901402451,7.5462940149009228,7.5291,8.040448,1.7858,26188,0.001024,,,,0.14976,0,0.130048,0.005888,,,,,1.86496
7271,116.96026650368481,19037901477742,7.8031038865447044,7.6055,7.522816,1.909,14475,0.001024,,,,0.15616,0,0.137216,0.007936,,,,,1.868032
7272,116.96814930555556,19037901553797,7.882801815867424,8.0056,7.460864,1.8455,14475,0.001024,,,,0.150272,0.000256,0.13055999999999998,0.007936,,,,,1.605632
7273,116.97562340561224,19037901633853,7.4741002172231674,7.6253,7.934208,1.7957,14475,0.001024,,,,0.161024,0,0.141312,0.003328,,,,,1.8639359999999998
7274,116.9834455994898,19037901710106,7.8221941366791725,7.8181,7.420672,1.9126,14595,0.001024,,,,0.15488,0,0.135424,0.007424,,,,,1.81504
7275,116.9911117063492,19037901788287,7.6661068014800549,8.0059,7.830016,1.7341,14475,0.001024,,,,0.15564799999999998,0,0.135424,0.005632,,,,,1.7886719999999998
7276,116.99871570294785,19037901868346,7.6039964333176613,7.2466,7.65824,1.8383,14475,0.001024,,,,0.15001599999999998,0,0.130816,0.007936,,,,,1.84192
7277,117.00671070011337,19037901940812,7.9949973151087761,7.8191,7.412992,1.821,14475,0.001024,,,,0.15564799999999998,0,0.135424,0.007424,,,,,1.6030719999999998
7278,117.01482300170068,19037902019003,8.1123020499944687,7.6951,7.970816,1.8534,14475,0.001024,,,,0.150784,0,0.131584,0.007936,,,,,1.8926079999999998
7279,117.02250539965986,19037902095954,7.6823979616165161,7.6132,8.096768,1.7564,14475,0.0012799999999999999,,,,0.159488,0,0.13977599999999998,0.008192,,,,,1.771008
7280,117.02996950113378,19037902172086,7.4641015380620956,7.9914,7.65056,1.887,14822,0.001024,,,,0.152576,0,0.133376,0.0076799999999999993,,,,,1.857024
7281,117.03789199971655,19037902252000,7.9224985092878342,8.4565,7.433984,1.8375,14527,0.001024,,,,0.155904,0,0.137216,0.008192,,,,,1.7738239999999998
7282,117.04560410289115,19037902336565,7.7121029607951641,7.2579,7.679488,1.873,14475,0.001024,,,,0.151808,0,0.132608,0.004352,,,,,1.60896
7283,117.0531882015306,19037902409144,7.5840987265110016,7.825,7.681536,1.9572,14475,0.0012799999999999999,,,,0.150272,0,0.130816,0.008192,,,,,1.8711039999999999
7284,117.06132020266439,19037902487394,8.1320013850927353,7.6818,7.567104,1.7753,14475,0.001024,,,,0.15231999999999998,0.000256,0.13286399999999998,0.007424,,,,,1.607424
7285,117.06902230017006,19037902564212,7.7020972967147827,7.6199,7.85792,1.8067,14475,0.001024,,,,0.16153599999999999,0.000256,0.141824,0.008192,,,,,1.6033279999999999
7286,117.07645300453514,19037902640411,7.4307043105363846,7.6614,7.677952,1.8903,14475,0.0012799999999999999,,,,0.162304,0,0.14310399999999998,0.007424,,,,,1.7774079999999999
7287,117.08394220521541,19037902717025,7.4892006814479828,8.1054,7.40992,1.7684,14475,0.001024,,,,0.15231999999999998,0,0.132608,0.007168,,,,,1.60768
7288,117.09175300453515,19037902798079,7.8107994049787521,7.8593,7.465728,1.9124,14475,0.001024,,,,0.152064,0,0.13183999999999998,0.007936,,,,,1.605888
7289,117.09944350198413,19037902876672,7.6904976740479469,7.2445,7.790848,1.9166,14475,0.001024,,,,0.153088,0,0.133376,0.0076799999999999993,,,,,1.769216
7290,117.10732600623582,19037902949117,7.8825037926435471,7.7965,7.673856,1.8614,14475,0.001024,,,,0.148224,0,0.129024,0.006656,,,,,1.6063999999999998
7291,117.11497970521542,19037903027082,7.6536987908184528,7.5935,7.86176,1.8376,14475,0.001024,,,,0.160768,0,0.14079999999999998,0.007424,,,,,2.1324799999999997
7292,117.12306890589569,19037903103017,8.0892005935311317,7.7747,7.633408,1.9484,14677,0.001024,,,,0.16025599999999998,0,0.141056,0.0076799999999999993,,,,,1.7707519999999999
7293,117.13074140447846,19037903180764,7.6724984683096409,7.6705,8.06656,1.8574,14475,0.001024,,,,0.156672,0,0.134912,0.007424,,,,,1.86496
7294,117.13856540532879,19037903257469,7.8240009024739265,7.6582,7.6544,1.8444,14595,0.001024,,,,0.1536,0,0.133632,0.0076799999999999993,,,,,1.77792
7295,117.14586200396825,19037903334051,7.2965985164046288,8.1197,7.801088,1.8153,14475,0.001024,,,,0.15488,0.000256,0.13516799999999998,0.007424,,,,,1.7907199999999999
7296,117.15328910147392,19037903415248,7.4270972982048988,7.7484,7.276544,2.1489,14475,0.001024,,,,0.152576,0,0.13312,0.003584,,,,,1.6066559999999999
7297,117.16144870323129,19037903492732,8.15960206091404,7.9136,7.406336,1.7738,14475,0.001024,,,,0.15872,0,0.136704,0.0076799999999999993,,,,,1.605632
7298,117.16920680272108,19037903571868,7.7580995857715607,7.0693,8.133888,1.8182,14475,0.001024,,,,0.15129599999999999,0.000256,0.13183999999999998,0.007424,,,,,1.604608
7299,117.17676120323129,19037903642561,7.5544007122516632,7.6586,7.762176,1.7403,14475,0.0012799999999999999,,,,0.15488,0.000256,0.13568,0.007936,,,,,2.0416
7300,117.1845332057823,19037903719147,7.7720023691654205,8.1995,7.276544,1.791,20917,0.001024,,,,0.151808,0.000256,0.13183999999999998,0.007936,,,,,1.606144
7301,117.1923498015873,19037903801142,7.8165959566831589,7.5412,7.72736,1.7073,14475,0.001024,,,,0.16255999999999998,0,0.14336,0.007936,,,,,2.120448
7302,117.20036860119048,19037903876554,8.0188000574707985,7.6027,7.785216,1.9156,14475,0.001024,,,,0.15231999999999998,0,0.132352,0.0076799999999999993,,,,,1.9458559999999998
7303,117.20813520408163,19037903952581,7.7666030265390873,7.7007,8.018944,1.81,14475,0.001024,,,,0.15692799999999998,0,0.13696,0.004096,,,,,1.8137599999999998
7304,117.21621270549886,19037904029588,8.0775013193488121,8.361,7.746816,1.7705,14475,0.001024,,,,0.153088,0,0.133632,0.004096,,,,,1.607424
7305,117.22353790391156,19037904113198,7.3251985013484955,7.518,7.8016,1.7616,14677,0.001024,,,,0.155136,0.000256,0.136192,0.006912,,,,,1.7722879999999999
7306,117.23117120181405,19037904188378,7.6332977041602135,7.6947,7.300608,1.7778,14475,0.001024,,,,0.15923199999999998,0.000256,0.13977599999999998,0.011519999999999999,,,,,1.8772479999999998
7307,117.23893970379818,19037904265325,7.7685019932687283,8.5428,7.523072,1.8153,14527,0.001024,,,,0.15692799999999998,0,0.137984,0.003584,,,,,1.608704
7308,117.24667240646258,19037904350753,7.7327028848230839,6.8874,7.835136,1.8342,14475,0.003328,,,,0.15488,0.000256,0.134912,0.003072,,,,,1.77664
7309,117.25417990362811,19037904419627,7.5074969790875912,7.7087,7.711488,1.9653,14475,0.001024,,,,0.15923199999999998,0,0.13977599999999998,0.0038399999999999997,,,,,2.24896
7310,117.26225640589568,19037904496714,8.07650201022625,7.9656,7.478784,1.9594,14475,0.001024,,,,0.156672,0,0.13696,0.003072,,,,,1.606912
7311,117.26971240079365,19037904576370,7.4559948407113552,8.0877,8.06656,1.7524,14475,0.001024,,,,0.15795199999999998,0,0.13312,0.0076799999999999993,,,,,1.779712
7312,117.27742810374149,19037904657247,7.71570298820734,6.8783,7.430656,1.7491,14475,0.001024,,,,0.155392,0,0.135424,0.0038399999999999997,,,,,1.6081919999999998
7313,117.28512580073696,19037904726030,7.6976967975497246,8.0665,7.696896,1.7216,14475,0.001024,,,,0.36403199999999997,0,0.13952,0.007168,,,,,1.607168
7314,117.29269970238094,19037904806695,7.5739016756415367,7.9107,7.67616,1.7679,14595,0.001024,,,,0.159488,0,0.140032,0.005376,,,,,1.860352
7315,117.30081860119047,19037904885802,8.11889860779047,7.3764,7.558912,1.7999,14475,0.0012799999999999999,,,,0.151552,0,0.132096,0.010239999999999999,,,,,1.606144
7316,117.30852870606576,19037904959566,7.7101048082113266,7.6427,8.093184,1.8625,14475,0.001024,,,,0.15616,0.000256,0.13696,0.0076799999999999993,,,,,1.876224
7317,117.3166040036848,19037905035993,8.0752978101372719,8.1626,7.68128,1.8915,14475,0.001024,,,,0.154112,0,0.134912,0.007168,,,,,1.87648
7318,117.32432870606576,19037905117619,7.72470235824585,7.6335,7.666688,2.0485,14677,0.001024,,,,0.15462399999999998,0,0.13516799999999998,0.007424,,,,,1.605376
7319,117.33167320011337,19037905193954,7.3444941081106663,8.3393,7.752704,1.7805,14475,0.001024,,,,0.159744,0,0.140288,0.0076799999999999993,,,,,1.774848
7320,117.33955460600906,19037905277347,7.8814057633280754,7.3378,7.325184,1.779,14475,0.001024,,,,0.162304,0,0.141056,0.0097279999999999988,,,,,1.61024
7321,117.34733030045351,19037905350725,7.7756945975124836,7.7234,7.864576,1.7049,14475,0.001024,,,,0.152576,0.000256,0.133376,0.008704,,,,,1.879552
7322,117.35514030612245,19037905427959,7.8100054524838924,7.2724,7.753728,1.8066,14475,0.001024,,,,0.15001599999999998,0.000256,0.131072,0.0076799999999999993,,,,,2.05184
7323,117.36320780187074,19037905500683,8.067496120929718,8.2871,7.790336,1.7767,14475,0.001024,,,,0.15923199999999998,0,0.140288,0.003584,,,,,1.607936
7324,117.37066800595238,19037905583554,7.46020395308733,7.4773,8.051712,1.8252,14475,0.001024,,,,0.154112,0,0.1344,0.007936,,,,,2.0121599999999997
7325,117.37847400085033,19037905658327,7.8059947118163109,7.9209,7.43168,1.8793,14475,0.001024,,,,0.16127999999999998,0,0.141568,0.007424,,,,,1.605632
7326,117.38611460459184,19037905737536,7.6406039297580719,8.0122,7.78496,1.9631,14475,0.001024,,,,0.154368,0,0.134656,0.007424,,,,,1.863168
7327,117.39403560090703,19037905817658,7.9209962859749794,7.5862,7.610112,1.9124,14475,0.0012799999999999999,,,,0.153088,0,0.133888,0.0076799999999999993,,,,,2.0170239999999997
7328,117.40209510345805,19037905893520,8.0595025792717934,8.1606,7.917056,1.8885,14475,0.001024,,,,0.15564799999999998,0.000256,0.134912,0.0076799999999999993,,,,,1.6084479999999999
7329,117.40956470379818,19037905975126,7.4696005322039127,7.3529,8.032256,1.8905,14475,0.001024,,,,0.161024,0,0.13977599999999998,0.003328,,,,,2.011136
7330,117.41734790249433,19037906048655,7.7831987291574478,7.6648,7.426048,1.8882,14475,0.001024,,,,0.152064,0,0.13183999999999998,0.0076799999999999993,,,,,1.6066559999999999
7331,117.42501570294785,19037906125303,7.6678004115819931,8.1554,7.781632,1.8775,14677,0.001024,,,,0.152576,0,0.13312,0.004608,,,,,1.8708479999999998
7332,117.43297300170067,19037906206857,7.9572983086109161,7.5815,7.643136,1.7859,14475,0.001024,,,,0.14976,0.000256,0.13055999999999998,0.0076799999999999993,,,,,1.813248
7333,117.44058540249432,19037906282672,7.6124006882309914,7.5879,7.942912,1.8521,14527,0.001024,,,,0.15462399999999998,0,0.134656,0.003072,,,,,1.607168
7334,117.44818100198412,19037906358551,7.5955996289849281,7.8907,7.58784,1.796,14595,0.001024,,,,0.152576,0,0.132608,0.008704,,,,,2.17728
7335,117.45622250566893,19037906437458,8.0415038391947746,7.7564,7.580928,1.7723,14475,0.001024,,,,0.16614399999999999,0.000256,0.146944,0.007936,,,,,1.606144
7336,117.46416910430838,19037906515022,7.9465983435511589,7.483,7.850752,2.1166,14475,0.0012799999999999999,,,,0.150272,0.000256,0.131328,0.003328,,,,,1.779712
7337,117.47219469954648,19037906589852,8.025594986975193,7.8993,7.92064,1.8621,14475,0.0012799999999999999,,,,0.42470399999999997,0,0.129792,0.008704,,,,,2.08128
7338,117.47983990221088,19037906668845,7.6452028006315231,8.0132,8.001024,2.0471,14475,0.001024,,,,0.15744,0.000256,0.13696,0.007424,,,,,1.7735679999999998
7339,117.4873755031179,19037906748977,7.5356010347604752,7.7583,7.627264,1.8705,14475,0.001024,,,,0.157696,0.000256,0.13849599999999998,0.0038399999999999997,,,,,1.908736
7340,117.49494730017007,19037906826560,7.5717968866229057,8.595,7.517696,1.7605,14475,0.001024,,,,0.148736,0,0.12928,0.005888,,,,,1.60768
7341,117.50271440617914,19037906912510,7.76710594072938,7.1274,7.553024,1.7315,14475,0.001024,,,,0.16768,0,0.14668799999999999,0.005376,,,,,1.775104
7342,117.51052679988662,19037906983784,7.8123938292264938,7.4814,7.735552,2.0503,14475,0.001024,,,,0.15744,0,0.13824,0.0076799999999999993,,,,,2.04672
7343,117.51835840419501,19037907058598,7.8316042199730873,7.829,7.543808,1.797,14475,0.001024,,,,0.15923199999999998,0,0.13952,0.009984,,,,,1.7674239999999999
7344,117.52563410572562,19037907136888,7.2757015004754066,7.6067,7.801344,1.7983,14677,0.001024,,,,0.16,0,0.140288,0.0076799999999999993,,,,,2.289408
7345,117.53329670493197,19037907212955,7.6625989750027657,7.6955,7.235328,1.8736,14475,0.001024,,,,0.162048,0,0.142336,0.0097279999999999988,,,,,1.608704
7346,117.5409586026077,19037907289910,7.66189768910408,7.7502,7.661568,1.7359,32046,0.001024,,,,0.159744,0.000256,0.140288,0.003328,,,,,1.6048639999999998
7347,117.54878920068026,19037907367412,7.8305983915925026,7.3886,7.63904,1.7896,28860,0.0012799999999999999,,,,0.15872,0,0.139264,0.003584,,,,,1.8577919999999999
7348,117.55695680272109,19037907441298,8.1676021218299866,7.5868,7.80672,1.8163,14475,0.001024,,,,0.16153599999999999,0,0.141312,0.011007999999999999,,,,,1.605376
7349,117.56456140164399,19037907517166,7.6045989990234375,8.1113,8.143616,1.7671,14475,0.001024,,,,0.159488,0,0.13977599999999998,0.007424,,,,,1.9445759999999999
7350,117.57244310515873,19037907598279,7.8817037865519524,7.3935,7.56864,1.8647,14475,0.001024,,,,0.15103999999999998,0,0.131328,0.0076799999999999993,,,,,1.7720319999999998
7351,117.58018580640589,19037907672214,7.7427010983228683,8.2603,7.880704,1.9093,14475,0.001024,,,,0.156416,0,0.136704,0.007424,,,,,1.786368
7352,117.58803260345805,19037907754817,7.84679688513279,7.6336,7.713792,2.0238,14475,0.001024,,,,0.152064,0,0.132608,0.0076799999999999993,,,,,1.8606079999999998
7353,117.59581609977324,19037907831153,7.7834962867200375,7.9972,7.582976,1.9166,14475,0.001024,,,,0.159744,0,0.13977599999999998,0.007424,,,,,1.774848
7354,117.60328240504535,19037907911125,7.4663050472736359,7.7108,7.760896,1.8663,14595,0.001024,,,,0.154368,0.000256,0.13516799999999998,0.004352,,,,,2.10816
7355,117.61148430413832,19037907988233,8.2018990069627762,8.2218,7.43936,1.842,14475,0.001024,,,,0.154368,0,0.135424,0.007936,,,,,1.605376
7356,117.61908960459184,19037908070451,7.605300284922123,7.3726,7.918592,1.9432,14475,0.001024,,,,0.152832,0,0.133376,0.010239999999999999,,,,,1.7674239999999999
7357,117.62673610402494,19037908144177,7.6464992016553879,7.4993,7.576832,1.7622,14677,0.001024,,,,0.148736,0,0.12928,0.010239999999999999,,,,,1.778432
7358,117.63442059948979,19037908219170,7.68449530005455,8.0655,7.632384,1.8357,14475,0.001024,,,,0.15616,0,0.13696,0.003072,,,,,1.607168
7359,117.64205480442176,19037908299825,7.6342048123478889,7.5463,7.652864,1.8764,14527,0.001024,,,,0.152064,0.000256,0.13286399999999998,0.0097279999999999988,,,,,1.607168
7360,117.64970850340136,19037908375288,7.6536987908184528,7.7082,7.608832,1.7835,14475,0.001024,,,,0.164096,0.000256,0.144896,0.0076799999999999993,,,,,1.779712
7361,117.65791640447846,19037908452370,8.2079013809561729,7.7563,7.63904,1.7408,20259,0.001024,,,,0.152832,0,0.132608,0.007424,,,,,1.60896
7362,117.66551339994331,19037908529933,7.5969956815242767,7.6193,7.922944,1.992,20404,0.001024,,,,0.154112,0.000256,0.13516799999999998,0.007424,,,,,2.0236799999999997
7363,117.6732169005102,19037908606126,7.7035003341734409,7.7369,7.584768,1.9018,14475,0.001024,,,,0.153856,0,0.13414399999999999,0.010239999999999999,,,,,1.6030719999999998
7364,117.68089730017006,19037908683495,7.6803998090326786,8.423,7.661824,1.7607,14475,0.001024,,,,0.158464,0,0.139008,0.0076799999999999993,,,,,1.878528
7365,117.68909450113378,19037908767725,8.1972014158964157,7.294,7.665408,1.8623,20917,0.001024,,,,0.41292799999999996,0.000256,0.14207999999999998,0.013824,,,,,1.7702399999999998
7366,117.69658990221087,19037908840665,7.4954009614884853,7.5751,7.944448,1.9128,14475,0.0012799999999999999,,,,0.153088,0,0.133376,0.007936,,,,,1.80992
7367,117.70478500566892,19037908916416,8.195103146135807,8.4638,7.472128,1.801,14475,0.001024,,,,0.155904,0,0.13644799999999999,0.0038399999999999997,,,,,1.855488
7368,117.7123211026077,19037909001054,7.5360969640314579,7.6385,7.682816,1.7508,14475,0.001024,,,,0.15795199999999998,0,0.13849599999999998,0.0063999999999999994,,,,,1.7728
7369,117.71979120606575,19037909077439,7.4701034463942051,7.3323,7.51232,1.7857,14475,0.001024,,,,0.161024,0,0.141824,0.004352,,,,,1.8792959999999999
7370,117.72748150510203,19037909150762,7.6902988366782665,8.1973,7.436544,1.8076,14822,0.001024,,,,0.16025599999999998,0,0.140544,0.011519999999999999,,,,,1.6081919999999998
7371,117.73551330073695,19037909232735,8.0317957326769829,7.5586,7.672576,1.7944,14475,0.001024,,,,0.15744,0,0.137984,0.007424,,,,,1.6048639999999998
7372,117.74291560374149,19037909308321,7.4023031629621983,7.7587,8.004096,1.8223,14475,0.001024,,,,0.308992,0.000256,0.13516799999999998,0.007424,,,,,1.7768959999999998
7373,117.75079090136055,19037909385908,7.8752972185611725,7.4954,7.383808,1.8383,14475,0.001024,,,,0.153856,0,0.1344,0.004608,,,,,1.607168
7374,117.7583119047619,19037909460862,7.5210034847259521,7.879,7.859712,1.8467,14595,0.001024,,,,0.1536,0,0.133376,0.007936,,,,,1.87136
7375,117.76592360402493,19037909539652,7.6116994023323059,7.4375,7.50208,1.9346,14475,0.001024,,,,0.1536,0.000256,0.13414399999999999,0.007936,,,,,1.605888
7376,117.77340160147392,19037909614027,7.4779973365366459,7.8084,7.592192,1.8586,14475,0.001024,,,,0.151808,0.000256,0.131328,0.011264,,,,,1.606912
7377,117.78093030045351,19037909692111,7.52869900316,7.7848,7.458304,1.7823,14475,0.001024,,,,0.175872,0,0.154112,0.008704,,,,,1.604352
7378,117.78851380385487,19037909769959,7.5835036113858223,7.4427,7.504896,1.7663,14475,0.001024,,,,0.152576,0,0.132352,0.0076799999999999993,,,,,1.606144
7379,117.79658770549887,19037909844386,8.0739017575979233,7.4519,7.567872,1.7268,14475,0.001024,,,,0.159744,0,0.140032,0.007936,,,,,1.610496
7380,117.80414780328798,19037909918905,7.5600976124405861,7.7374,8.051968,1.9832,14475,0.001024,,,,0.15129599999999999,0.000256,0.132096,0.004352,,,,,2.0290559999999997
7381,117.81239350198412,19037909996279,8.2456991076469421,7.4075,7.538432,1.9976,14475,0.001024,,,,0.15488,0,0.134656,0.0038399999999999997,,,,,1.606912
7382,117.82009350198412,19037910070354,7.6999999582767487,8.4876,8.226304,2.5498,14475,0.001024,,,,0.15129599999999999,0,0.131584,0.007424,,,,,2.27712
7383,117.82805520124717,19037910155230,7.9616988077759743,8.5055,7.687168,2.0624,14677,0.001024,,,,0.161024,0,0.141824,0.003072,,,,,1.772544
7384,117.83571660289115,19037910240285,7.6614017598330975,7.1821,7.692032,2.3157,14475,0.001024,,,,0.15795199999999998,0.000256,0.13824,0.007168,,,,,1.6097279999999998
7385,117.84351429988662,19037910312106,7.7976970933377743,7.7555,7.624704,2.077,14527,0.001024,,,,0.159488,0,0.140288,0.0076799999999999993,,,,,1.861376
7386,117.85127300170068,19037910389661,7.75870168581605,7.9729,7.545856,1.9839,14475,0.001024,,,,0.16,0,0.140288,0.0076799999999999993,,,,,1.606912
7387,117.85902360402494,19037910469390,7.7506024390459061,7.6848,7.728896,1.8858,14475,0.001024,,,,0.150272,0.000256,0.13055999999999998,0.0076799999999999993,,,,,1.864704
7388,117.86693330498866,19037910546238,7.9097012057900429,7.87,7.709184,1.9419,14475,0.001024,,,,0.15129599999999999,0,0.132096,0.006144,,,,,1.7720319999999998
7389,117.87455550595237,19037910624938,7.62220099568367,7.5234,7.907072,1.9875,14475,0.001024,,,,0.155904,0,0.136192,0.003584,,,,,1.606912
7390,117.88235710034013,19037910700172,7.8015942126512527,7.9103,7.602944,1.8084,14475,0.001024,,,,0.15923199999999998,0,0.139008,0.008192,,,,,1.60768
7391,117.89027630385488,19037910779275,7.9192034900188446,7.4767,7.546624,1.8403,14475,0.001024,,,,0.155136,0,0.135424,0.007424,,,,,1.773056
7392,117.89785920493196,19037910854042,7.5829010456800461,7.5967,7.874304,1.9707,14475,0.001024,,,,0.16153599999999999,0,0.141824,0.003328,,,,,2.1009919999999997
7393,117.90591429988662,19037910930009,8.0550946295261383,7.9254,7.510016,2.4677,14475,0.001024,,,,0.40755199999999997,0.000256,0.388096,0.007936,,,,,1.6202239999999999
7394,117.91363980300453,19037911009263,7.7255032956600189,8.8484,7.85536,2.1359,14595,0.0012799999999999999,,,,0.15103999999999998,0,0.131584,0.0076799999999999993,,,,,1.7689599999999999
7395,117.92143300028344,19037911097747,7.79319740831852,7.1911,7.696128,1.8358,14475,0.001024,,,,0.152064,0.000256,0.132608,0.0038399999999999997,,,,,1.898496
7396,117.92912570153061,19037911169658,7.6927011832594872,7.6187,7.769856,1.8683,14677,0.001024,,,,0.162304,0,0.142848,0.004352,,,,,1.703936
7397,117.93661040249432,19037911245845,7.4847009964287281,7.7696,7.630848,1.8892,14475,0.0012799999999999999,,,,0.153856,0,0.1344,0.007424,,,,,1.8708479999999998
7398,117.94461090561224,19037911323541,8.0005032941699028,7.6076,7.50336,1.9885,14475,0.001024,,,,0.150528,0.000256,0.13055999999999998,0.0076799999999999993,,,,,1.605376
7399,117.95242450396825,19037911399617,7.8135980293154716,7.7763,7.984128,2.2234,14475,0.001024,,,,0.15231999999999998,0,0.13312,0.0076799999999999993,,,,,1.771776
7400,117.96030320294784,19037911477380,7.8786993399262428,8.0952,7.804672,1.8635,14475,0.0012799999999999999,,,,0.324096,0,0.142336,0.0076799999999999993,,,,,1.7720319999999998
7401,117.96836120323128,19037911558332,8.0580003559589386,7.3257,7.845632,1.8352,14475,0.001024,,,,0.15462399999999998,0,0.1344,0.0076799999999999993,,,,,1.605376
7402,117.97564640022675,19037911631589,7.2851967997848988,8.0787,8.036864,1.8086,14475,0.001024,,,,0.150528,0,0.131072,0.005376,,,,,2.10816
7403,117.98339170209751,19037911712376,7.7453018166124821,7.8221,7.2384,1.9079,14475,0.001024,,,,0.154368,0,0.13516799999999998,0.0038399999999999997,,,,,1.6130559999999998
7404,117.99099100056689,19037911790597,7.5992983765900135,8.2366,7.77088,1.8305,14475,0.001024,,,,0.15103999999999998,0,0.131328,0.007424,,,,,1.605632
7405,117.9984586026077,19037911872963,7.4676019139587879,6.9029,7.576576,1.8383,14475,0.001024,,,,0.15564799999999998,0.000256,0.135424,0.003072,,,,,1.607936
7406,118.00656130243763,19037911941992,8.1027001142501831,7.7252,7.433472,1.9083,49617,0.001024,,,,0.151552,0,0.132352,0.007424,,,,,1.607168
7407,118.01413910147392,19037912019244,7.5777992606163025,7.9282,8.093952,1.7744,44623,0.0012799999999999999,,,,0.15129599999999999,0,0.13183999999999998,0.007936,,,,,1.88032
7408,118.02176609977323,19037912098526,7.6269982382655144,7.0691,7.554304,1.8129,14475,0.001024,,,,0.158208,0,0.139008,0.0076799999999999993,,,,,1.7753599999999998
7409,118.02972230017006,19037912169217,7.9562002792954445,8.2108,7.608576,1.7819,14677,0.001024,,,,0.152576,0,0.133632,0.0038399999999999997,,,,,1.605888
7410,118.03738120039682,19037912251325,7.65890022739768,7.4881,7.932928,1.7574,49617,0.0012799999999999999,,,,0.15616,0,0.135936,0.0076799999999999993,,,,,2.28096
7411,118.04534060374149,19037912326206,7.9594030976295471,7.7157,7.645184,1.8729,44675,0.001024,,,,0.151552,0.000256,0.132352,0.0051199999999999996,,,,,1.60896
7412,118.05306460459184,19037912403363,7.7240010723471642,7.9611,7.928832,1.9243,225327,0.001024,,,,0.15103999999999998,0,0.131584,0.008192,,,,,1.8659839999999999
7413,118.06087080498865,19037912482974,7.8062005341053009,7.6171,7.698688,2.1148,203153,0.001024,,,,0.15744,0,0.138752,0.0076799999999999993,,,,,2.018304
7414,118.06932890447845,19037912559145,8.458099327981472,8.5764,7.792128,2.1514,49737,0.001024,,,,0.150528,0,0.131328,0.0076799999999999993,,,,,1.623808
7415,118.0771158021542,19037912644909,7.7868974767625332,7.8526,8.452608,1.974,44623,0.001024,,,,0.302336,0,0.133376,0.0076799999999999993,,,,,2.3336959999999998
7416,118.085095904195,19037912723435,7.9801017418503761,7.2663,7.750912,2.0461,14475,0.001024,,,,0.15872,0.000256,0.137728,0.003072,,,,,1.606912
7417,118.09262910289115,19037912796098,7.5331986881792545,8.5398,7.955712,1.9119,14475,0.001024,,,,0.161024,0,0.13977599999999998,0.0048639999999999994,,,,,2.276608
7418,118.1005463010204,19037912881496,7.9171983525156975,7.4595,7.51872,1.9345,32046,0.001024,,,,0.159744,0.000256,0.140544,0.0076799999999999993,,,,,1.604352
7419,118.10831840277777,19037912956091,7.7721015550196171,8.3352,7.907072,1.9031,28860,0.001024,,,,0.156416,0.000256,0.13696,0.003072,,,,,1.804288
7420,118.1159913052721,19037913039443,7.672902662307024,7.1725,7.74912,1.8334,14475,0.001024,,,,0.155392,0.000256,0.135936,0.007936,,,,,1.769216
7421,118.12356789965986,19037913111168,7.5765945948660374,7.936,7.64544,1.9011,14677,0.001024,,,,0.150528,0.000256,0.131072,0.007424,,,,,1.606912
7422,118.13120740504534,19037913190528,7.6395054347813129,7.8339,7.563264,1.8902,14475,0.0012799999999999999,,,,0.15103999999999998,0,0.13183999999999998,0.0076799999999999993,,,,,1.8726399999999999
7423,118.13936090561224,19037913268867,8.1535009667277336,7.6905,7.583232,1.8658,14475,0.001024,,,,0.162816,0,0.14336,0.003584,,,,,1.6066559999999999
7424,118.14687320011338,19037913345772,7.5122946873307228,7.4713,8.173824,1.772,14475,0.001024,,,,0.159744,0,0.140032,0.007936,,,,,2.1178879999999998
7425,118.15496530612245,19037913420485,8.092106319963932,7.6271,7.488256,1.7357,14475,0.001024,,,,0.152832,0.000256,0.133632,0.004608,,,,,1.875456
7426,118.16249460034012,19037913496756,7.5292941182851791,8.1568,7.820544,1.7121,32046,0.001024,,,,0.16,0,0.141056,0.011264,,,,,1.7753599999999998
7427,118.17009680413831,19037913578324,7.6022036373615265,7.605,7.50848,1.8297,28860,0.001024,,,,0.15923199999999998,0.000256,0.13952,0.005632,,,,,1.89184
7428,118.17818839994331,19037913654374,8.0915959551930428,7.9435,7.547904,1.9888,14475,0.001024,,,,0.157184,0,0.13849599999999998,0.003584,,,,,1.704704
7429,118.18560850340135,19037913733809,7.4201035313308239,8.0856,8.11648,1.8576,14475,0.001024,,,,0.160768,0.000256,0.134912,0.0076799999999999993,,,,,1.8772479999999998
7430,118.19305940334466,19037913814665,7.4509000405669212,7.1227,7.393024,1.8035,20917,0.001024,,,,0.15231999999999998,0,0.133376,0.0076799999999999993,,,,,1.769984
7431,118.20122880527211,19037913885892,8.1694023683667183,8.0804,7.421696,1.9343,14475,0.001024,,,,0.158208,0,0.13824,0.004096,,,,,1.6097279999999998
7432,118.20884250283446,19037913966696,7.6136975549161434,7.5319,8.152832,1.9352,14475,0.001024,,,,0.158208,0,0.139264,0.0076799999999999993,,,,,1.86368
7433,118.2169246031746,19037914042015,8.0821001902222633,7.5852,7.59168,1.7909,14475,0.001024,,,,0.154112,0,0.13312,0.005376,,,,,1.7740799999999999
7434,118.22435510204082,19037914117867,7.4304989539086819,7.8729,8.070144,1.9684,32496,0.001024,,,,0.159488,0,0.13977599999999998,0.0076799999999999993,,,,,1.8524159999999998
7435,118.23190380527211,19037914196596,7.548703346401453,7.7931,7.406336,1.8586,28860,0.001024,,,,0.157184,0,0.137728,0.0076799999999999993,,,,,1.78432
7436,118.23978940617913,19037914274527,7.8856013715267181,7.8987,7.522304,1.7949,14475,0.001024,,,,0.157696,0.000256,0.13849599999999998,0.0048639999999999994,,,,,1.7704959999999998
7437,118.24740650510203,19037914353514,7.6170987449586391,7.5267,7.87072,1.7716,39690,0.001024,,,,0.150272,0,0.130816,0.013056,,,,,2.056448
7438,118.25559730017007,19037914428781,8.1907948479056358,7.434,7.597824,1.7861,14475,0.001024,,,,0.329472,0.000256,0.309504,0.004352,,,,,1.77664
7439,118.26310870181405,19037914503121,7.5114015489816666,7.9556,7.91552,1.7992,27781,0.001024,,,,0.155136,0.000256,0.13312,0.007936,,,,,1.772544
7440,118.2707279053288,19037914582677,7.61920353397727,7.6416,7.480832,1.8436,49912,0.001024,,,,0.161792,0,0.142336,0.004096,,,,,1.8644479999999999
7441,118.2787906037415,19037914659093,8.0626988783478737,8.1627,7.600896,1.9948,60501,0.001024,,,,0.153856,0,0.134912,0.007424,,,,,1.7707519999999999
7442,118.28644710175736,19037914740720,7.65649788081646,7.7607,8.041984,1.869,14475,0.25446399999999997,,,,0.152576,0,0.133376,0.0076799999999999993,,,,,1.8752
7443,118.29454820011337,19037914818327,8.1010982394218445,7.6336,7.643648,1.8585,14475,0.001024,,,,0.406528,0.000256,0.38707199999999997,0.007424,,,,,1.605376
7444,118.30209030612244,19037914894663,7.542105857282877,7.9654,7.834112,1.7616,14475,0.001024,,,,0.159488,0,0.140032,0.0076799999999999993,,,,,1.780992
7445,118.30955390447845,19037914974317,7.463598158210516,7.4975,7.510016,1.7032,14475,0.001024,,,,0.164096,0.000256,0.145152,0.008192,,,,,1.8559999999999999
7446,118.31752630385488,19037915049292,7.9723997041583061,7.9858,7.42656,2.079,49617,0.001024,,,,0.15744,0,0.13824,0.003328,,,,,1.607936
7447,118.3250213010204,19037915129150,7.4949972331523895,8.1861,7.813632,1.8289,44970,0.001024,,,,0.15334399999999998,0,0.13312,0.007424,,,,,1.77792
7448,118.33267340561224,19037915211011,7.6521043665707111,7.0906,7.467008,1.9433,14475,0.001024,,,,0.15488,0,0.13568,0.007424,,,,,1.8137599999999998
7449,118.34046510062358,19037915281917,7.7916951850056648,7.9248,7.630592,2.0799,14475,0.001024,,,,0.148224,0,0.128768,0.0076799999999999993,,,,,1.6081919999999998
7450,118.34792620464852,19037915361165,7.4611040763556957,7.9587,7.770624,1.7491,37133,0.001024,,,,0.150272,0.000256,0.131328,0.0076799999999999993,,,,,1.869568
7451,118.35590060232425,19037915440752,7.9743973910808563,7.0528,7.419136,1.7239,14475,0.001024,,,,0.15462399999999998,0,0.135936,0.003072,,,,,1.605632
7452,118.36345970096372,19037915511280,7.559098768979311,7.8465,7.985408,1.7508,14475,0.001024,,,,0.150272,0.000256,0.13055999999999998,0.011776,,,,,1.869568
7453,118.37144100056689,19037915589745,7.9812994226813316,7.5256,7.529728,1.7133,14475,0.001024,,,,0.155904,0,0.136704,0.007936,,,,,1.771008
7454,118.379032305839,19037915665001,7.5913053005933762,7.7917,7.962368,1.773,55666,0.001024,,,,0.1536,0,0.132608,0.0076799999999999993,,,,,1.606912
7455,118.38653550170068,19037915742918,7.50319566577673,7.7058,7.515392,1.793,44623,0.0012799999999999999,,,,0.15616,0.000256,0.137216,0.007936,,,,,1.8772479999999998
7456,118.39379720096372,19037915819976,7.2616990655660629,7.9322,7.53664,1.7462,14475,0.001024,,,,0.150784,0,0.13183999999999998,0.010752,,,,,1.7768959999999998
7457,118.4010538052721,19037915899298,7.256604265421629,7.6669,7.254016,1.7518,14475,0.004096,,,,0.158464,0.000256,0.139264,0.0038399999999999997,,,,,1.607936
7458,118.40804320436507,19037915975967,6.9893989711999893,7.3889,7.221504,1.7362,14475,0.001024,,,,0.15334399999999998,0,0.134656,0.008192,,,,,1.816064
7459,118.41507490079364,19037916049856,7.0316963829100132,7.2431,6.97088,1.8395,14475,0.001024,,,,0.149248,0.000256,0.130048,0.008192,,,,,1.607168
7460,118.42208890306122,19037916122287,7.0140021853148937,7.2128,7.016448,1.9712,14475,0.001024,,,,0.16127999999999998,0,0.142336,0.007936,,,,,1.607936
7461,118.42909880243764,19037916194415,7.0098992437124252,7.4745,6.986752,1.7781,14822,0.001024,,,,0.162304,0,0.14207999999999998,0.007424,,,,,1.6084479999999999
7462,118.43625960175737,19037916269160,7.1607991121709347,6.8545,6.965248,1.7904,14475,0.001024,,,,0.162816,0.000256,0.14336,0.003584,,,,,1.6066559999999999
7463,118.44337790532879,19037916337705,7.118303794413805,6.8218,6.947072,1.7712,14475,0.001024,,,,0.158208,0,0.139008,0.00896,,,,,1.606144
7464,118.45134910005669,19037916405923,7.9711945727467537,7.1913,7.121152,1.7331,26240,0.001024,,,,0.153088,0,0.133632,0.007424,,,,,1.6084479999999999
7465,118.45895809948979,19037916477836,7.6089994981884956,7.0166,7.94368,1.7433,14475,0.001024,,,,0.155392,0.000256,0.13644799999999999,0.007936,,,,,2.22848
7466,118.46586490221088,19037916548002,6.9068027660250664,7.2201,7.525632,1.8207,14475,0.001024,,,,0.15616,0,0.135936,0.0076799999999999993,,,,,1.607936
7467,118.47288070436507,19037916620203,7.0158019661903381,7.9993,6.9568,1.7283,14475,0.001024,,,,0.16025599999999998,0,0.141312,0.0063999999999999994,,,,,1.6051199999999999
7468,118.47989270124717,19037916700196,7.0119970478117466,7.4385,6.987776,1.7284,14475,0.001024,,,,0.153856,0,0.13414399999999999,0.008192,,,,,1.6063999999999998
7469,118.48741510062358,19037916774581,7.5223995372653008,6.9501,6.977792,1.7693,14475,0.001024,,,,0.15795199999999998,0,0.138752,0.007424,,,,,1.605376
7470,118.49438180272108,19037916844082,6.9667021743953228,6.8751,7.511808,1.7128,14475,0.001024,,,,0.158208,0.000256,0.13952,0.0076799999999999993,,,,,1.609472
7471,118.50137859977323,19037916912833,6.9967969320714474,7.1875,6.947328,1.7577,14475,0.001024,,,,0.161792,0,0.142848,0.0048639999999999994,,,,,1.609216
7472,118.50835580357142,19037916984708,6.9772037677466869,7.4077,6.96192,1.751,14475,0.001024,,,,0.15872,0,0.13952,0.003584,,,,,1.6066559999999999
7473,118.51554060374148,19037917058785,7.18480022624135,6.8793,6.970112,1.8211,14475,0.001024,,,,0.14899199999999999,0,0.12953599999999998,0.005376,,,,,1.607168
7474,118.5225202026644,19037917127578,6.9795991294085979,7.5266,7.155456,1.8367,14475,0.0012799999999999999,,,,0.15564799999999998,0,0.135936,0.004608,,,,,1.605888
7475,118.52949810090702,19037917202844,6.9778980687260628,6.823,6.962176,1.7031,14942,0.001024,,,,0.14899199999999999,0.000256,0.130048,0.007936,,,,,1.60768
7476,118.53645680272109,19037917271074,6.9587016478180885,6.8667,6.943488,1.7657,14475,0.001024,,,,0.15001599999999998,0,0.13055999999999998,0.0084479999999999989,,,,,1.6048639999999998
7477,118.54353960459183,19037917339741,7.082801777869463,7.0188,6.949632,1.8532,14475,0.001024,,,,0.155136,0,0.13644799999999999,0.008704,,,,,1.6081919999999998
7478,118.55076000566893,19037917409929,7.2204009629786015,6.9886,7.054592,1.6897,14475,0.001024,,,,0.15923199999999998,0,0.140288,0.008192,,,,,1.606912
7479,118.55772380243764,19037917479815,6.96379691362381,6.879,7.206144,1.7914,14475,0.001024,,,,0.149504,0,0.13055999999999998,0.008192,,,,,1.8091519999999999
7480,118.56472450396825,19037917548605,7.0007015019655228,7.6286,6.94784,1.7177,14475,0.001024,,,,0.146176,0,0.12672,0.007424,,,,,1.606144
7481,118.57190340136054,19037917624891,7.1788975037634373,6.8083,6.9696,1.8775,14475,0.001024,,,,0.149248,0,0.129792,0.0076799999999999993,,,,,1.6084479999999999
7482,118.5795202026644,19037917692974,7.6168011873960495,6.9167,7.589632,1.8102,14475,0.001024,,,,0.152576,0,0.13312,0.003328,,,,,1.6063999999999998
7483,118.58747149943311,19037917762141,7.951296865940094,7.0633,,1.7488,14475,0.001024,,,,0.150528,0,0.131072,0.007424,,,,,1.609472
7484,118.60064510345805,19037917832774,13.173604384064674,7.2126,7.935744,1.736,1076049,0.001792,,,,0.150272,0,0.13055999999999998,0.007424,,,,,1.823488
