observation_frame,unscaled_time,frame_timing_timestamp,"frame_interval_ms","cpu_frame_ms","gpu_frame_ms","cpu_render_thread_ms","gc_allocated_in_editor_frame_bytes","VSM.LayoutRemap_gpu_ms","VSM.Allocate_gpu_ms","VSM.InvalidateStatic_gpu_ms","VSM.ClearPhysicalPages_gpu_ms","VSM.StaticCasterCull_gpu_ms","VSM.DynamicCasterCull_gpu_ms","VSM.PageCull_gpu_ms","VSM.StaticRaster_gpu_ms","VSM.DynamicRaster_gpu_ms","VSM.UnityCompatibilityRaster_gpu_ms","VSM.FinalizePages_gpu_ms","VSM.ResetFeedback_gpu_ms","VSM.ResolveAndFeedback_gpu_ms"
2020,82.364744104308386,19037555644309,4.7929990105330944,4.6359,4.994048,1.7835,14475,0.001024,,,,0.083968,0,0.065536,0.0076799999999999993,,,,,1.112576
2021,82.369622002551012,19037555690668,4.8778983764350414,4.5758,4.772096,2.0316,14475,0.001024,,,,0.083968,0,0.065536,0.0076799999999999993,,,,,1.112576
2022,82.374185700113372,19037555736426,4.56369761377573,5.7765,4.85248,2.1308,20404,0.001024,,,,0.08524799999999999,0,0.06656,0.0097279999999999988,,,,,1.2802559999999998
2023,82.379124900793641,19037555794191,4.9392008222639561,4.1527,4.51712,2.0465,14475,0.001024,,,,0.08524799999999999,0,0.067071999999999993,0.0084479999999999989,,,,,1.3506559999999999
2024,82.385585303287982,19037555835718,6.4604026265442371,5.2833,4.91776,2.5123,162097,0.001024,,,,0.086784,0,0.068352,0.008704,,,,,1.4945279999999999
2025,82.397983900226748,19037555888551,12.398596853017807,4.6098,4.870656,2.2844,166442,0.001024,,,,0.0832,0,0.065024,0.0076799999999999993,,,,,1.35936
2026,82.409950503117912,19037555934649,11.966602876782417,4.4495,4.715776,1.0316,157569,0.0012799999999999999,,,,0.086272,0,0.067071999999999993,0.007424,,,,,1.7569279999999998
2027,82.42970449971655,19037555979144,19.753996282815933,11.5145,0.045056,1.1476,231631,0.001024,,,,0.086272,0,0.068352,0.003072,,,,,1.371136
2028,82.444307100340126,19037556094289,14.60260059684515,11.7656,0.045824,1.2168,156722,0.001024,,,,0.086272,0,0.068352,0.003072,,,,,1.371136
2029,82.453526799886617,19037556211945,9.219699539244175,15.6652,0.045312,1.308,14475,0.001024,,,,0.083968,0.000256,0.066048,0.011007999999999999,,,,,1.112576
2030,82.458702600623582,19037556368597,5.1758005283772945,18.5459,0.046848,1.3252,14475,0.001024,,,,0.088832,0.000256,0.07039999999999999,0.0076799999999999993,,,,,1.670656
2031,82.463884601757371,19037556554056,5.1820012740790844,13.4015,0.046592,1.9057,14475,0.001024,,,,0.08576,0,0.068352,0.007424,,,,,1.1133439999999999
2032,82.468834800170072,19037556688071,4.9501983448863029,4.012,5.145856,2.0706,14475,0.001024,,,,0.08806399999999999,0,0.069632,0.27904,,,,,1.2753919999999999
2033,82.473544600340134,19037556728191,4.7098002396523952,5.4246,4.932864,2.1833,14475,0.001024,,,,0.086784,0,0.068352,0.003072,,,,,1.110784
2034,82.479821301020408,19037556782437,6.2767006456851959,4.8695,4.529152,2.0708,146845,0.001024,,,,0.086784,0,0.068352,0.003072,,,,,1.110784
2035,82.4917589994331,19037556831132,11.937698349356651,5.5108,4.786176,1.8607,14475,0.001024,,,,0.085504,0,0.066816,0.003328,,,,,1.388544
2036,82.497107100340131,19037556886240,5.3481007926166058,3.666,4.876544,1.6977,14475,0.001024,,,,0.085504,0,0.067328,0.005376,,,,,1.37472
2037,82.502257603458048,19037556922900,5.1505030132830143,14.6651,0.04224,2.4482,14822,0.001024,,,,0.0832,0,0.064767999999999992,0.0076799999999999993,,,,,1.10848
2038,82.507444805839,19037557069551,5.1872022449970245,4.9558,4.816896,2.4895,14475,0.001024,,,,0.079872,0,0.061183999999999995,0.007936,,,,,1.110272
2039,82.512298504818588,19037557119109,4.8536988906562328,4.4289,5.168128,2.3071,14475,0.001024,,,,0.087808,0,0.069632,0.003328,,,,,1.443584
2040,82.517137202380951,19037557163398,4.838697612285614,5.1501,4.809728,2.5744,14475,0.001024,,,,0.084735999999999992,0,0.066304,0.005376,,,,,1.383424
2041,82.522002501417234,19037557214899,4.8652989789843559,5.0777,4.825088,2.6305,14475,0.001024,,,,0.081919999999999993,0,0.063488,0.003072,,,,,1.28768
2042,82.527065199829934,19037557265676,5.0626983866095543,4.8288,4.839424,1.9302,14475,0.001024,,,,0.081919999999999993,0,0.063488,0.003072,,,,,1.28768
2043,82.530978500566889,19037557313964,3.9133005775511265,4.6152,4.207616,1.7613,14475,0.001024,,,,0.337408,0,0.066048,0.007424,,,,,1.1348479999999999
2044,82.536288803854873,19037557360116,5.3103030659258366,5.0804,4.497408,2.265,14475,0.001024,,,,0.337408,0,0.066048,0.007424,,,,,1.1348479999999999
2045,82.541397002551022,19037557410920,5.1081986166536808,5.1077,4.799488,2.0991,14647,0.0012799999999999999,,,,0.086528,0,0.067071999999999993,0.007424,,,,,1.112576
2046,82.546189101473914,19037557461997,4.7920988872647285,3.8478,5.095168,1.9392,14475,0.001024,,,,0.086272,0,0.067583999999999991,0.250368,,,,,1.284352
2047,82.551240001417227,19037557500475,5.0508999265730381,5.2336,4.778752,1.9722,14475,0.001024,,,,0.086528,0,0.068352,0.007424,,,,,1.368064
2048,82.556056299603171,19037557552811,4.8162983730435371,5.2916,4.945408,2.2055,14475,0.001024,,,,0.08576,0,0.067328,0.011264,,,,,1.384704
2049,82.561022002551013,19037557605727,4.9657030031085014,4.8064,4.8704,1.9836,14475,0.001024,,,,0.082688,0,0.064512,0.007168,,,,,1.3872639999999998
2050,82.56555680272109,19037557653791,4.5348000712692738,4.5053,4.941056,1.9914,14475,0.001024,,,,0.086016,0,0.068352,0.0076799999999999993,,,,,1.367808
2051,82.570053599773246,19037557698844,4.4967969879508018,4.7606,4.509952,2.1308,14475,0.001024,,,,0.082688,0,0.064512,0.007936,,,,,1.115904
2052,82.5745233064059,19037557746450,4.4697066769003868,5.557,4.484864,1.918,14475,0.001024,,,,0.087296,0,0.068352,0.007424,,,,,1.112832
2053,82.5794419005102,19037557802020,4.9185939133167267,4.5615,4.437504,2.3478,14475,0.001024,,,,0.08524799999999999,0,0.06656,0.003072,,,,,1.111808
2054,82.584463704648527,19037557847635,5.0218040123581886,4.4451,4.905984,2.2001,14475,0.001024,,,,0.08448,0,0.06656,0.007936,,,,,1.5127039999999998
2055,82.589404499716551,19037557892086,4.9407952465116978,4.7542,4.932096,2.1997,14475,0.001024,,,,0.08576,0,0.067328,0.005888,,,,,1.3642239999999999
2056,82.59389410430839,19037557939628,4.4896043837070465,5.3785,4.989952,1.9079,14475,0.002048,,,,0.083712,0.000256,0.065792,0.007936,,,,,1.375488
2057,82.598817106009065,19037557993413,4.9230018630623817,3.8611,4.47488,2.1093,14475,0.0012799999999999999,,,,0.087551999999999991,0,0.06912,0.007168,,,,,1.134336
2058,82.603528401360535,19037558032024,4.71129547804594,5.8416,4.479744,2.9366,14677,0.003584,,,,0.081664,0,0.063232,0.008192,,,,,1.112832
2059,82.608272002551018,19037558090440,4.7436011955142021,4.0666,,1.886,14475,0.003584,,,,0.081664,0,0.063232,0.008192,,,,,1.112832
2060,82.616571003401361,19037558131106,8.2990005612373352,4.5846,4.672768,4.5846,14475,0.0012799999999999999,,,,0.084735999999999992,0.000256,0.066304,0.003584,,,,,1.1112959999999998
2061,82.621714299886619,19037558176952,5.14329643920064,4.7266,4.6144,1.4133,14475,0.0012799999999999999,,,,0.084735999999999992,0.000256,0.066304,0.003584,,,,,1.1112959999999998
2062,82.6260121031746,19037558224218,4.2978031560778618,4.9482,5.128448,2.1946,14475,0.001024,,,,0.086016,0.000256,0.06784,0.007424,,,,,1.110528
2063,82.630968799603167,19037558273700,4.9566966481506824,8.8934,4.18944,2.2199,55107,0.001024,,,,0.086016,0,0.06784,0.007424,,,,,1.109248
2064,82.642443905895689,19037558362634,11.475106701254845,4.4239,4.818944,2.205,382073,0.001024,,,,0.38272,0,0.36352,0.008704,,,,,1.115648
2065,82.648763506235824,19037558406873,6.3196001574397087,4.9485,4.779264,2.2126,26295,0.001024,,,,0.086016,0.000256,0.067583999999999991,0.0076799999999999993,,,,,1.1115519999999999
2066,82.654726799886618,19037558456358,5.9632938355207443,4.4103,4.777984,2.9451,14475,0.001024,,,,0.087039999999999992,0,0.068096,0.003584,,,,,1.129216
2067,82.659784204931967,19037558500461,5.0574052147567272,13.0073,4.525056,2.9273,14475,0.001024,,,,0.087039999999999992,0,0.068096,0.003584,,,,,1.129216
2068,82.664726303854877,19037558630534,4.9420990981161594,6.3242,4.755968,2.2563,14475,0.0012799999999999999,,,,0.087551999999999991,0,0.06784,0.007424,,,,,1.110784
2069,82.669806299603167,19037558693776,5.0799958407878876,4.83,4.926464,2.4978,14475,0.0012799999999999999,,,,0.087551999999999991,0,0.06784,0.007424,,,,,1.110784
2070,82.674277104591837,19037558742076,4.4708051718771458,5.5618,4.699392,1.9213,14475,0.001024,,,,0.088576,0,0.069376,0.0063999999999999994,,,,,1.1136
2071,82.679086500850332,19037558797694,4.8093963414430618,4.9547,4.481792,1.9899,14475,0.001024,,,,0.082176,0,0.064256,0.007936,,,,,1.366784
2072,82.683801799886623,19037558847241,4.7152992337942123,4.5028,4.772352,2.4035,14475,0.001024,,,,0.082176,0,0.064256,0.007936,,,,,1.366784
2073,82.688692800453509,19037558892269,4.8910006880760193,3.7892,4.699904,1.8802,14475,0.001024,,,,0.08524799999999999,0,0.067071999999999993,0.003328,,,,,1.110272
2074,82.697822604875284,19037558930161,9.12980455905199,5.3534,4.580352,2.1907,147063,0.001024,,,,0.086272,0,0.067583999999999991,0.0076799999999999993,,,,,1.29664
2075,82.710485104875275,19037558983695,12.662500143051147,4.4711,4.96128,2.4446,158463,0.001024,,,,0.082176,0,0.063744,0.007936,,,,,1.112576
2076,82.73616969954648,19037559028406,25.684595108032227,5.2154,4.507904,1.0361,607518,0.001024,,,,0.084224,0.000256,0.065792,0.007424,,,,,1.3542399999999999
2077,82.747757801870748,19037559080560,11.588102206587791,13.6408,0.0448,1.1685,512347,0.001024,,,,0.079872,0.000256,0.063744,0.003328,,,,,1.113856
2078,82.768654606009065,19037559216968,20.896803587675095,12.7664,0.04352,1.2314,146741,0.001024,,,,0.079872,0.000256,0.063744,0.003328,,,,,1.113856
2079,82.777133304988652,19037559344632,8.4786992520093918,25.9991,0.044544,1.3716,14475,0.001024,,,,0.082176,0,0.065792,0.007424,,,,,1.3555199999999998
2080,82.7835656037415,19037559604623,6.4322985708713531,20.2346,0.044288,1.0045,14475,0.001024,,,,0.086272,0,0.06784,0.007936,,,,,1.278976
2081,82.788221102607707,19037559806969,4.6554990112781525,11.4723,0.054784,2.6646,14475,0.001024,,,,0.086784,0,0.068352,0.004352,,,,,1.1299839999999999
2082,82.793153599773234,19037559921692,4.9324971623718739,6.1608,4.392704,2.2005,14475,0.001024,,,,0.084735999999999992,0.000256,0.066304,0.007424,,,,,1.13024
2083,82.797863506235828,19037559983300,4.7099064104259014,5.1556,4.23296,1.9183,14475,0.003328,,,,0.08294399999999999,0,0.064512,0.003328,,,,,1.11104
2084,82.8035714994331,19037560034856,5.707993172109127,3.5259,4.46848,2.9357,14677,0.001024,,,,0.33433599999999997,0,0.066048,0.007424,,,,,1.1097599999999999
2085,82.808267502834468,19037560070115,4.6960036270320415,5.9109,4.706816,2.0794,14475,0.001024,,,,0.084735999999999992,0.000256,0.066816,0.009216,,,,,1.1097599999999999
2086,82.813348504818592,19037560129224,5.08100213482976,5.2847,4.685568,2.2854,14475,0.001024,,,,0.086016,0.000256,0.068096,0.011264,,,,,1.112832
2087,82.81824440192743,19037560182071,4.89589711651206,5.0067,4.835072,2.1506,14475,0.001024,,,,0.08294399999999999,0,0.063744,0.003584,,,,,1.112064
2088,82.822889299886612,19037560232138,4.6448977664113045,4.8633,4.868608,2.0745,14475,0.001024,,,,0.083968,0.000256,0.065792,0.003328,,,,,1.363712
2089,82.827743601190477,19037560280771,4.854301456362009,4.7038,4.615424,2.0217,14475,0.001024,,,,0.08576,0,0.067328,0.0076799999999999993,,,,,1.3859839999999999
2090,82.832582305839,19037560327809,4.8387045972049236,4.3218,4.827392,2.2526,14475,0.001024,,,,0.085504,0,0.067328,0.011519999999999999,,,,,1.11104
2091,82.837318799603167,19037560371027,4.7364938072860241,4.7168,4.587264,2.1734,14475,0.001024,,,,0.087039999999999992,0,0.068352,0.007424,,,,,1.299456
2092,82.842377699829925,19037560418195,5.0589004531502724,5.1215,4.71808,2.1619,14475,0.001024,,,,0.084992,0.000256,0.066048,0.007424,,,,,1.3222399999999999
2093,82.84703560090702,19037560469410,4.6579008921980858,4.8886,5.021184,2.2489,14475,0.001024,,,,0.08448,0,0.066048,0.007424,,,,,1.26976
2094,82.8517463010204,19037560518296,4.7106998972594738,4.7168,4.572672,1.8525,14595,0.0012799999999999999,,,,0.0896,0.000256,0.070144,0.0076799999999999993,,,,,1.108736
2095,82.856532199546479,19037560565464,4.785898607224226,4.8421,4.756992,2.0467,14475,0.002048,,,,0.08448,0,0.065536,0.007424,,,,,1.282816
2096,82.861320599489787,19037560613885,4.7884001396596432,4.8129,4.768256,2.1507,14475,0.001024,,,,0.082688,0.000256,0.064767999999999992,0.007424,,,,,1.376768
2097,82.8664029053288,19037560662014,5.0823059864342213,4.5585,4.766208,2.4826,14475,0.001024,,,,0.087296,0,0.069376,0.007168,,,,,1.370368
2098,82.870673604024944,19037560707599,4.2706988751888275,4.8144,4.814848,2.4903,14475,0.001024,,,,0.084224,0.000256,0.065792,0.007424,,,,,1.29408
2099,82.875345804988655,19037560755743,4.6722008846700191,5.1902,4.22528,1.8859,14475,0.0012799999999999999,,,,0.079872,0.000256,0.061695999999999994,0.003072,,,,,1.109248
2100,82.8802213010204,19037560807645,4.8754960298538208,5.2172,4.205056,2.3089,14475,0.001024,,,,0.083456,0,0.065536,0.003328,,,,,1.112832
2101,82.8851200042517,19037560859817,4.8987031914293766,3.9659,4.854784,1.9754,14475,0.001024,,,,0.334848,0,0.065536,0.0048639999999999994,,,,,1.113856
2102,82.8898553004535,19037560899476,4.7352961264550686,4.5216,4.875776,2.2445,14475,0.001024,,,,0.085504,0,0.066304,0.007168,,,,,1.362944
2103,82.89519510345805,19037560944692,5.3398031741380692,5.1939,4.702464,2.7279,14475,0.001024,,,,0.083968,0.000256,0.065536,0.007424,,,,,1.388032
2104,82.900147300170062,19037560996631,4.9521964974701405,5.0526,4.762624,2.0161,20917,0.001024,,,,0.082688,0,0.064,0.010496,,,,,1.361408
2105,82.904827104591831,19037561047157,4.67980420216918,4.4081,4.923136,2.4792,14677,0.001024,,,,0.084224,0,0.066048,0.0076799999999999993,,,,,1.368832
2106,82.9094957057823,19037561091238,4.66860132291913,5.1884,4.658688,2.2024,14475,0.001024,,,,0.084992,0,0.066816,0.003328,,,,,1.1148799999999999
2107,82.914376601473919,19037561143122,4.8808958381414413,4.9489,4.498688,1.7212,14475,0.001024,,,,0.086016,0,0.067071999999999993,0.003072,,,,,1.108992
2108,82.919289200680268,19037561192611,4.9125989899039268,4.3637,4.841984,1.8087,14475,0.001024,,,,0.508416,0.000256,0.070144,0.003072,,,,,1.112064
2109,82.923846704931975,19037561236248,4.5575043186545372,4.7866,4.832768,1.9807,14475,0.001024,,,,0.086528,0,0.067583999999999991,0.003584,,,,,1.278976
2110,82.9288463010204,19037561284114,4.9995961599051952,4.9589,4.595968,1.9626,14475,0.001536,,,,0.085504,0,0.06656,0.007424,,,,,1.271552
2111,82.933682901077091,19037561333703,4.83660027384758,4.8124,4.978944,2.2632,14475,0.001024,,,,0.086528,0,0.06784,0.0097279999999999988,,,,,1.6383999999999999
2112,82.9382242063492,19037561381827,4.5413053594529629,4.8262,4.805888,1.8703,14475,0.001024,,,,0.084224,0,0.065279999999999991,0.007424,,,,,1.370368
2113,82.9431455994898,19037561430089,4.9213930033147335,4.9246,4.52224,2.169,14475,0.001024,,,,0.087551999999999991,0,0.068864,0.007424,,,,,1.112832
2114,82.947656101190475,19037561479335,4.5105018652975559,4.8162,4.654592,2.1521,14475,0.001024,,,,0.087039999999999992,0,0.068096,0.007424,,,,,1.117184
2115,82.95261890589569,19037561527497,4.9628047272562981,4.4818,4.48128,1.6713,14527,0.001024,,,,0.086528,0.000256,0.067328,0.007424,,,,,1.110784
2116,82.957840702947848,19037561572315,5.2217971533536911,4.4716,4.875776,2.7872,14475,0.001024,,,,0.087296,0.000256,0.068864,0.007424,,,,,1.2805119999999999
2117,82.964283602607708,19037561617031,6.4428998157382011,5.3288,4.793088,3.4826,14475,0.001024,,,,0.080896,0,0.06272,0.007424,,,,,1.110784
2118,82.969312606292519,19037561670319,5.0290036015212536,5.1968,4.747264,4.4428,14475,0.001536,,,,0.316928,0,0.298496,0.0076799999999999993,,,,,1.115136
2119,82.974498504818584,19037561722287,5.1858983933925629,4.6774,4.630272,2.6881,14475,0.001024,,,,0.081664,0,0.06297599999999999,0.0076799999999999993,,,,,1.1130879999999999
2120,82.979425701530616,19037561769061,4.92719653993845,6.9224,4.399104,2.502,14475,0.001024,,,,0.081919999999999993,0,0.063488,0.0076799999999999993,,,,,1.114112
2121,82.984521201814061,19037561838285,5.0955004990100861,5.1048,4.891904,2.1397,14475,0.001024,,,,0.08448,0.000256,0.06656,0.012032,,,,,1.285888
2122,82.9891954010771,19037561889333,4.6741990372538567,4.9799,5.0432,2.1413,14475,0.001024,,,,0.086784,0,0.068096,0.003328,,,,,1.6030719999999998
2123,82.994435402494332,19037561939132,5.2400012500584126,4.7553,4.681984,2.2805,14475,0.001024,,,,0.268032,0,0.065024,0.0097279999999999988,,,,,1.3806079999999998
2124,82.998955300453517,19037561986685,4.5198979787528515,5.0545,5.211136,1.8239,14475,0.001024,,,,0.083712,0,0.064767999999999992,0.004352,,,,,1.406464
2125,83.003575602324261,19037562037230,4.620302002876997,4.0393,4.501504,2.1868,14797,0.001024,,,,0.08448,0,0.066304,0.007424,,,,,1.1328
2126,83.00839810090703,19037562077623,4.82249865308404,6.2186,4.227584,1.8494,14475,0.001024,,,,0.084224,0,0.065792,0.0038399999999999997,,,,,1.110272
2127,83.013361401643991,19037562139809,4.9633006565272808,3.9901,4.806656,2.0669,14475,0.0012799999999999999,,,,0.08448,0,0.06656,0.005376,,,,,1.1133439999999999
2128,83.018430399659863,19037562179710,5.0689978525042534,4.4294,4.94592,2.4348,14475,0.001024,,,,0.085504,0,0.067328,0.0076799999999999993,,,,,1.29152
2129,83.023152303004537,19037562224004,4.7219032421708107,5.273,5.042432,2.0662,14475,0.001024,,,,0.084224,0.000256,0.065536,0.0038399999999999997,,,,,1.281792
2130,83.027909105725627,19037562276734,4.7568026930093765,4.5066,4.519424,1.9102,14475,0.001024,,,,0.086272,0,0.068608,0.0051199999999999996,,,,,1.3790719999999999
2131,83.032471704931964,19037562321800,4.5625991187989712,4.9876,4.739072,2.6166,14475,0.001024,,,,0.086272,0,0.068096,0.007936,,,,,1.112576
2132,83.037181505102041,19037562371676,4.7098002396523952,5.1726,4.498944,1.9713,14475,0.001024,,,,0.084735999999999992,0,0.065536,0.0076799999999999993,,,,,1.112832
2133,83.041873200113372,19037562423402,4.691694863140583,4.373,4.462336,1.8286,14475,0.001024,,,,0.086272,0,0.067583999999999991,0.011519999999999999,,,,,1.114624
2134,83.046631101190471,19037562467132,4.7579011879861355,4.3237,4.65408,2.028,14475,0.001024,,,,0.328704,0.000256,0.310272,0.0063999999999999994,,,,,1.114368
2135,83.051581405895689,19037562510369,4.9503045156598091,4.908,4.711424,2.3205,14475,0.001024,,,,0.084992,0,0.067071999999999993,0.007424,,,,,1.3608959999999999
2136,83.056464200680267,19037562559449,4.8827948048710823,5.2393,4.937216,2.1561,14475,0.001024,,,,0.08524799999999999,0,0.066816,0.003072,,,,,1.36192
2137,83.062270103458047,19037562611842,5.805902648717165,4.9314,4.848384,2.7611,14475,0.001024,,,,0.083712,0.000256,0.065536,0.0038399999999999997,,,,,1.376
2138,83.067319203514742,19037562661156,5.0491001456975937,4.573,4.769792,1.9957,14475,0.001024,,,,0.086528,0,0.06784,0.003328,,,,,1.1130879999999999
2139,83.0718492063492,19037562706886,4.5300028286874294,6.9497,4.748288,1.9583,14475,0.003328,,,,0.081408,0,0.063232,0.007424,,,,,1.375488
2140,83.076104903628121,19037562776383,4.2556971311569214,3.2832,4.507648,1.9105,14475,0.001024,,,,0.086016,0,0.068096,0.011519999999999999,,,,,1.3826559999999999
2141,83.081151700680266,19037562809215,5.04679698497057,5.0691,4.238592,2.1861,14475,0.001024,,,,0.088832,0,0.070912,0.003328,,,,,1.11616
2142,83.085822200963719,19037562859906,4.6705002896487713,4.9605,5.007872,1.7746,14475,0.001024,,,,0.333312,0,0.065279999999999991,0.007424,,,,,1.2835839999999998
2143,83.090921499433108,19037562909511,5.099298432469368,4.2593,4.6464,2.0824,14475,0.001024,,,,0.0896,0,0.071168,0.0076799999999999993,,,,,1.112832
2144,83.095980399659865,19037562952104,5.0589004531502724,4.9121,5.099776,1.992,14475,0.001024,,,,0.08524799999999999,0,0.067071999999999993,0.004096,,,,,1.5229439999999999
2145,83.100894203514741,19037563001225,4.913803655654192,4.9503,5.042176,1.6615,14677,0.001024,,,,0.084992,0,0.066816,0.0076799999999999993,,,,,1.3724159999999999
2146,83.105714703798185,19037563050728,4.8205005005002022,5.0418,4.886784,1.793,14475,0.001024,,,,0.083968,0,0.065279999999999991,0.007424,,,,,1.385216
2147,83.110443601190468,19037563101146,4.7288974747061729,5.279,4.789504,1.8978,14475,0.001024,,,,0.08448,0,0.066304,0.009216,,,,,1.3841919999999999
2148,83.115135905612235,19037563153936,4.6923044137656689,4.2626,4.70912,1.8465,14475,0.001024,,,,0.084992,0,0.065536,0.0076799999999999993,,,,,1.284096
2149,83.119854499716553,19037563196562,4.7185942530632019,4.6409,4.420864,1.9264,14475,0.001024,,,,0.085504,0,0.067071999999999993,0.007424,,,,,1.1115519999999999
2150,83.124322505668928,19037563242971,4.4680060818791389,4.8542,4.674304,2.206,14475,0.001024,,,,0.089088,0,0.069887999999999992,0.0076799999999999993,,,,,1.114112
2151,83.12904510345804,19037563291513,4.7225980088114738,4.7136,4.446464,2.044,14475,0.001024,,,,0.086528,0,0.06784,0.0076799999999999993,,,,,1.120512
2152,83.133864299886625,19037563338649,4.8191966488957405,4.8071,4.70656,1.7835,14475,0.0012799999999999999,,,,0.084224,0.000256,0.065792,0.0084479999999999989,,,,,1.283328
2153,83.139310905612248,19037563386720,5.44660585001111,4.2804,4.799744,2.0007,14475,0.001024,,,,0.084224,0,0.065792,0.003328,,,,,1.370112
2154,83.144131001984121,19037563429524,4.8200963065028191,4.6561,5.428736,1.8102,14475,0.0012799999999999999,,,,0.08524799999999999,0,0.067071999999999993,0.003072,,,,,1.6192
2155,83.1486463010204,19037563476085,4.5152991078794,4.9885,4.809984,1.7308,14475,0.001024,,,,0.084735999999999992,0,0.06656,0.009216,,,,,1.113856
2156,83.1532244047619,19037563525970,4.57810377702117,5.8143,4.48768,2.1846,20455,0.001024,,,,0.083456,0,0.064767999999999992,0.003072,,,,,1.1130879999999999
2157,83.157881001984123,19037563584113,4.6565970405936241,4.4992,4.529664,1.8983,20524,0.001024,,,,0.084224,0,0.066048,0.007424,,,,,1.110016
2158,83.162818700396826,19037563629105,4.9376985989511013,4.4558,4.666368,1.887,14475,0.001024,,,,0.086784,0,0.068352,0.007936,,,,,1.108736
2159,83.167601105442174,19037563673663,4.7824052162468433,4.7978,4.915456,2.3176,14475,0.001024,,,,0.086784,0.000256,0.068608,0.0076799999999999993,,,,,1.537024
2160,83.172326906179137,19037563721641,4.7258008271455765,4.6284,4.76032,1.7596,14475,0.001024,,,,0.086784,0,0.068096,0.0076799999999999993,,,,,1.3959679999999999
2161,83.176937804705219,19037563767925,4.6108984388411045,5.9551,4.691712,1.7958,14475,0.001024,,,,0.081408,0.000256,0.063488,0.003584,,,,,1.110784
2162,83.1820125,19037563827476,5.0746952183544636,3.5386,4.580352,1.9235,14475,0.001024,,,,0.084992,0,0.06656,0.0076799999999999993,,,,,1.112576
2163,83.18658680555555,19037563862862,4.5743053779006,4.6709,5.063424,1.938,17024,0.001024,,,,0.08806399999999999,0,0.06912,0.003328,,,,,1.115136
2164,83.191219501133787,19037563909571,4.6326955780386925,4.8899,4.552448,1.8358,14475,0.001024,,,,0.088832,0.000256,0.069376,0.003328,,,,,1.137152
2165,83.196147406462586,19037563958470,4.9279052764177322,5.8344,4.607232,1.6729,14475,0.001024,,,,0.087551999999999991,0,0.067583999999999991,0.0076799999999999993,,,,,1.11104
2166,83.201426303854873,19037564016814,5.2788974717259407,4.1234,4.905472,2.1468,14822,0.001024,,,,0.086272,0,0.06784,0.007424,,,,,1.2802559999999998
2167,83.2062292020975,19037564058048,4.8028980381786823,4.3954,5.249024,1.8856,14475,0.001024,,,,0.085504,0.000256,0.067328,0.003328,,,,,1.2928
2168,83.211070904195012,19037564102002,4.8417020589113235,4.5194,4.773888,1.9904,14475,0.001024,,,,0.089855999999999991,0,0.071424,0.003584,,,,,1.3772799999999998
2169,83.21617980442177,19037564147196,5.1089003682136536,5.4674,4.805888,1.9763,14475,0.001024,,,,0.08806399999999999,0.000256,0.069887999999999992,0.007424,,,,,1.380096
2170,83.220603302154188,19037564201870,4.4234977103769779,4.5402,4.86144,1.8918,14475,0.001024,,,,0.083456,0.000256,0.065279999999999991,0.0063999999999999994,,,,,1.112576
2171,83.225365306122441,19037564247272,4.762004129588604,5.3384,4.398592,2.2707,14475,0.001024,,,,0.084992,0,0.067071999999999993,0.007424,,,,,1.115136
2172,83.230098306405893,19037564300656,4.7330004163086414,5.2092,4.243712,1.8458,14475,0.001024,,,,0.08576,0,0.066816,0.0076799999999999993,,,,,1.110784
2173,83.234828500566891,19037564352748,4.730194341391325,3.8647,4.717568,2.2655,14475,0.001024,,,,0.08524799999999999,0.000256,0.06656,0.003328,,,,,1.118464
2174,83.239996704931968,19037564391395,5.1682041957974434,5.4678,4.700672,1.9453,14475,0.001024,,,,0.086528,0,0.068096,0.007424,,,,,1.37344
2175,83.2448248015873,19037564446073,4.8280968330800533,4.535,5.14816,1.6719,14475,0.001024,,,,0.085504,0,0.066816,0.011264,,,,,1.397248
2176,83.249579301303854,19037564491423,4.7544995322823524,4.177,4.809216,1.749,14475,0.001024,,,,0.08524799999999999,0,0.067328,0.003072,,,,,1.375232
2177,83.254294600340131,19037564533193,4.7152992337942123,5.6814,4.739072,2.1887,14475,0.001024,,,,0.08524799999999999,0,0.066816,0.0097279999999999988,,,,,1.319424
2178,83.259096804138323,19037564590007,4.8022037371993065,4.471,4.693504,1.8336,14475,0.001024,,,,0.08448,0,0.066048,0.007936,,,,,1.109504
2179,83.263855605158724,19037564634717,4.758800845593214,4.7655,4.77568,2.1618,14475,0.0012799999999999999,,,,0.08524799999999999,0.000256,0.066304,0.003328,,,,,1.113856
2180,83.268600701530616,19037564682372,4.7450964339077473,5.6485,4.676864,2.2248,14475,0.001024,,,,0.0832,0.000256,0.064256,0.003328,,,,,1.112576
2181,83.273132405045345,19037564738857,4.5317034237086773,4.1095,4.71296,1.8714,14475,0.001024,,,,0.08832,0,0.06912,0.007936,,,,,1.1133439999999999
2182,83.277968799603173,19037564779952,4.83639445155859,4.7232,4.523264,1.7821,14475,0.001024,,,,0.08524799999999999,0,0.066816,0.003072,,,,,1.1115519999999999
2183,83.282893303571427,19037564827184,4.9245040863752365,4.8901,4.801792,1.7605,14475,0.001024,,,,0.084224,0,0.066048,0.007424,,,,,1.393408
2184,83.287410600907023,19037564876085,4.5172972604632378,4.2479,4.671744,1.8209,14475,0.001024,,,,0.086272,0,0.068096,0.007424,,,,,1.110016
2185,83.292541206065749,19037564918564,5.1306053064763546,4.8198,4.492288,1.8757,14475,0.001024,,,,0.084735999999999992,0.000256,0.066048,0.007424,,,,,1.114112
2186,83.296819401927436,19037564966762,4.2781960219144821,4.7951,5.104384,2.116,14475,0.001024,,,,0.08576,0,0.066816,0.007936,,,,,1.1097599999999999
2187,83.301144805839,19037565014713,4.3254038318991661,4.7551,4.27008,1.8282,14677,0.001024,,,,0.087808,0,0.06912,0.009472,,,,,1.112064
2188,83.306301502267573,19037565062264,5.1566963084042072,4.9788,4.291072,1.8684,14475,0.001024,,,,0.087296,0,0.069376,0.0076799999999999993,,,,,1.108992
2189,83.311143303571427,19037565112052,4.84180124476552,4.1645,5.145088,2.2395,14595,0.001024,,,,0.23449599999999998,0,0.070656,0.00896,,,,,1.548544
2190,83.315790199829934,19037565153697,4.6468963846564293,4.9339,4.81792,1.8939,14475,0.001024,,,,0.087551999999999991,0,0.068864,0.011776,,,,,1.3742079999999999
2191,83.320599900793653,19037565203036,4.8097008839249611,4.8134,4.601088,1.8301,14475,0.001024,,,,0.088832,0,0.069632,0.007424,,,,,1.11232
2192,83.325458602607711,19037565251170,4.8587019555270672,4.9282,4.818176,2.3351,14475,0.001024,,,,0.084992,0.000256,0.06656,0.0097279999999999988,,,,,1.112576
2193,83.330492899659859,19037565300452,5.034297239035368,4.6294,4.821248,1.8835,14475,0.001024,,,,0.087296,0,0.068608,0.007424,,,,,1.319936
2194,83.3352827026644,19037565346746,4.7898031771183014,4.795,5.0288639999999996,2.4717,14475,0.001024,,,,0.087296,0,0.068608,0.007424,,,,,1.4336
2195,83.33989140447845,19037565394696,4.6087019145488739,4.6146,4.767744,1.8281,14475,0.001024,,,,0.086272,0,0.067328,0.007424,,,,,1.11104
2196,83.344711104024938,19037565440842,4.8196995630860329,5.1451,4.581888,1.6836,14475,0.001024,,,,0.086016,0,0.067583999999999991,0.003328,,,,,1.114112
2197,83.349683602607712,19037565492293,4.9724983982741833,4.9838,4.800768,2.1498,14475,0.0012799999999999999,,,,0.085504,0,0.067071999999999993,0.007424,,,,,1.36448
2198,83.354392602040818,19037565542131,4.7089993022382259,4.3673,4.950016,1.806,14527,0.001024,,,,0.086016,0.000256,0.067583999999999991,0.003328,,,,,1.116928
2199,83.358735005668933,19037565585804,4.34240372851491,4.7602,4.691712,1.8762,14475,0.001024,,,,0.087808,0,0.069376,0.003072,,,,,1.289728
2200,83.363718799603177,19037565633406,4.9837939441204071,4.9242,4.323584,1.7564,14475,0.001024,,,,0.085504,0,0.066816,0.004352,,,,,1.1130879999999999
2201,83.368495705782308,19037565682648,4.7769062221050262,4.7084,4.892672,2.0897,14475,0.001024,,,,0.086528,0.000256,0.068096,0.003328,,,,,1.112832
2202,83.373064902210885,19037565729732,4.5691966079175472,4.4866,4.838912,1.9661,14475,0.001024,,,,0.088576,0,0.069632,0.007424,,,,,1.110016
2203,83.3778785005669,19037565774598,4.8135984688997269,4.9114,4.533248,2.048,14475,0.001024,,,,0.088576,0,0.069632,0.007424,,,,,1.110016
2204,83.382478004535145,19037565823712,4.5995041728019714,4.6756,4.794112,1.9083,14475,0.001024,,,,0.084735999999999992,0.000256,0.065792,0.0076799999999999993,,,,,1.11232
2205,83.3874704010771,19037565870468,4.99239657074213,5.272,4.576512,2.0142,14475,0.0012799999999999999,,,,0.088832,0,0.070656,0.007424,,,,,1.1136
2206,83.3919983064059,19037565923188,4.5279054902493954,4.2308,4.662528,1.879,14475,0.001024,,,,0.087039999999999992,0,0.068608,0.0076799999999999993,,,,,1.1136
2207,83.396702303004531,19037565965496,4.7039967030286789,4.6114,4.509696,1.9176,32046,0.001024,,,,0.086784,0,0.06784,0.007424,,,,,1.110784
2208,83.402118105158721,19037566011610,5.4158023558557034,5.2712,4.66816,2.1104,35504,0.001024,,,,0.086784,0,0.06784,0.007424,,,,,1.110784
2209,83.40715600198412,19037566064322,5.0378968007862568,4.2943,5.399552,1.7361,14475,0.001024,,,,0.083456,0.000256,0.064256,0.007936,,,,,1.30432
2210,83.412009700963722,19037566107265,4.8536988906562328,4.8456,4.867328,1.8155,14475,0.001024,,,,0.085504,0,0.067071999999999993,0.0076799999999999993,,,,,1.4643199999999998
2211,83.417080704365077,19037566155721,5.0710034556686878,5.1155,4.836864,1.9515,14475,0.001024,,,,0.08832,0,0.069632,0.003072,,,,,1.6701439999999999
2212,83.421492602040814,19037566206876,4.4118976220488548,5.2204,5.037312,1.8933,82323,0.001024,,,,0.08448,0,0.066048,0.003328,,,,,1.428736
2213,83.428705505952379,19037566259080,7.2129038162529469,4.7059,4.406784,2.0965,14475,0.001024,,,,0.084992,0.000256,0.066304,0.003328,,,,,1.113856
2214,83.43510370606576,19037566306139,6.3982000574469566,5.2673,4.386816,0.9703,14475,0.001024,,,,0.086272,0.000256,0.06784,0.011776,,,,,1.112576
2215,83.4402779053288,19037566358812,5.1741991192102432,8.049,0.041984,2.5197,14475,0.001024,,,,0.078848,0,0.062208,0.0076799999999999993,,,,,1.3055999999999999
2216,83.445127402210886,19037566439302,4.8494967631995678,4.1252,5.146368,2.1287,14475,0.001024,,,,0.08524799999999999,0.000256,0.067071999999999993,0.0076799999999999993,,,,,1.3990399999999998
2217,83.450151799886612,19037566480554,5.0243977457284927,5.8335,4.828416,2.195,14475,0.001024,,,,0.087551999999999991,0,0.06912,0.0076799999999999993,,,,,1.391616
2218,83.454605605158733,19037566538889,4.4538052752614021,5.3244,5.002752,2.3259,14475,0.001024,,,,0.087039999999999992,0,0.068352,0.007424,,,,,1.6381439999999998
2219,83.459254606009068,19037566592133,4.649000708013773,4.8422,4.439808,2.4652,14475,0.001024,,,,0.087551999999999991,0,0.068352,0.006144,,,,,1.112832
2220,83.463953706065752,19037566640555,4.699100274592638,4.8929,4.604672,1.9715,14595,0.001024,,,,0.086016,0,0.066304,0.008192,,,,,1.112064
2221,83.4686992063492,19037566689484,4.7455001622438431,4.7514,4.678144,1.7094,14475,0.001024,,,,0.08448,0.000256,0.066048,0.007424,,,,,1.1115519999999999
2222,83.473445599489793,19037566736998,4.7463933005928993,4.5639,4.736,1.8173,14475,0.001024,,,,0.08448,0.000256,0.066048,0.007424,,,,,1.1115519999999999
2223,83.4782790036848,19037566782637,4.8334039747715,4.45,4.713984,2.2679,14475,0.001024,,,,0.086272,0.000256,0.06784,0.0076799999999999993,,,,,1.2823039999999999
2224,83.483405505952376,19037566827137,5.1265023648738861,4.5506,4.788736,2.0856,14475,0.001024,,,,0.08524799999999999,0.000256,0.066816,0.005376,,,,,1.3655039999999998
2225,83.48795740504535,19037566872643,4.5518991537392139,4.9646,5.139712,1.8082,14475,0.001024,,,,0.087296,0,0.068864,0.0076799999999999993,,,,,1.11104
2226,83.492633000283448,19037566922289,4.6755950897932053,4.7725,4.521984,2.1742,14475,0.0012799999999999999,,,,0.084992,0,0.06656,0.003584,,,,,1.112576
2227,83.49729210600907,19037566970014,4.6591055579483509,5.2761,4.667648,2.4317,14475,0.0012799999999999999,,,,0.088576,0,0.068864,0.0076799999999999993,,,,,1.113856
2228,83.502009800170072,19037567022775,4.717694129794836,4.4427,4.623616,2.1867,14677,0.001024,,,,0.089855999999999991,0,0.070912,0.0076799999999999993,,,,,1.1136
2229,83.506753904478458,19037567067202,4.7441041097044945,4.7819,4.70528,2.0749,14475,0.001024,,,,0.084992,0.000256,0.066816,0.0076799999999999993,,,,,1.274368
2230,83.511813506235825,19037567115021,5.0596017390489578,4.4596,4.718336,2.3809,14475,0.001024,,,,0.086528,0,0.068096,0.007424,,,,,1.3841919999999999
2231,83.516214200680267,19037567159617,4.4006942771375179,5.439,5.029632,1.8014,14475,0.003072,,,,0.08576,0,0.067071999999999993,0.007936,,,,,1.385216
2232,83.52132580073696,19037567214007,5.1116002723574638,4.3699,4.3904,1.6083,14475,0.001024,,,,0.08448,0,0.066048,0.007424,,,,,1.1133439999999999
2233,83.525570705782314,19037567257706,4.2449049651622772,4.607,5.078272,2.0239,14475,0.001024,,,,0.087551999999999991,0.000256,0.069376,0.0076799999999999993,,,,,1.113856
2234,83.530160204081625,19037567303776,4.58949850872159,4.5949,4.2368,1.8082,14475,0.001024,,,,0.087551999999999991,0.000256,0.069376,0.0038399999999999997,,,,,1.1130879999999999
2235,83.535076204648519,19037567349725,4.91600064560771,5.1691,4.552192,1.8714,14475,0.001024,,,,0.0896,0.000256,0.069632,0.005888,,,,,1.1136
2236,83.54006010487528,19037567401416,4.9839001148939133,4.1012,4.896,2.6327,14475,0.001024,,,,0.084224,0,0.065792,0.007936,,,,,1.3524479999999999
2237,83.544891503684809,19037567442428,4.8313988372683525,5.1313,4.969984,2.3211,14475,0.001024,,,,0.248576,0.000256,0.065279999999999991,0.007936,,,,,1.375232
2238,83.5496483064059,19037567493741,4.7568026930093765,4.7863,4.804096,1.7774,14475,0.001024,,,,0.086528,0,0.068352,0.003328,,,,,1.3708799999999999
2239,83.554077600623586,19037567541604,4.4292942620813847,5.0064,4.746752,1.9387,14527,0.001024,,,,0.086784,0.000256,0.068352,0.007424,,,,,1.325312
2240,83.559120103458042,19037567591668,5.0425026565790176,4.2607,4.380416,2.3913,14475,0.001024,,,,0.087039999999999992,0,0.068096,0.003072,,,,,1.11104
2241,83.564051006235829,19037567634275,4.9309027381241322,4.8506,5.016064,1.8238,14475,0.001024,,,,0.081919999999999993,0,0.063488,0.011264,,,,,1.549312
2242,83.5688575042517,19037567682781,4.8064980655908585,4.3833,4.911104,2.5937,14475,0.0012799999999999999,,,,0.087296,0,0.068864,0.0097279999999999988,,,,,1.11104
2243,83.573730902777768,19037567726614,4.8733986914157867,5.365,4.788224,2.1357,14475,0.001024,,,,0.091648,0,0.072191999999999992,0.0076799999999999993,,,,,1.1115519999999999
2244,83.578571605725614,19037567780264,4.8407027497887611,4.857,4.850944,1.8089,14475,0.0012799999999999999,,,,0.086528,0,0.068096,0.0084479999999999989,,,,,1.26976
2245,83.583373200113371,19037567828834,4.8015941865742207,5.1227,4.810496,2.0039,14475,0.001024,,,,0.084992,0,0.066304,0.004352,,,,,1.3696
2246,83.588057405045348,19037567880061,4.6842047013342381,4.535,4.782592,2.4512,14475,0.001024,,,,0.084735999999999992,0,0.066816,0.0076799999999999993,,,,,1.3888
2247,83.5932880031179,19037567925411,5.2305981516838074,5.6093,4.440064,2.3606,14475,0.0012799999999999999,,,,0.080127999999999991,0,0.061695999999999994,0.0076799999999999993,,,,,1.1112959999999998
2248,83.598126403061215,19037567981504,4.8384000547230244,4.2942,5.209856,1.9784,14475,0.001024,,,,0.083968,0,0.065536,0.009216,,,,,1.1164159999999999
2249,83.602860104875276,19037568024446,4.7337017022073269,4.7823,4.809728,2.6128,14677,0.001024,,,,0.08524799999999999,0.000256,0.06656,0.006912,,,,,1.115392
2250,83.60768390022676,19037568072269,4.8237955197691917,5.105,4.718336,1.7582,14475,0.001024,,,,0.08524799999999999,0.000256,0.06656,0.006912,,,,,1.115392
2251,83.612610905612243,19037568123319,4.9270051531493664,5.0447,4.79488,2.0858,14475,0.001024,,,,0.086528,0,0.067583999999999991,0.007424,,,,,1.1130879999999999
2252,83.617366099773236,19037568173766,4.7551942989230156,4.2399,4.89728,2.0567,14595,0.001024,,,,0.086528,0.000256,0.068608,0.003328,,,,,1.277696
2253,83.622039505385487,19037568216165,4.6734055504202843,5.2184,4.733184,2.4079,14475,0.001024,,,,0.084224,0,0.065792,0.007424,,,,,1.3675519999999999
2254,83.626689703798178,19037568268349,4.6501983888447285,4.9514,4.612608,2.127,14475,0.001024,,,,0.081408,0.000256,0.06272,0.010752,,,,,1.110272
2255,83.6312123015873,19037568317863,4.5225978828966618,4.5274,4.67328,1.9131,14475,0.0012799999999999999,,,,0.086272,0.000256,0.067328,0.008704,,,,,1.11232
2256,83.6361200042517,19037568363137,4.907702561467886,4.7177,4.503808,1.7336,14475,0.001024,,,,0.085504,0.000256,0.067328,0.007168,,,,,1.1164159999999999
2257,83.640953706065758,19037568410314,4.8337019979953766,4.5686,4.886016,1.9057,14475,0.0012799999999999999,,,,0.086272,0,0.067583999999999991,0.0076799999999999993,,,,,1.29664
2258,83.645930704365071,19037568456000,4.976998083293438,4.2835,4.805376,1.9061,14475,0.001024,,,,0.350976,0,0.06784,0.007424,,,,,1.112576
2259,83.6508825042517,19037568498835,4.9517997540533543,4.9481,4.951296,2.065,14475,0.0012799999999999999,,,,0.08832,0.000256,0.069887999999999992,0.0076799999999999993,,,,,1.376768
2260,83.655742701247163,19037568548316,4.8601971939206123,5.0297,4.795648,2.1159,14475,0.001024,,,,0.086016,0,0.067583999999999991,0.003584,,,,,1.376
2261,83.660211401643991,19037568598613,4.4687003828585148,4.7363,4.835072,2.1821,14475,0.001024,,,,0.08576,0,0.067583999999999991,0.007424,,,,,1.388288
2262,83.665124100056687,19037568645976,4.9126986414194107,5.045,4.419328,2.3478,14475,0.001024,,,,0.087296,0,0.068352,0.006144,,,,,1.113856
2263,83.669458801020411,19037568696426,4.3347007595002651,4.8959,4.655616,2.1329,14475,0.001024,,,,0.082431999999999991,0.000256,0.064,0.0097279999999999988,,,,,1.111808
2264,83.674342403628117,19037568745385,4.8836027272045612,4.6395,4.28288,1.7945,14475,0.001024,,,,0.086784,0,0.068352,0.007424,,,,,1.112064
2265,83.679273703231289,19037568791780,4.9312994815409184,4.4788,4.89088,1.8747,14475,0.0012799999999999999,,,,0.087039999999999992,0,0.068352,0.24703999999999998,,,,,1.114112
2266,83.684094905045342,19037568836568,4.8212017863988876,4.9056,4.908032,1.7112,14475,0.001024,,,,0.086784,0,0.068352,0.0076799999999999993,,,,,1.3104639999999999
2267,83.688527806122451,19037568885624,4.43290127441287,4.442,4.795392,1.7806,14475,0.0012799999999999999,,,,0.086016,0.000256,0.067328,0.003328,,,,,1.3624319999999999
2268,83.69351450538548,19037568930044,4.98669920489192,5.1214,4.428032,2.4506,14475,0.001024,,,,0.087808,0,0.069376,0.007168,,,,,1.110272
2269,83.698212903911568,19037568981258,4.6983985230326653,5.4177,4.487424,1.8727,14475,0.001024,,,,0.08576,0,0.067583999999999991,0.0076799999999999993,,,,,1.1097599999999999
2270,83.703103904478454,19037569035435,4.8910006880760193,3.4986,4.676352,1.7935,14677,0.001024,,,,0.08576,0,0.067583999999999991,0.0076799999999999993,,,,,1.1097599999999999
2271,83.707901502267575,19037569070421,4.7975978814065456,5.104,4.865536,2.0389,14475,0.001024,,,,0.350464,0,0.066304,0.009472,,,,,1.112064
2272,83.713073306405889,19037569121461,5.1718042232096195,4.8391,4.788224,1.9142,14475,0.001024,,,,0.086016,0,0.068096,0.0076799999999999993,,,,,1.1112959999999998
2273,83.71784000141723,19037569169852,4.7666952013969421,4.8147,5.142528,1.9867,14475,0.001024,,,,0.086016,0.000256,0.067583999999999991,0.003584,,,,,1.27744
2274,83.722377104591828,19037569217999,4.5371032319962978,5.2456,4.754944,2.6137,14475,0.001024,,,,0.086784,0,0.068096,0.009984,,,,,1.292544
2275,83.7268781037415,19037569270455,4.5009991154074669,4.9768,4.511488,2.1322,14475,0.001024,,,,0.0832,0,0.064767999999999992,0.007424,,,,,1.3890559999999998
2276,83.734531802721079,19037569320223,7.6536987908184528,4.7337,4.472064,4.7337,27991,0.001024,,,,0.085504,0.000256,0.066816,0.0076799999999999993,,,,,1.1148799999999999
2277,83.739878706065753,19037569367560,5.3469035774469376,4.2929,4.913408,1.7677,26478,0.0012799999999999999,,,,0.085504,0,0.06656,0.00896,,,,,1.402112
2278,83.74490530045351,19037569410489,5.0265942700207233,4.8402,4.726016,2.9896,14475,0.001024,,,,0.082176,0,0.063744,0.004608,,,,,1.3839359999999998
2279,83.750785303287984,19037569458891,5.8800028637051582,8.558,4.519168,2.7254,14475,0.001024,,,,0.082176,0,0.063744,0.004608,,,,,1.3839359999999998
2280,83.755554003684807,19037569544471,4.7687003389000893,4.8178,4.836096,2.2789,20745,0.001024,,,,0.087039999999999992,0.000256,0.068352,0.007168,,,,,1.131776
2281,83.760143105158733,19037569592649,4.5891012996435165,5.7032,4.62208,1.8636,120151,0.001024,,,,0.087039999999999992,0.000256,0.068352,0.007168,,,,,1.131776
2282,83.769190100623575,19037569649681,9.04699508100748,5.4705,4.223232,2.1941,40356,0.001024,,,,0.082688,0,0.064,0.004352,,,,,1.1097599999999999
2283,83.773705201247168,19037569704386,4.5151007361710072,4.4922,4.357632,1.0432,34290,0.0038399999999999997,,,,0.08294399999999999,0.000256,0.064,0.007936,,,,,1.112064
2284,83.778763903061218,19037569749308,5.058701615780592,8.9558,0.045312,2.2722,14475,0.001024,,,,0.080127999999999991,0,0.063744,0.007424,,,,,1.114624
2285,83.783575701530609,19037569838866,4.8117986880242825,4.7742,5.033984,2.1842,14475,0.001024,,,,0.08576,0,0.067071999999999993,0.0038399999999999997,,,,,1.388288
2286,83.788165504535144,19037569886608,4.5898030512034893,3.8685,4.80512,2.065,14475,0.001024,,,,0.086272,0,0.067583999999999991,0.0076799999999999993,,,,,1.4026239999999999
2287,83.793148405612243,19037569925293,4.9829012714326382,5.5303,4.559616,2.038,14475,0.001024,,,,0.086528,0,0.068096,0.007168,,,,,1.1148799999999999
2288,83.798135501700671,19037569980596,4.9870959483087063,4.3537,4.957952,2.3202,14475,0.0012799999999999999,,,,0.086528,0.000256,0.068096,0.009984,,,,,1.1328
2289,83.803122101757367,19037570024133,4.9866000190377235,4.8625,4.645632,2.7576,14822,0.0012799999999999999,,,,0.086528,0.000256,0.068096,0.009984,,,,,1.1328
2290,83.807915100623575,19037570072758,4.7929990105330944,5.5589,4.488192,2.449,14475,0.001024,,,,0.088832,0,0.067328,0.0076799999999999993,,,,,1.1115519999999999
2291,83.812881703514734,19037570128347,4.96660266071558,4.0765,4.775424,1.876,14475,0.001024,,,,0.08524799999999999,0,0.066816,0.0076799999999999993,,,,,1.354496
2292,83.817880803571427,19037570169112,4.9991002306342125,5.4622,4.9344,2.1097,14475,0.001024,,,,0.08524799999999999,0,0.066816,0.0076799999999999993,,,,,1.354496
2293,83.822417502834469,19037570223734,4.5366990379989147,4.9422,4.971264,1.8485,14475,0.001024,,,,0.086528,0,0.06784,0.0051199999999999996,,,,,1.630464
2294,83.826905102040811,19037570273156,4.4875992462038994,4.9244,4.516096,1.6949,14475,0.001024,,,,0.086016,0,0.067328,0.007424,,,,,1.3706239999999998
2295,83.832280201247158,19037570322400,5.3750993683934212,4.3079,4.47232,3.0758,14475,0.001024,,,,0.086016,0.000256,0.06784,0.007168,,,,,1.1097599999999999
2296,83.837582702664392,19037570365479,5.3025013767182827,5.0094,4.520704,2.8698,14475,0.001024,,,,0.08448,0,0.065792,0.003584,,,,,1.112064
2297,83.84227640306122,19037570415573,4.6937004663050175,4.5685,4.617216,2.2781,33855,0.001024,,,,0.087808,0,0.069376,0.161792,,,,,1.1384319999999999
2298,83.847175106292511,19037570461258,4.8987031914293766,6.3388,4.257024,2.471,14475,0.001024,,,,0.080896,0,0.06272,0.0076799999999999993,,,,,1.112576
2299,83.852420103458044,19037570524646,5.2449973300099373,4.6055,4.684288,2.4691,14475,0.001024,,,,0.085504,0.000256,0.066816,0.003328,,,,,1.1130879999999999
2300,83.857300800736965,19037570570701,4.8806974664330482,4.868,5.024768,2.0248,14475,0.001024,,,,0.082176,0,0.063744,0.007936,,,,,1.291776
2301,83.862400403911565,19037570619381,5.0996029749512672,4.4905,4.85632,2.6124,14475,0.001024,,,,0.087296,0,0.068864,0.0076799999999999993,,,,,1.2869119999999998
2302,83.867338003117908,19037570664286,4.9375994130969048,5.8472,4.805888,2.0974,14475,0.001024,,,,0.084735999999999992,0,0.066816,0.008192,,,,,1.630976
2303,83.872445301870741,19037570722758,5.1072989590466022,4.3008,4.908032,2.8803,55546,0.001024,,,,0.085504,0,0.067583999999999991,0.003584,,,,,1.3772799999999998
2304,83.877901403061216,19037570765766,5.4561011493206024,5.3282,4.681216,2.4215,44623,0.001024,,,,0.083456,0.000256,0.065279999999999991,0.003584,,,,,1.359872
2305,83.882860104875277,19037570819048,4.95870178565383,4.3618,4.215296,2.3881,14475,0.001024,,,,0.08448,0,0.06656,0.003328,,,,,1.127936
2306,83.8878691043084,19037570862666,5.0089992582798,6.1766,4.715008,2.9053,49617,0.0012799999999999999,,,,0.08294399999999999,0.000256,0.064256,0.007424,,,,,1.1115519999999999
2307,83.8933540036848,19037570924432,5.4848995059728622,5.108,4.454656,1.8078,44623,0.001024,,,,0.083456,0,0.065024,0.007424,,,,,1.1166719999999999
2308,83.897899503968247,19037570975512,4.5455005019903183,4.1085,5.4604799999999996,2.704,14475,0.0012799999999999999,,,,0.086016,0,0.068096,0.0076799999999999993,,,,,1.112576
2309,83.90266470379818,19037571016597,4.765199963003397,5.217,4.526592,1.869,56406,0.0012799999999999999,,,,0.086016,0,0.068096,0.0076799999999999993,,,,,1.112576
2310,83.907328202947838,19037571068767,4.6634990721940994,5.2429,4.7168,1.7843,44623,0.001024,,,,0.08806399999999999,0,0.069376,0.006912,,,,,1.112064
2311,83.912534502551011,19037571121196,5.2062994800508022,4.8657,4.665344,2.1856,14475,0.001024,,,,0.083456,0,0.065024,0.007424,,,,,1.302784
2312,83.917469401927434,19037571169853,4.9348995089530945,5.2572,5.033472,2.0565,190185,0.001024,,,,0.084735999999999992,0,0.06656,0.003328,,,,,1.3739519999999998
2313,83.9255733064059,19037571222425,8.1039043143391609,3.9419,4.910848,1.7707,171847,0.001024,,,,0.086784,0,0.068608,0.007424,,,,,1.133568
2314,83.930707405045354,19037571261844,5.1340986974537373,5.34,4.70528,2.4081,117465,0.001024,,,,0.086784,0,0.068608,0.007424,,,,,1.133568
2315,83.939319203514742,19037571315244,8.6117982864379883,6.3316,4.728832,1.9028,52145,0.0012799999999999999,,,,0.082431999999999991,0.000256,0.064256,0.007936,,,,,1.1115519999999999
2316,83.94367070578231,19037571378560,4.3515022844076157,7.2285,4.813568,1.1363,14475,0.0012799999999999999,,,,0.080639999999999989,0.000256,0.064512,0.003328,,,,,1.275648
2317,83.948526403061223,19037571450845,4.8556975089013577,8.7482,0.045312,2.2153,40095,0.0012799999999999999,,,,0.083968,0,0.066304,0.007424,,,,,1.13408
2318,83.953251006235831,19037571538327,4.724603146314621,4.767,4.24192,1.7942,28860,0.0038399999999999997,,,,0.082688,0,0.064256,0.007424,,,,,1.1112959999999998
2319,83.958054102891154,19037571585997,4.8030968755483627,3.7243,4.619008,1.7646,14527,0.001024,,,,0.347904,0,0.068352,0.007424,,,,,1.1166719999999999
2320,83.96298070436508,19037571623240,4.9266014248132706,5.5847,4.852224,1.7726,14475,0.001024,,,,0.083968,0,0.065536,0.003328,,,,,1.116928
2321,83.967857100340126,19037571679087,4.8763961531221867,4.2731,4.904704,1.7281,14475,0.001024,,,,0.086784,0,0.068352,0.007424,,,,,1.4942719999999998
2322,83.972540199829922,19037571721818,4.6830996870994568,4.7925,4.848384,2.1853,14475,0.0012799999999999999,,,,0.086272,0,0.06784,0.007424,,,,,1.376256
2323,83.976957305839,19037571769743,4.4171060435473919,5.2112,4.665344,2.2147,14475,0.001024,,,,0.08448,0,0.066304,0.003328,,,,,1.3575679999999999
2324,83.981840504535143,19037571821855,4.8831985332071781,5.0068,4.401664,1.7268,14475,0.001024,,,,0.086784,0,0.06784,0.003072,,,,,1.113856
2325,83.986604804421759,19037571871923,4.7642998397350311,4.0221,4.8576,1.9839,14475,0.001024,,,,0.085504,0.000256,0.066816,0.0076799999999999993,,,,,1.1112959999999998
2326,83.991207305839,19037571912144,4.6025016345083714,4.9038,4.622848,2.1715,14475,0.001024,,,,0.084735999999999992,0,0.066048,0.006656,,,,,1.114624
2327,83.996133503401353,19037571961182,4.9261976964771748,5.0936,4.68608,1.796,14475,0.001024,,,,0.08448,0,0.065792,0.007424,,,,,1.112064
2328,84.0010339994331,19037572012118,4.9004959873855114,4.4132,4.918016,1.9068,14822,0.001024,,,,0.08832,0,0.07039999999999999,0.007424,,,,,1.3859839999999999
2329,84.005856505102031,19037572056250,4.8225056380033493,4.2252,4.87808,2.2845,14475,0.001024,,,,0.084735999999999992,0,0.066304,0.007424,,,,,1.378304
2330,84.010274503968247,19037572098502,4.4179987162351608,5.5452,4.788992,1.7842,32046,0.001024,,,,0.081919999999999993,0,0.064,0.005888,,,,,1.374464
2331,84.015575403911555,19037572153954,5.3008999675512314,4.7557,4.397568,2.0398,28860,0.001024,,,,0.08524799999999999,0,0.067328,0.007424,,,,,1.112576
2332,84.020134800170069,19037572201511,4.5593963004648685,4.7221,5.28128,2.0013,14475,0.001024,,,,0.08524799999999999,0,0.066304,0.0076799999999999993,,,,,1.466624
2333,84.024703004535141,19037572248732,4.5682042837142944,4.2719,4.541184,1.6836,14475,0.001024,,,,0.084735999999999992,0,0.066304,0.003072,,,,,1.11104
2334,84.029576105442175,19037572291451,4.8731011338531971,5.5964,4.54144,1.854,14475,0.0012799999999999999,,,,0.08576,0.000256,0.067071999999999993,0.0076799999999999993,,,,,1.114112
2335,84.034744501133787,19037572347415,5.1683955825865269,4.0395,4.857344,2.1091,14475,0.001024,,,,0.086784,0,0.068096,0.007424,,,,,1.290752
2336,84.039326700680263,19037572387810,4.5821997337043285,5.4938,5.14304,2.3281,14475,0.001024,,,,0.084992,0,0.066816,0.0076799999999999993,,,,,1.386496
2337,84.044030605158724,19037572442748,4.703904502093792,3.948,4.5568,1.6796,14475,0.001024,,,,0.087039999999999992,0,0.068608,0.0076799999999999993,,,,,1.378048
2338,84.048765901360539,19037572482228,4.7352961264550686,5.3282,4.688384,2.0949,14475,0.001024,,,,0.08524799999999999,0,0.067071999999999993,0.010239999999999999,,,,,1.1130879999999999
2339,84.054151303854866,19037572535510,5.3854025900363922,5.0494,4.707584,2.0947,32046,0.0012799999999999999,,,,0.08448,0,0.066304,0.003328,,,,,1.112064
2340,84.058575701530614,19037572586004,4.4243978336453438,4.2866,5.014272,1.852,28877,0.001024,,,,0.086784,0,0.068096,0.0076799999999999993,,,,,1.309184
2341,84.063939703798184,19037572628870,5.36400219425559,4.473,4.45824,2.023,14475,0.001024,,,,0.083968,0.000256,0.065279999999999991,0.0076799999999999993,,,,,1.1112959999999998
2342,84.06865680272108,19037572673600,4.7170990146696568,6.0246,5.348608,1.9379,14475,0.001024,,,,0.09088,0,0.070912,0.007424,,,,,1.4745599999999999
2343,84.073390001417224,19037572733846,4.7331987880170345,4.0625,4.698624,1.982,14475,0.001024,,,,0.31846399999999997,0,0.299776,0.003328,,,,,1.112576
2344,84.078308304988653,19037572774471,4.9183033406734467,5.1111,4.71552,2.217,14595,0.001024,,,,0.08576,0,0.068096,0.0076799999999999993,,,,,1.1148799999999999
2345,84.0830623015873,19037572825582,4.75399661809206,5.3872,4.902912,1.7843,14475,0.001024,,,,0.08524799999999999,0,0.066304,0.007424,,,,,1.3908479999999999
2346,84.087727806122444,19037572879454,4.6655046753585339,4.1481,4.730112,1.8174,14475,0.001024,,,,0.086016,0,0.067328,0.0076799999999999993,,,,,1.1115519999999999
2347,84.092214200680274,19037572920935,4.4863945804536343,4.9317,4.633088,1.9933,14475,0.0012799999999999999,,,,0.088576,0,0.070144,0.007424,,,,,1.1136
2348,84.096973200113382,19037572970252,4.7589992173016071,4.7236,4.467456,1.7505,14475,0.001024,,,,0.085504,0,0.067071999999999993,0.0076799999999999993,,,,,1.111808
2349,84.101386500850339,19037573017488,4.413300659507513,4.5206,4.678656,2.4174,14677,0.001024,,,,0.08576,0,0.06784,0.0076799999999999993,,,,,1.1079679999999998
2350,84.1065053004535,19037573062694,5.1187993958592415,4.8643,4.443904,2.1173,14475,0.001024,,,,0.087296,0.000256,0.06912,0.0076799999999999993,,,,,1.273344
2351,84.111479102891153,19037573111337,4.9738022498786449,4.4246,5.100288,1.7701,14475,0.001024,,,,0.08524799999999999,0,0.067071999999999993,0.011264,,,,,1.394944
2352,84.116304301303856,19037573155583,4.82519855722785,4.5242,4.958208,2.5134,14475,0.001024,,,,0.089088,0,0.070144,0.007936,,,,,1.3872639999999998
2353,84.120823100907032,19037573200825,4.5187994837760925,5.6624,4.795904,1.631,14475,0.001024,,,,0.084992,0,0.066816,0.007424,,,,,1.109504
2354,84.12521609977324,19037573257449,4.39299875870347,4.4118,4.509952,1.9243,14475,0.001024,,,,0.083712,0.000256,0.065279999999999991,0.010496,,,,,1.11104
2355,84.12995089994331,19037573301567,4.7348001971840858,5.1929,4.370944,1.7801,14475,0.001024,,,,0.087039999999999992,0,0.068864,0.0084479999999999989,,,,,1.11616
2356,84.134567701247164,19037573353496,4.6168011613190174,4.0282,4.705792,2.008,14475,0.001024,,,,0.082431999999999991,0.000256,0.064,0.007424,,,,,1.1136
2357,84.139439002267565,19037573393778,4.8713008873164654,4.57,4.562432,1.7596,14475,0.001024,,,,0.08832,0,0.069376,0.0076799999999999993,,,,,1.289728
2358,84.144219805839,19037573439478,4.7808033414185047,4.7212,4.8832,2.1021,14475,0.001024,,,,0.083712,0,0.065279999999999991,0.007424,,,,,1.386752
2359,84.148834700963718,19037573486690,4.6148952096700668,4.6705,4.759552,2.027,14475,0.001024,,,,0.087808,0,0.069376,0.010239999999999999,,,,,1.359616
2360,84.153551906179132,19037573533395,4.7172051854431629,4.9542,4.589824,2.0194,14475,0.001024,,,,0.087808,0,0.06912,0.003328,,,,,1.111808
2361,84.158327303004526,19037573582937,4.7753970138728619,4.7522,4.696576,2.2758,14527,0.001024,,,,0.086016,0,0.067583999999999991,0.0076799999999999993,,,,,1.11104
2362,84.163138102324254,19037573630459,4.81079937890172,4.5922,4.757248,2.2197,32046,0.001024,,,,0.0832,0,0.064767999999999992,0.007424,,,,,1.111808
2363,84.16817370323129,19037573676381,5.03560109063983,4.9284,4.788224,1.9537,28860,0.001024,,,,0.086272,0,0.068352,0.012032,,,,,1.1115519999999999
2364,84.172686805555557,19037573725665,4.5131021179258823,4.8981,5.012736,1.7038,14475,0.001024,,,,0.085504,0,0.067071999999999993,0.0076799999999999993,,,,,1.27744
2365,84.177622399376418,19037573774646,4.93559380993247,4.6807,4.484864,2.2382,32046,0.001024,,,,0.082431999999999991,0,0.063744,0.007424,,,,,1.38368
2366,84.1821744047619,19037573821453,4.55200532451272,5.2351,4.790016,1.7978,28860,0.001024,,,,0.080384,0,0.061952,0.00896,,,,,1.3675519999999999
2367,84.186714604591828,19037573873804,4.5401998795568943,4.123,4.53376,2.0276,14475,0.0012799999999999999,,,,0.086272,0,0.068096,0.007424,,,,,1.110784
2368,84.191778202947845,19037573915034,5.06359850987792,4.808,4.512768,2.0022,17024,0.001024,,,,0.087296,0,0.068608,0.0076799999999999993,,,,,1.115136
2369,84.196711500850341,19037573963114,4.9332980997860432,4.6683,5.034496,1.8306,14475,0.001024,,,,0.34227199999999997,0,0.068096,0.009216,,,,,1.3071359999999999
2370,84.201576403061225,19037574009797,4.86490223556757,4.6068,4.897792,1.8394,14677,0.001024,,,,0.086528,0.000256,0.068352,0.0076799999999999993,,,,,1.1148799999999999
2371,84.206373200113376,19037574055865,4.7967969439923763,5.55,4.76544,1.8232,32046,0.001024,,,,0.08448,0.000256,0.065792,0.007168,,,,,1.380352
2372,84.213281200396821,19037574111365,6.9080004468560219,4.2443,,1.9313,28860,0.001024,,,,0.08448,0.000256,0.065792,0.007168,,,,,1.380352
2373,84.217801502267577,19037574153808,4.5203017070889473,5.0951,4.660224,1.9255,14475,0.001024,,,,0.085504,0.000256,0.067071999999999993,0.007424,,,,,1.113856
2374,84.22291969954648,19037574204759,5.1181972958147526,7.856,4.67712,2.148,32046,0.001024,,,,0.085504,0.000256,0.06656,0.003072,,,,,1.1136
2375,84.227144401927433,19037574283319,4.224702250212431,4.7805,4.5184,2.069,28980,0.001024,,,,0.08294399999999999,0,0.066304,0.007936,,,,,1.1148799999999999
2376,84.231681200396821,19037574331124,4.5367986895143986,3.4209,4.205568,2.1213,14475,0.0012799999999999999,,,,0.086016,0,0.067328,0.010239999999999999,,,,,1.1148799999999999
2377,84.23691570294784,19037574365333,5.2345027215778828,5.4574,4.511488,2.1029,14475,0.001024,,,,0.083968,0,0.065792,0.011264,,,,,1.1133439999999999
2378,84.241831299603177,19037574419907,4.9155964516103268,4.2888,5.198848,1.9056,14475,0.001024,,,,0.086272,0,0.064256,0.24703999999999998,,,,,1.138688
2379,84.246459403344673,19037574462795,4.6281036920845509,3.9706,4.896768,2.0409,14475,0.001024,,,,0.08524799999999999,0,0.067071999999999993,0.0076799999999999993,,,,,1.110528
2380,84.251411401643992,19037574502501,4.9519981257617474,5.8667,4.601088,1.7418,14475,0.001024,,,,0.089855999999999991,0.000256,0.07039999999999999,0.007936,,,,,1.111808
2381,84.2561623015873,19037574561168,4.7508999705314636,4.8168,4.93312,1.9414,14475,0.0012799999999999999,,,,0.088576,0,0.070144,0.007424,,,,,1.2802559999999998
2382,84.260653401360543,19037574609336,4.4910996221005917,4.5517,4.725248,2.2554,14475,0.001024,,,,0.08832,0,0.069376,0.007424,,,,,1.3696
2383,84.265413003117914,19037574654853,4.7596017830073833,5.5153,4.235776,2.3187,14475,0.0012799999999999999,,,,0.084224,0,0.065792,0.0076799999999999993,,,,,1.1064319999999999
2384,84.270480605158724,19037574710006,5.0676022656261921,4.0727,4.507136,1.8339,14475,0.001024,,,,0.0832,0.000256,0.065279999999999991,0.0076799999999999993,,,,,1.114112
2385,84.275063803854877,19037574750733,4.5831985771656036,4.52,5.044736,1.8113,14475,0.001024,,,,0.083456,0,0.064256,0.0076799999999999993,,,,,1.1315199999999999
2386,84.279916801303855,19037574795933,4.8529976047575474,4.3477,4.563712,1.7658,14475,0.0012799999999999999,,,,0.086016,0,0.067328,0.0063999999999999994,,,,,1.1133439999999999
2387,84.284543601190478,19037574839410,4.6267998404800892,5.4569,4.827136,1.9944,14475,0.001024,,,,0.09088,0,0.067328,0.003072,,,,,1.115392
2388,84.289543402777781,19037574893979,4.9998015165328979,4.1578,4.606464,1.7713,14475,0.0012799999999999999,,,,0.086272,0.000256,0.068096,0.007168,,,,,1.11104
2389,84.29443890306122,19037574935557,4.895500373095274,4.9862,4.815104,1.7608,14475,0.001024,,,,0.08576,0,0.067328,0.007424,,,,,1.371648
2390,84.298950304705215,19037574985419,4.5114015229046345,4.7229,4.892416,1.9731,14475,0.001024,,,,0.086528,0.000256,0.068096,0.0076799999999999993,,,,,1.575424
2391,84.303664505385484,19037575032648,4.7142007388174534,4.9344,4.49024,1.8656,14677,0.001024,,,,0.083456,0.000256,0.064767999999999992,0.011776,,,,,1.1130879999999999
2392,84.308410303287985,19037575081992,4.7457977198064327,4.9127,4.691456,1.8116,14475,0.001024,,,,0.08832,0,0.06912,0.004352,,,,,1.108736
2393,84.313329705215409,19037575131119,4.9194018356502056,4.7882999999999996,4.72832,2.0252,14475,0.001024,,,,0.08524799999999999,0,0.06656,0.007424,,,,,1.1148799999999999
2394,84.318165603741491,19037575179002,4.8358985222876072,4.4345,4.900864,1.7949,14475,0.001024,,,,0.315648,0,0.068096,0.0051199999999999996,,,,,1.284864
2395,84.322855102040819,19037575223347,4.6894983388483524,4.7513,4.811264,1.9503,14475,0.001024,,,,0.086016,0,0.067328,0.007424,,,,,1.371392
2396,84.327687003968251,19037575270860,4.8319017514586449,5.1788,4.672768,1.857,14475,0.001024,,,,0.08448,0.000256,0.065792,0.007424,,,,,1.371136
2397,84.332202104591829,19037575322648,4.5151007361710072,4.6997,4.809728,2.1352,14475,0.001024,,,,0.086016,0,0.067583999999999991,0.0076799999999999993,,,,,1.3859839999999999
2398,84.3373733064059,19037575369645,5.1712016575038433,4.4791,4.484352,2.0121,14475,0.001024,,,,0.087808,0,0.069376,0.003072,,,,,1.112064
2399,84.342297803287977,19037575414436,4.9244971014559269,4.892,5.155584,1.9938,14475,0.001024,,,,0.087808,0,0.069376,0.007424,,,,,1.325056
2400,84.346764101473923,19037575463356,4.4662980362772942,4.777,4.900352,2.1989,14475,0.001024,,,,0.087039999999999992,0.000256,0.068096,0.0076799999999999993,,,,,1.1112959999999998
2401,84.351557100340131,19037575511126,4.7929990105330944,5.2285,4.444928,1.8175,14475,0.001024,,,,0.091648,0,0.072448,0.0076799999999999993,,,,,1.107456
2402,84.356242800453515,19037575563411,4.6856999397277832,4.6666,4.777984,2.1286,14475,0.001024,,,,0.087808,0,0.068864,0.007168,,,,,1.2869119999999998
2403,84.361049503968246,19037575610077,4.8067034222185612,4.7944,4.65792,1.8421,14527,0.001024,,,,0.08524799999999999,0,0.06656,0.003584,,,,,1.463808
2404,84.3658748015873,19037575658021,4.8252977430820465,4.4828,4.779008,2.5847,14475,0.001024,,,,0.086016,0,0.067328,0.007936,,,,,1.3806079999999998
2405,84.370893501984128,19037575702849,5.0187003798782825,4.5641,4.797696,2.0902,14475,0.001024,,,,0.08448,0,0.066304,0.003584,,,,,1.1133439999999999
2406,84.375387804705213,19037575748490,4.4943029060959816,5.4123,4.747264,1.8204,14475,0.0012799999999999999,,,,0.244224,0,0.068864,0.006912,,,,,1.112832
2407,84.38014180130385,19037575802613,4.75399661809206,4.4331,4.46976,1.9468,14595,0.001024,,,,0.08524799999999999,0.000256,0.06656,0.007424,,,,,1.317632
2408,84.385072604875276,19037575846944,4.9308035522699356,4.9885,4.73216,1.914,14475,0.001024,,,,0.086272,0,0.06784,0.007424,,,,,1.1164159999999999
2409,84.390043303571431,19037575896829,4.9706986173987389,4.4738,4.900096,1.6951,14475,0.001024,,,,0.087039999999999992,0,0.06784,0.007424,,,,,1.28128
2410,84.394877600623573,19037575941567,4.8342971131205559,5.0207,4.955648,2.2755,14475,0.001024,,,,0.084735999999999992,0,0.065792,0.010752,,,,,1.355008
2411,84.399397101757373,19037575991774,4.5195012353360653,4.4107,4.80256,1.9925,14475,0.001024,,,,0.08832,0,0.069632,0.007424,,,,,1.3775359999999999
2412,84.404227203798186,19037576035881,4.8301019705832005,5.0676,4.497152,1.7888,21119,0.001024,,,,0.086528,0,0.068096,0.007424,,,,,1.114624
2413,84.408894401927441,19037576086557,4.6671982854604721,4.7741,4.802816,1.7523,14475,0.001024,,,,0.087808,0,0.069632,0.005632,,,,,1.11104
2414,84.413544905045342,19037576134298,4.6505029313266277,4.47,4.650752,1.9723,14475,0.001024,,,,0.083456,0,0.065279999999999991,0.003328,,,,,1.1115519999999999
2415,84.418651906179136,19037576178998,5.1070009358227253,4.8423,4.633856,1.9907,14475,0.001024,,,,0.08806399999999999,0,0.069632,0.007424,,,,,1.10848
2416,84.423270804988661,19037576227421,4.6188989654183388,5.1771,5.079808,1.8206,14475,0.001024,,,,0.083968,0,0.065536,0.0076799999999999993,,,,,1.74976
2417,84.428220103458045,19037576279192,4.9492986872792244,4.2927,4.603904,1.9623,14475,0.001024,,,,0.084224,0.000256,0.065792,0.0076799999999999993,,,,,1.1112959999999998
2418,84.4331814058957,19037576322119,4.9613025039434433,5.3345,4.863744,1.8501,14475,0.001024,,,,0.087296,0,0.068608,0.0076799999999999993,,,,,1.37856
2419,84.437706200396818,19037576375464,4.5247944071888924,4.5023,4.997632,1.9441,14475,0.001024,,,,0.084992,0,0.06656,0.0076799999999999993,,,,,1.383424
2420,84.442401799886625,19037576420487,4.6955994330346584,4.9795,4.512512,1.8853,14475,0.001024,,,,0.084992,0,0.06656,0.011007999999999999,,,,,1.1112959999999998
2421,84.447223001700678,19037576470282,4.8212017863988876,4.765,4.67712,1.8135,14475,0.001024,,,,0.085504,0.000256,0.067071999999999993,0.007424,,,,,1.111808
2422,84.452155002834459,19037576517932,4.9320012331008911,4.6395,4.805632,1.757,14475,0.001024,,,,0.08576,0,0.067328,0.007424,,,,,1.28256
2423,84.45692320011338,19037576564327,4.7681974247097969,4.6157,4.887296,2.0065,14475,0.001024,,,,0.086784,0,0.068608,0.0076799999999999993,,,,,1.111808
2424,84.46174410430838,19037576610484,4.820904228836298,4.729,4.756736,2.1867,14475,0.001024,,,,0.086528,0,0.067583999999999991,0.007424,,,,,1.284096
2425,84.4665542020975,19037576657774,4.8100976273417473,5.0118,4.80384,1.9064,14475,0.001024,,,,0.0832,0.000256,0.064512,0.0038399999999999997,,,,,1.3742079999999999
2426,84.471250403911554,19037576707892,4.6962019987404346,4.8926,4.781568,1.849,14475,0.001024,,,,0.086528,0,0.068352,0.007424,,,,,1.3621759999999998
2427,84.475727501417225,19037576756818,4.4770976528525352,4.8775,4.67456,1.92,14475,0.001024,,,,0.08806399999999999,0,0.069632,0.007424,,,,,1.111808
2428,84.480438102324257,19037576805593,4.7106007114052773,4.4734,4.468736,2.2645,14475,0.0012799999999999999,,,,0.087808,0,0.069376,0.0076799999999999993,,,,,1.1130879999999999
2429,84.485233205782308,19037576850327,4.7951033338904381,5.0309,4.674304,1.9956,14475,0.001024,,,,0.08576,0,0.066816,0.007424,,,,,1.1148799999999999
2430,84.489669104308391,19037576900636,4.43589873611927,4.3085,4.7744,1.9117,14475,0.001024,,,,0.086784,0,0.068096,0.007424,,,,,1.376256
2431,84.494493005952378,19037576943721,4.8239016905426979,4.7357,4.413696,1.8655,14475,0.001024,,,,0.08832,0.000256,0.069887999999999992,0.003072,,,,,1.3639679999999998
2432,84.499214299886617,19037576991078,4.7212941572070122,5.1366,4.557056,1.7354,14475,0.001024,,,,0.086016,0.000256,0.067328,0.003584,,,,,1.1115519999999999
2433,84.504177501417232,19037577042444,4.9632014706730843,4.3205,4.68864,2.2288,14677,0.001024,,,,0.08576,0,0.067328,0.011776,,,,,1.1148799999999999
2434,84.508895103458045,19037577085649,4.7176019288599491,4.6817,4.700928,1.7405,14475,0.001024,,,,0.084992,0,0.066304,0.004608,,,,,1.112064
2435,84.513642304421765,19037577132466,4.7472007572650909,4.8678,4.677376,1.961,14475,0.0012799999999999999,,,,0.08806399999999999,0.000256,0.069632,0.007424,,,,,1.116928
2436,84.518443105158724,19037577181144,4.8008006997406483,5.2096,4.7411199999999996,1.8871,14475,0.001024,,,,0.08806399999999999,0.000256,0.070144,0.007424,,,,,1.112576
2437,84.522942602040814,19037577233240,4.4994968920946121,4.8737,4.769792,1.7986,14475,0.001024,,,,0.08576,0,0.067071999999999993,0.007168,,,,,1.378304
2438,84.527718303571419,19037577281977,4.7757015563547611,4.2558,4.478208,2.35,14475,0.001024,,,,0.086016,0,0.06784,0.0063999999999999994,,,,,1.370112
2439,84.5325132015306,19037577324535,4.7948979772627354,5.0205,4.74496,2.1572,14595,0.001024,,,,0.082688,0,0.064256,0.003584,,,,,1.3071359999999999
2440,84.537668501984129,19037577374740,5.1553002558648586,4.3688,4.777472,1.8764,14475,0.001024,,,,0.270848,0.000256,0.252672,0.007424,,,,,1.112832
2441,84.542227402210884,19037577418428,4.5589003711938858,4.5314,5.14176,1.9093,14475,0.001024,,,,0.08576,0,0.067583999999999991,0.0048639999999999994,,,,,1.1133439999999999
2442,84.547000403911568,19037577463742,4.7730016522109509,5.5475,4.530176,1.9477,14475,0.001024,,,,0.08576,0,0.067583999999999991,0.0048639999999999994,,,,,1.1133439999999999
2443,84.5518579010771,19037577519217,4.8574972897768021,4.2928,4.674304,1.8035,14475,0.001024,,,,0.08806399999999999,0.000256,0.069632,0.007424,,,,,1.114112
2444,84.556715405328788,19037577562145,4.8575042746961117,4.9868,4.90496,2.0198,14475,0.001024,,,,0.087551999999999991,0,0.069376,0.007424,,,,,1.372672
2445,84.561576906179141,19037577612013,4.861501045525074,4.6481,4.841984,2.0739,14527,0.001024,,,,0.087039999999999992,0,0.068608,0.007424,,,,,1.382912
2446,84.566005399659858,19037577658494,4.4284933246672153,4.5713,4.843264,1.911,14475,0.001024,,,,0.085504,0.000256,0.066816,0.007424,,,,,1.392128
2447,84.571098100907022,19037577704207,5.0927014090120792,5.2498,4.40832,2.4464,14475,0.0012799999999999999,,,,0.08576,0,0.067328,0.003072,,,,,1.115648
2448,84.575461500850338,19037577756705,4.3633999302983284,4.856,5.024256,2.3786,14475,0.001024,,,,0.086272,0,0.068096,0.007936,,,,,1.27616
2449,84.58008470096371,19037577805265,4.6232002787292,4.1652,4.356608,2.0901,14475,0.001024,,,,0.086784,0.000256,0.067328,0.007168,,,,,1.107712
2450,84.584900205498869,19037577846917,4.8155044205486774,5.3586,4.595712,1.679,14475,0.001024,,,,0.0896,0,0.070144,0.0076799999999999993,,,,,1.115136
2451,84.589827905328789,19037577900503,4.9276999197900295,3.9491,4.791552,1.7612,14475,0.001024,,,,0.086528,0,0.068096,0.007168,,,,,1.114368
2452,84.594637804705215,19037577939994,4.8098992556333542,5.1482,4.912384,2.0772,14475,0.001024,,,,0.08524799999999999,0,0.066304,0.007424,,,,,1.6017919999999999
2453,84.59935210459183,19037577991476,4.71429992467165,4.692,4.784896,2.1193,14475,0.0012799999999999999,,,,0.087551999999999991,0,0.06912,0.003328,,,,,1.385472
2454,84.604144104308389,19037578038396,4.791999701410532,4.6644,4.687616,2.1832,14677,0.001024,,,,0.08576,0.000256,0.067583999999999991,0.0076799999999999993,,,,,1.2864
2455,84.608873703231282,19037578085040,4.7295987606048584,4.7237,4.779264,1.9431,14475,0.001024,,,,0.082431999999999991,0,0.064,0.007424,,,,,1.111808
2456,84.6137788052721,19037578132277,4.9051018431782722,4.879,4.710144,1.8184,14475,0.001024,,,,0.087296,0,0.068864,0.0076799999999999993,,,,,1.1148799999999999
2457,84.618584700963709,19037578181067,4.8058954998850822,4.9107,4.855808,1.9255,14475,0.001024,,,,0.08832,0,0.069887999999999992,0.007424,,,,,1.283328
2458,84.623158503401356,19037578230174,4.5738024637103081,4.6877,4.817408,1.8896,14475,0.001024,,,,0.08448,0,0.065792,0.003328,,,,,1.3657599999999999
2459,84.627963102324259,19037578277051,4.8045990988612175,4.6719,4.555776,2.0353,14475,0.001024,,,,0.087296,0.000256,0.068864,0.007424,,,,,1.110784
2460,84.632677905328791,19037578323770,4.7148028388619423,4.8148,4.785152,1.8406,14475,0.001024,,,,0.085504,0,0.067328,0.006656,,,,,1.37856
2461,84.637522803287979,19037578371918,4.8448978923261166,4.5878,4.68992,1.9859,14475,0.001024,,,,0.087039999999999992,0.000256,0.06912,0.007424,,,,,1.281792
2462,84.642239101473919,19037578417796,4.7162980772554874,4.7265,4.820736,2.1636,14475,0.0012799999999999999,,,,0.232448,0.000256,0.066304,0.004608,,,,,1.11616
2463,84.647136805555547,19037578465061,4.8977038823068142,4.7564,4.69632,2.5943,14475,0.001024,,,,0.086272,0,0.067583999999999991,0.0076799999999999993,,,,,1.1133439999999999
2464,84.652297902494325,19037578512625,5.1610968075692654,4.8756,4.808704,1.9287,20276,0.001024,,,,0.087039999999999992,0,0.068096,0.0076799999999999993,,,,,1.1115519999999999
2465,84.657233801020411,19037578561381,4.93589835241437,5.0032,5.213952,1.9458,20404,0.001024,,,,0.087808,0.000256,0.069632,0.003328,,,,,1.3839359999999998
2466,84.662320103458043,19037578611413,5.0863022916018963,4.7215,4.915968,2.0372,14475,0.001024,,,,0.087808,0.000256,0.069632,0.003328,,,,,1.3839359999999998
2467,84.667322704081627,19037578658628,5.0026006065309048,5.8821,5.062144,2.0391,14475,0.001024,,,,0.08524799999999999,0,0.067071999999999993,0.003072,,,,,1.705984
2468,84.671896003401358,19037578717449,4.5732995495200157,5.2344,4.987904,2.4642,14475,0.001024,,,,0.083968,0,0.065792,0.007424,,,,,1.38496
2469,84.676346003401363,19037578769793,4.4499998912215233,4.6199,4.55424,2.013,14475,0.001024,,,,0.086272,0,0.068096,0.010752,,,,,1.370368
2470,84.681287606292514,19037578815992,4.9416027031838894,4.6492,4.418304,1.6702,14475,0.001024,,,,0.086784,0,0.068352,0.0076799999999999993,,,,,1.11232
2471,84.686166404478456,19037578862484,4.87879803404212,4.4709,4.923648,2.1823,14595,0.001024,,,,0.086016,0,0.067328,0.0076799999999999993,,,,,1.311232
2472,84.690902699829934,19037578907193,4.736295435577631,4.723,4.864768,1.7157,14475,0.001024,,,,0.086016,0,0.06784,0.0076799999999999993,,,,,1.115136
2473,84.695768700396826,19037578954423,4.8660007305443287,4.5733,4.704256,1.9463,14475,0.001024,,,,0.08524799999999999,0,0.06656,0.003328,,,,,1.268224
2474,84.7005589994331,19037579000156,4.7902991063892841,5.2086,4.851968,1.965,14475,0.0012799999999999999,,,,0.084735999999999992,0,0.066304,0.007424,,,,,1.283328
2475,84.705367502834463,19037579052242,4.8085032030940056,4.3167,4.774656,1.9423,14822,0.001024,,,,0.087551999999999991,0,0.068608,0.003584,,,,,1.36832
2476,84.71011440617913,19037579095409,4.7469031997025013,4.8652,4.556288,2.3924,14475,0.001024,,,,0.086784,0.000256,0.068608,0.009472,,,,,1.1136
2477,84.714777203798178,19037579144061,4.662797786295414,4.686,4.726528,1.8033,14475,0.001024,,,,0.087296,0,0.068864,0.010496,,,,,1.1133439999999999
2478,84.719482199546476,19037579190921,4.704995546489954,5.3272,4.644096,2.0706,14475,0.001024,,,,0.087039999999999992,0,0.068608,0.0076799999999999993,,,,,1.112576
2479,84.7239996031746,19037579244193,4.5174034312367439,4.7016,4.685568,1.8066,14475,0.001024,,,,0.086016,0,0.06784,0.0076799999999999993,,,,,1.2953599999999998
2480,84.72918560090703,19037579291209,5.1859975792467594,4.312,4.4928,1.8522,14475,0.001024,,,,0.31744,0,0.299264,0.007424,,,,,1.114112
2481,84.733971003401351,19037579334329,4.7854026779532433,4.8495,5.164288,1.7495,14475,0.001024,,,,0.24473599999999998,0.000256,0.065024,0.0097279999999999988,,,,,1.4026239999999999
2482,84.738801403061217,19037579382824,4.83039952814579,4.2952,4.774144,1.8277,14475,0.001024,,,,0.082176,0,0.064,0.007424,,,,,1.372672
2483,84.743289505385491,19037579425776,4.4881021603941917,5.1734,4.556288,2.2721,14475,0.001024,,,,0.08806399999999999,0,0.07039999999999999,0.007936,,,,,1.115648
2484,84.748101403061227,19037579477510,4.811897873878479,5.4602,4.465152,1.965,14475,0.001024,,,,0.083456,0,0.065024,0.0076799999999999993,,,,,1.1182079999999999
2485,84.75309970238095,19037579532112,4.9982992932200432,4.3977,4.808448,2.0161,14475,0.001024,,,,0.087808,0.000256,0.06912,0.007424,,,,,1.112832
2486,84.757817205215417,19037579576089,4.7175027430057526,4.8079,4.977408,2.0757,14475,0.001024,,,,0.084992,0.000256,0.066816,0.0076799999999999993,,,,,1.1112959999999998
2487,84.762907001133783,19037579624168,5.0897961482405663,4.3252,4.697344,1.7397,14527,0.001024,,,,0.087296,0,0.068864,0.010752,,,,,1.112064
2488,84.7677869047619,19037579667420,4.8799035139381886,5.0755,5.063936,1.7517,14475,0.001024,,,,0.08448,0.000256,0.066048,0.011007999999999999,,,,,1.457408
2489,84.7724133999433,19037579718175,4.62649529799819,4.9223,4.850944,1.9855,14475,0.001024,,,,0.082688,0.000256,0.064,0.003072,,,,,1.3823999999999999
2490,84.776947505668929,19037579767398,4.5341057702898979,4.7548,4.613632,2.279,14475,0.001024,,,,0.086528,0.000256,0.068608,0.0076799999999999993,,,,,1.4090239999999998
2491,84.781497604875284,19037579814946,4.5500993728637695,5.6579,4.512512,2.3529,14475,0.001024,,,,0.082431999999999991,0.000256,0.063744,0.0048639999999999994,,,,,1.111808
2492,84.786577203798188,19037579871525,5.0795990973711014,4.3388,4.499712,2.1068,14475,0.001024,,,,0.084735999999999992,0,0.065279999999999991,0.003584,,,,,1.112064
2493,84.791275,19037579914913,4.6977964229881763,4.3022,5.060096,1.9078,14475,0.001024,,,,0.087808,0.000256,0.06912,0.0076799999999999993,,,,,1.1136
2494,84.795745904195,19037579957935,4.4709043577313423,4.6629,4.670208,1.6507,14475,0.001024,,,,0.08806399999999999,0,0.06912,0.00896,,,,,1.110016
2495,84.8005154053288,19037580004564,4.7695012763142586,4.7009,4.451328,1.775,14475,0.001024,,,,0.08576,0,0.067328,0.007424,,,,,1.112064
2496,84.805047101757367,19037580051573,4.5316964387893677,5.1965,4.73856,2.7157,14677,0.001024,,,,0.083712,0,0.065536,0.003328,,,,,1.367808
2497,84.8095955994898,19037580103538,4.5484979636967182,4.5987,4.525312,2.5065,14475,0.001024,,,,0.083712,0,0.065536,0.003328,,,,,1.111808
2498,84.814333099489787,19037580149525,4.7375001013278961,4.8195,4.140544,1.8488,14475,0.001024,,,,0.083968,0,0.065279999999999991,0.0076799999999999993,,,,,1.10848
2499,84.8190803004535,19037580197720,4.7472007572650909,3.9792,4.730624,2.1339,14475,0.001024,,,,0.086272,0.000256,0.06784,0.0076799999999999993,,,,,1.1097599999999999
2500,84.823595202664393,19037580237512,4.5149023644626141,4.7839,4.73088,2.0137,14475,0.001024,,,,0.086784,0.000256,0.06784,0.0076799999999999993,,,,,1.115904
2501,84.828542205215413,19037580285351,4.94700251147151,4.9325,4.49664,1.8844,14475,0.0012799999999999999,,,,0.08294399999999999,0,0.064256,0.003328,,,,,1.1130879999999999
2502,84.833503599773238,19037580334676,4.96139470487833,4.2935,4.914432,1.7611,14475,0.001024,,,,0.086272,0.000256,0.067328,0.0076799999999999993,,,,,1.378048
2503,84.838201700680273,19037580377611,4.6981009654700756,4.9421,4.952064,2.1644,14595,0.001024,,,,0.086784,0,0.068352,0.009984,,,,,1.1112959999999998
2504,84.843123001700675,19037580427032,4.9213008023798466,4.9902,4.68096,1.6975,14475,0.001024,,,,0.087039999999999992,0,0.068096,0.007424,,,,,1.114112
2505,84.847812705498868,19037580476934,4.6897036954760551,4.578,4.889856,1.7213,14475,0.001024,,,,0.086272,0.000256,0.068352,0.009472,,,,,1.116928
2506,84.852732305839,19037580522714,4.9196002073585987,4.6254,4.676608,2.0832,14475,0.001024,,,,0.086784,0,0.068096,0.007424,,,,,1.112576
2507,84.85742090419501,19037580568968,4.6885982155799866,5.3814,4.854016,1.8324,14475,0.001024,,,,0.08806399999999999,0.000256,0.069376,0.007424,,,,,1.2735999999999998
2508,84.862005300453518,19037580622782,4.5843962579965591,5.2034,4.709632,1.9374,14475,0.001024,,,,0.086272,0,0.068096,0.004352,,,,,1.277696
2509,84.86703560090703,19037580674816,5.0303004682064056,3.8788,4.552192,1.9041,14475,0.001024,,,,0.087296,0,0.06912,0.007936,,,,,1.3806079999999998
2510,84.871628599773246,19037580713604,4.5929988846182823,4.8078,5.001728,1.681,14475,0.001024,,,,0.082688,0.000256,0.064256,0.0076799999999999993,,,,,1.381888
2511,84.875847704081636,19037580761682,4.2191045358777046,4.4118,4.571136,1.7349,14475,0.001024,,,,0.086272,0.000256,0.06784,0.007424,,,,,1.110784
2512,84.880496499433107,19037580805800,4.64879535138607,5.1035,4.209152,2.148,14475,0.001024,,,,0.086784,0,0.068096,0.003072,,,,,1.110016
2513,84.88554800170067,19037580856835,5.0515024922788143,4.6755,4.641536,2.0175,14475,0.001024,,,,0.084224,0,0.065536,0.006912,,,,,1.11744
2514,84.890488102324255,19037580903590,4.9401004798710346,5.109,4.803072,2.0992,14475,0.001024,,,,0.086528,0.000256,0.067583999999999991,0.009472,,,,,1.3642239999999999
2515,84.895324503968254,19037580954680,4.8364014364778996,3.7428,4.924672,2.0387,14475,0.001024,,,,0.086528,0.000256,0.067583999999999991,0.009472,,,,,1.3642239999999999
2516,84.900140001417228,19037580992108,4.8154974356293678,5.7285,4.805888,1.6665,14475,0.001024,,,,0.087551999999999991,0,0.06912,0.007424,,,,,1.4023679999999998
2517,84.904898802437643,19037581049393,4.758800845593214,4.306,4.8,2.0446,21119,0.001024,,,,0.087551999999999991,0,0.06912,0.007424,,,,,1.4023679999999998
2518,84.909951105442175,19037581092453,5.0523029640316963,5.481,4.728576,1.8175,14475,0.001024,,,,0.08448,0,0.066048,0.007424,,,,,1.114624
2519,84.91465230300453,19037581147263,4.7011976130306721,4.4998,5.0288639999999996,2.2182,14475,0.0012799999999999999,,,,0.087551999999999991,0,0.06912,0.006656,,,,,1.2735999999999998
2520,84.919399305555558,19037581192261,4.7470023855566978,5.2401,4.679936,1.7472,14475,0.001024,,,,0.08448,0,0.066304,0.007424,,,,,1.11104
2521,84.923925,19037581244662,4.5256945304572582,4.4277,4.69632,1.6825,14475,0.0012799999999999999,,,,0.084992,0.000256,0.066816,0.007936,,,,,1.110016
2522,84.928882801870742,19037581288939,4.9578016623854637,4.5567,4.538368,1.7844,14475,0.001024,,,,0.084735999999999992,0,0.065536,0.007424,,,,,1.1164159999999999
2523,84.933640702947841,19037581334506,4.7579011879861355,5.0261,4.918016,1.6899,14475,0.001024,,,,0.087296,0,0.06912,0.003328,,,,,1.374976
2524,84.938410303287981,19037581384767,4.7696004621684551,5.1764,4.7488,1.7906,14475,0.001024,,,,0.0832,0.000256,0.064767999999999992,0.0076799999999999993,,,,,1.366784
2525,84.943260104875279,19037581436531,4.8498017713427544,4.3598,4.518912,2.2483,14475,0.001024,,,,0.087551999999999991,0.000256,0.069376,0.007424,,,,,1.131008
2526,84.947773802437638,19037581480129,4.5136976987123489,4.5494,4.823808,1.7388,14475,0.001024,,,,0.08524799999999999,0.000256,0.066816,0.003072,,,,,1.115904
2527,84.952822200963709,19037581525623,5.0483983941376209,4.8541,4.494592,1.6442,14475,0.001024,,,,0.087039999999999992,0.000256,0.068608,0.0076799999999999993,,,,,1.11104
2528,84.957679804421758,19037581574164,4.8576034605503082,4.6687,5.023488,1.9723,14475,0.001024,,,,0.086272,0,0.06784,0.007424,,,,,1.36448
2529,84.962530505952373,19037581620851,4.8507014289498329,4.2641,4.830208,1.9582,14527,0.001024,,,,0.087039999999999992,0.000256,0.06784,0.003584,,,,,1.114624
2530,84.967090199829926,19037581663492,4.5596938580274582,5.2363,4.831488,2.1355,14475,0.001024,,,,0.086528,0,0.068352,0.008192,,,,,1.289216
2531,84.972096003401361,19037581715855,5.0058034248650074,5.1947,4.535808,1.8589,14475,0.001024,,,,0.083712,0.000256,0.065536,0.007168,,,,,1.363456
2532,84.976902203798176,19037581767802,4.8062005080282688,4.2673,4.969984,2.1998,14475,0.001024,,,,0.084992,0,0.066048,0.003328,,,,,1.4512639999999999
2533,84.981886104024937,19037581810475,4.9839001148939133,5.191,4.79488,2.2677,14475,0.001024,,,,0.084992,0,0.065792,0.0076799999999999993,,,,,1.29664
2534,84.986644401927435,19037581862385,4.7582979314029217,4.5915,4.964352,1.7569,14475,0.001024,,,,0.086016,0,0.067328,0.007424,,,,,1.11104
2535,84.991234700963716,19037581908300,4.590298980474472,4.6694,4.73728,2.2963,14595,0.001024,,,,0.084992,0,0.066048,0.006656,,,,,1.115904
2536,84.996029903628113,19037581954994,4.7952025197446346,5.1247,4.568064,2.1051,14475,0.001024,,,,0.087296,0,0.068864,0.0076799999999999993,,,,,1.279488
2537,85.000850503117917,19037582006241,4.8205996863543987,5.1721,4.784128,2.0985,14475,0.001024,,,,0.083712,0,0.065279999999999991,0.010239999999999999,,,,,1.367808
2538,85.005859601757365,19037582057962,5.009098444133997,4.8039,4.788736,2.3665,14677,0.001024,,,,0.083712,0,0.065024,0.003584,,,,,1.372928
2539,85.010657702664389,19037582106001,4.798100795596838,4.6166,4.976128,1.8712,14475,0.001024,,,,0.084992,0.000256,0.065792,0.0063999999999999994,,,,,1.3772799999999998
2540,85.015545804988662,19037582152167,4.8881024122238159,4.4269,4.784384,1.7863,14475,0.0012799999999999999,,,,0.086528,0.000256,0.068096,0.007424,,,,,1.112832
2541,85.020297902494335,19037582196436,4.7520976513624191,5.1847,4.875008,1.9287,14475,0.001024,,,,0.106752,0,0.088576,0.004352,,,,,1.112576
2542,85.024939803004528,19037582248283,4.6419003047049046,4.4113,4.7296,1.848,14475,0.001024,,,,0.087039999999999992,0,0.068608,0.0076799999999999993,,,,,1.311488
2543,85.029889505385484,19037582292396,4.94970241561532,5.5128,4.5888,1.934,14475,0.184832,,,,0.086016,0.000256,0.067328,0.007424,,,,,1.115136
2544,85.034639406179139,19037582347524,4.7499006614089012,4.4622,4.953856,1.7682,14475,0.001024,,,,0.33228799999999997,0,0.31385599999999997,0.0076799999999999993,,,,,1.294592
2545,85.0394836026077,19037582392146,4.8441966064274311,4.3537,4.733952,2.0242,14475,0.001024,,,,0.086528,0,0.067583999999999991,0.007424,,,,,1.2823039999999999
2546,85.043959906462575,19037582435683,4.4763037003576756,5.1847,4.826112,1.8443,14475,0.001024,,,,0.085504,0,0.067583999999999991,0.0076799999999999993,,,,,1.3708799999999999
2547,85.0490755031179,19037582487530,5.1155965775251389,4.976,4.448256,2.201,14475,0.001024,,,,0.087808,0.000256,0.068864,0.007168,,,,,1.1166719999999999
2548,85.053792502834469,19037582537290,4.71699982881546,4.6522,5.094144,1.9969,14475,0.001024,,,,0.086016,0,0.067071999999999993,0.0076799999999999993,,,,,1.2920319999999998
2549,85.05876000566893,19037582583812,4.9675027839839458,5.2574,4.69376,1.827,14475,0.001024,,,,0.087039999999999992,0,0.068096,0.007424,,,,,1.1133439999999999
2550,85.063499999999991,19037582636386,4.7399941831827164,4.2324,4.94976,1.7895,14475,0.001024,,,,0.088576,0,0.069887999999999992,0.007424,,,,,1.1115519999999999
2551,85.068366099773243,19037582678710,4.8660999163985252,5.1403,4.716544,1.9117,14475,0.001024,,,,0.088576,0,0.069887999999999992,0.007424,,,,,1.1115519999999999
2552,85.072893303571419,19037582730113,4.5272037386894226,4.4689,4.844032,1.9112,14475,0.001024,,,,0.086272,0.000256,0.068096,0.007168,,,,,1.2864
2553,85.077698901643984,19037582774802,4.8055979423224926,4.7808,4.49664,1.7732,14475,0.001024,,,,0.088832,0,0.070144,0.003328,,,,,1.1133439999999999
2554,85.082452699829929,19037582822610,4.753798246383667,4.5835,4.793856,2.3752,14475,0.001024,,,,0.087296,0,0.068864,0.006656,,,,,1.386752
2555,85.086899702380947,19037582868445,4.4470024295151234,5.0931,4.734976,2.1708,14475,0.001024,,,,0.088832,0,0.070144,0.0076799999999999993,,,,,1.2835839999999998
2556,85.091895904195013,19037582919376,4.9962019547820091,5.0339,4.428032,1.7781,14475,0.001024,,,,0.087039999999999992,0.000256,0.068352,0.0076799999999999993,,,,,1.116928
2557,85.096910700113369,19037582969715,5.0147958099842072,4.2599,4.780544,1.9513,14475,0.001024,,,,0.088832,0,0.069887999999999992,0.003328,,,,,1.109504
2558,85.10170580357142,19037583012314,4.7951033338904381,4.3125,4.976128,1.6737,14677,0.0012799999999999999,,,,0.325632,0,0.066048,0.007936,,,,,1.299712
2559,85.1064746031746,19037583055439,4.7687995247542858,5.083,4.784896,1.8007,14475,0.001024,,,,0.086528,0,0.068096,0.007424,,,,,1.383424
2560,85.111250106292516,19037583106269,4.775503184646368,4.7882,4.736256,1.8383,14475,0.0012799999999999999,,,,0.087296,0.000256,0.068864,0.003072,,,,,1.610752
2561,85.116291000566889,19037583154151,5.0408942624926567,5.0467,4.767488,1.9348,14475,0.001024,,,,0.087551999999999991,0.000256,0.06912,0.007424,,,,,1.367808
2562,85.120998504818587,19037583204618,4.7075040638446808,4.8866,4.77824,1.9469,14475,0.001024,,,,0.084735999999999992,0,0.066048,0.007424,,,,,1.112832
2563,85.125272604875278,19037583253484,4.2741000652313232,4.5708,4.67968,1.8302,14475,0.001024,,,,0.086528,0,0.06784,0.008192,,,,,1.112576
2564,85.130332100340127,19037583299192,5.0594955682754517,4.8676,4.250624,2.0131,14475,0.001024,,,,0.085504,0,0.066304,0.004096,,,,,1.1082239999999999
2565,85.135317403628108,19037583347868,4.9853031523525715,5.0965,5.042944,2.0802,14475,0.001024,,,,0.086784,0,0.068096,0.007424,,,,,1.114112
2566,85.139838605442179,19037583398833,4.5212018303573132,4.1338,4.963072,2.019,14475,0.001024,,,,0.083712,0,0.065279999999999991,0.007424,,,,,1.5413759999999999
2567,85.144603202947849,19037583440171,4.7645973972976208,5.1129,4.49792,2.3925,14595,0.001024,,,,0.087039999999999992,0.000256,0.068096,0.008192,,,,,1.366528
2568,85.149119600340128,19037583491300,4.5163976028561592,5.4124,4.5312,2.0587,14475,0.001024,,,,0.086528,0.000256,0.068096,0.007936,,,,,1.378048
2569,85.153937903911554,19037583545424,4.8183035105466843,4.6743,4.486912,1.8195,14475,0.001024,,,,0.08576,0,0.067583999999999991,0.0076799999999999993,,,,,1.11744
2570,85.158788803854875,19037583592167,4.850899800658226,4.084,4.791808,1.8936,14475,0.001024,,,,0.086272,0,0.067328,0.003072,,,,,1.1115519999999999
2571,85.163775304705212,19037583633007,4.986500833183527,4.511,4.843264,1.7298,14527,0.001024,,,,0.087296,0,0.06912,0.006144,,,,,1.115648
2572,85.168568799603165,19037583678117,4.7934949398040771,5.1851,4.87808,1.7421,14475,0.001024,,,,0.085504,0,0.067071999999999993,0.005376,,,,,1.1133439999999999
2573,85.17338860544217,19037583729968,4.819805733859539,4.8791,4.847872,1.9815,14475,0.001024,,,,0.086784,0.000256,0.068096,0.011007999999999999,,,,,1.4110719999999999
2574,85.178257405045343,19037583778759,4.8687998205423355,4.7775,4.79488,1.9423,14475,0.001024,,,,0.086528,0,0.068608,0.007424,,,,,1.2252159999999999
2575,85.183005399659862,19037583826534,4.7479947097599506,5.0719,4.794112,1.8691,14475,0.001024,,,,0.086016,0,0.067583999999999991,0.0076799999999999993,,,,,1.3790719999999999
2576,85.187560204081635,19037583877253,4.5548044145107269,4.5912,4.781312,1.8007,14475,0.001024,,,,0.084224,0,0.065792,0.0076799999999999993,,,,,1.10848
2577,85.192243402777777,19037583923165,4.6831988729536533,4.4265,4.52864,1.9599,17024,0.001024,,,,0.086272,0.000256,0.06784,0.007424,,,,,1.11104
2578,85.197117502834459,19037583967430,4.8740999773144722,5.0968,4.507136,1.8565,14475,0.001024,,,,0.083968,0,0.065536,0.007424,,,,,1.1133439999999999
2579,85.201874305555549,19037584018398,4.7568026930093765,5.1022,4.853248,1.971,14677,0.001024,,,,0.084735999999999992,0,0.064256,0.0076799999999999993,,,,,1.283072
2580,85.206988300736953,19037584069420,5.1139951683580875,4.3465,4.725248,1.979,14475,0.001024,,,,0.087551999999999991,0,0.068864,0.0076799999999999993,,,,,1.2687359999999999
2581,85.211910600907032,19037584112885,4.922300111502409,4.8358,5.086976,2.0211,14475,0.001024,,,,0.085504,0,0.067071999999999993,0.006656,,,,,1.2835839999999998
2582,85.217156802721078,19037584161243,5.2462019957602024,4.6587,4.91392,1.7521,14475,0.001024,,,,0.084735999999999992,0,0.06656,0.0076799999999999993,,,,,1.114368
2583,85.221814505385481,19037584207830,4.6577025204896927,5.1659,5.213184,1.7781,14475,0.001024,,,,0.084735999999999992,0,0.066816,0.0076799999999999993,,,,,1.11104
2584,85.22637190334467,19037584259489,4.557398147881031,5.0958,4.649728,2.0699,14475,0.001024,,,,0.083712,0,0.065279999999999991,0.003328,,,,,1.114112
2585,85.231253401360547,19037584310447,4.88149793818593,5.2315,4.534272,1.8129,14475,0.001024,,,,0.087551999999999991,0,0.068864,0.007424,,,,,1.115392
2586,85.236021903344664,19037584362762,4.7685019671916962,4.2326,4.849664,1.9455,27924,0.001024,,,,0.088576,0,0.069887999999999992,0.007424,,,,,1.11616
2587,85.2408163052721,19037584405088,4.7944020479917526,4.9708,4.71552,1.8679,26478,0.0012799999999999999,,,,0.084992,0,0.066816,0.0076799999999999993,,,,,1.115136
2588,85.245824503968251,19037584454796,5.0081987865269184,4.3757,4.763648,1.754,14475,0.001024,,,,0.085504,0,0.066816,0.007936,,,,,1.368064
2589,85.250760501700682,19037584498553,4.9359975382685661,5.2786,5.028096,2.0533,14475,0.001024,,,,0.086528,0,0.06784,0.0084479999999999989,,,,,1.5431679999999999
2590,85.2555827026644,19037584551339,4.82220109552145,4.9662,4.768,1.9467,20404,0.001024,,,,0.08524799999999999,0,0.067071999999999993,0.003072,,,,,1.368832
2591,85.260166602891147,19037584601001,4.5839003287255764,4.2534,4.798208,1.8202,20404,0.001024,,,,0.087296,0.000256,0.068608,0.007424,,,,,1.393408
2592,85.264877501417232,19037584643535,4.7108987346291542,5.3316,4.553472,2.0367,48402,0.001024,,,,0.087296,0.000256,0.068864,0.0076799999999999993,,,,,1.112064
2593,85.269727699829929,19037584696851,4.8501985147595406,4.4167,4.694016,1.8718,38547,0.001024,,,,0.086272,0,0.068096,0.0076799999999999993,,,,,1.112064
2594,85.274324000850342,19037584741018,4.5963008888065815,5.0215,4.836608,2.1259,32552,0.001024,,,,0.23782399999999998,0,0.219392,0.003328,,,,,1.1133439999999999
2595,85.279558404195015,19037584791233,5.2344035357236862,4.5858,4.5696,2.1414,14475,0.001024,,,,0.087296,0,0.068608,0.0076799999999999993,,,,,1.112576
2596,85.28482700538548,19037584837091,5.2686012350022793,4.8256,5.21472,2.0108,14475,0.001024,,,,0.084992,0.000256,0.06656,0.004352,,,,,1.474816
2597,85.289702104591839,19037584885347,4.8750992864370346,5.1377,5.242368,1.7899,14475,0.001024,,,,0.251648,0,0.232704,0.0076799999999999993,,,,,1.3823999999999999
2598,85.2947623015873,19037584936724,5.0601968541741371,4.7426,4.859136,1.6741,14475,0.001024,,,,0.087551999999999991,0,0.06912,0.003584,,,,,1.372928
2599,85.299344699546481,19037584984150,4.5823981054127216,4.9554,5.037056,2.0067,14595,0.001024,,,,0.086016,0,0.06784,0.003328,,,,,1.3893119999999999
2600,85.30425340136054,19037585033704,4.9087018705904484,5.7829,4.563456,2.1674,14822,0.001024,,,,0.087039999999999992,0,0.068864,0.008704,,,,,1.115136
2601,85.308753004535149,19037585091533,4.4996030628681183,4.2337,4.895744,2.1652,14475,0.001024,,,,0.08806399999999999,0,0.068608,0.0076799999999999993,,,,,1.110016
2602,85.313227104591832,19037585133870,4.4741001911461353,4.9482,4.477184,2.231,14475,0.001024,,,,0.084992,0,0.066816,0.005632,,,,,1.112832
2603,85.318406200396822,19037585183352,5.1790960133075714,5.2375,4.454656,2.046,14475,0.001024,,,,0.083968,0,0.065024,0.0076799999999999993,,,,,1.110272
2604,85.323027699829922,19037585235727,4.6214992180466652,4.0001,5.15072,1.7926,14475,0.001024,,,,0.087808,0,0.068864,0.003072,,,,,1.5011839999999999
2605,85.327920103458041,19037585275728,4.8924037255346775,4.6324,4.602112,1.8674,14475,0.001024,,,,0.08576,0,0.067583999999999991,0.007424,,,,,1.375232
2606,85.332468700396817,19037585322052,4.5485971495509148,4.847,4.875008,1.7612,14475,0.001024,,,,0.086016,0.000256,0.067328,0.007168,,,,,1.38368
2607,85.337011302437645,19037585370522,4.5426022261381149,4.7532,4.514048,1.9788,14475,0.001024,,,,0.086272,0,0.067583999999999991,0.004352,,,,,1.112064
2608,85.341747406462588,19037585418054,4.7361040487885475,4.7285,4.518912,1.8528,35301,0.001024,,,,0.088576,0.000256,0.069632,0.007424,,,,,1.112832
2609,85.346477600623572,19037585465339,4.730194341391325,4.562,4.720896,1.9678,14475,0.001024,,,,0.08832,0.000256,0.069887999999999992,0.0076799999999999993,,,,,1.115392
2610,85.3513040036848,19037585510959,4.8264032229781151,4.6922,4.70528,2.0227,14475,0.001024,,,,0.087039999999999992,0,0.068864,0.007424,,,,,1.279232
2611,85.356335700113377,19037585557881,5.0316965207457542,5.0713,4.803072,1.9914,14475,0.001024,,,,0.087551999999999991,0,0.068864,0.0084479999999999989,,,,,1.366272
2612,85.361264803004531,19037585608594,4.9291029572486877,4.7892,5.008384,2.2645,14475,0.001024,,,,0.086784,0,0.068352,0.011519999999999999,,,,,1.5615999999999999
2613,85.366146301020407,19037585656486,4.88149793818593,4.8374,4.902912,2.1725,14527,0.001024,,,,0.086784,0,0.068608,0.007424,,,,,1.1136
2614,85.37100700113379,19037585704860,4.8607001081109047,4.4119,4.861952,1.7431,14475,0.001024,,,,0.084992,0.000256,0.066304,0.0076799999999999993,,,,,1.1112959999999998
2615,85.375300403911567,19037585748979,4.2934026569128036,4.9736,4.845056,2.1163,20404,0.001024,,,,0.087808,0,0.068864,0.0076799999999999993,,,,,1.110528
2616,85.380169699546485,19037585798715,4.8692957498133183,5.2057,4.266496,1.7985,14475,0.001024,,,,0.085504,0,0.067071999999999993,0.011264,,,,,1.114368
2617,85.3849658021542,19037585850772,4.7961026430130005,4.735,4.832,1.9191,14475,0.001024,,,,0.087551999999999991,0,0.068864,0.010496,,,,,1.2853759999999999
2618,85.389891000566891,19037585898122,4.9251983873546124,4.1998,4.791808,2.1525,14475,0.001024,,,,0.084992,0.000256,0.066816,0.0063999999999999994,,,,,1.380352
2619,85.394705399659856,19037585940120,4.8143989406526089,4.6794,4.892672,2.0548,14475,0.001024,,,,0.086016,0,0.067583999999999991,0.0038399999999999997,,,,,1.548544
2620,85.399375701530616,19037585986914,4.6703019179403782,4.9256,4.787456,1.9937,32046,0.001024,,,,0.08524799999999999,0.000256,0.067071999999999993,0.006144,,,,,1.378304
2621,85.404370705782313,19037586036170,4.9950042739510536,4.9509,4.655616,2.3529,29207,0.001024,,,,0.086016,0.000256,0.06784,0.0076799999999999993,,,,,1.115904
2622,85.408576799886617,19037586085679,4.2060939595103264,4.8573,4.976128,2.1346,20917,0.001024,,,,0.087551999999999991,0,0.06912,0.0076799999999999993,,,,,1.112064
2623,85.413269600340129,19037586134252,4.6928003430366516,4.6762,4.19968,1.7981,14475,0.001024,,,,0.086528,0,0.06784,0.007936,,,,,1.110528
2624,85.4183713010204,19037586181014,5.1017007790505886,5.0792,4.655104,2.2089,14475,0.001024,,,,0.086784,0.000256,0.068352,0.007936,,,,,1.11616
2625,85.42302600623583,19037586231806,4.6547050587832928,5.0559,4.915968,1.9178,14475,0.001024,,,,0.081919999999999993,0,0.063744,0.003584,,,,,1.311744
2626,85.427816000566892,19037586282365,4.7899940982460976,4.9506,4.631808,1.832,14475,0.001024,,,,0.083968,0,0.065536,0.003072,,,,,1.30304
2627,85.432631901927437,19037586331871,4.8159011639654636,4.6051,4.766976,1.6606,14475,0.001024,,,,0.087296,0,0.06912,0.007424,,,,,1.388032
2628,85.4376779053288,19037586377922,5.0460034981369972,3.7885,4.790528,2.2629,20259,0.001024,,,,0.08832,0,0.069887999999999992,0.011007999999999999,,,,,1.111808
2629,85.442410402494332,19037586415807,4.7324970364570618,5.2674,5.015552,1.7109,14475,0.001024,,,,0.087039999999999992,0,0.068352,0.007936,,,,,1.114112
2630,85.447083000283442,19037586468481,4.6725976280868053,4.9505,4.718592,1.8714,20404,0.001024,,,,0.08806399999999999,0,0.068352,0.007424,,,,,1.111808
2631,85.451893501984117,19037586517986,4.81050182133913,5.2928,4.598272,2.0235,14595,0.001024,,,,0.09036799999999999,0.000256,0.071168,0.0076799999999999993,,,,,1.112832
2632,85.456821605725622,19037586570914,4.9281036481261253,3.8084,4.848896,2.0144,14475,0.001024,,,,0.086272,0,0.067328,0.011776,,,,,1.2802559999999998
2633,85.461928599773245,19037586608998,5.1069939509034157,5.0736,4.903936,1.8896,14475,0.001024,,,,0.086528,0.000256,0.06784,0.0076799999999999993,,,,,1.3857279999999998
2634,85.466931101190468,19037586659734,5.0025014206767082,4.7803,5.07904,2.3631,14475,0.001024,,,,0.082431999999999991,0,0.063744,0.007424,,,,,1.6148479999999998
2635,85.471704499716552,19037586707537,4.773398395627737,5.1151,4.809472,1.9275,14475,0.001024,,,,0.081919999999999993,0,0.063488,0.010752,,,,,1.391616
2636,85.476258000283437,19037586758688,4.5535005629062653,4.7769,4.740864,1.949,14475,0.001024,,,,0.084224,0,0.065536,0.003328,,,,,1.112576
2637,85.4811744047619,19037586806457,4.9164043739438057,5.2762,4.300032,1.9716,14475,0.001024,,,,0.08806399999999999,0,0.069632,0.007424,,,,,1.115136
2638,85.485883205782315,19037586859219,4.7088009305298328,4.3616,4.898304,1.9386,14475,0.001024,,,,0.332032,0.000256,0.065792,0.007424,,,,,1.115392
2639,85.490807199546481,19037586902835,4.9239937216043472,4.899,4.6848,2.0293,14475,0.001024,,,,0.088576,0,0.06912,0.0076799999999999993,,,,,1.116928
2640,85.495701403061219,19037586951825,4.8942035064101219,5.1347,4.817664,1.8966,14475,0.001024,,,,0.086784,0,0.068352,0.007424,,,,,1.3573119999999999
2641,85.500557001133785,19037587003172,4.8555978573858738,4.2819,4.960768,1.9585,14620,0.003584,,,,0.086784,0,0.068608,0.007936,,,,,1.3841919999999999
2642,85.505439200680271,19037587045991,4.882199689745903,6.0052,4.830464,2.3285,14677,0.001024,,,,0.084224,0.000256,0.065792,0.007936,,,,,1.3841919999999999
2643,85.510044805839,19037587106043,4.6056052669882774,3.943,4.43648,1.7444,14475,0.001024,,,,0.087808,0.000256,0.068352,0.003328,,,,,1.1136
2644,85.515326601473916,19037587145473,5.2817957475781441,4.8082,4.575744,1.7599,14475,0.001024,,,,0.086528,0,0.068096,0.009216,,,,,1.2864
2645,85.51985690192744,19037587193555,4.5303003862500191,5.3734,5.265152,1.769,14475,0.001024,,,,0.085504,0.000256,0.066048,0.007424,,,,,1.304064
2646,85.524385204081625,19037587247289,4.5283022336661816,4.0012,4.499712,1.7594,14475,0.0012799999999999999,,,,0.086528,0,0.068096,0.007424,,,,,1.112064
2647,85.5293713010204,19037587287301,4.9860971048474312,5.3489,4.511232,2.184,14475,0.001024,,,,0.088832,0.000256,0.069887999999999992,0.0076799999999999993,,,,,1.12256
2648,85.534322101757368,19037587340790,4.9508009105920792,5.2815,4.726528,1.8625,14475,0.001536,,,,0.08524799999999999,0,0.066304,0.007424,,,,,1.279232
2649,85.539151403061226,19037587393605,4.8293014988303185,3.7793,4.931328,2.0281,14475,0.001024,,,,0.086272,0,0.06784,0.0038399999999999997,,,,,1.357056
2650,85.543644905045355,19037587431398,4.4935019686818123,4.8132,4.809472,1.93,14475,0.001024,,,,0.086784,0,0.068352,0.0076799999999999993,,,,,1.379584
2651,85.548377699829928,19037587479530,4.7327945940196514,5.528,4.477184,1.7644,14475,0.0012799999999999999,,,,0.08524799999999999,0,0.067071999999999993,0.007424,,,,,1.115136
2652,85.553434502551013,19037587534810,5.056802649050951,4.3849,4.69888,1.9103,14475,0.0012799999999999999,,,,0.086784,0,0.068352,0.0076799999999999993,,,,,1.113856
2653,85.558243601190469,19037587578659,4.8090987838804722,4.4746,5.042688,2.3579,14475,0.001024,,,,0.086784,0,0.068608,0.007424,,,,,1.278464
2654,85.563040901360537,19037587623405,4.797300323843956,5.3222,4.756224,1.9414,14475,0.001024,,,,0.089343999999999993,0.000256,0.069887999999999992,0.0076799999999999993,,,,,1.1130879999999999
2655,85.568013704648521,19037587676627,4.97280340641737,4.364,4.816384,1.7137,14527,0.001024,,,,0.35942399999999997,0,0.064512,0.010496,,,,,1.110272
2656,85.5727042020975,19037587720267,4.6904976479709148,4.8474,4.945408,1.8621,14475,0.001024,,,,0.08448,0,0.066048,0.007424,,,,,1.368064
2657,85.577487606292507,19037587768741,4.7834040597081184,5.2409,4.678656,1.9248,14475,0.001024,,,,0.08576,0.000256,0.067583999999999991,0.005376,,,,,1.372672
2658,85.582231802721083,19037587821150,4.7441963106393814,4.5225,4.768512,1.7809,14475,0.001024,,,,0.088576,0.000256,0.069632,0.003328,,,,,1.1130879999999999
2659,85.5875621031746,19037587866375,5.33030042424798,4.5328,4.71552,1.7267,14475,0.001024,,,,0.088576,0,0.069887999999999992,0.0076799999999999993,,,,,1.112832
2660,85.592170904195,19037587911703,4.6088011004030704,4.9391,5.302016,2.0151,14475,0.001024,,,,0.084992,0.000256,0.066304,0.007936,,,,,1.28512
2661,85.59692890447846,19037587961094,4.758000373840332,5.4868,4.59008,1.8771,14475,0.001024,,,,0.087296,0,0.068864,0.003072,,,,,1.114368
2662,85.60187090419501,19037588015962,4.9419999122619629,4.718,4.744704,1.897,14677,0.0012799999999999999,,,,0.084735999999999992,0,0.066304,0.0076799999999999993,,,,,1.110528
2663,85.606773405612245,19037588063142,4.9025015905499458,4.6337,4.910592,2.2698,14595,0.001024,,,,0.087808,0.000256,0.068864,0.003584,,,,,1.11104
2664,85.611754003684808,19037588109479,4.9805981107056141,4.8844,4.885504,2.5848,14475,0.001024,,,,0.084992,0.000256,0.066816,0.007424,,,,,1.36192
2665,85.616548901643981,19037588158323,4.7948979772627354,5.184,4.96128,1.8089,14475,0.001024,,,,0.083712,0,0.064767999999999992,0.003328,,,,,1.368832
2666,85.6214553004535,19037588210163,4.9063987098634243,4.7728,4.772096,1.8053,14475,0.001024,,,,0.084224,0,0.065536,0.007424,,,,,1.1315199999999999
2667,85.625717701247169,19037588257891,4.2624007910490036,5.4549,4.889344,1.9082,14475,0.0012799999999999999,,,,0.084992,0,0.067071999999999993,0.007424,,,,,1.110528
2668,85.6307538052721,19037588312440,5.036104004830122,4.1203,4.236544,1.6802,14475,0.0012799999999999999,,,,0.086784,0,0.06784,0.007168,,,,,1.110784
2669,85.635549900793649,19037588353643,4.7960956580936909,4.7434,4.853248,1.8184,14475,0.001024,,,,0.087296,0,0.068864,0.008192,,,,,1.2787199999999999
2670,85.640386104024941,19037588401077,4.8362030647695065,4.2958,4.764416,1.8402,14475,0.001024,,,,0.086528,0,0.068352,0.0076799999999999993,,,,,1.1136
2671,85.645345301870748,19037588444035,4.9591977149248123,5.0396,4.809472,1.8277,14475,0.0012799999999999999,,,,0.086016,0,0.067583999999999991,0.007424,,,,,1.378304
2672,85.650130201247165,19037588494431,4.7848992981016636,4.7233,4.786944,1.9056,14475,0.001024,,,,0.087551999999999991,0,0.06912,0.007424,,,,,1.375232
2673,85.654859700963712,19037588541664,4.7294995747506618,4.884,4.76672,1.9558,14475,0.001024,,,,0.083968,0,0.065536,0.0076799999999999993,,,,,1.369856
2674,85.659648802437644,19037588590504,4.7891014255583286,5.33,4.711168,1.8586,14475,0.001024,,,,0.086272,0,0.068096,0.003072,,,,,1.115136
2675,85.6646875,19037588643804,5.0386977382004261,4.6007,4.527872,1.7473,14475,0.001024,,,,0.08524799999999999,0.000256,0.066816,0.007424,,,,,1.113856
2676,85.669653599773241,19037588689811,4.9660997465252876,4.5328,5.018112,2.0803,14475,0.001024,,,,0.087296,0.000256,0.068096,0.007424,,,,,1.2953599999999998
2677,85.674206001984118,19037588735139,4.5524020679295063,5.4258,4.918272,1.7671,14475,0.001024,,,,0.08576,0.000256,0.067328,0.0076799999999999993,,,,,1.3107199999999999
2678,85.679031802721084,19037588789397,4.8258006572723389,4.302,4.557312,1.7232,14475,0.001024,,,,0.086016,0,0.067328,0.007424,,,,,1.116928
2679,85.684038803854875,19037588832417,5.0070011056959629,5.0485,4.79744,1.8304,14475,0.001024,,,,0.084735999999999992,0,0.06656,0.007168,,,,,1.3826559999999999
2680,85.688865504535144,19037588882902,4.8267007805407047,4.69,4.849664,1.817,14475,0.001024,,,,0.084992,0,0.066816,0.0076799999999999993,,,,,1.38624
2681,85.693686500850333,19037588929802,4.8209964297711849,4.9118,4.812032,1.7745,14475,0.001024,,,,0.086272,0.000256,0.068096,0.010752,,,,,1.3875199999999999
2682,85.698657100340128,19037588978920,4.9705994315445423,4.7082,4.783104,1.9058,14475,0.001024,,,,0.087039999999999992,0,0.069376,0.0076799999999999993,,,,,1.325824
2683,85.70328540249433,19037589026002,4.628302063792944,4.8343,4.702976,1.7784,14677,0.001024,,,,0.086528,0.000256,0.067583999999999991,0.007936,,,,,1.1136
2684,85.707966305272109,19037589074345,4.6809026971459389,4.781,4.581888,1.8749,14475,0.001024,,,,0.08524799999999999,0.000256,0.066816,0.0076799999999999993,,,,,1.114624
2685,85.712771804138313,19037589122155,4.8054987564682961,5.0243,4.682752,1.9338,14475,0.001024,,,,0.086528,0.000256,0.068096,0.0076799999999999993,,,,,1.1112959999999998
2686,85.717562003968254,19037589172398,4.7901999205350876,4.9446,4.775168,1.8385,14475,0.001024,,,,0.086784,0.000256,0.068096,0.0076799999999999993,,,,,1.278976
2687,85.72225390447845,19037589221844,4.6919006854295731,4.6474,4.778496,1.7969,14475,0.001024,,,,0.08832,0,0.069632,0.003328,,,,,1.377024
2688,85.7269496031746,19037589268318,4.695698618888855,4.4705,4.662272,1.7938,14475,0.001024,,,,0.084992,0,0.06656,0.007424,,,,,1.3608959999999999
2689,85.731694104308389,19037589313023,4.744501318782568,4.7963,4.678656,1.8288,14475,0.001024,,,,0.08448,0,0.065792,0.0076799999999999993,,,,,1.2869119999999998
2690,85.736600106292514,19037589360986,4.9060019664466381,4.8469,4.717312,1.9085,14475,0.001024,,,,0.08576,0,0.067071999999999993,0.003584,,,,,1.1130879999999999
2691,85.741172200963717,19037589409455,4.5720948837697506,4.9378,4.89088,2.1887,14475,0.001024,,,,0.086272,0,0.06784,0.007936,,,,,1.115136
2692,85.745999305555557,19037589458833,4.8271045088768005,4.728,4.545792,2.036,14475,0.001024,,,,0.090112,0.000256,0.070656,0.0076799999999999993,,,,,1.114112
2693,85.750823100907027,19037589506113,4.8237955197691917,5.371,4.813568,1.9779,14475,0.001024,,,,0.083456,0,0.065024,0.004096,,,,,1.418496
2694,85.755688803854866,19037589559823,4.865703172981739,4.4412,4.798464,2.0639,14475,0.001024,,,,0.083968,0.000256,0.065536,0.005632,,,,,1.6217599999999999
2695,85.760192304421764,19037589604235,4.5035006478428841,4.6447,4.830464,1.7357,14595,0.001024,,,,0.086272,0,0.06784,0.007936,,,,,1.387008
2696,85.765281299603174,19037589650682,5.0889952108263969,5.0948,4.498432,1.6508,14475,0.001024,,,,0.087808,0,0.068608,0.003072,,,,,1.112832
2697,85.769957504251693,19037589701630,4.6762046404182911,4.0345,5.058816,1.6813,14527,0.001024,,,,0.09036799999999999,0,0.07168,0.0076799999999999993,,,,,1.1381759999999999
2698,85.774522704081633,19037589741975,4.5651998370885849,4.5765,4.646912,1.9437,14475,0.001024,,,,0.084992,0,0.06656,0.007424,,,,,1.109248
2699,85.779608602607709,19037589787740,5.0858985632658005,5.3833,4.548096,1.8396,14475,0.001024,,,,0.086528,0,0.068096,0.007424,,,,,1.1136
2700,85.784546704931969,19037589841573,4.9381023272871971,4.6409,5.068032,1.8473,14475,0.0012799999999999999,,,,0.082431999999999991,0.000256,0.064256,0.007424,,,,,1.27616
2701,85.789557199546479,19037589887982,5.0104944966733456,4.6117,4.89984,1.8421,14475,0.001024,,,,0.08576,0,0.067328,0.007936,,,,,1.366784
2702,85.794379102891156,19037589934099,4.82190353795886,5.1044,5.004544,1.9398,14475,0.001024,,,,0.085504,0,0.067071999999999993,0.0076799999999999993,,,,,1.4658559999999998
2703,85.798943501984127,19037589985143,4.5643988996744156,4.8963,4.813312,1.8244,14475,0.001024,,,,0.087039999999999992,0,0.068608,0.0076799999999999993,,,,,1.378304
2704,85.803619005102036,19037590034106,4.6755028888583183,4.8182,4.504064,2.3736,14677,0.001024,,,,0.083712,0.000256,0.065792,0.0076799999999999993,,,,,1.1133439999999999
2705,85.80853820153061,19037590082288,4.9191964790225029,4.9822,4.665344,1.8839,14475,0.001024,,,,0.08448,0,0.065792,0.009984,,,,,1.115648
2706,85.813238003117917,19037590132110,4.6998015604913235,4.4529,4.902656,1.8088,14475,0.001024,,,,0.089343999999999993,0.000256,0.070656,0.003072,,,,,1.11744
2707,85.818519005102033,19037590176639,5.2810017950832844,4.8028,4.674304,2.3499,14475,0.001024,,,,0.083968,0.000256,0.065536,0.0076799999999999993,,,,,1.546752
2708,85.823063201530616,19037590224667,4.5441966503858566,5.4088,5.056,1.7884,14475,0.001024,,,,0.083968,0.000256,0.065536,0.0076799999999999993,,,,,1.546752
2709,85.827849900793652,19037590278755,4.786699078977108,4.1663,4.532992,1.7651,14475,0.001024,,,,0.084992,0.000256,0.067071999999999993,0.007424,,,,,1.384448
2710,85.832865306122443,19037590320418,5.015405360609293,5.7533,4.747264,1.7947,14475,0.001024,,,,0.086016,0,0.067583999999999991,0.003328,,,,,1.37216
2711,85.8374163052721,19037590377951,4.5509990304708481,4.0573,4.742144,1.7716,14475,0.001024,,,,0.088576,0,0.070144,0.0076799999999999993,,,,,1.117184
2712,85.842331200396828,19037590418524,4.9148951657116413,4.9702,4.524544,1.855,14475,0.0012799999999999999,,,,0.087296,0.000256,0.068864,0.007168,,,,,1.1112959999999998
2713,85.847162606292514,19037590468226,4.8314058221876621,4.6674,4.896256,2.0077,14475,0.001024,,,,0.085504,0,0.066816,0.007936,,,,,1.112832
2714,85.8518910005669,19037590514900,4.7283940948545933,4.5824,4.713216,1.8123,14475,0.001024,,,,0.085504,0,0.067071999999999993,0.005632,,,,,1.112064
2715,85.856924000850341,19037590560724,5.0330003723502159,4.8908,4.804352,1.8182,14475,0.004608,,,,0.087551999999999991,0,0.068864,0.0076799999999999993,,,,,1.368064
2716,85.861901403061225,19037590609632,4.9774022772908211,4.8428,5.010688,1.9055,14475,0.001024,,,,0.08524799999999999,0.000256,0.067071999999999993,0.0076799999999999993,,,,,1.297664
2717,85.866680704365081,19037590658060,4.77930111810565,5.026,4.800512,1.7511,14475,0.001024,,,,0.08524799999999999,0,0.067071999999999993,0.003072,,,,,1.3639679999999998
2718,85.87116310232426,19037590708320,4.4823978096246719,5.14,4.76032,1.9346,14475,0.001024,,,,0.085504,0,0.067071999999999993,0.003328,,,,,1.38112
2719,85.875640603741488,19037590759720,4.4775013811886311,5.0666,4.46336,2.3283,49617,0.0012799999999999999,,,,0.083712,0,0.065792,0.0076799999999999993,,,,,1.1130879999999999
2720,85.880929903628115,19037590810386,5.2892998792231083,4.4855,4.454656,1.9509,44623,0.001024,,,,0.083968,0,0.065024,0.007424,,,,,1.110784
2721,85.885590603741491,19037590855241,4.6606999821960926,4.2283,5.272832,2.0684,14475,0.001024,,,,0.084224,0,0.065536,0.007424,,,,,1.494016
2722,85.8905242063492,19037590897524,4.9336026422679424,5.4266,4.636416,1.7446,14475,0.001024,,,,0.087039999999999992,0.000256,0.068096,0.003328,,,,,1.1115519999999999
2723,85.89559930555555,19037590951790,5.0750994123518467,4.5614,4.904448,1.727,49617,0.001024,,,,0.08524799999999999,0,0.067071999999999993,0.007424,,,,,1.36448
2724,85.900580605158723,19037590997404,4.9812993966042995,4.8809,5.05728,2.0918,44689,0.001024,,,,0.084735999999999992,0,0.066816,0.003584,,,,,1.352704
2725,85.905414406179133,19037591046213,4.8338011838495731,5.1449,4.967936,1.9944,32248,0.001024,,,,0.086016,0,0.06784,0.007424,,,,,1.3806079999999998
2726,85.911004102891155,19037591097662,5.589696578681469,4.9849,4.818688,1.9939,68773,0.001024,,,,0.087039999999999992,0,0.068352,0.003328,,,,,1.114624
2727,85.915330102040812,19037591147511,4.3259989470243454,4.5688,4.259072,2.3539,14475,0.001024,,,,0.086784,0,0.067583999999999991,0.0076799999999999993,,,,,1.131008
2728,85.920148901643984,19037591193199,4.818799439817667,5.9643,4.5376,2.0856,14475,0.001024,,,,0.08524799999999999,0,0.066816,0.0076799999999999993,,,,,1.1148799999999999
2729,85.924805902777777,19037591252842,4.6570012345910072,4.3803,4.801792,1.9293,190185,0.001024,,,,0.234752,0,0.066816,0.004608,,,,,1.110528
2730,85.930331604308392,19037591296645,5.525701679289341,4.8994,4.627712,2.1976,171416,0.001024,,,,0.086272,0,0.06784,0.007424,,,,,1.4794239999999999
2731,85.935016801303846,19037591345639,4.6851970255374908,4.7822,4.935936,2.2006,14475,0.001024,,,,0.082176,0,0.064,0.011264,,,,,1.39392
2732,85.939859502551016,19037591393461,4.842701368033886,4.7357,5.237504,1.779,49617,0.001024,,,,0.082176,0,0.063744,0.007424,,,,,1.599232
2733,85.944790802154188,19037591440818,4.9312994815409184,5.5949,4.809216,2.3357,44623,0.001024,,,,0.085504,0,0.067071999999999993,0.005376,,,,,1.377792
2734,85.949313003117908,19037591496767,4.5222011394798756,4.2616,4.908032,1.9132,14475,0.001024,,,,0.08448,0.000256,0.066048,0.0076799999999999993,,,,,1.3926399999999999
2735,85.954083000283447,19037591539383,4.7699972055852413,4.9976,4.501504,1.6783,32046,0.001024,,,,0.086272,0,0.06784,0.007424,,,,,1.1166719999999999
2736,85.958775602324266,19037591589359,4.6926019713282585,4.5349,4.738048,1.6492,28860,0.001024,,,,0.085504,0,0.06656,0.003328,,,,,1.109504
2737,85.963516999716546,19037591634708,4.7413972206413746,4.6279,4.681728,1.7932,14475,0.001024,,,,0.083456,0,0.064767999999999992,0.003328,,,,,1.112576
2738,85.96852110260771,19037591680987,5.0041028298437595,4.9297,4.71808,2.1807,14475,0.001024,,,,0.087551999999999991,0.000256,0.069376,0.007424,,,,,1.112064
2739,85.9734154053288,19037591730284,4.8943026922643185,4.3327,4.9792,1.9333,14527,0.001024,,,,0.084224,0,0.065792,0.0076799999999999993,,,,,1.117952
2740,85.978078401360534,19037591773611,4.6629961580038071,4.8272,4.564224,2.19,14475,0.001024,,,,0.087039999999999992,0,0.068352,0.012032,,,,,1.1112959999999998
2741,85.982726006235822,19037591821883,4.6476046554744244,5.1757,4.97024,1.9365,14475,0.001024,,,,0.0832,0.000256,0.064767999999999992,0.0076799999999999993,,,,,1.366528
2742,85.987688605442173,19037591873640,4.9625993706285954,5.0719,4.62976,2.1257,14475,0.001024,,,,0.086016,0,0.067583999999999991,0.0076799999999999993,,,,,1.110016
2743,85.992391305272108,19037591924359,4.7026998363435268,4.3594,4.701696,1.9347,14475,0.001024,,,,0.105472,0.000256,0.065536,0.0076799999999999993,,,,,1.11232
2744,85.997184403344662,19037591967953,4.793098196387291,4.5126,4.682752,2.3004,14475,0.001024,,,,0.087551999999999991,0.000256,0.068096,0.010752,,,,,1.114112
2745,86.001814299886618,19037592013079,4.6298964880406857,5.1393,4.66304,1.6636,14677,0.001024,,,,0.086272,0,0.067071999999999993,0.0038399999999999997,,,,,1.110272
2746,86.006865603741488,19037592064472,5.0513036549091339,4.5443,4.71808,1.7415,14475,0.001024,,,,0.084735999999999992,0,0.06656,0.0076799999999999993,,,,,1.2805119999999999
2747,86.011690306122446,19037592109915,4.82470216229558,5.3386,5.031936,2.2805,14475,0.001024,,,,0.24934399999999998,0.000256,0.23091199999999998,0.007424,,,,,1.376512
2748,86.016510204081627,19037592163301,4.819897934794426,4.7703,4.81024,2.1516,32046,0.001024,,,,0.086528,0,0.06784,0.0076799999999999993,,,,,1.3632
2749,86.021160005668932,19037592211004,4.6498016454279423,4.8638,4.77824,1.9068,28860,0.001024,,,,0.087039999999999992,0,0.068608,0.0076799999999999993,,,,,1.11232
2750,86.025917106009061,19037592259642,4.7571002505719662,5.0938,4.637184,2.4875,14475,0.001024,,,,0.087039999999999992,0,0.068608,0.0076799999999999993,,,,,1.11232
2751,86.030543905895684,19037592310580,4.6267998404800892,4.8515,4.2752,2.2411,14475,0.001024,,,,0.083968,0.000256,0.065279999999999991,0.003584,,,,,1.1130879999999999
2752,86.035397902494324,19037592359095,4.8539964482188225,4.4375,4.69376,1.9003,14475,0.001024,,,,0.082176,0.000256,0.063232,0.003328,,,,,1.115904
2753,86.040669501133777,19037592403470,5.2715986967086792,4.6649,4.828416,2.3308,14475,0.001024,,,,0.08448,0,0.066048,0.007424,,,,,1.2820479999999999
2754,86.045545301870746,19037592450119,4.87580057233572,4.6346,5.250048,2.2162,14475,0.001024,,,,0.08448,0,0.066048,0.007424,,,,,1.2820479999999999
2755,86.050286805555558,19037592496465,4.7415038570761681,5.457,4.753408,1.809,14475,0.001024,,,,0.08832,0,0.070144,0.0076799999999999993,,,,,1.393152
2756,86.054855704365082,19037592551035,4.56889858469367,5.2151,4.818688,2.0189,14475,0.001024,,,,0.083712,0,0.064767999999999992,0.007424,,,,,1.3841919999999999
2757,86.05977360402494,19037592603186,4.9178996123373508,4.5939,4.53888,1.8218,14475,0.001024,,,,0.08294399999999999,0,0.064256,0.003072,,,,,1.1130879999999999
2758,86.0644656037415,19037592649125,4.69199987128377,4.6299,4.90496,1.7382,46551,0.001024,,,,0.086528,0,0.068352,0.007424,,,,,1.1130879999999999
2759,86.069425503117913,19037592695424,4.9598994664847851,4.096,4.672512,2.1984,14475,0.001024,,,,0.250368,0,0.23168,0.006656,,,,,1.1130879999999999
2760,86.0740294005102,19037592736384,4.6038972213864326,5.4219,4.914944,2.2419,14475,0.001024,,,,0.086016,0,0.067071999999999993,0.011519999999999999,,,,,1.1182079999999999
2761,86.078971903344666,19037592790603,4.9425028264522552,4.4795,4.602112,1.8335,14475,0.001024,,,,0.08448,0.000256,0.066304,0.007424,,,,,1.274624
2762,86.083719600340132,19037592835398,4.747697152197361,4.6549,4.913664,2.0655,14475,0.001024,,,,0.084735999999999992,0.000256,0.066304,0.007936,,,,,1.361408
2763,86.088533404195,19037592881947,4.81380382552743,4.4661,4.713216,1.937,14475,0.0012799999999999999,,,,0.085504,0,0.067071999999999993,0.0076799999999999993,,,,,1.369856
2764,86.093025503117914,19037592926608,4.4920989312231541,5.302,4.549632,1.608,14475,0.001024,,,,0.087808,0,0.06912,0.007424,,,,,1.1164159999999999
2765,86.097878706065757,19037592979628,4.85320296138525,4.3101,4.481024,2.011,14475,0.001024,,,,0.087296,0,0.068864,0.003328,,,,,1.110272
2766,86.102778805272109,19037593022729,4.9000992439687252,5.1052,4.846592,1.9264,14677,0.003584,,,,0.086528,0,0.068096,0.0076799999999999993,,,,,1.1115519999999999
2767,86.107634204931969,19037593073781,4.8553994856774807,5.0975,4.876032,2.1018,14475,0.001024,,,,0.08576,0,0.067071999999999993,0.0063999999999999994,,,,,1.306112
2768,86.1123941043084,19037593124756,4.759899340569973,4.2437,4.814848,1.9084,14475,0.001024,,,,0.087551999999999991,0,0.06912,0.0076799999999999993,,,,,1.111808
2769,86.1173330994898,19037593167193,4.938994999974966,4.8883,4.75136,1.9348,14475,0.001024,,,,0.086272,0,0.067583999999999991,0.003328,,,,,1.367808
2770,86.121830399659856,19037593216076,4.4973003678023815,5.3605,4.760576,1.8812,14475,0.001024,,,,0.084735999999999992,0.000256,0.066304,0.003072,,,,,1.381888
2771,86.126321804138314,19037593269681,4.4914046302437782,4.2682,4.48256,1.8389,14475,0.001024,,,,0.081408,0,0.06297599999999999,0.010752,,,,,1.384448
2772,86.130861104024945,19037593312363,4.5392997562885284,4.7062,4.216064,1.9762,14475,0.001024,,,,0.085504,0,0.067583999999999991,0.003072,,,,,1.112832
2773,86.135586302437645,19037593359425,4.7251982614398,4.9932,4.49152,2.062,14475,0.001024,,,,0.083968,0.000256,0.064512,0.008704,,,,,1.116928
2774,86.140329804421768,19037593409357,4.7435020096600056,4.2004,4.728576,2.0872,14475,0.001024,,,,0.086528,0.000256,0.06784,0.007936,,,,,1.109504
2775,86.145260600907022,19037593451361,4.930796567350626,4.5483,4.721152,2.3478,14475,0.001024,,,,0.083712,0,0.065279999999999991,0.0076799999999999993,,,,,1.37344
2776,86.149496804138323,19037593496844,4.2362031526863575,4.8958,4.899072,2.6325,14475,0.001024,,,,0.086528,0,0.068352,0.007424,,,,,1.6332799999999998
2777,86.1544075042517,19037593545802,4.9107000231742859,4.6526,4.213504,2.0095,20403,0.001024,,,,0.086528,0.000256,0.06784,0.007168,,,,,1.1182079999999999
2778,86.159083602607708,19037593592328,4.6760984696447849,5.2173,4.89472,1.7796,20404,0.0012799999999999999,,,,0.086016,0,0.066304,0.009472,,,,,1.11232
2779,86.163872406462588,19037593644501,4.788803867995739,3.6257,4.648448,1.8526,14475,0.001024,,,,0.085504,0.000256,0.067328,0.007936,,,,,1.115648
2780,86.168552005385479,19037593680758,4.6795988455414772,5.1924,4.74496,2.0371,32046,0.001024,,,,0.09036799999999999,0,0.071168,0.0076799999999999993,,,,,1.112064
2781,86.173228904478449,19037593732682,4.6768989413976669,5.0344,4.66176,1.881,28912,0.001024,,,,0.086272,0,0.067583999999999991,0.003072,,,,,1.283328
2782,86.178664406179138,19037593783026,5.43550169095397,4.2582,4.516352,2.2671,14475,0.001024,,,,0.08832,0,0.069632,0.0076799999999999993,,,,,1.386752
2783,86.183675403911565,19037593825608,5.0109978765249252,5.9087,4.790784,1.8,14475,0.002048,,,,0.084735999999999992,0.000256,0.06656,0.007424,,,,,1.381888
2784,86.1888737032313,19037593884695,5.1982994191348553,3.6733,4.974336,2.1495,46431,0.001024,,,,0.08576,0.000256,0.067583999999999991,0.0076799999999999993,,,,,1.1115519999999999
2785,86.193733000283444,19037593921428,4.8592970706522465,6.0375,5.1584,2.2849,17024,0.001024,,,,0.086272,0.000256,0.06784,0.0076799999999999993,,,,,1.114624
2786,86.19802290249433,19037593981803,4.2899022810161114,4.6574,4.846592,1.9487,14475,0.001024,,,,0.083712,0.000256,0.065024,0.007168,,,,,1.1164159999999999
2787,86.203168402777777,19037594028377,5.1455004140734673,4.8871,4.269312,1.9511,14822,0.001024,,,,0.089088,0,0.069887999999999992,0.010752,,,,,1.112576
2788,86.207869104308386,19037594077248,4.7007016837596893,4.8654,5.115136,2.0418,14475,0.001024,,,,0.086016,0,0.06784,0.007936,,,,,1.114624
2789,86.212569905045342,19037594125902,4.7008008696138859,4.3434,4.679936,1.7003,14475,0.001024,,,,0.087551999999999991,0.000256,0.06912,0.0076799999999999993,,,,,1.11232
2790,86.217773604024941,19037594169336,5.2036987617611885,4.9188,4.684288,2.069,46551,0.0012799999999999999,,,,0.084992,0,0.066304,0.003072,,,,,1.273344
2791,86.222517403628117,19037594218524,4.7437995672225952,5.0447,5.000704,2.2959,14475,0.001024,,,,0.086272,0,0.068096,0.003584,,,,,1.36192
2792,86.226931901927429,19037594268971,4.4144983403384686,4.7455,4.709888,1.8793,14475,0.001024,,,,0.081919999999999993,0,0.063488,0.003328,,,,,1.112064
2793,86.231351700680264,19037594316426,4.4197989627718925,4.8785,4.398336,2.1191,32046,0.001024,,,,0.08576,0.000256,0.067328,0.007424,,,,,1.1148799999999999
2794,86.236423802437642,19037594365211,5.0721019506454468,4.8786,4.408576,2.2735,28860,0.001024,,,,0.091392,0.000256,0.071936,0.0038399999999999997,,,,,1.108736
2795,86.241132199546485,19037594413997,4.708397202193737,4.1875,5.07264,2.0454,14475,0.001024,,,,0.08806399999999999,0,0.068352,0.003072,,,,,1.1133439999999999
2796,86.245842205215411,19037594455872,4.710005596280098,4.562,4.674816,2.103,14475,0.001024,,,,0.083712,0.000256,0.065279999999999991,0.003072,,,,,1.108736
2797,86.25065,19037594501492,4.8077949322760105,5.1424,4.684032,1.9364,14475,0.001024,,,,0.08448,0.000256,0.066048,0.007168,,,,,1.2835839999999998
2798,86.25546800595238,19037594552916,4.8180059529840946,4.6661,4.768512,2.1769,14475,0.001024,,,,0.08576,0,0.06784,0.0076799999999999993,,,,,1.398272
2799,86.2604419005102,19037594599577,4.9738944508135319,5.3156,4.794624,2.5121,14475,0.001024,,,,0.083456,0,0.064767999999999992,0.003072,,,,,1.139712
2800,86.265315702947845,19037594652733,4.8738024197518826,4.8577,4.41856,2.2139,14475,0.001024,,,,0.086528,0,0.068352,0.0076799999999999993,,,,,1.112576
2801,86.270051601473924,19037594701310,4.7358986921608448,4.0121,4.614912,2.2418,14475,0.001024,,,,0.084735999999999992,0.000256,0.066304,0.0076799999999999993,,,,,1.117696
2802,86.2747579010771,19037594741431,4.7062993980944157,5.1285,4.709888,1.8486,14475,0.001024,,,,0.087039999999999992,0,0.068608,0.0076799999999999993,,,,,1.1115519999999999
2803,86.279558205782308,19037594792716,4.8003047704696655,4.8471,4.676096,1.8339,14475,0.001024,,,,0.089343999999999993,0,0.070912,0.006656,,,,,1.1182079999999999
2804,86.284372002551024,19037594841187,4.81379684060812,4.8234,4.783104,2.0047,14475,0.0012799999999999999,,,,0.08806399999999999,0,0.069887999999999992,0.0051199999999999996,,,,,1.371136
2805,86.289191099773234,19037594889421,4.8190969973802567,4.7111,4.784384,1.8283,14475,0.0012799999999999999,,,,0.08832,0,0.069887999999999992,0.003328,,,,,1.39008
2806,86.2943883999433,19037594936532,5.1973001100122929,4.5244,4.812544,1.97,14475,0.001024,,,,0.086528,0,0.06784,0.007936,,,,,1.3742079999999999
2807,86.2988339994331,19037594981776,4.4455993920564651,5.5807,5.174272,2.24,14475,0.001024,,,,0.086784,0,0.068096,0.0051199999999999996,,,,,1.3240319999999999
2808,86.304040802154191,19037595037583,5.2068028599023819,4.2335,4.418048,2.3831,14677,0.001024,,,,0.085504,0,0.067071999999999993,0.0076799999999999993,,,,,1.29408
2809,86.3091079010771,19037595079918,5.0670988857746124,5.703,4.887296,1.967,14475,0.001024,,,,0.086016,0.000256,0.061952,0.0076799999999999993,,,,,1.135616
2810,86.313903599773241,19037595136948,4.7956989146769047,3.9148,5.04832,2.1964,14475,0.001024,,,,0.08448,0,0.066304,0.003072,,,,,1.280768
2811,86.318643700396819,19037595176096,4.74010081961751,5.5303,4.774912,2.1238,14475,0.0012799999999999999,,,,0.089343999999999993,0,0.069887999999999992,0.003584,,,,,1.1148799999999999
2812,86.3231292020975,19037595231399,4.4855019077658653,5.1058,4.716288,1.8468,14475,0.001024,,,,0.089088,0,0.07039999999999999,0.0076799999999999993,,,,,1.283328
2813,86.327280803571426,19037595282457,4.151601344347,4.5086,4.46848,2.3008,14475,0.0012799999999999999,,,,0.086784,0.000256,0.068608,0.003328,,,,,1.112576
2814,86.33195480442177,19037595327543,4.6740006655454636,4.9387,4.137984,2.4167,14475,0.001024,,,,0.08294399999999999,0,0.064512,0.007936,,,,,1.1133439999999999
2815,86.3366544005102,19037595376930,4.6995962038636208,4.5265,3.990784,1.7689,14475,0.001024,,,,0.08448,0,0.066048,0.003072,,,,,1.107712
2816,86.34170460600906,19037595422195,5.0502056255936623,3.8056,4.667904,1.7093,14475,0.001024,,,,0.326144,0,0.308224,0.00896,,,,,1.114624
2817,86.34657220096372,19037595460251,4.86759515479207,4.4882,5.035776,2.2995,14475,0.001024,,,,0.35814399999999996,0,0.065279999999999991,0.009984,,,,,1.110016
2818,86.351644302721084,19037595505133,5.0721019506454468,5.1521,4.847872,1.7775,14475,0.001024,,,,0.08524799999999999,0,0.066816,0.003328,,,,,1.432064
2819,86.35657090419501,19037595556654,4.9266014248132706,5.1164,5.051648,1.8891,14475,0.001024,,,,0.08832,0,0.069632,0.003072,,,,,1.38112
2820,86.36149090136054,19037595607818,4.9199969507753849,4.5192,4.904704,2.0584,14475,0.001024,,,,0.08806399999999999,0.000256,0.069376,0.010496,,,,,1.683968
2821,86.366307405045347,19037595653010,4.81650372967124,5.4507,4.908288,1.9279,14475,0.001024,,,,0.090112,0,0.071424,0.007424,,,,,1.39136
2822,86.370875106292516,19037595707517,4.5677013695240021,4.3988,4.559104,1.8772,14595,0.001024,,,,0.08524799999999999,0,0.067071999999999993,0.007424,,,,,1.110016
2823,86.3754669005102,19037595751505,4.5917942188680172,5.1621,4.538624,1.873,14527,0.001024,,,,0.087296,0,0.068608,0.007424,,,,,1.11232
2824,86.38019440192744,19037595803126,4.7275014221668243,4.575,4.413184,1.8764,14475,0.001024,,,,0.2304,0,0.067583999999999991,0.007424,,,,,1.110784
2825,86.384720103458051,19037595848876,4.5257015153765678,4.6156,4.695808,2.0324,14475,0.001024,,,,0.084735999999999992,0,0.066048,0.0076799999999999993,,,,,1.11616
2826,86.3895158021542,19037595895032,4.7956989146769047,4.6497,4.506624,1.8119,14475,0.0012799999999999999,,,,0.082688,0,0.064,0.003328,,,,,1.3926399999999999
2827,86.394449503968247,19037595941529,4.933701828122139,4.755,4.7744,2.0355,14475,0.0012799999999999999,,,,0.085504,0,0.067071999999999993,0.0076799999999999993,,,,,1.375232
2828,86.399001601473913,19037595989079,4.552097525447607,4.5455,4.907776,2.0225,14475,0.001024,,,,0.083456,0,0.065024,0.003328,,,,,1.704192
2829,86.403528904478449,19037596034534,4.5273029245436192,4.7301,4.283904,2.2375,14677,0.001024,,,,0.084224,0,0.065536,0.0076799999999999993,,,,,1.1166719999999999
2830,86.408626204648527,19037596081835,5.0973002798855305,5.1699,4.49792,2.1545,14475,0.001024,,,,0.081919999999999993,0.000256,0.062464,0.0076799999999999993,,,,,1.1136
2831,86.413226799886615,19037596133534,4.6005952171981335,4.4572,5.059584,2.1484,20917,0.001024,,,,0.086784,0,0.068352,0.007424,,,,,1.281536
2832,86.417967899659857,19037596178106,4.7410996630787849,4.9002,4.607488,1.9727,14475,0.001024,,,,0.08832,0,0.069632,0.0051199999999999996,,,,,1.110528
2833,86.422688704648522,19037596227108,4.7208052128553391,5.0918,4.713728,2.0672,14475,0.001024,,,,0.0832,0.000256,0.064767999999999992,0.007424,,,,,1.288192
2834,86.427455704365073,19037596278026,4.7669997438788414,4.4342,4.695552,1.893,14475,0.000768,,,,0.084992,0,0.06656,0.007424,,,,,1.374464
2835,86.432134906462579,19037596322368,4.679202102124691,5.2505,4.50176,1.6593,14475,0.001024,,,,0.086528,0,0.06784,0.010496,,,,,1.110528
2836,86.436609700963714,19037596374873,4.4747944921255112,3.72,4.410624,1.7742,14475,0.001024,,,,0.08448,0,0.065792,0.004096,,,,,1.114368
2837,86.441460806405885,19037596412073,4.851105622947216,5.2499,4.445696,2.1085,14475,0.001024,,,,0.330496,0,0.065279999999999991,0.0076799999999999993,,,,,1.115904
2838,86.4461464994331,19037596464572,4.6856929548084736,5.1472,4.66048,1.7978,14475,0.001024,,,,0.082688,0,0.064,0.0076799999999999993,,,,,1.108736
2839,86.451135905612247,19037596516044,4.98940609395504,4.2598,4.667392,1.8788,14475,0.001024,,,,0.08524799999999999,0.000256,0.067071999999999993,0.0051199999999999996,,,,,1.282816
2840,86.456261401643985,19037596558642,5.1254960708320141,4.4583,4.962048,2.0975,14475,0.001024,,,,0.086016,0,0.06784,0.010752,,,,,1.384704
2841,86.460686401643983,19037596603225,4.4249999336898327,5.2726,5.110784,2.1202,14475,0.001024,,,,0.084992,0,0.06656,0.007424,,,,,1.3808639999999999
2842,86.465516999716556,19037596655951,4.8305978998541832,4.8192,4.388608,2.3987,14475,0.0012799999999999999,,,,0.086016,0,0.067328,0.007424,,,,,1.112832
2843,86.470315504535151,19037596704143,4.7985049895942211,4.976,4.39296,2.5867,14475,0.001024,,,,0.083712,0,0.065024,0.010752,,,,,1.1136
2844,86.47482100340136,19037596753903,4.5054988004267216,4.6773,4.740352,2.4773,14475,0.001024,,,,0.081408,0,0.06297599999999999,0.003584,,,,,1.1112959999999998
2845,86.480067304421766,19037596800676,5.246301181614399,4.7732,4.476416,2.2712,14475,0.0012799999999999999,,,,0.082176,0,0.063488,0.010496,,,,,1.137152
2846,86.4853285005669,19037596848408,5.2611962892115116,5.2469,4.77056,1.8768,14475,0.001024,,,,0.086016,0,0.06656,0.0076799999999999993,,,,,1.115392
2847,86.490271605725624,19037596900877,4.9431049264967442,3.639,5.248256,2.3264,14475,0.001024,,,,0.085504,0,0.066816,0.007424,,,,,1.28512
2848,86.495100205498858,19037596937267,4.8285997472703457,5.4585,4.934144,1.7869,14475,0.001024,,,,0.08524799999999999,0.000256,0.067071999999999993,0.003328,,,,,1.354752
2849,86.499638399943308,19037596991852,4.53819427639246,4.9157,4.79488,1.7699,14475,0.001024,,,,0.086272,0,0.067071999999999993,0.007168,,,,,1.371904
2850,86.504417106009072,19037597041009,4.7787060029804707,4.9867,4.494592,2.2425,14677,0.0012799999999999999,,,,0.08576,0,0.067583999999999991,0.005632,,,,,1.11744
2851,86.509157199546479,19037597090876,4.7400933690369129,5.0915,4.53248,2.237,14475,0.001024,,,,0.08524799999999999,0,0.067071999999999993,0.0076799999999999993,,,,,1.1133439999999999
2852,86.514065199829929,19037597141791,4.9080001190304756,4.7177,4.67712,1.9382,14475,0.001024,,,,0.08576,0,0.067328,0.0076799999999999993,,,,,1.1148799999999999
2853,86.518898802437633,19037597188968,4.83360281214118,4.1017,4.727296,2.0661,14475,0.001024,,,,0.08448,0,0.066048,0.0048639999999999994,,,,,1.11232
2854,86.523511004818587,19037597229985,4.6122022904455662,6.0621,4.776704,1.9641,14595,0.001024,,,,0.08294399999999999,0,0.064767999999999992,0.0076799999999999993,,,,,1.118976
2855,86.528559601757365,19037597290606,5.048596765846014,3.9508,4.589824,2.1932,14475,0.001024,,,,0.086272,0.000256,0.06784,0.007424,,,,,1.115648
2856,86.5337314058957,19037597330114,5.1718042232096195,4.6928,5.025536,2.0792,14475,0.001024,,,,0.084224,0.000256,0.066048,0.007936,,,,,1.3823999999999999
2857,86.538296903344673,19037597377042,4.5654973946511745,4.9775,5.150464,1.9928,14475,0.001024,,,,0.084992,0,0.067071999999999993,0.007424,,,,,1.378048
2858,86.543036500850334,19037597426817,4.73959743976593,4.7642,4.543232,1.8095,14475,0.001024,,,,0.086016,0,0.067583999999999991,0.007424,,,,,1.115904
2859,86.54795809948979,19037597474459,4.9215988256037235,5.1376,4.63872,2.1854,14475,0.001024,,,,0.084992,0,0.066304,0.0076799999999999993,,,,,1.114624
2860,86.5527038052721,19037597525835,4.7457059845328331,5.1683,4.982016,2.0444,14475,0.0012799999999999999,,,,0.086016,0,0.067071999999999993,0.0076799999999999993,,,,,1.109248
2861,86.557677203798178,19037597577518,4.9733985215425491,4.5095,4.725248,2.2019,14475,0.001024,,,,0.08448,0,0.065792,0.007424,,,,,1.1115519999999999
2862,86.56258650085033,19037597622613,4.9092969857156277,4.3553,4.93952,1.9531,14475,0.001024,,,,0.087808,0,0.06912,0.0076799999999999993,,,,,1.453056
2863,86.567731604308392,19037597666166,5.1451036706566811,5.1571,4.904192,1.8004,14475,0.001024,,,,0.08524799999999999,0.000256,0.067071999999999993,0.007424,,,,,1.35296
2864,86.572228706065758,19037597717737,4.4971015304327011,5.3586,5.114112,2.009,14475,0.001024,,,,0.087808,0,0.068864,0.007424,,,,,1.627904
2865,86.57689730017006,19037597771323,4.6685938723385334,4.2832,4.482048,2.0594,14527,0.001024,,,,0.086272,0,0.067583999999999991,0.003328,,,,,1.381632
2866,86.581665405328792,19037597814155,4.76810522377491,5.2137,4.661248,2.0471,14475,0.001024,,,,0.08576,0,0.06784,0.0076799999999999993,,,,,1.300992
2867,86.586375701530613,19037597866292,4.710296168923378,4.4894,4.516096,1.9368,14475,0.001024,,,,0.083456,0.000256,0.065024,0.007424,,,,,1.112064
2868,86.591081101190468,19037597911186,4.7053997404873371,4.591,4.684544,1.89,14475,0.001024,,,,0.342784,0,0.068608,0.0097279999999999988,,,,,1.1130879999999999
2869,86.596030803571423,19037597957096,4.94970241561532,4.6982,4.69632,1.9851,14475,0.001024,,,,0.085504,0,0.067071999999999993,0.006912,,,,,1.109248
2870,86.6008867063492,19037598004078,4.85590286552906,4.9015,4.915712,1.8269,14677,0.001024,,,,0.085504,0.000256,0.067071999999999993,0.003328,,,,,1.284096
2871,86.605835005668936,19037598053093,4.948299378156662,4.6919,4.836096,1.7817,14475,0.001024,,,,0.08524799999999999,0,0.066816,0.007936,,,,,1.36192
2872,86.610419005102031,19037598100012,4.5839995145797729,4.6028,4.936704,2.0653,14475,0.001024,,,,0.082688,0,0.064,0.006656,,,,,1.366016
2873,86.6152,19037598146040,4.7809947282075882,5.879,4.56064,1.8556,14475,0.001024,,,,0.084224,0,0.065792,0.007424,,,,,1.115392
2874,86.61960830498866,19037598204830,4.4083050452172756,3.9993,4.75392,1.9896,14475,0.001024,,,,0.086016,0,0.06784,0.007424,,,,,1.1112959999999998
2875,86.624255902777776,19037598244823,4.6475976705551147,4.7089,4.392704,1.8974,14475,0.0012799999999999999,,,,0.086784,0,0.068096,0.007936,,,,,1.108992
2876,86.628975205498861,19037598291912,4.719302523881197,5.1578,4.619264,1.7857,14475,0.001024,,,,0.08576,0,0.067328,0.003328,,,,,1.115136
2877,86.6339757015306,19037598343490,5.0004958175122738,3.7982,4.695296,1.7381,14475,0.001024,,,,0.08448,0,0.066048,0.007424,,,,,1.2753919999999999
2878,86.639002501417224,19037598381472,5.0268000923097134,4.6493,4.98176,1.8872,14475,0.001024,,,,0.08806399999999999,0,0.069887999999999992,0.007168,,,,,1.6317439999999999
2879,86.64352630385487,19037598427965,4.5238025486469269,4.7848,5.001984,1.8412,14475,0.001024,,,,0.086528,0,0.068096,0.007424,,,,,1.567232
2880,86.648506001984117,19037598475813,4.9796979874372482,5.3831,4.4992,2.1066,14475,0.001024,,,,0.086528,0.000256,0.06784,0.007424,,,,,1.118976
2881,86.653023604024938,19037598529644,4.5176022686064243,4.9194,4.957952,1.9188,14475,0.001024,,,,0.088832,0,0.069632,0.009472,,,,,1.1136
2882,86.657752303004528,19037598578838,4.72869910299778,4.2126,4.495616,1.9741,14475,0.001024,,,,0.087808,0.000256,0.06912,0.003328,,,,,1.112576
2883,86.6626330994898,19037598620964,4.8807966522872448,5.2755,4.708608,1.7957,14475,0.001024,,,,0.08294399999999999,0.000256,0.064,0.0076799999999999993,,,,,1.1097599999999999
2884,86.667661401643983,19037598673719,5.0283023156225681,4.2233,4.868096,1.6809,14475,0.001024,,,,0.089343999999999993,0,0.069887999999999992,0.0076799999999999993,,,,,1.2953599999999998
2885,86.672428401360534,19037598715952,4.7669997438788414,4.7846,5.007872,2.1717,14475,0.001024,,,,0.08576,0,0.067583999999999991,0.007424,,,,,1.370368
2886,86.676973604024937,19037598763798,4.5452024787664413,5.2838,4.73856,1.887,14595,0.001024,,,,0.086016,0,0.068352,0.003328,,,,,1.369856
2887,86.681226105442178,19037598816636,4.2525012977421284,4.8003,4.521728,2.0344,14475,0.001024,,,,0.08576,0,0.06784,0.011264,,,,,1.114624
2888,86.686117502834463,19037598864639,4.8913974314928055,4.7635,4.23424,2.2284,14475,0.001024,,,,0.087808,0.000256,0.068864,0.003584,,,,,1.10848
2889,86.690918204365076,19037598912274,4.8007015138864517,4.6151,4.87808,1.7882,14475,0.001792,,,,0.0832,0,0.064256,0.007424,,,,,1.2953599999999998
2890,86.695761805555549,19037598958425,4.8436010256409645,4.0413,4.771584,1.8739,14475,0.001024,,,,0.087296,0,0.068608,0.007424,,,,,1.115904
2891,86.700547200963712,19037598998838,4.7853952273726463,4.9861,4.825856,1.8358,14475,0.001024,,,,0.08524799999999999,0,0.066816,0.007424,,,,,1.38624
2892,86.705800205498861,19037599048699,5.2530043758451939,4.66,4.75904,1.8933,14677,0.001024,,,,0.08524799999999999,0,0.06656,0.003072,,,,,1.389568
2893,86.710096704931971,19037599095299,4.2964993044734,5.2072,5.244416,2.0356,15038,0.001024,,,,0.08832,0,0.07039999999999999,0.007424,,,,,1.588992
2894,86.715016099773237,19037599147371,4.919394850730896,4.3963,4.272128,1.9958,14475,0.001024,,,,0.082688,0,0.064,0.005888,,,,,1.114624
2895,86.720101303854875,19037599191334,5.0852042622864246,5.1763,4.89088,2.3292,48726,0.001024,,,,0.086784,0,0.068352,0.0076799999999999993,,,,,1.11104
2896,86.724602402210877,19037599243097,4.5010983012616634,4.8966,5.065984,2.0732,14475,0.0012799999999999999,,,,0.089088,0.000256,0.069376,0.00896,,,,,1.2735999999999998
2897,86.7295237032313,19037599292063,4.9213008023798466,4.9445,4.47232,1.9211,14475,0.001024,,,,0.08448,0.000256,0.066048,0.007424,,,,,1.366528
2898,86.734415306122443,19037599341508,4.8916027881205082,4.5857,4.88064,1.977,14475,0.001024,,,,0.08448,0.000256,0.066048,0.007424,,,,,1.366528
2899,86.739168905895681,19037599387365,4.7535998746752739,4.8285,4.883456,1.6744,39932,0.001024,,,,0.08524799999999999,0,0.067071999999999993,0.003072,,,,,1.586176
2900,86.7440830994898,19037599435650,4.9141934141516685,4.5454,4.73472,1.9257,14475,0.001024,,,,0.08576,0,0.067071999999999993,0.007424,,,,,1.370112
2901,86.748794203514734,19037599481104,4.7111040912568569,4.7905,4.907264,2.6742,14475,0.001024,,,,0.08806399999999999,0.000256,0.069887999999999992,0.0076799999999999993,,,,,1.325312
2902,86.753336104024939,19037599529009,4.5419004745781422,5.2126,4.68096,1.9123,14475,0.001024,,,,0.084224,0,0.065792,0.011776,,,,,1.110016
2903,86.758074702380952,19037599581135,4.7385981306433678,4.6708,4.502016,1.8824,26333,0.001024,,,,0.084224,0.000256,0.065536,0.007424,,,,,1.1112959999999998
2904,86.763110005668935,19037599627843,5.0353030674159527,4.7578,4.729856,1.8197,14475,0.0012799999999999999,,,,0.086016,0,0.067071999999999993,0.007936,,,,,1.11232
2905,86.7679450042517,19037599675421,4.8349983990192413,4.6302,5.018112,1.7526,46293,0.001024,,,,0.086016,0,0.066816,0.007424,,,,,1.426688
2906,86.772565702947844,19037599721723,4.6206987462937832,4.9219,4.810752,1.8878,41974,0.001024,,,,0.087551999999999991,0,0.069376,0.0076799999999999993,,,,,1.378048
2907,86.777490306122445,19037599770942,4.9246032722294331,4.5993,4.592128,1.9114,32459,0.001024,,,,0.081152,0.000256,0.062464,0.003072,,,,,1.3806079999999998
2908,86.782148200113369,19037599816935,4.6578939072787762,5.2843,4.907264,2.2453,14475,0.001024,,,,0.086528,0,0.068096,0.011007999999999999,,,,,1.1363839999999998
2909,86.7869485048186,19037599869778,4.8003047704696655,4.9656,4.63104,1.8953,14475,0.0012799999999999999,,,,0.0832,0,0.064512,0.008192,,,,,1.10848
2910,86.791863506235828,19037599919434,4.9150013364851475,4.1771,4.778496,1.7564,14475,0.001024,,,,0.086784,0,0.068608,0.0076799999999999993,,,,,1.114624
2911,86.796558404195011,19037599961205,4.694898147135973,4.9053,4.50432,2.1248,14475,0.001024,,,,0.326144,0,0.3072,0.006656,,,,,1.1115519999999999
2912,86.801393402777776,19037600010258,4.8349983990192413,4.6348,4.673024,1.7756,14620,0.001024,,,,0.097279999999999991,0,0.069376,0.007424,,,,,1.112576
2913,86.806307199546481,19037600056606,4.9137966707348824,5.3211,4.804864,1.9169,14677,0.001024,,,,0.087808,0.000256,0.069376,0.011519999999999999,,,,,1.370368
2914,86.8111360048186,19037600109817,4.8288051038980484,4.6269,4.733184,2.506,14475,0.001024,,,,0.083712,0,0.065792,0.007424,,,,,1.36192
2915,86.815666801303848,19037600156086,4.5307963155210018,4.4117,4.803584,2.0378,14475,0.0012799999999999999,,,,0.086272,0,0.06784,0.003328,,,,,1.38112
2916,86.820333503401358,19037600200203,4.6667018905282021,5.1267,4.514304,1.647,14475,0.001024,,,,0.085504,0.000256,0.067071999999999993,0.0076799999999999993,,,,,1.114624
2917,86.825191099773235,19037600251470,4.8575964756309986,4.5214,4.639744,1.6628,14475,0.001024,,,,0.08524799999999999,0,0.066816,0.010496,,,,,1.1082239999999999
2918,86.829926799886621,19037600296684,4.7357003204524517,4.6173,4.680448,1.8491,14595,0.001024,,,,0.08576,0,0.067328,0.010239999999999999,,,,,1.117184
2919,86.83467230017007,19037600342857,4.7455001622438431,4.601,4.707584,1.7922,14475,0.001024,,,,0.092159999999999992,0.000256,0.067328,0.007424,,,,,1.111808
2920,86.839568700396825,19037600388867,4.8964000307023525,4.8588,4.73344,1.7875,17686,0.001024,,,,0.082688,0,0.064512,0.003072,,,,,1.279488
2921,86.844276403061215,19037600437455,4.7077024355530739,4.9463,4.866816,2.2201,32619,0.001024,,,,0.087296,0,0.068608,0.005888,,,,,1.3841919999999999
2922,86.848973405612242,19037600486918,4.6970024704933167,4.98,4.678144,2.0617,14475,0.001024,,,,0.086528,0,0.068096,0.0076799999999999993,,,,,1.508352
2923,86.853281405895686,19037600536718,4.3080002069473267,4.8915,4.674048,1.7804,14475,0.0012799999999999999,,,,0.088576,0.000256,0.07039999999999999,0.0048639999999999994,,,,,1.1166719999999999
2924,86.858123604024939,19037600585633,4.8421979881823063,4.2012,4.233728,2.1848,14475,0.0012799999999999999,,,,0.080384,0.000256,0.061695999999999994,0.0076799999999999993,,,,,1.10848
2925,86.86318129960317,19037600627645,5.0576957874000072,4.7393,4.879104,1.6715,14475,0.001024,,,,0.08806399999999999,0,0.06912,0.0076799999999999993,,,,,1.11232
2926,86.867931200396825,19037600675038,4.7499006614089012,4.477,5.037056,1.688,14475,0.001024,,,,0.087296,0.000256,0.06912,0.007424,,,,,1.304064
2927,86.872444302721078,19037600719808,4.5131021179258823,4.8356,4.719104,1.936,14475,0.001024,,,,0.085504,0,0.067071999999999993,0.003328,,,,,1.286656
2928,86.877387804705208,19037600768164,4.9435021355748177,4.8993,4.491776,1.8324,20404,0.001024,,,,0.08448,0,0.066304,0.006656,,,,,1.37472
2929,86.881897704081624,19037600817157,4.50989929959178,4.8922,4.929536,1.9079,14475,0.001024,,,,0.08448,0,0.065792,0.007936,,,,,1.295104
2930,86.886505505952371,19037600866079,4.607801791280508,4.7525,4.488192,1.9289,14475,0.001024,,,,0.08576,0.000256,0.067583999999999991,0.0076799999999999993,,,,,1.1079679999999998
2931,86.891166099773244,19037600913604,4.6605938114225864,4.7391,4.53632,2.1633,14475,0.001024,,,,0.08448,0.000256,0.065792,0.0076799999999999993,,,,,1.112064
2932,86.896085501700682,19037600960995,4.9194018356502056,4.73,4.689664,1.7638,14990,0.001024,,,,0.08576,0,0.067328,0.007424,,,,,1.1133439999999999
2933,86.900953401360539,19037601008295,4.86789969727397,4.2718,4.888832,1.9163,14475,0.001024,,,,0.087551999999999991,0.000256,0.069376,0.003584,,,,,1.2802559999999998
2934,86.905743303571427,19037601051013,4.7899023629724979,4.5966,4.846336,1.7909,14677,0.001024,,,,0.089343999999999993,0.000256,0.070656,0.003584,,,,,1.372672
2935,86.910682305839,19037601096979,4.939002450555563,5.2679,4.76928,1.6913,14475,0.001024,,,,0.084735999999999992,0,0.066048,0.003072,,,,,1.389568
2936,86.915422902494328,19037601149658,4.7405967488884926,4.5716,4.685312,1.7819,20917,0.001024,,,,0.087039999999999992,0,0.068352,0.007424,,,,,1.110784
2937,86.919843601190479,19037601195374,4.4206986203789711,4.8697,4.701184,1.8639,14475,0.001024,,,,0.086272,0,0.06784,0.0076799999999999993,,,,,1.1097599999999999
2938,86.9244242063492,19037601244071,4.5806053094565868,4.9623,4.409344,1.9081,14475,0.001024,,,,0.086272,0,0.06784,0.007936,,,,,1.11232
2939,86.92930660430838,19037601293694,4.8823980614542961,4.9878,4.557568,1.9918,14475,0.001024,,,,0.094463999999999992,0,0.070144,0.009472,,,,,1.114368
2940,86.934313003117907,19037601343572,5.006399005651474,4.2597,4.864256,1.9363,14475,0.001024,,,,0.08524799999999999,0.000256,0.067071999999999993,0.003072,,,,,1.2805119999999999
2941,86.939106101190475,19037601386169,4.793098196387291,4.3464,4.983296,1.7729,20259,0.0012799999999999999,,,,0.088576,0.000256,0.069376,0.003328,,,,,1.6499199999999998
2942,86.943663201530612,19037601429633,4.5571001246571541,5.2335,4.767488,1.8254,14475,0.001024,,,,0.087551999999999991,0,0.068352,0.0038399999999999997,,,,,1.377024
2943,86.948779804421761,19037601481968,5.1166028715670109,4.9444,4.534784,1.774,20404,0.001024,,,,0.086016,0,0.068096,0.005376,,,,,1.116928
2944,86.9533700042517,19037601531412,4.5901997946202755,4.6861,5.094912,2.2568,14475,0.001024,,,,0.2304,0,0.211968,0.0076799999999999993,,,,,1.114112
2945,86.958096003401351,19037601578273,4.72599919885397,4.8234,4.555776,1.8446,14475,0.001024,,,,0.08524799999999999,0.000256,0.066816,0.0076799999999999993,,,,,1.1148799999999999
2946,86.962877699829932,19037601626507,4.781696479767561,5.2653,4.720128,1.7908,14475,0.001024,,,,0.086784,0,0.068352,0.007424,,,,,1.114368
2947,86.968068204365082,19037601679160,5.190504714846611,4.0622,4.741888,2.0364,14475,0.001024,,,,0.085504,0,0.067583999999999991,0.0076799999999999993,,,,,1.2869119999999998
2948,86.972625403911564,19037601719782,4.5571997761726379,5.5244,5.160448,1.8523,14475,0.001024,,,,0.080384,0.000256,0.061952,0.0076799999999999993,,,,,1.3642239999999999
2949,86.977627806122442,19037601775026,5.0024022348225117,3.866,4.537088,1.8859,14475,0.001024,,,,0.08448,0,0.066048,0.006656,,,,,1.3926399999999999
2950,86.98223490646258,19037601813686,4.6071005053818226,6.479,4.793088,2.0761,14647,0.001024,,,,0.084224,0,0.066304,0.006656,,,,,1.11232
2951,86.9869464994331,19037601878476,4.71159303560853,3.4347,4.585216,1.8783,14475,0.001024,,,,0.08832,0.000256,0.069887999999999992,0.003072,,,,,1.1112959999999998
2952,86.992008000283448,19037601912823,5.0615007057785988,5.0052,4.691456,1.7929,14475,0.001024,,,,0.089855999999999991,0,0.070656,0.0076799999999999993,,,,,1.117184
2953,86.996806505102043,19037601962875,4.7985049895942211,4.482,5.033728,2.0273,14475,0.001024,,,,0.324096,0,0.305664,0.0076799999999999993,,,,,1.28
2954,87.001656101190477,19037602007695,4.8495959490537643,4.939,4.77952,1.6821,14822,0.001024,,,,0.086784,0,0.068352,0.0076799999999999993,,,,,1.110784
2955,87.006846003401364,19037602057085,5.1899021491408348,5.2125,4.8192,2.0454,14475,0.001024,,,,0.087039999999999992,0,0.06912,0.007424,,,,,1.368832
2956,87.011749206349208,19037602109210,4.9032028764486313,4.8901,5.174272,2.0349,14475,0.001024,,,,0.08576,0,0.067328,0.0076799999999999993,,,,,1.8106879999999999
2957,87.0162281037415,19037602158111,4.47889743372798,5.2328,4.879616,2.0265,14475,0.001024,,,,0.08448,0,0.066048,0.007424,,,,,1.3893119999999999
2958,87.021175800736955,19037602210439,4.9476968124508858,4.653,4.454144,1.8497,14475,0.001024,,,,0.085504,0,0.067328,0.007424,,,,,1.11232
2959,87.025503706065763,19037602256969,4.3279053643345833,4.6742,4.924928,1.8038,14475,0.001024,,,,0.08576,0.000256,0.065792,0.007424,,,,,1.112064
2960,87.030483099489786,19037602303711,4.979393444955349,4.6387,4.319232,1.8622,14475,0.001024,,,,0.086272,0.000256,0.067583999999999991,0.008704,,,,,1.1130879999999999
2961,87.035244302721082,19037602350098,4.7612031921744347,5.1933,4.955136,1.8484,14475,0.001024,,,,0.087551999999999991,0,0.06912,0.003584,,,,,1.266688
2962,87.040032603458044,19037602402031,4.7883009538054466,3.9741,4.742144,1.862,14475,0.001024,,,,0.084224,0,0.065536,0.24831999999999999,,,,,1.1115519999999999
2963,87.045156901927427,19037602441772,5.1242983900010586,4.7458,4.764928,1.8531,14475,0.001024,,,,0.087551999999999991,0,0.068864,0.007936,,,,,1.371648
2964,87.049778904478458,19037602489230,4.6220025978982449,4.8698,5.105408,1.9291,14475,0.0012799999999999999,,,,0.08832,0,0.069376,0.003328,,,,,1.396736
2965,87.055085204081635,19037602537928,5.3062997758388519,5.0802,4.6016,2.0731,14475,0.001024,,,,0.086272,0,0.068352,0.007424,,,,,1.117696
2966,87.059693402777768,19037602588730,4.6081985346972942,4.8489,5.28384,2.0321,14475,0.001024,,,,0.088576,0.000256,0.069887999999999992,0.003328,,,,,1.115136
2967,87.064236302437635,19037602637219,4.5428997837007046,5.0237,4.293376,1.8709,14475,0.001024,,,,0.087551999999999991,0,0.06912,0.0076799999999999993,,,,,1.111808
2968,87.069098901643983,19037602687456,4.8625990748405457,5.4321,4.535296,1.811,14475,0.001024,,,,0.087551999999999991,0,0.068608,0.003328,,,,,1.114624
2969,87.073681299603166,19037602741777,4.5823981054127216,4.0355,4.846848,2.0157,14475,0.0012799999999999999,,,,0.087039999999999992,0.000256,0.068608,0.007424,,,,,1.29664
2970,87.078701403061217,19037602782132,5.0201034173369408,4.9227,4.560384,1.8647,14475,0.0012799999999999999,,,,0.088576,0,0.070144,0.005376,,,,,1.115648
2971,87.083644104308391,19037602831359,4.9427011981606483,4.8924,4.992,1.5664,14475,0.001024,,,,0.084224,0.000256,0.065536,0.008192,,,,,1.408256
2972,87.088737003968248,19037602880283,5.0928997807204723,4.1855,4.922624,2.4991,14475,0.001024,,,,0.083456,0,0.065024,0.0076799999999999993,,,,,1.382144
2973,87.0932542020975,19037602922138,4.5171980746090412,5.6546,5.093632,1.8406,14475,0.001024,,,,0.084224,0,0.065792,0.003328,,,,,1.1164159999999999
2974,87.097466099773243,19037602978684,4.2118974961340427,4.5346,4.229632,2.2714,14475,0.001024,,,,0.084735999999999992,0,0.066048,0.003328,,,,,1.118464
2975,87.102351303854874,19037603024030,4.8852041363716125,5.0275,4.192768,2.1571,14677,0.001024,,,,0.084735999999999992,0,0.065279999999999991,0.0076799999999999993,,,,,1.110016
2976,87.10712560232426,19037603074305,4.7742985188961029,4.531,4.873984,2.2829,14475,0.003328,,,,0.08524799999999999,0.000256,0.066304,0.009216,,,,,1.28256
2977,87.111968501984123,19037603119615,4.8428997397422791,4.4785,4.752896,1.8304,14475,0.001024,,,,0.08832,0,0.069632,0.0076799999999999993,,,,,1.275136
2978,87.1169711026077,19037603164400,5.0026006065309048,4.7756,4.81152,1.8022,14475,0.001024,,,,0.086016,0,0.06784,0.007424,,,,,1.66144
2979,87.121530605158725,19037603212156,4.5595024712383747,4.4618,4.808448,1.824,14475,0.001024,,,,0.086272,0,0.06784,0.007424,,,,,1.39008
2980,87.125818905895684,19037603256774,4.28830087184906,5.4632,4.518144,1.738,14475,0.001024,,,,0.083712,0,0.065024,0.0076799999999999993,,,,,1.115904
2981,87.130928202947842,19037603311406,5.10929711163044,4.2886,4.276736,1.8293,14475,0.001024,,,,0.089343999999999993,0.000256,0.070912,0.007424,,,,,1.110016
2982,87.135732001133789,19037603354292,4.8037981614470482,4.7208,5.092096,2.4183,14595,0.001024,,,,0.086784,0,0.068352,0.003328,,,,,1.1115519999999999
2983,87.140455201247164,19037603401500,4.7232001088559628,4.4537,4.774656,1.956,14475,0.001024,,,,0.088576,0.000256,0.069887999999999992,0.0076799999999999993,,,,,1.108736
2984,87.1454919005102,19037603446037,5.0366991199553013,5.0618,4.706048,1.9703,14475,0.001024,,,,0.084992,0,0.066816,0.007424,,,,,1.2838399999999999
2985,87.150177005385487,19037603496655,4.6851048246026039,5.0291,5.013504,2.2914,14475,0.001024,,,,0.08576,0.000256,0.067328,0.003072,,,,,1.368064
2986,87.154926303854879,19037603546946,4.7492985613644123,5.111,4.657664,1.8333,14475,0.001024,,,,0.08448,0,0.066048,0.007424,,,,,1.115904
2987,87.159455399659862,19037603598056,4.529095720499754,4.675,4.732672,2.0539,14475,0.001024,,,,0.086016,0,0.067328,0.007424,,,,,1.1136
2988,87.1645077026644,19037603644806,5.0523029640316963,4.8991,4.503552,1.8895,14475,0.001024,,,,0.086528,0,0.068352,0.007424,,,,,1.113856
2989,87.169141404478452,19037603693797,4.6337018720805645,4.6004,5.021952,1.7192,14475,0.0012799999999999999,,,,0.08806399999999999,0.000256,0.068864,0.007936,,,,,1.28128
2990,87.173667899659861,19037603739801,4.52649500221014,4.3156,4.626176,1.6514,14475,0.001024,,,,0.08576,0,0.067583999999999991,0.003328,,,,,1.11616
2991,87.178499503968254,19037603782957,4.8316041938960552,4.8683,4.493056,1.9169,14475,0.001024,,,,0.08524799999999999,0.000256,0.067328,0.007424,,,,,1.11616
2992,87.183479804421765,19037603831640,4.9803005531430244,4.6568,4.813312,2.1007,14527,0.001024,,,,0.084735999999999992,0.000256,0.066816,0.0076799999999999993,,,,,1.3872639999999998
2993,87.188200403911566,19037603878208,4.720599390566349,5.2421,4.957184,1.8614,14475,0.001024,,,,0.087296,0,0.068864,0.008704,,,,,1.380352
2994,87.1925904053288,19037603930629,4.39000129699707,4.2347,4.700416,1.9856,14475,0.0012799999999999999,,,,0.088576,0.000256,0.070144,0.003072,,,,,1.114368
2995,87.197561203231288,19037603972976,4.9707978032529354,5.0323,4.372992,2.3686,17024,0.0012799999999999999,,,,0.08832,0,0.069887999999999992,0.0076799999999999993,,,,,1.117184
2996,87.202196903344671,19037604023299,4.635700024664402,4.9423,4.920064,1.9961,14677,0.0012799999999999999,,,,0.0832,0,0.064767999999999992,0.003328,,,,,1.1097599999999999
2997,87.207326502267577,19037604072722,5.1295990124344826,4.6949,4.62336,1.9649,14475,0.001024,,,,0.086784,0,0.068352,0.0076799999999999993,,,,,1.112576
2998,87.212387499999991,19037604119671,5.0609977915883064,4.3418,5.102592,1.8885,14475,0.001024,,,,0.085504,0,0.067583999999999991,0.012032,,,,,1.2838399999999999
2999,87.21715040391156,19037604163089,4.7629037871956825,4.7367,5.03424,1.8435,14475,0.001024,,,,0.084992,0,0.067328,0.003072,,,,,1.693184
3000,87.2218825042517,19037604210456,4.7321002930402756,5.0845,4.757504,1.773,14475,0.001024,,,,0.087551999999999991,0.000256,0.06912,0.007424,,,,,1.386496
3001,87.226105902777775,19037604261301,4.2233983986079693,4.8792,4.685312,1.8857,14475,0.001024,,,,0.086016,0.000256,0.067071999999999993,0.009472,,,,,1.374464
3002,87.230886004818586,19037604310093,4.7801020555198193,4.7044,4.218368,1.7996,14475,0.001024,,,,0.08832,0,0.06912,0.003072,,,,,1.110784
3003,87.235763300736963,19037604357137,4.8772958107292652,4.8473,4.757248,1.9644,14475,0.001024,,,,0.085504,0,0.067071999999999993,0.0076799999999999993,,,,,1.114624
3004,87.240833404195,19037604405610,5.070103332400322,4.7055,4.855808,2.1256,14475,0.001024,,,,0.339456,0,0.067583999999999991,0.0048639999999999994,,,,,1.112064
3005,87.245547604875284,19037604452665,4.7142007388174534,4.2111,5.0048,1.9639,14475,0.001024,,,,0.084735999999999992,0,0.066048,0.008192,,,,,1.296384
3006,87.2503330994898,19037604494776,4.7854944132268429,5.5824,4.739584,1.8884,14475,0.001024,,,,0.087296,0.000256,0.068352,0.003328,,,,,1.3639679999999998
3007,87.255076906179141,19037604550600,4.7438065521419048,4.7358,4.750592,1.7803,14475,0.001024,,,,0.087296,0,0.068608,0.003328,,,,,1.3657599999999999
3008,87.259923504818588,19037604597958,4.8465984873473644,4.4114,4.742144,2.0945,14475,0.0012799999999999999,,,,0.086016,0,0.067583999999999991,0.0097279999999999988,,,,,1.2938239999999999
3009,87.264613704648525,19037604642072,4.6901996247470379,4.9708,4.55936,1.7856,14475,0.001024,,,,0.085504,0,0.067071999999999993,0.007936,,,,,1.112832
3010,87.269635303287984,19037604691780,5.0215986557304859,4.4412,4.670208,1.8037,14475,0.001024,,,,0.086272,0,0.067071999999999993,0.008192,,,,,1.111808
3011,87.2741663052721,19037604736192,4.5310021378099918,5.0645,5.00096,1.9116,14475,0.001024,,,,0.087296,0.000256,0.068864,0.007424,,,,,1.1136
3012,87.27912690617913,19037604786837,4.9606007523834705,4.6196,4.510464,1.8133,14475,0.001024,,,,0.086784,0,0.068352,0.007424,,,,,1.116928
3013,87.283967899659856,19037604833033,4.8409933224320412,5.1878,4.9344,1.8356,14475,0.001024,,,,0.08806399999999999,0,0.070144,0.003584,,,,,1.3521919999999998
3014,87.288806001984128,19037604884911,4.8381024971604347,4.3437,4.826624,1.8775,14595,0.0012799999999999999,,,,0.084992,0,0.06656,0.007424,,,,,1.371904
3015,87.2935494047619,19037604928348,4.743402823805809,5.3218,4.819968,1.8464,14475,0.001024,,,,0.086528,0,0.068096,0.007424,,,,,1.384704
3016,87.298406200396826,19037604981566,4.8567955382168293,4.6679,4.727808,2.2683,14475,0.001024,,,,0.086784,0,0.068608,0.0076799999999999993,,,,,1.119488
3017,87.302899100056692,19037605028245,4.4928998686373234,4.8285,4.60288,1.7291,14677,0.001024,,,,0.086016,0,0.067583999999999991,0.0076799999999999993,,,,,1.115392
3018,87.307567304421767,19037605076530,4.6682045795023441,4.5491,4.460288,2.0969,14475,0.001024,,,,0.32051199999999996,0,0.065792,0.00896,,,,,1.11232
3019,87.3123827026644,19037605122021,4.8153982497751713,5.3698,4.654592,2.056,14475,0.001024,,,,0.084992,0,0.066816,0.007936,,,,,1.380352
3020,87.3171876062925,19037605175719,4.8049036413431168,4.4107,4.791808,1.9334,14475,0.001024,,,,0.086016,0,0.06784,0.003328,,,,,1.288192
3021,87.322119203514731,19037605219826,4.931597039103508,4.3933,4.771584,2.5348,14475,0.001024,,,,0.087296,0,0.068352,0.007168,,,,,1.369344
3022,87.326623001700682,19037605263759,4.5037982054054737,5.0953,4.924416,1.9585,14475,0.001024,,,,0.08448,0,0.066048,0.0076799999999999993,,,,,1.5562239999999998
3023,87.331134800170062,19037605314712,4.5117982663214207,4.7655,4.47616,1.7146,14475,0.0012799999999999999,,,,0.084735999999999992,0.000256,0.06656,0.0076799999999999993,,,,,1.119488
3024,87.335870705782312,19037605362367,4.7359056770801544,4.657,4.497408,2.0735,14475,0.001024,,,,0.086272,0,0.06784,0.0038399999999999997,,,,,1.115904
3025,87.340938399943312,19037605408937,5.0676940008997917,4.5651,4.709888,1.9177,14475,0.001024,,,,0.087808,0,0.06912,0.0076799999999999993,,,,,1.112064
3026,87.345793799603172,19037605454588,4.8553994856774807,4.5654,5.040384,1.6986,14475,0.001024,,,,0.085504,0.000256,0.067328,0.0076799999999999993,,,,,1.669632
3027,87.350724000850335,19037605500242,4.9302014522254467,4.4006,4.845056,1.9912,14475,0.0012799999999999999,,,,0.087296,0,0.068864,0.007168,,,,,1.286144
3028,87.355500304705217,19037605544248,4.77630365639925,5.7276,4.895232,2.0108,14475,0.001024,,,,0.08448,0,0.06656,0.003584,,,,,1.38368
3029,87.3601783021542,19037605601524,4.6779974363744259,4.2633,4.767232,1.9498,14475,0.0012799999999999999,,,,0.08832,0,0.069632,0.003072,,,,,1.1164159999999999
3030,87.364667701247157,19037605644157,4.4893990270793438,5.1981,4.657408,1.8534,14475,0.001024,,,,0.087039999999999992,0,0.068608,0.011264,,,,,1.112576
3031,87.369504903628112,19037605696138,4.8372023738920689,4.5432,4.479232,1.9824,14475,0.001024,,,,0.08832,0,0.069887999999999992,0.007424,,,,,1.1136
3032,87.3740492063492,19037605741570,4.5443028211593628,5.1711,4.806144,1.8557,14475,0.001024,,,,0.086272,0.000256,0.068096,0.008192,,,,,1.11616
3033,87.379007001133786,19037605793281,4.9577946774661541,4.2356,4.532736,1.8645,14475,0.001024,,,,0.087296,0,0.068864,0.0076799999999999993,,,,,1.1182079999999999
3034,87.384305002834466,19037605835637,5.298001691699028,4.455,4.94336,1.8867,14527,0.001024,,,,0.085504,0.000256,0.067071999999999993,0.003328,,,,,1.3591039999999999
3035,87.389185905612237,19037605880187,4.880902823060751,4.6964,5.270528,1.6622,14475,0.001024,,,,0.086272,0,0.06784,0.007936,,,,,1.3941759999999999
3036,87.393729804421767,19037605927151,4.54389862716198,5.2992,4.868608,1.7887,14475,0.001024,,,,0.08448,0,0.065792,0.007168,,,,,1.38496
3037,87.398739703798185,19037605980143,5.0098993815481663,4.8035,4.525056,2.0335,14475,0.001024,,,,0.086272,0,0.068352,0.009472,,,,,1.1197439999999999
3038,87.403339406179128,19037606028178,4.5997025445103645,4.9933,4.988416,1.9597,14677,0.001024,,,,0.09088,0,0.071936,0.003072,,,,,1.115904
3039,87.40801490221088,19037606078111,4.6754959039390087,4.4396,4.524032,1.7336,32046,0.001024,,,,0.08524799999999999,0,0.06656,0.0076799999999999993,,,,,1.114368
3040,87.412950800736951,19037606122507,4.93589835241437,5.0445,4.710656,1.8024,28860,0.001024,,,,0.086784,0,0.068096,0.007424,,,,,1.114624
3041,87.417762705498859,19037606172952,4.8119048587977886,4.5755,4.916224,2.1064,20917,0.001024,,,,0.084224,0,0.065536,0.003328,,,,,1.536768
3042,87.422730803571426,19037606218707,4.9680978991091251,4.7043,4.788992,1.9501,14475,0.001024,,,,0.084992,0,0.06656,0.007424,,,,,1.373696
3043,87.427304102891156,19037606265750,4.5732995495200157,4.8584,4.9472,2.0811,14475,0.001024,,,,0.083712,0,0.065279999999999991,0.003328,,,,,1.11232
3044,87.432139902210878,19037606314334,4.8357993364334106,5.0146,4.561408,2.0788,14475,0.001024,,,,0.08524799999999999,0,0.066816,0.0076799999999999993,,,,,1.115392
3045,87.4368952026644,19037606364480,4.7553004696965218,4.8326,4.50816,2.0034,14475,0.001024,,,,0.08448,0,0.06656,0.003584,,,,,1.112064
3046,87.441682001133785,19037606412806,4.7867982648313046,4.6668,4.7296,1.8389,14595,0.001024,,,,0.088832,0,0.068864,0.007936,,,,,1.110272
3047,87.446321201814058,19037606459474,4.6392008662223816,4.9838,4.77312,1.8856,14475,0.001024,,,,0.087808,0.000256,0.06912,0.0076799999999999993,,,,,1.1115519999999999
3048,87.451275,19037606509312,4.9537983722984791,5.0257,4.60672,1.9201,14475,0.001024,,,,0.087808,0,0.068864,0.0076799999999999993,,,,,1.10848
3049,87.4562211026077,19037606559569,4.9461023882031441,4.3164,4.92416,1.7764,14475,0.0012799999999999999,,,,0.084735999999999992,0.000256,0.066304,0.004096,,,,,1.381888
3050,87.461044600340131,19037606602733,4.8234979622066021,4.5423,4.94592,1.9074,14475,0.001024,,,,0.083968,0.000256,0.066048,0.0076799999999999993,,,,,1.375232
3051,87.465618303571432,19037606648156,4.5737032778561115,5.259,4.8,1.7413,14475,0.001024,,,,0.08576,0.000256,0.067583999999999991,0.0076799999999999993,,,,,1.3806079999999998
3052,87.470504003684809,19037606700746,4.8857000656425953,4.8769,4.544,1.7532,14475,0.001024,,,,0.086272,0,0.06784,0.003072,,,,,1.117184
3053,87.4752029053288,19037606749515,4.6989014372229576,4.9793,4.868608,2.1183,14475,0.001024,,,,0.085504,0,0.067071999999999993,0.007424,,,,,1.116928
3054,87.479741000566889,19037606799308,4.5380950905382633,4.1865,4.528896,1.9536,14475,0.001024,,,,0.085504,0.000256,0.066816,0.007424,,,,,1.112064
3055,87.484270904195014,19037606841173,4.5299036428332329,5.298,4.497408,1.999,14475,0.001024,,,,0.086016,0,0.067328,0.007168,,,,,1.1097599999999999
3056,87.489117701247167,19037606894153,4.8467968590557575,4.3206,4.512,1.8545,14475,0.0012799999999999999,,,,0.083456,0.000256,0.065024,0.0076799999999999993,,,,,1.387776
3057,87.494276906179138,19037606937359,5.159204825758934,4.5755,4.824576,1.8961,14475,0.001024,,,,0.087039999999999992,0,0.06912,0.0076799999999999993,,,,,1.368832
3058,87.49879900085034,19037606983114,4.5220945030450821,5.1225,5.138176,2.0025,14475,0.001024,,,,0.087296,0,0.068352,0.007424,,,,,1.116928
3059,87.503479301303855,19037607034339,4.68030059710145,4.3381,4.505856,1.705,14677,0.001024,,,,0.084735999999999992,0.000256,0.065792,0.007424,,,,,1.1115519999999999
3060,87.5082505031179,19037607077720,4.7712018713355064,5.0991,4.642304,1.8778,14475,0.001024,,,,0.08448,0,0.065536,0.007936,,,,,1.1133439999999999
3061,87.513116404478453,19037607128711,4.8659015446901321,4.8967,4.690176,1.9031,14475,0.001024,,,,0.08806399999999999,0,0.069887999999999992,0.007936,,,,,1.1148799999999999
3062,87.51783170351473,19037607177678,4.7152992337942123,4.508,4.903424,1.8025,14475,0.001024,,,,0.08524799999999999,0,0.067071999999999993,0.0076799999999999993,,,,,1.278464
3063,87.522363300736956,19037607222758,4.5315972529351711,4.8276,4.699904,1.9426,14475,0.001024,,,,0.084735999999999992,0,0.066304,0.007424,,,,,1.28256
3064,87.52689700255101,19037607271034,4.5337020419538021,4.8738,4.512,1.8414,14475,0.001024,,,,0.08448,0,0.065792,0.007424,,,,,1.391616
3065,87.531817304421764,19037607319772,4.9203019589185715,4.5367,4.49792,1.7742,14475,0.001024,,,,0.087296,0,0.06912,0.007424,,,,,1.107456
3066,87.536682199546476,19037607365139,4.86489525064826,4.5301,4.904192,1.8823,14475,0.24473599999999998,,,,0.085504,0,0.066816,0.003328,,,,,1.112576
3067,87.541390100623573,19037607410440,4.7079012729227543,4.6377,4.849152,1.9112,14475,0.001024,,,,0.086272,0.000256,0.067328,0.006912,,,,,1.11616
3068,87.546204301303845,19037607456817,4.8142005689442158,4.8966,4.681472,1.7573,14475,0.001024,,,,0.08576,0.000256,0.067583999999999991,0.007424,,,,,1.113856
3069,87.551162003968244,19037607505783,4.9577024765312672,4.6681,4.790528,1.7799,14475,0.001792,,,,0.084992,0,0.066304,0.007424,,,,,1.398016
3070,87.555987804705211,19037607552464,4.8258006572723389,4.6082,4.934656,1.9922,14475,0.001024,,,,0.087296,0,0.068352,0.0084479999999999989,,,,,1.359872
3071,87.560817899659867,19037607598546,4.8300949856638908,5.032,4.81408,1.8139,14475,0.001024,,,,0.081664,0.000256,0.06297599999999999,0.007424,,,,,1.378816
3072,87.565364002267572,19037607648866,4.5461026020348072,5.1872,4.812032,1.7344,14475,0.001024,,,,0.087296,0,0.06912,0.007424,,,,,1.1136
3073,87.570371605725626,19037607700738,5.0076036714017391,4.4244,4.515328,2.0398,14475,0.0012799999999999999,,,,0.08524799999999999,0.000256,0.06656,0.007424,,,,,1.114112
3074,87.574953706065756,19037607744982,4.582100547850132,5.3905,4.988928,1.7527,14475,0.001024,,,,0.275712,0,0.068608,0.0076799999999999993,,,,,1.133568
3075,87.57946550453515,19037607798887,4.5117982663214207,4.0439,4.52736,1.8522,14475,0.001024,,,,0.085504,0,0.066816,0.007424,,,,,1.11744
3076,87.584277303004527,19037607839326,4.8117986880242825,4.9473,4.525568,1.9777,14527,0.001024,,,,0.083456,0,0.064767999999999992,0.007424,,,,,1.381888
3077,87.5891088010204,19037607888799,4.8314980231225491,4.6446,4.784128,1.8966,14475,0.001024,,,,0.084224,0.000256,0.065792,0.006144,,,,,1.6281599999999998
3078,87.593955704365072,19037607935245,4.846903495490551,4.8008,4.808704,1.9234,14595,0.001024,,,,0.087296,0,0.068608,0.009984,,,,,1.372672
3079,87.598828202947843,19037607983253,4.8724985681474209,4.5739,4.581632,1.9379,14475,0.001024,,,,0.086016,0,0.067583999999999991,0.009472,,,,,1.1164159999999999
3080,87.603334105725622,19037608028992,4.5059029944241047,4.753,4.845056,2.0286,14677,0.001024,,,,0.089855999999999991,0.000256,0.071424,0.003328,,,,,1.115136
3081,87.6082744047619,19037608076522,4.9402988515794277,4.9742,4.476672,1.9214,14475,0.001024,,,,0.087808,0.000256,0.069376,0.007424,,,,,1.1148799999999999
3082,87.612864803004527,19037608126264,4.5903981663286686,5.3543,4.852736,1.9215,14475,0.0012799999999999999,,,,0.086528,0,0.06784,0.007424,,,,,1.1148799999999999
3083,87.6177373015873,19037608179807,4.8724985681474209,4.2019,4.636928,2.0299,14475,0.001024,,,,0.086272,0,0.068096,0.007424,,,,,1.366272
3084,87.622271903344668,19037608221826,4.5346016995608807,5.5461,4.853504,1.9836,14475,0.0012799999999999999,,,,0.08294399999999999,0,0.064256,0.0084479999999999989,,,,,1.4074879999999999
3085,87.626805803571429,19037608277287,4.5339004136621952,4.3271,4.519168,1.6665,14475,0.001024,,,,0.082688,0,0.064,0.0076799999999999993,,,,,1.3806079999999998
3086,87.631474100056693,19037608320558,4.6682963147759438,4.29,4.49536,1.8776,14475,0.001024,,,,0.087039999999999992,0,0.068608,0.0076799999999999993,,,,,1.1136
3087,87.636371903344667,19037608363458,4.8978030681610107,4.7683,4.66432,1.657,14475,0.001024,,,,0.084992,0,0.066816,0.011519999999999999,,,,,1.112064
3088,87.641178706065759,19037608411141,4.8068026080727577,4.2039,4.871936,1.6508,14475,0.001024,,,,0.085504,0.000256,0.067583999999999991,0.007424,,,,,1.304064
3089,87.646208205782315,19037608453180,5.0294995307922363,4.637,4.790528,1.7888,14475,0.001024,,,,0.087039999999999992,0,0.068352,0.007168,,,,,1.114624
3090,87.650973306405888,19037608499550,4.7651007771492,5.2372,5.006336,1.8025,14475,0.001024,,,,0.086784,0,0.068096,0.0084479999999999989,,,,,1.326848
3091,87.655793601190467,19037608551922,4.8202946782112122,4.643,4.751104,1.8463,20259,0.001024,,,,0.08524799999999999,0.000256,0.067328,0.007936,,,,,1.363456
3092,87.661023200113377,19037608598352,5.229598842561245,4.8661,4.806912,1.8958,20404,0.001024,,,,0.087039999999999992,0,0.068352,0.006656,,,,,1.3555199999999998
3093,87.665806200396815,19037608647013,4.7830003313720226,4.8007,5.196032,2.1239,14475,0.001024,,,,0.0896,0,0.071424,0.007168,,,,,1.2871679999999999
3094,87.670008701814055,19037608695020,4.2025013826787472,5.3786,4.702208,2.1852,14475,0.001024,,,,0.087551999999999991,0.000256,0.068864,0.007424,,,,,1.296384
3095,87.674533205782311,19037608748806,4.5245038345456123,5.1609,4.25216,1.7817,14475,0.001024,,,,0.087296,0,0.068864,0.007936,,,,,1.1097599999999999
3096,87.67939250283446,19037608800415,4.8592970706522465,4.311,4.486912,1.8876,14475,0.001024,,,,0.08806399999999999,0,0.06912,0.003072,,,,,1.114368
3097,87.684234601757367,19037608843525,4.84209880232811,4.2066,4.6656,1.7581,14475,0.001024,,,,0.084224,0,0.065792,0.0076799999999999993,,,,,1.37856
3098,87.68903030045351,19037608885591,4.7956989146769047,4.545,4.813056,1.6424,14475,0.001024,,,,0.083712,0,0.065792,0.0076799999999999993,,,,,1.6535039999999999
3099,87.693584601757365,19037608931041,4.5543015003204346,4.8985,4.77312,1.7593,14475,0.001024,,,,0.086016,0.000256,0.06784,0.007424,,,,,1.376256
3100,87.698513903061226,19037608980026,4.9293013289570808,4.8505,4.535296,1.9835,14475,0.001024,,,,0.086528,0,0.068096,0.007168,,,,,1.115648
3101,87.703081703514741,19037609028531,4.5678005553781986,4.937,4.923392,1.7861,14822,0.001024,,,,0.087808,0,0.069376,0.007424,,,,,1.115648
3102,87.707918501984125,19037609077901,4.8367986455559731,4.4477,4.529408,2.0716,14475,0.001024,,,,0.084992,0,0.06656,0.007424,,,,,1.114368
3103,87.713085905612246,19037609122378,5.1674037240445614,5.2234,4.82048,1.8675,14475,0.0012799999999999999,,,,0.083968,0,0.065792,0.003328,,,,,1.1136
3104,87.718092304421759,19037609174612,5.006399005651474,4.4758,5.151488,1.9209,14475,0.001024,,,,0.087551999999999991,0.000256,0.068864,0.007168,,,,,1.63584
3105,87.722662606292516,19037609219370,4.5703020878136158,4.9129,4.997376,1.9026,14475,0.001024,,,,0.08576,0,0.067071999999999993,0.007424,,,,,1.375488
3106,87.727441305272109,19037609268499,4.778699018061161,4.8151,4.542464,1.8075,14475,0.001024,,,,0.08294399999999999,0,0.063744,0.003072,,,,,1.36704
3107,87.732038704648517,19037609316650,4.5973993837833405,5.0577,4.51072,2.0498,14475,0.001024,,,,0.086016,0,0.067583999999999991,0.0076799999999999993,,,,,1.112832
3108,87.73676530612245,19037609367227,4.7266012988984585,4.5098,4.57216,1.9278,14475,0.001024,,,,0.087039999999999992,0.000256,0.068864,0.009472,,,,,1.114624
3109,87.741478706065763,19037609412325,4.7133998014032841,5.0001,4.702464,1.8493,14475,0.001024,,,,0.086016,0.000256,0.067583999999999991,0.0076799999999999993,,,,,1.1115519999999999
3110,87.746272505668927,19037609462326,4.7937994822859764,4.4137,4.697344,1.8926,14595,0.001024,,,,0.086528,0,0.06784,0.003584,,,,,1.109504
3111,87.751252104591828,19037609506463,4.9795988015830517,4.8152,4.763648,1.8509,14475,0.001024,,,,0.08832,0,0.069887999999999992,0.007424,,,,,1.27488
3112,87.756276700680274,19037609554615,5.0245961174368858,4.8984,4.9664,1.998,14475,0.001024,,,,0.084224,0,0.065792,0.0076799999999999993,,,,,1.632256
3113,87.761063300736964,19037609603599,4.7865998931229115,4.571,4.999424,1.9652,14475,0.001024,,,,0.086784,0.000256,0.067328,0.007936,,,,,1.3888
3114,87.765622803287982,19037609649309,4.5595024712383747,5.2265,4.770816,1.8542,14475,0.001024,,,,0.089088,0,0.070656,0.003328,,,,,1.391616
3115,87.77075550595238,19037609701574,5.1327026449143887,4.7572,4.541184,1.84,14475,0.001024,,,,0.087039999999999992,0,0.068608,0.011776,,,,,1.116928
3116,87.775031299603171,19037609749146,4.2757936753332615,4.9153,5.110528,1.7463,14475,0.001024,,,,0.08524799999999999,0,0.06656,0.007168,,,,,1.11232
3117,87.779894501133782,19037609798299,4.8632016405463219,4.6245,4.26368,1.855,14475,0.001024,,,,0.086784,0,0.06784,0.0076799999999999993,,,,,1.11616
3118,87.7847494047619,19037609844544,4.854903556406498,5.389,4.838144,1.7573,14527,0.001024,,,,0.082688,0,0.064256,0.010752,,,,,1.113856
3119,87.789720904195008,19037609898434,4.9714995548129082,3.9276,4.832512,1.8691,14475,0.001024,,,,0.086016,0,0.067328,0.007936,,,,,1.388288
3120,87.794672604875274,19037609937710,4.9517005681991577,4.6888,4.942336,1.8279,14475,0.001024,,,,0.08524799999999999,0,0.067071999999999993,0.007424,,,,,1.366272
3121,87.799372406462581,19037609984598,4.6998015604913235,4.9402,4.945664,1.6529,14475,0.001024,,,,0.083968,0.000256,0.065536,0.007424,,,,,1.3975039999999999
3122,87.80383820153061,19037610034000,4.4657951220870018,5.0978,4.668416,1.9334,14677,0.001024,,,,0.086016,0,0.06784,0.007424,,,,,1.28128
3123,87.808582603458049,19037610084978,4.7444021329283714,5.1502,4.452608,1.7471,14475,0.0012799999999999999,,,,0.086016,0,0.067328,0.006656,,,,,1.1130879999999999
3124,87.813432405045347,19037610136480,4.8498017713427544,4.6959,4.727808,1.8545,14475,0.001024,,,,0.084735999999999992,0,0.066304,0.007424,,,,,1.117952
3125,87.818325205498866,19037610183439,4.8928004689514637,4.459,4.832768,1.8584,14475,0.001024,,,,0.087296,0,0.068608,0.0076799999999999993,,,,,1.290752
3126,87.822917502834457,19037610228029,4.5922971330583096,4.4339,4.866816,1.9545,14475,0.0012799999999999999,,,,0.085504,0,0.067328,0.003328,,,,,1.387008
3127,87.827696903344673,19037610272368,4.7794003039598465,4.765,4.561408,1.6875,14475,0.001024,,,,0.087039999999999992,0,0.068608,0.011264,,,,,1.1136
3128,87.8326417020975,19037610320018,4.9447985365986824,4.8951,4.768,1.9879,14475,0.001024,,,,0.08576,0,0.067328,0.007424,,,,,1.3808639999999999
3129,87.837643303571426,19037610368969,5.0016012974083424,4.5653,4.928256,2.0171,14475,0.001024,,,,0.086784,0.000256,0.068352,0.0076799999999999993,,,,,1.273088
3130,87.842333503401363,19037610414622,4.6901996247470379,5.4763,4.97536,1.9162,14475,0.001024,,,,0.086016,0.000256,0.06784,0.007936,,,,,1.1115519999999999
3131,87.847203904478448,19037610469385,4.8704012297093868,4.5111,4.672768,1.7755,14475,0.001024,,,,0.102144,0,0.083456,0.006656,,,,,1.1112959999999998
3132,87.85206070011337,19037610514496,4.8567955382168293,4.6817,4.742144,1.7031,14475,0.001024,,,,0.087296,0,0.068096,0.007424,,,,,1.1315199999999999
3133,87.85683920068027,19037610561313,4.7785006463527679,4.6594,4.917504,1.9707,14475,0.0012799999999999999,,,,0.08524799999999999,0.000256,0.066816,0.007424,,,,,1.513216
3134,87.86177880527211,19037610607907,4.9396045506000519,4.9093,4.774656,1.8424,14475,0.001024,,,,0.08448,0,0.065792,0.0051199999999999996,,,,,1.288448
3135,87.866650304705217,19037610657000,4.8714992590248585,4.9655,4.915968,1.9866,14475,0.0012799999999999999,,,,0.087039999999999992,0,0.068608,0.007424,,,,,1.39392
3136,87.871355605158726,19037610706655,4.7053005546331406,4.828,4.850432,1.9478,14475,0.0012799999999999999,,,,0.086272,0,0.067583999999999991,0.007424,,,,,1.396992
3137,87.875827005385489,19037610754935,4.4714002870023251,4.7976,4.680704,1.7876,14475,0.001024,,,,0.08448,0,0.066048,0.007424,,,,,1.114624
3138,87.880671903344663,19037610802911,4.8448978923261166,4.8196,4.459264,1.8536,14475,0.001024,,,,0.087296,0,0.06912,0.0076799999999999993,,,,,1.114368
3139,87.88556260629251,19037610851107,4.89070313051343,4.8104,4.817664,1.7767,14475,0.001024,,,,0.08524799999999999,0,0.06656,0.007424,,,,,1.120256
3140,87.890106901927439,19037610899211,4.5442958362400532,4.7272,4.867072,1.8381,64002,0.001024,,,,0.242176,0,0.22399999999999998,0.00896,,,,,1.299712
3141,87.895084204931976,19037610946483,4.9773030914366245,4.6272,4.524544,2.0913,28860,0.001024,,,,0.088576,0,0.07039999999999999,0.007936,,,,,1.384448
3142,87.900075304705211,19037610992755,4.9910997040569782,5.1397,4.944896,1.8913,14595,0.0012799999999999999,,,,0.086528,0,0.06784,0.0076799999999999993,,,,,1.382144
3143,87.905122101757371,19037611044152,5.04679698497057,4.4061,4.97664,2.0042,79967,0.001024,,,,0.087551999999999991,0,0.06912,0.0076799999999999993,,,,,1.3642239999999999
3144,87.909684700963709,19037611088213,4.5625991187989712,4.911,4.651264,2.3257,14475,0.001024,,,,0.087296,0,0.069376,0.006912,,,,,1.110528
3145,87.914116503684809,19037611137323,4.4318027794361115,5.7432,4.388352,2.1936,14475,0.001024,,,,0.086016,0,0.067583999999999991,0.005632,,,,,1.115392
3146,87.918966206065761,19037611194755,4.8497025854885578,5.035,4.136704,1.863,56059,0.001024,,,,0.084224,0,0.065792,0.0048639999999999994,,,,,1.11104
3147,87.9237077026644,19037611245105,4.7414964064955711,3.8951,4.822016,1.9402,44623,0.001024,,,,0.08832,0,0.06912,0.004096,,,,,1.117696
3148,87.928485905612234,19037611284056,4.7782030887901783,4.1661,4.724736,1.723,14475,0.001024,,,,0.086528,0,0.068352,0.0076799999999999993,,,,,1.115648
3149,87.933307001133784,19037611325717,4.8210956156253815,5.2218,4.761344,1.9486,190185,0.001024,,,,0.084224,0,0.065792,0.003584,,,,,1.382912
3150,87.939657405045352,19037611377935,6.350404117256403,4.5805,4.79232,1.8136,171321,0.001024,,,,0.087551999999999991,0,0.06912,0.0076799999999999993,,,,,1.386752
3151,87.943858000283441,19037611423740,4.2005954310297966,5.0421,4.40448,2.7173,14475,0.001024,,,,0.086272,0,0.06784,0.009472,,,,,1.1330559999999998
3152,87.949152303004539,19037611474161,5.2943029440939426,5.9359,4.278528,2.4246,49617,0.001024,,,,0.082431999999999991,0,0.064,0.0076799999999999993,,,,,1.14432
3153,87.9535373015873,19037611533520,4.3849986977875233,5.7913,4.514816,2.0738,44640,0.001024,,,,0.083456,0,0.064767999999999992,0.0097279999999999988,,,,,1.11616
3154,87.958293303571423,19037611591433,4.7560017555952072,3.4136,4.36864,1.9265,14475,0.001024,,,,0.08806399999999999,0.000256,0.069632,0.0084479999999999989,,,,,1.106944
3155,87.96332670068027,19037611625569,5.0333971157670021,5.2699,4.697344,1.6249,32046,0.001024,,,,0.086016,0,0.067583999999999991,0.0076799999999999993,,,,,1.1133439999999999
3156,87.968057199546479,19037611678268,4.7304988838732243,4.3153,5.050368,1.6874,28860,0.001024,,,,0.086528,0,0.067583999999999991,0.007424,,,,,1.279744
3157,87.97292120181406,19037611721421,4.8640021122992039,5.1359,4.713216,1.8233,14475,0.001024,,,,0.085504,0,0.067328,0.003328,,,,,1.2823039999999999
3158,87.977707199546487,19037611772780,4.7859977930784225,5.1332,4.835072,2.1102,14475,0.001024,,,,0.084992,0,0.066304,0.0076799999999999993,,,,,1.5464959999999999
3159,87.982536203231291,19037611824112,4.8290034756064415,4.4147,4.772352,1.8746,14475,0.001024,,,,0.085504,0,0.067328,0.004608,,,,,1.368576
3160,87.986959204931964,19037611868259,4.4230017811059952,4.6719,4.798976,2.0977,14527,0.001024,,,,0.083712,0,0.065279999999999991,0.0097279999999999988,,,,,1.294336
3161,87.991468303571423,19037611914978,4.5090988278388977,5.3681,4.401664,2.067,14475,0.001024,,,,0.086528,0,0.068096,0.009216,,,,,1.1097599999999999
3162,87.9963904053288,19037611968659,4.9221017397940159,4.7534,4.4928,1.806,14475,0.001024,,,,0.083712,0,0.065536,0.0076799999999999993,,,,,1.1082239999999999
3163,88.001176403061223,19037612016193,4.7859977930784225,3.8811,4.897792,2.0834,14475,0.001024,,,,0.318976,0,0.066304,0.007424,,,,,1.1130879999999999
3164,88.005944104308384,19037612055004,4.7677010297775269,4.7462,4.765952,1.8424,14677,0.001024,,,,0.086784,0.000256,0.068352,0.0076799999999999993,,,,,1.376512
3165,88.010461302437633,19037612102466,4.5171980746090412,5.1615,4.7552,1.7138,14475,0.0012799999999999999,,,,0.083712,0,0.065536,0.007424,,,,,1.393408
3166,88.015899900793642,19037612154081,5.4385983385145664,5.1653,4.47616,2.3333,14475,0.001024,,,,0.086784,0,0.068864,0.010752,,,,,1.109504
3167,88.0206165036848,19037612205734,4.716603085398674,4.2273,5.398528,1.9885,14475,0.001024,,,,0.08524799999999999,0.000256,0.065536,0.007936,,,,,1.2904959999999999
3168,88.025310600907019,19037612248007,4.6940972097218037,4.5615,4.71808,1.9318,32046,0.001024,,,,0.087296,0,0.06784,0.007424,,,,,1.110272
3169,88.030125,19037612293622,4.8143989406526089,5.731,4.593664,1.7801,28877,0.001024,,,,0.08576,0,0.06656,0.005888,,,,,1.1148799999999999
3170,88.0349119047619,19037612350932,4.786904901266098,4.3282,4.881664,1.7961,14475,0.001024,,,,0.085504,0.000256,0.067328,0.007424,,,,,1.410048
3171,88.039771903344672,19037612394214,4.8599983565509319,5.0012,4.7552,1.8014,14475,0.001024,,,,0.08524799999999999,0,0.066816,0.003072,,,,,1.289216
3172,88.044750503117911,19037612444226,4.9785999581217766,4.2178,4.836608,1.748,14475,0.001024,,,,0.087039999999999992,0,0.068096,0.0076799999999999993,,,,,1.3672959999999998
3173,88.049301006235822,19037612486404,4.5505031011998653,5.1549,4.955648,1.9471,14475,0.001024,,,,0.086528,0,0.067071999999999993,0.003584,,,,,1.380352
3174,88.054466801303846,19037612537953,5.1657948642969131,5.2424,4.529152,1.9438,14595,0.0012799999999999999,,,,0.087039999999999992,0,0.068352,0.004096,,,,,1.115904
3175,88.059010501700683,19037612590377,4.5437002554535866,4.5332,4.96896,1.7714,14475,0.001024,,,,0.08576,0,0.066816,0.007168,,,,,1.1130879999999999
3176,88.063843005952378,19037612635709,4.8325043171644211,4.2102,4.517632,1.913,14475,0.001024,,,,0.08524799999999999,0.000256,0.066816,0.008192,,,,,1.115904
3177,88.06852589994331,19037612677811,4.6828938648104668,5.7975,4.728832,1.917,32046,0.001024,,,,0.084992,0,0.066816,0.0076799999999999993,,,,,1.116928
3178,88.073285905612238,19037612735786,4.7600055113434792,4.5567,4.741376,1.8576,28860,0.0012799999999999999,,,,0.086272,0,0.067583999999999991,0.007424,,,,,1.287936
3179,88.078178706065756,19037612781353,4.8928004689514637,4.3244,4.718336,2.0912,14475,0.001024,,,,0.086016,0,0.067583999999999991,0.007936,,,,,1.296384
3180,88.082743700396819,19037612824597,4.5649944804608822,5.518,4.870144,2.0229,14475,0.0012799999999999999,,,,0.086784,0,0.06784,0.006656,,,,,1.382912
3181,88.087687804705212,19037612879777,4.9441042356193066,4.092,4.543744,1.7703,14475,0.001024,,,,0.087296,0,0.06912,0.003072,,,,,1.1133439999999999
3182,88.092443303571429,19037612920697,4.7554988414049149,4.7215,4.916224,2.2354,14475,0.0012799999999999999,,,,0.086528,0.000256,0.068096,0.007168,,,,,1.317888
3183,88.097295500283437,19037612967912,4.8521966673433781,5.6091,4.749056,1.9165,14475,0.001024,,,,0.08448,0,0.065792,0.011519999999999999,,,,,1.1130879999999999
3184,88.102137804705208,19037613024003,4.8423046246171,4.1463,4.828672,1.6252,14475,0.001024,,,,0.083712,0,0.065792,0.007424,,,,,1.130496
3185,88.107059304138318,19037613065466,4.921499639749527,4.5007,4.810752,1.9549,14677,0.001024,,,,0.084992,0.000256,0.066304,0.003072,,,,,1.1315199999999999
3186,88.112003401360539,19037613110473,4.9440972506999969,4.7582,4.905472,1.655,14475,0.001024,,,,0.08806399999999999,0,0.070144,0.006912,,,,,1.3020159999999998
3187,88.116816702097509,19037613158055,4.8133009113371372,5.0443,4.905728,2.0844,14475,0.001024,,,,0.083712,0,0.065536,0.007424,,,,,1.3839359999999998
3188,88.121130300453515,19037613208498,4.31359838694334,5.1409,4.797184,1.9132,14475,0.001024,,,,0.087808,0.000256,0.06912,0.007424,,,,,1.37344
3189,88.125604606009063,19037613259907,4.474305547773838,4.4663,4.289536,1.7806,14475,0.001024,,,,0.083712,0,0.065279999999999991,0.008192,,,,,1.1166719999999999
3190,88.1305625,19037613304570,4.9578938633203506,5.061,4.456704,1.86,14475,0.001024,,,,0.08448,0,0.066048,0.003328,,,,,1.120256
3191,88.135473200113381,19037613355180,4.9107000231742859,4.3179,4.892928,1.7979,14475,0.001024,,,,0.08448,0,0.066304,0.0076799999999999993,,,,,1.115904
3192,88.140250403911566,19037613398359,4.7772037796676159,4.2805,4.939264,1.9706,14475,0.001024,,,,0.086016,0,0.067328,0.003328,,,,,1.529088
3193,88.145231901927431,19037613441164,4.98149823397398,5.7167,4.743168,1.7809,14475,0.001024,,,,0.087551999999999991,0,0.06912,0.007424,,,,,1.279232
3194,88.150056405895683,19037613498331,4.8245037905871868,4.305,4.959488,1.6978,14475,0.0012799999999999999,,,,0.086016,0.000256,0.067583999999999991,0.0076799999999999993,,,,,1.650688
3195,88.154602600623576,19037613541381,4.5461948029696941,4.7973,4.812032,2.0064,14475,0.001024,,,,0.084224,0,0.066048,0.007424,,,,,1.379584
3196,88.159609502551021,19037613589354,5.0069019198417664,4.9492,4.531456,1.8837,14475,0.001024,,,,0.0896,0,0.071168,0.009216,,,,,1.114624
3197,88.164146804138312,19037613638846,4.5373016037046909,4.9833,4.960768,1.7563,14475,0.001024,,,,0.089088,0,0.07039999999999999,0.007424,,,,,1.115648
3198,88.169077203798182,19037613688679,4.93039982393384,4.5186,4.544,2.2736,14475,0.001024,,,,0.087808,0,0.068864,0.007936,,,,,1.112832
3199,88.174049900793648,19037613733865,4.9726967699825764,5.0589,4.907264,1.825,14475,0.001024,,,,0.086016,0,0.067583999999999991,0.007424,,,,,1.309952
3200,88.179002699829923,19037613784454,4.9527990631759167,4.9345,4.953856,1.9074,32046,0.001024,,,,0.08576,0.000256,0.067071999999999993,0.007424,,,,,1.611264
3201,88.183851303854865,19037613833799,4.8486040905117989,4.2844,4.922112,2.0562,28860,0.001024,,,,0.088576,0,0.069887999999999992,0.008192,,,,,1.426688
3202,88.18865340136054,19037613876643,4.8020975664258,5.2455,4.833024,1.8148,14527,0.001024,,,,0.08576,0,0.066816,0.007424,,,,,1.380352
3203,88.193573802437641,19037613929098,4.920401144772768,4.9242,4.79872,1.937,32046,0.001024,,,,0.086784,0,0.06784,0.007424,,,,,1.1130879999999999
3204,88.199483503401353,19037613978340,5.9097008779644966,4.5746,4.621312,1.8555,31409,0.001024,,,,0.087551999999999991,0,0.068864,0.007424,,,,,1.115136
3205,88.203763300736952,19037614024086,4.2797974310815334,4.9346,4.539904,2.0382,14797,0.001024,,,,0.08576,0,0.067071999999999993,0.0076799999999999993,,,,,1.1097599999999999
3206,88.208466000566887,19037614073432,4.7026998363435268,7.0846,4.275968,2.1436,14475,0.001024,,,,0.08448,0,0.065792,0.0076799999999999993,,,,,1.13024
3207,88.21305690192743,19037614144278,4.5909015461802483,4.2535,4.272896,2.0273,14475,0.001024,,,,0.086016,0,0.067071999999999993,0.0076799999999999993,,,,,1.110272
3208,88.2179825042517,19037614186813,4.9256021156907082,4.11,4.562176,1.8056,14475,0.001024,,,,0.08576,0,0.066816,0.007424,,,,,1.1072
3209,88.222550701530608,19037614227913,4.5681972987949848,4.3893,4.890368,1.7158,19075,0.001024,,,,0.086016,0.000256,0.067328,0.007424,,,,,1.3086719999999998
3210,88.227089101473922,19037614271806,4.53840009868145,4.5134,4.54656,1.829,41831,0.001024,,,,0.08524799999999999,0,0.06656,0.007424,,,,,1.388544
3211,88.232037400793644,19037614316940,4.948299378156662,4.858,4.520192,1.7304,14475,0.001024,,,,0.08448,0,0.066304,0.007168,,,,,1.11104
3212,88.236680002834461,19037614365520,4.6426020562648773,4.7554,4.686848,1.8195,27781,0.254976,,,,0.086272,0,0.067328,0.006912,,,,,1.111808
3213,88.241451601473926,19037614413074,4.7715986147522926,4.5766,4.615424,2.2993,44049,0.001024,,,,0.087551999999999991,0,0.068608,0.0076799999999999993,,,,,1.113856
3214,88.246559304138316,19037614458840,5.1077026873826981,4.6544,4.743936,2.0293,28860,0.001024,,,,0.086528,0,0.06784,0.010752,,,,,1.112576
3215,88.25131420068027,19037614505384,4.7548967413604259,5.0167,5.096448,2.0685,14475,0.001024,,,,0.083712,0,0.064767999999999992,0.010752,,,,,1.2920319999999998
3216,88.256283404195,19037614555551,4.9692033790051937,4.9469,4.723968,2.2266,20549,0.001024,,,,0.088832,0,0.07039999999999999,0.007936,,,,,1.2887039999999998
3217,88.26121600056689,19037614605020,4.93259634822607,4.6026,4.805888,1.8765,20259,0.001024,,,,0.086016,0,0.067071999999999993,0.003328,,,,,1.40032
3218,88.265933099489786,19037614651046,4.7170990146696568,5.1582,4.904192,1.7901,48175,0.001024,,,,0.086016,0,0.067328,0.006912,,,,,1.299456
3219,88.270494805839,19037614702628,4.5617064461112022,4.743,4.697088,1.8623,41812,0.001024,,,,0.086528,0.000256,0.06784,0.0076799999999999993,,,,,1.117184
3220,88.275063704648517,19037614750058,4.56889858469367,5.2395,4.52608,1.9038,32424,0.001024,,,,0.08524799999999999,0,0.067071999999999993,0.003072,,,,,1.112576
3221,88.280407001133781,19037614802453,5.3432965651154518,4.5214,4.549632,2.0512,14475,0.001024,,,,0.2432,0.000256,0.068864,0.0076799999999999993,,,,,1.115136
3222,88.2852163052721,19037614847667,4.8093041405081749,5.0849,5.325312,1.9354,14475,0.0025599999999999998,,,,0.084735999999999992,0,0.06656,0.003328,,,,,1.545984
3223,88.290008900226752,19037614898516,4.7925948165357113,4.8865,4.782592,1.8865,14475,0.001024,,,,0.0832,0,0.065024,0.007424,,,,,1.3772799999999998
3224,88.294891099773238,19037614947381,4.882199689745903,4.3498,4.77568,1.7082,14475,0.001024,,,,0.08448,0,0.066304,0.007936,,,,,1.3772799999999998
3225,88.29985719954648,19037614990879,4.9660997465252876,5.0327,4.859648,1.7254,14475,0.001024,,,,0.083456,0,0.065536,0.007424,,,,,1.376768
3226,88.304408404195,19037615041206,4.5512048527598381,4.5763,4.942336,1.8445,14822,0.001024,,,,0.084992,0,0.06656,0.007168,,,,,1.116928
3227,88.308941602891153,19037615086969,4.5331986621022224,5.0185,4.527616,1.8151,14475,0.001024,,,,0.082688,0.000256,0.064512,0.007424,,,,,1.1166719999999999
3228,88.313492800453517,19037615137154,4.5511974021792412,4.8246,4.519936,1.8398,14475,0.001024,,,,0.087296,0,0.068608,0.007424,,,,,1.114368
3229,88.318957100340128,19037615185400,5.46430004760623,4.5587,4.525568,1.9372,14475,0.001024,,,,0.089088,0,0.070912,0.011007999999999999,,,,,1.2116479999999998
3230,88.323789406179131,19037615230987,4.832305945456028,4.7596,5.446656,2.2454,14475,0.001024,,,,0.085504,0,0.06656,0.0076799999999999993,,,,,2.016512
3231,88.3286792020975,19037615278583,4.8897960223257542,4.7268,4.801024,2.0484,14475,0.001024,,,,0.089343999999999993,0,0.070912,0.003328,,,,,1.119488
3232,88.333639604591838,19037615325851,4.9604023806750774,5.1035,4.88704,1.7535,14475,0.001024,,,,0.08448,0,0.066048,0.0051199999999999996,,,,,1.114112
3233,88.338289299886611,19037615376886,4.6496954746544361,4.9112,4.919808,2.5454,14475,0.0012799999999999999,,,,0.089855999999999991,0,0.070656,0.007936,,,,,1.423616
3234,88.34285629960317,19037615425998,4.5669996179640293,4.7891,4.633856,2.1489,32551,0.001024,,,,0.08576,0,0.067328,0.00896,,,,,1.110528
3235,88.34787360402494,19037615473889,5.0173043273389339,4.97,4.53888,2.1292,14475,0.001024,,,,0.088832,0,0.069887999999999992,0.0051199999999999996,,,,,1.1136
3236,88.352739200680276,19037615523589,4.8655965365469456,5.0299,4.995584,1.915,14475,0.001024,,,,0.086528,0,0.068096,0.007936,,,,,1.11104
3237,88.357747300170061,19037615573888,5.0080996006727219,4.4413,4.786944,1.7752,14595,0.001024,,,,0.086016,0,0.067071999999999993,0.0076799999999999993,,,,,1.11232
3238,88.3628367063492,19037615618301,5.08940638974309,4.886,5.040128,1.7504,14475,0.003072,,,,0.086528,0,0.068608,0.0076799999999999993,,,,,1.303296
3239,88.367710700113378,19037615667161,4.873993806540966,4.6949,4.893184,1.7869,14475,0.001024,,,,0.086272,0.000256,0.068352,0.007168,,,,,1.455616
3240,88.372323901643981,19037615714110,4.6132015995681286,5.1058,4.858624,1.9401,14475,0.001024,,,,0.086784,0,0.068352,0.007168,,,,,1.41312
3241,88.376899206349208,19037615765168,4.5753046870231628,4.8781,4.58624,1.8183,20404,0.001024,,,,0.084992,0.000256,0.066304,0.006656,,,,,1.4177279999999999
3242,88.381615001417231,19037615813949,4.7157951630651951,4.9116,4.55808,1.8478,14475,0.001024,,,,0.08524799999999999,0,0.066816,0.0048639999999999994,,,,,1.11232
3243,88.386473100907025,19037615863065,4.858099389821291,4.5232,4.70144,2.1337,14475,0.0012799999999999999,,,,0.08524799999999999,0,0.066816,0.0076799999999999993,,,,,1.110784
3244,88.391224999999991,19037615908297,4.751899279654026,5.2507,4.835328,1.9161,14527,0.001024,,,,0.083968,0.000256,0.065536,0.007424,,,,,1.279744
3245,88.396251204648522,19037615960804,5.0262045115232468,4.5571,4.72576,1.8091,14475,0.001024,,,,0.086528,0,0.068352,0.0076799999999999993,,,,,1.113856
3246,88.401132603458052,19037616006375,4.8813987523317337,4.6654,4.945408,1.9936,14475,0.001024,,,,0.086272,0,0.067328,0.0076799999999999993,,,,,1.2889599999999999
3247,88.4059871031746,19037616053029,4.8544998280704021,4.7729,4.922112,1.7686,14822,0.001024,,,,0.087296,0,0.068352,0.006912,,,,,1.447168
3248,88.4111656037415,19037616100758,5.1785004325211048,4.9265,4.832256,1.721,14475,0.001024,,,,0.086272,0,0.06784,0.007424,,,,,1.4241279999999998
3249,88.4158362032313,19037616150023,4.6705994755029678,4.7156,5.161728,2.3155,14475,0.001024,,,,0.084224,0,0.065536,0.007424,,,,,1.2753919999999999
3250,88.420401502267566,19037616197179,4.5652990229427814,5.3625,4.584448,1.9116,20917,0.001024,,,,0.08524799999999999,0.000256,0.06656,0.007936,,,,,1.1164159999999999
3251,88.425068402777768,19037616250804,4.6669007278978825,4.8017,4.544,1.788,14475,0.001024,,,,0.087039999999999992,0.000256,0.068352,0.007936,,,,,1.1148799999999999
3252,88.430305201247165,19037616298821,5.23679843172431,4.7955,4.507904,2.0413,14475,0.001024,,,,0.085504,0,0.067071999999999993,0.007424,,,,,1.116928
3253,88.435130201247162,19037616346776,4.8250001855194569,4.5731,5.349632,1.8828,14475,0.001024,,,,0.086528,0.000256,0.068096,0.00896,,,,,1.5564799999999999
3254,88.439990504535146,19037616392507,4.8603033646941185,4.62,4.805888,1.6298,20259,0.001024,,,,0.081408,0,0.06272,0.007424,,,,,1.377792
3255,88.444892502834463,19037616438707,4.9019982106983662,5.3904,4.833536,1.705,14475,0.001024,,,,0.084992,0.000256,0.066304,0.009472,,,,,1.381376
3256,88.44961240079364,19037616492611,4.7198981046676636,5.1306,4.933376,1.8131,20404,0.001024,,,,0.086528,0,0.068352,0.003072,,,,,1.403136
3257,88.454402402210874,19037616543917,4.7900015488266945,5.4928,4.694272,2.0414,14475,0.001024,,,,0.084992,0.000256,0.066048,0.009216,,,,,1.115648
3258,88.458905102040816,19037616598845,4.5026997104287148,3.6304,4.774656,1.6838,14475,0.001024,,,,0.086016,0,0.067583999999999991,0.007936,,,,,1.1136
3259,88.463708099489793,19037616635149,4.8029972240328789,4.612,4.481024,1.6475,14475,0.001024,,,,0.08524799999999999,0.000256,0.066816,0.007168,,,,,1.1164159999999999
3260,88.468818105158732,19037616681269,5.1100058481097221,5.013,4.715264,1.7065,14475,0.001024,,,,0.08806399999999999,0,0.069632,0.004096,,,,,1.1166719999999999
3261,88.473210402494331,19037616731399,4.3922974728047848,4.7928,5.087488,1.7586,14475,0.001024,,,,0.086272,0,0.068096,0.0076799999999999993,,,,,1.485824
3262,88.478077303004525,19037616779327,4.8669003881514072,4.6784,4.440576,1.9282,14475,0.001024,,,,0.089343999999999993,0,0.070656,0.0076799999999999993,,,,,1.113856
3263,88.4833371031746,19037616826111,5.259800236672163,5.2877,4.854784,1.8277,14475,0.001024,,,,0.087039999999999992,0,0.068352,0.0076799999999999993,,,,,1.114368
3264,88.4880575042517,19037616878988,4.7204010188579559,4.1284,5.236736,1.8361,14475,0.001024,,,,0.089343999999999993,0,0.070656,0.006912,,,,,1.115648
3265,88.492798405612248,19037616920272,4.7409012913703918,5.0596,4.70272,2.3772,14475,0.001024,,,,0.086272,0,0.067328,0.007168,,,,,1.114112
3266,88.497640603741488,19037616970868,4.8421979881823063,5.1794,4.714752,1.819,14475,0.001024,,,,0.08576,0.000256,0.067071999999999993,0.0076799999999999993,,,,,1.112576
3267,88.502505505952371,19037617022662,4.86490223556757,4.4073,4.744448,1.8779,14620,0.001024,,,,0.081919999999999993,0,0.063744,0.0076799999999999993,,,,,1.114624
3268,88.507519104308386,19037617066735,5.0135981291532516,5.0065,4.916992,1.9681,14677,0.001024,,,,0.087551999999999991,0,0.068608,0.003584,,,,,1.288192
3269,88.512624503968254,19037617116800,5.105399526655674,4.7489,4.990976,1.7318,14595,0.001024,,,,0.08524799999999999,0,0.06656,0.007424,,,,,1.398272
3270,88.517692304421772,19037617164289,5.0678006373345852,4.6806,5.085184,1.8156,14475,0.001024,,,,0.08832,0,0.069632,0.004608,,,,,1.2869119999999998
3271,88.5224656037415,19037617211095,4.7732992097735405,5.057,5.05216,2.1678,14475,0.001024,,,,0.081919999999999993,0,0.063744,0.0076799999999999993,,,,,1.634304
3272,88.5270163052721,19037617261665,4.5507014729082584,5.6515,4.739072,1.7753,14475,0.001024,,,,0.086016,0.000256,0.066816,0.008704,,,,,1.392128
3273,88.53154530187075,19037617318180,4.5289965346455574,4.388,4.538368,1.7517,14475,0.001024,,,,0.085504,0,0.06656,0.007936,,,,,1.117184
3274,88.5365875,19037617362060,5.0421981140971184,4.9448,4.505344,1.8927,14475,0.001024,,,,0.08524799999999999,0,0.066816,0.003328,,,,,1.108992
3275,88.541271400226748,19037617411508,4.6839001588523388,4.3941,5.027328,1.7969,14475,0.001024,,,,0.322048,0.000256,0.109056,0.011007999999999999,,,,,1.305856
3276,88.546234105725617,19037617455449,4.9627055414021015,4.5149,4.655104,1.7632,14475,0.001024,,,,0.086272,0,0.06784,0.0076799999999999993,,,,,1.110272
3277,88.551564299886621,19037617500598,5.330194253474474,5.0003,4.873472,1.8098,14475,0.001024,,,,0.086784,0.000256,0.068096,0.0076799999999999993,,,,,1.301504
3278,88.5564156037415,19037617550601,4.8513039946556091,4.7463,5.374976,2.0163,14475,0.001024,,,,0.086784,0,0.06784,0.011776,,,,,1.3757439999999999
3279,88.561247803287984,19037617598064,4.8321997746825218,5.2406,4.841472,1.884,14475,0.001024,,,,0.086016,0.000256,0.06784,0.007936,,,,,1.405184
3280,88.56584850481859,19037617650470,4.60070138797164,4.998,4.804096,1.7508,14475,0.001024,,,,0.083968,0,0.065536,0.007424,,,,,1.3952
3281,88.5702588010204,19037617700450,4.4102962128818035,4.853,4.52864,1.888,14475,0.001024,,,,0.08524799999999999,0.000256,0.06656,0.0076799999999999993,,,,,1.1136
3282,88.57454930555555,19037617748980,4.2905043810606,4.9722,4.386816,1.9146,14475,0.001024,,,,0.084735999999999992,0,0.065792,0.007424,,,,,1.1079679999999998
3283,88.579033999433108,19037617798702,4.4846939854323864,4.9171,4.25856,1.8252,14475,0.001024,,,,0.087039999999999992,0.000256,0.068096,0.007424,,,,,1.11232
3284,88.583841206065756,19037617847873,4.8072068020701408,4.1144,4.526592,1.8578,14475,0.001024,,,,0.086272,0,0.068096,0.005888,,,,,1.3708799999999999
3285,88.588819805839,19037617889017,4.9785999581217766,4.4261,4.791296,2.0358,14475,0.001024,,,,0.08576,0.000256,0.067071999999999993,0.007424,,,,,1.114368
3286,88.593389703798181,19037617933278,4.5698978938162327,4.4793,4.962816,1.6701,14527,0.001024,,,,0.088576,0,0.070144,0.0076799999999999993,,,,,1.422336
3287,88.597923001700678,19037617978071,4.533297847956419,4.6274,4.539648,1.8444,14475,0.001024,,,,0.086528,0,0.068096,0.007936,,,,,1.117952
3288,88.602886500850332,19037618024345,4.9634990282356739,5.0214,4.511488,2.1188,14677,0.001024,,,,0.084735999999999992,0,0.06656,0.007424,,,,,1.112576
3289,88.6078869047619,19037618074559,5.0004040822386742,5.2808,4.944128,1.9085,14475,0.001024,,,,0.264704,0,0.06656,0.0076799999999999993,,,,,1.3089279999999999
3290,88.6126279053288,19037618127367,4.7410004772245884,3.8508,4.94848,1.8939,14475,0.001024,,,,0.32639999999999997,0,0.308736,0.011007999999999999,,,,,1.2928
3291,88.617634304138321,19037618165875,5.006399005651474,4.9626,4.743424,1.8324,14475,0.001024,,,,0.087551999999999991,0,0.068608,0.007936,,,,,1.273344
3292,88.622256901927429,19037618215501,4.6225977130234241,5.1309,4.977152,1.6911,14475,0.001024,,,,0.087808,0,0.06912,0.007424,,,,,1.38496
3293,88.626525602324264,19037618266810,4.2687002569437027,4.5319,4.530176,1.9485,14475,0.001024,,,,0.087551999999999991,0.000256,0.069376,0.007424,,,,,1.384448
3294,88.6318836026077,19037618312129,5.358000285923481,5.0638,4.323584,1.8085,14475,0.001024,,,,0.086272,0,0.067583999999999991,0.006144,,,,,1.112064
3295,88.636179102891148,19037618362767,4.295500461012125,4.7224,5.078784,1.7912,14475,0.001024,,,,0.088832,0,0.06912,0.0076799999999999993,,,,,1.2864
3296,88.641406604308386,19037618409991,5.2275015041232109,4.3546,4.276224,1.7577,14475,0.001024,,,,0.083968,0,0.065536,0.007424,,,,,1.115648
3297,88.646325403911561,19037618453537,4.9187997356057167,5.0443,5.116672,2.0262,14475,0.001024,,,,0.33638399999999996,0.000256,0.317696,0.003328,,,,,1.2869119999999998
3298,88.6512832057823,19037618503980,4.9578016623854637,4.5771,4.91008,1.8844,14475,0.001024,,,,0.085504,0,0.067071999999999993,0.007424,,,,,1.28512
3299,88.656384403344674,19037618549751,5.1011973991990089,5.372,4.996864,1.7673,14475,0.001024,,,,0.087551999999999991,0,0.068352,0.0076799999999999993,,,,,1.63072
3300,88.661414406179134,19037618603471,5.030002910643816,4.87,5.08032,2.3491,14475,0.001024,,,,0.084735999999999992,0.000256,0.066304,0.007424,,,,,1.7720319999999998
3301,88.665912804705215,19037618652171,4.4983983971178532,4.9937,4.958464,1.8417,14595,0.001024,,,,0.08448,0,0.066304,0.007424,,,,,1.112064
3302,88.671088903061218,19037618702108,5.1760985516011715,4.6472,4.510976,1.7986,14475,0.001024,,,,0.086784,0.000256,0.068096,0.007424,,,,,1.114368
3303,88.675311500850341,19037618748580,4.2225979268550873,5.2915,5.115904,1.776,14475,0.001024,,,,0.083968,0.000256,0.065024,0.003328,,,,,1.115648
3304,88.6801746031746,19037618801495,4.8631024546921253,4.7938,4.266496,1.8337,14475,0.001024,,,,0.087808,0,0.069376,0.007424,,,,,1.118976
3305,88.685188605442178,19037618849433,5.0140023231506348,4.7606,4.836864,1.9206,14475,0.001024,,,,0.08524799999999999,0,0.066048,0.007424,,,,,1.117952
3306,88.690000602324261,19037618897039,4.8119970597326756,4.1308,4.923648,2.086,14475,0.001024,,,,0.085504,0,0.067071999999999993,0.003328,,,,,1.356288
3307,88.69497110260771,19037618938347,4.9705002456903458,5.2176,4.800768,1.8227,14475,0.001024,,,,0.084224,0,0.065536,0.0076799999999999993,,,,,1.371648
3308,88.699555102040819,19037618990523,4.5839995145797729,4.9526,5.0176,1.8588,14475,0.0012799999999999999,,,,0.087296,0.000256,0.068352,0.0084479999999999989,,,,,1.4676479999999998
3309,88.704845804988665,19037619040049,5.2907029166817665,5.0878,4.549888,1.9896,14677,0.001024,,,,0.086784,0,0.06784,0.003584,,,,,1.117952
3310,88.709418905895689,19037619090927,4.5731007121503353,5.0518,5.279744,1.9037,14475,0.001024,,,,0.087296,0,0.068352,0.007424,,,,,1.2853759999999999
3311,88.7143082057823,19037619141445,4.8893000930547714,4.1836,4.523264,1.7726,14475,0.001024,,,,0.085504,0.000256,0.067071999999999993,0.007424,,,,,1.115904
3312,88.7191994047619,19037619183281,4.8911990597844124,5.0015,4.832768,1.8843,14475,0.001024,,,,0.342784,0.000256,0.066816,0.0048639999999999994,,,,,1.1148799999999999
3313,88.723786805555548,19037619233296,4.5874007046222687,5.1174,4.933376,1.6778,14475,0.0012799999999999999,,,,0.08448,0,0.065536,0.009216,,,,,1.279232
3314,88.728630399659863,19037619284470,4.8435940407216549,4.7741,4.56192,1.7403,14475,0.001024,,,,0.08524799999999999,0,0.066304,0.003328,,,,,1.117696
3315,88.733220904195008,19037619332211,4.5905043371021748,4.5811,4.839168,1.7236,14475,0.001024,,,,0.086784,0,0.068352,0.007424,,,,,1.378816
3316,88.7386163052721,19037619378022,5.395401269197464,4.7323,4.43648,1.9247,14475,0.001024,,,,0.087039999999999992,0.000256,0.068352,0.0076799999999999993,,,,,1.114368
3317,88.743347300170058,19037619425345,4.730994813144207,5.7628,5.207552,1.9681,14475,0.001024,,,,0.08806399999999999,0,0.068864,0.0076799999999999993,,,,,1.115392
3318,88.747916099773235,19037619482973,4.5687993988394737,4.175,4.702464,1.8183,14475,0.001024,,,,0.08448,0,0.066048,0.007424,,,,,1.1148799999999999
3319,88.752610104875274,19037619524723,4.6940050087869167,4.6195,4.545536,1.671,14475,0.001024,,,,0.084224,0,0.066048,0.007424,,,,,1.111808
3320,88.757562705498856,19037619570918,4.9526006914675236,4.7145,4.689664,1.8084,14475,0.001024,,,,0.08576,0.000256,0.067071999999999993,0.007424,,,,,1.114368
3321,88.762590901360539,19037619618063,5.0281956791877747,4.9528,4.930816,2.6374,14475,0.001024,,,,0.084992,0,0.067071999999999993,0.007168,,,,,1.368064
3322,88.767584906462588,19037619667591,4.9940049648284912,4.8027,4.926464,1.7939,14475,0.0012799999999999999,,,,0.086528,0.000256,0.068096,0.0063999999999999994,,,,,1.3624319999999999
3323,88.771997505668935,19037619715618,4.4125993736088276,4.6016,5.05728,1.9099,14475,0.001024,,,,0.084224,0.000256,0.065792,0.0076799999999999993,,,,,1.389568
3324,88.776293402777767,19037619761634,4.2958972044289112,5.1542,4.328704,1.875,14475,0.001024,,,,0.085504,0,0.066816,0.003072,,,,,1.110528
3325,88.781138102324263,19037619813176,4.8446995206177235,4.7723,4.270848,1.7951,14475,0.001024,,,,0.087296,0,0.068864,0.007424,,,,,1.1136
3326,88.785483404195,19037619860899,4.3453020043671131,4.7113,4.881664,1.974,14475,0.001024,,,,0.089088,0,0.069376,0.007424,,,,,1.1166719999999999
3327,88.790530002834458,19037619908012,5.0465986132621765,4.5049,4.321536,1.7752,14475,0.001024,,,,0.089855999999999991,0,0.070912,0.012032,,,,,1.109248
3328,88.79550150226757,19037619953061,4.9714995548129082,4.5711,5.03808,1.6164,14527,0.001024,,,,0.08524799999999999,0.000256,0.067071999999999993,0.003072,,,,,1.392128
3329,88.800264902210884,19037619998772,4.7633997164666653,4.2174,4.863488,1.9251,14475,0.001024,,,,0.085504,0.000256,0.067583999999999991,0.007424,,,,,1.394432
3330,88.805418700396828,19037620040946,5.1537980325520039,5.5454,4.815104,1.9259,14677,0.001024,,,,0.086016,0,0.067071999999999993,0.0076799999999999993,,,,,1.38624
3331,88.810011500850337,19037620096400,4.5928005129098892,4.9401,4.894976,2.0972,14475,0.001024,,,,0.086272,0.000256,0.06784,0.005888,,,,,1.1164159999999999
3332,88.815216000566892,19037620145801,5.2044996991753578,4.7661,4.565248,1.8934,14475,0.0012799999999999999,,,,0.08576,0,0.067071999999999993,0.011519999999999999,,,,,1.112832
3333,88.819889406179129,19037620193462,4.6734055504202843,4.6503,4.926464,1.8803,14595,0.001024,,,,0.525312,0,0.07782399999999999,0.003072,,,,,1.118464
3334,88.824343905895688,19037620239965,4.454499576240778,5.5418,4.576768,1.714,14475,0.001024,,,,0.093183999999999989,0.000256,0.068608,0.007424,,,,,1.117184
3335,88.829168601190474,19037620295383,4.82469517737627,4.9558,4.49024,1.6163,14475,0.001024,,,,0.086528,0,0.068096,0.004608,,,,,1.11744
3336,88.834040504535139,19037620344941,4.8719034530222416,3.9276,4.804864,1.8624,14475,0.001024,,,,0.08576,0,0.067328,0.007936,,,,,1.384704
3337,88.839064002267577,19037620384217,5.0234976224601269,4.9201,4.856832,1.8192,14475,0.001024,,,,0.086528,0,0.068096,0.0076799999999999993,,,,,1.364992
3338,88.843706405895688,19037620433418,4.6424036845564842,4.3339,4.99968,1.6001,14475,0.001024,,,,0.086272,0,0.06784,0.007424,,,,,1.4092799999999999
3339,88.8481792020975,19037620476757,4.4727963395416737,4.8311,4.536064,2.2158,14475,0.001024,,,,0.086528,0.000256,0.068608,0.003328,,,,,1.1166719999999999
3340,88.853328202947836,19037620525068,5.1490007899701595,5.3138,4.532736,1.7728,14475,0.001024,,,,0.08294399999999999,0,0.064512,0.0076799999999999993,,,,,1.114112
3341,88.8583112032313,19037620578206,4.9830004572868347,4.5502,5.05344,1.8412,14475,0.001024,,,,0.3392,0.000256,0.064,0.00896,,,,,1.294336
3342,88.863075205498859,19037620623708,4.7640022821724415,4.367,5.0176,1.92,14475,0.001024,,,,0.087039999999999992,0.000256,0.068096,0.0076799999999999993,,,,,1.115136
3343,88.868100602324262,19037620667378,5.0253970548510551,5.452,4.764672,1.8402,14475,0.001024,,,,0.083712,0,0.065279999999999991,0.0076799999999999993,,,,,1.114624
3344,88.872666099773241,19037620721898,4.5654973946511745,4.8081,5.011456,1.7108,14475,0.001024,,,,0.086016,0,0.067328,0.007424,,,,,1.379584
3345,88.877230102040812,19037620769979,4.5640021562576294,4.8277,4.531712,1.8273,14475,0.001024,,,,0.086784,0.000256,0.068352,0.0076799999999999993,,,,,1.3859839999999999
3346,88.882033000283442,19037620818256,4.8028980381786823,4.9841,4.547584,1.798,14475,0.001024,,,,0.087551999999999991,0,0.06912,0.0076799999999999993,,,,,1.111808
3347,88.887053401360546,19037620868097,5.02040097489953,4.3748,4.773376,1.9515,14475,0.001024,,,,0.087808,0.000256,0.06912,0.007424,,,,,1.11104
3348,88.892067403628118,19037620911845,5.0140023231506348,5.0535,4.93056,1.9963,14475,0.001024,,,,0.10419199999999999,0.000256,0.067583999999999991,0.0084479999999999989,,,,,1.11616
3349,88.896853202947838,19037620962380,4.7857994213700294,4.3206,5.076224,1.9189,14475,0.001024,,,,0.086784,0,0.068352,0.0076799999999999993,,,,,1.28512
3350,88.901619600340126,19037621005586,4.7663971781730652,5.1188,4.685568,1.8512,14475,0.001024,,,,0.085504,0,0.066816,0.007424,,,,,1.115648
3351,88.906355505952376,19037621056774,4.7359056770801544,4.9402,4.7424,2.1922,14677,0.002816,,,,0.087296,0,0.068352,0.007936,,,,,1.281792
3352,88.911489101473919,19037621106176,5.1335953176021576,5.2199,4.790784,1.9644,14475,0.001024,,,,0.084735999999999992,0.000256,0.066048,0.0038399999999999997,,,,,1.3908479999999999
3353,88.9161542020975,19037621158375,4.6651004813611507,4.6301,5.115904,1.9668,14475,0.001024,,,,0.087551999999999991,0.000256,0.068864,0.0076799999999999993,,,,,1.635328
3354,88.921307305839,19037621204676,5.153103731572628,4.4957,4.55808,1.9292,20917,0.001024,,,,0.087039999999999992,0,0.068096,0.007424,,,,,1.115648
3355,88.925656200396816,19037621249633,4.3488945811986923,5.3129,5.207808,1.7144,14475,0.001024,,,,0.08806399999999999,0,0.069632,0.0076799999999999993,,,,,1.320192
3356,88.930729301303856,19037621302762,5.0731007941067219,4.6506,4.271616,1.8,14475,0.001024,,,,0.08832,0,0.070144,0.007424,,,,,1.114112
3357,88.935268905895683,19037621349268,4.539604764431715,4.8832,5.127168,1.7465,14475,0.0012799999999999999,,,,0.087296,0.000256,0.068608,0.0076799999999999993,,,,,1.368832
3358,88.940136302437637,19037621398100,4.86739631742239,4.3662,4.524288,1.7596,14475,0.001024,,,,0.086784,0,0.068608,0.007936,,,,,1.115648
3359,88.944967502834459,19037621441762,4.8312004655599594,5.0487,4.829952,1.7701,14475,0.0012799999999999999,,,,0.086528,0,0.068864,0.0076799999999999993,,,,,1.385472
3360,88.94996490221088,19037621492249,4.9973991699516773,4.7874,4.8256,1.9404,14475,0.001024,,,,0.086272,0,0.06784,0.003072,,,,,1.384448
3361,88.9553492063492,19037621540123,5.3843040950596333,5.2151,4.977664,2.4458,14475,0.001024,,,,0.083712,0.000256,0.064767999999999992,0.008704,,,,,1.299712
3362,88.959666404478455,19037621592274,4.3171979486942291,4.9593,5.115904,1.8696,14475,0.001024,,,,0.087039999999999992,0,0.068352,0.007424,,,,,1.2820479999999999
3363,88.964628500566889,19037621641867,4.9620959907770157,5.0582,4.268544,1.9411,14475,0.001024,,,,0.086784,0.000256,0.068352,0.007936,,,,,1.114112
3364,88.969481405895692,19037621692449,4.8529054038226604,4.6725,4.895488,1.7136,14475,0.001024,,,,0.088832,0.000256,0.069887999999999992,0.009984,,,,,1.1136
3365,88.974069905045354,19037621739174,4.5884991995990276,4.5234,4.89728,1.7931,14595,0.001024,,,,0.090112,0,0.070656,0.003328,,,,,1.287936
3366,88.978701403061223,19037621784408,4.631497897207737,5.6128,4.560896,1.8693,14475,0.001024,,,,0.08806399999999999,0.000256,0.068608,0.0076799999999999993,,,,,1.1148799999999999
3367,88.983562804705215,19037621840536,4.8614018596708775,3.8949,4.54528,1.7781,14475,0.001024,,,,0.088576,0.000256,0.069887999999999992,0.007936,,,,,1.4059519999999999
3368,88.988156802721079,19037621879485,4.5939981937408447,4.6774,4.904192,1.7962,14475,0.001024,,,,0.086016,0.000256,0.06784,0.007424,,,,,1.396224
3369,88.993345301870747,19037621926259,5.1884991116821766,4.8556,4.572672,1.8404,14475,0.001024,,,,0.084735999999999992,0,0.06656,0.003584,,,,,1.1164159999999999
3370,88.9978913052721,19037621974815,4.5460034161806107,4.6489,5.172992,2.1781,14527,0.001024,,,,0.084992,0.000256,0.066304,0.007424,,,,,1.117952
3371,89.0026008999433,19037622021304,4.7095948830246925,5.4149,4.524544,1.8676,14475,0.001024,,,,0.086016,0.000256,0.067071999999999993,0.0076799999999999993,,,,,1.116928
3372,89.00733150510203,19037622075453,4.73060505464673,4.332,4.702976,1.9281,14677,0.001024,,,,0.08448,0,0.065792,0.003072,,,,,1.11616
3373,89.012444501133785,19037622118773,5.1129958592355251,4.6617,4.704,2.0773,14475,0.001024,,,,0.088832,0,0.070656,0.0076799999999999993,,,,,1.284608
3374,89.017245401077091,19037622165390,4.8008998855948448,5.1055,5.087744,1.86,14475,0.001024,,,,0.240896,0,0.069376,0.011776,,,,,1.38112
3375,89.021766000566885,19037622216445,4.5205992646515369,4.3792,4.781056,1.6169,14475,0.001024,,,,0.08576,0,0.067071999999999993,0.003072,,,,,1.382144
3376,89.02631710600906,19037622260237,4.5511056669056416,5.0837,4.48896,1.782,14475,0.001024,,,,0.086272,0,0.068352,0.007168,,,,,1.115136
3377,89.031169501133789,19037622311074,4.8523950390517712,4.7565,4.530944,1.8247,14475,0.001024,,,,0.087551999999999991,0,0.069376,0.007424,,,,,1.1148799999999999
3378,89.036112705498866,19037622358639,4.943204578012228,4.7536,4.841472,1.8356,14475,0.001024,,,,0.08576,0.000256,0.067583999999999991,0.00896,,,,,1.3173759999999999
3379,89.0406748015873,19037622406175,4.5620962046086788,4.6755,4.730624,1.9359,14475,0.001024,,,,0.086016,0,0.067328,0.007936,,,,,1.114112
3380,89.0456214994331,19037622452930,4.9466979689896107,4.7462,4.731648,1.7898,14475,0.001024,,,,0.086272,0,0.06784,0.011264,,,,,1.2738559999999999
3381,89.050354202097509,19037622500392,4.7327028587460518,4.941,4.855296,1.8588,14475,0.001024,,,,0.08806399999999999,0,0.068864,0.003072,,,,,1.5531519999999999
3382,89.0553088010204,19037622549802,4.9545988440513611,4.2179,4.779264,1.8821,14475,0.001024,,,,0.087296,0,0.068864,0.00896,,,,,1.376
3383,89.0598375,19037622591981,4.5286989770829678,5.118,4.931584,1.9459,14475,0.001024,,,,0.086272,0.000256,0.068096,0.0076799999999999993,,,,,1.113856
3384,89.064677501417236,19037622643161,4.8400014638900757,4.6055,4.515584,2.0038,14475,0.001024,,,,0.083712,0.000256,0.065279999999999991,0.003072,,,,,1.114112
3385,89.069438803854865,19037622689216,4.7613023780286312,5.2564,4.81024,1.842,14475,0.0012799999999999999,,,,0.087039999999999992,0,0.068864,0.007424,,,,,1.113856
3386,89.074281200396825,19037622741780,4.8423963598906994,4.4872,4.68736,1.9648,14475,0.001024,,,,0.088576,0,0.070144,0.0076799999999999993,,,,,1.1136
3387,89.079282801870747,19037622786652,5.0016012974083424,4.5067,4.868096,1.9634,14475,0.001024,,,,0.086016,0,0.066816,0.005888,,,,,1.1199999999999999
3388,89.084169203514733,19037622831719,4.8864018172025681,5.309,4.919808,1.8009,14475,0.001024,,,,0.08576,0,0.067328,0.0076799999999999993,,,,,1.472256
3389,89.089034204931963,19037622884809,4.8650014214217663,4.3077,4.931072,1.7856,14475,0.001024,,,,0.084224,0.000256,0.065792,0.0076799999999999993,,,,,1.3808639999999999
3390,89.093741206065758,19037622927886,4.7070011496543884,5.275,4.84352,1.9126,14475,0.001024,,,,0.08832,0.000256,0.069887999999999992,0.011264,,,,,1.3872639999999998
3391,89.098556604308385,19037622980636,4.8153982497751713,4.9585,4.694016,1.8262,14475,0.001024,,,,0.084224,0,0.066048,0.003328,,,,,1.115648
3392,89.103233000283439,19037623030221,4.6763960272073746,4.5931,4.79488,1.8295,14677,0.001024,,,,0.083968,0,0.065024,0.0076799999999999993,,,,,1.1166719999999999
3393,89.108426502267577,19037623076152,5.1935021765530109,4.6976,4.6464,2.3835,14475,0.0012799999999999999,,,,0.087551999999999991,0,0.069632,0.004096,,,,,1.112576
3394,89.113364299886612,19037623123128,4.9377977848052979,5.3849,5.1904,1.8115,14475,0.001024,,,,0.089088,0.000256,0.063488,0.007424,,,,,1.1384319999999999
3395,89.117962400793644,19037623176977,4.5981011353433132,4.2381,4.901632,2.034,14475,0.001024,,,,0.086016,0,0.067328,0.0076799999999999993,,,,,1.466624
3396,89.122734601757372,19037623219358,4.7722011804580688,5.9331,4.577792,2.0845,14475,0.0012799999999999999,,,,0.084992,0,0.067071999999999993,0.007424,,,,,1.380096
3397,89.1275628047052,19037623278689,4.8282030038535595,4.3991,4.745728,1.6435,14595,0.001024,,,,0.084224,0,0.065792,0.011007999999999999,,,,,1.408512
3398,89.1322910005669,19037623322680,4.7281957231462,4.8402,4.793088,1.7539,14475,0.001024,,,,0.084224,0,0.065536,0.009216,,,,,1.114624
3399,89.1366871031746,19037623371082,4.3961023911833763,4.0799,4.71808,1.8796,14475,0.001024,,,,0.087039999999999992,0,0.068096,0.003072,,,,,1.2823039999999999
3400,89.1411883999433,19037623411881,4.5012966729700565,5.3936,4.377856,1.628,14475,0.001024,,,,0.08576,0.000256,0.067071999999999993,0.003072,,,,,1.115392
3401,89.146169805839,19037623465817,4.981406033039093,4.4079,4.461056,1.8639,14475,0.001024,,,,0.084735999999999992,0,0.065792,0.008704,,,,,1.1115519999999999
3402,89.151006604308392,19037623509896,4.8367986455559731,4.2711,4.967424,1.9083,14475,0.001024,,,,0.083968,0,0.065792,0.010496,,,,,1.275904
3403,89.155834105725617,19037623552607,4.8275012522935867,4.7735,4.806912,2.2461,20259,0.001024,,,,0.08524799999999999,0,0.066304,0.007424,,,,,1.3841919999999999
3404,89.160381405895691,19037623600342,4.5473002828657627,4.6643,4.810496,1.705,20548,0.001024,,,,0.08524799999999999,0,0.066304,0.007424,,,,,1.3841919999999999
3405,89.1654829010771,19037623646985,5.1014949567615986,4.9936,4.52224,1.8595,14475,0.001024,,,,0.0832,0.000256,0.064512,0.003328,,,,,1.1115519999999999
3406,89.170074000850335,19037623696921,4.5910999178886414,4.7579,4.75392,1.9502,14475,0.001024,,,,0.08832,0.000256,0.069887999999999992,0.0076799999999999993,,,,,1.1148799999999999
3407,89.1746244047619,19037623744500,4.5504039153456688,4.922,4.643072,1.8557,14475,0.001024,,,,0.086272,0,0.06784,0.007424,,,,,1.1148799999999999
3408,89.179467205215417,19037623793720,4.8428005538880825,5.1237,4.538368,1.8385,14475,0.001024,,,,0.087296,0.000256,0.068608,0.0084479999999999989,,,,,1.1130879999999999
3409,89.184269699546476,19037623844957,4.8024943098425865,4.2648,4.806144,1.9908,14475,0.001024,,,,0.08524799999999999,0,0.066304,0.003328,,,,,1.377792
3410,89.1892463010204,19037623887605,4.9766013398766518,4.4949,4.782592,1.7945,14475,0.001024,,,,0.082176,0,0.063744,0.003328,,,,,1.6381439999999998
3411,89.193858503401358,19037623932554,4.6122022904455662,5.1676,4.971008,1.8409,14475,0.001024,,,,0.08832,0,0.070144,0.0076799999999999993,,,,,1.374976
3412,89.19864990079364,19037623984230,4.7913976013660431,4.4294,4.580864,2.7036,14527,0.0012799999999999999,,,,0.086272,0,0.067583999999999991,0.0076799999999999993,,,,,1.117696
3413,89.203842205215409,19037624028524,5.1923044957220554,5.6046,4.272128,2.6822,17371,0.001024,,,,0.08524799999999999,0,0.06656,0.009984,,,,,1.117184
3414,89.2124079010771,19037624084570,8.5656959563493729,5.1927,4.295168,2.0112,14475,0.001024,,,,0.083712,0,0.065279999999999991,0.0076799999999999993,,,,,1.114112
3415,89.217834906462585,19037624136497,5.4270052351057529,4.3128,5.021184,2.1608,14475,0.0012799999999999999,,,,0.083968,0,0.065792,0.0076799999999999993,,,,,1.3724159999999999
3416,89.222831001984119,19037624179625,4.9960953183472157,9.6293,4.96384,1.765,14475,0.001024,,,,0.0832,0,0.064256,0.0076799999999999993,,,,,1.7336319999999998
3417,89.227758000283444,19037624275918,4.9269981682300568,3.5744,4.97792,1.7855,14475,0.001024,,,,0.0832,0,0.065024,0.0076799999999999993,,,,,1.388544
3418,89.23219790249432,19037624311662,4.439902026206255,5.5359,4.848896,1.7715,14475,0.001024,,,,0.086016,0,0.068352,0.0084479999999999989,,,,,1.2902399999999998
3419,89.236705902777771,19037624367021,4.5080003328621387,5.0328,4.475392,1.6458,14475,0.001024,,,,0.088832,0.000256,0.069632,0.003328,,,,,1.112832
3420,89.241437705498868,19037624417349,4.7318027354776859,4.625,4.488192,1.6761,14475,0.001024,,,,0.086784,0,0.068096,0.003328,,,,,1.113856
3421,89.246327600623573,19037624463599,4.8898952081799507,4.3593,4.703232,1.9772,14475,0.001024,,,,0.084735999999999992,0,0.06656,0.004096,,,,,1.112576
3422,89.251141099773236,19037624507192,4.81349928304553,4.7534,4.882688,1.828,14475,0.001024,,,,0.086528,0.000256,0.068352,0.003072,,,,,1.285888
3423,89.256496400226752,19037624554726,5.3553003817796707,4.4594,4.783616,1.8676,14475,0.001024,,,,0.086784,0.000256,0.068608,0.0076799999999999993,,,,,1.3806079999999998
3424,89.261954804421762,19037624599320,5.4584043100476265,4.8831,5.000704,2.0711,14475,0.001024,,,,0.084992,0,0.066048,0.006656,,,,,1.5531519999999999
3425,89.266847505668935,19037624648151,4.8927012830972672,4.8063,5.443328,1.8586,14475,0.001024,,,,0.088576,0,0.069376,0.0076799999999999993,,,,,1.381376
3426,89.271384502551015,19037624696214,4.5369970612227917,5.6246,4.868608,1.7901,14475,0.001024,,,,0.087039999999999992,0,0.068608,0.0076799999999999993,,,,,1.110784
3427,89.27586150085034,19037624752460,4.4769984669983387,5.5523,4.530176,2.2746,14595,0.001024,,,,0.08576,0.000256,0.067071999999999993,0.007424,,,,,1.11104
3428,89.280910204081636,19037624807983,5.0487034022808075,4.8901,4.409344,1.815,14475,0.001024,,,,0.087296,0,0.068352,0.007424,,,,,1.1166719999999999
3429,89.285386805555547,19037624856884,4.4766012579202652,5.2966,4.875776,2.0623,14475,0.001024,,,,0.083456,0,0.064512,0.011264,,,,,1.1215359999999999
3430,89.2901860048186,19037624909850,4.799199290573597,3.5706,4.443648,1.7308,14475,0.001024,,,,0.084735999999999992,0,0.066304,0.009472,,,,,1.1112959999999998
3431,89.2953053004535,19037624945556,5.1192957907915115,5.0102,4.780032,1.7981,14475,0.001024,,,,0.086784,0,0.068096,0.007424,,,,,1.357056
3432,89.30004570578231,19037624995658,4.7404053620994091,4.8043,5.090304,1.6911,14475,0.001024,,,,0.091136,0,0.072703999999999991,0.007424,,,,,1.387008
3433,89.305056405895684,19037625043701,5.0107003189623356,4.8615,4.721152,2.024,14677,0.001024,,,,0.085504,0,0.06656,0.007936,,,,,1.1166719999999999
3434,89.309937804705214,19037625092316,4.8813987523317337,4.6196,4.978432,2.1792,14475,0.0012799999999999999,,,,0.083456,0.000256,0.065536,0.003072,,,,,1.114112
3435,89.314582305839,19037625138512,4.6445010229945183,4.9367,4.801024,1.847,14475,0.001024,,,,0.086272,0,0.06784,0.011007999999999999,,,,,1.112832
3436,89.319430102040812,19037625187879,4.84779616817832,4.9175,4.686592,1.8544,14475,0.001024,,,,0.083968,0,0.065536,0.0076799999999999993,,,,,1.113856
3437,89.324078805272109,19037625237054,4.6487031504511833,4.9933,4.751872,1.8589,14475,0.001024,,,,0.086784,0,0.068352,0.009472,,,,,1.1136
3438,89.328888803854866,19037625286987,4.8099984414875507,4.5654,4.708352,1.9445,14475,0.002048,,,,0.087551999999999991,0,0.068864,0.0076799999999999993,,,,,1.116928
3439,89.333818700396819,19037625332641,4.92989644408226,4.6799,4.796928,1.8422,14475,0.001024,,,,0.086784,0,0.068096,0.003072,,,,,1.376
3440,89.3388133999433,19037625379440,4.9946997314691544,4.7472,4.90496,2.3295,14475,0.001024,,,,0.087551999999999991,0,0.06912,0.007424,,,,,1.114112
3441,89.343335303287972,19037625426912,4.5219031162559986,5.1456,4.97536,1.8456,14475,0.001024,,,,0.08806399999999999,0.000256,0.069887999999999992,0.0076799999999999993,,,,,1.114112
3442,89.347923001700678,19037625478368,4.5876982621848583,4.9221,4.50176,1.8657,14475,0.0012799999999999999,,,,0.08524799999999999,0,0.066304,0.012032,,,,,1.11616
3443,89.352652402210879,19037625527589,4.7294003888964653,4.9402,4.560128,1.7655,14475,0.001024,,,,0.086016,0,0.067328,0.007424,,,,,1.115392
3444,89.357753202947848,19037625576991,5.1008006557822227,4.1793,4.713472,1.8711,14475,0.001024,,,,0.085504,0.000256,0.067071999999999993,0.010496,,,,,1.1166719999999999
3445,89.362577699829927,19037625618784,4.8244968056678772,4.9485,5.077504,1.7678,14475,0.001024,,,,0.087039999999999992,0,0.068352,0.007424,,,,,1.279744
3446,89.3676608064059,19037625668269,5.0831064581871033,4.6083,4.80128,1.8901,14475,0.001024,,,,0.08832,0,0.070144,0.007424,,,,,1.388032
3447,89.372334700963719,19037625714352,4.6738944947719574,4.8566,4.998912,2.071,14475,0.001024,,,,0.086272,0,0.06784,0.007424,,,,,1.3957119999999998
3448,89.376588201530609,19037625762918,4.2535006068646908,5.4548,4.717056,1.7925,14475,0.001024,,,,0.084735999999999992,0.000256,0.066816,0.003328,,,,,1.2971519999999999
3449,89.382017899659857,19037625817466,5.4296981543302536,4.6275,4.225792,1.7183,14475,0.001024,,,,0.086272,0,0.06784,0.0076799999999999993,,,,,1.1097599999999999
3450,89.38638920068027,19037625863741,4.3713008053600788,4.4171,5.411072,1.9431,14475,0.001024,,,,0.08448,0.000256,0.064256,0.0038399999999999997,,,,,1.292544
3451,89.391183404195,19037625907912,4.7942036762833595,4.477,4.292096,1.7787,14475,0.001024,,,,0.08576,0,0.066816,0.007424,,,,,1.115648
3452,89.396033404195009,19037625952682,4.8500001430511475,5.2311,4.832,1.7807,14475,0.001024,,,,0.088576,0,0.069887999999999992,0.007424,,,,,1.1130879999999999
3453,89.400944699546486,19037626004993,4.9112951382994652,4.7944,4.764928,1.8065,14527,0.001024,,,,0.08448,0,0.065792,0.007424,,,,,1.3022719999999999
3454,89.406066602891158,19037626052937,5.1219034940004349,4.3634,4.958208,1.7667,14677,0.001024,,,,0.084735999999999992,0,0.066048,0.007424,,,,,1.388032
3455,89.4108748015873,19037626096571,4.8081986606121063,5.5821,5.04064,1.8069,32046,0.001024,,,,0.087808,0.000256,0.06912,0.008192,,,,,1.6015359999999998
3456,89.416206901927438,19037626152392,5.3321002051234245,4.246,4.509696,1.944,28860,0.001024,,,,0.084992,0.000256,0.06656,0.005376,,,,,1.30944
3457,89.420594905045348,19037626194852,4.3880031444132328,5.7193,4.730368,1.9073,20917,0.001024,,,,0.084992,0.000256,0.06656,0.005376,,,,,1.30944
3458,89.424996605725624,19037626252045,4.40170057117939,5.5225,4.324352,1.7516,14475,0.001024,,,,0.084735999999999992,0.000256,0.066304,0.007424,,,,,1.116928
3459,89.429759800170061,19037626307270,4.7631943598389626,4.2852,4.592128,1.8977,14595,0.001024,,,,0.087039999999999992,0,0.068352,0.15872,,,,,1.11616
3460,89.434610104875276,19037626350122,4.8503046855330467,4.2797,4.725504,1.8666,14475,0.0012799999999999999,,,,0.084224,0.000256,0.065279999999999991,0.009472,,,,,1.279232
3461,89.439344302721082,19037626392919,4.73419763147831,4.4329,4.846848,1.6527,14475,0.001024,,,,0.08806399999999999,0,0.069887999999999992,0.007424,,,,,1.378816
3462,89.444217502834462,19037626437248,4.8732003197073936,4.7755,4.76288,1.8966,14475,0.001024,,,,0.08576,0,0.067583999999999991,0.007424,,,,,1.371392
3463,89.4493044005102,19037626485003,5.0868978723883629,4.5905,4.8576,2.0554,14475,0.001024,,,,0.087039999999999992,0,0.068352,0.007936,,,,,1.1166719999999999
3464,89.454092205215417,19037626530908,4.7878045588731766,5.1661,5.067776,1.8926,14475,0.001024,,,,0.084992,0,0.06656,0.007424,,,,,1.289472
3465,89.458810104875283,19037626582569,4.7178994864225388,4.7642,4.511232,1.8509,14475,0.001024,,,,0.086272,0,0.067583999999999991,0.003328,,,,,1.112832
3466,89.463599000850337,19037626630211,4.7888960689306259,5.2018,4.70528,1.964,14475,0.0012799999999999999,,,,0.338432,0.000256,0.068608,0.0076799999999999993,,,,,1.115904
3467,89.468363704648525,19037626682229,4.7647035680711269,4.5922,4.758272,1.8505,14475,0.001024,,,,0.087039999999999992,0,0.068352,0.0076799999999999993,,,,,1.112832
3468,89.472924900793643,19037626728151,4.561196081340313,4.6991,4.742656,1.891,14475,0.001024,,,,0.086272,0,0.067583999999999991,0.007424,,,,,1.2920319999999998
3469,89.477787003968245,19037626775142,4.8621031455695629,4.7929,4.545024,1.7946,14475,0.001024,,,,0.084992,0,0.066304,0.0038399999999999997,,,,,1.112576
3470,89.482776601473915,19037626823071,4.9895974807441235,4.6813,4.845056,1.7688,14475,0.001024,,,,0.084992,0,0.066304,0.007424,,,,,1.532672
3471,89.487638506235825,19037626869884,4.86190477386117,4.6148,4.90368,1.7859,14475,0.001024,,,,0.087551999999999991,0.000256,0.069376,0.0076799999999999993,,,,,1.1112959999999998
3472,89.492197002551023,19037626916032,4.5584961771965027,4.7102,4.900096,1.8436,14475,0.001024,,,,0.086272,0,0.067583999999999991,0.0084479999999999989,,,,,1.113856
3473,89.496994501133784,19037626963134,4.7974986955523491,5.3146,4.544512,2.1665,14475,0.001024,,,,0.090624,0.000256,0.070912,0.007424,,,,,1.11104
3474,89.501869005102037,19037627016280,4.8745041713118553,5.0701,4.76544,1.8563,14475,0.001024,,,,0.090624,0.000256,0.070912,0.007424,,,,,1.11104
3475,89.506687903911555,19037627066981,4.8188986256718636,4.4212,4.790528,1.7649,14677,0.001024,,,,0.087296,0,0.068608,0.0076799999999999993,,,,,1.29664
3476,89.51168450255102,19037627111193,4.9965986981987953,4.3623,4.85504,1.8569,14475,0.001024,,,,0.085504,0,0.067071999999999993,0.007424,,,,,1.662976
3477,89.516377203798186,19037627154816,4.6927011571824551,5.5676,4.914176,1.7138,14475,0.001024,,,,0.086784,0.000256,0.068352,0.0048639999999999994,,,,,1.3941759999999999
3478,89.521218799603176,19037627210492,4.8415958881378174,4.581,4.498432,1.6373,14475,0.001024,,,,0.08448,0,0.066304,0.0076799999999999993,,,,,1.11616
3479,89.5255367063492,19037627256302,4.3179066851735115,4.5261,4.81792,1.9719,14475,0.001024,,,,0.087551999999999991,0.000256,0.06912,0.0076799999999999993,,,,,1.117184
3480,89.530389002267569,19037627301563,4.8522958531975746,5.0333,4.29568,1.8045,14475,0.001024,,,,0.088832,0.000256,0.069632,0.007424,,,,,1.1133439999999999
3481,89.535212400793654,19037627351896,4.8233983106911182,4.5952,4.82816,1.9053,14475,0.001024,,,,0.086784,0,0.068352,0.007424,,,,,1.1197439999999999
3482,89.54020240221088,19037627397848,4.9900012090802193,4.2556,4.802048,1.8169,14475,0.001024,,,,0.085504,0.000256,0.067071999999999993,0.007424,,,,,1.368064
3483,89.54504890164398,19037627440404,4.8464993014931679,5.1541,4.965632,1.8603,14475,0.001024,,,,0.087296,0.000256,0.068864,0.007424,,,,,1.3826559999999999
3484,89.550061104024934,19037627491945,5.01220254227519,4.5643,4.82048,1.8209,14475,0.001024,,,,0.086528,0,0.068352,0.008192,,,,,1.371904
3485,89.554771400226755,19037627537588,4.710296168923378,5.0527,4.993792,2.1685,14475,0.001024,,,,0.087551999999999991,0,0.068608,0.007424,,,,,1.3806079999999998
3486,89.559783900226748,19037627588115,5.01250009983778,4.7226,4.699136,2.0727,14475,0.001024,,,,0.087551999999999991,0,0.068864,0.0076799999999999993,,,,,1.114112
3487,89.564335700113375,19037627635341,4.5517999678850174,5.4753,4.984064,1.8078,14475,0.001024,,,,0.084992,0,0.066304,0.0076799999999999993,,,,,1.114624
3488,89.569249702380944,19037627690094,4.9140024930238724,4.3175,4.530432,1.839,14475,0.001024,,,,0.084992,0,0.06656,0.007424,,,,,1.113856
3489,89.574087705498869,19037627733269,4.8380033113062382,4.9672,4.897024,1.9838,14475,0.001024,,,,0.08806399999999999,0,0.06912,0.007424,,,,,1.1148799999999999
3490,89.578964299886621,19037627782941,4.87659452483058,5.3429,4.821504,1.927,14475,0.001024,,,,0.08576,0.000256,0.067071999999999993,0.007424,,,,,1.216512
3491,89.583835104875277,19037627836370,4.8708049580454826,4.176,4.850944,1.7717,14595,0.001024,,,,0.087296,0,0.068864,0.007936,,,,,1.380096
3492,89.588645500283448,19037627878130,4.8103951849043369,4.9413,4.859136,1.8571,14475,0.001024,,,,0.086272,0,0.06784,0.0076799999999999993,,,,,1.3790719999999999
3493,89.593420705782307,19037627927543,4.7752056270837784,5.0201,4.799744,1.8052,14475,0.001024,,,,0.08806399999999999,0.000256,0.069887999999999992,0.007424,,,,,1.112832
3494,89.59822850056689,19037627977744,4.8077949322760105,4.7054,4.751872,1.9284,14475,0.001024,,,,0.081408,0.000256,0.063232,0.0076799999999999993,,,,,1.327616
3495,89.602909601757361,19037628024798,4.681101068854332,4.7358,4.779776,1.803,14527,0.001024,,,,0.084735999999999992,0.000256,0.066304,0.0076799999999999993,,,,,1.115136
3496,89.607462606292515,19037628072156,4.5530046336352825,5.1335,4.667392,1.9514,14677,0.001024,,,,0.086528,0,0.067583999999999991,0.003328,,,,,1.115648
3497,89.612233801020409,19037628123491,4.7711948864161968,4.753,4.533248,1.803,14475,0.001024,,,,0.087551999999999991,0,0.069376,0.003584,,,,,1.11104
3498,89.617072002551012,19037628171021,4.8382016830146313,4.2653,4.749312,1.9185,14475,0.001024,,,,0.086784,0.000256,0.068096,0.003328,,,,,1.2928
3499,89.6215582057823,19037628213674,4.4862031936645508,4.5433,4.80256,1.9741,14475,0.001024,,,,0.083456,0.000256,0.065024,0.003072,,,,,1.372672
3500,89.625787003968256,19037628259107,4.22879820689559,5.5323,4.398592,1.6907,14475,0.001024,,,,0.08576,0,0.066816,0.007424,,,,,1.110016
3501,89.630900403911568,19037628314430,5.1134000532329082,4.0326,4.280576,1.7831,14475,0.001024,,,,0.08806399999999999,0,0.069632,0.007424,,,,,1.112832
3502,89.635680201247169,19037628354756,4.77979751303792,4.6054,4.8832,1.8408,14475,0.0012799999999999999,,,,0.083456,0,0.064767999999999992,0.003072,,,,,1.30816
3503,89.640560700113369,19037628400810,4.8804990947246552,4.9667,4.81536,1.7149,14475,0.001024,,,,0.083968,0,0.066304,0.007424,,,,,1.1330559999999998
3504,89.645373901643993,19037628450477,4.8132017254829407,4.3633,4.86656,1.6279,14475,0.001024,,,,0.08524799999999999,0,0.066816,0.003328,,,,,1.29664
3505,89.649958000283448,19037628494110,4.5840987004339695,4.6764,4.783872,1.7897,14475,0.001024,,,,0.08576,0,0.067328,0.003584,,,,,1.385472
3506,89.6547758999433,19037628540874,4.8178997822105885,5.0518,4.567552,1.9328,14475,0.001024,,,,0.084735999999999992,0,0.066304,0.0076799999999999993,,,,,1.1148799999999999
3507,89.65979260204081,19037628591392,5.016702227294445,5.3867,4.808192,2.1072,14475,0.001024,,,,0.084224,0.000256,0.065024,0.006144,,,,,1.1164159999999999
3508,89.66448410572562,19037628645259,4.6915034763515,4.2653,4.731904,2.3378,14475,0.0012799999999999999,,,,0.087551999999999991,0,0.068864,0.003328,,,,,1.11232
3509,89.669477303004527,19037628687912,4.9931975081563,4.8645,4.706304,1.7811,14475,0.001024,,,,0.087039999999999992,0,0.067071999999999993,0.007424,,,,,1.1133439999999999
3510,89.674127501417232,19037628736557,4.6501983888447285,5.1187,4.942848,1.8199,14475,0.001024,,,,0.085504,0,0.067071999999999993,0.007424,,,,,1.1164159999999999
3511,89.679369805839,19037628787744,5.2423044107854366,4.6562,4.651008,2.0375,14475,0.001024,,,,0.085504,0,0.067071999999999993,0.010752,,,,,1.44384
3512,89.684321903344667,19037628834306,4.9520973116159439,4.9979,5.142272,2.1937,14475,0.001024,,,,0.086784,0.000256,0.068352,0.007424,,,,,1.6419839999999999
3513,89.688998306405892,19037628884285,4.6764030121266842,5.2704,5.006848,2.1323,14475,0.001024,,,,0.083712,0,0.065024,0.0076799999999999993,,,,,1.387008
3514,89.693575503117913,19037628936989,4.5771966688334942,4.2822,4.539904,1.7772,14475,0.001024,,,,0.086784,0,0.068352,0.007424,,,,,1.3957119999999998
3515,89.698300304705214,19037628979811,4.7248015180230141,5.0289,4.658432,1.8261,14475,0.001024,,,,0.086272,0,0.06784,0.003328,,,,,1.32096
3516,89.7031031037415,19037629030100,4.8027988523244858,5.0486,4.693504,1.6725,14677,0.001024,,,,0.083968,0,0.065536,0.007424,,,,,1.116928
3517,89.708053599773237,19037629080586,4.9504959024488926,4.1581,4.79104,1.8221,14475,0.001024,,,,0.31462399999999996,0,0.068608,0.0051199999999999996,,,,,1.112064
3518,89.712981505102036,19037629122167,4.9279052764177322,4.6031,4.924928,1.9749,14475,0.001024,,,,0.28543999999999997,0,0.266496,0.0076799999999999993,,,,,1.112832
3519,89.717814902210876,19037629168198,4.83339698985219,5.271,4.901888,1.9302,14475,0.001024,,,,0.084224,0.000256,0.066048,0.003328,,,,,1.523456
3520,89.72234050453514,19037629220908,4.5256023295223713,4.7997,4.81536,1.7722,14475,0.001024,,,,0.08576,0.000256,0.067071999999999993,0.0076799999999999993,,,,,1.375488
3521,89.727122300170066,19037629268905,4.7817956656217575,4.658,4.513792,1.9602,14475,0.001024,,,,0.082688,0,0.064256,0.003072,,,,,1.379584
3522,89.73191370464852,19037629315485,4.7914045862853527,5.3158,4.760832,1.9373,14475,0.001024,,,,0.084735999999999992,0,0.066048,0.007168,,,,,1.293568
3523,89.736657801870749,19037629368643,4.7440971247851849,4.6082,4.771072,1.7881,28045,0.001024,,,,0.08576,0,0.066816,0.003072,,,,,1.114112
3524,89.741451700680273,19037629414725,4.793898668140173,4.1626,4.717312,1.7312,26478,0.001024,,,,0.087551999999999991,0,0.069632,0.003328,,,,,1.1115519999999999
3525,89.746838300736954,19037629456351,5.3866002708673477,4.6993,4.765696,1.7477,14475,0.001024,,,,0.087551999999999991,0,0.069632,0.003328,,,,,1.1115519999999999
3526,89.7512996031746,19037629503344,4.4613024219870567,5.2924,4.922112,1.6521,14475,0.001024,,,,0.082431999999999991,0,0.064512,0.004096,,,,,1.281792
3527,89.75632040107709,19037629556268,5.0207977183163166,6.1091,4.69376,1.8959,20404,0.001024,,,,0.082431999999999991,0,0.064512,0.004096,,,,,1.281792
3528,89.761384204931971,19037629617359,5.0638038665056229,3.7689,4.836864,1.7697,20404,0.001024,,,,0.087039999999999992,0,0.068608,0.0097279999999999988,,,,,1.3657599999999999
3529,89.765928500566886,19037629655048,4.5442958362400532,4.5632,4.977664,1.6536,50123,0.001024,,,,0.085504,0,0.06656,0.011519999999999999,,,,,1.115136
3530,89.771039902210887,19037629700680,5.1114014349877834,4.8089,4.537856,1.6315,40380,0.001024,,,,0.085504,0,0.06656,0.011519999999999999,,,,,1.115136
3531,89.775082100340128,19037629748769,4.0421979501843452,5.3973,4.493056,1.7478,35513,0.001024,,,,0.083456,0.000256,0.065024,0.0076799999999999993,,,,,1.119488
3532,89.78004080215419,19037629802742,4.95870178565383,6.1659,4.23936,1.8396,14475,0.003072,,,,0.082431999999999991,0.000256,0.064512,0.003584,,,,,1.137664
3533,89.784764703798189,19037629864401,4.7239018604159355,3.662,4.924416,2.2423,14475,0.001024,,,,0.300544,0,0.05504,0.025856,,,,,1.2920319999999998
3534,89.7900336026077,19037629901021,5.2688987925648689,3.6211,4.706816,2.0773,14475,0.001024,,,,0.086528,0.000256,0.06784,0.007936,,,,,1.2838399999999999
3535,89.7947961026077,19037629937232,4.7625000588595867,4.8564,5.23904,1.6516,14475,0.001024,,,,0.087039999999999992,0,0.068352,0.0076799999999999993,,,,,1.5679999999999998
3536,89.800529102891147,19037629985796,5.7330001145601273,5.157,4.758272,1.8156,14475,0.001024,,,,0.088576,0,0.069887999999999992,0.007168,,,,,1.3675519999999999
3537,89.80557230017007,19037630037366,5.0431974232196808,4.7781,4.513024,2.1582,14874,0.001024,,,,0.0896,0,0.070912,0.007424,,,,,1.11744
3538,89.81005570436507,19037630085147,4.483404103666544,5.2344,4.6272,2.0445,14475,0.0012799999999999999,,,,0.08448,0,0.065024,0.007424,,,,,1.115648
3539,89.814735402494321,19037630137491,4.6796980313956738,5.9276,4.517376,1.8435,14475,0.001024,,,,0.087039999999999992,0,0.068352,0.007424,,,,,1.1133439999999999
3540,89.819670904195007,19037630196767,4.9355016089975834,4.677,4.654848,1.7723,14475,0.001024,,,,0.086784,0,0.06784,0.007424,,,,,1.112576
3541,89.824101303854874,19037630243537,4.4303997419774532,4.3601,4.857344,1.7542,14475,0.001024,,,,0.302848,0.000256,0.067071999999999993,0.009216,,,,,1.114368
3542,89.829345804988662,19037630287138,5.2445009350776672,5.4951,4.46464,1.7055,14475,0.001024,,,,0.086528,0.000256,0.068096,0.006656,,,,,1.114368
3543,89.834431001984129,19037630342089,5.0851968117058277,4.0749,5.223168,1.8816,14475,0.001024,,,,0.08524799999999999,0.000256,0.066816,0.0076799999999999993,,,,,1.380352
3544,89.839859700963714,19037630382838,5.4286988452076912,4.3643,5.075968,1.902,14475,0.001024,,,,0.08524799999999999,0.000256,0.066816,0.0076799999999999993,,,,,1.380352
3545,89.844297101757363,19037630426481,4.4374009594321251,5.5958,5.065472,1.8424,32407,0.001024,,,,0.087296,0,0.06912,0.003328,,,,,1.381632
3546,89.849015603741492,19037630482439,4.718502052128315,5.8068,4.75904,1.81,14475,0.001024,,,,0.086016,0,0.067328,0.011264,,,,,1.371392
3547,89.853855201247157,19037630540507,4.83959773555398,4.703,4.44288,2.2503,14475,0.001024,,,,0.08448,0,0.066048,0.011007999999999999,,,,,1.294336
3548,89.858651403061216,19037630587537,4.796201828867197,4.7695,4.659456,1.7665,14475,0.001024,,,,0.225792,0,0.20736,0.007424,,,,,1.112576
3549,89.863422902494321,19037630635232,4.7714994288980961,4.0905,4.93568,1.6401,14475,0.001024,,,,0.08576,0.000256,0.067328,0.007424,,,,,1.1130879999999999
3550,89.867612202380954,19037630676137,4.1892998851835728,5.2117,4.659712,1.9804,14475,0.001024,,,,0.089088,0,0.070912,0.0076799999999999993,,,,,1.1115519999999999
3551,89.872457405045353,19037630728254,4.8452024348080158,5.1912,4.246016,1.6941,14475,0.001792,,,,0.084224,0,0.065792,0.007936,,,,,1.113856
3552,89.877042304421764,19037630780166,4.5848991721868515,4.3159,4.834048,1.8349,20404,0.001024,,,,0.24678399999999998,0.000256,0.22886399999999998,0.003584,,,,,1.273088
3553,89.882308304988655,19037630823325,5.2660005167126656,4.0865,4.549888,1.7905,14475,0.001024,,,,0.08576,0,0.067583999999999991,0.007424,,,,,1.111808
3554,89.8868758999433,19037630864190,4.5675947330892086,4.5518,5.25184,1.9079,14595,0.001024,,,,0.08524799999999999,0,0.066816,0.010496,,,,,1.476864
3555,89.891671201814049,19037630909708,4.7953017055988312,5.4295,4.54272,1.7962,49617,0.0012799999999999999,,,,0.087039999999999992,0,0.068352,0.0097279999999999988,,,,,1.114368
3556,89.896825205498857,19037630964003,5.1540038548409939,4.7359,4.734208,1.8175,44623,0.001024,,,,0.086272,0.000256,0.068096,0.008704,,,,,1.11616
3557,89.936146102607708,19037631011362,39.320897310972214,4.2304,5.1776,2.5043,133070,0.001024,,,,0.086784,0,0.068352,0.003072,,,,,1.378816
3558,89.948029804421765,19037631053666,11.883702129125595,5.8091,4.802816,1.7889,415663,0.001024,,,,0.086784,0,0.068352,0.003072,,,,,1.378816
3559,89.952618799603172,19037631111757,4.58899512887001,4.5142,4.72064,2.9225,49617,0.001024,,,,0.085504,0.000256,0.06656,0.007424,,,,,1.3724159999999999
3560,89.957827005385482,19037631156899,5.20820589736104,41.6125,4.782848,2.1094,42581,0.001024,,,,0.085504,0.000256,0.066816,0.003072,,,,,1.11744
3561,89.962743303571429,19037631573024,4.9162982031702995,10.7128,4.762624,1.9166,14475,0.001024,,,,0.080639999999999989,0,0.061952,0.0076799999999999993,,,,,1.114112
3562,89.967545301870743,19037631680152,4.8019983805716038,4.1437,4.892928,1.7727,14475,0.001024,,,,0.08576,0,0.067583999999999991,0.003328,,,,,1.366528
3563,89.972301700680262,19037631721589,4.7563989646732807,4.1604,4.777984,1.6465,32046,0.001024,,,,0.08448,0.000256,0.065536,0.003328,,,,,1.6665599999999998
3564,89.9769748015873,19037631763193,4.673101007938385,5.1323,4.729088,1.7868,28860,0.001024,,,,0.084735999999999992,0,0.066048,0.003072,,,,,1.383424
3565,89.981428904478449,19037631814516,4.4541028328239918,5.2659,4.6656,1.7835,14475,0.001024,,,,0.086528,0,0.068352,0.007424,,,,,1.286656
3566,89.986136500850336,19037631867175,4.7075962647795677,3.9191,4.347136,1.9592,14475,0.001024,,,,0.086272,0.000256,0.067583999999999991,0.0076799999999999993,,,,,1.112064
3567,89.99094430272109,19037631906366,4.80780191719532,4.8839,4.754944,1.7603,14475,0.001024,,,,0.08576,0,0.067328,0.011519999999999999,,,,,1.2802559999999998
3568,89.995489406179132,19037631955205,4.5451032929122448,4.8519,4.75008,2.1731,14475,0.001024,,,,0.086528,0,0.068352,0.0076799999999999993,,,,,1.35936
3569,90.000505002834458,19037632003724,5.0155967473983765,4.5778,4.565504,2.1191,14475,0.001024,,,,0.084224,0,0.066304,0.010496,,,,,1.372928
3570,90.0055538052721,19037632049502,5.048802588135004,4.8699,4.993024,2.0036,14822,0.001024,,,,0.083712,0,0.065279999999999991,0.007424,,,,,1.376256
3571,90.009998604024943,19037632098201,4.4447989203035831,4.6137,5.035264,2.1252,14527,0.001024,,,,0.085504,0.000256,0.06656,0.007936,,,,,1.281024
3572,90.014782305838992,19037632144338,4.7837016172707081,5.2336,4.411648,1.6962,14475,0.001024,,,,0.085504,0.000256,0.066816,0.003072,,,,,1.11104
3573,90.019586500850338,19037632196674,4.8041949048638344,4.8022,4.76928,1.6712,14475,0.001024,,,,0.08806399999999999,0,0.069376,0.0076799999999999993,,,,,1.1164159999999999
3574,90.0242748015873,19037632244696,4.6883006580173969,4.3952,4.782592,1.9253,14475,0.001024,,,,0.087039999999999992,0,0.068608,0.003072,,,,,1.111808
3575,90.029168601190477,19037632288648,4.8937997780740261,5.2315,4.66048,1.9919,14475,0.001024,,,,0.086272,0,0.068096,0.007424,,,,,1.26976
3576,90.03385950255101,19037632340963,4.6909013763070107,4.2017,4.821248,1.7287,32046,0.001024,,,,0.083712,0,0.065279999999999991,0.0076799999999999993,,,,,1.371392
3577,90.03895030470521,19037632382980,5.090801976621151,4.9376,4.712448,2.3338,28980,0.001024,,,,0.08448,0,0.066304,0.007424,,,,,1.3642239999999999
3578,90.043710501700673,19037632432356,4.7601968981325626,5.1587,5.073408,2.2152,14475,0.001024,,,,0.0832,0,0.064512,0.0076799999999999993,,,,,1.2838399999999999
3579,90.048439200680264,19037632483943,4.72869910299778,4.5861,4.748032,1.7026,14475,0.001024,,,,0.08576,0.000256,0.067071999999999993,0.005376,,,,,1.330176
3580,90.053389002267565,19037632529804,4.9498016014695168,4.9782,4.6336,2.1961,14475,0.0012799999999999999,,,,0.084224,0,0.065792,0.007424,,,,,1.110016
3581,90.057850800736958,19037632579586,4.4617983512580395,4.7094,4.968448,1.8432,14475,0.001024,,,,0.08448,0,0.066048,0.005376,,,,,1.564416
3582,90.06287800453515,19037632626680,5.0272038206458092,4.995,4.489984,1.7365,14475,0.001024,,,,0.084735999999999992,0.000256,0.06656,0.007936,,,,,1.110784
3583,90.067631505102042,19037632676630,4.7535006888210773,4.7792,4.995584,1.7692,14475,0.001024,,,,0.083968,0,0.066048,0.007168,,,,,1.5014399999999999
3584,90.072284502551014,19037632724422,4.6529974788427353,4.1509,4.639232,2.3214,14475,0.001024,,,,0.08576,0,0.06784,0.007168,,,,,1.3826559999999999
3585,90.0767248015873,19037632765931,4.4402992352843285,5.3406,4.65536,1.8363,32046,0.001024,,,,0.08448,0.000256,0.066048,0.003072,,,,,1.3823999999999999
3586,90.081452600623578,19037632819337,4.727798979729414,4.368,4.479488,1.6486,28860,0.001024,,,,0.084735999999999992,0,0.066304,0.003328,,,,,1.1164159999999999
3587,90.086699503968248,19037632863017,5.2469032816588879,4.6913,4.72064,1.983,14475,0.001024,,,,0.08524799999999999,0,0.067328,0.0051199999999999996,,,,,1.3240319999999999
3588,90.091186104024942,19037632909930,4.486599937081337,4.6905,5.16608,1.9796,14475,0.001024,,,,0.086272,0,0.067583999999999991,0.0076799999999999993,,,,,1.388544
3589,90.0959964994331,19037632956835,4.8103951849043369,4.8019,4.525568,1.8063,14475,0.001024,,,,0.086016,0.000256,0.067071999999999993,0.007424,,,,,1.11232
3590,90.100956604308379,19037633004854,4.9601048231124878,5.1229,4.804352,2.1783,14475,0.001024,,,,0.086016,0,0.067583999999999991,0.0076799999999999993,,,,,1.3724159999999999
3591,90.105775304705219,19037633056083,4.8187002539634705,4.8618,4.779264,1.9071,14677,0.001024,,,,0.082431999999999991,0.000256,0.063744,0.007424,,,,,1.3806079999999998
3592,90.110463903061216,19037633104701,4.6885982155799866,4.4198,4.797696,1.813,14475,0.001024,,,,0.08576,0,0.067583999999999991,0.003072,,,,,1.385216
3593,90.114968601190469,19037633148899,4.50469832867384,5.013,4.658944,1.8175,14475,0.001024,,,,0.087808,0.000256,0.069376,0.011776,,,,,1.1148799999999999
3594,90.119965199829934,19037633199029,4.9965986981987953,4.6095,4.494336,1.9147,14475,0.001024,,,,0.08576,0.000256,0.067328,0.003584,,,,,1.108992
3595,90.124676601473922,19037633245124,4.7114016488194466,4.6344,4.981504,2.0042,14475,0.001024,,,,0.08806399999999999,0.000256,0.069632,0.15616,,,,,1.1133439999999999
3596,90.129646201814055,19037633291468,4.96960012242198,5.1621,4.672512,1.8968,14475,0.001024,,,,0.08806399999999999,0.000256,0.069632,0.15616,,,,,1.1133439999999999
3597,90.134498901644,19037633343089,4.8527000471949577,4.5581,4.965888,1.7599,14475,0.001024,,,,0.085504,0,0.066304,0.0076799999999999993,,,,,1.540864
3598,90.1393417020975,19037633388670,4.8428005538880825,5.1761,4.826368,1.7854,14475,0.001024,,,,0.086272,0,0.068352,0.003328,,,,,1.669376
3599,90.144452203798181,19037633440431,5.1105017773807049,4.4969,4.785408,1.9598,14475,0.001024,,,,0.087808,0.000256,0.069376,0.007424,,,,,1.37344
3600,90.149025602324258,19037633485400,4.5733987353742123,4.9824,5.125632,1.8484,14475,0.001024,,,,0.087296,0,0.068352,0.0051199999999999996,,,,,1.532672
3601,90.1535575042517,19037633535224,4.53190179541707,5.3921,4.546304,1.8544,14475,0.001024,,,,0.08576,0.000256,0.06656,0.011264,,,,,1.119232
3602,90.1586450042517,19037633589145,5.0874999724328518,4.6682,4.518144,1.8953,14475,0.001024,,,,0.087039999999999992,0,0.068096,0.007936,,,,,1.10848
3603,90.163908000283442,19037633635827,5.262996070086956,4.7575,5.063936,2.4684,14475,0.001024,,,,0.084224,0,0.065279999999999991,0.0063999999999999994,,,,,1.276672
3604,90.168898200113375,19037633683402,4.9902000464499,4.9302,5.202944,2.1033,14475,0.001024,,,,0.0832,0,0.064767999999999992,0.005376,,,,,1.577472
3605,90.17405,19037633732704,5.1517998799681664,5.4675,4.934144,2.0649,14475,0.001024,,,,0.084735999999999992,0,0.067071999999999993,0.007936,,,,,1.386496
3606,90.178862003968248,19037633787379,4.8120040446519852,5.6001,4.707328,2.0198,14475,0.001024,,,,0.083712,0,0.065279999999999991,0.003584,,,,,1.291008
3607,90.183634204931963,19037633843380,4.7722011804580688,3.5602,4.76416,1.9076,32046,0.001024,,,,0.08806399999999999,0,0.069632,0.007168,,,,,1.369856
3608,90.1954702026644,19037633878982,11.835997924208641,4.9687,,1.9768,28980,0.001024,,,,0.08806399999999999,0,0.069632,0.007168,,,,,1.369856
3609,90.200435806405892,19037633928669,4.9656038172543049,4.8019,4.668672,2.1566,32046,0.001024,,,,0.087551999999999991,0,0.069632,0.0076799999999999993,,,,,1.114624
3610,90.206748100907021,19037633976688,6.3122943975031376,12.6201,4.612096,2.8795,29062,0.001024,,,,0.084224,0,0.065279999999999991,0.011519999999999999,,,,,1.1115519999999999
3611,90.211790100623574,19037634102889,5.0419997423887253,5.5074,4.614656,1.8847,14527,0.001024,,,,0.08448,0.000256,0.065536,0.009472,,,,,1.4428159999999999
3612,90.216417701247167,19037634157963,4.6276007778942585,4.5626,5.026816,1.8432,14475,0.001024,,,,0.08524799999999999,0,0.066816,0.007168,,,,,1.70624
3613,90.2210919005102,19037634203589,4.6741990372538567,4.9785,4.531712,1.8684,14475,0.001024,,,,0.083968,0.000256,0.065536,0.004096,,,,,1.1136
3614,90.225593501984122,19037634253374,4.5016016811132431,5.3171,4.73344,1.9012,14475,0.001024,,,,0.086016,0.000256,0.067583999999999991,0.003072,,,,,1.1148799999999999
3615,90.230311004818589,19037634306545,4.7175027430057526,4.8588,4.409088,1.818,32046,0.001024,,,,0.086784,0,0.068608,0.003328,,,,,1.11232
3616,90.235186401643986,19037634355133,4.8753968439996243,3.9679,4.762624,2.0986,28860,0.001024,,,,0.083968,0.000256,0.065279999999999991,0.006656,,,,,1.11616
3617,90.240419104308387,19037634394812,5.232702475041151,5.0749,4.85376,2.0431,14475,0.001024,,,,0.084992,0,0.065792,0.003328,,,,,1.567232
3618,90.245246605725626,19037634445561,4.8275012522935867,5.176,5.206528,1.8,32046,0.001024,,,,0.239872,0,0.068608,0.010496,,,,,1.600768
3619,90.249715001417229,19037634497321,4.4683958403766155,4.497,4.804352,1.9272,28860,0.001024,,,,0.084992,0.000256,0.066048,0.007424,,,,,1.387008
3620,90.25466519982993,19037634542291,4.9501983448863029,5.2245,4.44544,1.8805,14475,0.001024,,,,0.084224,0,0.066048,0.007424,,,,,1.114624
3621,90.25934430272109,19037634594536,4.6791029162704945,5.3543,4.937472,1.756,14475,0.001024,,,,0.23551999999999998,0,0.066816,0.007424,,,,,1.110528
3622,90.264397101757368,19037634648079,5.0527988933026791,4.1318,4.641792,2.1736,14475,0.001024,,,,0.08576,0.000256,0.067583999999999991,0.0076799999999999993,,,,,1.113856
3623,90.269194600340128,19037634689397,4.7974986955523491,4.7673,5.039104,2.4849,14475,0.001024,,,,0.085504,0.000256,0.067071999999999993,0.003328,,,,,1.1112959999999998
3624,90.273769600340131,19037634737070,4.5750001445412636,4.5208,4.751872,1.9876,14475,0.001024,,,,0.08448,0,0.065792,0.0076799999999999993,,,,,1.112064
3625,90.278819104308383,19037634782278,5.0495038740336895,5.6682,4.547328,2.05,14475,0.0012799999999999999,,,,0.08524799999999999,0,0.06656,0.0076799999999999993,,,,,1.112576
3626,90.283780002834462,19037634838960,4.96089830994606,4.2723,5.014016,2.0231,14475,0.0012799999999999999,,,,0.086272,0,0.06784,0.003072,,,,,1.115904
3627,90.288785501700673,19037634881683,5.0054988823831081,4.3982,4.615424,2.6972,14475,0.001024,,,,0.086528,0,0.06784,0.0076799999999999993,,,,,1.115648
3628,90.293470500283448,19037634925665,4.6849986538290977,6.2036,4.521728,2.3084,14475,0.0012799999999999999,,,,0.081408,0.000256,0.06297599999999999,0.008192,,,,,1.1136
3629,90.299013300736959,19037634987701,5.5428002960979939,4.8597,4.506112,2.7959,14475,0.0012799999999999999,,,,0.081408,0.000256,0.06297599999999999,0.008192,,,,,1.1136
3630,90.3038705994898,19037635036298,4.857298918068409,5.0565,4.511488,1.6294,14475,0.001024,,,,0.085504,0.000256,0.066816,0.0076799999999999993,,,,,1.115904
3631,90.308813903061221,19037635086863,4.9433037638664246,4.0547,4.839424,1.7015,14677,0.001024,,,,0.086528,0,0.06784,0.007424,,,,,1.11232
3632,90.3139419005102,19037635127410,5.1279976032674313,4.9592,4.88832,1.7486,14475,0.001024,,,,0.086016,0.000256,0.067328,0.0076799999999999993,,,,,1.11104
3633,90.318837202380948,19037635177002,4.8953020013868809,4.8667,5.114368,1.9391,14475,0.001024,,,,0.342784,0,0.069887999999999992,0.0051199999999999996,,,,,1.718016
3634,90.323392304421759,19037635225669,4.5551019720733166,5.4091,4.897792,2.0636,14475,0.001024,,,,0.08524799999999999,0.000256,0.06656,0.0076799999999999993,,,,,1.279488
3635,90.328397002551014,19037635279760,5.0046979449689388,4.5084,4.538112,1.8019,14475,0.001024,,,,0.085504,0,0.067328,0.005632,,,,,1.1136
3636,90.333996704931963,19037635324844,5.59970224276185,4.9447,4.94592,1.923,14475,0.001024,,,,0.087039999999999992,0,0.068608,0.007424,,,,,1.1082239999999999
3637,90.339485402494333,19037635374291,5.4886974394321442,4.7776,4.367616,1.8825,14475,0.001024,,,,0.082688,0,0.064256,0.007936,,,,,1.38624
3638,90.3442757015306,19037635422067,4.7902991063892841,7.2798,4.78592,1.7196,14475,0.001024,,,,0.082688,0,0.064256,0.007936,,,,,1.38624
3639,90.348825205498869,19037635494865,4.5495037920773029,3.4449,4.525056,1.8222,14595,0.001024,,,,0.086528,0.000256,0.068352,0.0076799999999999993,,,,,1.1130879999999999
3640,90.353818204365069,19037635529314,4.9929986707866192,5.5487,4.514304,1.7806,14475,0.001024,,,,0.08524799999999999,0.000256,0.066304,0.004096,,,,,1.11232
3641,90.358843501984126,19037635584801,5.0252974033355713,4.5707,4.901632,1.6327,14475,0.001024,,,,0.08832,0.000256,0.069887999999999992,0.004352,,,,,1.128704
3642,90.36387620464852,19037635630508,5.0327028147876263,4.3785,5.089536,1.8398,14475,0.001024,,,,0.08448,0,0.066048,0.00896,,,,,1.112064
3643,90.368668501984118,19037635674293,4.7922972589731216,5.1268,4.951552,1.8777,14475,0.001024,,,,0.084992,0.000256,0.06656,0.0076799999999999993,,,,,1.112064
3644,90.373240100623576,19037635725561,4.5715984888374805,5.3149,4.78208,1.8201,14475,0.001024,,,,0.084735999999999992,0,0.066304,0.009472,,,,,1.375232
3645,90.378010005668926,19037635778710,4.7699050046503544,4.6707,4.605184,1.8916,14475,0.0012799999999999999,,,,0.08806399999999999,0,0.069376,0.0076799999999999993,,,,,1.284352
3646,90.382467304421766,19037635825417,4.4572986662387848,5.4121,4.736256,1.8657,14475,0.0012799999999999999,,,,0.086016,0,0.067583999999999991,0.0076799999999999993,,,,,1.399552
3647,90.388128706065757,19037635879538,5.6614014320075512,4.9357,4.445696,1.8943,14475,0.0012799999999999999,,,,0.080896,0,0.062464,0.007424,,,,,1.110016
3648,90.392844401927434,19037635928895,4.7156959772109985,3.9235,5.637888,1.8351,14475,0.001024,,,,0.084735999999999992,0,0.066048,0.0076799999999999993,,,,,1.30688
3649,90.397591801303847,19037635968130,4.7473995946347713,4.671,4.512768,1.8594,14475,0.001024,,,,0.085504,0,0.067071999999999993,0.007424,,,,,1.1136
3650,90.4024191043084,19037636014840,4.8273028805851936,5.1404,4.657664,1.6551,14475,0.001024,,,,0.343808,0,0.324608,0.00896,,,,,1.135872
3651,90.407194905045344,19037636066244,4.7758007422089577,4.6948,4.880384,2.0423,14677,0.001024,,,,0.086016,0,0.06784,0.007424,,,,,1.2771839999999999
3652,90.412165001417236,19037636113192,4.97009651735425,5.5911,4.745984,1.8026,14527,0.001024,,,,0.089343999999999993,0.000256,0.070656,0.003328,,,,,1.2853759999999999
3653,90.4172163052721,19037636169103,5.0513036549091339,4.1797,4.959488,2.156,14475,0.001024,,,,0.084224,0.000256,0.065792,0.003328,,,,,1.374464
3654,90.422146704931976,19037636210900,4.93039982393384,4.8639,5.032192,2.2375,14475,0.001024,,,,0.085504,0,0.06656,0.0076799999999999993,,,,,1.376
3655,90.4264169005102,19037636259539,4.2701954953372478,5.181,4.888832,1.7536,14475,0.001024,,,,0.084992,0,0.066816,0.007424,,,,,1.284608
3656,90.4313205994898,19037636311349,4.903698805719614,4.6934,4.269312,1.752,14475,0.001024,,,,0.084735999999999992,0.000256,0.065792,0.007424,,,,,1.131264
3657,90.43613500566893,19037636358283,4.8144063912332058,5.4496,4.872448,1.9332,14475,0.001024,,,,0.08806399999999999,0,0.06912,0.007936,,,,,1.114368
3658,90.441140603741488,19037636412779,5.0055980682373047,3.657,4.740096,1.8894,14475,0.001024,,,,0.08576,0,0.066816,0.0076799999999999993,,,,,1.112832
3659,90.445925205498867,19037636449349,4.7846017405390739,4.9287,4.976128,1.9145,14475,0.001024,,,,0.08524799999999999,0,0.06656,0.003072,,,,,1.5280639999999999
3660,90.450851700680275,19037636498636,4.9264952540397644,5.3344,4.824576,1.7825,20917,0.001024,,,,0.087808,0,0.06912,0.009984,,,,,1.37472
3661,90.455877203798181,19037636551980,5.0255032256245613,4.8846,4.909824,1.7808,14475,0.001024,,,,0.084992,0,0.06656,0.0076799999999999993,,,,,1.398784
3662,90.46047510629252,19037636600826,4.5979022979736328,4.4313,5.004544,1.8586,14475,0.001024,,,,0.08524799999999999,0,0.066816,0.007424,,,,,1.381888
3663,90.4655917020975,19037636645139,5.1165958866477013,4.9536,4.518656,1.8999,14475,0.001024,,,,0.087296,0.000256,0.068352,0.0076799999999999993,,,,,1.113856
3664,90.470338102324263,19037636694675,4.7464002855122089,5.2002,5.1712,2.0776,14475,0.001024,,,,0.08576,0.000256,0.066048,0.007424,,,,,1.115392
3665,90.475094104308383,19037636746677,4.7560017555952072,5.34,4.725504,1.7813,14475,0.0012799999999999999,,,,0.087039999999999992,0,0.068608,0.0076799999999999993,,,,,1.11104
3666,90.479596605725618,19037636800077,4.5025013387203217,4.1967,4.523776,1.9592,14475,0.001024,,,,0.08576,0,0.066816,0.007424,,,,,1.115136
3667,90.484643105158725,19037636842044,5.04649942740798,4.8713,4.6848,1.8397,14475,0.001024,,,,0.086784,0.000256,0.068352,0.007424,,,,,1.362944
3668,90.489427303004533,19037636890757,4.7841980122029781,4.9789,4.963328,1.6384,14475,0.0012799999999999999,,,,0.08806399999999999,0,0.069376,0.169984,,,,,1.39648
3669,90.494380300453514,19037636940546,4.95299743488431,4.1648,4.802048,1.769,14475,0.001024,,,,0.086528,0.000256,0.06784,0.003072,,,,,1.398528
3670,90.499167205215414,19037636982194,4.786904901266098,5.1852,4.959744,1.9482,14475,0.001024,,,,0.08448,0,0.066304,0.0076799999999999993,,,,,1.312768
3671,90.503705002834465,19037637034046,4.5377975329756737,4.5374,4.697344,1.8611,14595,0.001024,,,,0.086528,0,0.06784,0.007424,,,,,1.118464
3672,90.50844600340136,19037637079420,4.7410004772245884,5.132,4.515584,1.7393,14677,0.001024,,,,0.086528,0,0.068352,0.0076799999999999993,,,,,1.1112959999999998
3673,90.513877501417227,19037637130740,5.431497935205698,4.7609,4.785408,1.9419,14475,0.001024,,,,0.086272,0,0.067071999999999993,0.0076799999999999993,,,,,1.1130879999999999
3674,90.51872930130385,19037637178349,4.8517999239265919,4.5922,5.35936,1.9092,14475,0.001024,,,,0.322048,0,0.065024,0.009216,,,,,1.2922879999999999
3675,90.523402501417223,19037637224271,4.6732001937925816,5.688,4.893184,1.9258,14475,0.001024,,,,0.084735999999999992,0,0.065792,0.0076799999999999993,,,,,1.29664
3676,90.528152303004532,19037637281151,4.7498014755547047,4.272,4.576512,1.7954,14475,0.001024,,,,0.087808,0,0.069376,0.007424,,,,,1.113856
3677,90.532878401360534,19037637323871,4.7260983847081661,4.9667,4.80256,1.9685,14475,0.001024,,,,0.087039999999999992,0,0.068352,0.007424,,,,,1.374464
3678,90.537867502834459,19037637373538,4.9891015514731407,5.0387,4.704,2.0312,14475,0.001024,,,,0.087039999999999992,0,0.068608,0.0076799999999999993,,,,,1.115648
3679,90.5425279053288,19037637423925,4.660402424633503,4.7854,4.968448,1.8009,14475,0.001024,,,,0.086272,0.000256,0.06784,0.007424,,,,,1.11104
3680,90.547260104875278,19037637471779,4.7321994788944721,4.2762,4.64256,1.9275,14475,0.001024,,,,0.086528,0.000256,0.06784,0.004096,,,,,1.115136
3681,90.552195804988656,19037637514541,4.9356999807059765,5.1022,4.711424,1.8392,14475,0.001024,,,,0.086784,0,0.068352,0.007424,,,,,1.11104
3682,90.5569542020975,19037637565563,4.7583971172571182,4.7741,4.916224,1.7699,14475,0.001024,,,,0.084992,0.000256,0.066304,0.0076799999999999993,,,,,1.5380479999999999
3683,90.561797902494334,19037637613304,4.8437002114951611,4.4184,4.733952,2.1432,14475,0.001024,,,,0.08524799999999999,0,0.06656,0.003584,,,,,1.2835839999999998
3684,90.566601403061227,19037637657488,4.8035006038844585,5.4225,4.826624,2.0703,14475,0.0012799999999999999,,,,0.086272,0,0.06784,0.011776,,,,,1.3808639999999999
3685,90.571051906179136,19037637711713,4.450503271073103,4.4023,4.785664,1.875,14475,0.001024,,,,0.082688,0,0.064512,0.0076799999999999993,,,,,1.373696
3686,90.575342304421767,19037637755736,4.2903982102870941,4.8868,4.177152,1.8604,14475,0.0012799999999999999,,,,0.085504,0.000256,0.066816,0.007424,,,,,1.1072
3687,90.580164002267566,19037637804604,4.82169771566987,4.7082,4.110336,1.8187,14475,0.001024,,,,0.246528,0.000256,0.06912,0.0076799999999999993,,,,,1.111808
3688,90.5849742063492,19037637851686,4.8102042637765408,5.0159,4.725248,1.7069,14475,0.001024,,,,0.091648,0.000256,0.066816,0.011264,,,,,1.112064
3689,90.589816702097508,19037637901845,4.8424955457448959,3.6896,4.784896,1.8605,14475,0.0012799999999999999,,,,0.08576,0,0.066816,0.0076799999999999993,,,,,1.364992
3690,90.594574206349208,19037637938741,4.7575044445693493,5.2042,4.780288,1.8808,14475,0.001024,,,,0.087296,0,0.068608,0.007424,,,,,1.398272
3691,90.599328302154191,19037637990783,4.7540958039462566,5.5212,4.848128,1.8169,14475,0.001024,,,,0.084224,0,0.066304,0.0076799999999999993,,,,,1.371648
3692,90.604250800736963,19037638045995,4.9224984832108021,3.8636,4.665088,1.7206,14677,0.001024,,,,0.082688,0.000256,0.064,0.007424,,,,,1.115904
3693,90.608789505385488,19037638084631,4.5387046411633492,4.7889,4.700672,1.9412,14475,0.001024,,,,0.087296,0,0.068352,0.007424,,,,,1.114112
3694,90.613991206065762,19037638132520,5.201700609177351,5.1049,4.28416,1.6452,14527,0.001024,,,,0.08448,0,0.066048,0.0076799999999999993,,,,,1.118464
3695,90.618861805555554,19037638183569,4.87059960141778,4.6214,5.216256,1.8298,14475,0.001024,,,,0.087551999999999991,0,0.068352,0.0076799999999999993,,,,,1.30944
3696,90.623484601757369,19037638229783,4.6227960847318172,4.3222,4.842496,2.033,14475,0.0012799999999999999,,,,0.09088,0,0.07168,0.007424,,,,,1.115904
3697,90.628642502834467,19037638273005,5.1579009741544724,5.8958,4.603392,1.8999,14475,0.001024,,,,0.08806399999999999,0.000256,0.070144,0.009984,,,,,1.117696
3698,90.633423405612248,19037638331963,4.7809029929339886,4.3284,4.980224,1.9659,14475,0.001024,,,,0.084224,0,0.065792,0.0076799999999999993,,,,,1.3952
3699,90.6380746031746,19037638375247,4.6511976979672909,4.4492,4.762368,2.25,14475,0.001024,,,,0.084224,0.000256,0.066304,0.0076799999999999993,,,,,1.3893119999999999
3700,90.6431540036848,19037638419739,5.0794007256627083,5.1645,4.556032,1.9253,14475,0.001024,,,,0.08806399999999999,0.000256,0.06912,0.003072,,,,,1.115392
3701,90.647885303287978,19037638471384,4.7312998212873936,4.9142,4.890368,2.0483,14475,0.001024,,,,0.084992,0,0.06656,0.0076799999999999993,,,,,1.112832
3702,90.652614803004525,19037638520526,4.7294995747506618,4.8093,4.709888,1.7778,14475,0.001024,,,,0.084992,0,0.06656,0.003328,,,,,1.1115519999999999
3703,90.6574827026644,19037638568619,4.86789969727397,4.8113,4.717312,1.9562,26630,0.0012799999999999999,,,,0.086528,0,0.06784,0.007424,,,,,1.1133439999999999
3704,90.66221620606575,19037638616732,4.7335033304989338,5.014,4.777216,1.8395,14475,0.001024,,,,0.086784,0.000256,0.068096,0.007424,,,,,1.371392
3705,90.667131505102034,19037638666872,4.9152988940477371,4.6413,4.781056,1.9285,14475,0.001024,,,,0.088576,0,0.070144,0.007424,,,,,1.3690879999999999
3706,90.671899305555556,19037638713285,4.7678006812930107,4.9214,4.893696,1.8911,14475,0.001024,,,,0.086016,0,0.067328,0.007424,,,,,1.371392
3707,90.676429804421758,19037638762499,4.5304987579584122,5.3095,4.745728,1.8802,14475,0.001024,,,,0.083968,0,0.066048,0.011264,,,,,1.1130879999999999
3708,90.681207801870741,19037638815594,4.7779972665011883,4.3183,4.511232,1.7968,14475,0.001024,,,,0.08448,0.000256,0.066048,0.0076799999999999993,,,,,1.1164159999999999
3709,90.685946003401355,19037638858777,4.7382013872265816,5.4225,4.75264,1.7943,14475,0.001024,,,,0.084224,0,0.066304,0.007424,,,,,1.322496
3710,90.690784403344665,19037638913002,4.8384000547230244,3.7795,4.71552,1.6535,14475,0.001024,,,,0.086016,0,0.06784,0.007424,,,,,1.114368
3711,90.695698405612248,19037638950797,4.9140024930238724,5.2342,4.755712,1.6219,14475,0.001024,,,,0.086016,0,0.067071999999999993,0.007424,,,,,1.3621759999999998
3712,90.70067499999999,19037639003139,4.9765943549573421,4.6417,4.951296,1.7733,14475,0.001024,,,,0.08524799999999999,0.000256,0.066816,0.007424,,,,,1.378816
3713,90.70565760345805,19037639049556,4.9826032482087612,4.9049,4.960256,1.8613,14822,0.001024,,,,0.083968,0.000256,0.065792,0.007424,,,,,1.670656
3714,90.710339406179131,19037639098605,4.6818028204143047,4.3525,4.953344,1.7826,14475,0.001024,,,,0.086016,0,0.067583999999999991,0.007424,,,,,1.382912
3715,90.7151700042517,19037639142130,4.8305978998541832,4.9267,4.660992,1.757,14475,0.001024,,,,0.086784,0,0.068608,0.007424,,,,,1.1133439999999999
3716,90.719967899659864,19037639191397,4.7978954389691353,4.99,4.568832,1.7886,14475,0.001024,,,,0.086272,0.000256,0.06784,0.007424,,,,,1.115136
3717,90.7244663052721,19037639241297,4.4984053820371628,5.0714,4.711424,1.8004,14475,0.001024,,,,0.08832,0.000256,0.06784,0.005888,,,,,1.1197439999999999
3718,90.72933860544218,19037639292011,4.8723001964390278,4.6079,4.539904,1.7856,14475,0.001024,,,,0.08294399999999999,0,0.064,0.007424,,,,,1.1164159999999999
3719,90.733936302437641,19037639338090,4.59769694134593,4.8137,4.852224,1.8417,14475,0.001024,,,,0.087039999999999992,0,0.068608,0.007424,,,,,1.281024
3720,90.738729301303849,19037639386227,4.7929990105330944,4.7005,4.572672,1.7737,14475,0.001024,,,,0.08524799999999999,0,0.067071999999999993,0.007424,,,,,1.396224
3721,90.743439101473925,19037639433232,4.7098002396523952,4.4678,4.77952,1.8724,14475,0.001024,,,,0.084992,0.000256,0.066048,0.003584,,,,,1.370112
3722,90.748855605158724,19037639477910,5.4165036417543888,4.6222,4.506368,2.2458,14475,0.001024,,,,0.086272,0,0.06784,0.007424,,,,,1.137408
3723,90.753570500283445,19037639524132,4.7148950397968292,6.4859,4.550912,1.6387,14475,0.001024,,,,0.083968,0,0.065024,0.009472,,,,,1.1348479999999999
3724,90.758400503117912,19037639588991,4.8300027847290039,3.025,4.685312,1.8482,14475,0.001024,,,,0.239616,0.000256,0.22092799999999999,0.0076799999999999993,,,,,1.111808
3725,90.763486302437641,19037639619241,5.0857993774116039,5.9038,4.794112,1.9146,14475,0.001024,,,,0.083968,0,0.066048,0.007424,,,,,1.115392
3726,90.768567602040818,19037639678279,5.0812996923923492,4.3821,5.081856,1.8382,14475,0.001024,,,,0.355328,0.000256,0.069632,0.012799999999999999,,,,,1.131776
3727,90.773206101190468,19037639722100,4.6384991146624088,5.0202,5.046016,1.7865,14475,0.001024,,,,0.086528,0,0.068352,0.007424,,,,,1.334272
3728,90.778014406179139,19037639772302,4.8083048313856125,4.96,4.571648,1.9209,14475,0.001024,,,,0.08576,0.000256,0.067071999999999993,0.007424,,,,,1.1133439999999999
3729,90.783054003684811,19037639821902,5.0395973958075047,5.121,4.856064,1.9019,14475,0.001024,,,,0.083712,0,0.065024,0.0048639999999999994,,,,,1.378304
3730,90.787786302437638,19037639873112,4.7322986647486687,5.0535,5.007616,1.7995,14475,0.001024,,,,0.084224,0.000256,0.065536,0.007424,,,,,1.1148799999999999
3731,90.792759906462578,19037639923647,4.9736038781702518,4.4729,4.707328,1.788,14475,0.001024,,,,0.087039999999999992,0,0.068352,0.007424,,,,,1.11232
3732,90.797439200680273,19037639968376,4.6792943030595779,4.712,4.891136,2.0437,14475,0.0012799999999999999,,,,0.086528,0.000256,0.068096,0.007424,,,,,1.1133439999999999
3733,90.802813300736958,19037640015496,5.3741000592708588,5.3339,4.727552,1.7555,14475,0.0012799999999999999,,,,0.08576,0.000256,0.06656,0.007424,,,,,1.1112959999999998
3734,90.807182305838992,19037640068835,4.3690050952136517,4.5959,5.324288,2.0103,14797,0.001024,,,,0.088576,0,0.069632,0.006912,,,,,1.572352
3735,90.812381802721092,19037640114794,5.1994970999658108,5.3243,4.3648,1.9343,14475,0.001024,,,,0.087808,0,0.06912,0.006656,,,,,1.1072
3736,90.817180605158725,19037640168037,4.7988025471568108,5.1787,5.10848,1.8993,14527,0.001024,,,,0.084992,0,0.066304,0.007424,,,,,1.6870399999999999
3737,90.82214620181405,19037640219824,4.9655968323349953,4.0237,4.787968,1.9473,14475,0.001024,,,,0.087808,0,0.06912,0.0076799999999999993,,,,,1.369856
3738,90.826932603458047,19037640260061,4.7864015214145184,4.9042,4.994816,1.7918,14475,0.001024,,,,0.084224,0,0.065792,0.0076799999999999993,,,,,1.2835839999999998
3739,90.831692502834457,19037640309103,4.759899340569973,4.9688,4.699392,1.6091,14475,0.001024,,,,0.082688,0,0.064256,0.007424,,,,,1.302528
3740,90.836689703798186,19037640358791,4.9972007982432842,4.7214,4.743936,1.8085,14475,0.001024,,,,0.08524799999999999,0.000256,0.067071999999999993,0.0076799999999999993,,,,,1.3173759999999999
3741,90.841525304705215,19037640406005,4.8356009647250175,5.0737,5.03552,2.1337,14475,0.001024,,,,0.087039999999999992,0,0.06784,0.003328,,,,,1.1148799999999999
3742,90.846370103458042,19037640456742,4.84479870647192,5.0094,4.748032,1.8405,14475,0.001024,,,,0.362496,0,0.067328,0.009216,,,,,1.115392
3743,90.851421704931965,19037640506836,5.0516016781330109,4.5871,4.836096,1.688,14475,0.001024,,,,0.08448,0.000256,0.066048,0.003328,,,,,1.4126079999999999
3744,90.856453103741487,19037640552707,5.0313989631831646,5.1454,5.09696,1.8294,14475,0.001024,,,,0.087039999999999992,0,0.068864,0.0063999999999999994,,,,,1.423104
3745,90.861220904195008,19037640604161,4.7678006812930107,4.5243,4.953088,1.7968,14475,0.001024,,,,0.086784,0.000256,0.068096,0.003328,,,,,1.426944
3746,90.865742899659864,19037640649404,4.5219953171908855,4.9466,4.791808,1.7169,14475,0.001024,,,,0.086272,0.000256,0.068096,0.007424,,,,,1.378304
3747,90.870729903628117,19037640698870,4.9870037473738194,5.1267,4.507136,1.8788,14475,0.001024,,,,0.084992,0,0.066048,0.007424,,,,,1.115136
3748,90.875268005952378,19037640750137,4.53810254111886,4.6925,4.703744,1.8449,14475,0.001024,,,,0.086272,0,0.06784,0.0097279999999999988,,,,,1.112576
3749,90.879993402777771,19037640797062,4.7253966331481934,4.5577,4.456448,1.8099,14475,0.001024,,,,0.085504,0,0.067071999999999993,0.0051199999999999996,,,,,1.114368
3750,90.88449469954648,19037640842639,4.5012966729700565,4.9699,4.68608,1.7982,14475,0.001024,,,,0.08576,0,0.066816,0.007424,,,,,1.281024
3751,90.889162903911554,19037640892338,4.6682045795023441,4.6311,4.55808,1.8485,14475,0.001024,,,,0.086528,0,0.068096,0.007424,,,,,1.3926399999999999
3752,90.893967701247163,19037640938649,4.8047974705696106,5.0558,4.656896,1.7717,14475,0.001024,,,,0.085504,0,0.067328,0.006656,,,,,1.4023679999999998
3753,90.898472002551017,19037640989207,4.5043011195957661,4.1215,4.718592,1.888,14475,0.001024,,,,0.08832,0,0.069376,0.007424,,,,,1.115648
3754,90.9034064058957,19037641030422,4.9344031140208244,4.551,4.543744,1.8174,14475,0.0012799999999999999,,,,0.086784,0,0.068608,0.007424,,,,,1.111808
3755,90.908431901927429,19037641075932,5.0254962407052517,5.1861,4.912128,1.7584,14677,0.001024,,,,0.337408,0,0.068608,0.007424,,,,,1.134336
3756,90.91344320436508,19037641127793,5.0113024190068245,4.2566,5.014272,1.9251,14475,0.001024,,,,0.084735999999999992,0,0.066048,0.003328,,,,,1.279488
3757,90.9190040036848,19037641170359,5.5607995018363,4.8495,4.988928,1.9259,14475,0.001024,,,,0.330752,0.000256,0.311808,0.004608,,,,,1.110528
3758,90.923753706065753,19037641218854,4.7497022897005081,5.4508,5.463808,2.3047,14475,0.001024,,,,0.0832,0.000256,0.064512,0.0051199999999999996,,,,,1.562112
3759,90.92865080073696,19037641273362,4.8970947973430157,4.5787,4.737024,1.7336,14475,0.001024,,,,0.087551999999999991,0,0.068864,0.010752,,,,,1.44384
3760,90.933678599773245,19037641319149,5.0277989357709885,5.8593,4.921344,1.8718,14475,0.001024,,,,0.08576,0.000256,0.067071999999999993,0.011519999999999999,,,,,1.396224
3761,90.938328599773243,19037641377742,4.6500000171363354,4.7059,4.863744,1.7358,14475,0.001024,,,,0.085504,0,0.066816,0.007424,,,,,1.3959679999999999
3762,90.9431919005102,19037641424801,4.8633008264005184,4.7107,4.55296,1.8084,14475,0.001024,,,,0.087039999999999992,0,0.068352,0.003072,,,,,1.111808
3763,90.947683205782312,19037641471908,4.4913054443895817,4.9235,4.913152,1.8774,14475,0.001024,,,,0.082688,0.000256,0.064256,0.007424,,,,,1.307904
3764,90.952475403911563,19037641521143,4.7921980731189251,4.7185,4.4096,1.7525,20917,0.001024,,,,0.088832,0,0.069887999999999992,0.003584,,,,,1.108736
3765,90.957081405895693,19037641568328,4.6060020104050636,4.8416,4.76416,1.869,14475,0.001024,,,,0.087551999999999991,0,0.068864,0.007424,,,,,1.1112959999999998
3766,90.96199540107709,19037641616744,4.9139950424432755,4.5542,4.645888,1.7088,14595,0.001024,,,,0.087296,0.000256,0.06912,0.003328,,,,,1.2920319999999998
3767,90.966814002267569,19037641662286,4.8186010681092739,4.7262,4.82944,1.876,14475,0.001024,,,,0.083712,0,0.065024,0.003584,,,,,1.3859839999999999
3768,90.971362903911555,19037641709548,4.548901692032814,4.7728,4.810752,1.8408,14475,0.0012799999999999999,,,,0.086016,0,0.067071999999999993,0.0063999999999999994,,,,,1.377792
3769,90.975710402494329,19037641757276,4.3474985286593437,4.7345,4.520704,1.9713,14475,0.001024,,,,0.087296,0,0.06912,0.0076799999999999993,,,,,1.1166719999999999
3770,90.980578004535147,19037641804621,4.86760213971138,5.1043,4.387584,1.8453,14475,0.001024,,,,0.085504,0,0.067328,0.004096,,,,,1.112832
3771,90.9855044005102,19037641855664,4.9263960681855679,4.4943,4.828928,1.8081,14475,0.001024,,,,0.23321599999999998,0,0.067328,0.0076799999999999993,,,,,1.1363839999999998
3772,90.990217701247161,19037641900607,4.7133006155490875,4.1564,4.853504,1.8541,14475,0.001024,,,,0.33638399999999996,0,0.066304,0.0048639999999999994,,,,,1.128704
3773,90.9950163052721,19037641942171,4.7986041754484177,4.8649,4.706048,2.0524,14475,0.001024,,,,0.08448,0,0.065792,0.003328,,,,,1.279744
3774,90.999888003117917,19037641990820,4.8716976307332516,5.096,4.841984,1.776,14475,0.001024,,,,0.086016,0,0.06784,0.007424,,,,,1.391104
3775,91.004572101757361,19037642041780,4.6840985305607319,5.0075,4.790528,1.6505,14475,0.001024,,,,0.08576,0,0.067328,0.0076799999999999993,,,,,1.3742079999999999
3776,91.009370904195009,19037642091855,4.7988025471568108,4.2405,4.712704,1.8553,14677,0.001024,,,,0.086528,0,0.067328,0.007424,,,,,1.1115519999999999
3777,91.014082901077089,19037642134260,4.7119967639446259,5.0707,4.713728,1.731,14475,0.001024,,,,0.08806399999999999,0,0.069376,0.007424,,,,,1.1164159999999999
3778,91.019218204365075,19037642184967,5.1353033632040024,4.5001,4.698368,1.8554,14527,0.001024,,,,0.087296,0,0.068864,0.007936,,,,,1.117696
3779,91.023824900793642,19037642229968,4.6066963113844395,5.2682,5.170944,1.7604,14475,0.001024,,,,0.089343999999999993,0,0.07039999999999999,0.007424,,,,,1.52576
3780,91.028629903628115,19037642282650,4.8050028271973133,4.2978,4.518144,1.7572,14475,0.001024,,,,0.089343999999999993,0,0.070656,0.0076799999999999993,,,,,1.1182079999999999
3781,91.033394401927438,19037642325628,4.7644982114434242,5.1211,4.795904,1.8918,14475,0.001024,,,,0.083456,0,0.065024,0.003584,,,,,1.650432
3782,91.038154499716555,19037642376839,4.7600977122783661,4.9092,4.79488,1.7949,14475,0.001024,,,,0.087296,0,0.068608,0.003584,,,,,1.3739519999999998
3783,91.043027104591829,19037642425931,4.872604738920927,4.7411,4.74624,1.7342,14475,0.001024,,,,0.086784,0,0.067583999999999991,0.007424,,,,,1.3022719999999999
3784,91.0476617063492,19037642473342,4.6346015296876431,4.6365,4.857088,1.882,14475,0.001024,,,,0.08294399999999999,0,0.064256,0.008704,,,,,1.114624
3785,91.052394805839,19037642519707,4.733099602162838,4.9402,4.542976,1.7261,14475,0.001024,,,,0.08576,0,0.067583999999999991,0.0076799999999999993,,,,,1.114368
3786,91.057201204648521,19037642569109,4.8063988797366619,4.6812,4.717056,1.8067,14475,0.001024,,,,0.08524799999999999,0,0.067071999999999993,0.0076799999999999993,,,,,1.114112
3787,91.062488903061222,19037642615921,5.287698470056057,4.8686,4.787968,1.844,14475,0.001024,,,,0.087039999999999992,0,0.068608,0.0038399999999999997,,,,,1.2864
3788,91.067333304988665,19037642664607,4.8444019630551338,4.4992,5.266432,1.8109,14475,0.001024,,,,0.087039999999999992,0.000256,0.068608,0.004352,,,,,1.505536
3789,91.071954903628111,19037642709599,4.621598869562149,4.708,4.810496,1.7641,14475,0.001024,,,,0.0832,0,0.064767999999999992,0.003584,,,,,1.383424
3790,91.076595904195,19037642756679,4.641000647097826,5.5726,4.67456,1.9079,14475,0.001024,,,,0.083968,0,0.065279999999999991,0.007424,,,,,1.2787199999999999
3791,91.081244805838992,19037642812405,4.6489015221595764,4.7807,4.548864,1.8593,14475,0.001024,,,,0.086272,0,0.06784,0.003328,,,,,1.11616
3792,91.086004903628108,19037642860212,4.7600977122783661,4.405,4.69632,1.9665,14475,0.001024,,,,0.088576,0.000256,0.069887999999999992,0.0076799999999999993,,,,,1.115136
3793,91.0909496031746,19037642904262,4.9446993507444859,4.9182,4.735488,1.7219,14475,0.0012799999999999999,,,,0.083968,0,0.065279999999999991,0.0076799999999999993,,,,,1.115392
3794,91.095891404478451,19037642953444,4.9418010748922825,4.4393,4.892928,1.8121,14475,0.0012799999999999999,,,,0.086528,0,0.068096,0.007424,,,,,1.289984
3795,91.100774100056682,19037642997837,4.8826956190168858,5.0275,4.884736,1.8177,14475,0.001024,,,,0.085504,0,0.066816,0.0076799999999999993,,,,,1.310976
3796,91.105620705782314,19037643048112,4.8466059379279613,4.6584,4.934912,1.6775,14677,0.001024,,,,0.084224,0.000256,0.065279999999999991,0.0097279999999999988,,,,,1.3990399999999998
3797,91.110300800736951,19037643094696,4.68009477481246,5.0908,4.777984,1.7918,14475,0.001024,,,,0.087551999999999991,0,0.068864,0.0076799999999999993,,,,,1.3672959999999998
3798,91.115089505385484,19037643145604,4.7887046821415424,4.6717,4.703488,1.7162,14595,0.001024,,,,0.086528,0,0.068352,0.0076799999999999993,,,,,1.113856
3799,91.119704102891149,19037643192321,4.6145976521074772,4.9096,4.530944,1.7787,14475,0.001024,,,,0.08576,0,0.066816,0.007168,,,,,1.112064
3800,91.124370904195,19037643241417,4.6668010763823986,5.095,4.529408,1.7221,14475,0.001024,,,,0.09036799999999999,0,0.069887999999999992,0.007168,,,,,1.115648
3801,91.128936706349208,19037643292367,4.5658019371330738,4.2699,4.712704,1.7288,14475,0.001024,,,,0.08448,0,0.066048,0.007168,,,,,1.11744
3802,91.134338605442167,19037643335066,5.4018991068005562,4.9091,4.54016,1.8072,14475,0.001024,,,,0.086016,0,0.067071999999999993,0.007424,,,,,1.380096
3803,91.139259906462584,19037643384157,4.9213008023798466,4.7475,5.394688,1.8108,14475,0.001024,,,,0.086784,0,0.068096,0.007424,,,,,1.505024
3804,91.14440570436507,19037643431632,5.1457979716360569,4.2565,4.904192,1.9068,14475,0.001024,,,,0.087296,0,0.068608,0.0076799999999999993,,,,,1.4074879999999999
3805,91.148880902777776,19037643474197,4.475198220461607,5.6644,5.051392,2.2551,14475,0.001024,,,,0.08576,0,0.066816,0.007424,,,,,1.115648
3806,91.153449206349208,19037643530841,4.568303469568491,5.0073,4.52352,1.734,14475,0.001024,,,,0.087296,0,0.068608,0.007424,,,,,1.1148799999999999
3807,91.158156604308388,19037643580914,4.7073978930711746,4.8179,4.538624,1.8454,14475,0.001024,,,,0.086016,0.000256,0.067583999999999991,0.0076799999999999993,,,,,1.1148799999999999
3808,91.16320930413832,19037643629093,5.0526997074484825,4.3646,4.706816,1.804,14475,0.001024,,,,0.087039999999999992,0,0.068608,0.007936,,,,,1.117696
3809,91.167992502834466,19037643672739,4.7831987030804157,4.7152,4.96768,1.94,14475,0.001024,,,,0.08294399999999999,0.000256,0.064256,0.256768,,,,,1.312512
3810,91.172510501700671,19037643719891,4.5179990120232105,4.6714,4.756992,1.8952,14475,0.001024,,,,0.08576,0,0.067583999999999991,0.007424,,,,,1.29152
3811,91.177668601190476,19037643766605,5.1580993458628654,5.1243,4.556288,1.8445,14475,0.001024,,,,0.083712,0,0.065024,0.007424,,,,,1.3790719999999999
3812,91.182217899659861,19037643817848,4.5492984354496,4.9698,4.925184,1.8549,14475,0.001024,,,,0.083712,0.000256,0.065536,0.003584,,,,,1.296384
3813,91.186794600340136,19037643867546,4.5767007395625114,4.3037,4.50816,1.9394,14475,0.001024,,,,0.087808,0,0.069632,0.0076799999999999993,,,,,1.111808
3814,91.191678302154187,19037643910583,4.8837019130587578,5.1736,4.631296,1.871,14475,0.0012799999999999999,,,,0.08524799999999999,0.000256,0.066816,0.007424,,,,,1.115648
3815,91.196173405612242,19037643962319,4.4951033778488636,4.5634,4.794624,1.8242,14475,0.25779199999999997,,,,0.08448,0,0.066304,0.006656,,,,,1.1133439999999999
3816,91.201205505952373,19037644007953,5.03210024908185,4.9002,4.46848,1.7203,14475,0.001024,,,,0.087039999999999992,0,0.068352,0.003584,,,,,1.115904
3817,91.20630780187075,19037644056955,5.1022958941757679,4.5507,5.003008,1.7729,14677,0.001024,,,,0.23884799999999998,0,0.069632,0.0076799999999999993,,,,,1.117696
3818,91.211260005668933,19037644102462,4.9522039480507374,4.7395,5.158656,1.8455,14475,0.001024,,,,0.08576,0,0.067071999999999993,0.007424,,,,,1.582336
3819,91.215950602324256,19037644149857,4.6905968338251114,4.8881,4.856064,1.6932,14475,0.001024,,,,0.086016,0,0.067328,0.010752,,,,,1.283328
3820,91.220301502267574,19037644198738,4.3508997187018394,5.1669,4.544512,1.6677,14527,0.001024,,,,0.086272,0.000256,0.06784,0.003328,,,,,1.117952
3821,91.224848100907025,19037644250407,4.54659853130579,4.6407,4.525056,2.1242,14475,0.001024,,,,0.081152,0,0.062464,0.0076799999999999993,,,,,1.1166719999999999
3822,91.229780505952377,19037644296814,4.9324049614369869,5.4133,4.527616,1.8122,14475,0.001024,,,,0.08448,0,0.065536,0.003072,,,,,1.116928
3823,91.234302806122443,19037644350947,4.5223003253340721,3.7942,4.854528,1.9536,14475,0.001024,,,,0.088576,0,0.069887999999999992,0.003072,,,,,1.442304
3824,91.239222002551017,19037644388889,4.9191964790225029,4.8493,4.558336,1.6941,41087,0.001024,,,,0.08576,0,0.067583999999999991,0.007424,,,,,1.373184
3825,91.244452699829935,19037644437382,5.2306973375380039,4.9814,4.89856,1.6872,14475,0.001024,,,,0.087296,0,0.06912,0.007936,,,,,1.380096
3826,91.248996201814052,19037644487196,4.5435018837451935,4.4247,5.208832,1.697,14475,0.001024,,,,0.08524799999999999,0,0.067071999999999993,0.010239999999999999,,,,,1.523712
3827,91.254099503968249,19037644531443,5.10330218821764,4.6826,4.520448,1.7512,14475,0.001024,,,,0.087296,0.000256,0.068352,0.007936,,,,,1.1130879999999999
3828,91.258564101473922,19037644578269,4.4645974412560463,5.0773,5.012992,1.6925,26477,0.001024,,,,0.087808,0.000256,0.068864,0.007424,,,,,1.130496
3829,91.263563605442172,19037644629042,4.9995039589703083,4.5936,4.513792,1.6777,14475,0.001024,,,,0.086016,0,0.067583999999999991,0.003328,,,,,1.114112
3830,91.26862100340135,19037644674978,5.05739776417613,5.3926,4.900352,1.7418,44820,0.001024,,,,0.089088,0,0.070144,0.006144,,,,,1.3104639999999999
3831,91.273151204648528,19037644728904,4.5302012003958225,4.1639,5.113344,1.9348,38626,0.001024,,,,0.087551999999999991,0.000256,0.068864,0.0076799999999999993,,,,,1.6383999999999999
3832,91.277761302437639,19037644770543,4.6100979670882225,5.6554,4.504064,2.0144,32550,0.001024,,,,0.0832,0.000256,0.064512,0.0076799999999999993,,,,,1.2820479999999999
3833,91.281917899659859,19037644827097,4.1565974242985249,5.1573,4.527616,1.8038,14475,0.001024,,,,0.085504,0,0.066816,0.007424,,,,,1.3696
3834,91.286636401643989,19037644878670,4.718502052128315,3.8184,4.130048,2.0651,14475,0.001024,,,,0.0896,0.000256,0.070912,0.009984,,,,,1.108736
3835,91.291491602891156,19037644916854,4.8552011139690876,5.3698,3.968,1.7069,14475,0.001024,,,,0.08294399999999999,0.000256,0.063744,0.004096,,,,,1.110528
3836,91.296162003968249,19037644970552,4.6704011037945747,3.8333,4.816896,1.7481,14475,0.001024,,,,0.083968,0.000256,0.065792,0.011264,,,,,1.279232
3837,91.301057305839,19037645008885,4.8953020013868809,4.4529,4.717056,1.7844,14475,0.001024,,,,0.08448,0,0.066048,0.007168,,,,,1.2753919999999999
3838,91.305833900226759,19037645053414,4.77659422904253,4.9028,4.814336,1.7467,14822,0.001024,,,,0.086784,0,0.068608,0.004608,,,,,1.377792
3839,91.310905201247166,19037645102442,5.0713010132312775,4.5976,4.82176,1.6375,14475,0.001024,,,,0.08524799999999999,0.000256,0.067071999999999993,0.007424,,,,,1.392896
3840,91.31568200113378,19037645148418,4.77680005133152,4.9149,5.04576,1.8677,14475,0.001024,,,,0.086784,0.000256,0.068352,0.011264,,,,,1.112576
3841,91.320305201247166,19037645197567,4.6232002787292,4.5237,4.690688,1.8483,14475,0.001024,,,,0.086528,0,0.067071999999999993,0.007424,,,,,1.1115519999999999
3842,91.325058404195,19037645242804,4.7532031312584877,5.67,4.678912,1.7892,14475,0.0012799999999999999,,,,0.086016,0,0.067328,0.0076799999999999993,,,,,1.115392
3843,91.329906299603167,19037645299504,4.8478953540325165,4.3975,4.553984,1.8121,14475,0.001024,,,,0.087039999999999992,0.000256,0.068608,0.0038399999999999997,,,,,1.112576
3844,91.334778904478455,19037645343479,4.872604738920927,4.4794,4.942336,1.7959,14475,0.001024,,,,0.08806399999999999,0,0.06912,0.0076799999999999993,,,,,1.5298559999999999
3845,91.339635905612241,19037645388273,4.8570013605058193,4.9829,4.903936,1.7996,14475,0.001024,,,,0.086528,0,0.06784,0.007424,,,,,1.2856319999999999
3846,91.344407603458052,19037645438102,4.7716978006064892,5.1182,4.789504,1.7087,32407,0.001024,,,,0.083968,0,0.065536,0.007424,,,,,1.3808639999999999
3847,91.349239101473913,19037645489284,4.8314980231225491,4.3218,4.80384,1.7833,14475,0.001024,,,,0.08832,0,0.069887999999999992,0.007424,,,,,1.374976
3848,91.353947200963717,19037645532502,4.7080996446311474,5.1662,4.736512,1.7094,14475,0.0012799999999999999,,,,0.08806399999999999,0,0.069376,0.0051199999999999996,,,,,1.119488
3849,91.358967899659859,19037645584164,5.02069853246212,4.4487,4.51712,2.0408,14475,0.001024,,,,0.088576,0,0.069376,0.006144,,,,,1.111808
3850,91.363714299886624,19037645628651,4.7464002855122089,5.7472,4.90624,1.8739,14475,0.19327999999999998,,,,0.083968,0,0.065536,0.010496,,,,,1.1166719999999999
3851,91.368641602891159,19037645686123,4.9273031763732433,3.885,4.718336,1.9176,14475,0.001024,,,,0.08806399999999999,0,0.069376,0.0076799999999999993,,,,,1.117952
3852,91.373162705498856,19037645724973,4.5211026445031166,5.2877,4.965376,1.8052,14475,0.001024,,,,0.086016,0.000256,0.067328,0.0076799999999999993,,,,,1.562624
3853,91.378053302154186,19037645777850,4.8905964940786362,4.549,4.50816,1.8357,20404,0.0012799999999999999,,,,0.08806399999999999,0,0.069632,0.003072,,,,,1.108736
3854,91.382624000850342,19037645823340,4.570698831230402,4.7254,4.822016,1.732,14475,0.0012799999999999999,,,,0.089343999999999993,0,0.07039999999999999,0.0076799999999999993,,,,,1.3724159999999999
3855,91.387519203514742,19037645870594,4.8952028155326843,4.5692,4.534016,1.8749,14475,0.001024,,,,0.088832,0,0.069887999999999992,0.0076799999999999993,,,,,1.109248
3856,91.392464703798183,19037645916286,4.9455002881586552,5.0561,4.921344,1.7384,14475,0.001024,,,,0.233728,0.000256,0.067328,0.0084479999999999989,,,,,1.1130879999999999
3857,91.397215901360539,19037645966847,4.7511975280940533,4.4257,4.87552,1.7803,14475,0.001024,,,,0.08448,0.000256,0.065536,0.003584,,,,,1.1115519999999999
3858,91.402227600623576,19037646011104,5.0116991624236107,4.9415,4.701184,1.686,14475,0.001024,,,,0.087551999999999991,0,0.06912,0.007424,,,,,1.10848
3859,91.407047604875274,19037646060519,4.8200041055679321,5.1435,5.101056,1.8496,14822,0.001024,,,,0.085504,0,0.067071999999999993,0.007424,,,,,1.459712
3860,91.412240504535148,19037646111954,5.1928996108472347,4.5388,4.79616,1.8403,14475,0.001024,,,,0.08832,0,0.06912,0.007424,,,,,1.285888
3861,91.4170031037415,19037646157342,4.7625992447137833,5.1403,5.10336,1.8999,32046,0.001024,,,,0.088576,0,0.069887999999999992,0.0051199999999999996,,,,,1.88672
3862,91.421833503401359,19037646208745,4.83039952814579,5.0201,4.814592,1.8482,29032,0.001024,,,,0.08294399999999999,0,0.064512,0.007424,,,,,1.3793279999999999
3863,91.426473200113378,19037646258946,4.6396967954933643,4.8513,4.804864,2.0449,14475,0.001024,,,,0.086016,0,0.067328,0.0076799999999999993,,,,,1.285888
3864,91.431242205215412,19037646307459,4.7690048813819885,5.1687,4.547328,1.8406,14475,0.001024,,,,0.085504,0,0.067328,0.007424,,,,,1.11232
3865,91.435954102891159,19037646359146,4.7118975780904293,4.3988,4.744192,1.7266,14475,0.001024,,,,0.084992,0.000256,0.066304,0.0076799999999999993,,,,,1.3255679999999999
3866,91.440685204081632,19037646403134,4.7311009839177132,4.9219,4.710656,1.7303,14475,0.001024,,,,0.08524799999999999,0,0.06656,0.007424,,,,,1.114112
3867,91.445759304138321,19037646452353,5.0741001032292843,4.7289,4.768,1.86,20404,0.0012799999999999999,,,,0.0832,0,0.064256,0.007424,,,,,1.2835839999999998
3868,91.450605505952382,19037646499642,4.8462017439305782,5.0725,4.998912,1.7847,20276,0.001024,,,,0.08832,0,0.069887999999999992,0.003328,,,,,1.40288
3869,91.455832603458049,19037646550367,5.2270973101258278,4.1099,4.877056,2.1885,20917,0.001024,,,,0.08524799999999999,0,0.066816,0.007424,,,,,1.391872
3870,91.460443105158731,19037646591466,4.6105016954243183,5.2426,5.195008,1.753,14475,0.001024,,,,0.089343999999999993,0.000256,0.070912,0.007168,,,,,1.289984
3871,91.465448802437635,19037646643892,5.0056972540915012,4.8297,4.532992,1.8043,14475,0.001024,,,,0.08524799999999999,0.000256,0.066816,0.006656,,,,,1.113856
3872,91.470177303004533,19037646692189,4.7285007312893867,5.0743,4.983296,1.6897,14475,0.001024,,,,0.08806399999999999,0.000256,0.070144,0.0076799999999999993,,,,,1.114112
3873,91.474749900793654,19037646742932,4.572597797960043,4.8143,4.778496,1.6725,14475,0.001024,,,,0.296448,0.000256,0.06912,0.007424,,,,,1.1148799999999999
3874,91.479783205782311,19037646791075,5.0333049148321152,5.0549,4.547584,1.7496,14475,0.001024,,,,0.087296,0,0.068608,0.0076799999999999993,,,,,1.115904
3875,91.484721400226761,19037646841624,4.938194528222084,4.4554,4.971264,1.8145,14475,0.0012799999999999999,,,,0.08806399999999999,0,0.069887999999999992,0.0076799999999999993,,,,,1.403648
3876,91.489171400226752,19037646886178,4.4499998912215233,4.5394,4.786944,1.9704,14475,0.001024,,,,0.087039999999999992,0.000256,0.068864,0.007424,,,,,1.377792
3877,91.493821903344667,19037646931572,4.6505029313266277,5.2131,4.614912,1.7668,14475,0.001024,,,,0.085504,0,0.067071999999999993,0.007424,,,,,1.393408
3878,91.498623901643981,19037646983703,4.8019983805716038,5.0493,4.552192,1.8287,14475,0.001024,,,,0.08806399999999999,0,0.06912,0.003072,,,,,1.117184
3879,91.50348470096371,19037647034196,4.8607992939651012,4.2281,4.779776,1.7518,14475,0.001024,,,,0.086528,0,0.067583999999999991,0.007424,,,,,1.112576
3880,91.508385600907019,19037647076477,4.9008997157216072,5.0799,4.720128,1.8076,14822,0.001024,,,,0.089088,0,0.070144,0.003328,,,,,1.114368
3881,91.513086805555545,19037647127276,4.7012045979499817,4.4841,4.89472,1.7595,14475,0.001024,,,,0.087808,0,0.06912,0.007424,,,,,1.115392
3882,91.518149000850343,19037647172117,5.0621954724192619,4.73,4.7936,2.2232,14475,0.001024,,,,0.33024,0.000256,0.067328,0.012032,,,,,1.1199999999999999
3883,91.522716801303858,19037647219417,4.5678005553781986,4.9759,5.092352,1.7107,14475,0.001024,,,,0.25728,0,0.06784,0.0051199999999999996,,,,,1.302528
3884,91.5275415036848,19037647269176,4.82470216229558,4.8223,4.557312,1.8067,14475,0.001024,,,,0.086272,0,0.067583999999999991,0.007424,,,,,1.382912
3885,91.532021003401354,19037647317399,4.4794995337724686,4.8576,4.746496,1.6956,14475,0.001024,,,,0.082431999999999991,0,0.064,0.007424,,,,,1.118464
3886,91.536643105158731,19037647365975,4.6221017837524414,4.5818,4.515584,1.6252,14475,0.001024,,,,0.087808,0,0.06912,0.007424,,,,,1.110784
3887,91.541492602040819,19037647411793,4.8494967631995678,5.1728,4.535296,1.7838,14475,0.001024,,,,0.08524799999999999,0,0.06656,0.0076799999999999993,,,,,1.115648
3888,91.546461203231289,19037647463521,4.9686012789607048,4.2307,4.886528,1.6715,14475,0.001024,,,,0.086272,0,0.067328,0.010239999999999999,,,,,1.3173759999999999
3889,91.551411500850335,19037647505828,4.9502975307404995,4.6305,4.95616,1.7348,14475,0.001024,,,,0.326144,0.000256,0.307456,0.007424,,,,,1.137408
3890,91.5564367063492,19037647552133,5.0252056680619717,4.9008,4.928,1.7508,14475,0.001024,,,,0.089088,0,0.070144,0.007424,,,,,1.3086719999999998
3891,91.56129500425169,19037647601141,4.8582977615296841,4.772,4.948992,1.8549,14475,0.001024,,,,0.08806399999999999,0,0.069887999999999992,0.003072,,,,,1.36704
3892,91.565972704081631,19037647648861,4.6776998788118362,5.2425,4.82688,2.1432,14475,0.001024,,,,0.086528,0,0.06784,0.007424,,,,,1.378304
3893,91.57075890022675,19037647701286,4.7861961647868156,5.12,4.73344,1.8176,14475,0.001024,,,,0.08576,0,0.067328,0.007424,,,,,1.302528
3894,91.574707504251691,19037647752486,3.9486042223870754,4.6099,4.710912,1.8169,14595,0.001024,,,,0.08576,0,0.067328,0.0076799999999999993,,,,,1.114368
3895,91.579811805555551,19037647798585,5.1043014973402023,4.5327,3.975168,1.9398,14475,0.0012799999999999999,,,,0.086016,0,0.067328,0.0076799999999999993,,,,,1.136896
3896,91.585235303287973,19037647843912,5.4234978742897511,5.4816,4.761088,1.9466,14475,0.0012799999999999999,,,,0.338432,0,0.065792,0.009472,,,,,1.274112
3897,91.590244401927436,19037647898728,5.009098444133997,3.8744,5.392384,1.8017,14475,0.0012799999999999999,,,,0.086272,0,0.06784,0.0084479999999999989,,,,,1.604096
3898,91.595231405895689,19037647937472,4.9870037473738194,4.7018,5.060096,2.0662,14475,0.001024,,,,0.086784,0,0.068608,0.007168,,,,,1.406464
3899,91.600053004535141,19037647984490,4.8215985298156738,5.3999,4.965376,1.7232,14475,0.001024,,,,0.085504,0,0.067328,0.007424,,,,,1.4108159999999998
3900,91.6045531037415,19037648038489,4.500098992139101,4.9056,4.802048,1.8145,14475,0.001024,,,,0.09036799999999999,0.000256,0.071936,0.007424,,,,,1.376768
3901,91.609539803004537,19037648087545,4.98669920489192,4.9249,4.470784,1.7623,14677,0.001024,,,,0.084992,0,0.066816,0.008192,,,,,1.1164159999999999
3902,91.6144917020975,19037648136794,4.9518989399075508,4.9042,4.960512,1.8643,14475,0.001024,,,,0.086016,0,0.067583999999999991,0.007424,,,,,1.272832
3903,91.619484105725618,19037648185836,4.99240355566144,4.5551,4.939264,1.7693,14475,0.001024,,,,0.09344,0,0.063488,0.008704,,,,,1.137408
3904,91.6237964994331,19037648231387,4.3123937211930752,4.8249,4.924928,1.8733,14527,0.001024,,,,0.087296,0,0.068864,0.007424,,,,,1.1148799999999999
3905,91.628762400793647,19037648279636,4.9659013748168945,5.4513,4.270592,1.868,14475,0.001024,,,,0.088832,0,0.069887999999999992,0.010752,,,,,1.1136
3906,91.633533701814059,19037648334149,4.771301057189703,4.6495,5.014016,1.8061,14475,0.001024,,,,0.086528,0,0.06784,0.007424,,,,,1.114624
3907,91.638317304421761,19037648380644,4.7836024314165115,4.3087,4.745728,1.7308,14475,0.001024,,,,0.08806399999999999,0,0.069632,0.007936,,,,,1.402112
3908,91.6431904053288,19037648423731,4.8731011338531971,4.9236,4.759552,1.9573,14475,0.001024,,,,0.08806399999999999,0,0.069376,0.007424,,,,,1.2992
3909,91.647817899659856,19037648472967,4.627494141459465,5.4485,4.542976,1.8083,14475,0.001024,,,,0.08524799999999999,0,0.066304,0.004096,,,,,1.11616
3910,91.652626105442167,19037648527452,4.8082056455314159,4.2738,4.653568,1.6825,14475,0.001024,,,,0.091648,0,0.068096,0.0076799999999999993,,,,,1.114112
3911,91.6576325042517,19037648570190,5.006399005651474,4.6116,4.792576,1.9132,14475,0.001024,,,,0.085504,0,0.06656,0.0048639999999999994,,,,,1.12128
3912,91.6628792020975,19037648616306,5.2466979250311852,4.79,4.996096,1.955,14475,0.001024,,,,0.087296,0.000256,0.068864,0.007424,,,,,1.375232
3913,91.667782405045344,19037648664206,4.9032028764486313,4.9121,5.225216,1.8064,14475,0.001024,,,,0.086016,0,0.067583999999999991,0.007424,,,,,1.57696
3914,91.672542304421768,19037648713327,4.759899340569973,4.7613,4.820992,2.0507,14475,0.001024,,,,0.085504,0,0.067071999999999993,0.003584,,,,,1.384704
3915,91.677035600907033,19037648760940,4.49329661205411,5.757,4.732672,1.7445,14475,0.0012799999999999999,,,,0.08524799999999999,0,0.067328,0.003072,,,,,1.380096
3916,91.681666099773238,19037648818510,4.6304990537464619,4.5751,4.541952,1.6634,14475,0.001024,,,,0.086016,0,0.067071999999999993,0.007424,,,,,1.1115519999999999
3917,91.686388803854868,19037648864261,4.72270417958498,4.7778,4.544512,1.8637,14475,0.001024,,,,0.08806399999999999,0.000256,0.06912,0.007424,,,,,1.1115519999999999
3918,91.691189002267564,19037648912039,4.8001985996961594,4.3212,4.704,1.7709,14475,0.001024,,,,0.324864,0.000256,0.306176,0.005376,,,,,1.2769279999999998
3919,91.696161904761908,19037648955251,4.9729025922715664,4.7775,4.831232,1.6859,14475,0.001024,,,,0.086272,0,0.067583999999999991,0.010752,,,,,1.136896
3920,91.701510402494321,19037649003026,5.348497536033392,4.5868,4.961536,1.7803,14475,0.0012799999999999999,,,,0.086784,0,0.068096,0.007424,,,,,1.308416
3921,91.706399100056686,19037649048894,4.8886975273489952,4.9437,5.333504,1.7626,14677,0.0012799999999999999,,,,0.084992,0,0.06656,0.003584,,,,,1.8432
3922,91.711329102891156,19037649098331,4.9300026148557663,4.8213,4.87296,1.8446,15038,0.001024,,,,0.08576,0,0.067071999999999993,0.007424,,,,,1.390336
3923,91.716037705498863,19037649146544,4.70860255882144,5.4025,4.8384,1.6789,48726,0.001024,,,,0.084992,0,0.066304,0.007424,,,,,1.387008
3924,91.72080950255102,19037649200569,4.7717969864606857,4.835,4.750336,1.8789,14475,0.001024,,,,0.085504,0,0.06656,0.0076799999999999993,,,,,1.307904
3925,91.725026502267568,19037649248919,4.2169997468590736,5.553,4.450816,1.8536,14475,0.001024,,,,0.085504,0.000256,0.067328,0.008192,,,,,1.11616
3926,91.729681101190479,19037649304449,4.6545988880097866,4.2022,4.202496,1.7688,14595,0.0012799999999999999,,,,0.249856,0,0.068352,0.007168,,,,,1.1166719999999999
3927,91.7347332057823,19037649346471,5.0521045923233032,4.8464,4.691968,1.9407,14475,0.001024,,,,0.087296,0,0.068096,0.0076799999999999993,,,,,1.2864
3928,91.739343005952378,19037649394935,4.6097999438643456,4.1882,5.025792,1.8777,14475,0.0012799999999999999,,,,0.08806399999999999,0,0.069376,0.0076799999999999993,,,,,1.5713279999999998
3929,91.74445950255101,19037649436817,5.1164967007935047,4.9146,4.590592,1.747,14475,0.0012799999999999999,,,,0.08832,0,0.069632,0.007424,,,,,1.393664
3930,91.748652203798187,19037649485963,4.1927010752260685,4.6007,5.042176,1.6731,14475,0.001024,,,,0.087551999999999991,0,0.06912,0.003328,,,,,1.1164159999999999
3931,91.7534200042517,19037649531970,4.7678006812930107,4.6146,4.227584,2.0344,14475,0.001024,,,,0.084735999999999992,0,0.066048,0.007168,,,,,1.114112
3932,91.758352104591836,19037649578116,4.9321004189550877,5.1741,4.72704,1.9393,14475,0.001024,,,,0.084992,0.000256,0.066816,0.0076799999999999993,,,,,1.1130879999999999
3933,91.763323604024933,19037649629857,4.9714995548129082,4.1214,4.876288,1.6936,14475,0.001024,,,,0.08448,0.000256,0.065536,0.007424,,,,,1.309184
3934,91.768151105442172,19037649671071,4.8275012522935867,4.7782,4.9472,1.9028,14475,0.001024,,,,0.084224,0,0.065792,0.010239999999999999,,,,,1.544192
3935,91.772638102324265,19037649718853,4.4869966804981232,5.0744,4.78464,1.9417,14475,0.001024,,,,0.08576,0,0.067583999999999991,0.0076799999999999993,,,,,1.37984
3936,91.777682702664393,19037649769597,5.044600460678339,4.861,4.544,1.7452,14475,0.001024,,,,0.086016,0,0.067328,0.006656,,,,,1.370112
3937,91.782780902777773,19037649818207,5.098199937492609,5.0614,4.958976,1.9618,14475,0.001024,,,,0.085504,0,0.067328,0.0076799999999999993,,,,,1.112832
3938,91.787021201814056,19037649868821,4.2402991093695164,4.3525,5.078528,1.9197,14475,0.001024,,,,0.086272,0.000256,0.06784,0.0084479999999999989,,,,,1.110272
3939,91.792053706065758,19037649912346,5.0325044430792332,5.0712,4.278784,1.7971,14475,0.001024,,,,0.08806399999999999,0,0.069632,0.007424,,,,,1.1130879999999999
3940,91.797156001984121,19037649963058,5.1022958941757679,4.9649,4.8576,2.2514,14475,0.001024,,,,0.087296,0,0.068608,0.011007999999999999,,,,,1.109504
3941,91.802012400793643,19037650012707,4.8563987948000431,4.4906,5.012992,1.7215,14475,0.001024,,,,0.08576,0,0.067071999999999993,0.007424,,,,,1.306624
3942,91.807025899943312,19037650057613,5.0134989432990551,4.9755,4.830464,2.0738,14677,0.001024,,,,0.088832,0,0.07039999999999999,0.007424,,,,,1.372928
3943,91.812216602891155,19037650107368,5.1907030865550041,5.3644,4.99072,1.9821,14475,0.001024,,,,0.087551999999999991,0,0.068864,0.0076799999999999993,,,,,1.376256
3944,91.81707890447845,19037650161012,4.862301517277956,4.833,5.02016,1.7387,14475,0.001024,,,,0.08448,0,0.066048,0.007936,,,,,1.386496
3945,91.821607100340131,19037650209342,4.5281960628926754,5.0427,4.849408,1.7966,14475,0.001024,,,,0.08576,0,0.067583999999999991,0.0076799999999999993,,,,,1.378816
3946,91.826119203514736,19037650259769,4.5121032744646072,4.6957,4.56192,2.0241,14527,0.001024,,,,0.086528,0,0.067328,0.0076799999999999993,,,,,1.114112
3947,91.830876502267571,19037650306726,4.7572986222803593,5.0769,4.413952,1.7322,14475,0.0012799999999999999,,,,0.086272,0,0.068096,0.007424,,,,,1.115392
3948,91.835848200113375,19037650357495,4.9716979265213013,4.3537,4.810496,1.6751,14475,0.001024,,,,0.085504,0.000768,0.067071999999999993,0.004608,,,,,1.11616
3949,91.840703202947836,19037650401032,4.8550027422606945,4.9377,4.94592,1.8116,14475,0.001024,,,,0.08832,0,0.069632,0.007424,,,,,1.308416
3950,91.845783000283447,19037650450409,5.0797974690794945,4.2149,4.827392,1.7524,14475,0.0012799999999999999,,,,0.087551999999999991,0,0.068864,0.007424,,,,,1.391104
3951,91.850755300453514,19037650492558,4.97230002656579,5.2529,5.006592,1.8409,14475,0.0012799999999999999,,,,0.25984,0.000256,0.06784,0.003584,,,,,1.415424
3952,91.856051601473922,19037650545087,5.29630109667778,4.6907,5.010432,1.8068,14475,0.001024,,,,0.086784,0,0.068352,0.0076799999999999993,,,,,1.380352
3953,91.860906101190466,19037650591994,4.8544998280704021,5.2581,5.282048,1.8531,14475,0.001024,,,,0.083712,0,0.065024,0.007424,,,,,1.516544
3954,91.865656505102038,19037650644575,4.7504040412604809,4.7475,4.581376,1.7878,14475,0.001024,,,,0.087551999999999991,0.000256,0.06912,0.003072,,,,,1.1136
3955,91.86997170493197,19037650692050,4.3151997961103916,5.238,4.672512,1.7376,14475,0.001024,,,,0.085504,0,0.06656,0.004096,,,,,1.115136
3956,91.874370301870741,19037650744430,4.3985969386994839,4.9213,4.2944,1.7712,14475,0.001024,,,,0.087808,0,0.069376,0.0076799999999999993,,,,,1.115136
3957,91.8790586026077,19037650793643,4.6883006580173969,5.1091,4.442368,1.9116,14475,0.001024,,,,0.084992,0,0.066304,0.007424,,,,,1.1148799999999999
3958,91.883718402777774,19037650844734,4.6598003245890141,4.5888,4.587776,1.8568,14595,0.001024,,,,0.087551999999999991,0.000256,0.069376,0.0076799999999999993,,,,,1.394688
3959,91.888627104591833,19037650890622,4.9087018705904484,3.7173,4.639744,1.827,14475,0.0012799999999999999,,,,0.083712,0,0.065024,0.006144,,,,,1.110272
3960,91.893114299886619,19037650927795,4.4871955178678036,4.9004,4.894208,1.5594,14475,0.001024,,,,0.087296,0,0.068352,0.006912,,,,,1.5912959999999998
3961,91.897730902777781,19037650976799,4.6166027896106243,4.9185,4.537088,1.5353,50083,0.001024,,,,0.08576,0,0.066816,0.008704,,,,,1.120256
3962,91.902651006235828,19037651025984,4.9201035872101784,4.9728,4.517888,1.6922,44623,0.001024,,,,0.087808,0,0.069376,0.007424,,,,,1.114368
3963,91.90757310090703,19037651075712,4.9220947548747063,3.936,4.972288,2.0708,14677,0.001024,,,,0.086784,0,0.068608,0.0076799999999999993,,,,,1.2769279999999998
3964,91.9123867063492,19037651115072,4.8136054538190365,5.3373,4.899328,1.8482,49617,0.001024,,,,0.089343999999999993,0,0.071424,0.0076799999999999993,,,,,1.5797759999999998
3965,91.917389604591833,19037651168445,5.0028981640934944,4.322,4.774912,1.786,44623,0.001024,,,,0.086784,0,0.068352,0.007424,,,,,1.373184
3966,91.922364604591834,19037651211665,4.9749999307096004,5.2731,4.992,1.9319,14475,0.001024,,,,0.08524799999999999,0.000256,0.06656,0.007424,,,,,1.3806079999999998
3967,91.9266582057823,19037651264396,4.2936010286211967,4.808,4.887552,1.71,14475,0.001024,,,,0.087551999999999991,0,0.068864,0.007424,,,,,1.2871679999999999
3968,91.931401700680269,19037651312476,4.743495024740696,4.6181,4.281088,1.6978,49617,0.0012799999999999999,,,,0.084992,0,0.06656,0.007424,,,,,1.112576
3969,91.936053599773246,19037651358657,4.6518989838659763,4.9964,4.788736,2.1264,44623,0.001024,,,,0.088832,0,0.068608,0.007936,,,,,1.1148799999999999
3970,91.941066404478448,19037651408621,5.0128046423196793,4.5873,4.638208,1.7224,14475,0.001024,,,,0.092159999999999992,0,0.072448,0.008192,,,,,1.11744
3971,91.945980605158724,19037651454494,4.9142008647322655,4.4273,4.975872,1.7863,190185,0.001024,,,,0.084735999999999992,0,0.066304,0.0048639999999999994,,,,,1.565696
3972,91.950858900226748,19037651498767,4.8782951198518276,4.5666,4.827648,1.7797,171106,0.001024,,,,0.086016,0,0.067328,0.0076799999999999993,,,,,1.3875199999999999
3973,91.955941602891158,19037651544433,5.0827027298510075,5.2981,4.905728,1.9062,20917,0.001024,,,,0.086016,0,0.067071999999999993,0.007424,,,,,1.385472
3974,91.960479499716556,19037651597414,4.53789671882987,5.4429,5.035776,1.7859,49617,0.001024,,,,0.087808,0,0.068864,0.009472,,,,,1.581824
3975,91.965683000283448,19037651651843,5.2035003900527954,4.1461,4.572672,1.8117,44640,0.001024,,,,0.087039999999999992,0,0.068096,0.0076799999999999993,,,,,1.115136
3976,91.9701508999433,19037651693304,4.4678994454443455,5.0457,5.122304,1.8114,14475,0.001024,,,,0.086016,0,0.065792,0.0076799999999999993,,,,,1.139712
3977,91.974770904195012,19037651743761,4.6200044453144073,4.7514,4.515584,1.7028,32046,0.001024,,,,0.087551999999999991,0,0.068864,0.0076799999999999993,,,,,1.1130879999999999
3978,91.979694302721086,19037651791275,4.9233986064791679,5.2405,4.538624,1.7227,28860,0.001024,,,,0.089088,0.000256,0.070656,0.007168,,,,,1.116928
3979,91.984737705498858,19037651843680,5.0434027798473835,4.2687,4.961536,1.8596,14475,0.001024,,,,0.08576,0,0.067071999999999993,0.0097279999999999988,,,,,1.529088
3980,91.989567403628115,19037651886367,4.8296982422471046,5.0985,4.999936,1.8425,14475,0.001024,,,,0.250112,0,0.068352,0.009472,,,,,1.409536
3981,91.99450400368481,19037651937352,4.9366001039743423,4.4585,4.83712,1.7829,14475,0.0012799999999999999,,,,0.084992,0,0.06656,0.0076799999999999993,,,,,1.386752
3982,91.999783205782308,19037651981937,5.27920201420784,5.1806,4.474624,2.2063,14475,0.001024,,,,0.08524799999999999,0,0.06656,0.003328,,,,,1.3184
3983,92.004419401927436,19037652033743,4.6361959539353848,4.7838,5.25952,1.6983,14475,0.001024,,,,0.089088,0,0.069887999999999992,0.007424,,,,,1.137152
3984,92.0089165036848,19037652081581,4.4971015304327011,4.9135,4.54784,1.8078,14677,0.001024,,,,0.087296,0.000256,0.068608,0.003072,,,,,1.115904
3985,92.013975800736958,19037652130716,5.0592971965670586,5.1355,4.55552,1.694,14475,0.0012799999999999999,,,,0.087551999999999991,0.000256,0.068352,0.0076799999999999993,,,,,1.117696
3986,92.018429301303854,19037652182071,4.4535007327795029,4.8157,4.864512,1.7769,14475,0.001024,,,,0.087551999999999991,0,0.068608,0.0076799999999999993,,,,,1.28512
3987,92.022791099773244,19037652230228,4.3617985211312771,5.0939,4.592896,1.7763,14475,0.001024,,,,0.087039999999999992,0,0.068608,0.0076799999999999993,,,,,1.284096
3988,92.027013704648525,19037652281167,4.2226049117743969,4.5506,4.27904,1.6946,14527,0.0012799999999999999,,,,0.08524799999999999,0,0.066816,0.008192,,,,,1.377024
3989,92.031982405045355,19037652326673,4.9687004648149014,4.1432,4.275712,1.8952,14475,0.001024,,,,0.086784,0.000256,0.06784,0.007424,,,,,1.114112
3990,92.037152005385479,19037652368105,5.169600248336792,4.8975,4.95104,1.8342,32166,0.0012799999999999999,,,,0.084735999999999992,0,0.066048,0.007424,,,,,1.3288959999999999
3991,92.042047406462586,19037652417080,4.8954011872410774,3.9051,5.074688,1.7169,28860,0.001024,,,,0.089088,0,0.069632,0.0076799999999999993,,,,,1.30304
3992,92.046826204648525,19037652456131,4.7787982039153576,4.8303,4.942592,1.8411,14475,0.001024,,,,0.08576,0,0.067071999999999993,0.008192,,,,,1.110528
3993,92.051826403061227,19037652504434,5.0001982599496841,5.6701,4.751872,1.7948,14475,0.0012799999999999999,,,,0.087296,0.000256,0.068608,0.0097279999999999988,,,,,1.115904
3994,92.056728706065755,19037652561135,4.9023032188415527,4.4084,4.981504,1.749,14475,0.001024,,,,0.086784,0,0.068096,0.006144,,,,,1.39008
3995,92.0614746031746,19037652605219,4.7458969056606293,4.752,4.812544,2.2289,14475,0.001024,,,,0.087551999999999991,0,0.06912,0.003072,,,,,1.3757439999999999
3996,92.066004804421766,19037652652739,4.5302012003958225,5.4147,4.791808,1.6938,14475,0.001024,,,,0.087551999999999991,0,0.06912,0.007424,,,,,1.376256
3997,92.070728004535141,19037652706886,4.7232001088559628,4.7743,4.514048,1.8119,14475,0.001024,,,,0.086016,0,0.067328,0.007424,,,,,1.115904
3998,92.075455605158723,19037652754629,4.7276006080210209,4.6087,4.695552,1.9293,14475,0.001024,,,,0.088576,0.000256,0.06784,0.007936,,,,,1.114368
3999,92.080304102891148,19037652800716,4.8484979197382927,4.4062,4.49152,1.7344,14475,0.001024,,,,0.084224,0,0.065536,0.33664,,,,,1.111808
4000,92.085119600340136,19037652844778,4.8154974356293678,4.9036,4.819456,1.748,32046,0.001024,,,,0.0896,0,0.065024,0.0076799999999999993,,,,,1.1148799999999999
4001,92.090158701814062,19037652893814,5.0391014665365219,4.7214,4.855552,1.7332,28860,0.001024,,,,0.08448,0,0.06656,0.0076799999999999993,,,,,1.383424
4002,92.094964200680266,19037652941028,4.8054987564682961,5.1466,4.962816,1.7844,14475,0.001024,,,,0.085504,0.000256,0.06656,0.003328,,,,,1.37472
4003,92.099832801870747,19037652992494,4.8686009831726551,4.787,4.848384,1.7077,14475,0.001024,,,,0.087296,0,0.068352,0.007936,,,,,1.381632
4004,92.104373703231289,19037653040364,4.54090116545558,5.1351,4.84096,1.6848,14475,0.001024,,,,0.086272,0,0.06784,0.007424,,,,,1.3872639999999998
4005,92.109151601473926,19037653091715,4.7778980806469917,4.1926,4.528384,1.761,14677,0.001024,,,,0.08832,0,0.069887999999999992,0.003328,,,,,1.117184
4006,92.1141214994331,19037653133641,4.9698981456458569,5.2225,4.686848,1.8212,14475,0.001024,,,,0.22912,0,0.06784,0.0097279999999999988,,,,,1.117184
4007,92.119067602040815,19037653185866,4.9461023882031441,4.3565,4.95744,1.85,14475,0.001024,,,,0.321536,0.000256,0.066816,0.0051199999999999996,,,,,1.136128
4008,92.123804903628113,19037653229431,4.737301729619503,4.7855,4.92672,1.9441,14475,0.001024,,,,0.086784,0,0.068352,0.011007999999999999,,,,,1.385216
4009,92.128677699829922,19037653277286,4.8727961257100105,5.3803,4.70784,1.7113,14475,0.001024,,,,0.08576,0,0.06656,0.0076799999999999993,,,,,1.2802559999999998
4010,92.133546804138319,19037653331089,4.8691043630242348,4.4519,4.93056,1.7045,14475,0.001024,,,,0.08576,0,0.067583999999999991,0.007168,,,,,1.381888
4011,92.138312804705208,19037653375608,4.766000434756279,5.1044,4.845312,1.995,14475,0.001024,,,,0.086528,0,0.068096,0.005376,,,,,1.3826559999999999
4012,92.143381703514734,19037653426652,5.0688986666500568,4.4924,4.74368,1.8145,14475,0.0012799999999999999,,,,0.087039999999999992,0.000256,0.068352,0.004608,,,,,1.28256
4013,92.147943303571424,19037653471576,4.5616002753376961,4.9661,4.988928,1.8431,14475,0.001024,,,,0.08806399999999999,0,0.069632,0.0076799999999999993,,,,,1.117184
4014,92.152807100340127,19037653521237,4.8637967556715012,4.7066,4.536832,1.953,14475,0.001024,,,,0.08524799999999999,0,0.066304,0.007936,,,,,1.118464
4015,92.157614299886617,19037653568303,4.8071993514895439,5.0949,4.851712,1.7442,22668,0.001024,,,,0.085504,0,0.06656,0.007424,,,,,1.380352
4016,92.1626413052721,19037653619252,5.0270054489374161,4.7152,4.842496,1.7191,20259,0.001024,,,,0.372224,0,0.354048,0.031232,,,,,1.127936
4017,92.1675213010204,19037653666404,4.8799957148730755,4.7022,5.001728,1.8129,14475,0.001024,,,,0.08832,0,0.069632,0.0076799999999999993,,,,,1.299968
4018,92.1721621031746,19037653713426,4.6408022753894329,4.6991,4.869888,2.0973,14475,0.001024,,,,0.08806399999999999,0,0.069376,0.0076799999999999993,,,,,1.3793279999999999
4019,92.1766383999433,19037653760417,4.4762967154383659,5.5389,4.552704,1.9277,14475,0.001024,,,,0.08524799999999999,0,0.06656,0.0076799999999999993,,,,,1.376512
4020,92.1814575042517,19037653815806,4.8191044479608536,4.7524,4.52352,1.7805,14475,0.001024,,,,0.086272,0.000256,0.067583999999999991,0.007424,,,,,1.111808
4021,92.186553904478458,19037653863330,5.0964001566171646,4.2991,4.719872,1.9289,14475,0.001024,,,,0.084735999999999992,0,0.066048,0.007424,,,,,1.1384319999999999
4022,92.1912246031746,19037653906321,4.6706986613571644,4.7039,5.089792,1.7094,32166,0.001024,,,,0.087296,0,0.068864,0.003328,,,,,1.307904
4023,92.1961588010204,19037653953360,4.9341977573931217,4.8102,4.70528,1.5688,28860,0.001024,,,,0.086016,0,0.067328,0.0038399999999999997,,,,,1.1148799999999999
4024,92.200965306122441,19037654001462,4.8065050505101681,5.2195,4.846848,1.8459,14475,0.001024,,,,0.087039999999999992,0,0.068608,0.007424,,,,,1.2864
4025,92.20585590277777,19037654053657,4.8905964940786362,4.5479,4.865536,1.6632,14822,0.001024,,,,0.086528,0,0.06784,0.003584,,,,,1.563904
4026,92.210814703798178,19037654099136,4.9588009715080261,5.0153,4.800768,1.7488,32046,0.001024,,,,0.084735999999999992,0,0.066048,0.007424,,,,,1.406976
4027,92.215335303287972,19037654149289,4.5205992646515369,4.5261,5.00224,2.077,28860,0.001024,,,,0.08524799999999999,0,0.066816,0.007424,,,,,1.11872
4028,92.220142701247156,19037654194550,4.8073981888592243,5.3585,4.499456,1.8135,14475,0.0012799999999999999,,,,0.08524799999999999,0,0.066304,0.003072,,,,,1.1136
4029,92.224711401643987,19037654248135,4.5687002129852772,4.4778,4.72576,1.7874,14475,0.001024,,,,0.086272,0,0.06784,0.0076799999999999993,,,,,1.115904
4030,92.229575503117914,19037654292913,4.8641012981534,4.5064,4.545024,1.9977,14527,0.001024,,,,0.087808,0,0.068608,0.007424,,,,,1.115904
4031,92.2343825042517,19037654337977,4.8070009797811508,5.0184,4.912896,2.0364,14475,0.001024,,,,0.086016,0.000256,0.067328,0.007424,,,,,1.2853759999999999
4032,92.23921830357142,19037654388161,4.8357993364334106,4.8209,4.780544,1.8073,32046,0.001024,,,,0.086272,0,0.067583999999999991,0.009472,,,,,1.380096
4033,92.2440906037415,19037654436370,4.8723001964390278,5.0508,4.823808,1.8346,28860,0.001024,,,,0.087296,0,0.068096,0.007424,,,,,1.378048
4034,92.248706802721088,19037654486878,4.6161990612745285,4.1362,4.58752,2.0877,14475,0.001024,,,,0.086272,0,0.068352,0.007424,,,,,1.119232
4035,92.25325700113379,19037654528240,4.5501985587179661,5.1045,4.595968,1.7046,14475,0.001024,,,,0.085504,0,0.067328,0.007424,,,,,1.1166719999999999
4036,92.2582336026077,19037654579285,4.9766013398766518,4.6122,4.5248,1.6855,46431,0.001024,,,,0.086528,0,0.068608,0.007424,,,,,1.1136
4037,92.263258701814053,19037654625407,5.0250990316271782,4.6672,4.965632,2.1512,14475,0.001024,,,,0.08806399999999999,0,0.069376,0.003328,,,,,1.1130879999999999
4038,92.268193799603168,19037654672079,4.9350978806614876,5.0455,4.941056,1.9056,14475,0.001024,,,,0.087039999999999992,0.000256,0.068352,0.003584,,,,,1.3306879999999999
4039,92.272743402777778,19037654722534,4.5496029779314995,4.4749,4.920576,1.8413,14475,0.001024,,,,0.087296,0,0.068608,0.0097279999999999988,,,,,1.2856319999999999
4040,92.277740199829935,19037654767283,4.9967970699071884,5.0732,4.520704,1.9799,14475,0.001024,,,,0.086528,0,0.068096,0.0084479999999999989,,,,,1.368576
4041,92.282306505102042,19037654818015,4.5663053169846535,4.9279,4.988672,1.7805,14475,0.001024,,,,0.08832,0,0.069887999999999992,0.007424,,,,,1.3706239999999998
4042,92.2867617063492,19037654867294,4.4552013278007507,4.4679,4.529408,1.7276,14475,0.001024,,,,0.086528,0,0.068096,0.011007999999999999,,,,,1.1112959999999998
4043,92.291701906179128,19037654911973,4.9401996657252312,5.1805,4.50304,1.7615,14475,0.001024,,,,0.086784,0,0.06784,0.007168,,,,,1.11616
4044,92.296735501700681,19037654963778,5.0335954874753952,4.5003,4.859392,1.8773,14475,0.001024,,,,0.08832,0,0.070144,0.0076799999999999993,,,,,1.279232
4045,92.3013915036848,19037655008781,4.6560019254684448,4.5779,5.08032,1.8009,14475,0.001024,,,,0.08806399999999999,0.000256,0.065024,0.007936,,,,,1.1333119999999999
4046,92.305683900226754,19037655054560,4.2923963628709316,4.7759,4.635648,1.8249,14677,0.001024,,,,0.087808,0,0.069887999999999992,0.003328,,,,,1.455104
4047,92.3106746031746,19037655102319,4.990702960640192,4.9566,4.275456,1.8059,14475,0.001024,,,,0.084735999999999992,0,0.066304,0.003072,,,,,1.115904
4048,92.31582040107709,19037655151885,5.1457979716360569,4.9419,4.96384,1.8502,14475,0.001024,,,,0.088576,0,0.069632,0.007424,,,,,1.114624
4049,92.320479705215419,19037655201304,4.659303929656744,4.0914,5.048576,1.7648,14475,0.001024,,,,0.087808,0,0.06912,0.005888,,,,,1.114624
4050,92.324742602040814,19037655242218,4.2628967203199863,5.5873,4.700928,2.0169,14475,0.001024,,,,0.086784,0,0.06784,0.007424,,,,,1.11616
4051,92.329766000566892,19037655298091,5.02339843660593,4.9358,4.25472,1.8424,14475,0.001024,,,,0.087039999999999992,0,0.068864,0.007424,,,,,1.113856
4052,92.334759105725624,19037655347449,4.9931053072214127,4.2879,4.995328,1.8276,14475,0.001024,,,,0.086784,0,0.068096,0.007424,,,,,1.5598079999999999
4053,92.339581101190475,19037655390328,4.82199527323246,4.1519,4.94592,1.8578,14475,0.001024,,,,0.086272,0,0.067583999999999991,0.008192,,,,,1.293056
4054,92.344347803287974,19037655431847,4.7667021863162518,5.0683,4.834304,1.8965,14595,0.001024,,,,0.087039999999999992,0.000256,0.068864,0.0076799999999999993,,,,,1.378816
4055,92.34890640589569,19037655482530,4.5586028136312962,5.1165,4.745472,1.9608,14475,0.001024,,,,0.083968,0,0.065536,0.0097279999999999988,,,,,1.382144
4056,92.353740405328793,19037655533695,4.8339995555579662,4.9752,4.531968,1.7889,14475,0.0012799999999999999,,,,0.08576,0.000256,0.067328,0.011007999999999999,,,,,1.115136
4057,92.358424000850334,19037655583447,4.6835956163704395,4.4476,4.740608,1.7986,14475,0.001024,,,,0.086016,0,0.067328,0.006144,,,,,1.112064
4058,92.36330300453514,19037655627923,4.87900385633111,5.0584,4.743168,1.711,14475,0.001024,,,,0.08524799999999999,0,0.067071999999999993,0.0076799999999999993,,,,,1.115648
4059,92.368030704365069,19037655678507,4.7276997938752174,4.5894,4.797184,1.9479,14475,0.001024,,,,0.335872,0,0.316416,0.003072,,,,,1.1130879999999999
