observation_frame,unscaled_time,frame_timing_timestamp,segment,"frame_interval_ms","cpu_frame_ms","gpu_frame_ms","cpu_render_thread_ms","gc_allocated_in_editor_frame_bytes","VSM.LayoutRemap_gpu_ms","VSM.Allocate_gpu_ms","VSM.InvalidateStatic_gpu_ms","VSM.ClearPhysicalPages_gpu_ms","VSM.StaticCasterCull_gpu_ms","VSM.DynamicCasterCull_gpu_ms","VSM.PageCull_gpu_ms","VSM.StaticRaster_gpu_ms","VSM.DynamicRaster_gpu_ms","VSM.UnityCompatibilityRaster_gpu_ms","VSM.FinalizePages_gpu_ms","VSM.ResetFeedback_gpu_ms","VSM.ResolveAndFeedback_gpu_ms",observed_camera_frame,observed_camera_serial,window_repaint_count,seconds_since_window_repaint
14452,328.26756789965987,277685672500,1,7.6451953500509262,8.3028,8.778752,2.067,19451,0.001024,3.23968,,0.040704,0.155904,0,0.135936,0.0076799999999999993,0.0097279999999999988,,0.004352,,2.0610559999999998,14452,11590,555,0.93255119999957969
14453,328.27589490504533,277685755528,1,8.3270054310560226,8.3328,7.62752,2.0645,15899,0.001024,3.17696,,0.03968,0.155904,0,0.13696,0.0076799999999999993,0.010752,,0.0048639999999999994,,1.9558399999999998,14453,11591,555,0.94121229999973366
14454,328.28396709892291,277685838856,1,8.0721937119960785,8.4862,8.30848,2.5245,16387,0.001024,3.234816,,0.035072,0.164096,0,0.14336,0.007424,0.012799999999999999,,0.0048639999999999994,,2.151424,14454,11592,555,0.949490699999842
14455,328.29192859977326,277685923718,1,7.9615004360675812,7.5304,8.0448,1.9675,21828,0.001024,3.174144,,0.039936,0.158208,0,0.137728,0.0038399999999999997,0.012544,,0.0048639999999999994,,2.105344,14455,11593,555,0.95700439999973241
14456,328.30025890022677,277685999022,1,8.3303004503250122,8.4528,7.940864,1.9442,16387,0.001024,3.2980479999999996,,0.03584,0.15488,0,0.135936,0.0076799999999999993,0.011264,,0.004608,,1.744896,14456,11594,555,0.96553839999978663
14457,328.30837059948976,277686083550,1,8.1116994842886925,8.4521,8.324608,1.9971,15899,0.001024,3.172352,,0.035072,0.158208,0,0.13824,0.007936,0.011007999999999999,,0.005632,,2.094592,14457,11595,555,0.973560599999928
14458,328.31642230017007,277686168071,1,8.05170089006424,7.4302,8.087808,2.2457,16387,0.001024,3.2350719999999997,,0.03968,0.162048,0,0.142848,0.004096,0.011519999999999999,,0.004352,,2.0823039999999997,14458,11596,555,0.981481199999962
14459,328.3247779053288,277686242373,1,8.35560541599989,8.5025,8.035072,1.9002,15899,0.001024,3.2384,,0.039168,0.16153599999999999,0,0.142336,0.008192,0.0012799999999999999,,0.012032,,2.051584,14459,11597,555,0.9896441999999297
14460,328.33268890306124,277686327398,1,7.9109976068139076,8.0873,8.329472,1.9692,16387,0.001024,3.2399359999999997,,0.038911999999999995,0.16383999999999999,0.000256,0.131072,0.007936,0.009216,,0.005376,,2.214912,14460,11598,555,0.997617099999843
14461,328.34066370464853,277686408271,1,7.9748015850782394,7.98,7.888128,2.0627,47153,0.001024,3.232256,,0.035328,0.152576,0,0.132608,0.007936,0.009984,,0.004096,,2.220032,14461,11599,556,0.0042397000001983542
14462,328.34894680413834,277686488071,1,8.28309915959835,8.158,7.959296,2.0991,44733,0.001024,3.29472,,0.040959999999999996,0.15692799999999998,0,0.13747199999999998,0.003328,0.009984,,0.004096,,1.7471999999999999,14462,11600,557,0.0041153000001941109
14463,328.35723920068028,277686569651,1,8.2923965528607368,7.9197,8.256,0.5946,16246,0.0012799999999999999,3.2381439999999997,,0.036351999999999995,0.15129599999999999,0,0.13183999999999998,0.003584,0.0097279999999999988,,0.004608,,2.010624,14463,11601,557,0.01111029999992752
14464,328.36548319869615,277686648848,1,8.24399758130312,9.5552,0.033536,0.4217,16387,0.001024,3.279616,,0.035584,0.155136,0,0.135424,0.007424,0.010496,,0.004352,,1.9143679999999998,14464,11602,557,0.019485199999962788
14465,328.37348300028344,277686744400,1,7.9998020082712173,7.7976,0.037376,2.0462,15899,0.001024,3.189504,,0.038911999999999995,0.151808,0.000256,0.132096,0.0076799999999999993,0.0097279999999999988,,0.005632,,1.968384,14465,11603,557,0.026992600000085076
14466,328.38150920493194,277686822376,1,8.0262050032615662,7.4542,8.035584,1.9404,16387,0.001024,3.1032319999999998,,0.038144,0.165632,0,0.144896,0.008192,0.011776,,0.005376,,2.09408,14466,11604,557,0.035188400000151887
14467,328.38987100340137,277686896918,1,8.3617987111210823,8.471,8.007168,1.8268,15899,0.001024,3.2913919999999997,,0.039424,0.155904,0,0.135936,0.007424,0.009472,,0.004352,,1.9543039999999998,14467,11605,557,0.043300899999849207
14468,328.39794379960318,277686981628,1,8.0727962777018547,7.4677,8.34176,2.1238,16439,0.001024,3.287808,,0.039424,0.15923199999999998,0.000256,0.13977599999999998,0.0076799999999999993,0.009984,,0.0051199999999999996,,2.0288,14468,11606,557,0.051636900000175956
14469,328.40619829931973,277687056305,1,8.2545001059770584,8.174,8.05632,1.9528,16094,0.001024,3.19744,,0.041471999999999995,0.15462399999999998,0,0.1344,0.007424,0.0097279999999999988,,0.0051199999999999996,,1.7454079999999998,14469,11607,557,0.059542999999848689
14470,328.41394109977324,277687138045,1,7.7428002841770649,8.1633,8.228352,1.7627,16387,0.001024,3.187712,,0.039424,0.17152,0,0.152576,0.008192,0.0097279999999999988,,0.004608,,2.4486399999999997,14470,11608,557,0.067346100000122533
14471,328.42225300453515,277687219678,1,8.3119049668312073,8.3617,7.715328,1.8577,15899,0.001024,3.23584,,0.03584,0.157696,0.000256,0.13414399999999999,0.007936,0.010239999999999999,,0.004608,,1.9832319999999999,14471,11609,557,0.075893600000199513
14472,328.43014350198411,277687303295,1,7.8904973343014717,7.8841,8.286976,2.0333,16387,0.001024,3.2901119999999997,,0.039936,0.15462399999999998,0,0.135936,0.007424,0.009984,,0.0038399999999999997,,2.24896,14472,11610,557,0.083760800000163727
14473,328.43796990504535,277687382136,1,7.82640278339386,7.7772,7.888384,1.7824,15899,0.001024,3.2350719999999997,,0.03968,0.157184,0,0.135936,0.0076799999999999993,0.009984,,0.0051199999999999996,,1.946624,14473,11611,557,0.09155430000009801
14474,328.44588350340132,277687459908,1,7.9135987907648087,8.5685,7.785472,2.0414,16387,0.001024,3.290368,,0.038655999999999996,0.153856,0.000256,0.134912,0.006656,0.010239999999999999,,0.0048639999999999994,,1.95328,14474,11612,557,0.099342299999989336
14475,328.45383210034015,277687545593,1,7.9485969617962837,7.8871,7.911936,2.1931,15899,0.001024,3.233536,,0.036351999999999995,0.15795199999999998,0.000256,0.137984,0.003328,0.010752,,0.0048639999999999994,,1.9827199999999998,14475,11613,557,0.10726199999999153
14476,328.46186820436509,277687624464,1,8.0361040309071541,7.7711,7.917824,2.0431,16589,0.001024,3.177984,,0.036864,0.153088,0.000256,0.133376,0.007424,0.0097279999999999988,,0.003584,,1.746688,14476,11614,557,0.11535349999985556
14477,328.46961160005668,277687702175,1,7.7433958649635315,7.8017,8.026624,1.7158,15899,0.0012799999999999999,3.289344,,0.03968,0.156416,0,0.13747199999999998,0.007424,0.010239999999999999,,0.004352,,2.2026239999999997,14477,11615,557,0.12303689999998824
14478,328.47782190334465,277687780192,1,8.2103032618761063,7.9112,7.725568,1.9911,16387,0.001024,3.289344,,0.035072,0.15564799999999998,0,0.13696,0.008192,0.0097279999999999988,,0.004608,,1.938432,14478,11616,557,0.13149109999994835
14479,328.48596760204083,277687859304,1,8.1456983461976051,8.0735,8.192,1.8208,15899,0.001024,3.233024,,0.039936,0.15795199999999998,0,0.137984,0.007424,0.0097279999999999988,,0.005376,,2.200832,14479,11617,557,0.13939410000011776
14480,328.4938639030612,277687940039,1,7.8963013365864754,7.6613,8.13184,2.0754,16387,0.001024,3.192064,,0.039424,0.16127999999999998,0,0.141312,0.007936,0.0097279999999999988,,0.004608,,1.937408,14480,11618,557,0.14764090000016949
14481,328.50193690476192,277688016652,1,8.0730020999908447,8.5221,7.87072,1.8212,15899,0.0012799999999999999,3.2337919999999998,,0.039424,0.1792,0,0.144896,0.003584,0.010239999999999999,,0.005376,,2.0738559999999997,14481,11619,557,0.15570059999981822
14482,328.51026730442175,277688101873,1,8.3304001018404961,7.8881,8.055808,2.28,16387,0.001024,3.2345599999999997,,0.039936,0.15564799999999998,0,0.132352,0.007936,0.0097279999999999988,,0.0048639999999999994,,1.747968,14482,11620,557,0.16373750000002474
14483,328.51798229875283,277688180754,1,7.7149942517280579,8.1416,8.305152,2.0113,15899,0.001024,3.2750079999999997,,0.038655999999999996,0.15231999999999998,0,0.132096,0.007424,0.0097279999999999988,,0.005376,,2.0894719999999998,14483,11621,557,0.17185729999982868
14484,328.52570880102041,277688262170,1,7.726502139121294,8.0522,7.691776,2.2237,23021,0.0012799999999999999,3.0973439999999997,,0.039424,0.153088,0,0.1344,0.007424,0.0097279999999999988,,0.0038399999999999997,,2.119424,14484,11622,557,0.1791625999999269
14485,328.53361619897959,277688342692,1,7.9073980450630188,8.1506,7.704832,1.8459,15899,0.001024,3.18592,,0.035072,0.16486399999999998,0,0.14464,0.0084479999999999989,0.010496,,0.0051199999999999996,,1.963264,14485,11623,557,0.18760720000000219
14486,328.54176079931972,277688424198,1,8.1446003168821335,7.7377,7.892224,1.8054,16387,0.001024,3.2732159999999997,,0.040192,0.160512,0,0.142592,0.007936,0.009984,,0.003328,,2.1276159999999997,14486,11624,557,0.1952317000000221
14487,328.54996079931971,277688501575,1,8.2000000402331352,7.6586,8.14336,2.1953,15899,0.001024,3.197184,,0.039424,0.156672,0,0.13644799999999999,0.005888,0.000256,,0.03328,,1.746688,14487,11625,557,0.20347529999980907
14488,328.55786390306122,277688578161,1,7.9031037166714668,8.42,8.164608,1.78,16784,0.001024,3.291648,,0.040704,0.157696,0,0.13414399999999999,0.0076799999999999993,0.0097279999999999988,,0.005632,,2.112256,14488,11626,557,0.21126599999979589
14489,328.56586690051017,277688662361,1,8.0029973760247231,7.6752,7.88736,2.2743,15899,0.001024,3.1751679999999998,,0.040959999999999996,0.159744,0.000256,0.13183999999999998,0.006912,0.0097279999999999988,,0.004608,,1.7484799999999998,14489,11627,557,0.21942960000023959
14490,328.57380400368481,277688739113,1,7.9371035099029541,8.1677,7.97824,2.1596,16387,0.0012799999999999999,3.278336,,0.036864,0.15692799999999998,0,0.136704,0.0076799999999999993,0.0097279999999999988,,0.0048639999999999994,,2.026496,14490,11628,557,0.22717340000008335
14491,328.58184770408161,277688820790,1,8.0437008291482925,7.8624,7.924224,2.0468,15899,0.001024,3.179008,,0.038911999999999995,0.158976,0,0.13977599999999998,0.0084479999999999989,0.009472,,0.004096,,1.947136,14491,11629,557,0.23554120000017065
14492,328.59000629960315,277688899414,1,8.15859530121088,8.1211,8.024064,1.8391,16387,0.001024,3.2919039999999997,,0.037888,0.160768,0.000256,0.14079999999999998,0.0076799999999999993,0.011519999999999999,,0.004352,,1.93664,14492,11630,557,0.24374900000020716
14493,328.59835600198409,277688980625,1,8.3497026935219765,7.7967,8.140032,1.9734,15951,0.001024,3.23584,,0.041215999999999996,0.16383999999999999,0.000256,0.136704,0.0051199999999999996,0.0097279999999999988,,0.0048639999999999994,,2.106624,14493,11631,557,0.25175300000000789
14494,328.60654070294783,277689058592,1,8.1847012042999268,8.3215,8.337408,1.8974,16387,0.001024,3.1897599999999997,,0.041471999999999995,0.15564799999999998,0.000256,0.13568,0.007424,0.009472,,0.005632,,1.746176,14494,11632,557,0.26018969999995534
14495,328.61469469954648,277689141807,1,8.153996430337429,8.2359,8.171776,1.967,15899,0.001024,3.187712,,0.033791999999999996,0.158464,0,0.13977599999999998,0.0076799999999999993,0.009984,,0.004096,,1.7487359999999998,14495,11633,557,0.26807049999979427
14496,328.62256720521543,277689224166,1,7.87250604480505,8.0145,8.122624,2.0736,16387,0.001024,3.239168,,0.039936,0.15795199999999998,0,0.138752,0.010239999999999999,0.000512,,0.014591999999999999,,1.748224,14496,11634,557,0.27591530000017883
14497,328.63059209892288,277689304311,1,8.0248937010765076,8.4417,7.85408,1.9272,15899,0.0012799999999999999,3.176704,,0.037888,0.155904,0,0.134912,0.0076799999999999993,0.009984,,0.0048639999999999994,,2.20288,14497,11635,557,0.28395180000006803
14498,328.63832230017005,277689388728,1,7.7302013523876667,7.8742,7.994112,1.978,16387,0.001024,3.295232,,0.040959999999999996,0.15488,0.000256,0.1344,0.004352,0.0097279999999999988,,0.004352,,1.960448,14498,11636,557,0.29188920000024154
14499,328.6463928004535,277689467470,1,8.0705005675554276,7.8536,7.71712,1.9513,15899,0.001024,3.097088,,0.036608,0.158208,0,0.140288,0.0048639999999999994,0.003328,,0.032768,,2.0725759999999998,14499,11637,557,0.29993659999990996
14500,328.65467650226753,277689546006,1,8.2837017253041267,8.0217,8.0576,2.0357,16387,0.001024,3.22816,,0.03968,0.152576,0,0.13286399999999998,0.0076799999999999993,0.0097279999999999988,,0.0038399999999999997,,1.7484799999999998,14500,11638,557,0.3079450000000179
14501,328.66262280328795,277689626223,1,7.9463012516498566,7.715,8.258048,1.9308,16101,0.0012799999999999999,3.276544,,0.044031999999999995,0.153856,0,0.13414399999999999,0.007424,0.009472,,0.004352,,2.068224,14501,11639,557,0.31603039999981775
14502,328.67106100481857,277689703373,1,8.4382016211748123,8.2596,7.92704,1.7958,16387,0.001024,3.2279039999999997,,0.037888,0.158464,0.000256,0.13824,0.0076799999999999993,0.0097279999999999988,,0.0038399999999999997,,1.922304,14502,11640,557,0.32459229999994932
14503,328.67882350481858,277689785969,1,7.7625000849366188,8.0681,8.410368,2.2681,15899,0.001024,3.1861759999999997,,0.040704,0.15692799999999998,0,0.13747199999999998,0.007424,0.009984,,0.005376,,2.1524479999999997,14503,11641,557,0.33222879999993893
14504,328.68695880102041,277689866650,1,8.1352964043617249,7.985,7.745536,1.8749,16387,0.001024,3.18208,,0.038655999999999996,0.168448,0,0.150272,0.007936,0.0097279999999999988,,0.004352,,2.029824,14504,11642,557,0.34073459999990519
14505,328.69499829931971,277689946500,1,8.0394987016916275,8.6067,8.108032,1.8412,15899,0.001024,3.297024,,0.040704,0.15616,0,0.136704,0.0076799999999999993,0.010752,,0.003584,,1.9932159999999999,14505,11643,557,0.34854270000005272
14506,328.70343370181405,277690032567,1,8.4354020655155182,7.6464,8.024064,1.8622,22171,0.001024,3.2755199999999998,,0.038655999999999996,0.16486399999999998,0,0.14592,0.007936,0.009216,,0.004608,,2.0526079999999998,14506,11644,557,0.35685530000000654
14507,328.71143010204082,277690109031,1,7.996399886906147,8.4872,8.41856,1.8808,16094,0.001024,3.279104,,0.038144,0.15462399999999998,0.000256,0.13414399999999999,0.007424,0.011264,,0.0038399999999999997,,1.746688,14507,11645,557,0.36485600000014529
14508,328.71977930130384,277690193903,1,8.34919884800911,7.7549,7.97312,1.765,16387,0.001024,3.292672,,0.03968,0.16127999999999998,0.000256,0.142592,0.007424,0.010239999999999999,,0.003328,,2.11584,14508,11646,557,0.373301900000115
14509,328.72828600481859,277690271452,1,8.5067031905055046,8.4088,8.33408,1.9255,15899,0.001024,3.09376,,0.038655999999999996,0.160768,0.000256,0.141312,0.008192,0.0097279999999999988,,0.003584,,2.382336,14509,11647,557,0.38173219999998764
14510,328.73621580215416,277690355540,1,7.9297972843050957,7.959,8.483328,2.1811,16387,0.001024,3.296512,,0.046591999999999995,0.154112,0,0.133376,0.007424,0.010496,,0.003584,,2.335232,14510,11648,557,0.3898178999997981
14511,328.74470050311788,277690435130,1,8.4847006946802139,8.458,7.914752,1.9457,15899,0.001024,3.1027199999999997,,0.03968,0.161024,0,0.141568,0.007936,0.0097279999999999988,,0.0051199999999999996,,2.0055039999999997,14511,11649,557,0.39859299999989162
14512,328.75317509920632,277690519710,1,8.474595844745636,8.4071,8.469248,1.9406,16387,0.001024,3.1733759999999998,,0.039936,0.15231999999999998,0,0.13183999999999998,0.0051199999999999996,0.009472,,0.004096,,2.4353279999999997,14512,11650,557,0.40672420000009879
14513,328.7614521045918,277690603781,1,8.2770055159926414,8.0143,8.446464,1.8254,16246,0.001024,3.1879679999999997,,0.040448,0.15488,0,0.135424,0.0076799999999999993,0.009984,,0.004352,,1.9811839999999998,14513,11651,557,0.41488710000021456
14514,328.76936920351471,277690683924,1,7.9170987010002136,8.8038,8.263936,2.1953,16387,0.001024,3.2030719999999997,,0.040192,0.15692799999999998,0,0.13747199999999998,0.007936,0.0097279999999999988,,0.0051199999999999996,,2.21568,14514,11652,557,0.42301240000006146
14515,328.77798860544215,277690771962,1,8.619401603937149,8.2063,7.888384,2.0129,15899,0.001024,3.1692799999999997,,0.041471999999999995,0.153088,0,0.133888,0.010496,0.009984,,0.004096,,1.9711999999999998,14515,11653,557,0.43229780000001483
14516,328.78626860119044,277690854025,1,8.2799959927797318,8.1331,8.58112,1.927,16387,0.001024,3.278336,,0.041728,0.150528,0.000256,0.130816,0.003072,0.009472,,0.004608,,2.2079999999999997,14516,11654,557,0.43972870000015973
14517,328.79430530045352,277690935356,1,8.0366991460323334,8.0556,8.28672,1.7966,15899,0.001024,3.281408,,0.041728,0.163328,0,0.14310399999999998,0.0084479999999999989,0.0097279999999999988,,0.004608,,1.9729919999999999,14517,11655,557,0.44788389999985156
14518,328.80286120323126,277691015912,1,8.5559030994772911,9.1497,8.009728,1.9609,51581,0.001024,3.230976,,0.039168,0.151808,0.000256,0.131072,0.003328,0.0097279999999999988,,0.004608,,2.0774399999999997,14518,11656,557,0.45646750000014435
14519,328.81124960317459,277691107409,1,8.3884000778198242,7.6515,8.526848,2.0921,48167,0.001024,3.297536,,0.037632,0.16153599999999999,0.000256,0.142336,0.010752,0.009472,,0.004352,,1.7489919999999999,14519,11657,557,0.4646111000001838
14520,328.81915989937642,277691183924,1,7.9102963209152222,8.116,8.380416,1.9106,16387,0.001024,3.2460799999999996,,0.041215999999999996,0.153088,0,0.133632,0.009216,0.0097279999999999988,,0.004096,,2.094848,14520,11658,557,0.47248940000008588
14521,328.82737210175736,277691265084,1,8.2122022286057472,8.5744,7.904,1.7625,15899,0.001024,3.287296,,0.039424,0.15001599999999998,0,0.131072,0.003584,0.009984,,0.0038399999999999997,,1.953792,14521,11659,557,0.4809424999998555
14522,328.83544840561223,277691350828,1,8.0763036385178566,8.2041,8.184832,1.842,18936,0.001024,3.1746559999999997,,0.040959999999999996,0.158208,0,0.138752,0.0076799999999999993,0.009472,,0.004352,,2.0840959999999997,14522,11660,557,0.48893600000019433
14523,328.8435312003968,277691432869,1,8.0827949568629265,7.8975,8.058112,2.2849,15899,0.001024,3.244288,,0.038655999999999996,0.19353599999999999,0.000256,0.17382399999999998,0.007424,0.0025599999999999998,,0.012288,,1.748224,14523,11661,557,0.4969571999999971
14524,328.85186750283447,277691511844,1,8.336302824318409,8.4378,8.061184,1.8426,16387,0.0012799999999999999,3.233024,,0.040448,0.149504,0,0.130048,0.0076799999999999993,0.009472,,0.0038399999999999997,,2.137088,14524,11662,557,0.50552239999979065
14525,328.86003060515873,277691596222,1,8.1631019711494446,7.9236,8.315648,1.8043,16101,0.001024,3.279104,,0.041215999999999996,0.158208,0,0.13747199999999998,0.007424,0.011264,,0.0051199999999999996,,1.748224,14525,11663,557,0.51357120000011491
14526,328.86806450538546,277691675458,1,8.0339005216956139,8.0692,8.146944,2.4294,16582,0.001024,3.2412159999999997,,0.040704,0.162048,0,0.141568,0.003328,0.009472,,0.006912,,2.027776,14526,11664,557,0.5215213000001313
14527,328.87601450538546,277691756150,1,7.9500004649162292,8.5791,8.016896,1.8845,15899,0.001024,3.1902719999999998,,0.0384,0.16358399999999998,0.000256,0.14310399999999998,0.007936,0.009984,,0.004352,,2.208768,14527,11665,557,0.52970300000015413
14528,328.88421030328794,277691841941,1,8.19579791277647,8.0115,7.922432,1.8286,33958,0.001024,3.2888319999999998,,0.038144,0.15923199999999998,0.000256,0.137728,0.0076799999999999993,0.009472,,0.0038399999999999997,,1.948672,14528,11666,557,0.53770369999983814
14529,328.8923612032313,277691922056,1,8.1508997827768326,7.9967,8.116224,1.8798,30301,0.001024,3.297024,,0.039168,0.16512,0.000256,0.14438399999999998,0.003328,0.010496,,0.0038399999999999997,,2.194432,14529,11667,557,0.54572220000000016
14530,328.90047890447846,277692002023,1,8.1177009269595146,8.1582,8.211712,1.8495,16387,0.0012799999999999999,3.2519679999999997,,0.041471999999999995,0.153856,0.000256,0.13414399999999999,0.0076799999999999993,0.0097279999999999988,,0.0048639999999999994,,2.031104,14530,11668,557,0.55416990000003352
14531,328.908556505102,277692083605,1,8.077600970864296,7.9881,8.089856,1.9226,15899,0.001024,3.23072,,0.050176,0.153088,0,0.133632,0.007424,0.009472,,0.004096,,2.072064,14531,11669,557,0.562201499999901
14532,328.91656500141721,277692163486,1,8.0084959045052528,8.036,8.05504,1.811,16387,0.001024,3.240704,,0.039424,0.158464,0.000256,0.13952,0.0076799999999999993,0.011519999999999999,,0.004608,,1.7471999999999999,14532,11670,557,0.56990929999983564
14533,328.92470610119045,277692243846,1,8.1410994753241539,8.3924,7.996672,1.8592,33470,0.0012799999999999999,3.102976,,0.040192,0.15872,0,0.13696,0.008704,0.0097279999999999988,,0.0038399999999999997,,2.0520959999999997,14533,11671,557,0.57818099999985861
14534,328.93232840136051,277692327770,1,7.6223001815378666,8.0871,8.116224,2.385,30772,0.001024,3.2936959999999997,,0.039424,0.15616,0.000256,0.13644799999999999,0.009472,0,,0.015359999999999999,,2.1143039999999997,14534,11672,557,0.58571849999998449
14535,328.94030600198414,277692408641,1,7.977600209414959,7.7296,7.596032,1.8074,15899,0.001024,3.27296,,0.039424,0.169216,0,0.149504,0.007936,0.009472,,0.0051199999999999996,,1.951744,14535,11673,557,0.59382989999994606
14536,328.94871730442173,277692485937,1,8.4113022312521935,8.228,7.961344,1.7874,16387,0.001024,3.2913919999999997,,0.039424,0.160768,0,0.141056,0.007424,0.0097279999999999988,,0.004608,,1.7489919999999999,14536,11674,557,0.602026399999886
14537,328.95697800453513,277692568217,1,8.2606999203562737,7.5901,8.394752,1.7643,16101,0.0012799999999999999,3.1910399999999997,,0.040959999999999996,0.1536,0,0.134656,0.0076799999999999993,0.0097279999999999988,,0.005376,,2.285824,14537,11675,557,0.610345800000232
14538,328.96501920351471,277692644118,1,8.0411992967128754,8.0909,8.237056,1.8565,16387,0.0012799999999999999,3.228672,,0.034048,0.157184,0,0.13849599999999998,0.0038399999999999997,0.0097279999999999988,,0.003584,,2.123008,14538,11676,557,0.61833549999983006
14539,328.97308160430839,277692725027,1,8.0624008551239967,8.2281,8.023552,2.3738,33470,0.001024,3.292928,,0.0384,0.15564799999999998,0,0.13644799999999999,0.007168,0.0097279999999999988,,0.0051199999999999996,,2.022912,14539,11677,557,0.62660980000009658
14540,328.98095610119049,277692807308,1,7.8744972124695778,8.2626,8.045056,1.9353,30772,0.001024,3.1782399999999997,,0.036608,0.155392,0,0.13696,0.0038399999999999997,0.0097279999999999988,,0.0048639999999999994,,2.1376,14540,11678,557,0.63433639999993829
14541,328.98863399943309,277692889934,1,7.6778982765972614,8.0494,7.857152,1.8416,138896,0.001024,3.205632,,0.040704,0.156672,0,0.137216,0.0076799999999999993,0.0097279999999999988,,0.0051199999999999996,,1.940736,14541,11679,557,0.64222819999986314
14542,328.99682959892289,277692970428,1,8.1955995410680771,8.1622,7.65056,1.7922,125738,0.001024,3.22944,,0.038911999999999995,0.16486399999999998,0,0.14668799999999999,0.0076799999999999993,0.0097279999999999988,,0.0048639999999999994,,2.069504,14542,11680,557,0.65028070000016669
14543,329.00484109977322,277693052050,1,8.011501282453537,7.8388,8.162048,2.0937,51093,0.001024,3.27424,,0.040192,0.15334399999999998,0.000256,0.133888,0.003328,0.0097279999999999988,,0.004608,,1.9512319999999999,14543,11681,557,0.65837779999992563
14544,329.012836699263,277693130438,1,7.9955998808145523,7.6678,8.00128,1.8079,46535,0.001024,3.2954879999999998,,0.03968,0.153856,0,0.13516799999999998,0.0076799999999999993,0.009984,,0.0038399999999999997,,2.009344,14544,11682,557,0.66632429999981468
14545,329.02111320153062,277693207116,1,8.2765026018023491,8.2491,7.980544,1.884,33665,0.001024,3.232512,,0.039168,0.15692799999999998,0.000256,0.13696,0.0076799999999999993,0.0097279999999999988,,0.005632,,2.02496,14545,11683,557,0.675262499999917
14546,329.02945210459183,277693289607,1,8.3389030769467354,8.0053,8.261376,1.8676,37406,0.001024,3.2704,,0.035584,0.157696,0,0.13849599999999998,0.007424,0.009984,,0.0048639999999999994,,2.041344,14546,11684,557,0.68299089999982243
14547,329.03731950113377,277693369660,1,7.8673968091607094,7.9704,8.317952,2.4417,15899,0.001024,3.307264,,0.039936,0.16614399999999999,0,0.14592,0.010496,0.0025599999999999998,,0.011264,,1.74592,14547,11685,557,0.69078760000002148
14548,329.04543190192743,277693449364,1,8.1124007701873779,8.5418,7.847168,2.0968,16387,0.001024,3.236096,,0.041728,0.158976,0.000256,0.13849599999999998,0.0076799999999999993,0.009984,,0.004096,,1.952256,14548,11686,557,0.69895099999985177
14549,329.05335639880951,277693534782,1,7.924497127532959,8.167,8.09088,1.7803,15899,0.001024,3.173632,,0.036864,0.1536,0,0.13414399999999999,0.003328,0.009472,,0.005888,,2.073088,14549,11687,557,0.70706179999979213
14550,329.0613896045918,277693616452,1,8.03320575505495,7.8163,7.909632,2.2586,16589,0.001024,3.244544,,0.036095999999999996,0.175872,0,0.131584,0.008192,0.009984,,0.004608,,1.746688,14550,11688,557,0.7149226000001363
14551,329.06921529903627,277693694615,1,7.8256940469145775,8.1825,8.034304,2.0281,15899,0.001024,3.269888,,0.035328,0.174336,0,0.154368,0.004096,0.00896,,0.004608,,2.086656,14551,11689,557,0.72277630000007775
14552,329.07725390447843,277693776440,1,8.0386055633425713,7.9951,7.79008,2.0452,16387,0.001024,3.289344,,0.040192,0.159744,0,0.141056,0.0038399999999999997,0.009984,,0.0048639999999999994,,1.959936,14552,11690,557,0.73091410000006363
14553,329.08530390447845,277693856391,1,8.0500002950429916,7.9801,8.009216,2.5293,15899,0.001024,3.098112,,0.038655999999999996,0.157696,0,0.137216,0.0076799999999999993,0.010752,,0.005632,,2.066432,14553,11691,557,0.73875589999988733
14554,329.09336310232425,277693936192,1,8.0591980367898941,7.7861,8.05632,2.3749,16387,0.001024,3.27296,,0.040448,0.15488,0,0.134656,0.0076799999999999993,0.010752,,0.005376,,1.747712,14554,11692,557,0.74711579999984679
14555,329.10100359977321,277694014053,1,7.6404972933232784,8.2085,8.026624,1.878,15899,0.001024,3.2332799999999997,,0.037376,0.152576,0.000256,0.13286399999999998,0.007424,0.0097279999999999988,,0.004352,,2.127872,14555,11693,557,0.75475120000010065
14556,329.10929569869614,277694096138,1,8.29209852963686,7.7996,7.631104,2.0222,16387,0.0012799999999999999,3.185152,,0.033535999999999996,0.152064,0.000256,0.133632,0.007936,0.009984,,0.003584,,2.08256,14556,11694,557,0.7628751000002012
14557,329.1175044005102,277694174134,1,8.2087013870477676,8.3609,8.27776,1.857,15899,0.001024,3.2417279999999997,,0.03968,0.152576,0,0.13286399999999998,0.0076799999999999993,0.0097279999999999988,,0.005632,,1.747968,14557,11695,557,0.77099409999982527
14558,329.12526870039682,277694257743,1,7.7642998658120632,7.5781,8.182784,2.0919,33958,0.001024,3.277568,,0.038655999999999996,0.152064,0.000256,0.133376,0.010752,0.009984,,0.0038399999999999997,,2.029568,14558,11696,557,0.77892849999989267
14559,329.13367670068027,277694333524,1,8.4080006927251816,8.2284,7.739136,1.8076,30284,0.001024,3.294464,,0.036351999999999995,0.162048,0,0.14207999999999998,0.0084479999999999989,0.007424,,0.006144,,2.0072959999999997,14559,11697,557,0.78711539999994784
14560,329.14182050028342,277694415808,1,8.1437993794679642,8.0784,8.389376,2.2897,16387,0.001024,3.2750079999999997,,0.035328,0.162304,0.000256,0.142848,0.0076799999999999993,0.009472,,0.004608,,2.2031359999999998,14560,11698,557,0.79526570000007268
14561,329.15001300311792,277694496592,1,8.19250289350748,7.8738,8.132096,1.8154,15899,0.001024,3.2394239999999996,,0.041728,0.162048,0,0.142336,0.0076799999999999993,0.0097279999999999988,,0.004352,,1.7469439999999998,14561,11699,557,0.8037795999998707
14562,329.15782880527212,277694575330,1,7.8158024698495865,8.2526,8.16896,1.9743,16589,0.001024,3.234048,,0.03456,0.15872,0,0.13952,0.004096,0.009472,,0.004096,,2.43328,14562,11700,557,0.81144660000018121
14563,329.16595300453514,277694657856,1,8.1241996958851814,8.1722,7.696384,1.957,15899,0.001024,3.17184,,0.040448,0.174848,0.000256,0.152576,0.0084479999999999989,0.009216,,0.0048639999999999994,,1.748224,14563,11701,557,0.81958709999980783
14564,329.17394280045352,277694739578,1,7.9897958785295486,8.4378,8.19968,1.8058,16582,0.001024,3.2368639999999997,,0.046079999999999996,0.15692799999999998,0.000256,0.137216,0.007424,0.0097279999999999988,,0.0051199999999999996,,2.078208,14564,11702,557,0.82731879999982993
14565,329.18178830073697,277694823956,1,7.8455004841089249,7.7431,7.968512,1.8828,15899,0.001024,3.292672,,0.040448,0.161024,0.000256,0.141568,0.007936,0.009984,,0.004608,,1.9596799999999999,14565,11703,557,0.8361018000000513
14566,329.18985850340135,277694901387,1,8.07020254433155,7.985,7.826944,1.7967,16387,0.001024,3.2296959999999997,,0.038144,0.155136,0,0.135936,0.003584,0.010496,,0.004608,,1.944832,14566,11704,557,0.84332949999998164
14567,329.19803430413833,277694981237,1,8.1758005544543266,7.8981,8.054272,1.8728,15899,0.001024,3.230464,,0.039168,0.163072,0,0.14310399999999998,0.008192,0.012032,,0.005376,,2.06464,14567,11705,557,0.85148600000002261
14568,329.2063567035147,277695060218,1,8.3223991096019745,8.3868,8.160512,1.9349,16439,0.001024,3.235328,,0.039936,0.157696,0,0.137728,0.0076799999999999993,0.0097279999999999988,,0.0051199999999999996,,1.746688,14568,11706,557,0.85973409999996875
14569,329.214651899093,277695144086,1,8.2951951771974564,7.6071,8.297984,1.9233,15899,0.0012799999999999999,3.176704,,0.036351999999999995,0.1536,0,0.13414399999999999,0.0038399999999999997,0.0097279999999999988,,0.003584,,2.295808,14569,11707,557,0.86816730000009557
14570,329.2232145053855,277695220157,1,8.5626058280467987,8.1069,8.2816,2.1882,16387,0.001024,3.234304,,0.041728,0.156416,0,0.136192,0.0076799999999999993,0.0097279999999999988,,0.004096,,2.176768,14570,11708,557,0.87677020000000994
14571,329.23095410289113,277695301226,1,7.7395974658429623,8.2767,8.544,2.0349,15899,0.001024,3.2998399999999997,,0.039168,0.156416,0.000256,0.137728,0.006656,0.009984,,0.003584,,2.1941759999999997,14571,11709,557,0.88434610000012981
14572,329.23882689909294,277695383993,1,7.87279661744833,8.4145,7.7056,2.111,16387,0.001024,3.187456,,0.038655999999999996,0.15488,0.000256,0.13568,0.004096,0.010239999999999999,,0.0048639999999999994,,1.956864,14572,11710,557,0.89255890000004
14573,329.24704880243763,277695468138,1,8.221902884542942,8.6558,7.857408,2.2385,15899,0.001024,3.177984,,0.038655999999999996,0.1536,0,0.13414399999999999,0.0076799999999999993,0.011264,,0.004096,,2.075392,14573,11711,557,0.90071669999997539
14574,329.25506920351472,277695554696,1,8.0204010009765625,7.5144,8.196864,1.9997,16387,0.001024,3.2363519999999997,,0.039936,0.152064,0.000256,0.132608,0.0076799999999999993,0.0097279999999999988,,0.004352,,2.015488,14574,11712,557,0.9085109000002376
14575,329.26321760204081,277695629840,1,8.1483982503414154,8.2241,8.00256,2.077,16101,0.001024,3.1782399999999997,,0.039936,0.17664,0,0.134656,0.007936,0.009472,,0.005632,,1.940224,14575,11713,557,0.916693000000123
14576,329.27134150368477,277695712081,1,8.1239016726613045,8.0778,8.130304,2.1159,16387,0.001024,3.175424,,0.039936,0.155904,0.000256,0.132352,0.006656,0.009472,,0.004608,,1.9612159999999998,14576,11714,557,0.92502479999984644
14577,329.27953720238094,277695792859,1,8.1956982612609863,7.9031,8.1024,1.997,21683,0.001024,3.17184,,0.043008,0.15334399999999998,0,0.132608,0.0076799999999999993,0.0097279999999999988,,0.004352,,2.01344,14577,11715,557,0.9329624000001786
14578,329.28780740504533,277695871890,1,8.2702022045850754,8.1152,8.166144,1.8661,16387,0.001024,3.174144,,0.037632,0.158208,0,0.137728,0.0076799999999999993,0.0097279999999999988,,0.004352,,1.747456,14578,11716,557,0.94119929999988017
14579,329.29572800453514,277695953042,1,7.9205995425581932,8.408,8.256256,1.8801,15899,0.001024,3.232256,,0.041215999999999996,0.15795199999999998,0,0.13414399999999999,0.003072,0.011519999999999999,,0.003072,,2.283776,14579,11717,557,0.94960559999981342
14580,329.30438759920634,277696037122,1,8.65959469228983,7.9227,7.907328,2.2819,16387,0.001024,3.288064,,0.037376,0.15488,0,0.136192,0.00896,0.009984,,0.0051199999999999996,,2.121728,14580,11718,557,0.95776530000011917
14581,329.31194910005667,277696116349,1,7.5615006498992443,8.2577,8.637184,2.1013,15899,0.001024,3.292672,,0.044544,0.151552,0.000256,0.131328,0.0076799999999999993,0.010496,,0.003584,,2.00832,14581,11719,557,0.96552659999997559
14582,329.31981830357142,277696198926,1,7.8692035749554634,8.2805,7.538176,2.0167,16387,0.001024,3.0965759999999998,,0.035584,0.15872,0,0.140032,0.007424,0.0097279999999999988,,0.003584,,2.0677119999999998,14582,11720,557,0.97319710000010673
14583,329.32788730158728,277696281731,1,8.0689983442425728,8.2958,7.85024,1.8588,16094,0.001024,3.233024,,0.036608,0.15616,0.000256,0.13747199999999998,0.0076799999999999993,0.009984,,0.003584,,1.9463679999999999,14583,11721,557,0.98171339999998963
14584,329.33598300028342,277696364689,1,8.0956984311342239,7.7353,8.052224,1.9031,16387,0.001024,3.237632,,0.043008,0.16,0.000256,0.140288,0.0097279999999999988,0.0097279999999999988,,0.0038399999999999997,,2.098432,14584,11722,557,0.9896272000000863
14585,329.34459970238095,277696442042,1,8.6167016997933388,7.6572,8.077312,2.2764,44937,0.001024,3.29216,,0.039424,0.16,0,0.140544,0.009216,0.011007999999999999,,0.0051199999999999996,,1.9043839999999999,14585,11723,558,0.0035268999999971129
14586,329.35257710459183,277696518614,1,7.9774018377065659,8.5182,8.593408,2.0992,16387,0.001024,3.289344,,0.039168,0.16153599999999999,0,0.141824,0.004352,0.003072,,0.011776,,2.063872,14586,11724,558,0.010820200000125624
14587,329.36060310374148,277696603796,1,8.0259991809725761,7.9507,7.953664,0.4314,16246,0.001024,3.307264,,0.039424,0.161792,0.000256,0.141312,0.007424,0.011519999999999999,,0.005376,,1.7471999999999999,14587,11725,558,0.018504600000142091
14588,329.36841920351475,277696683303,1,7.8160995617508888,9.4549,0.03456,2.1036,16387,0.001024,3.292416,,0.038911999999999995,0.160512,0,0.141312,0.0076799999999999993,0.012032,,0.004608,,2.056448,14588,11726,558,0.02627200000006269
14589,329.37670590277776,277696777852,1,8.286699652671814,7.3408,7.784192,1.871,15899,0.001024,3.237376,,0.03968,0.156416,0,0.13824,0.007424,0.009984,,0.004096,,1.958912,14589,11727,558,0.035125000000334694
14590,329.38447350481857,277696851260,1,7.7676018700003624,7.6363,8.28032,1.886,16387,0.001024,3.2261119999999996,,0.041215999999999996,0.16383999999999999,0.000256,0.14310399999999998,0.004608,0.0097279999999999988,,0.0048639999999999994,,2.05952,14590,11728,558,0.042337600000337261
14591,329.39262480158726,277696927623,1,8.1512965261936188,7.7995,7.729664,1.8416,15899,0.001024,3.1872,,0.035328,0.156416,0,0.13696,0.006144,0.011007999999999999,,0.004096,,2.07872,14591,11729,558,0.050540700000055949
14592,329.40098700396823,277697005618,1,8.36220197379589,8.6906,8.141312,2.0461,16387,0.001024,3.2972799999999998,,0.041471999999999995,0.152832,0,0.133376,0.007936,0.009472,,0.0038399999999999997,,1.9458559999999998,14592,11730,558,0.05877150000014808
14593,329.40893960459181,277697092524,1,7.9526007175445557,7.3757,8.355328,1.8869,15951,0.001024,3.286784,,0.040704,0.15616,0,0.13644799999999999,0.008704,0.009216,,0.004352,,2.400768,14593,11731,558,0.06693840000025375
14594,329.416660600907,277697166281,1,7.7209961600601673,8.1684,7.935232,1.9091,16387,0.001024,3.192576,,0.03968,0.154368,0,0.133632,0.0076799999999999993,0.009472,,0.004352,,1.746176,14594,11732,558,0.074429400000099122
14595,329.42464350198412,277697247965,1,7.98290129750967,8.2584,7.68384,1.9843,15899,0.001024,3.273984,,0.038655999999999996,0.15334399999999998,0,0.134912,0.0076799999999999993,0.0097279999999999988,,0.003584,,2.020352,14595,11733,558,0.082444500000292464
14596,329.43310549886621,277697330549,1,8.4619969129562378,8.1081,7.968256,1.8231,16387,0.001024,3.292928,,0.04224,0.153856,0.000256,0.1344,0.007424,0.009472,,0.005632,,1.953536,14596,11734,558,0.090887100000145438
14597,329.44123110119045,277697411630,1,8.1256022676825523,7.5395,8.446976,2.1228,15899,0.001024,3.2919039999999997,,0.039424,0.150272,0,0.131072,0.0048639999999999994,0.010239999999999999,,0.004352,,2.092288,14597,11735,558,0.099047900000186928
14598,329.4495744047619,277697487025,1,8.3433035761117935,7.9964,8.080384,2.0228,16387,0.001024,3.277312,,0.042496,0.158976,0,0.13696,0.0076799999999999993,0.009472,,0.0051199999999999996,,1.7471999999999999,14598,11736,558,0.10732030000008308
14599,329.45719100056687,277697566989,1,7.6165958307683468,8.4923,8.360704,1.8844,16101,0.001024,3.2302079999999997,,0.042496,0.158208,0,0.138752,0.007936,0.009472,,0.0051199999999999996,,2.526976,14599,11737,558,0.11509300000034273
14600,329.46568920068023,277697651912,1,8.4982002153992653,8.1268,7.588352,1.8065,16387,0.0012799999999999999,3.29216,,0.040192,0.157184,0,0.12953599999999998,0.007936,0.009472,,0.004608,,1.917184,14600,11738,558,0.12357610000026398
14601,329.47341090561224,277697733180,1,7.72170489653945,8.2921,8.478976,1.7721,15899,0.001024,3.295232,,0.039936,0.162304,0,0.14207999999999998,0.007424,0.010752,,0.005888,,2.071808,14601,11739,558,0.13137440000036804
14602,329.4813860048186,277697816101,1,7.9750996083021164,7.7564,7.70176,1.767,16582,0.001024,3.179776,,0.038655999999999996,0.16716799999999998,0,0.14592,0.0076799999999999993,0.0097279999999999988,,0.0051199999999999996,,2.0375039999999998,14602,11740,558,0.13939650000020265
14603,329.48961230158727,277697893665,1,8.2262968644499779,8.5051,7.961344,1.7785,15899,0.001024,3.272448,,0.040959999999999996,0.15872,0,0.138752,0.007424,0.0097279999999999988,,0.004096,,1.9412479999999999,14603,11741,558,0.1476556000002347
14604,329.49786619897958,277697978716,1,8.2538975402712822,7.7654,8.20096,1.9802,16387,0.001024,3.273472,,0.036608,0.154368,0,0.134656,0.007424,0.009984,,0.0051199999999999996,,2.061568,14604,11742,558,0.15587420000019847
14605,329.50620809948981,277698056370,1,8.341900072991848,7.975,7.732992,2.3073,15899,0.001024,3.179776,,0.038655999999999996,0.16,0.000256,0.13952,0.0076799999999999993,0.011776,,0.0048639999999999994,,1.7454079999999998,14605,11743,558,0.16411190000007991
14606,329.51434710175738,277698136120,1,8.13900213688612,8.2889,8.316672,2.0094,16387,0.001024,3.2719359999999997,,0.033791999999999996,0.15462399999999998,0,0.136192,0.011776,0.010239999999999999,,0.003328,,2.896384,14606,11744,558,0.1729377999999997
14607,329.52216750283446,277698219009,1,7.8204013407230377,8.2308,8.119296,2.1583,15899,0.001024,3.2888319999999998,,0.049152,0.158976,0.000256,0.139264,0.009216,0.009216,,0.004608,,1.747456,14607,11745,558,0.18044570000029125
14608,329.53023790391154,277698301317,1,8.0704009160399437,8.2111,7.794688,1.98,23021,0.001024,3.1057919999999997,,0.038911999999999995,0.16358399999999998,0.000256,0.144896,0.007424,0.010239999999999999,,0.004608,,2.180608,14608,11746,558,0.18838720000030662
14609,329.53842220096368,277698383428,1,8.1842970103025436,8.6728,8.056576,2.2825,15899,0.001024,3.2895999999999996,,0.040192,0.16025599999999998,0,0.13977599999999998,0.007424,0.009472,,0.004608,,1.958912,14609,11747,558,0.19665290000011737
14610,329.54630470521539,277698470156,1,7.8825037926435471,7.3581,8.162304,1.8719,16387,0.0012799999999999999,3.288064,,0.038911999999999995,0.15744,0,0.13849599999999998,0.011007999999999999,0.00896,,0.004608,,2.2901759999999998,14610,11748,558,0.20500240000001213
14611,329.55460850340137,277698543737,1,8.30379780381918,8.2989,7.86304,3.4287,15899,0.001024,3.17696,,0.038911999999999995,0.155392,0,0.13516799999999998,0.0084479999999999989,0.011519999999999999,,0.005632,,1.765888,14611,11749,558,0.21241530000042985
14612,329.56247580073693,277698626726,1,7.8672971576452255,8.1762,8.2752,2.3982,16589,0.001024,3.292672,,0.040192,0.154368,0.000256,0.13414399999999999,0.0076799999999999993,0.011007999999999999,,0.003584,,2.0623359999999997,14612,11750,558,0.22027500000012878
14613,329.57079289965986,277698708488,1,8.3170989528298378,8.406,7.848448,1.783,15899,0.001024,3.2368639999999997,,0.03968,0.160512,0,0.141568,0.007936,0.009984,,0.004608,,2.0121599999999997,14613,11751,558,0.22859440000001996
14614,329.57881950113375,277698792548,1,8.0266017466783524,7.4167,8.30336,2.4809,16387,0.001024,3.177472,,0.039168,0.171008,0,0.13414399999999999,0.007936,0.009472,,0.004096,,2.026752,14614,11752,558,0.23658610000029512
14615,329.58699140447845,277698866715,1,8.17190296947956,7.886,8.007424,1.7828,15899,0.001024,3.2998399999999997,,0.040704,0.151808,0,0.133632,0.007424,0.010239999999999999,,0.0051199999999999996,,2.1089279999999997,14615,11753,558,0.24477110000043467
14616,329.594997002551,277698945575,1,8.00559762865305,8.306,8.148736,1.9161,16387,0.001024,3.297792,,0.041471999999999995,0.158208,0.000256,0.13824,0.007424,0.010239999999999999,,0.004352,,1.9543039999999998,14616,11754,558,0.25280350000002727
14617,329.60322640306123,277699028635,1,8.2294009625911713,8.0167,7.997952,1.841,15899,0.001024,3.192576,,0.037632,0.159488,0,0.139264,0.007424,0.009472,,0.004352,,2.1911039999999997,14617,11755,558,0.26110390000030748
14618,329.61110459892291,277699108802,1,7.8781954944133759,8.1458,8.214016,1.8742,16439,0.001024,3.23968,,0.038144,0.153088,0,0.133632,0.003072,0.009472,,0.004096,,1.747712,14618,11756,558,0.26888619999999719
14619,329.61900670351474,277699190260,1,7.9021044075489044,8.0257,7.844608,1.7746,15899,0.001024,3.278336,,0.040704,0.163072,0,0.14438399999999998,0.012799999999999999,0.009984,,0.005376,,2.057216,14619,11757,558,0.27681080000002112
14620,329.62720620039681,277699270517,1,8.1994971260428429,8.3177,7.884544,1.7539,16387,0.001024,3.2048639999999997,,0.035584,0.155392,0,0.136704,0.007424,0.009984,,0.004096,,1.9548159999999999,14620,11758,558,0.28517350000038277
14621,329.6349562003968,277699353694,1,7.74999987334013,7.8044,8.184576,2.1447,16094,0.0012799999999999999,3.1759359999999996,,0.046079999999999996,0.15488,0,0.133632,0.0076799999999999993,0.009472,,0.004608,,2.118144,14621,11759,558,0.2926633000001857
14622,329.64273420493197,277699431738,1,7.7780047431588173,7.9171,7.725312,2.1783,16387,0.001024,3.181568,,0.0384,0.155904,0,0.13644799999999999,0.004352,0.011264,,0.005376,,1.746688,14622,11760,558,0.30050850000043283
14623,329.65064170209752,277699510909,1,7.907496765255928,8.3792,7.765248,1.7201,18325,0.001024,3.17568,,0.040959999999999996,0.153856,0,0.13414399999999999,0.007424,0.0097279999999999988,,0.0051199999999999996,,1.947392,14623,11761,558,0.308637500000259
14624,329.65857850056688,277699594701,1,7.93679803609848,7.4779,7.888384,2.0576,27614,0.001024,3.172096,,0.042752,0.162048,0,0.142848,0.003584,0.009472,,0.005888,,2.09152,14624,11762,558,0.31631640000023253
14625,329.66649260204082,277699669480,1,7.914101704955101,7.8559,7.896576,2.3659,15899,0.001024,3.173888,,0.041215999999999996,0.157184,0,0.13747199999999998,0.007424,0.0097279999999999988,,0.005376,,1.749248,14625,11763,558,0.32424020000007658
14626,329.67418270266438,277699748039,1,7.6901004649698734,7.8669,7.908608,1.8298,16387,0.001024,3.27936,,0.03968,0.155904,0.000256,0.136704,0.005888,0.010752,,0.0025599999999999998,,2.024448,14626,11764,558,0.33186090000026525
14627,329.68196550453513,277699826708,1,7.7828019857406616,7.9567,7.681792,2.0939,15899,0.0012799999999999999,3.096832,,0.040192,0.157184,0,0.13824,0.008192,0.003072,,0.012032,,1.9276799999999998,14627,11765,558,0.34008390000008148
14628,329.68986709892289,277699906275,1,7.9015940427780151,7.8885,7.76064,1.8057,16387,0.001024,3.288064,,0.03712,0.15744,0,0.137728,0.0076799999999999993,0.010752,,0.0038399999999999997,,1.9192319999999998,14628,11766,558,0.34765810000044439
14629,329.69782320011336,277699985160,1,7.9561015591025352,7.6446,7.880704,1.7912,15899,0.001024,3.287808,,0.041215999999999996,0.150272,0,0.132352,0.009472,0.009216,,0.004608,,2.085376,14629,11767,558,0.35566260000041439
14630,329.70593360260767,277700061606,1,8.1104021519422531,8.1351,7.935488,2.0544,16387,0.001024,3.1884799999999998,,0.03968,0.162048,0,0.141568,0.0076799999999999993,0.0097279999999999988,,0.005376,,1.746432,14630,11768,558,0.363805300000422
14631,329.71378980300454,277700142957,1,7.8562004491686821,7.653,8.083968,2.0842,21683,0.001024,3.23712,,0.038655999999999996,0.159488,0,0.140032,0.0076799999999999993,0.009984,,0.003328,,2.307584,14631,11769,558,0.37210710000044855
14632,329.72182480158727,277700219487,1,8.0349985510110855,8.0092,7.839488,1.7864,16387,0.0012799999999999999,3.270656,,0.039168,0.158464,0,0.13952,0.007936,0.009984,,0.004096,,1.948672,14632,11770,558,0.37979440000026443
14633,329.72976010487525,277700299579,1,7.9353032633662224,8.1,8.027136,1.8799,21845,0.001024,3.2412159999999997,,0.03584,0.156672,0,0.13849599999999998,0.0076799999999999993,0.009984,,0.003584,,2.0725759999999998,14633,11771,558,0.38764610000043831
14634,329.7376211026077,277700380579,1,7.8609976917505264,8.3048,7.913984,1.8082,16387,0.0012799999999999999,3.2363519999999997,,0.040959999999999996,0.160512,0.000256,0.140544,0.007424,0.010752,,0.0051199999999999996,,1.9194879999999999,14634,11772,558,0.39540800000031595
14635,329.74556290391155,277700463627,1,7.9418011009693146,7.6781,7.845632,1.7428,42500,0.001024,3.231744,,0.038911999999999995,0.15564799999999998,0,0.136192,0.008192,0.0097279999999999988,,0.0051199999999999996,,1.928192,14635,11773,558,0.40359550000039235
14636,329.75362160572558,277700540408,1,8.0587016418576241,7.8464,7.920128,2.1798,39905,0.001024,3.289344,,0.041728,0.154368,0,0.13568,0.0048639999999999994,0.010239999999999999,,0.003328,,2.198784,14636,11774,558,0.41143510000028982
14637,329.76165830498866,277700618872,1,8.0366991460323334,7.8124,8.035584,2.1263,27959,0.001024,3.24736,,0.041984,0.154112,0,0.13414399999999999,0.008192,0.009216,,0.004096,,1.747456,14637,11775,558,0.41956190000018978
14638,329.76933800311792,277700696996,1,7.6796980574727058,8.0722,8.011776,1.7723,16387,0.001024,3.187712,,0.044288,0.154368,0.000256,0.1344,0.005888,0.010239999999999999,,0.005632,,2.086144,14638,11776,558,0.42717880000009245
14639,329.77726640447844,277700777718,1,7.9284012317657471,7.9639,7.662336,1.7823,15899,0.001024,3.2319999999999998,,0.035328,0.151552,0.000256,0.133376,0.007424,0.009984,,0.003584,,1.9312639999999999,14639,11777,558,0.43520510000007562
14640,329.78536060090704,277700857357,1,8.09419620782137,8.0619,7.906304,2.399,16582,0.001024,3.1764479999999997,,0.036864,0.15462399999999998,0,0.134656,0.006912,0.011264,,0.004352,,2.039808,14640,11778,558,0.44317050000017844
14641,329.79322710459184,277700937976,1,7.8665036708116531,7.6444,8.073216,2.598,21828,0.001024,3.3047039999999996,,0.038655999999999996,0.153856,0,0.1344,0.011776,0.010752,,0.0038399999999999997,,1.746432,14641,11779,558,0.45104240000000573
14642,329.80098290107708,277701014420,1,7.7557964250445366,8.026,7.84128,1.7905,16387,0.001024,3.236096,,0.046591999999999995,0.155136,0,0.133888,0.008192,0.0097279999999999988,,0.003584,,2.089216,14642,11780,558,0.459096000000045
14643,329.80925539965983,277701094680,1,8.2724988460540771,7.9808,7.74016,2.1567,15899,0.001024,3.290368,,0.033791999999999996,0.15616,0,0.137728,0.0097279999999999988,0.010239999999999999,,0.004352,,2.0974079999999997,14643,11781,558,0.46730440000010276
14644,329.8170748015873,277701174488,1,7.8194020316004753,7.8574,7.926784,1.7726,16439,0.001024,3.2949759999999997,,0.037376,0.156416,0,0.13696,0.007424,0.009472,,0.005376,,1.74592,14644,11782,558,0.47488640000028681
14645,329.8249613024376,277701253062,1,7.8865010291337967,7.8815,7.775232,1.7889,15899,0.001024,3.2931839999999997,,0.03584,0.16127999999999998,0.000256,0.14336,0.007936,0.0097279999999999988,,0.004352,,2.0574719999999997,14645,11783,558,0.483093800000006
14646,329.83287260487526,277701331877,1,7.9113021492958069,8.3945,7.877376,1.7783,16387,0.0012799999999999999,3.187456,,0.039424,0.157184,0.000256,0.13747199999999998,0.007424,0.0097279999999999988,,0.005888,,1.95712,14646,11784,558,0.49073200000020734
14647,329.84083200113378,277701415822,1,7.9593965783715248,7.5483,7.888128,1.9103,18448,0.001024,3.095808,,0.038144,0.16025599999999998,0,0.140544,0.008192,0.00896,,0.005376,,2.0858879999999997,14647,11785,558,0.49879550000014206
14648,329.84892080498867,277701491305,1,8.0888038501143456,8.0157,7.94624,1.9374,16387,0.001024,3.2399359999999997,,0.040448,0.154368,0,0.1344,0.0076799999999999993,0.011007999999999999,,0.0051199999999999996,,1.748224,14648,11786,558,0.50676460000022416
14649,329.85689190051016,277701571462,1,7.9710958525538445,7.8297,8.063232,1.912,16246,0.001024,3.232512,,0.041471999999999995,0.153856,0,0.133888,0.0076799999999999993,0.009472,,0.0051199999999999996,,1.9527679999999998,14649,11787,558,0.51485260000026756
14650,329.86526670209747,277701649759,1,8.3748018369078636,8.0467,7.955712,1.8845,16387,0.001024,3.2732159999999997,,0.045568,0.15744,0,0.137728,0.0097279999999999988,0.0097279999999999988,,0.0051199999999999996,,2.10176,14650,11788,558,0.52338090000012016
14651,329.87315170068024,277701730226,1,7.8849988058209419,8.0066,8.355328,2.6489,15899,0.001024,3.17568,,0.040192,0.16383999999999999,0,0.141824,0.0051199999999999996,0.0012799999999999999,,0.013312,,2.0454399999999997,14651,11789,558,0.53121140000030209
14652,329.88123849914967,277701810292,1,8.0867987126111984,8.021,7.869184,2.0563,16387,0.001024,3.2568319999999997,,0.038655999999999996,0.15616,0,0.13747199999999998,0.003584,0.009984,,0.0038399999999999997,,2.147072,14652,11790,558,0.53912110000010216
14653,329.88947859977321,277701890502,1,8.2401009276509285,8.6272,8.068096,1.9455,15899,0.001024,3.275776,,0.03968,0.15462399999999998,0,0.135424,0.007424,0.0097279999999999988,,0.005376,,1.935616,14653,11791,558,0.54743920000009894
14654,329.89747050028342,277701976774,1,7.99190066754818,7.7422,8.218624,1.8987,16387,0.001024,3.173888,,0.039936,0.152576,0,0.130816,0.004096,0.009472,,0.0051199999999999996,,2.112,14654,11792,558,0.5554562000002079
14655,329.90556380385488,277702054196,1,8.0933040007948875,7.9256,7.973376,1.8714,15899,0.001024,3.201024,,0.040192,0.152064,0,0.13286399999999998,0.012032,0.009472,,0.004096,,1.746432,14655,11793,558,0.56343440000000555
14656,329.91337959892292,277702133452,1,7.81579501926899,8.2858,8.065792,2.2132,16387,0.001024,3.289856,,0.038655999999999996,0.15744,0,0.13747199999999998,0.0051199999999999996,0.011007999999999999,,0.005376,,2.198528,14656,11794,558,0.57132880000017394
14657,329.92153090277776,277702216310,1,8.1513039767742157,8.1187,7.790848,1.7558,15899,0.001024,3.227136,,0.034816,0.16127999999999998,0,0.142336,0.007936,0.00896,,0.004608,,1.9479039999999999,14657,11795,558,0.57931070000040563
14658,329.92971990504532,277702297497,1,8.189002051949501,7.9281,8.152832,1.7721,16387,0.001024,3.101696,,0.039424,0.152832,0,0.1344,0.005632,0.009984,,0.004608,,2.03136,14658,11796,558,0.58741890000010244
14659,329.93729430272106,277702376778,1,7.5743976049125195,7.9429,8.1792,1.7891,16094,0.001024,3.292416,,0.040704,0.164096,0,0.144896,0.003328,0.009472,,0.0048639999999999994,,1.74592,14659,11797,558,0.59502600000041639
14660,329.9453813988095,277702456207,1,8.0870958045125,7.9634,7.544576,1.8514,16387,0.0012799999999999999,3.2319999999999998,,0.036608,0.162304,0,0.14310399999999998,0.0084479999999999989,0.009472,,0.004608,,1.90208,14660,11798,558,0.60328160000017306
14661,329.95379360119045,277702535841,1,8.4122028201818466,8.1271,8.070656,1.9523,15899,0.001024,3.234816,,0.039168,0.158464,0.000256,0.140032,0.004352,0.009984,,0.0048639999999999994,,2.1027839999999998,14661,11799,558,0.61157339999999749
14662,329.96171339994328,277702617112,1,7.9197986051440239,7.574,8.397056,2.2105,16589,0.001024,3.286272,,0.037888,0.152064,0.000256,0.13183999999999998,0.007424,0.009984,,0.005376,,1.747968,14662,11800,558,0.61940700000013749
14663,329.96939900085033,277702692852,1,7.6856007799506187,8.2932,7.894528,1.8385,15899,0.001024,3.1746559999999997,,0.035072,0.15564799999999998,0,0.135424,0.007936,0.010239999999999999,,0.005376,,2.235904,14663,11801,558,0.6273484000003009
14664,329.97748759920631,277702775784,1,8.0885980278253555,8.2672,7.660544,1.9005,16387,0.001024,3.23712,,0.038911999999999995,0.150784,0,0.13183999999999998,0.0038399999999999997,0.009216,,0.005376,,2.0152319999999997,14664,11802,558,0.63552350000009028
14665,329.98536650368482,277702858456,1,7.8789042308926582,7.8705,8.06784,2.0225,15899,0.001024,3.184128,,0.045312,0.155392,0.000256,0.13568,0.008704,0.009472,,0.004352,,2.07616,14665,11803,558,0.64312570000038249
14666,329.99389770408163,277702937161,1,8.53120069950819,7.6778,7.874304,2.3537,16387,0.001024,3.189504,,0.039936,0.152576,0.000256,0.13286399999999998,0.007936,0.011264,,0.004352,,1.7471999999999999,14666,11804,558,0.65170930000022054
14667,330.00163070436508,277703013939,1,7.7330004423856735,8.237,8.507904,1.8437,15899,0.001024,3.234816,,0.041215999999999996,0.15692799999999998,0.000256,0.137216,0.007424,0.0097279999999999988,,0.005888,,2.450176,14667,11805,558,0.65944800000033865
14668,330.00992599914963,277703096309,1,8.29529482871294,7.7547,7.711744,1.7598,16387,0.001024,3.2719359999999997,,0.038655999999999996,0.162816,0,0.137728,0.0038399999999999997,0.010752,,0.003584,,2.11712,14668,11806,558,0.66781710000032035
14669,330.01753830073693,277703173856,1,7.6123015023767948,8.5731,8.264192,2.0597,15951,0.001024,3.278848,,0.044288,0.15334399999999998,0.000256,0.13055999999999998,0.0076799999999999993,0.009984,,0.0048639999999999994,,2.0508159999999998,14669,11807,558,0.67536290000043664
14670,330.025456505102,277703259587,1,7.9182041808962822,7.7623,7.591936,1.8025,16387,0.0012799999999999999,3.234048,,0.041215999999999996,0.15462399999999998,0,0.134656,0.003328,0.010239999999999999,,0.0048639999999999994,,1.946624,14670,11808,558,0.68377620000001116
14671,330.03370700113379,277703337210,1,8.2504963502287865,8.3539,7.898112,1.7692,22533,0.001024,3.289856,,0.03712,0.162048,0,0.14079999999999998,0.0038399999999999997,0.0097279999999999988,,0.005632,,1.957376,14671,11809,558,0.69172090000029129
14672,330.04156830357141,277703420749,1,7.8613022342324257,7.5352,8.237056,1.8852,16387,0.001024,3.0942719999999997,,0.03968,0.158976,0.000256,0.13977599999999998,0.006656,0.009472,,0.004352,,2.2243839999999997,14672,11810,558,0.69957780000004277
14673,330.04938950538548,277703496101,1,7.821202278137207,7.9903,7.845888,1.8691,15899,0.001024,3.181568,,0.039424,0.152576,0,0.13312,0.007424,0.009472,,0.004096,,1.74592,14673,11811,558,0.70792990000018108
14674,330.05765960175734,277703576004,1,8.27009603381157,8.357,,1.8983,16589,0.001024,3.181568,,0.039424,0.152576,0,0.13312,0.007424,0.009472,,0.004096,,1.74592,14674,11812,558,0.71607060000042111
14675,330.06942360402491,277703659574,1,11.764002032577991,7.8594,8.274688,7.8594,15899,0.001024,3.293952,,0.03456,0.16383999999999999,0,0.144896,0.003328,0.011007999999999999,,0.005376,,1.749504,14675,11813,558,0.72745820000000094
14676,330.07760230300454,277703738168,1,8.17869883030653,8.1752,7.612672,1.4653,16387,0.001024,3.235584,,0.03584,0.154112,0,0.13414399999999999,0.006912,0.011519999999999999,,0.0051199999999999996,,1.956864,14676,11814,558,0.7355454000003192
14677,330.08566630527207,277703819920,1,8.0640027299523354,8.248,8.156672,2.7134,15899,0.0012799999999999999,3.2704,,0.038655999999999996,0.1664,0.000256,0.1472,0.0038399999999999997,0.009984,,0.0038399999999999997,,2.198272,14677,11815,558,0.743563400000312
14678,330.09411280470522,277703902400,1,8.4464997053146362,11.3958,8.010496,1.6736,16582,0.001024,3.292672,,0.038655999999999996,0.156672,0.000256,0.13696,0.007424,0.011007999999999999,,0.005888,,1.7471999999999999,14678,11816,558,0.75200450000011188
14679,330.10206560374149,277704016358,1,7.9527990892529488,8.1898,8.470272,1.6017,15899,0.001024,3.234816,,0.036351999999999995,0.153088,0,0.13312,0.0076799999999999993,0.011776,,0.0025599999999999998,,2.2115839999999998,14679,11817,558,0.76032440000017232
14680,330.11059450113379,277704098256,1,8.5288975387811661,7.953,7.918592,2.3711,16387,0.001024,3.1751679999999998,,0.041728,0.15692799999999998,0.000256,0.13696,0.012544,0.03328,,0.0048639999999999994,,1.7489919999999999,14680,11818,558,0.76844710000023042
14681,330.11905330215416,277704177786,1,8.4588006138801575,8.3836,8.500224,1.9832,15899,0.001024,3.1800319999999997,,0.044288,0.150272,0,0.130816,0.007424,0.012544,,0.0025599999999999998,,2.0894719999999998,14681,11819,558,0.77720220000037443
14682,330.12717910289115,277704261622,1,8.1258006393909454,8.4052,8.435968,2.029,16387,0.001024,3.238912,,0.041471999999999995,0.155392,0,0.136192,0.0038399999999999997,0.009472,,0.004608,,1.9996159999999998,14682,11820,558,0.78527270000040517
14683,330.13533260345804,277704345674,1,8.1535009667277336,8.1686,8.124672,2.9766,15899,0.001024,3.1897599999999997,,0.039424,0.15616,0,0.136192,0.0076799999999999993,0.012032,,0.004352,,2.024448,14683,11821,558,0.79330680000020948
14684,330.14340809948976,277704427360,1,8.075496181845665,8.7136,8.128,2.3683,16387,0.001024,3.2949759999999997,,0.039424,0.160768,0,0.140288,0.003584,0.010496,,0.0048639999999999994,,1.746176,14684,11822,558,0.80137210000020787
14685,330.15152920209749,277704514496,1,8.121103048324585,8.1024,8.054528,2.0207,15899,0.001024,3.272192,,0.049408,0.15231999999999998,0,0.132352,0.0076799999999999993,0.0097279999999999988,,0.005376,,1.969152,14685,11823,558,0.80986600000005637
14686,330.16023550170064,277704595520,1,8.70629958808422,8.001,8.10368,1.8992,16589,0.001024,3.2870399999999997,,0.048383999999999996,0.15795199999999998,0,0.13644799999999999,0.0076799999999999993,0.009472,,0.0038399999999999997,,2.097152,14686,11824,558,0.818007100000159
14687,330.16787679988659,277704675530,1,7.6412982307374477,8.0482,8.678656,2.0417,15899,0.001024,3.299072,,0.040959999999999996,0.152576,0,0.133632,0.0076799999999999993,0.009472,,0.004352,,2.0556799999999997,14687,11825,558,0.826082900000074
14688,330.17578970379816,277704756012,1,7.9129040241241455,8.3727,7.616768,2.113,16387,0.001024,3.18336,,0.0384,0.16614399999999999,0,0.14771199999999998,0.0076799999999999993,0.009984,,0.005376,,1.970176,14688,11826,558,0.83389410000017961
14689,330.18424490504532,277704839739,1,8.4552010521292686,8.333,7.894784,2.265,15899,0.001024,3.2931839999999997,,0.035328,0.155904,0.000256,0.135936,0.007424,0.011519999999999999,,0.005632,,1.957376,14689,11827,558,0.84224600000015926
14690,330.1921273030045,277704923069,1,7.8823976218700409,8.0342,8.372224,2.8026,16387,0.001024,3.177216,,0.035584,0.15744,0.000256,0.137728,0.011776,0.012288,,0.0048639999999999994,,2.219264,14690,11828,558,0.84994940000024144
14691,330.20047959892287,277705003411,1,8.352295495569706,7.7646,7.926784,1.7646,21683,0.001024,3.2394239999999996,,0.04224,0.15795199999999998,0,0.13824,0.007424,0.0097279999999999988,,0.005376,,1.942272,14691,11829,558,0.858474500000284
14692,330.2087741000567,277705081057,1,8.2945013418793678,8.3771,8.335872,1.8885,16387,0.001024,3.271168,,0.041215999999999996,0.159744,0,0.13977599999999998,0.007424,0.009472,,0.0051199999999999996,,2.197248,14692,11830,558,0.8665685000000849
14693,330.21698700396826,277705164828,1,8.2129035145044327,7.7537,8.280576,2.2011,15899,0.001024,3.1861759999999997,,0.043264,0.16486399999999998,0,0.14540799999999998,0.00896,0.0097279999999999988,,0.004096,,1.746176,14693,11831,558,0.87483640000027663
14694,330.22504299886617,277705242365,1,8.0559952184557915,8.4329,8.184832,1.9842,16439,0.001024,3.297024,,0.039424,0.167424,0.000256,0.142336,0.0076799999999999993,0.009984,,0.003328,,2.098176,14694,11832,558,0.88275720000001456
14695,330.23329940476191,277705326694,1,8.2564055919647217,8.1619,8.034048,1.7768,15899,0.0012799999999999999,3.235328,,0.044031999999999995,0.159744,0.000256,0.138752,0.007424,0.012288,,0.0025599999999999998,,1.952256,14695,11833,558,0.89108710000027713
14696,330.24143350340137,277705408313,1,8.13409872353077,8.2204,8.240896,2.0596,16387,0.0012799999999999999,3.2368639999999997,,0.040704,0.15462399999999998,0,0.1344,0.0076799999999999993,0.010239999999999999,,0.0051199999999999996,,2.204672,14696,11834,558,0.8994527000004382
14697,330.25006870039681,277705490517,1,8.6351968348026276,8.0134,8.122112,1.7833,16094,0.001024,3.2780799999999997,,0.040448,0.15795199999999998,0,0.13824,0.0076799999999999993,0.011007999999999999,,0.004608,,1.7471999999999999,14697,11835,558,0.90789670000003753
14698,330.25789430272107,277705570651,1,7.8256027773022652,8.2818,8.609024,2.2596,16734,0.001024,3.232512,,0.038655999999999996,0.15488,0,0.134912,0.007424,0.012032,,0.0038399999999999997,,2.6915839999999998,14698,11836,558,0.91588710000041829
14699,330.26596120323126,277705653469,1,8.0669000744819641,8.3913,7.793152,1.8679,15899,0.001024,3.2701439999999997,,0.038911999999999995,0.152832,0.000256,0.133632,0.008192,0.009216,,0.005632,,2.204672,14699,11837,558,0.92399130000012519
14700,330.27403030045349,277705737382,1,8.069097064435482,8.3827,8.057344,1.9173,16387,0.001024,3.2980479999999996,,0.042752,0.156672,0,0.137728,0.0076799999999999993,0.010239999999999999,,0.0048639999999999994,,2.083328,14700,11838,558,0.93190090000007331
14701,330.28196380385486,277705821209,1,7.9335030168294907,8.047,8.052992,2.3782,15899,0.001024,3.19232,,0.039168,0.16025599999999998,0,0.13952,0.0076799999999999993,0.0097279999999999988,,0.0038399999999999997,,1.95328,14701,11839,558,0.93994910000037635
14702,330.29050430130383,277705901679,1,8.5404971614480019,8.0814,7.924224,1.7938,16387,0.001024,3.095808,,0.039168,0.155136,0.000256,0.135424,0.007424,0.009216,,0.004352,,1.937152,14702,11840,558,0.9483845000004294
14703,330.29880660430837,277705982493,1,8.3023030310869217,7.9329,8.451328,1.9254,15899,0.001024,3.291648,,0.044031999999999995,0.155136,0,0.13516799999999998,0.007936,0.009984,,0.0048639999999999994,,1.747968,14703,11841,558,0.95668690000002243
14704,330.3068996031746,277706061822,1,8.0929985269904137,7.9681,8.34816,1.7756,16387,0.0012799999999999999,3.173632,,0.040448,0.156672,0,0.13644799999999999,0.007424,0.0097279999999999988,,0.005632,,1.941504,14704,11842,558,0.96508120000044073
14705,330.31526310232425,277706141503,1,8.36349930614233,8.5116,8.060928,2.1808,15899,0.001024,3.182336,,0.042496,0.18176,0,0.162048,0.0084479999999999989,0.0097279999999999988,,0.005632,,2.1022719999999997,14705,11843,558,0.97363750000022264
14706,330.32332210175736,277706226619,1,8.058999665081501,8.2411,8.356608,1.8758,16387,0.184576,3.0973439999999997,,0.03712,0.15616,0.000256,0.13644799999999999,0.007424,0.0097279999999999988,,0.0038399999999999997,,2.050304,14706,11844,558,0.9812130000000252
14707,330.33139250283443,277706309030,1,8.0704009160399437,8.4188,8.028672,2.3565,15899,0.001024,3.190784,,0.035072,0.154112,0,0.13568,0.003584,0.010239999999999999,,0.0051199999999999996,,2.13632,14707,11845,558,0.98946440000008806
14708,330.33955089994328,277706393218,1,8.1583969295024872,8.5609,8.054272,1.9117,16387,0.001024,3.301376,,0.039936,0.15616,0.000256,0.136704,0.0076799999999999993,0.010239999999999999,,0.0038399999999999997,,1.94048,14708,11846,558,0.997356100000161
14709,330.34772750141724,277706478827,1,8.1766014918684959,7.5653,8.143616,1.7231,44937,0.001024,3.2803839999999997,,0.0384,0.155904,0,0.1344,0.0076799999999999993,0.009984,,0.0038399999999999997,,2.255872,14709,11847,559,0.0030929999998079438
14710,330.35545580357143,277706554480,1,7.7283023856580257,8.0854,8.169216,1.8455,16387,0.001024,3.2110079999999996,,0.035584,0.155904,0.000256,0.13696,0.0076799999999999993,0.0097279999999999988,,0.0051199999999999996,,1.746176,14710,11848,559,0.010318699999970704
14711,330.36338550170069,277706635334,1,7.9296985641121864,8.1153,7.693824,0.4441,16101,0.0012799999999999999,3.278848,,0.038655999999999996,0.15334399999999998,0,0.1344,0.003584,0.009984,,0.004608,,2.071808,14711,11849,559,0.018068099999709375
14712,330.37177030187075,277706716487,1,8.3848005160689354,8.8169,0.032512,1.7309,16387,0.001024,3.272192,,0.035328,0.161024,0.000256,0.14207999999999998,0.0063999999999999994,0.009984,,0.004608,,1.948672,14712,11850,559,0.026542499999777647
14713,330.37978060515871,277706804656,1,8.0103036016225815,7.2433,8.380672,1.7994,15899,0.001024,3.23072,,0.039936,0.152576,0,0.133632,0.007424,0.011007999999999999,,0.0038399999999999997,,2.07616,14713,11851,559,0.03448679999974047
14714,330.38800369897956,277706877089,1,8.2230940461158752,7.7377,8.003584,1.7579,16387,0.001024,3.240704,,0.040448,0.155136,0,0.13516799999999998,0.008192,0.009472,,0.004608,,1.9394559999999998,14714,11852,559,0.043267699999887554
14715,330.3960954010771,277706954466,1,8.0917021259665489,8.5065,8.1984,1.8656,15899,0.001024,3.2901119999999997,,0.040704,0.15334399999999998,0,0.133632,0.009472,0.009472,,0.003584,,2.026496,14715,11853,559,0.051056199999948149
14716,330.40431650368481,277707039531,1,8.2211028784513474,7.8835,8.072704,2.1562,16582,0.001024,3.238912,,0.039168,0.160768,0,0.14079999999999998,0.007936,0.010496,,0.005376,,1.7487359999999998,14716,11854,559,0.059033799999724579
14717,330.41238280187076,277707118366,1,8.0662984400987625,8.7885,8.210688,2.4925,15899,0.001024,3.2936959999999997,,0.040704,0.155136,0.004352,0.134912,0.0076799999999999993,0.006144,,0.0051199999999999996,,1.746432,14717,11855,559,0.0670470000000023
14718,330.4199924036281,277707206251,1,7.6096015982329845,7.7254,8.03968,2.1192,16387,0.0012799999999999999,3.170816,,0.042752,0.155904,0,0.137216,0.004096,0.009984,,0.003584,,2.4286719999999997,14718,11856,559,0.074619999999868014
14719,330.42810650510205,277707283505,1,8.1141013652086258,8.0729,7.595008,2.1822,15951,0.001024,3.1902719999999998,,0.038911999999999995,0.15616,0,0.136192,0.0038399999999999997,0.009472,,0.0051199999999999996,,1.96224,14719,11857,559,0.083087699999850884
14720,330.43615480442173,277707364234,1,8.0482997000217438,8.0111,8.086528,1.8293,16387,0.001024,3.295232,,0.038911999999999995,0.149504,0,0.130816,0.0076799999999999993,0.009984,,0.004608,,2.103552,14720,11858,559,0.090728699999999662
14721,330.44414199971652,277707444345,1,7.9871956259012222,7.5928,8.021504,2.2228,15899,0.001024,3.279616,,0.038911999999999995,0.152064,0.000256,0.132352,0.003072,0.011007999999999999,,0.004608,,1.9893759999999998,14721,11859,559,0.099087599999620579
14722,330.45225880102038,277707520273,1,8.1168012693524361,8.4401,7.965696,1.854,16387,0.001024,3.1733759999999998,,0.03584,0.15462399999999998,0,0.13568,0.0076799999999999993,0.010239999999999999,,0.0048639999999999994,,2.023168,14722,11860,559,0.10686429999987013
14723,330.4602687003968,277707604674,1,8.0098994076251984,7.6761,8.04992,1.8308,16101,0.001024,3.281152,,0.039936,0.161024,0,0.141056,0.0076799999999999993,0.011007999999999999,,0.0051199999999999996,,1.747712,14723,11861,559,0.11501359999965644
14724,330.46793570011334,277707681435,1,7.6669999398291111,8.0842,8.047104,1.7207,16387,0.001024,3.274496,,0.041471999999999995,0.154368,0,0.13414399999999999,0.007424,0.012799999999999999,,0.002816,,2.0288,14724,11862,559,0.12276619999965988
14725,330.47585670351475,277707762277,1,7.9210037365555763,8.0631,7.63776,1.9893,15899,0.001024,3.2327679999999996,,0.0384,0.152064,0.000256,0.133632,0.004352,0.009984,,0.004608,,2.026496,14725,11863,559,0.13054190000002563
14726,330.48412230017004,277707842908,1,8.2655968144536018,8.1223,7.900416,1.7239,16387,0.001024,3.233536,,0.03712,0.150784,0,0.131328,0.003584,0.009984,,0.0048639999999999994,,2.012672,14726,11864,559,0.13887879999992947
14727,330.49209530187073,277707924131,1,7.9730013385415077,7.739,8.2496,1.8443,15899,0.001024,3.177984,,0.03968,0.155904,0.000256,0.136704,0.0076799999999999993,0.0097279999999999988,,0.0048639999999999994,,2.221568,14727,11865,559,0.14708789999986038
14728,330.5004954010771,277708001521,1,8.4000993520021439,7.776,7.949056,1.9814,16387,0.001024,3.239168,,0.040959999999999996,0.155136,0,0.136192,0.007936,0.009472,,0.004608,,1.939968,14728,11866,559,0.15528509999967355
14729,330.50863270266439,277708079281,1,8.137301541864872,8.331,8.370944,2.0914,15899,0.001024,3.188224,,0.039168,0.159744,0.000256,0.139264,0.004096,0.0097279999999999988,,0.004352,,2.546176,14729,11867,559,0.16324020000001838
14730,330.51658890306123,277708162591,1,7.9562002792954445,8.2022,8.138752,1.8037,16387,0.0012799999999999999,3.2931839999999997,,0.041215999999999996,0.158208,0,0.139008,0.008192,0.009984,,0.0051199999999999996,,1.747712,14730,11868,559,0.17117159999997966
14731,330.52456100481857,277708244613,1,7.9721016809344292,8.2309,7.913216,1.9065,15899,0.001024,3.237632,,0.035584,0.163072,0,0.144896,0.0076799999999999993,0.009984,,0.003328,,2.1191679999999997,14731,11869,559,0.17915599999969345
14732,330.53227689909295,277708326922,1,7.7158943749964237,7.9389,7.96544,2.2982,16387,0.001024,3.2949759999999997,,0.037632,0.167936,0,0.14771199999999998,0.007424,0.0097279999999999988,,0.005888,,1.951488,14732,11870,559,0.18731109999998807
14733,330.54030070153061,277708406311,1,8.0238021910190582,7.9614,7.696384,1.8393,22533,0.001024,3.1751679999999998,,0.042752,0.157184,0,0.13644799999999999,0.0076799999999999993,0.009472,,0.0048639999999999994,,1.9509759999999998,14733,11871,559,0.1950288999996701
14734,330.54823390022676,277708485925,1,7.9331984743475914,7.9693,8.006912,2.1438,16387,0.001024,3.2936959999999997,,0.041728,0.158208,0.000256,0.13849599999999998,0.0076799999999999993,0.0097279999999999988,,0.0048639999999999994,,1.7484799999999998,14734,11872,559,0.20285019999982978
14735,330.5566569019274,277708565618,1,8.4230015054345131,7.9065,7.919616,1.8634,16296,0.0012799999999999999,3.178496,,0.041728,0.154112,0.000256,0.13516799999999998,0.0076799999999999993,0.009216,,0.0051199999999999996,,1.7469439999999998,14735,11873,559,0.2114489999999023
14736,330.56515130385486,277708644683,1,8.4944022819399834,7.9505,8.418304,1.8905,16387,0.001024,3.2936959999999997,,0.038144,0.151552,0,0.13312,0.0076799999999999993,0.009984,,0.004096,,2.2062079999999997,14736,11874,559,0.22010379999983343
14737,330.5735380031179,277708724188,1,8.3866994827985764,7.8322,8.314624,1.8976,15899,0.001024,3.278848,,0.043008,0.15692799999999998,0.000256,0.13644799999999999,0.007168,0.011776,,0.004096,,1.7487359999999998,14737,11875,559,0.22825069999998959
14738,330.58118219954645,277708802510,1,7.6441965065896511,8.4825,8.352768,1.9481,16387,0.0012799999999999999,3.2780799999999997,,0.037376,0.15488,0,0.135936,0.0076799999999999993,0.009984,,0.0038399999999999997,,2.181888,14738,11876,559,0.23589709999987463
14739,330.5889586026077,277708887335,1,7.7764028683304787,8.7778,7.6288,1.7842,15899,0.001024,3.29344,,0.037376,0.15564799999999998,0.000256,0.13568,0.003328,0.009984,,0.005632,,1.9307519999999998,14739,11877,559,0.24363449999964359
14740,330.5971325042517,277708975113,1,8.1739015877246857,8.135,7.752704,1.9033,16387,0.0012799999999999999,3.291648,,0.034816,0.164352,0.000256,0.145152,0.0076799999999999993,0.009216,,0.005888,,2.0677119999999998,14740,11878,559,0.2522251000000324
14741,330.60524209892287,277709056463,1,8.1095946952700615,7.6468,8.154624,1.9736,15899,0.001024,3.276032,,0.039936,0.152576,0,0.13286399999999998,0.007424,0.011007999999999999,,0.004096,,1.747712,14741,11879,559,0.25993070000004082
14742,330.61295610119049,277709132931,1,7.7140023931860924,7.7091,8.091648,1.8057,16387,0.001024,3.0965759999999998,,0.044544,0.156672,0.000256,0.13696,0.0076799999999999993,0.009472,,0.004096,,2.1209599999999997,14742,11880,559,0.26771929999995336
14743,330.6210253047052,277709210022,1,8.0692032352089882,8.4135,7.6992,2.1091,15899,0.001024,3.198976,,0.039168,0.16486399999999998,0,0.145664,0.010496,0.009472,,0.004608,,1.9548159999999999,14743,11881,559,0.275987399999849
14744,330.628859502551,277709294157,1,7.8341979533433914,7.8786,8.046848,2.1056,16439,0.001024,3.1800319999999997,,0.047616,0.155392,0,0.13568,0.007424,0.0097279999999999988,,0.004096,,1.955584,14744,11882,559,0.28350359999967623
14745,330.63655899943308,277709372943,1,7.6994970440864563,7.754,7.820032,2.291,15899,0.001024,3.1928319999999997,,0.035072,0.15692799999999998,0,0.137216,0.0076799999999999993,0.010752,,0.0048639999999999994,,1.746176,14745,11883,559,0.29117550000000847
14746,330.64424950396824,277709450483,1,7.6905046589672565,8.331,7.68,1.8966,16387,0.001024,3.188224,,0.036608,0.161792,0,0.141824,0.0084479999999999989,0.009472,,0.005376,,1.918464,14746,11884,559,0.29906719999962661
14747,330.65212059948976,277709533793,1,7.8710950911045074,7.5409,7.661312,1.8719,15899,0.001024,3.0965759999999998,,0.039424,0.158976,0,0.139008,0.0076799999999999993,0.0097279999999999988,,0.0048639999999999994,,2.061824,14747,11885,559,0.3068634999999631
14748,330.66023700396823,277709609202,1,8.11640452593565,7.6548,7.847168,1.7932,16589,0.001024,3.2688639999999998,,0.039936,0.151808,0.000256,0.132352,0.003072,0.011519999999999999,,0.004096,,1.7487359999999998,14748,11886,559,0.31495079999967857
14749,330.66786280470518,277709685750,1,7.6258005574345589,7.6816,8.105728,1.8578,15899,0.0012799999999999999,3.2949759999999997,,0.040959999999999996,0.15488,0,0.135424,0.007936,0.009472,,0.0051199999999999996,,2.0587519999999997,14749,11887,559,0.322464399999717
14750,330.67566969954646,277709762566,1,7.8068948350846767,7.937,7.609088,1.9887,16387,0.001024,3.292928,,0.03456,0.160768,0,0.141568,0.0038399999999999997,0.009216,,0.005888,,1.9310079999999998,14750,11888,559,0.33020289999967645
14751,330.68356410147391,277709841936,1,7.8944023698568344,8.1328,7.78624,1.8557,15899,0.001024,3.27296,,0.037376,0.155136,0,0.134912,0.004608,0.011007999999999999,,0.0051199999999999996,,1.9358719999999998,14751,11889,559,0.33824629999980971
14752,330.69155300453514,277709923264,1,7.9889027401804924,7.5364,7.88096,2.2499,16387,0.001024,3.232256,,0.0384,0.157696,0,0.13696,0.005632,0.0038399999999999997,,0.024576,,2.090496,14752,11890,559,0.34616639999967447
14753,330.69963110119045,277709998628,1,8.0780964344739914,7.7557,7.960064,1.9126,15899,0.001024,3.298304,,0.039936,0.15564799999999998,0.000256,0.135936,0.0076799999999999993,0.0097279999999999988,,0.004096,,1.746688,14753,11891,559,0.35450159999982134
14754,330.70775369897956,277710076185,1,8.1225978210568428,8.0196,8.0448,1.8807,16582,0.001024,3.235584,,0.039424,0.1536,0.000256,0.132608,0.0076799999999999993,0.009472,,0.004608,,2.129152,14754,11892,559,0.36245459999963714
14755,330.71581320153058,277710156381,1,8.0595025792717934,7.9511,8.112384,1.8546,15899,0.001024,3.1818239999999998,,0.040704,0.154112,0.000256,0.133888,0.007424,0.010496,,0.004352,,1.7489919999999999,14755,11893,559,0.37050799999997253
14756,330.72349970238093,277710235892,1,7.6865009032189846,8.258,8.045312,1.8859,16387,0.001024,3.276544,,0.041215999999999996,0.153088,0,0.133376,0.0076799999999999993,0.009984,,0.004352,,2.041088,14756,11894,559,0.37828689999969356
14757,330.7313623015873,277710318472,1,7.8625995665788651,8.0024,7.662592,2.1303,15899,0.0012799999999999999,3.173888,,0.038655999999999996,0.15462399999999998,0,0.136192,0.003328,0.009984,,0.0051199999999999996,,2.055424,14757,11895,559,0.38627329999962967
14758,330.73968620323126,277710398496,1,8.32390133291483,8.0304,7.838208,1.8178,16387,0.17612799999999998,3.266304,,0.03968,0.152832,0,0.1344,0.007424,0.009984,,0.0038399999999999997,,1.9312639999999999,14758,11896,559,0.39458590000003824
14759,330.74733600481858,277710478800,1,7.6498016715049744,7.7451,8.305664,1.8476,15899,0.001024,3.2895999999999996,,0.03968,0.157696,0,0.132352,0.007424,0.0097279999999999988,,0.0048639999999999994,,2.0974079999999997,14759,11897,559,0.40214399999968009
14760,330.75603300028342,277710556251,1,8.6969956755638123,7.9296,7.639296,2.1543,16387,0.001024,3.188224,,0.03968,0.17049599999999998,0,0.14438399999999998,0.009472,0.000512,,0.014848,,1.7469439999999998,14760,11898,559,0.41071409999995012
14761,330.7635156037415,277710635547,1,7.482603657990694,8.4178,8.677888,1.8175,16101,0.001024,3.1959039999999996,,0.033791999999999996,0.16153599999999999,0,0.142848,0.007936,0.009984,,0.005376,,2.171904,14761,11899,559,0.41833150000002206
14762,330.77178820153063,277710719725,1,8.2725975662469864,7.5625,7.45728,1.8148,16387,0.001024,3.177984,,0.034816,0.154112,0,0.136192,0.00896,0.009216,,0.0063999999999999994,,1.9412479999999999,14762,11900,559,0.426575199999661
14763,330.77959960317457,277710795350,1,7.811401505023241,8.5878,8.188928,1.739,21683,0.001024,3.240192,,0.039168,0.153088,0,0.1344,0.007424,0.009984,,0.0048639999999999994,,2.14784,14763,11901,559,0.43439749999970445
14764,330.78742350481861,277710881228,1,7.8239012509584427,7.5905,7.861504,1.7676,16387,0.001024,3.17696,,0.039936,0.16255999999999998,0.000256,0.140544,0.0076799999999999993,0.0097279999999999988,,0.0038399999999999997,,1.933312,14764,11902,559,0.442659299999832
14765,330.7950613024376,277710957133,1,7.6377973891794682,8.2542,7.801344,1.946,15899,0.001024,3.1715839999999997,,0.037632,0.156672,0,0.137216,0.007424,0.009472,,0.004352,,1.958656,14765,11903,559,0.44980359999999564
14766,330.80316740362809,277711039675,1,8.1061013042926788,7.7658,7.616256,1.7856,51529,0.001024,3.098368,,0.035328,0.1536,0,0.13516799999999998,0.0076799999999999993,0.009472,,0.004352,,2.195712,14766,11904,559,0.45815719999973226
14767,330.81109299886617,277711117333,1,7.9255951568484306,8.0659,8.0704,1.9409,46047,0.001024,3.100672,,0.041984,0.15872,0,0.137984,0.003328,0.009472,,0.0038399999999999997,,1.7469439999999998,14767,11905,559,0.46572789999981978
14768,330.81901619897957,277711197992,1,7.92319979518652,7.3843,7.922176,1.9329,16387,0.0012799999999999999,3.2719359999999997,,0.036351999999999995,0.168448,0.000256,0.15001599999999998,0.007936,0.0097279999999999988,,0.0051199999999999996,,2.113536,14768,11906,559,0.47398290000001
14769,330.82746810515874,277711271835,1,8.4519060328602791,8.3275,7.89504,2.188,15899,0.001024,3.177472,,0.042496,0.171008,0.000256,0.150528,0.011007999999999999,0.009472,,0.0038399999999999997,,1.947392,14769,11907,559,0.48218629999973928
14770,330.83546820436504,277711355110,1,8.00009910017252,7.5972,8.450048,2.3303,16439,0.001024,3.269376,,0.03968,0.169728,0,0.130304,0.003584,0.009984,,0.005376,,2.1977599999999997,14770,11908,559,0.49011109999992186
14771,330.84311349914964,277711431082,1,7.64529500156641,8.1058,7.981824,2.0873,18448,0.001024,3.180544,,0.050432,0.15692799999999998,0.000256,0.136704,0.0076799999999999993,0.00896,,0.004096,,1.7484799999999998,14771,11909,559,0.49771839999993972
14772,330.85107850056687,277711512140,1,7.9650012776255608,8.3406,7.62752,1.8841,16387,0.001024,3.185664,,0.035072,0.158976,0,0.13952,0.0084479999999999989,0.009472,,0.0048639999999999994,,1.8995199999999999,14772,11910,559,0.505703899999844
14773,330.85964780328794,277711595546,1,8.5693029686808586,7.9521,7.945984,1.8575,16441,0.001024,3.18208,,0.039936,0.158208,0,0.13977599999999998,0.0076799999999999993,0.011519999999999999,,0.002304,,2.200064,14773,11911,559,0.51443189999963579
14774,330.86751390306119,277711675067,1,7.86609947681427,7.6075,8.55296,1.9159,16387,0.001024,3.238912,,0.040704,0.15692799999999998,0,0.13747199999999998,0.007424,0.009984,,0.0048639999999999994,,1.746688,14774,11912,559,0.52218409999977666
14775,330.87555140306119,277711751142,1,8.0375000834465027,8.001,7.835648,1.9413,15899,0.0012799999999999999,3.273472,,0.03456,0.164096,0,0.146176,0.007936,0.010239999999999999,,0.004608,,2.076928,14775,11913,559,0.53030409999973926
14776,330.88383860544218,277711831152,1,8.2872025668621063,8.702,8.018176,1.7951,33958,0.001024,3.234048,,0.041471999999999995,0.156672,0,0.137728,0.007936,0.0097279999999999988,,0.003584,,2.021376,14776,11914,559,0.53865459999997256
14777,330.89165570436506,277711918172,1,7.8170988708734512,7.7475,8.266752,2.3775,30284,0.001024,3.1800319999999997,,0.03584,0.15744,0,0.13849599999999998,0.0076799999999999993,0.005632,,0.004352,,2.203648,14777,11915,559,0.54634459999988394
14778,330.89990300453513,277711995647,1,8.2473000511527061,8.05,7.8016,2.0353,16387,0.001024,3.101184,,0.041984,0.16127999999999998,0.000256,0.140288,0.008192,0.0097279999999999988,,0.005376,,1.746432,14778,11916,559,0.55513689999997951
14779,330.90790500283447,277712076147,1,8.00199806690216,8.3813,8.222464,1.9158,15899,0.001024,3.0978559999999997,,0.039168,0.16153599999999999,0,0.142592,0.0084479999999999989,0.009472,,0.005376,,2.5338879999999997,14779,11917,559,0.56262999999989916
14780,330.91580770266438,277712159960,1,7.9026995226740837,7.7409,7.954176,2.1199,16387,0.001024,3.270912,,0.03712,0.15462399999999998,0,0.13516799999999998,0.004096,0.0097279999999999988,,0.005376,,1.747712,14780,11918,559,0.570476299999882
14781,330.92378520408164,277712237369,1,7.97750148922205,8.4692,7.905792,2.163,15899,0.001024,3.190016,,0.034816,0.18764799999999998,0,0.16896,0.0038399999999999997,0.00896,,0.0048639999999999994,,2.0308479999999998,14781,11919,559,0.57841559999997116
14782,330.93160780187071,277712322061,1,7.822597399353981,7.8035,7.965184,2.114,33958,0.001024,3.236096,,0.035584,0.16,0,0.13747199999999998,0.003328,0.009472,,0.0051199999999999996,,1.987584,14782,11920,559,0.58635770000000775
14783,330.93967940051022,277712400096,1,8.0715985968709,7.8821,7.797504,1.9317,30284,0.001024,3.1897599999999997,,0.037376,0.154368,0,0.1344,0.0076799999999999993,0.009984,,0.004608,,1.9456,14783,11921,559,0.59453480000001946
14784,330.94812290249433,277712478917,1,8.443501777946949,7.9153,8.055808,1.9858,16387,0.001024,3.2901119999999997,,0.039424,0.159488,0,0.14079999999999998,0.006912,0.010239999999999999,,0.004096,,2.192128,14784,11922,559,0.60276019999992059
14785,330.95630040391154,277712558070,1,8.1775011494755745,7.8353,8.42496,1.9688,16101,0.001024,3.276032,,0.041215999999999996,0.158976,0,0.13952,0.0076799999999999993,0.011519999999999999,,0.0051199999999999996,,1.747712,14785,11923,559,0.61100619999979244
14786,330.96456480300452,277712636423,1,8.2643991336226463,8.2462,8.157696,1.7244,16387,0.001024,3.27296,,0.03328,0.166912,0,0.147456,0.008192,0.009984,,0.004608,,1.747968,14786,11924,559,0.61924599999974816
14787,330.97258630243761,277712718885,1,8.0214990302920341,8.2997,8.251648,2.1083,33470,0.001024,3.17312,,0.041471999999999995,0.15923199999999998,0.000256,0.138752,0.0076799999999999993,0.0097279999999999988,,0.0038399999999999997,,1.7469439999999998,14787,11925,559,0.62739559999999983
14788,330.9804650014172,277712801882,1,7.8786993399262428,8.187,7.984384,1.862,30772,0.001024,3.300864,,0.043264,0.15462399999999998,0.000256,0.13644799999999999,0.007424,0.009984,,0.004352,,2.193664,14788,11926,559,0.63525699999991048
14789,330.98840819869611,277712883752,1,7.9431971535086632,8.2877,7.853056,1.9757,138896,0.001024,3.181056,,0.042496,0.152576,0,0.131328,0.007424,0.0097279999999999988,,0.003584,,1.955072,14789,11927,559,0.64412689999971917
14790,330.99679140447847,277712966629,1,8.3832060918211937,8.0801,7.892736,2.0083,125655,0.001024,3.1710719999999997,,0.040704,0.158976,0,0.13977599999999998,0.008192,0.011776,,0.0048639999999999994,,2.076672,14790,11928,559,0.65168969999967885
14791,331.0048410005669,277713047430,1,8.0495961010456085,7.9309,8.37632,2.772,51041,0.0012799999999999999,3.27168,,0.039168,0.158976,0,0.139008,0.007424,0.012032,,0.0048639999999999994,,1.748224,14791,11929,559,0.65966919999982565
14792,331.01273640164396,277713126739,1,7.8954007476568222,8.6533,8.061184,1.7813,46730,0.001024,3.26912,,0.036608,0.158976,0.000256,0.139264,0.008192,0.009984,,0.005376,,2.056448,14792,11930,559,0.667486800000006
14793,331.02096240079362,277713213272,1,8.2259988412261009,7.7596,7.880448,2.3214,33470,0.0012799999999999999,3.1777279999999997,,0.038655999999999996,0.153856,0.002048,0.133888,0.011519999999999999,0.001024,,0.010239999999999999,,2.011136,14793,11931,559,0.67581380000001445
14794,331.02898229875279,277713290868,1,8.01989808678627,7.8615,8.207616,2.2897,30772,0.001024,3.2913919999999997,,0.038911999999999995,0.16358399999999998,0,0.13849599999999998,0.0084479999999999989,0.009472,,0.004352,,2.0308479999999998,14794,11932,559,0.68376989999978832
14795,331.03705830498865,277713369483,1,8.0760065466165543,7.8307,7.993856,2.3136,15951,0.001024,3.297792,,0.036351999999999995,0.15872,0.000256,0.13977599999999998,0.00896,0.009984,,0.008192,,2.035456,14795,11933,559,0.69231189999982234
14796,331.04508870464849,277713447790,1,8.0303996801376343,8.3421,8.054016,2.0534,23021,0.001024,3.238912,,0.043264,0.15488,0,0.134912,0.007424,0.009472,,0.0051199999999999996,,1.9763199999999999,14796,11934,559,0.70005409999976109
14797,331.05360680272105,277713531211,1,8.518097922205925,8.0164,8.005632,1.7888,15899,0.001024,3.270656,,0.040704,0.15488,0,0.135424,0.003328,0.0097279999999999988,,0.004608,,2.1155839999999997,14797,11935,559,0.70878330000005008
14798,331.06148240504535,277713611375,1,7.8756026923656464,8.0801,8.341504,2.2772,16589,0.001024,3.297536,,0.039936,0.159744,0.000256,0.13952,0.0076799999999999993,0.0097279999999999988,,0.004608,,1.746176,14798,11936,559,0.71668789999966975
14799,331.06944720096368,277713692176,1,7.9647954553365707,8.2181,7.795712,2.1478,15899,0.0012799999999999999,3.1751679999999998,,0.035584,0.15488,0.000256,0.136192,0.0038399999999999997,0.009984,,0.003328,,2.083584,14799,11937,559,0.724657699999625
14800,331.07752509920635,277713774357,1,8.0778980627655983,8.6284,7.942144,2.0078,16387,0.001024,3.095552,,0.035072,0.155392,0,0.13568,0.0076799999999999993,0.009984,,0.003584,,2.2617599999999998,14800,11938,559,0.732596399999693
14801,331.08562949971656,277713860641,1,8.104400709271431,7.9272,8.054528,2.0388,15899,0.001024,3.180544,,0.039168,0.157184,0.000256,0.137728,0.007936,0.011776,,0.004096,,2.10816,14801,11939,559,0.74071989999993093
14802,331.09437650226755,277713939913,1,8.7470021098852158,7.9148,8.100864,2.0042,16387,0.001024,3.2962559999999996,,0.034816,0.171008,0,0.151808,0.006656,0.0097279999999999988,,0.005376,,2.028544,14802,11940,559,0.75004949999993187
14803,331.10229829931973,277714019061,1,7.9217972233891487,8.0656,8.72192,2.0441,15899,0.20351999999999998,3.284992,,0.0384,0.155392,0,0.13516799999999998,0.007168,0.0097279999999999988,,0.005376,,2.044416,14803,11941,559,0.75754749999987325
14804,331.11065210459185,277714099717,1,8.3538051694631577,8.0346,7.852032,2.4718,16387,0.001024,3.187456,,0.039424,0.15923199999999998,0,0.13952,0.005376,0.010496,,0.003584,,2.103808,14804,11942,559,0.76581069999974716
14805,331.11842580073693,277714180063,1,7.7736959792673588,9.2039,8.374528,2.1583,15899,0.0012799999999999999,3.236096,,0.03712,0.157184,0,0.133888,0.007936,0.0097279999999999988,,0.003584,,2.061312,14805,11943,559,0.77408299999979135
14806,331.126261699263,277714272102,1,7.8358985483646393,7.6751,7.759104,1.9067,16387,0.0012799999999999999,3.1751679999999998,,0.301824,0.155392,0,0.13696,0.0038399999999999997,0.000256,,0.027392,,1.953536,14806,11944,559,0.78135459999975865
14807,331.13430080073692,277714348853,1,8.0391010269522667,8.2566,7.815168,2.1421,47872,0.001024,3.1751679999999998,,0.035328,0.163328,0,0.143616,0.008192,0.010239999999999999,,0.004352,,1.92,14807,11945,559,0.78909899999962363
14808,331.14254739937638,277714431419,1,8.24659876525402,7.8208,7.950848,1.9142,16387,0.001024,3.297024,,0.039424,0.164096,0,0.14540799999999998,0.0076799999999999993,0.010239999999999999,,0.0048639999999999994,,2.118144,14808,11946,559,0.79746499999964726
14809,331.15087430555553,277714509627,1,8.3269057795405388,7.7461,8.292096,1.8453,28901,0.001024,3.2394239999999996,,0.040704,0.153856,0,0.13414399999999999,0.008192,0.009472,,0.0051199999999999996,,2.011904,14809,11947,559,0.80637269999988348
14810,331.15965390447843,277714587088,1,8.7795993313193321,7.7561,8.309248,1.8696,16734,0.001024,3.2888319999999998,,0.036608,0.157696,0,0.13849599999999998,0.007936,0.0097279999999999988,,0.0051199999999999996,,2.2346239999999997,14810,11948,559,0.81446419999974751
14811,331.16767509920635,277714664649,1,8.0211944878101349,8.3759,8.757504,2.4372,16094,0.001024,3.2998399999999997,,0.035328,0.156672,0,0.136704,0.010239999999999999,0.0097279999999999988,,0.0048639999999999994,,2.3651839999999997,14811,11949,559,0.82245039999997971
14812,331.1760667020975,277714748408,1,8.3916028961539268,8.615,7.993088,1.8568,16387,0.001024,3.234048,,0.040448,0.16896,0,0.137216,0.003584,0.009472,,0.005376,,1.984256,14812,11950,559,0.83101759999999558
14813,331.18449280045348,277714834558,1,8.42609815299511,8.3889,8.381184,1.9348,15899,0.001024,3.29344,,0.041215999999999996,0.15564799999999998,0,0.13568,0.007168,0.009472,,0.005376,,1.950208,14813,11951,559,0.83960299999989729
14814,331.1925429988662,277714918447,1,8.0501986667513847,7.9534,8.396544,2.6295,16387,0.001024,3.180288,,0.038655999999999996,0.163072,0,0.142592,0.013056,0.012288,,0.005632,,2.230016,14814,11952,559,0.84718889999976454
14815,331.2005900014172,277714997981,1,8.0470023676753044,8.5428,8.042752,1.8378,15899,0.001024,3.2394239999999996,,0.039424,0.165632,0,0.14592,0.0097279999999999988,0.009472,,0.005632,,1.9394559999999998,14815,11953,559,0.85537639999984094
14816,331.20895920493194,277715083409,1,8.36920365691185,8.6401,8.026624,1.9177,22171,0.001024,3.290368,,0.040704,0.152064,0,0.13183999999999998,0.0038399999999999997,0.0097279999999999988,,0.005632,,2.14016,14816,11954,559,0.86390409999967233
14817,331.2168271045918,277715169810,1,7.8678997233510017,7.6195,8.340224,2.3888,15899,0.0012799999999999999,3.270912,,0.040448,0.157184,0.000256,0.137216,0.0076799999999999993,0.0097279999999999988,,0.005888,,1.746176,14817,11955,559,0.87175269999988814
14818,331.22531360544218,277715246005,1,8.4865009412169456,8.1403,7.852544,2.2121,22316,0.001024,3.277568,,0.039168,0.160768,0,0.141824,0.006912,0.009472,,0.004096,,2.0290559999999997,14818,11956,559,0.88033099999984188
14819,331.2335494047619,277715327408,1,8.23579914867878,8.5271,8.4608,1.8222,15899,0.001024,3.0973439999999997,,0.039424,0.15923199999999998,0.000256,0.13952,0.007424,0.0097279999999999988,,0.005376,,2.2346239999999997,14819,11957,559,0.88884280000002036
14820,331.24156600056688,277715412679,1,8.0165956169366837,7.7493,8.22272,1.9185,16439,0.0012799999999999999,3.234048,,0.039424,0.17407999999999998,0,0.134656,0.004608,0.002304,,0.011776,,2.041344,14820,11958,559,0.89633229999981268
14821,331.24964640022677,277715490172,1,8.0803995952010155,8.6432,8.007168,1.9869,68410,0.001024,3.2384,,0.03968,0.156672,0,0.136704,0.007936,0.011264,,0.004608,,1.746432,14821,11959,559,0.905048799999804
14822,331.25821070011335,277715576604,1,8.5642999038100243,8.4937,8.050176,2.0118,16734,0.001024,3.2737279999999997,,0.03584,0.154112,0,0.134912,0.0076799999999999993,0.0097279999999999988,,0.0051199999999999996,,2.084608,14822,11960,559,0.91297159999976429
14823,331.26637660147389,277715661541,1,8.1659015268087387,7.5735,8.557824,1.9768,29222,0.001024,3.273984,,0.04736,0.15462399999999998,0.000256,0.13516799999999998,0.0076799999999999993,0.009984,,0.005376,,1.9893759999999998,14823,11961,559,0.92118929999969623
14824,331.27452050028342,277715737276,1,8.143899030983448,8.4771,8.138496,1.9336,16387,0.001024,3.24224,,0.039168,0.154112,0,0.13414399999999999,0.007424,0.0097279999999999988,,0.0038399999999999997,,2.050048,14824,11962,559,0.92931659999976546
14825,331.28265660430839,277715822047,1,8.1361038610339165,8.1715,8.101632,2.3719,15899,0.001024,3.0973439999999997,,0.0384,0.15795199999999998,0,0.13849599999999998,0.012288,0.0025599999999999998,,0.012544,,1.943808,14825,11963,559,0.9373699999996461
14826,331.29081510062355,277715903762,1,8.158496581017971,8.1929,8.147712,1.7328,22316,0.001024,3.2701439999999997,,0.037632,0.15616,0,0.136704,0.0076799999999999993,0.010752,,0.005376,,2.091776,14826,11964,559,0.94550529999969513
14827,331.29898330498867,277715985691,1,8.1682046875357628,8.1331,8.13696,1.9238,15899,0.001024,3.294464,,0.039424,0.158976,0,0.139264,0.007424,0.012032,,0.0038399999999999997,,1.747712,14827,11965,559,0.95362879999993311
14828,331.3069642998866,277716067022,1,7.9809948801994324,8.0247,8.1472,1.9268,16387,0.001024,3.1746559999999997,,0.040959999999999996,0.162304,0,0.141824,0.0076799999999999993,0.0097279999999999988,,0.0048639999999999994,,1.953536,14828,11966,559,0.96169329999975162
14829,331.31514070294782,277716147269,1,8.1764031201601028,8.1958,7.962624,2.0359,15899,0.001024,3.275264,,0.0384,0.15795199999999998,0,0.13568,0.007936,0.009472,,0.003584,,2.03008,14829,11967,559,0.96994479999966643
14830,331.32322149943309,277716229227,1,8.0807963386178017,8.0852,8.158464,2.2538,16582,0.001024,3.23584,,0.03712,0.15744,0.000256,0.13516799999999998,0.007936,0.0097279999999999988,,0.004608,,1.9430399999999999,14830,11968,559,0.97792129999970712
14831,331.33113890306123,277716310079,1,7.9174032434821129,8.0776,8.05632,1.9238,15899,0.001024,3.2954879999999998,,0.039936,0.156672,0,0.13696,0.003584,0.009472,,0.005632,,2.043136,14831,11969,559,0.98613709999972343
14832,331.33946110402491,277716390855,1,8.3222007378935814,8.2223,7.894272,1.9168,16387,0.001024,3.1782399999999997,,0.036864,0.151808,0,0.13183999999999998,0.0076799999999999993,0.009216,,0.005888,,1.9543039999999998,14832,11970,559,0.994208599999638
14833,331.34797059948977,277716473078,1,8.5094952955842018,8.0138,8.301056,2.3793,15899,0.001024,3.188224,,0.039424,0.16383999999999999,0,0.144128,0.0076799999999999993,0.011519999999999999,,0.0051199999999999996,,2.240768,14833,11971,559,1.0026430999996592
14834,331.35627980442177,277716553216,1,8.309205062687397,8.1433,8.500992,1.8369,45772,0.001024,3.3021439999999997,,0.040704,0.15744,0,0.137984,0.0076799999999999993,0.010752,,0.005632,,1.746432,14834,11972,560,0.0034209999998893181
14835,331.36437239937641,277716634649,1,8.0925952643156052,8.1283,8.289792,1.8346,15899,0.0012799999999999999,3.2954879999999998,,0.03968,0.150272,0,0.131328,0.0048639999999999994,0.010239999999999999,,0.004352,,2.558208,14835,11973,560,0.010449400000197784
14836,331.37265860260771,277716715932,1,8.2862032577395439,8.4324,8.0704,0.484,16387,0.0012799999999999999,3.2714239999999997,,0.034816,0.162816,0,0.143616,0.007424,0.010752,,0.0051199999999999996,,2.021376,14836,11974,560,0.018757499999992433
14837,331.38074960317459,277716800256,1,8.0910008400678635,9.4976,0.034304,1.8608,15899,0.001024,3.1831039999999997,,0.03968,0.152576,0.000256,0.1344,0.007936,0.009984,,0.0051199999999999996,,2.20672,14837,11975,560,0.026764300000195362
14838,331.38862530470522,277716895232,1,7.8757014125585556,7.0074,8.07808,1.8281,16387,0.001024,3.2327679999999996,,0.041471999999999995,0.167424,0.000256,0.145152,0.0076799999999999993,0.009216,,0.004352,,2.029312,14838,11976,560,0.03499839999994947
14839,331.39681950113379,277716965306,1,8.1941960379481316,8.3288,7.850496,1.8609,15899,0.001024,3.185408,,0.040959999999999996,0.173568,0,0.153088,0.007936,0.0097279999999999988,,0.0038399999999999997,,2.1089279999999997,14839,11977,560,0.043235300000105781
14840,331.40475980017004,277717048594,1,7.94029887765646,7.9715,8.081664,1.9262,16387,0.20224,3.288064,,0.039936,0.161024,0,0.141312,0.007424,0.009472,,0.0038399999999999997,,1.7484799999999998,14840,11978,560,0.051127400000041234
14841,331.4128976048753,277717128309,1,8.1378044560551643,8.2245,8.016128,1.9433,15899,0.001024,3.2302079999999997,,0.039424,0.159744,0.003072,0.13824,0.0076799999999999993,0.001792,,0.009984,,2.025728,14841,11979,560,0.059003400000165129
14842,331.42098660005666,277717210554,1,8.0889947712421417,8.2424,8.12672,1.9003,16387,0.001024,3.0965759999999998,,0.038911999999999995,0.15488,0,0.134656,0.005632,0.006912,,0.007168,,2.2110719999999997,14842,11980,560,0.067223699999885866
14843,331.42882370323127,277717292978,1,7.8371027484536171,7.9216,8.065792,2.5266,15899,0.001024,3.0924799999999997,,0.04224,0.152576,0,0.13286399999999998,0.007424,0.011007999999999999,,0.0048639999999999994,,2.195712,14843,11981,560,0.074849600000106875
14844,331.43695070153058,277717372194,1,8.1269983202219009,7.7978,7.81824,1.7953,16387,0.001024,3.1915519999999997,,0.038655999999999996,0.15872,0,0.140288,0.003328,0.011264,,0.003584,,2.098432,14844,11982,560,0.082817999999861058
14845,331.44468600481861,277717450172,1,7.73530313745141,8.3156,8.102912,1.8613,15951,0.001024,3.273472,,0.04224,0.1664,0.000256,0.143872,0.007936,0.010496,,0.0051199999999999996,,1.9092479999999998,14845,11983,560,0.090697499999805586
14846,331.45281550453512,277717533328,1,8.1294998526573181,7.612,7.716864,1.8354,16387,0.001024,3.185664,,0.037376,0.154368,0,0.135936,0.0076799999999999993,0.010239999999999999,,0.0051199999999999996,,2.08128,14846,11984,560,0.098753899999792338
14847,331.46077120181405,277717609448,1,7.9556973651051521,7.9828,8.109824,1.9044,16101,0.001024,3.237888,,0.040959999999999996,0.164096,0,0.141568,0.0076799999999999993,0.010752,,0.004608,,1.746688,14847,11985,560,0.10667400000011185
14848,331.46870050311787,277717689276,1,7.9293008893728256,7.8104,7.95008,1.8364,16387,0.001024,3.2737279999999997,,0.03968,0.154368,0.000256,0.135424,0.0076799999999999993,0.009472,,0.004352,,2.021888,14848,11986,560,0.11454439999988608
14849,331.4769744047619,277717767380,1,8.2739014178514481,8.1325,7.90656,2.0862,16094,0.001024,3.2363519999999997,,0.035584,0.151552,0,0.132352,0.0076799999999999993,0.010239999999999999,,0.004608,,2.0308479999999998,14849,11987,560,0.12327520000008008
14850,331.48505449971651,277717848705,1,8.0800950527191162,7.8832,8.257536,2.0015,16387,0.001024,3.289088,,0.040704,0.157696,0,0.136704,0.007936,0.0097279999999999988,,0.005632,,2.057984,14850,11988,560,0.13109459999986939
14851,331.49305070153059,277717927537,1,7.9962015151977539,7.9191,8.067072,2.6458,15899,0.001024,3.297792,,0.038911999999999995,0.156416,0,0.13644799999999999,0.007424,0.011264,,0.004096,,1.747712,14851,11989,560,0.13898070000004736
14852,331.5009516014739,277718006728,1,7.9009002074599266,8.6905,7.970816,1.9843,16387,0.001024,3.2368639999999997,,0.047104,0.158208,0.000256,0.13644799999999999,0.0084479999999999989,0.009984,,0.0048639999999999994,,1.997312,14852,11990,560,0.14696229999981369
14853,331.50935030470521,277718093633,1,8.3987032994627953,7.8203,7.881984,1.8365,15899,0.001024,3.2327679999999996,,0.043519999999999996,0.16025599999999998,0,0.14079999999999998,0.0084479999999999989,0.0097279999999999988,,0.0048639999999999994,,2.1022719999999997,14853,11991,560,0.15540310000005775
14854,331.51707790532879,277718171836,1,7.727600634098053,7.8929,8.364032,2.0106,16387,0.001024,3.177984,,0.040959999999999996,0.158464,0,0.13696,0.0076799999999999993,0.0097279999999999988,,0.0051199999999999996,,1.747456,14854,11992,560,0.16294969999989917
14855,331.525084502551,277718250765,1,8.0065969377756119,7.9495,7.719168,1.8021,15899,0.001024,3.236608,,0.044544,0.165632,0,0.14336,0.007936,0.009984,,0.004608,,2.0303359999999997,14855,11993,560,0.17098989999976766
14856,331.53332670068028,277718330260,1,8.2421982660889626,8.468,7.9872,1.7346,16387,0.001024,3.2350719999999997,,0.039936,0.15334399999999998,0.000256,0.133888,0.007424,0.010239999999999999,,0.0048639999999999994,,1.954048,14856,11994,560,0.1793321999998625
14857,331.5411880031179,277718414940,1,7.8613022342324257,7.5809,8.230656,2.1228,15899,0.0012799999999999999,3.2967679999999997,,0.039424,0.155136,0,0.136192,0.007936,0.0097279999999999988,,0.003584,,1.746688,14857,11995,560,0.19011409999984608
14858,331.54954569869614,277718490749,1,8.3576953038573265,8.0226,7.748096,1.9768,23021,0.0012799999999999999,3.2967679999999997,,0.039424,0.155136,0,0.136192,0.007936,0.0097279999999999988,,0.003584,,1.746688,14858,11996,560,0.19555540000010296
14859,331.5576642998866,277718570975,1,8.1186015158891678,8.3048,8.424448,2.0519,16101,0.001024,3.235584,,0.39705599999999996,0.15129599999999999,0,0.131328,0.007424,0.011007999999999999,,0.0048639999999999994,,2.167808,14859,11997,560,0.20394820000001346
14860,331.56573370181405,277718654023,1,8.0694016069173813,9.6502,8.104192,2.3834,16387,0.001024,3.287296,,0.039168,0.151808,0,0.13183999999999998,0.0076799999999999993,0.010752,,0.005632,,2.299648,14860,11998,560,0.21183410000003278
14861,331.57353440334464,277718750525,1,7.8007015399634838,6.6296,8.033792,1.9165,15899,0.001024,3.1813119999999997,,0.045312,0.15744,0.000256,0.13696,0.007936,0.0097279999999999988,,0.0051199999999999996,,2.075392,14861,11999,560,0.21958260000019436
14862,331.58154530187073,277718816821,1,8.01089871674776,8.3365,7.790848,2.1423,16387,0.001024,3.2350719999999997,,0.035072,0.151552,0.000256,0.13312,0.0076799999999999993,0.010752,,0.004608,,2.089216,14862,12000,560,0.22762710000006336
14863,331.589773901644,277718900186,1,8.228600025177002,7.9323,7.98976,1.9449,15899,0.0012799999999999999,3.291648,,0.042496,0.153856,0,0.13414399999999999,0.007424,0.009984,,0.005376,,1.9527679999999998,14863,12001,560,0.23601929999995264
14864,331.59788929988662,277718979509,1,8.1153986975550652,7.7328,8.219648,2.5864,16387,0.001024,3.275776,,0.043264,0.164096,0,0.14310399999999998,0.007424,0.012288,,0.005376,,2.034432,14864,12002,560,0.24397450000014942
14865,331.6061375,277719056837,1,8.2481997087597847,8.0013,8.081152,1.9846,15899,0.001024,3.186944,,0.045056,0.151808,0,0.13183999999999998,0.007424,0.011007999999999999,,0.003072,,1.747456,14865,12003,560,0.25255509999988135
14866,331.61377670068026,277719136850,1,7.6392008922994137,8.3424,8.230912,1.792,16387,0.0038399999999999997,3.1715839999999997,,0.0448,0.151552,0,0.13183999999999998,0.0076799999999999993,0.009472,,0.004352,,2.41792,14866,12004,560,0.25967380000020057
14867,331.62197050028345,277719220274,1,8.1937992945313454,8.0655,7.618304,2.3486,15899,0.001024,3.277312,,0.035328,0.16614399999999999,0.000256,0.146432,0.0076799999999999993,0.0097279999999999988,,0.004096,,1.923072,14867,12005,560,0.26795480000009775
14868,331.6299338010204,277719300929,1,7.9633006826043129,8.4696,8.161024,1.7507,16582,0.001024,3.278848,,0.035584,0.154112,0,0.13568,0.007936,0.009984,,0.003584,,2.362624,14868,12006,560,0.27599220000001878
14869,331.6378165036848,277719385625,1,7.8827030956745148,7.2103,7.958784,1.9429,15899,0.001024,3.234816,,0.039936,0.1536,0.000256,0.133888,0.009216,0.009472,,0.0048639999999999994,,1.9258879999999998,14869,12007,560,0.28378470000006928
14870,331.64557670068024,277719457728,1,7.7601969242095947,8.2754,7.866112,1.9455,16439,0.001024,3.2701439999999997,,0.042496,0.152064,0,0.131328,0.007424,0.009472,,0.004352,,1.923328,14870,12008,560,0.29166739999982383
14871,331.6535770053855,277719540482,1,8.00030492246151,8.0754,7.739136,2.097,15899,0.001024,3.2345599999999997,,0.039936,0.159744,0,0.141312,0.012544,0.009472,,0.004608,,2.08,14871,12009,560,0.29942190000019764
14872,331.66129710175738,277719621236,1,7.7200965024530888,7.6416,7.97696,2.0351,16589,0.001024,3.19744,,0.039936,0.176896,0,0.13312,0.007936,0.010239999999999999,,0.0051199999999999996,,1.7469439999999998,14872,12010,560,0.30713009999999485
14873,331.66922509920636,277719697652,1,7.927997037768364,8.0426,7.698176,1.7977,15899,0.001024,3.232256,,0.038911999999999995,0.162048,0.000256,0.143872,0.007936,0.010239999999999999,,0.004352,,2.057216,14873,12011,560,0.31506529999978738
14874,331.6773248015873,277719778078,1,8.0997021868824959,7.7238,7.909632,1.6912,16387,0.001024,3.289088,,0.039168,0.163328,0,0.14540799999999998,0.007424,0.009984,,0.004608,,2.1662719999999998,14874,12012,560,0.32324779999999009
14875,331.68532520549883,277719855316,1,8.0004036426544189,7.7291,8.077824,2.044,15899,0.001024,3.230464,,0.035584,0.16127999999999998,0.000256,0.13644799999999999,0.0076799999999999993,0.009984,,0.004608,,2.242816,14875,12013,560,0.33130449999998746
14876,331.69329040532881,277719932607,1,7.9651996493339539,7.8951,7.983104,1.9564,16387,0.001024,3.279104,,0.040959999999999996,0.150528,0,0.131584,0.011776,0.009984,,0.005632,,1.746432,14876,12014,560,0.33932929999991757
14877,331.70115620039684,277720011558,1,7.8657949343323708,8.1328,7.942912,1.764,21683,0.001024,3.29088,,0.03968,0.15334399999999998,0.000256,0.13312,0.007424,0.009472,,0.004096,,1.9461119999999998,14877,12015,560,0.34731950000013967
14878,331.70893470096371,277720092886,1,7.7785006724298,8.1104,7.843584,1.9771,16387,0.0012799999999999999,3.285504,,0.033791999999999996,0.153856,0,0.134912,0.0076799999999999993,0.009984,,0.004608,,2.265856,14878,12016,560,0.35498090000010052
14879,331.71685260062355,277720173990,1,7.9178996384143829,7.9898,7.76832,2.3926,15899,0.001024,3.2381439999999997,,0.038911999999999995,0.162304,0,0.141824,0.0076799999999999993,0.011519999999999999,,0.004608,,1.7469439999999998,14879,12017,560,0.36283959999991566
14880,331.72471010487527,277720253888,1,7.8575043007731438,7.9984,7.891712,1.8924,16387,0.001024,3.275776,,0.037376,0.151808,0,0.133376,0.003584,0.009984,,0.003584,,2.035968,14880,12018,560,0.37067149999984395
14881,331.73287720379818,277720333872,1,8.1670992076396942,7.7078,7.837184,1.775,15899,0.001024,3.248896,,0.040704,0.159744,0.000256,0.139264,0.007424,0.0097279999999999988,,0.004096,,1.9307519999999998,14881,12019,560,0.37888119999979608
14882,331.74060960175734,277720410950,1,7.7323978766798973,7.8307,8.147456,2.213,16387,0.001024,3.1777279999999997,,0.039168,0.15616,0,0.136704,0.004608,0.005632,,0.027903999999999998,,2.2399999999999998,14882,12020,560,0.38671320000003107
14883,331.74852890447846,277720489257,1,7.9193031415343285,7.8735,7.670784,2.1302,15899,0.001024,3.2962559999999996,,0.038144,0.164608,0.000256,0.141824,0.007936,0.009472,,0.0048639999999999994,,1.747456,14883,12021,560,0.39440650000005917
14884,331.75637760062358,277720567992,1,7.8486958518624306,8.1382,7.953152,2.2936,16532,0.001024,3.194368,,0.038911999999999995,0.16358399999999998,0,0.143872,0.004608,0.006144,,0.008192,,1.9243519999999998,14884,12022,560,0.40247450000015306
14885,331.76395670351474,277720649374,1,7.5791031122207642,7.9058,7.817984,1.8131,16101,0.001024,3.173888,,0.043519999999999996,0.155136,0.000256,0.136192,0.011776,0.011007999999999999,,0.002048,,2.093056,14885,12023,560,0.41002089999983582
14886,331.77193540249431,277720728432,1,7.9786991700530052,7.6755,7.553536,1.8541,16387,0.001024,3.0991359999999997,,0.035072,0.1536,0,0.134912,0.011007999999999999,0.010239999999999999,,0.0038399999999999997,,1.932032,14886,12024,560,0.41800060000014128
14887,331.77984820011335,277720805187,1,7.9127978533506393,8.0209,7.961088,1.7819,16094,0.001024,3.2972799999999998,,0.036095999999999996,0.15564799999999998,0.000256,0.13644799999999999,0.006912,0.010496,,0.004608,,2.0864,14887,12025,560,0.42578099999991537
14888,331.78772520549887,277720885396,1,7.8770052641630173,7.5332,7.902464,2.1606,16387,0.0012799999999999999,3.1879679999999997,,0.03968,0.16025599999999998,0,0.14079999999999998,0.008192,0.002816,,0.011776,,1.9327999999999999,14888,12026,560,0.43365439999979571
14889,331.79542820294785,277720960728,1,7.7029974199831486,8.0411,7.853056,1.8665,15899,0.001024,3.231232,,0.040704,0.160512,0,0.141056,0.011007999999999999,0.009472,,0.005632,,1.933568,14889,12027,560,0.44143900000017311
14890,331.8035056051587,277721041139,1,8.0774025991559029,7.7714,7.678464,1.9521,16387,0.001024,3.181568,,0.03584,0.169984,0,0.14310399999999998,0.0076799999999999993,0.00896,,0.005888,,2.096896,14890,12028,560,0.44947090000005119
14891,331.81129340277778,277721118853,1,7.787797600030899,7.8328,8.054784,2.0259,15899,0.001024,3.2478719999999996,,0.0384,0.15129599999999999,0.000256,0.13183999999999998,0.003072,0.010752,,0.002816,,1.7471999999999999,14891,12029,560,0.45746999999983018
14892,331.81938129960315,277721197181,1,8.08789674192667,7.7865,7.761152,1.8374,16387,0.001024,3.2337919999999998,,0.038911999999999995,0.164608,0.000256,0.146176,0.0076799999999999993,0.0097279999999999988,,0.005376,,2.0871679999999997,14892,12030,560,0.46568200000001525
14893,331.8275729024943,277721275046,1,8.1916032359004021,8.0782,8.091648,1.9485,15899,0.0012799999999999999,3.289088,,0.034816,0.15564799999999998,0.000256,0.136192,0.006912,0.009216,,0.0051199999999999996,,2.341888,14893,12031,560,0.47352980000005118
14894,331.83536770124715,277721355828,1,7.7947988174855709,7.9829,8.161024,1.8561,16387,0.001024,3.295744,,0.03712,0.15001599999999998,0,0.130048,0.007424,0.009472,,0.0038399999999999997,,2.128384,14894,12032,560,0.48135150000007343
14895,331.84320980017003,277721435657,1,7.8420992940664291,8.2054,7.775488,2.2586,15899,0.001024,3.1009279999999997,,0.043008,0.166912,0,0.142592,0.0084479999999999989,0.010239999999999999,,0.0048639999999999994,,1.7471999999999999,14895,12033,560,0.489150299999892
14896,331.85099990079362,277721517711,1,7.7901007607579231,7.8604,7.828224,1.7746,18988,0.001024,3.290368,,0.041215999999999996,0.15334399999999998,0,0.133888,0.0076799999999999993,0.0097279999999999988,,0.0038399999999999997,,1.9456,14896,12034,560,0.49693519999982527
14897,331.859574199263,277721596315,1,8.574298582971096,7.8324,7.771648,1.8835,16101,0.001024,3.198464,,0.03456,0.172288,0,0.1344,0.003328,0.010239999999999999,,0.005376,,2.031104,14897,12035,560,0.50666369999999006
14898,331.86730800028346,277721674639,1,7.7338009141385555,7.7753,8.575744,1.8891,16387,0.001024,3.296512,,0.040959999999999996,0.15616,0,0.136704,0.007168,0.012288,,0.0048639999999999994,,1.747968,14898,12036,560,0.51348770000004151
14899,331.87521670209748,277721752392,1,7.9087018966674805,7.7606,7.694592,2.1345,15899,0.001024,3.17696,,0.042496,0.15103999999999998,0,0.132096,0.008192,0.010496,,0.0051199999999999996,,2.045184,14899,12037,560,0.5212016999998923
14900,331.88342010345804,277721829998,1,8.203401230275631,9.6979,7.888896,1.8425,16387,0.0012799999999999999,3.2332799999999997,,0.04224,0.159744,0,0.135936,0.0076799999999999993,0.0097279999999999988,,0.004352,,1.9376639999999998,14900,12038,560,0.52939839999999094
14901,331.89140459892286,277721926977,1,7.984495721757412,6.8957,8.18304,2.0764,15899,0.001024,3.292416,,0.037632,0.155904,0,0.13644799999999999,0.003072,0.0097279999999999988,,0.0048639999999999994,,2.074624,14901,12039,560,0.5375954000001002
14902,331.8993674036281,277721995934,1,7.9628042876720428,7.6895,7.96672,2.0572,16387,0.001024,3.2972799999999998,,0.036864,0.159488,0,0.13977599999999998,0.007424,0.0097279999999999988,,0.006144,,1.746688,14902,12040,560,0.545477099999971
14903,331.90726290391154,277722072829,1,7.8955003991723061,8.2156,7.958016,1.8199,15899,0.001024,3.1915519999999997,,0.039936,0.15488,0.000256,0.135424,0.007168,0.0097279999999999988,,0.0051199999999999996,,2.134528,14903,12041,560,0.55324539999992339
14904,331.91554240362808,277722154985,1,8.2794995978474617,8.1871,7.862784,1.7637,16387,0.001024,3.271168,,0.039936,0.156416,0.000256,0.137216,0.0076799999999999993,0.009472,,0.004608,,1.923072,14904,12042,560,0.56153399999993781
14905,331.92347700538545,277722236856,1,7.9346019774675369,7.9014,8.200192,1.742,15899,0.001024,3.2284159999999997,,0.040959999999999996,0.16255999999999998,0,0.14310399999999998,0.0076799999999999993,0.010239999999999999,,0.005376,,1.943296,14905,12043,560,0.56950030000007246
14906,331.93136240079366,277722315870,1,7.8853955492377281,7.7248,7.968256,1.9099,16582,0.001024,3.1728639999999997,,0.038911999999999995,0.150784,0,0.131072,0.007424,0.0097279999999999988,,0.004608,,2.107136,14906,12044,560,0.57753009999987626
14907,331.93979710175734,277722393118,1,8.4347007796168327,8.3185,7.86688,1.7741,15899,0.001024,3.182848,,0.041471999999999995,0.158976,0,0.13824,0.007424,0.0097279999999999988,,0.005888,,1.951744,14907,12045,560,0.58588559999998324
14908,331.94805710034012,277722476303,1,8.2599986344575882,7.9584,8.413696,2.2149,16387,0.0012799999999999999,3.288064,,0.036351999999999995,0.155904,0,0.135936,0.007936,0.009984,,0.003328,,2.221056,14908,12046,560,0.59412320000001273
14909,331.95637660147389,277722555887,1,8.3195008337497711,7.9866,8.245504,1.818,15899,0.001024,3.298304,,0.040704,0.158208,0.000256,0.13849599999999998,0.007936,0.009472,,0.005376,,2.0085759999999997,14909,12047,560,0.602299199999834
14910,331.964147803288,277722635753,1,7.7712018974125385,8.4054,8.303104,2.0617,16589,0.001024,3.245568,,0.041728,0.155136,0,0.135424,0.007168,0.009216,,0.0048639999999999994,,2.1952,14910,12048,560,0.610155500000019
14911,331.9725854024943,277722719807,1,8.4375990554690361,8.2507,7.749632,2.0728,15899,0.001024,3.188224,,0.039424,0.152576,0.000256,0.1344,0.0076799999999999993,0.009984,,0.003584,,1.931776,14911,12049,560,0.61854780000021492
14912,331.98060870181405,277722802314,1,8.0232992768287659,8.1209,8.411904,1.8988,16387,0.001024,3.2394239999999996,,0.039424,0.16127999999999998,0,0.140544,0.007424,0.009984,,0.0048639999999999994,,2.222848,14912,12050,560,0.62662850000015169
14913,331.98864960317457,277722883523,1,8.0409012734889984,7.9112,8.01664,1.7749,15899,0.001024,3.291648,,0.041471999999999995,0.15488,0,0.134912,0.0076799999999999993,0.011776,,0.005376,,1.9479039999999999,14913,12051,560,0.63486839999995937
14914,331.99684770408163,277722962635,1,8.1981010735034943,8.3631,8.019456,1.7956,16387,0.001024,3.094528,,0.039424,0.17536,0,0.15564799999999998,0.008192,0.0097279999999999988,,0.005632,,2.199808,14914,12052,560,0.643234300000131
14915,332.00480760345806,277723046266,1,7.9598994925618172,8.1011,8.086528,1.8929,15899,0.22067199999999998,3.2762879999999996,,0.039424,0.162304,0,0.14310399999999998,0.008192,0.010496,,0.004608,,1.748224,14915,12053,560,0.65074850000019069
14916,332.0129990008503,277723127277,1,8.191397413611412,8.2061,8.030464,2.4725,16387,0.001024,3.272192,,0.038911999999999995,0.158464,0,0.139264,0.007424,0.012544,,0.004096,,2.023936,14916,12054,560,0.65900939999983166
14917,332.02126940192744,277723209338,1,8.2704015076160431,8.3969,8.171264,2.1171,15899,0.001024,3.270912,,0.039168,0.15872,0,0.13977599999999998,0.004608,0.009472,,0.004352,,2.0188159999999997,14917,12055,560,0.6672484999999142
14918,332.02918010204081,277723293307,1,7.9107005149126053,7.5142,8.252672,2.0823,16950,0.001024,3.1843839999999997,,0.041471999999999995,0.15692799999999998,0,0.137216,0.007424,0.0097279999999999988,,0.004096,,2.181632,14918,12056,560,0.67566350000015518
14919,332.03748700396824,277723368449,1,8.3069019019603729,8.2363,7.879936,1.7914,50150,0.001024,3.2931839999999997,,0.039168,0.151552,0,0.13286399999999998,0.007424,0.009984,,0.004096,,2.093568,14919,12057,560,0.683683000000201
14920,332.04578250425169,277723450812,1,8.29550065100193,8.2596,8.288256,2.2673,16387,0.001024,3.178496,,0.036095999999999996,0.15923199999999998,0.000256,0.138752,0.012032,0.009984,,0.0051199999999999996,,2.270208,14920,12058,560,0.69285630000013043
14921,332.05422930130385,277723533408,1,8.4467967972159386,8.2461,8.28032,2.0029,22585,0.001024,3.299072,,0.036095999999999996,0.15872,0,0.140032,0.007936,0.0097279999999999988,,0.004608,,2.03904,14921,12059,560,0.70059519999995246
14922,332.06211950113379,277723615869,1,7.8902002424001694,8.0583,8.433664,3.5296,16589,0.001024,3.279616,,0.035584,0.159744,0,0.139264,0.007424,0.0076799999999999993,,0.0076799999999999993,,1.763072,14922,12060,560,0.70820719999983339
14923,332.06990060232425,277723696452,1,7.7811013907194138,8.8013,7.854848,2.0847,15899,0.001024,3.0991359999999997,,0.040959999999999996,0.162304,0,0.142848,0.0076799999999999993,0.010752,,0.0038399999999999997,,2.195456,14923,12061,560,0.71615599999995538
14924,332.07812550311792,277723784465,1,8.22490081191063,8.0827,7.76576,2.2362,16387,0.0012799999999999999,3.175424,,0.0384,0.15872,0,0.13977599999999998,0.0076799999999999993,0.0025599999999999998,,0.004352,,1.954048,14924,12062,560,0.72445209999978033
14925,332.08626820436507,277723865292,1,8.1427013501524925,7.7621,8.176384,2.1766,16094,0.001024,3.191296,,0.03968,0.159744,0,0.13977599999999998,0.0084479999999999989,0.003072,,0.012288,,2.1324799999999997,14925,12063,560,0.73251750000008542
14926,332.09434739937643,277723942913,1,8.0791953951120377,7.8834,8.144896,1.9238,16387,0.001024,3.2714239999999997,,0.036095999999999996,0.155904,0,0.13644799999999999,0.0076799999999999993,0.009984,,0.005376,,1.961984,14926,12064,560,0.74042740000004414
14927,332.10254970238094,277724021747,1,8.20230320096016,8.3676,8.06144,2.147,16269,0.001024,3.276032,,0.03968,0.158976,0.000256,0.13824,0.0076799999999999993,0.011519999999999999,,0.004608,,2.110208,14927,12065,560,0.74872450000020763
14928,332.11051410147388,277724105423,1,7.9643987119197845,7.9903,8.190976,2.3207,16387,0.001024,3.172096,,0.041471999999999995,0.153088,0.000256,0.133376,0.010239999999999999,0.009472,,0.004352,,1.93536,14928,12066,560,0.75643249999984619
14929,332.11831820436504,277724185326,1,7.8041027300059795,7.9588,7.930368,2.1444,15899,0.001024,3.2750079999999997,,0.042496,0.17612799999999998,0.000256,0.156416,0.0084479999999999989,0.009216,,0.004352,,2.026752,14929,12067,560,0.76443000000017491
14930,332.12640420209749,277724264914,1,8.08599777519703,8.2722,7.779072,2.2125,16387,0.001024,3.0996479999999997,,0.035328,0.159488,0,0.140032,0.010496,0.010496,,0.0048639999999999994,,1.951744,14930,12068,560,0.772329500000069
14931,332.13441259920631,277724347636,1,8.0083971843123436,7.7941,8.0832,2.3831,15899,0.001024,3.23072,,0.039168,0.153856,0,0.1344,0.009984,0.0048639999999999994,,0.011007999999999999,,1.998848,14931,12069,560,0.78031939999982569
14932,332.14255920493196,277724425577,1,8.14660545438528,7.9616,7.981824,1.8655,16387,0.001024,3.207424,,0.039936,0.151552,0,0.132608,0.007424,0.0097279999999999988,,0.0051199999999999996,,2.034176,14932,12070,560,0.7884291000000303
14933,332.15057450396824,277724505193,1,8.0152992159128189,7.9214,8.129536,1.8713,15899,0.001024,3.277312,,0.041215999999999996,0.154112,0,0.1344,0.007424,0.010239999999999999,,0.0051199999999999996,,1.9494399999999998,14933,12071,560,0.79660379999995712
14934,332.15877080498865,277724584407,1,8.1963008269667625,7.9809,7.986688,1.909,16589,0.001024,3.272448,,0.039936,0.15795199999999998,0,0.13824,0.0076799999999999993,0.0097279999999999988,,0.0038399999999999997,,2.109952,14934,12072,560,0.80487499999981083
14935,332.16700080073696,277724664216,1,8.22999607771635,8.1453,8.162816,1.9944,15899,0.001024,3.272448,,0.036095999999999996,0.162816,0,0.14336,0.005632,0.010239999999999999,,0.0051199999999999996,,1.7489919999999999,14935,12073,560,0.812946699999884
14936,332.17486349914964,277724745669,1,7.8626982867717743,8.0199,8.213504,1.9256,16387,0.002048,3.286784,,0.039424,0.16025599999999998,0,0.135936,0.0076799999999999993,0.009984,,0.0048639999999999994,,2.057984,14936,12074,560,0.820750599999883
14937,332.18242419926304,277724825868,1,7.5607001781463623,8.4116,7.839744,1.692,15899,0.0012799999999999999,3.0996479999999997,,0.042496,0.15462399999999998,0,0.134912,0.0076799999999999993,0.009984,,0.0051199999999999996,,2.022912,14937,12075,560,0.82868599999983417
14938,332.19026940192742,277724909984,1,7.8452024608850479,8.0621,7.54944,1.8234,16387,0.0012799999999999999,3.0976,,0.039424,0.158976,0,0.139264,0.004352,0.009472,,0.005888,,1.9463679999999999,14938,12076,560,0.83655989999988378
14939,332.19834270124716,277724990605,1,8.0732991918921471,7.8247,7.824128,1.7407,15899,0.001024,3.29216,,0.036095999999999996,0.14976,0.000256,0.13055999999999998,0.003072,0.0097279999999999988,,0.004608,,1.747712,14939,12077,560,0.844268700000157
14940,332.20681519982992,277725068852,1,8.4724985063076019,7.7704,8.0448,2.2753,16387,0.001024,3.1902719999999998,,0.038911999999999995,0.15795199999999998,0.000256,0.137728,0.0076799999999999993,0.010752,,0.0048639999999999994,,1.7469439999999998,14940,12078,560,0.85274149999986548
14941,332.21482859977323,277725146556,1,8.0134002491831779,8.035,8.459008,1.8666,15899,0.001024,3.291648,,0.040704,0.155904,0,0.135936,0.0076799999999999993,0.009984,,0.0051199999999999996,,2.538496,14941,12079,560,0.86146809999991092
14942,332.22303970379818,277725226906,1,8.2111041992902756,7.6819,7.999744,1.9048,16387,0.001024,3.293952,,0.040192,0.153088,0,0.133376,0.0076799999999999993,0.0097279999999999988,,0.0051199999999999996,,1.7487359999999998,14942,12080,560,0.86965839999993477
14943,332.23093489937639,277725303725,1,7.8951958566904068,8.411,8.188672,2.6522,15899,0.001024,3.180544,,0.038655999999999996,0.165376,0.000256,0.14668799999999999,0.007424,0.009984,,0.0048639999999999994,,2.09536,14943,12081,560,0.87769010000010894
14944,332.23960809948977,277725387835,1,8.6732003837823868,8.6582,7.853056,2.123,16582,0.001024,3.287296,,0.038911999999999995,0.160768,0,0.141056,0.007424,0.011007999999999999,,0.004352,,1.937408,14944,12082,560,0.88592639999978928
14945,332.24773219954648,277725474417,1,8.1241000443696976,8.1299,8.668416,2.1629,15899,0.001024,3.276032,,0.040959999999999996,0.15564799999999998,0,0.1344,0.003328,0.0097279999999999988,,0.005376,,2.094592,14945,12083,560,0.89396529999976337
14946,332.25602830215416,277725555716,1,8.2961022853851318,7.9881,7.812864,2.3164,16439,0.0012799999999999999,3.3003519999999997,,0.036864,0.155136,0,0.135424,0.007424,0.010752,,0.0038399999999999997,,1.747456,14946,12084,560,0.90305269999998927
14947,332.26443540249431,277725635597,1,8.4071001037955284,8.3721,8.274944,1.8572,16101,0.001024,3.23712,,0.038655999999999996,0.158208,0.000256,0.140288,0.007936,0.009472,,0.005376,,2.123264,14947,12085,560,0.91103310000016791
14948,332.27315590277777,277725719318,1,8.7205003947019577,8.0559,8.38912,3.1362,16387,0.001024,3.19872,,0.041215999999999996,0.155904,0,0.137216,0.007424,0.009984,,0.0038399999999999997,,2.30272,14948,12086,560,0.91938369999979841
14949,332.28232800453515,277725799877,1,9.1721015051007271,9.0449,8.697856,2.2361,21683,0.001024,3.18592,,0.038655999999999996,0.156416,0,0.13644799999999999,0.007424,0.011776,,0.0051199999999999996,,2.692096,14949,12087,560,0.9284827999999834
14950,332.29027840136052,277725890326,1,7.9503972083330154,8.0581,9.147648,1.9147,16387,0.001024,3.2381439999999997,,0.041471999999999995,0.158464,0,0.139264,0.0076799999999999993,0.009984,,0.005632,,2.61376,14950,12088,560,0.9366399000000456
14951,332.29867440476187,277725970907,1,8.396003395318985,8.3263,7.928576,1.8648,15899,0.001024,3.0978559999999997,,0.038655999999999996,0.15923199999999998,0,0.140288,0.007936,0.009984,,0.003584,,2.2279679999999997,14951,12089,560,0.9447202000001198
14952,332.30753030045349,277726054170,1,8.855896070599556,9.0977,8.388096,1.8213,16387,0.001024,3.2972799999999998,,0.042752,0.15744,0,0.137216,0.007168,0.0097279999999999988,,0.003584,,2.1632,14952,12090,560,0.953608499999973
14953,332.31589510345805,277726145147,1,8.3648031577467918,8.1989,8.8256,2.024,15899,0.001024,3.2852479999999997,,0.044031999999999995,0.15231999999999998,0.000256,0.132096,0.007424,0.009472,,0.004096,,2.7647999999999997,14953,12091,560,0.96197489999985919
14954,332.32406400226756,277726227136,1,8.1688985228538513,8.082,8.342784,1.8661,16387,0.0012799999999999999,3.099392,,0.042752,0.15488,0,0.134912,0.0076799999999999993,0.0097279999999999988,,0.0051199999999999996,,2.087936,14954,12092,560,0.97006759999976566
14955,332.33218390022677,277726307956,1,8.1198979169130325,8.9056,8.164864,1.8188,15899,0.001024,3.290368,,0.036095999999999996,0.16486399999999998,0,0.14464,0.003328,0.010752,,0.004608,,2.125056,14955,12093,560,0.97818959999995059
14956,332.34058720238096,277726397012,1,8.4033021703362465,8.3345,8.091392,2.029,16387,0.001024,3.2386559999999998,,0.041728,0.151808,0,0.131328,0.009216,0.009984,,0.004608,,1.9110399999999998,14956,12094,560,0.986880999999812
14957,332.34915230300453,277726480357,1,8.5651008412241936,8.1382,8.388864,2.5507,15899,0.0012799999999999999,3.292928,,0.038655999999999996,0.16947199999999998,0,0.136192,0.007936,0.0097279999999999988,,0.0038399999999999997,,1.965056,14957,12095,560,0.99542509999992035
14958,332.35720110544219,277726561739,1,8.0488026142120361,8.0728,8.54784,2.0905,45772,0.001024,3.270912,,0.037376,0.156672,0.000256,0.13747199999999998,0.007424,0.009472,,0.004096,,1.955584,14958,12096,561,0.003247799999826384
14959,332.36595050311792,277726642467,1,8.7493974715471268,8.6722,8.028672,2.4561,15899,0.001024,3.2296959999999997,,0.039168,0.156416,0,0.13644799999999999,0.0076799999999999993,0.012288,,0.004096,,2.0241919999999998,14959,12097,561,0.011282299999948009
14960,332.37368759920633,277726729189,1,7.7370959334075451,8.4584,8.721408,0.4331,16387,0.001024,3.291136,,0.038911999999999995,0.152832,0.000256,0.133376,0.0076799999999999993,0.011007999999999999,,0.0051199999999999996,,2.0677119999999998,14960,12098,561,0.018821000000116328
14961,332.38154230442177,277726813773,1,7.8547056764364243,8.7205,0.034048,2.1401,15899,0.001024,3.1897599999999997,,0.038911999999999995,0.156416,0,0.13824,0.007424,0.0097279999999999988,,0.004352,,2.084608,14961,12099,561,0.026860899999974208
14962,332.39010740504534,277726900978,1,8.5651008412241936,8.0131,7.832832,1.9873,16387,0.001024,3.234048,,0.039424,0.149504,0,0.13055999999999998,0.007424,0.009984,,0.004096,,1.997056,14962,12100,561,0.03564749999986816
14963,332.39869370039679,277726981109,1,8.586294949054718,7.5869,8.55168,1.7607,16094,0.001024,3.2337919999999998,,0.040448,0.159744,0,0.140032,0.0076799999999999993,0.009472,,0.004096,,2.1276159999999997,14963,12101,561,0.044183200000134093
14964,332.40662890447845,277727056978,1,7.9352045431733131,7.9675,8.566272,2.0321,16387,0.0012799999999999999,3.241472,,0.03968,0.183552,0.000256,0.164096,0.006656,0.009472,,0.0048639999999999994,,1.7471999999999999,14964,12102,561,0.051997200000187149
14965,332.41449540107709,277727136653,1,7.8664962202310562,8.8359,7.910656,1.8229,15899,0.0012799999999999999,3.0911999999999997,,0.033791999999999996,0.15616,0.000256,0.13747199999999998,0.004096,0.0097279999999999988,,0.003584,,1.7484799999999998,14965,12103,561,0.060022900000149093
14966,332.42263630243764,277727225012,1,8.14090110361576,8.4879,7.844352,1.9033,16387,0.001024,3.17312,,0.039168,0.16025599999999998,0,0.140288,0.011264,0.009984,,0.0048639999999999994,,1.747968,14966,12104,561,0.067918799999915791
14967,332.43067400085033,277727309891,1,8.0376984551548958,7.8515,8.123648,1.9086,15899,0.001024,3.296512,,0.035072,0.155904,0,0.13747199999999998,0.003072,0.009984,,0.0038399999999999997,,2.2164479999999998,14967,12105,561,0.075915800000075251
14968,332.43859840561225,277727388406,1,7.9244049265980721,7.9177,8.026368,1.7715,16387,0.0012799999999999999,3.2719359999999997,,0.041471999999999995,0.151552,0,0.13183999999999998,0.007424,0.009472,,0.004352,,1.95712,14968,12106,561,0.084035800000037852
14969,332.44660040391153,277727467583,1,8.00199806690216,8.0295,7.897088,1.8092,15899,0.001024,3.0960639999999997,,0.048128,0.15488,0.000256,0.134912,0.0076799999999999993,0.009472,,0.005888,,2.1946879999999998,14969,12107,561,0.092071900000064488
14970,332.45469019982994,277727547878,1,8.089795708656311,7.942,7.986688,1.8639,16387,0.0012799999999999999,3.276032,,0.039936,0.154368,0,0.133632,0.0076799999999999993,0.0097279999999999988,,0.005888,,1.7469439999999998,14970,12108,561,0.099860599999828992
14971,332.46262290249433,277727627298,1,7.932703010737896,8.1646,8.073728,1.9048,16153,0.001024,3.172096,,0.037376,0.15923199999999998,0.000256,0.13952,0.007424,0.009472,,0.004352,,2.0303359999999997,14971,12109,561,0.10780179999983375
14972,332.47110150226757,277727708944,1,8.4785996004939079,8.0038,7.91552,2.0689,16387,0.001024,3.174912,,0.040192,0.159488,0.000256,0.140032,0.005888,0.00896,,0.0051199999999999996,,1.915136,14972,12110,561,0.1162651999998161
14973,332.47896889880951,277727788982,1,7.8673968091607094,7.8127,8.456704,1.7817,15899,0.001024,3.17568,,0.040959999999999996,0.152064,0,0.132352,0.0084479999999999989,0.0097279999999999988,,0.004352,,2.18368,14973,12111,561,0.1241346000001613
14974,332.48711070011336,277727867109,1,8.141801692545414,7.9283,7.85024,2.1475,16387,0.001024,3.296,,0.038655999999999996,0.161792,0,0.14336,0.003584,0.008704,,0.005888,,2.1058559999999997,14974,12112,561,0.13223130000005767
14975,332.49483530328797,277727946392,1,7.7246031723916531,8.4896,8.119808,1.8716,15899,0.001024,3.237632,,0.041215999999999996,0.15923199999999998,0,0.139008,0.0063999999999999994,0.010239999999999999,,0.004352,,1.981952,14975,12113,561,0.14059679999991204
14976,332.50304710175737,277728031288,1,8.2117980346083641,7.8442,7.702784,1.8329,16387,0.001024,3.169536,,0.038911999999999995,0.17792,0,0.159744,0.007936,0.010239999999999999,,0.005376,,2.0254719999999997,14976,12114,561,0.14841290000003937
14977,332.51113250425169,277728109730,1,8.08540266007185,8.1325,8.114176,1.8924,15899,0.0012799999999999999,3.2919039999999997,,0.036095999999999996,0.151552,0.000256,0.132352,0.0076799999999999993,0.009984,,0.004608,,1.747456,14977,12115,561,0.15634619999991628
14978,332.5188600056689,277728191055,1,7.7275014482438564,8.308,8.139008,1.7811,16387,0.001024,3.2936959999999997,,0.039936,0.149504,0.000256,0.130304,0.003328,0.009472,,0.0051199999999999996,,2.106368,14978,12116,561,0.16421700000000783
14979,332.52721680130384,277728274135,1,8.356795646250248,7.8575,7.7184,2.0657,15899,0.001024,3.234304,,0.03584,0.172544,0.000256,0.1536,0.007936,0.009984,,0.0048639999999999994,,1.9494399999999998,14979,12117,561,0.17253540000001522
14980,332.53540350056687,277728352710,1,8.186698891222477,7.9071,8.330752,2.209,16387,0.001024,3.291136,,0.037376,0.155904,0,0.135936,0.007936,0.009984,,0.004608,,2.1378559999999998,14980,12118,561,0.18076049999990573
14981,332.54346529903626,277728431781,1,8.06179828941822,7.8947,8.182016,2.3166,15899,0.001024,3.2798719999999997,,0.03584,0.1536,0,0.132096,0.0076799999999999993,0.009984,,0.003584,,1.746176,14981,12119,561,0.18866109999999026
14982,332.55152910289115,277728510728,1,8.0638034269213676,8.2758,8.025856,2.1495,16582,0.001024,3.185408,,0.040448,0.161024,0,0.14079999999999998,0.004096,0.000256,,0.03584,,2.203392,14982,12120,561,0.19703949999984616
14983,332.55945459892291,277728593486,1,7.9254964366555214,8.2079,8.04992,2.1366,22735,0.001024,3.281408,,0.033791999999999996,0.157184,0,0.139008,0.0076799999999999993,0.009984,,0.003584,,1.748224,14983,12121,561,0.20485400000006848
14984,332.56731590136053,277728675565,1,7.8613022342324257,7.9444,7.919104,2.2025,16387,0.001024,3.193856,,0.040704,0.161024,0,0.139008,0.008192,0.009472,,0.004096,,1.992192,14984,12122,561,0.21271759999990536
14985,332.57541780045352,277728755009,1,8.1018991768360138,8.0867,7.835136,2.0006,15899,0.0012799999999999999,3.2012799999999997,,0.043264,0.166656,0,0.148224,0.003584,0.009216,,0.0048639999999999994,,2.016512,14985,12123,561,0.22071510000023409
14986,332.5836020053855,277728835876,1,8.1842048093676567,8.1144,8.075776,1.8881,16387,0.001024,3.293952,,0.040959999999999996,0.161792,0,0.140032,0.007936,0.009472,,0.004352,,1.9525119999999998,14986,12124,561,0.22897479999983261
14987,332.59147470238094,277728917020,1,7.8726969659328461,7.8467,8.169728,2.1079,15899,0.001024,3.200512,,0.045312,0.154112,0,0.134656,0.007424,0.0097279999999999988,,0.004352,,2.1089279999999997,14987,12125,561,0.23688309999988633
14988,332.59930320294785,277728995487,1,7.8285001218318939,7.9362,7.863296,2.1708,16387,0.001024,3.1946239999999997,,0.038911999999999995,0.155392,0,0.135424,0.010496,0,,0.017408,,1.746176,14988,12126,561,0.24481049999985771
14989,332.60747769982993,277729074849,1,8.174496702849865,8.3552,7.802112,1.9391,15899,0.001024,3.27168,,0.040704,0.173056,0,0.15334399999999998,0.008192,0.0097279999999999988,,0.005376,,1.958912,14989,12127,561,0.25301260000014736
14990,332.61582650226757,277729158401,1,8.3488021045923233,7.8655,8.139008,2.4008,16387,0.001024,3.2985599999999997,,0.039168,0.158208,0.000256,0.13824,0.010239999999999999,0.0097279999999999988,,0.0038399999999999997,,1.95328,14990,12128,561,0.26123480000023847
14991,332.6236569019274,277729237056,1,7.8304000198841095,7.9219,8.333824,1.9009,15899,0.001024,3.1813119999999997,,0.043008,0.155392,0.000256,0.135424,0.007424,0.009472,,0.0048639999999999994,,1.7489919999999999,14991,12129,561,0.2689303000001928
14992,332.63202540391154,277729316275,1,8.3685023710131645,8.111,7.811584,2.2357,16387,0.001024,3.294208,,0.035328,0.16153599999999999,0,0.142848,0.007424,0.010239999999999999,,0.005376,,2.034944,14992,12130,561,0.27719650000017282
14993,332.64020210459182,277729397385,1,8.17670114338398,8.356,8.351488,1.8929,15899,0.001024,3.239168,,0.040704,0.155392,0,0.135424,0.0076799999999999993,0.0097279999999999988,,0.0048639999999999994,,2.284032,14993,12131,561,0.285421800000222
14994,332.64815989937642,277729480945,1,7.9577947035431862,7.6594,8.155648,2.225,16387,0.001024,3.241472,,0.03968,0.15231999999999998,0.000256,0.13414399999999999,0.007424,0.010239999999999999,,0.004608,,2.0387839999999997,14994,12132,561,0.29331499999989319
14995,332.65654640022672,277729557539,1,8.3865011110901833,8.3073,7.937536,1.9929,29060,0.001024,3.179264,,0.040704,0.154112,0.000256,0.134656,0.0076799999999999993,0.0097279999999999988,,0.004608,,1.747712,14995,12133,561,0.30192780000015773
14996,332.66452020266439,277729640612,1,7.973802275955677,8.1863,8.365824,1.8421,16786,0.001024,3.1782399999999997,,0.040448,0.15872,0,0.138752,0.003584,0.009472,,0.004608,,2.4768,14996,12134,561,0.30977729999995063
14997,332.67235,277729722475,1,7.8297974541783333,7.9335,7.962624,2.1493,15899,0.0012799999999999999,3.178752,,0.038911999999999995,0.157696,0,0.13824,0.005376,0.010496,,0.0051199999999999996,,1.995264,14997,12135,561,0.31760020000001532
14998,332.68039840561221,277729801810,1,8.04840587079525,8.4413,7.799552,1.8597,16387,0.001024,3.2399359999999997,,0.039168,0.14976,0.000256,0.130816,0.004608,0.0097279999999999988,,0.005632,,2.072064,14998,12136,561,0.3255235999999968
14999,332.68840670351472,277729886223,1,8.00829753279686,8.0231,8.013312,1.741,15899,0.001024,3.2767999999999997,,0.039936,0.16127999999999998,0,0.141568,0.0076799999999999993,0.0097279999999999988,,0.0048639999999999994,,1.951488,14999,12137,561,0.333748800000194
15000,332.69643570011334,277729966454,1,8.0289961770176888,7.7562,8.001024,1.8856,16387,0.001024,3.1843839999999997,,0.03584,0.15564799999999998,0,0.137216,0.007936,0.010239999999999999,,0.004608,,2.098176,15000,12138,561,0.34167750000005981
15001,332.70483020124715,277730044016,1,8.39450117200613,7.9806,8.013824,1.8309,16094,0.001024,3.1872,,0.040959999999999996,0.155392,0.000256,0.135424,0.0084479999999999989,0.0097279999999999988,,0.005376,,1.948416,15001,12139,561,0.34997680000014952
15002,332.71272030187072,277730123822,1,7.8901005908846855,8.1678,8.37888,2.2359,22171,0.0012799999999999999,3.276544,,0.040959999999999996,0.155904,0,0.136704,0.007424,0.009472,,0.005376,,2.070528,15002,12140,561,0.3580722000001515
15003,332.72102220096372,277730205500,1,8.3018988370895386,7.943,7.863808,1.9635,15899,0.001024,3.2936959999999997,,0.03968,0.162304,0.000256,0.14310399999999998,0.007936,0.0097279999999999988,,0.004096,,1.908992,15003,12141,561,0.36620859999993627
15004,332.72901439909293,277730284930,1,7.992197759449482,8.3377,8.29312,2.0748,22333,0.001024,3.177472,,0.040959999999999996,0.15564799999999998,0,0.136704,0.003328,0.010496,,0.005376,,2.032384,15004,12142,561,0.37425399999983711
15005,332.73698920068028,277730368307,1,7.9748015850782394,8.0428,7.964672,1.9601,15899,0.001024,3.1936,,0.0384,0.15462399999999998,0,0.135424,0.0076799999999999993,0.00896,,0.0048639999999999994,,2.043136,15005,12143,561,0.38245779999988372
15006,332.7448697987528,277730448735,1,7.8805983066558838,8.1828,7.948032,1.9288,16532,0.0012799999999999999,3.23712,,0.040959999999999996,0.15616,0,0.136704,0.0076799999999999993,0.0097279999999999988,,0.004352,,1.9430399999999999,15006,12144,561,0.39039400000001478
15007,332.75328350340135,277730530563,1,8.4137050434947014,8.0295,7.868928,1.8074,68265,0.001024,3.22944,,0.041728,0.155904,0,0.136192,0.012544,0,,0.014079999999999999,,2.0175359999999998,15007,12145,561,0.39861329999985173
15008,332.76164070294783,277730610858,1,8.3571998402476311,8.1902,8.399872,2.0134,29895,0.001024,3.180288,,0.045056,0.15872,0,0.137728,0.007424,0.009472,,0.004096,,1.746688,15008,12146,561,0.40685220000023037
15009,332.769686401644,277730692760,1,8.0456985160708427,7.9454,8.338688,1.9847,15899,0.001024,3.195648,,0.038911999999999995,0.16716799999999998,0.000256,0.147968,0.007936,0.0097279999999999988,,0.004608,,2.0085759999999997,15009,12147,561,0.41490280000016355
15010,332.77766870039682,277730772214,1,7.982298731803894,8.1814,8.022528,1.9584,16387,0.0012799999999999999,3.1715839999999997,,0.043264,0.156672,0.000256,0.13286399999999998,0.007936,0.010239999999999999,,0.004352,,2.1222399999999997,15010,12148,561,0.42339170000013837
15011,332.78573550170069,277730854028,1,8.0668013542890549,8.3238,7.96544,1.7639,15899,0.001024,3.304192,,0.039168,0.1536,0.000256,0.13286399999999998,0.0076799999999999993,0.010239999999999999,,0.004352,,2.041344,15011,12149,561,0.43110840000008466
15012,332.79402170493194,277730937266,1,8.2862032577395439,8.0203,8.051968,1.7414,24436,0.001024,3.240192,,0.038655999999999996,0.152064,0.000256,0.13312,0.0076799999999999993,0.0097279999999999988,,0.005376,,1.7469439999999998,15012,12150,561,0.43922320000001491
15013,332.80198800311791,277731017469,1,7.966298609972,8.4506,7.938048,2.1026,15899,0.001024,3.1872,,0.039168,0.15692799999999998,0.000256,0.137984,0.011007999999999999,0.03712,,0.004608,,2.154496,15013,12151,561,0.44724379999979647
15014,332.80980890022676,277731101975,1,7.8208968043327332,7.7019,7.96288,2.3743,16387,0.001024,3.230464,,0.039168,0.15462399999999998,0,0.134656,0.008192,0.006144,,0.034816,,1.98912,15014,12152,561,0.45492770000009841
15015,332.81742580073694,277731178994,1,7.616900373250246,8.1239,7.79264,1.8241,51041,0.001024,3.2962559999999996,,0.046848,0.16,0,0.140544,0.0076799999999999993,0.009472,,0.004096,,1.98528,15015,12153,561,0.46291590000009819
15016,332.82533870464852,277731260233,1,7.9129040241241455,8.0208,7.596544,1.7341,46535,0.001024,3.0996479999999997,,0.040704,0.154112,0,0.135424,0.0048639999999999994,0.009984,,0.0051199999999999996,,2.023168,15016,12154,561,0.47077189999981783
15017,332.83365189909296,277731340441,1,8.31319484859705,7.7401,7.896064,2.4778,15899,0.001024,3.1884799999999998,,0.0384,0.15488,0.000256,0.13568,0.004096,0.010496,,0.005632,,1.948416,15017,12155,561,0.4790235999998913
15018,332.841594005102,277731417842,1,7.9421056434512138,7.8875,8.298496,2.0552,16387,0.001024,3.097088,,0.03968,0.162048,0,0.132608,0.007936,0.009984,,0.004096,,2.22336,15018,12156,561,0.48675460000004023
15019,332.84996140164395,277731496717,1,8.3673968911170959,7.9147,7.925248,2.05,15899,0.001024,3.239168,,0.041471999999999995,0.154368,0.000256,0.133632,0.0076799999999999993,0.009472,,0.004608,,1.7469439999999998,15019,12157,561,0.49520140000004176
15020,332.85787540391158,277731575864,1,7.9140020534396172,8.29,8.34048,1.7845,19478,0.001024,3.235584,,0.041215999999999996,0.159744,0,0.140032,0.007424,0.0097279999999999988,,0.0051199999999999996,,2.518272,15020,12158,561,0.50340899999991962
15021,332.86599420351473,277731658764,1,8.11879988759756,7.7497,7.838208,2.3594,15951,0.001024,3.2901119999999997,,0.039424,0.155904,0,0.135936,0.007424,0.010752,,0.0048639999999999994,,2.0090879999999998,15021,12159,561,0.51112520000015138
15022,332.8739906037415,277731736261,1,7.996399886906147,8.3919,8.156928,2.1964,16387,0.001024,3.298816,,0.036351999999999995,0.165376,0,0.145664,0.006144,0.011776,,0.004352,,2.031104,15022,12160,561,0.51925829999981943
15023,332.88198250425171,277731820180,1,7.99190066754818,8.2631,7.987712,2.0979,15899,0.001024,3.202304,,0.039424,0.153856,0,0.134912,0.007424,0.0097279999999999988,,0.0038399999999999997,,1.9479039999999999,15023,12161,561,0.52717859999984285
15024,332.89012820294784,277731902811,1,8.1456983461976051,7.6868,7.970048,1.8732,16387,0.001024,3.2683519999999997,,0.037632,0.159488,0,0.13952,0.0076799999999999993,0.011264,,0.004608,,1.936896,15024,12162,561,0.535311499999807
15025,332.8983670989229,277731979679,1,8.2388957962393761,8.1333,8.131072,2.0274,33470,0.001024,3.292416,,0.040959999999999996,0.150528,0.000256,0.130048,0.0076799999999999993,0.010496,,0.0051199999999999996,,2.10688,15025,12163,561,0.54369459999998071
15026,332.90639430272108,277732061012,1,8.027203381061554,7.903,8.2304,1.8937,30772,0.001024,3.238912,,0.04224,0.155392,0.000256,0.13568,0.0076799999999999993,0.010752,,0.0048639999999999994,,1.746688,15026,12164,561,0.551564899999903
15027,332.91419870323131,277732140042,1,7.8044002875685692,8.1732,7.998976,1.8913,15899,0.001024,3.274496,,0.03584,0.158976,0,0.13977599999999998,0.0076799999999999993,0.0097279999999999988,,0.005888,,2.19264,15027,12165,561,0.55978279999999359
15028,332.92233800311789,277732221774,1,8.1393001601099968,8.3148,7.784192,1.7916,16387,0.001024,3.199232,,0.039936,0.154368,0,0.13568,0.007424,0.010239999999999999,,0.003072,,1.746176,15028,12166,561,0.567596599999888
15029,332.93040600198412,277732304922,1,8.06799903512001,7.9254,8.110592,1.936,33470,0.001024,3.2980479999999996,,0.038655999999999996,0.15462399999999998,0,0.134912,0.007424,0.009472,,0.004096,,2.114048,15029,12167,561,0.575760000000173
15030,332.93874270124718,277732384176,1,8.3366995677351952,8.1444,8.051456,1.7873,30772,0.0012799999999999999,3.29216,,0.037888,0.16025599999999998,0,0.135424,0.0076799999999999993,0.009472,,0.0038399999999999997,,2.061824,15030,12168,561,0.58418329999994967
15031,332.94651690051018,277732465620,1,7.7741993591189384,7.8907,8.310016,1.7997,15899,0.001024,3.273472,,0.039168,0.155904,0,0.136192,0.007936,0.009472,,0.005632,,2.069504,15031,12169,561,0.59244209999997111
15032,332.95475,277732544527,1,8.23309924453497,8.0639,7.76192,1.9232,16387,0.001024,3.17568,,0.036095999999999996,0.157184,0.000256,0.13747199999999998,0.003584,0.009984,,0.0048639999999999994,,1.74976,15032,12170,561,0.60004509999998845
15033,332.96270449971655,277732625166,1,7.9544996842741966,8.4287,8.219136,2.3985,16101,0.001024,3.200768,,0.039936,0.15744,0,0.13696,0.007424,0.010239999999999999,,0.0038399999999999997,,2.0756479999999997,15033,12171,561,0.60805740000023434
15034,332.97080150226753,277732709453,1,8.0970022827386856,8.2696,7.933696,2.0743,16387,0.001024,3.272448,,0.047616,0.15692799999999998,0,0.134656,0.0076799999999999993,0.009472,,0.0038399999999999997,,1.920512,15034,12172,561,0.61621950000017023
15035,332.97858929988661,277732792149,1,7.787797600030899,7.671,8.07424,1.9985,15899,0.001024,3.177216,,0.037888,0.162816,0,0.141312,0.0076799999999999993,0.0097279999999999988,,0.004352,,1.9742719999999998,15035,12173,561,0.62386259999993854
15036,332.98738250425168,277732868859,1,8.793204091489315,7.9117,7.762176,1.8295,33958,0.001024,3.237376,,0.044544,0.150528,0,0.130304,0.007424,0.010239999999999999,,0.004096,,1.7469439999999998,15036,12174,561,0.63264609999987442
15037,332.99494840561221,277732947976,1,7.5659011490643024,8.2698,8.782848,1.996,30284,0.20864,3.2906239999999998,,0.041215999999999996,0.16025599999999998,0,0.140544,0.007424,0.011776,,0.0048639999999999994,,2.125312,15037,12175,561,0.64041630000019723
15038,333.00285790107711,277733030674,1,7.9094953835010529,7.6275,7.54304,1.8462,139384,0.001024,3.1884799999999998,,0.033791999999999996,0.16153599999999999,0,0.142848,0.004608,0.010239999999999999,,0.005376,,2.031104,15038,12176,561,0.64862360000006447
15039,333.0111281037415,277733106949,1,8.2702022045850754,8.7287,7.8784,2.043,125379,0.001024,3.2798719999999997,,0.042496,0.157184,0,0.137728,0.003328,0.009984,,0.0048639999999999994,,1.7469439999999998,15039,12177,561,0.65658910000001924
15040,333.0191375,277733194236,1,8.009396493434906,7.8318,8.25984,2.1337,51529,0.001024,3.2767999999999997,,0.039168,0.164608,0.000256,0.14540799999999998,0.0038399999999999997,0.00896,,0.004608,,2.100736,15040,12178,561,0.66443660000004456
15041,333.0272616000567,277733272554,1,8.1241000443696976,8.0077,7.98208,1.8191,46047,0.0012799999999999999,3.173888,,0.036351999999999995,0.16588799999999998,0,0.147456,0.004352,0.009984,,0.005376,,2.249216,15041,12179,561,0.67255179999983739
15042,333.0353,277733352631,1,8.0383997410535812,8.1671,8.115968,2.0708,33958,0.001024,3.276032,,0.042496,0.15231999999999998,0,0.131328,0.0076799999999999993,0.0097279999999999988,,0.005376,,2.1058559999999997,15042,12180,561,0.6804482000002281
15043,333.04289150368481,277733434302,1,7.5915036723017693,7.7231,8.025344,2.1828,30284,0.0012799999999999999,3.2394239999999996,,0.040959999999999996,0.172544,0,0.132352,0.0076799999999999993,0.010496,,0.004352,,1.7489919999999999,15043,12181,561,0.68810940000003029
15044,333.05063720238093,277733511533,1,7.7456985600292683,8.2425,7.560448,1.878,16387,0.001024,3.1728639999999997,,0.035072,0.162048,0,0.141056,0.0084479999999999989,0.001792,,0.012544,,1.9330559999999999,15044,12182,561,0.69618360000004031
15045,333.05854640022676,277733593958,1,7.9091982915997505,7.8872,7.72864,1.8689,16101,0.001024,3.273472,,0.039936,0.15692799999999998,0.000256,0.135424,0.006656,0.0097279999999999988,,0.004096,,2.083328,15045,12183,561,0.70453660000021046
15046,333.06665420209748,277733672830,1,8.1078018993139267,7.6603,7.89376,2.2787,23073,0.001024,3.0976,,0.035584,0.15744,0,0.137216,0.005888,0.013824,,0.009472,,1.7469439999999998,15046,12184,561,0.71192999999993845
15047,333.074619005102,277733749433,1,7.9648029059171677,8.0199,8.079616,2.5784,15899,0.001024,3.2980479999999996,,0.038655999999999996,0.15564799999999998,0,0.13568,0.0076799999999999993,0.010496,,0.005632,,2.0508159999999998,15047,12185,561,0.72001760000011927
15048,333.08296550453514,277733829632,1,8.3464998751878738,7.966,7.932416,1.963,16387,0.006144,3.2327679999999996,,0.040959999999999996,0.15462399999999998,0,0.133632,0.008192,0.009472,,0.004096,,1.9391999999999998,15048,12186,561,0.72860260000015842
15049,333.09079880243763,277733909292,1,7.8332982957363129,7.8477,8.352512,1.8468,15899,0.001024,3.287808,,0.039936,0.154368,0,0.134656,0.007424,0.009216,,0.0051199999999999996,,2.276096,15049,12187,561,0.73649350000005143
15050,333.09895359977321,277733987769,1,8.1547973677515984,7.9817,7.788032,2.5874,16387,0.001024,3.3003519999999997,,0.039936,0.159744,0.000256,0.140032,0.0038399999999999997,0.012544,,0.0051199999999999996,,1.746688,15050,12188,561,0.74469600000020364
15051,333.10688060515872,277734067586,1,7.9270051792263985,8.596,8.14976,2.2142,15899,0.001024,3.2949759999999997,,0.035328,0.15488,0,0.134656,0.0076799999999999993,0.011519999999999999,,0.0048639999999999994,,1.9911679999999998,15051,12189,561,0.75331539999979213
15052,333.11543939909296,277734153546,1,8.5587939247488976,7.856,7.91552,2.5844,16387,0.001024,3.289344,,0.038655999999999996,0.156416,0,0.136192,0.003584,0.010239999999999999,,0.005376,,2.014208,15052,12190,561,0.7614662999999382
15053,333.12328180272107,277734232106,1,7.8424038365483284,8.2948,8.545792,2.1965,15899,0.0012799999999999999,3.28576,,0.036095999999999996,0.153856,0,0.1344,0.007424,0,,0.037632,,2.056704,15053,12191,561,0.76877990000002683
15054,333.13121760204081,277734315054,1,7.9357996582984924,8.4684,7.821312,2.3911,16387,0.001024,3.1777279999999997,,0.039424,0.15103999999999998,0,0.132608,0.003584,0.009984,,0.004608,,2.051328,15054,12192,561,0.77665079999997033
15055,333.13949580498866,277734399738,1,8.278203196823597,8.3527,7.913728,2.2758,33470,0.001024,3.192064,,0.039168,0.15564799999999998,0.000256,0.13568,0.0076799999999999993,0.010752,,0.004096,,1.953536,15055,12193,561,0.78538609999986875
15056,333.14774420351472,277734483265,1,8.2483980804681778,7.2799,8.26368,1.9861,30772,0.001024,3.2895999999999996,,0.039424,0.155904,0,0.131072,0.007936,0.010496,,0.003584,,2.210304,15056,12194,561,0.7930132000001322
15057,333.15626330073695,277734556064,1,8.5190972313284874,7.8459,8.235264,2.3655,15899,0.001024,3.300096,,0.039168,0.15564799999999998,0,0.136192,0.0076799999999999993,0.011776,,0.005376,,1.746432,15057,12195,561,0.80172480000010182
15058,333.16442540391154,277734634523,1,8.1621035933494568,8.6853,8.4992,1.9264,16784,0.001024,3.2714239999999997,,0.037376,0.159488,0,0.13977599999999998,0.0076799999999999993,0.009984,,0.0051199999999999996,,2.205184,15058,12196,561,0.80977230000007694
15059,333.17248929988659,277734721376,1,8.0638956278562546,7.7362,8.136448,1.8906,15899,0.001024,3.292672,,0.035328,0.15488,0,0.13696,0.0038399999999999997,0.0097279999999999988,,0.004608,,2.101504,15059,12197,561,0.81776750000017273
15060,333.18057180413831,277734798738,1,8.0825043842196465,8.5337,8.04352,2.0933,16387,0.001024,3.244032,,0.038655999999999996,0.147968,0.000256,0.129792,0.007424,0.010239999999999999,,0.004608,,2.2213119999999997,15060,12198,561,0.82572940000000017
15061,333.18908080357141,277734884075,1,8.5089998319745064,8.2093,8.069376,1.9666,15899,0.001024,3.237632,,0.041215999999999996,0.157696,0,0.13696,0.0076799999999999993,0.009472,,0.004096,,2.031104,15061,12199,561,0.83431639999980689
15062,333.19681830357143,277734966168,1,7.7375001274049282,7.9795,8.4928,1.8328,16387,0.0012799999999999999,3.269888,,0.037376,0.153856,0.000256,0.13414399999999999,0.007424,0.0097279999999999988,,0.0051199999999999996,,2.195712,15062,12200,561,0.84201110000003609
15063,333.20480470521539,277735045963,1,7.9864012077450752,8.0111,7.602944,2.0453,21683,0.001024,3.1969279999999998,,0.040448,0.156416,0,0.137216,0.007424,0.0097279999999999988,,0.0051199999999999996,,1.748224,15063,12201,561,0.84999060000018289
15064,333.21300350056686,277735126074,1,8.1987949088215828,8.5462,8.067072,1.8054,16387,0.001024,3.2967679999999997,,0.041215999999999996,0.157696,0,0.137728,0.007424,0.0097279999999999988,,0.005632,,2.016512,15064,12202,561,0.85833749999983411
15065,333.22120260062354,277735211536,1,8.1991003826260567,7.6962,8.186368,1.9885,15899,0.001024,3.289088,,0.039168,0.154368,0,0.13414399999999999,0.004096,0.009984,,0.0051199999999999996,,1.9509759999999998,15065,12203,561,0.86648560000003272
15066,333.22889739937642,277735288498,1,7.6947985216975212,7.9574,8.188416,2.0555,16387,0.001024,3.099392,,0.037376,0.154368,0.000256,0.1344,0.010752,0.010496,,0.005376,,2.179328,15066,12204,561,0.87407519999987926
15067,333.237185600907,277735368072,1,8.2882018759846687,8.327,7.668736,2.0053,15899,0.0012799999999999999,3.101184,,0.038911999999999995,0.152576,0,0.133888,0.004096,0.009216,,0.005376,,2.107392,15067,12205,561,0.8823790999999801
15068,333.24498550170068,277735451342,1,7.7999006025493145,8.1944,8.261632,1.8706,16387,0.001024,3.181056,,0.040959999999999996,0.160512,0,0.141568,0.0076799999999999993,0.011007999999999999,,0.004096,,2.187264,15068,12206,561,0.89082650000000285
15069,333.25295380527211,277735533286,1,7.9683037474751472,7.6097,7.778304,1.7617,15899,0.001024,3.1808,,0.035584,0.156672,0.000256,0.137728,0.003584,0.009984,,0.005376,,2.0254719999999997,15069,12207,561,0.89877109999997629
15070,333.26111640447846,277735609383,1,8.1625990569591522,8.2789,7.952128,1.9534,16734,0.0012799999999999999,3.1045119999999997,,0.03584,0.16512,0.000256,0.140544,0.008704,0.009472,,0.004608,,1.747456,15070,12208,561,0.90639229999987947
15071,333.269172803288,277735692172,1,8.0563984811306,8.4397,8.147968,2.0337,15951,0.001024,3.234816,,0.038655999999999996,0.15744,0,0.136704,0.0076799999999999993,0.009216,,0.0063999999999999994,,2.11712,15071,12209,561,0.91474610000022949
15072,333.27775170068026,277735776569,1,8.5788974538445473,7.8419,8.038656,1.8126,16387,0.001024,3.268096,,0.039424,0.150784,0.000256,0.132096,0.0076799999999999993,0.009984,,0.003328,,1.9512319999999999,15072,12210,561,0.92339640000000145
15073,333.28606300311787,277735854988,1,8.3113024011254311,7.7433,8.555008,1.9829,15899,0.001024,3.29216,,0.040448,0.15616,0,0.13644799999999999,0.007424,0.009472,,0.0048639999999999994,,2.195456,15073,12211,561,0.931439599999976
15074,333.29468759920633,277735932421,1,8.6245965212583542,8.2639,8.300288,1.9285,16387,0.0012799999999999999,3.2962559999999996,,0.04224,0.16025599999999998,0.000256,0.13977599999999998,0.003328,0.0097279999999999988,,0.0048639999999999994,,1.95712,15074,12212,561,0.94010740000021542
15075,333.30262610544219,277736015060,1,7.938506081700325,8.6923,8.60544,1.8951,15899,0.001024,3.2919039999999997,,0.03968,0.155392,0,0.1344,0.012288,0.0097279999999999988,,0.0048639999999999994,,2.37568,15075,12213,561,0.948077099999864
15076,333.31095520124717,277736101983,1,8.3290962502360344,8.0548,7.92832,2.0071,16387,0.001024,3.234048,,0.041728,0.15564799999999998,0,0.13568,0.003328,0.009984,,0.005632,,1.747712,15076,12214,561,0.95624940000016068
15077,333.31885740504532,277736182531,1,7.9022040590643883,8.6731,8.305664,2.1503,16094,0.001024,3.2834559999999997,,0.041984,0.15872,0.000256,0.137984,0.0076799999999999993,0.0097279999999999988,,0.003584,,2.151936,15077,12215,561,0.96416039999985514
15078,333.32717130102037,277736269262,1,8.3138961344957352,7.9424,7.895296,1.7942,16387,0.001024,3.292416,,0.039424,0.15923199999999998,0,0.13849599999999998,0.0076799999999999993,0.010239999999999999,,0.004608,,1.9543039999999998,15078,12216,561,0.97238180000022112
15079,333.3348466057256,277736348686,1,7.6753045432269573,8.2489,8.290304,1.979,15899,0.0012799999999999999,3.095296,,0.040192,0.15488,0,0.13568,0.007424,0.009984,,0.0051199999999999996,,2.0961279999999998,15079,12217,561,0.98005490000014106
15080,333.34298380102041,277736431175,1,8.1371953710913658,7.805,7.643136,2.0718,16387,0.001024,3.1969279999999998,,0.043008,0.158208,0,0.137728,0.007936,0.010239999999999999,,0.004096,,1.7454079999999998,15080,12218,561,0.98811840000007578
15081,333.3508017998866,277736509225,1,7.81799852848053,8.2994,8.058112,1.8656,15899,0.001024,3.183872,,0.044031999999999995,0.40038399999999996,0,0.13055999999999998,0.009216,0.0097279999999999988,,0.004096,,1.9494399999999998,15081,12219,561,0.99609890000010637
15082,333.35932310090703,277736592219,1,8.5213007405400276,7.6808,7.866112,1.8139,45627,0.001024,3.233024,,0.039936,0.151808,0,0.13183999999999998,0.007424,0.00896,,0.004608,,2.070016,15082,12220,562,0.0031076000000211934
15083,333.36693820153062,277736669027,1,7.6151005923748016,8.0964,8.47488,2.2474,15899,0.001024,3.296512,,0.039424,0.152576,0,0.133632,0.007936,0.009216,,0.0051199999999999996,,1.747968,15083,12221,562,0.010098899999775313
15084,333.37520390447844,277736749991,1,8.265702985227108,7.9131,7.625984,0.4228,16387,0.001024,3.268096,,0.038911999999999995,0.152576,0,0.1344,0.004352,0.010496,,0.004352,,1.9711999999999998,15084,12222,562,0.017991400000028079
15085,333.38340040391154,277736829122,1,8.1964991986751556,9.3262,0.035328,1.9066,15899,0.001024,3.2901119999999997,,0.041471999999999995,0.156416,0,0.136192,0.007424,0.009472,,0.004608,,2.005248,15085,12223,562,0.026267599999755475
15086,333.39103480017008,277736922384,1,7.6343961991369724,7.0181,8.18048,1.9346,16387,0.001024,3.18592,,0.03712,0.156416,0,0.13644799999999999,0.003328,0.0097279999999999988,,0.0038399999999999997,,2.167808,15086,12224,562,0.034346500000083324
15087,333.39922890447843,277736992565,1,8.19410476833582,7.9232,7.592448,2.1232,15899,0.001024,3.1032319999999998,,0.039168,0.16614399999999999,0,0.146432,0.0084479999999999989,0.009472,,0.005376,,1.7471999999999999,15087,12225,562,0.042419599999902857
15088,333.40716190476189,277737071797,1,7.9330001026391983,8.2366,8.170752,2.2083,16387,0.001024,3.234304,,0.043519999999999996,0.531968,0,0.1344,0.010496,0.0012799999999999999,,0.014079999999999999,,1.965568,15088,12226,562,0.05000770000015109
15089,333.415708701814,277737154163,1,8.546796627342701,8.1141,7.931136,1.9123,15899,0.001024,3.232256,,0.041471999999999995,0.174592,0,0.15488,0.0084479999999999989,0.002304,,0.012544,,2.0357119999999997,15089,12227,562,0.059047499999905995
15090,333.42338870464852,277737235304,1,7.6800030656158924,7.9873,8.523264,1.9517,16387,0.001024,3.265792,,0.040192,0.155392,0,0.13568,0.007424,0.011776,,0.004096,,2.053376,15090,12228,562,0.066237600000022212
15091,333.43140620039679,277737315177,1,8.0174962058663368,7.6636,7.659264,1.7794,15899,0.001024,3.1746559999999997,,0.03456,0.15744,0.000256,0.13849599999999998,0.007424,0.0097279999999999988,,0.005376,,2.029824,15091,12229,562,0.074403799999799958
15092,333.43962670068026,277737391813,1,8.2205003127455711,9.0043,8.005888,1.9058,16387,0.001024,3.2363519999999997,,0.0384,0.157696,0,0.137984,0.003328,0.0097279999999999988,,0.0051199999999999996,,1.9878399999999998,15092,12230,562,0.082529199999953562
15093,333.447925,277737481856,1,8.29829927533865,7.2305,8.20736,1.9843,15899,0.001024,3.184128,,0.03968,0.15103999999999998,0.000256,0.13183999999999998,0.007168,0.0097279999999999988,,0.004096,,2.228736,15093,12231,562,0.0909790000000612
15094,333.45598530328795,277737554161,1,8.0603035166859627,8.1041,8.297984,2.0638,16387,0.001024,3.185152,,0.04224,0.152576,0,0.13312,0.0076799999999999993,0.0097279999999999988,,0.005376,,1.747456,15094,12232,562,0.09886770000002798
15095,333.46355260062359,277737635202,1,7.567297201603651,8.1672,8.030208,1.8765,16101,0.001024,3.178752,,0.033791999999999996,0.161024,0,0.142336,0.004096,0.009984,,0.0051199999999999996,,2.055168,15095,12233,562,0.10653550000006362
15096,333.47128510487528,277737716874,1,7.7325040474534035,8.3721,7.540992,2.3258,16634,0.001024,3.171328,,0.03456,0.15744,0.000256,0.137728,0.007424,0.008192,,0.006656,,1.946624,15096,12234,562,0.11456529999986742
15097,333.47924320436505,277737800595,1,7.9580992460250854,7.9695,7.71328,1.7367,15899,0.001024,3.279104,,0.039424,0.152064,0,0.133632,0.0076799999999999993,0.010496,,0.0051199999999999996,,1.9660799999999998,15097,12235,562,0.12236849999999322
15098,333.48707480158731,277737880290,1,7.83159676939249,7.6636,7.944448,2.4854,16387,0.001024,3.1964159999999997,,0.038144,0.157696,0,0.13849599999999998,0.007424,0.011264,,0.004608,,1.747712,15098,12236,562,0.13001769999982571
15099,333.49508830073694,277737956926,1,8.0134989693760872,8.0126,7.808768,1.9546,15899,0.001024,3.101184,,0.041984,0.158464,0,0.13824,0.010752,0.009984,,0.005376,,1.9527679999999998,15099,12237,562,0.1380447000001368
15100,333.50340690192741,277738037052,1,8.3186011761426926,7.7425,7.995904,1.7843,16387,0.001024,3.183872,,0.048639999999999996,0.15872,0.000256,0.13696,0.0097279999999999988,0.006144,,0.007936,,2.203392,15100,12238,562,0.14641799999981231
15101,333.5114676020408,277738114477,1,8.0607002601027489,7.7359,8.303104,1.7731,15899,0.001024,3.188224,,0.040704,0.158976,0,0.13747199999999998,0.0076799999999999993,0.011519999999999999,,0.0051199999999999996,,1.7471999999999999,15101,12239,562,0.1545099999998456
15102,333.51932069869611,277738191836,1,7.8530963510274887,7.9823,8.014848,1.9965,16387,0.001024,3.177984,,0.037376,0.16768,0,0.148736,0.0038399999999999997,0.009984,,0.004608,,2.207488,15102,12240,562,0.16224710000005871
15103,333.5277158021542,277738271659,1,8.3951037377119064,8.4369,7.848704,1.8936,15899,0.001024,3.17056,,0.035584,0.15616,0.000256,0.137728,0.007424,0.010496,,0.004608,,2.123776,15103,12241,562,0.17062780000014754
15104,333.53567220096369,277738356028,1,7.9563986510038376,8.0367,8.367616,2.1113,16387,0.001024,3.2762879999999996,,0.040959999999999996,0.158464,0,0.13824,0.007424,0.009472,,0.0048639999999999994,,2.203392,15104,12242,562,0.178521499999988
15105,333.54392850056689,277738436395,1,8.2562994211912155,7.7102,7.948032,1.7315,15899,0.001024,3.2368639999999997,,0.041471999999999995,0.158464,0,0.13849599999999998,0.003328,0.010239999999999999,,0.0048639999999999994,,1.746432,15105,12243,562,0.18674120000014227
15106,333.55182020266437,277738513497,1,7.8917024657130241,8.41,8.2368,1.8057,16387,0.001024,3.2688639999999998,,0.040704,0.15488,0.000256,0.135424,0.007424,0.0097279999999999988,,0.0048639999999999994,,1.948928,15106,12244,562,0.19466529999999693
15107,333.56010200538549,277738597597,1,8.2818027585744858,7.9222,7.871232,2.2384,16101,0.001024,3.172352,,0.22195199999999998,0.160768,0.000256,0.140288,0.003584,0.0097279999999999988,,0.003584,,2.3802879999999997,15107,12245,562,0.20325509999975111
15108,333.56808920068028,277738676819,1,7.9871956259012222,8.2137,8.24448,1.9298,23021,0.001024,3.2972799999999998,,0.041471999999999995,0.162816,0,0.142848,0.007424,0.0097279999999999988,,0.005376,,2.0756479999999997,15108,12246,562,0.21109539999997651
15109,333.5757169005102,277738758956,1,7.6276999898254871,7.956,7.98464,2.068,15899,0.001024,3.2345599999999997,,0.039168,0.154112,0,0.134912,0.003584,0.000512,,0.030976,,2.267648,15109,12247,562,0.21854080000002796
15110,333.58358390022676,277738838516,1,7.8670000657439232,8.2896,7.598592,2.052,16387,0.001024,3.1866879999999997,,0.035584,0.160512,0,0.14079999999999998,0.004352,0.011007999999999999,,0.0048639999999999994,,1.9560959999999998,15110,12248,562,0.22648879999997007
15111,333.5917292020975,277738921412,1,8.1453016027808189,8.141,7.844096,2.1706,15899,0.0012799999999999999,3.179776,,0.03456,0.164096,0,0.145152,0.011007999999999999,0.009472,,0.0051199999999999996,,2.062848,15111,12249,562,0.23463709999987259
15112,333.60007120181405,277739002822,1,8.3419997245073318,7.3975,8.137984,1.7768,16387,0.001024,3.274752,,0.039936,0.15872,0.000256,0.13849599999999998,0.0076799999999999993,0.010239999999999999,,0.0038399999999999997,,1.7456639999999999,15112,12250,562,0.24286739999979545
15113,333.60791450538545,277739076797,1,7.843303494155407,7.9752,8.315648,1.8105,15899,0.001024,3.2381439999999997,,0.041215999999999996,0.156416,0,0.13747199999999998,0.0076799999999999993,0.009472,,0.004608,,2.4424959999999998,15113,12251,562,0.25084599999991042
15114,333.61584870323128,277739156549,1,7.9341977834701538,8.1221,7.778048,2.4913,16387,0.001024,3.271168,,0.039168,0.158976,0,0.13696,0.007936,0.011519999999999999,,0.004608,,1.747456,15114,12252,562,0.258835199999794
15115,333.62360740504533,277739237770,1,7.75870168581605,8.2548,7.962112,2.052,16094,0.001024,3.1777279999999997,,0.040704,0.163072,0.000256,0.140288,0.007936,0.009984,,0.0051199999999999996,,2.041344,15115,12253,562,0.26650000000017826
15116,333.63154640022674,277739320318,1,7.9389950260519981,7.9492,7.737344,2.1315,16387,0.001024,3.1764479999999997,,0.035072,0.15564799999999998,0,0.137216,0.003584,0.009984,,0.004608,,2.0339199999999997,15116,12254,562,0.27448469999990266
15117,333.63975670351471,277739399810,1,8.2103032618761063,8.0418,7.917568,1.8931,15899,0.001024,3.1808,,0.03968,0.165632,0,0.144128,0.007424,0.009984,,0.0048639999999999994,,1.9548159999999999,15117,12255,562,0.28271129999984623
15118,333.64768680555557,277739480228,1,7.9301018267869949,7.6318,8.197888,1.7987,16387,0.0012799999999999999,3.269376,,0.037376,0.152064,0,0.132608,0.007424,0.010239999999999999,,0.0048639999999999994,,2.056704,15118,12256,562,0.29056360000004133
15119,333.65614420351471,277739556546,1,8.4573980420827866,7.9678,7.867136,2.3945,15899,0.001024,3.238912,,0.03456,0.17536,0,0.155904,0.007936,0.0097279999999999988,,0.0051199999999999996,,1.746176,15119,12257,562,0.29898050000019794
15120,333.66393660005667,277739636224,1,7.79239647090435,8.221,8.470528,1.8466,16589,0.001024,3.273984,,0.038911999999999995,0.15564799999999998,0.000256,0.135936,0.003328,0.009984,,0.0051199999999999996,,2.592,15120,12258,562,0.30676349999976082
15121,333.67200700113375,277739718434,1,8.0704009160399437,7.894,7.7696,2.3715,15951,0.001024,3.274496,,0.040192,0.152064,0,0.13183999999999998,0.0076799999999999993,0.009984,,0.004352,,1.957376,15121,12259,562,0.31490840000014941
15122,333.67991680130382,277739797374,1,7.9097999259829521,8.3994,8.04352,1.9161,16387,0.001024,3.242752,,0.040704,0.163328,0.000256,0.141312,0.0076799999999999993,0.009472,,0.004352,,2.18496,15122,12260,562,0.322701799999777
15123,333.68761550453513,277739881368,1,7.6987030915915966,7.8098,7.895808,1.9165,15899,0.001024,3.277056,,0.041471999999999995,0.159488,0,0.140032,0.007424,0.009472,,0.0038399999999999997,,1.936896,15123,12261,562,0.33045850000007704
15124,333.69546510062355,277739959466,1,7.8495964407920837,8.134,7.677184,1.9149,16387,0.001024,3.1861759999999997,,0.039424,0.154368,0,0.134656,0.007424,0.009984,,0.004608,,1.9264,15124,12262,562,0.33859029999985069
15125,333.70335690192741,277740040806,1,7.8918011859059334,7.8104,7.832064,2.0127,15899,0.001024,3.22816,,0.038911999999999995,0.164608,0.000256,0.145152,0.005888,0.0097279999999999988,,0.0038399999999999997,,2.0864,15125,12263,562,0.34626969999999346
15126,333.71101439909296,277740118910,1,7.6574971899390221,7.7294,7.869952,1.9832,16387,0.001024,3.106048,,0.040704,0.15744,0,0.13696,0.008192,0.009472,,0.005376,,1.74592,15126,12264,562,0.35411879999992379
15127,333.71888129960314,277740196204,1,7.8669004142284393,8.0012,7.629056,1.9616,15899,0.001024,3.0973439999999997,,0.038655999999999996,0.153088,0,0.134656,0.007424,0.009984,,0.003584,,2.0925439999999997,15127,12265,562,0.36169629999994868
15128,333.72694080215416,277740276216,1,8.0595025792717934,7.8183,7.86176,1.9889,16387,0.001024,3.17312,,0.038911999999999995,0.161792,0,0.14336,0.012288,0.010239999999999999,,0.0048639999999999994,,1.937408,15128,12266,562,0.37000660000012431
15129,333.73468300028344,277740354399,1,7.742198184132576,7.8464,8.030208,2.0387,15899,0.001024,3.2737279999999997,,0.040704,0.153856,0,0.1344,0.007424,0.010239999999999999,,0.005632,,2.029312,15129,12267,562,0.37767399999984264
15130,333.74264029903628,277740432863,1,7.9572983086109161,7.5532,7.72224,2.0095,16387,0.001024,3.103488,,0.03968,0.157696,0,0.138752,0.007424,0.009984,,0.0038399999999999997,,2.050048,15130,12268,562,0.3855333999999857
15131,333.75052210175738,277740508395,1,7.8818025067448616,8.2214,7.934976,1.7532,15899,0.183808,3.1009279999999997,,0.040704,0.15231999999999998,0,0.132352,0.0076799999999999993,0.010239999999999999,,0.0051199999999999996,,1.9343359999999998,15131,12269,562,0.3935418999999456
15132,333.75875420209752,277740590609,1,8.2320999354124069,7.7594,7.850752,1.7561,16589,0.001024,3.1751679999999998,,0.041215999999999996,0.15564799999999998,0,0.135936,0.007168,0.0097279999999999988,,0.0038399999999999997,,2.10688,15132,12270,562,0.40232550000018819
15133,333.76708880385485,277740668203,1,8.3346012979745865,7.8855,8.21632,1.8108,15899,0.004608,3.1075839999999997,,0.041215999999999996,0.15923199999999998,0,0.140032,0.0076799999999999993,0.010496,,0.0051199999999999996,,1.747712,15133,12271,562,0.41019890000006853
15134,333.77553100198412,277740747058,1,8.4421979263424873,7.8757,8.310784,2.0424,22366,0.001024,3.23968,,0.038655999999999996,0.160768,0.001792,0.141824,0.010752,0.002304,,0.009984,,2.030592,15134,12272,562,0.4187885000001188
15135,333.78373610402491,277740825815,1,8.2051018252968788,8.8774,8.418816,1.9302,15899,0.001024,3.286272,,0.041471999999999995,0.151552,0,0.13183999999999998,0.007424,0.009472,,0.004352,,2.27712,15135,12273,562,0.42681549999997515
15136,333.79245440051017,277740914589,1,8.7182968854904175,7.8368,8.182784,2.4435,16387,0.001024,3.23712,,0.035584,0.155904,0.000256,0.135936,0.007424,0.012032,,0.0051199999999999996,,2.1155839999999997,15136,12274,562,0.43549269999994067
15137,333.80066349914966,277740992957,1,8.2090990617871284,8.6257,8.704256,2.0383,15899,0.001024,3.2168959999999998,,0.041215999999999996,0.16127999999999998,0,0.142336,0.003072,0.0097279999999999988,,0.0038399999999999997,,1.916928,15137,12275,562,0.44378229999983887
15138,333.80899299886619,277741079214,1,8.3294995129108429,8.0416,8.188672,1.8358,16387,0.001024,3.299328,,0.033791999999999996,0.156416,0,0.137216,0.008704,0.009984,,0.0038399999999999997,,1.747968,15138,12276,562,0.45205159999977695
15139,333.81803070436507,277741159630,1,9.0377051383256912,8.6895,8.305408,1.8584,15899,0.001024,3.178752,,0.041471999999999995,0.15616,0.000256,0.136192,0.007424,0.010239999999999999,,0.005376,,1.977088,15139,12277,562,0.46101869999984046
15140,333.82566760204082,277741246525,1,7.63689773157239,8.2153,9.032192,1.8416,16387,0.001024,3.1808,,0.04224,0.162048,0,0.14336,0.0076799999999999993,0.009984,,0.004096,,2.6849279999999998,15140,12278,562,0.46876560000009704
15141,333.833970904195,277741328678,1,8.3033023402094841,8.3182,7.61216,1.8284,15899,0.001024,3.18592,,0.036608,0.156416,0,0.13696,0.005376,0,,0.014336,,1.9530239999999999,15141,12279,562,0.47697430000016539
15142,333.8421145053855,277741411860,1,8.1436010077595711,8.9644,8.272384,1.8568,16387,0.001024,3.289344,,0.042496,0.162816,0,0.143872,0.007424,0.009984,,0.004096,,2.0864,15142,12280,562,0.485135899999932
15143,333.850661401644,277741501504,1,8.5468962788581848,7.6486,8.113152,2.1853,15899,0.001024,3.2599039999999997,,0.039424,0.151552,0,0.132096,0.0076799999999999993,0.009984,,0.0051199999999999996,,1.7454079999999998,15143,12281,562,0.49372889999995095
15144,333.8593566043084,277741577990,1,8.6952028796076775,8.2813,8.542976,1.8303,19283,0.001024,3.18208,,0.036095999999999996,0.158976,0,0.13977599999999998,0.007424,0.0097279999999999988,,0.003584,,2.212608,15144,12282,562,0.50315619999992123
15145,333.86774190051017,277741660803,1,8.38529597967863,8.2186,8.640512,1.8364,15899,0.001024,3.243776,,0.039168,0.16255999999999998,0,0.142848,0.007424,0.011776,,0.004096,,1.985792,15145,12283,562,0.51082689999975628
15146,333.87629710175736,277741742989,1,8.555200882256031,8.4804,8.402944,1.8352,16439,0.001024,3.19488,,0.041215999999999996,0.16025599999999998,0,0.13977599999999998,0.007936,0.0097279999999999988,,0.005376,,2.2563839999999997,15146,12284,562,0.51926289999983055
15147,333.88486680130382,277741827793,1,8.5696997120976448,9.2627,8.530944,1.8613,15899,0.001024,3.1746559999999997,,0.037376,0.151552,0,0.13183999999999998,0.007424,0.0097279999999999988,,0.0038399999999999997,,2.405376,15147,12285,562,0.5282785999997941
15148,333.89341490221085,277741920420,1,8.5481004789471626,7.8418,8.562432,1.8759,16387,0.001024,3.304192,,0.035584,0.14899199999999999,0.000256,0.13055999999999998,0.007424,0.009984,,0.004352,,2.035456,15148,12286,562,0.536350400000174
15149,333.901435303288,277741998838,1,8.0204010009765625,8.5471,8.520448,1.9899,15899,0.001024,3.2332799999999997,,0.040704,0.154112,0,0.13414399999999999,0.007936,0.0097279999999999988,,0.0038399999999999997,,2.148096,15149,12287,562,0.544923800000106
15150,333.90996460459183,277742084309,1,8.52930173277855,8.9224,8.00768,1.8673,16387,0.0012799999999999999,3.267328,,0.043775999999999995,0.151552,0,0.131328,0.007424,0.009472,,0.006144,,2.084352,15150,12288,562,0.55307450000009339
15151,333.91771720521541,277742173533,1,7.7526005916297436,8.1536,8.505856,1.9606,15899,0.001024,3.096832,,0.041215999999999996,0.158208,0.000256,0.13747199999999998,0.003584,0.009984,,0.004096,,2.035456,15151,12289,562,0.56076970000003712
15152,333.925748901644,277742255069,1,8.031696081161499,8.4993,7.729408,2.1729,16582,0.001024,3.296,,0.038911999999999995,0.152832,0,0.133632,0.007424,0.009984,,0.0038399999999999997,,1.959168,15152,12290,562,0.56885659999989
15153,333.93395189909296,277742340062,1,8.2029970362782478,8.2284,8.017152,1.8326,15899,0.001024,3.174912,,0.037376,0.155136,0,0.13516799999999998,0.0076799999999999993,0.0097279999999999988,,0.005376,,1.948672,15153,12291,562,0.576920699999846
15154,333.94207740221088,277742422346,1,8.1255035474896431,7.6439,8.180736,2.0837,16387,0.001024,3.292928,,0.041471999999999995,0.15564799999999998,0.001536,0.13644799999999999,0.0076799999999999993,0.001024,,0.009984,,2.108672,15154,12292,562,0.58497010000019145
15155,333.95046259920633,277742498785,1,8.3851972594857216,8.0519,8.114944,1.8374,15899,0.001024,3.2967679999999997,,0.040192,0.155392,0,0.135936,0.007424,0.009984,,0.0051199999999999996,,1.747456,15155,12293,562,0.59358979999979056
15156,333.95858640164397,277742579304,1,8.12380202114582,8.1116,8.366336,1.7869,16589,0.001024,3.234816,,0.04224,0.158208,0,0.13849599999999998,0.0076799999999999993,0.0097279999999999988,,0.004096,,2.273536,15156,12294,562,0.60182389999999941
15157,333.96666400226758,277742660420,1,8.077600970864296,8.1039,8.09984,2.0799,15899,0.001024,3.2883199999999997,,0.040959999999999996,0.154112,0,0.134656,0.007168,0.0097279999999999988,,0.004096,,1.747968,15157,12295,562,0.60967260000006718
15158,333.97463390022676,277742741459,1,7.9698981717228889,8.5035,8.050432,1.9482,16387,0.001024,3.181056,,0.041215999999999996,0.153088,0,0.132608,0.0063999999999999994,0.0097279999999999988,,0.005888,,2.05824,15158,12296,562,0.61768619999975272
15159,333.98231400226757,277742826494,1,7.680102251470089,8.3361,7.963648,1.7754,15899,0.0012799999999999999,3.2931839999999997,,0.040704,0.15744,0,0.136704,0.007424,0.0097279999999999988,,0.004352,,1.95072,15159,12297,562,0.6253326000000925
15160,333.99036270549885,277742909855,1,8.0487029626965523,7.8254,7.65568,1.8038,16387,0.001024,3.094528,,0.039168,0.160768,0,0.141056,0.004352,0.000256,,0.014079999999999999,,1.962496,15160,12298,562,0.63332600000012462
15161,333.99865230300452,277742988109,1,8.2895979285240173,8.042,8.034816,1.844,15899,0.001024,3.270912,,0.040448,0.15334399999999998,0,0.13312,0.0076799999999999993,0.009984,,0.004608,,2.002176,15161,12299,562,0.64164579999987836
15162,334.00671780045349,277743068529,1,8.0654975026845932,7.5962,8.267008,2.0926,16387,0.001024,3.2762879999999996,,0.045824,0.157184,0,0.13696,0.007424,0.009984,,0.005632,,1.9376639999999998,15162,12300,562,0.64980389999982435
15163,334.01514980158731,277743144491,1,8.4320008754730225,8.0504,8.0448,1.84,15899,0.001024,3.270912,,0.040448,0.15231999999999998,0,0.13286399999999998,0.0076799999999999993,0.009472,,0.005376,,2.042624,15163,12301,562,0.65814700000009907
15164,334.02298049886622,277743224995,1,7.8306971117854118,8.2765,8.41088,2.0611,16387,0.001024,3.2962559999999996,,0.041471999999999995,0.155136,0.000256,0.136192,0.0076799999999999993,0.009472,,0.0038399999999999997,,1.747968,15164,12302,562,0.665949300000193
15165,334.03115200538548,277743307760,1,8.1715062260627747,8.0751,7.808768,1.9074,15899,0.001024,3.2363519999999997,,0.036095999999999996,0.1664,0,0.142848,0.003584,0.0097279999999999988,,0.003584,,2.065664,15165,12303,562,0.6740218999998433
15166,334.03945770266438,277743388511,1,8.3056977018713951,8.427,8.154112,2.0033,16387,0.001024,3.27424,,0.039424,0.156672,0,0.135424,0.0076799999999999993,0.0097279999999999988,,0.0038399999999999997,,1.955328,15166,12304,562,0.682702000000063
15167,334.04764530187072,277743472781,1,8.18759948015213,7.8312,8.289024,2.1026,15899,0.001024,3.173632,,0.039424,0.1536,0,0.134912,0.007424,0.009984,,0.004352,,2.221824,15167,12305,562,0.690877300000011
15168,334.05604140447844,277743551093,1,8.3961030468344688,8.056,8.167424,2.4611,16387,0.001024,3.246336,,0.039424,0.15744,0.000256,0.13747199999999998,0.008192,0.011264,,0.0051199999999999996,,1.746432,15168,12306,562,0.69905749999998079
15169,334.06373500566895,277743631653,1,7.693601306527853,8.6825,8.379648,2.1027,16101,0.001024,3.10016,,0.039168,0.158976,0,0.139008,0.007168,0.010239999999999999,,0.004352,,2.503168,15169,12307,562,0.70692849999977625
15170,334.071871201814,277743718478,1,8.1361960619688034,8.1049,7.669504,2.273,23021,0.0012799999999999999,3.188224,,0.035328,0.153856,0,0.133888,0.0051199999999999996,0.010496,,0.004608,,1.956608,15170,12308,562,0.7148591000000124
15171,334.07997280328794,277743799527,1,8.1016011536121368,8.2681,8.11648,1.7876,16146,0.001024,3.2412159999999997,,0.039424,0.161024,0,0.142592,0.0076799999999999993,0.010752,,0.004608,,2.101504,15171,12309,562,0.72382019999986369
15172,334.08800700113375,277743882208,1,8.0341976135969162,7.5572,8.097024,2.0157,16387,0.001024,3.269888,,0.03968,0.153856,0,0.133888,0.007424,0.009472,,0.004608,,1.948416,15172,12310,562,0.73093749999998181
15173,334.09603690476189,277743957780,1,8.0299032852053642,8.2588,7.99744,1.9564,15899,0.0012799999999999999,3.2919039999999997,,0.037632,0.159488,0,0.138752,0.0076799999999999993,0.009472,,0.0038399999999999997,,1.9445759999999999,15173,12311,562,0.73946250000017244
15174,334.10428680555555,277744040368,1,8.2499012351036072,8.7397,8.00256,2.3611,16387,0.0012799999999999999,3.176704,,0.037632,0.152064,0,0.132352,0.007168,0.012288,,0.002816,,1.747968,15174,12312,562,0.74804690000019036
15175,334.11211100481859,277744127765,1,7.82419927418232,7.2703,8.244992,2.1102,15899,0.001024,3.294208,,0.041471999999999995,0.154112,0,0.131584,0.0076799999999999993,0.0097279999999999988,,0.003584,,1.7456639999999999,15175,12313,562,0.75561620000007679
15176,334.12053120039684,277744200468,1,8.4201954305171967,8.477,7.78368,2.0101,16387,0.001024,3.177216,,0.038655999999999996,0.15231999999999998,0.000256,0.133632,0.003584,0.011007999999999999,,0.0051199999999999996,,2.031616,15176,12314,562,0.76439209999989544
15177,334.12887800453512,277744285238,1,8.3468044176697731,8.4386,8.409856,2.0327,15899,0.001024,3.235328,,0.039168,0.15795199999999998,0,0.139008,0.003584,0.009984,,0.0051199999999999996,,2.277632,15177,12315,562,0.77194740000004458
15178,334.13686850198411,277744369624,1,7.9904971644282341,7.7074,8.331776,2.01,16387,0.001024,3.18336,,0.039168,0.156672,0,0.137984,0.007424,0.010239999999999999,,0.004096,,2.082048,15178,12316,562,0.77982669999983045
15179,334.1446380031179,277744446698,1,7.7695013023912907,8.8105,7.692544,1.886,15899,0.001024,3.304192,,0.046079999999999996,0.16,0,0.140288,0.009472,0.009984,,0.0048639999999999994,,1.9663359999999999,15179,12317,562,0.78787959999999657
15180,334.15264029903625,277744534803,1,8.0022960901260376,7.5707,7.746816,1.8552,29693,0.001024,3.172352,,0.03456,0.160768,0.000256,0.142848,0.007936,0.0097279999999999988,,0.0051199999999999996,,2.07872,15180,12318,562,0.79587859999992361
15181,334.16090490362808,277744610510,1,8.2646049559116364,7.9106,7.987712,1.8728,16246,0.001024,3.09632,,0.036608,0.160768,0,0.142336,0.0076799999999999993,0.009472,,0.004608,,2.050048,15181,12319,562,0.80384360000016386
15182,334.1687258999433,277744689616,1,7.820996455848217,8.0273,8.243968,1.9639,16387,0.001024,3.237888,,0.03968,0.174336,0,0.13286399999999998,0.007936,0.009472,,0.004352,,2.119424,15182,12320,562,0.8116135000000213
15183,334.17674649943308,277744769889,1,8.0205993726849556,8.0433,7.803392,1.8514,15899,0.223488,3.235328,,0.039168,0.154368,0,0.13568,0.007936,0.009984,,0.003584,,1.951488,15183,12321,562,0.81987170000002152
15184,334.18479600340135,277744850322,1,8.0495039001107216,7.9447,7.997184,1.8041,16387,0.001024,3.1710719999999997,,0.040448,0.155136,0,0.13312,0.0076799999999999993,0.0097279999999999988,,0.0051199999999999996,,2.04288,15184,12322,562,0.82778920000009748
15185,334.19296429988663,277744929769,1,8.16829688847065,7.8086,8.030976,2.3863,15899,0.001024,3.181056,,0.036864,0.160768,0,0.141312,0.0051199999999999996,0.011519999999999999,,0.004352,,2.033408,15185,12323,562,0.83598669999992126
15186,334.2009935019841,277745007855,1,8.0292019993066788,8.2171,8.146944,1.9129,16387,0.001024,3.28064,,0.041984,0.160768,0,0.141568,0.0076799999999999993,0.011007999999999999,,0.005632,,1.9445759999999999,15186,12324,562,0.84390159999975367
15187,334.20940250141723,277745090026,1,8.40899907052517,7.9384,8.02048,1.9451,21683,0.001024,3.171328,,0.03968,0.166912,0.000256,0.145664,0.0038399999999999997,0.009472,,0.005632,,2.195712,15187,12325,562,0.85250719999976354
15188,334.21716339994327,277745169410,1,7.7608986757695675,8.1518,8.399872,1.9193,16387,0.001024,3.281408,,0.040959999999999996,0.161024,0,0.141824,0.003328,0.011519999999999999,,0.0048639999999999994,,1.747456,15188,12326,562,0.86007060000019919
15189,334.22523510487525,277745250928,1,8.0717047676444054,7.9548,7.73376,1.8216,21828,0.001024,3.185408,,0.037888,0.166656,0,0.148224,0.007168,0.0084479999999999989,,0.0048639999999999994,,2.03136,15189,12327,562,0.86831600000004983
15190,334.23354150368482,277745330476,1,8.30639898777008,8.5701,8.049152,1.7739,16582,0.001024,3.2719359999999997,,0.038911999999999995,0.157184,0,0.137216,0.007424,0.011519999999999999,,0.004096,,1.943552,15190,12328,562,0.87642139999979918
15191,334.24143950538547,277745416177,1,7.8980019316077232,7.5919,8.284416,2.0887,15899,0.001024,3.2386559999999998,,0.040192,0.16025599999999998,0,0.140544,0.0076799999999999993,0.009984,,0.005376,,2.10304,15191,12329,562,0.88445420000016384
15192,334.2494196003401,277745492096,1,7.9800952225923538,8.1424,7.903488,1.9005,67177,0.001024,3.2962559999999996,,0.039936,0.163072,0.000256,0.137216,0.007936,0.011264,,0.003584,,1.7469439999999998,15192,12330,562,0.89250609999999142
15193,334.25753800311787,277745573520,1,8.1184031441807747,8.2456,7.937536,1.8856,15899,0.001024,3.0973439999999997,,0.038655999999999996,0.17024,0,0.15129599999999999,0.010752,0.009216,,0.005376,,2.227456,15193,12331,562,0.90100260000008348
15194,334.26561750283446,277745655976,1,8.0794999375939369,7.9953,8.112896,1.8658,30040,0.001024,3.1848959999999997,,0.033791999999999996,0.62003199999999992,0.000256,0.13747199999999998,0.011776,0.004352,,0.010752,,2.358272,15194,12332,562,0.90866079999977956
15195,334.2739433035714,277745735929,1,8.32580029964447,8.0506,7.978496,2.458,15899,0.001024,3.174912,,0.039168,0.155392,0,0.135424,0.007424,0.010752,,0.0051199999999999996,,1.938432,15195,12333,562,0.91700579999996989
15196,334.28193370181407,277745816435,1,7.9903984442353249,8.4652,8.230912,1.8399,16439,0.001024,3.274752,,0.038911999999999995,0.1536,0,0.135424,0.0038399999999999997,0.009216,,0.004608,,2.5187839999999997,15196,12334,562,0.92495000000008076
15197,334.29032000425167,277745901087,1,8.38630273938179,7.6932,7.907584,1.973,21828,0.001024,3.183616,,0.042752,0.15462399999999998,0,0.1344,0.007936,0.009472,,0.005888,,1.946624,15197,12335,562,0.93340360000001965
15198,334.29883839994329,277745978019,1,8.5183959454298019,8.3118,8.366336,1.8892,16387,0.001024,3.2737279999999997,,0.041215999999999996,0.15692799999999998,0.000256,0.13696,0.0076799999999999993,0.0097279999999999988,,0.005376,,2.097152,15198,12336,562,0.94182809999983874
15199,334.30688749999996,277746061137,1,8.0490997061133385,7.9881,8.506624,1.8624,15899,0.0012799999999999999,3.294464,,0.041215999999999996,0.15744,0,0.13747199999999998,0.0076799999999999993,0.011264,,0.0051199999999999996,,1.94048,15199,12337,562,0.94996339999988777
15200,334.31512120181407,277746141018,1,8.2337018102407455,8.3673,8.025088,1.955,16387,0.0012799999999999999,3.288576,,0.045056,0.15231999999999998,0,0.13312,0.006656,0.009472,,0.004608,,2.103296,15200,12338,562,0.95801849999998012
15201,334.32324360119048,277746224691,1,8.12239944934845,8.5239,8.2176,1.861,15899,0.001024,3.2931839999999997,,0.040704,0.15923199999999998,0,0.13952,0.0076799999999999993,0.0097279999999999988,,0.004096,,1.975296,15201,12339,562,0.96630649999997331
15202,334.33134569869611,277746309930,1,8.1020975485444069,8.0323,8.099072,1.7809,16387,0.001024,3.276544,,0.037376,0.151808,0,0.132096,0.003328,0.008704,,0.004608,,2.134784,15202,12340,562,0.97423239999989164
15203,334.33915980017008,277746390253,1,7.8141018748283386,8.1758,8.092416,1.7899,15899,0.001024,3.23968,,0.040448,0.157696,0.000256,0.137984,0.0076799999999999993,0.0097279999999999988,,0.004096,,2.049792,15203,12341,562,0.98223409999991418
15204,334.34710359977322,277746472011,1,7.9437997192144394,8.1907,7.790592,2.2998,16387,0.001024,3.0973439999999997,,0.038144,0.158464,0,0.139264,0.006656,0.010239999999999999,,0.0038399999999999997,,2.036736,15204,12342,562,0.99025769999980184
15205,334.35496879960317,277746553918,1,7.8651998192071915,8.0106,7.921408,1.8747,15899,0.001024,3.1825919999999996,,0.0448,0.156416,0,0.13644799999999999,0.0076799999999999993,0.0097279999999999988,,0.005376,,1.7471999999999999,15205,12343,562,0.99791969999978392
15206,334.36294800170066,277746634024,1,7.9792020842432976,7.9174,7.851264,2.1346,45772,0.001024,3.099904,,0.038911999999999995,0.157696,0,0.13849599999999998,0.007424,0.010496,,0.0051199999999999996,,2.0288,15206,12344,563,0.0033160000002681045
15207,334.37133160430835,277746713198,1,8.38360283523798,8.0841,7.960832,2.2523,15899,0.001024,3.233024,,0.039168,0.163328,0,0.143872,0.0038399999999999997,0.009984,,0.0051199999999999996,,1.9596799999999999,15207,12345,563,0.010851700000330311
15208,334.37951300311789,277746794039,1,8.18139873445034,7.6536,8.361472,0.5504,16387,0.0012799999999999999,3.29216,,0.038911999999999995,0.158464,0,0.139264,0.0076799999999999993,0.012032,,0.004352,,2.0352,15208,12346,563,0.018905400000221562
15209,334.38752630385488,277746870575,1,8.0133005976676941,8.7852,0.03584,1.9948,16094,0.001024,3.2936959999999997,,0.040448,0.15872,0,0.138752,0.0076799999999999993,0.0097279999999999988,,0.004608,,2.076416,15209,12347,563,0.02691720000029818
15210,334.39534090136056,277746958427,1,7.8145973384380341,7.6433,7.987456,1.955,16387,0.001024,3.236096,,0.038144,0.162816,0,0.142848,0.0051199999999999996,0.009472,,0.005632,,1.9496959999999999,15210,12348,563,0.035161900000275637
15211,334.40356130243765,277747034860,1,8.2204006612300873,8.0893,7.795456,2.1427,15899,0.001024,3.177216,,0.036095999999999996,0.155392,0,0.13516799999999998,0.0038399999999999997,0.009984,,0.005376,,2.0689919999999997,15211,12349,563,0.043037700000240875
15212,334.41180629960314,277747115753,1,8.2449968904256821,7.9744,8.19328,2.1571,16387,0.001024,3.245824,,0.034816,0.16153599999999999,0,0.141312,0.010239999999999999,0.0097279999999999988,,0.005376,,1.985024,15212,12350,563,0.051738900000145804
15213,334.41943390022675,277747195497,1,7.6276008039712906,8.2385,8.224256,1.927,15899,0.001024,3.2350719999999997,,0.035584,0.155136,0,0.136192,0.010239999999999999,0.009984,,0.0038399999999999997,,2.217984,15213,12351,563,0.059319899999991321
15214,334.42790009920634,277747277882,1,8.4661990404129028,7.8788,7.624448,2.2903,16387,0.001024,3.095296,,0.035072,0.162816,0.000256,0.143616,0.0038399999999999997,0.010239999999999999,,0.004608,,1.9525119999999998,15214,12352,563,0.067513200000121287
15215,334.43593460175737,277747356670,1,8.0345021560788155,8.4826,8.434176,2.4589,15899,0.001024,3.2435199999999997,,0.040959999999999996,0.1536,0,0.13312,0.0038399999999999997,0.011776,,0.0038399999999999997,,2.195456,15215,12353,563,0.075496600000406033
15216,334.4442156037415,277747441496,1,8.2810018211603165,7.613,8.013824,1.9833,16387,0.001024,3.292672,,0.046079999999999996,0.15231999999999998,0,0.132096,0.004608,0.0097279999999999988,,0.0051199999999999996,,1.94688,15216,12354,563,0.0840184000003319
15217,334.45209950396821,277747517626,1,7.8838998451828957,8.4093,8.2496,1.793,15899,0.001024,3.2750079999999997,,0.035584,0.15129599999999999,0,0.131584,0.011264,0.012032,,0.002816,,1.747968,15217,12355,563,0.093962200000078155
15218,334.46023280187075,277747601719,1,8.1332977861166,7.9084,7.86688,2.5156,16589,0.001024,3.2750079999999997,,0.035584,0.15129599999999999,0,0.131584,0.011264,0.012032,,0.002816,,1.747968,15218,12356,563,0.10122690000025614
15219,334.46801420068027,277747680803,1,7.7813989482820034,8.5572,8.11264,2.1508,15899,0.001024,3.1964159999999997,,0.040704,0.156416,0,0.13696,0.010239999999999999,0.011776,,0.0038399999999999997,,2.0272639999999997,15219,12357,563,0.10876450000023397
15220,334.47586660289113,277747766375,1,7.8524025157094,8.0451,7.75936,2.5754,16387,0.001024,3.2913919999999997,,0.035328,0.15129599999999999,0,0.132352,0.003584,0.010239999999999999,,0.004352,,1.9729919999999999,15220,12358,563,0.11666660000037155
15221,334.48380009920635,277747846826,1,7.9334964975714684,8.9213,7.844352,2.6625,15951,0.001024,3.190528,,0.03584,0.15872,0,0.13849599999999998,0.003584,0.011519999999999999,,0.0048639999999999994,,2.026752,15221,12359,563,0.12499250000018947
15222,334.49198380102041,277747936039,1,8.1837018951773643,7.5025,7.90272,2.7074,16387,0.001024,3.188224,,0.040192,0.158208,0,0.13952,0.007168,0.011519999999999999,,0.004352,,2.0805119999999997,15222,12360,563,0.1335071000003154
15223,334.50010780187074,277748011064,1,8.1240003928542137,7.8756,8.166144,2.6206,15899,0.001024,3.198464,,0.038655999999999996,0.158976,0,0.13977599999999998,0.0076799999999999993,0.011776,,0.005376,,1.763328,15223,12361,563,0.14119510000000446
15224,334.50800020549883,277748089820,1,7.89240375161171,8.3003,8.099072,2.7204,16387,0.001024,3.294208,,0.039424,0.15744,0,0.13747199999999998,0.007424,0.010752,,0.005888,,2.127872,15224,12362,563,0.14874550000013187
15225,334.51602900368482,277748172823,1,8.0287978053092957,8.367,7.860224,2.938,15899,0.001024,3.099392,,0.039168,0.15744,0.000256,0.13696,0.0076799999999999993,0.012032,,0.004352,,1.9896319999999998,15225,12363,563,0.15708310000036363
15226,334.52374569869613,277748256493,1,7.7166948467493057,7.912,8.007168,2.7566,16387,0.001024,3.2931839999999997,,0.04224,0.151808,0,0.13183999999999998,0.007424,0.013824,,0.002816,,2.035968,15226,12364,563,0.16367700000000696
15227,334.53230650510204,277748335613,1,8.5608065128326416,7.6168,7.712768,3.0118,15899,0.001024,3.098368,,0.037632,0.16358399999999998,0,0.14464,0.007424,0.0097279999999999988,,0.0051199999999999996,,2.05184,15227,12365,563,0.17392990000007558
15228,334.54041550453513,277748411781,1,8.1089995801448822,8.3575,8.539904,3.0066,16582,0.0012799999999999999,3.235328,,0.040704,0.15488,0,0.1344,0.007424,0.011519999999999999,,0.002816,,2.13888,15228,12366,563,0.1804191000001083
15229,334.54855809948981,277748495356,1,8.1425951793789864,6.7179,8.082944,2.5232,15899,0.001024,3.289856,,0.03968,0.155392,0,0.13516799999999998,0.0076799999999999993,0.011776,,0.0038399999999999997,,2.104576,15229,12367,563,0.19008920000032958
15230,334.55695200538548,277748562535,1,8.3939060568809509,10.0514,8.128256,2.0011,16589,0.001024,3.2967679999999997,,0.036608,0.161024,0,0.141056,0.004096,0.010752,,0.005632,,1.9563519999999999,15230,12368,563,0.19839160000037737
15231,334.56522180413833,277748663049,1,8.2697989419102669,6.7124,8.384768,3.9172,15899,0.001024,3.204608,,0.035072,0.15872,0,0.139264,0.0038399999999999997,0.010496,,0.0038399999999999997,,2.0943359999999998,15231,12369,563,0.20618790000025911
15232,334.57349600340137,277748730173,1,8.274199441075325,9.0774,8.228864,2.9564,23021,0.001024,3.29088,,0.03968,0.164352,0,0.143872,0.007424,0.010752,,0.005888,,2.2781439999999997,15232,12370,563,0.21368980000033844
15233,334.58196490221087,277748820947,1,8.4688989445567131,8.5849,8.262144,2.495,15899,0.001024,3.2913919999999997,,0.038144,0.154112,0,0.1344,0.007424,0.012288,,0.002816,,2.001408,15233,12371,563,0.22292379999998957
15234,334.59036290391157,277748906796,1,8.39800201356411,7.4405,8.44672,2.8236,16387,0.001024,3.2913919999999997,,0.038144,0.154112,0,0.1344,0.007424,0.012288,,0.002816,,2.001408,15234,12372,563,0.23035600000002887
15235,334.59856699971652,277748981201,1,8.2040959969162941,8.116,7.82592,2.0581,15899,0.0012799999999999999,3.302656,,0.0384,0.152064,0.000256,0.133376,0.008192,0.010496,,0.004352,,2.0592639999999998,15235,12373,563,0.23837320000029649
15236,334.60686000566892,277749062361,1,8.2930056378245354,8.6942,8.180736,1.9793,16387,0.001024,3.295232,,0.03584,0.175872,0,0.13286399999999998,0.007936,0.009984,,0.0051199999999999996,,1.948416,15236,12374,563,0.24655800000027739
15237,334.61485220379819,277749149303,1,7.992197759449482,8.022,8.268544,1.9919,15899,0.001024,3.2296959999999997,,0.038655999999999996,0.15616,0,0.136704,0.007424,0.011264,,0.004352,,2.397696,15237,12375,563,0.254950000000008
15238,334.6230297052154,277749229523,1,8.1775011494755745,7.9863,7.979776,2.0785,16387,0.001024,3.237376,,0.035328,0.16153599999999999,0,0.141568,0.011007999999999999,0.011519999999999999,,0.004352,,1.747712,15238,12376,563,0.26263180000023567
15239,334.63105760345803,277749309386,1,8.0278981477022171,8.255,8.157696,2.0307,15899,0.001024,3.297024,,0.037632,0.153856,0,0.13516799999999998,0.004608,0.010239999999999999,,0.004608,,2.084352,15239,12377,563,0.27137340000035692
15240,334.63879260204078,277749391936,1,7.734998594969511,8.284,8.007936,1.9251,16387,0.001024,3.281408,,0.03712,0.15692799999999998,0,0.135936,0.0076799999999999993,0.012288,,0.002816,,1.9545599999999999,15240,12378,563,0.27846360000012282
15241,334.64688839994329,277749474776,1,8.0957980826497078,7.7501,7.715072,2.2288,15899,0.001024,3.1733759999999998,,0.036608,0.148224,0,0.12953599999999998,0.0076799999999999993,0.010496,,0.003328,,2.099712,15241,12379,563,0.28695440000001327
15242,334.65506190476191,277749552277,1,8.1735048443079,8.6101,7.9616,1.8731,16387,0.001024,3.236096,,0.037632,0.155392,0,0.135936,0.0076799999999999993,0.0097279999999999988,,0.0038399999999999997,,1.9409919999999998,15242,12380,563,0.2946513000001687
15243,334.66302779903629,277749638378,1,7.965894415974617,7.2499,8.267008,2.4084,16101,0.001024,3.2314879999999997,,0.041984,0.159488,0.000256,0.13977599999999998,0.0038399999999999997,0.010752,,0.004608,,2.055168,15243,12381,563,0.30259139999998297
15244,334.67121709892291,277749710877,1,8.189300075173378,8.4367,7.93728,1.9503,16387,0.001024,3.266304,,0.040448,0.16588799999999998,0.000256,0.146432,0.007936,0.009472,,0.004096,,1.952,15244,12382,563,0.31094359999997323
15245,334.67916720521538,277749795244,1,7.9501066356897354,7.7367,8.171776,2.2157,15899,0.001024,3.292416,,0.03712,0.14976,0.000256,0.130816,0.007424,0.009984,,0.0038399999999999997,,2.027776,15245,12383,563,0.3189727000003586
15246,334.68717859977323,277749872611,1,8.0113941803574562,7.8811,7.933696,1.9212,16439,0.001024,3.278336,,0.039168,0.162816,0,0.143616,0.007936,0.010239999999999999,,0.0038399999999999997,,2.029568,15246,12384,563,0.32668920000014623
15247,334.69493610402492,277749951422,1,7.7575044706463814,8.429,7.986688,2.2658,16094,0.001024,3.2949759999999997,,0.039168,0.155904,0,0.13644799999999999,0.007424,0.010496,,0.005888,,1.960192,15247,12385,563,0.33456780000005892
15248,334.7029735048186,277750035712,1,8.0374004319310188,8.0036,7.734528,2.2,22171,0.001024,3.2337919999999998,,0.038911999999999995,0.153856,0,0.13516799999999998,0.0076799999999999993,0.009984,,0.003328,,2.0321279999999997,15248,12386,563,0.34348160000035932
15249,334.71113139880953,277750115748,1,8.1578940153121948,7.768,8.018688,2.0094,15899,0.001024,3.1777279999999997,,0.039168,0.155392,0.000256,0.135424,0.003328,0.0097279999999999988,,0.004608,,1.944064,15249,12387,563,0.35079089999999269
15250,334.71908830073693,277750193428,1,7.95690156519413,7.7994,8.14208,1.9252,16387,0.001024,3.273472,,0.036608,0.15692799999999998,0,0.137216,0.007424,0.010239999999999999,,0.003584,,2.10304,15250,12388,563,0.35857310000028519
15251,334.72739990079361,277750271422,1,8.311600424349308,8.7133,7.926016,1.8441,15899,0.001024,3.269376,,0.037632,0.15744,0.000256,0.137728,0.0076799999999999993,0.009472,,0.0048639999999999994,,1.9312639999999999,15251,12389,563,0.36736810000002151
15252,334.73526120323129,277750358555,1,7.8613022342324257,7.5425,8.307456,2.4025,16387,0.001024,3.270656,,0.040704,0.161024,0,0.140288,0.010496,0,,0.018944,,2.196224,15252,12390,563,0.37488450000000739
15253,334.74314569869614,277750433980,1,7.88449589163065,7.7763,7.842304,2.0173,15899,0.0012799999999999999,3.2345599999999997,,0.040704,0.15923199999999998,0,0.139008,0.008192,0.009984,,0.005632,,1.746688,15253,12391,563,0.38281159999996817
15254,334.75110400368482,277750511743,1,7.9583050683140755,8.7748,7.871744,2.2914,16387,0.001024,3.272192,,0.036095999999999996,0.15564799999999998,0.000256,0.135424,0.0038399999999999997,0.012032,,0.005376,,1.928448,15254,12392,563,0.39107530000001134
15255,334.75945410289114,277750599491,1,8.3500994369387627,7.5868,7.926016,1.8526,16246,0.001024,3.2284159999999997,,0.039168,0.1664,0.001792,0.14310399999999998,0.003584,0.0012799999999999999,,0.003584,,2.0526079999999998,15255,12393,563,0.399326100000053
15256,334.76754910005667,277750675359,1,8.0949971452355385,7.8454,8.266496,2.0286,16387,0.006144,3.102976,,0.039936,0.163328,0,0.140544,0.008704,0.0097279999999999988,,0.005632,,1.746688,15256,12394,563,0.40741109999999026
15257,334.77519430272105,277750753813,1,7.6452028006315231,8.3154,8.143104,1.9676,15899,0.001024,3.29344,,0.038655999999999996,0.162048,0,0.14310399999999998,0.007936,0.009984,,0.004096,,2.080256,15257,12395,563,0.41483820000030391
15258,334.78330009920631,277750836967,1,8.10579676181078,8.1834,7.618304,1.8848,16387,0.0012799999999999999,3.189504,,0.039168,0.16025599999999998,0.000256,0.140032,0.007424,0.010496,,0.0051199999999999996,,1.9240959999999998,15258,12396,563,0.4230609999999615
15259,334.79128020124716,277750918801,1,7.9801017418503761,8.138,8.089088,1.8686,15899,0.001024,3.272448,,0.039936,0.152576,0,0.13312,0.003328,0.009984,,0.0038399999999999997,,2.09152,15259,12397,563,0.43105300000024727
15260,334.79925890022673,277751000181,1,7.9786991700530052,7.3609,7.912192,1.9244,16387,0.001024,3.1843839999999997,,0.039168,0.16486399999999998,0,0.14464,0.0048639999999999994,0.002304,,0.011776,,1.938944,15260,12398,563,0.43912309999996069
15261,334.80699820011336,277751073790,1,7.7392999082803726,8.3055,7.963904,1.8741,15899,0.001024,3.238912,,0.041984,0.16614399999999999,0,0.146176,0.0084479999999999989,0.0025599999999999998,,0.012288,,1.93536,15261,12399,563,0.44691200000033859
15262,334.81534340277778,277751156845,1,8.3452025428414345,7.9934,7.770112,2.2594,16387,0.001024,3.1692799999999997,,0.039168,0.15564799999999998,0.000256,0.135424,0.010752,0.011519999999999999,,0.004608,,2.028544,15262,12400,563,0.45505270000012388
15263,334.82325800028343,277751236779,1,7.9145971685647964,8.0121,8.328448,1.9955,15899,0.0012799999999999999,3.2847359999999997,,0.03712,0.16127999999999998,0.000256,0.142336,0.007936,0.009984,,0.0051199999999999996,,2.00576,15263,12401,563,0.4628047000001061
15264,334.83118000283446,277751316900,1,7.9220021143555641,7.8386,7.896576,1.823,51529,0.001024,3.0991359999999997,,0.037376,0.15616,0,0.137216,0.007936,0.010752,,0.0048639999999999994,,2.212608,15264,12402,563,0.47076920000017708
15265,334.8394313988095,277751395286,1,8.251396007835865,8.1125,7.90656,1.8222,46047,0.001024,3.17696,,0.041728,0.159744,0.000256,0.140288,0.007424,0.0097279999999999988,,0.005632,,1.938432,15265,12403,563,0.47961950000035358
15266,334.84757700538546,277751476411,1,8.1456061452627182,7.7696,8.230144,1.9162,16582,0.001024,3.2901119999999997,,0.040192,0.172288,0.000256,0.152064,0.007936,0.009472,,0.004608,,2.20032,15266,12404,563,0.48744720000013331
15267,334.85597030187074,277751554107,1,8.3932960405945778,7.957,8.130816,1.8671,15899,0.006144,3.198464,,0.038911999999999995,0.157696,0,0.13824,0.0084479999999999989,0.009984,,0.0048639999999999994,,1.746432,15267,12405,563,0.49544920000016646
15268,334.86387930130383,277751633677,1,7.9089989885687828,8.7706,8.363776,1.8282,19138,0.001024,3.2714239999999997,,0.038655999999999996,0.15872,0,0.13977599999999998,0.0076799999999999993,0.010496,,0.0038399999999999997,,2.476032,15268,12406,563,0.50352240000029269
15269,334.8720063988095,277751721383,1,8.12709704041481,7.9645,7.886592,1.8146,15899,0.001024,3.180288,,0.035072,0.153856,0,0.134912,0.005888,0.00896,,0.005632,,2.277376,15269,12407,563,0.51162850000037
15270,334.87976619897955,277751801028,1,7.7598001807928085,7.924,8.10368,2.1522,16387,0.001024,3.297536,,0.039424,0.16025599999999998,0.000256,0.14079999999999998,0.009216,0.0025599999999999998,,0.012032,,2.115072,15270,12408,563,0.5193266000001131
15271,334.88797180413832,277751880268,1,8.2056047394871712,8.1514,7.749888,2.3045,15951,0.001024,3.098368,,0.039424,0.155904,0,0.13644799999999999,0.0076799999999999993,0.011007999999999999,,0.0038399999999999997,,1.947136,15271,12409,563,0.527596800000083
15272,334.89595189909295,277751961782,1,7.9800952225923538,7.9971,7.906304,1.9777,16387,0.001024,3.098624,,0.043264,0.160512,0,0.140288,0.0038399999999999997,0.011007999999999999,,0.0048639999999999994,,2.2044159999999997,15272,12410,563,0.53587470000002213
15273,334.90419649943311,277752041753,1,8.2446001470088959,7.8171,7.9488,2.4562,15899,0.0012799999999999999,3.2714239999999997,,0.038911999999999995,0.165376,0,0.14668799999999999,0.007424,0.010239999999999999,,0.004352,,2.04928,15273,12411,563,0.54374520000010307
15274,334.91241670209752,277752119924,1,8.2202022895216942,8.0633,8.225536,2.1959,33958,0.001024,3.18336,,0.039424,0.158464,0,0.139008,0.006912,0.0025599999999999998,,0.011519999999999999,,1.7471999999999999,15274,12412,563,0.55244680000032531
15275,334.92011259920633,277752200557,1,7.69589701667428,8.4398,8.201728,1.8435,30284,0.001024,3.1872,,0.041984,0.162048,0,0.143872,0.008192,0.0097279999999999988,,0.004096,,2.532352,15275,12413,563,0.56020020000005388
15276,334.92814680413829,277752284955,1,8.0342050641775131,7.8607,7.68,2.1055,16387,0.171264,3.170816,,0.039424,0.15334399999999998,0,0.134656,0.007424,0.009984,,0.004352,,1.956864,15276,12414,563,0.56787990000020727
15277,334.93652530470519,277752363562,1,8.3785001188516617,8.5583,8.010496,2.0725,15899,0.001024,3.294464,,0.038655999999999996,0.150272,0,0.131584,0.005632,0.009984,,0.004096,,2.2031359999999998,15277,12415,563,0.57624140000007174
15278,334.94452480158731,277752449145,1,7.9994965344667435,7.7245,8.367616,1.8986,33958,0.001024,3.294464,,0.03712,0.150528,0.000256,0.131072,0.012032,0.0097279999999999988,,0.005376,,1.94176,15278,12416,563,0.584303699999964
15279,334.95244109977324,277752526390,1,7.9162977635860443,7.8343,7.972864,1.8796,30284,0.001024,3.236608,,0.036095999999999996,0.15692799999999998,0,0.13644799999999999,0.005632,0.009472,,0.005376,,2.099712,15279,12417,563,0.59213600000020961
15280,334.96049330357141,277752604733,1,8.0522038042545319,8.3737,7.915264,2.0449,16589,0.001024,3.2704,,0.043008,0.150784,0.000256,0.131072,0.0076799999999999993,0.009984,,0.0051199999999999996,,1.7484799999999998,15280,12418,563,0.60041830000000118
15281,334.96862400085035,277752688470,1,8.1306975334882736,8.0199,8.023296,1.9483,15899,0.001024,3.285504,,0.041215999999999996,0.16127999999999998,0,0.134656,0.007936,0.009472,,0.004096,,2.0472319999999997,15281,12419,563,0.60818580000022848
15282,334.97707490079364,277752768669,1,8.4509002044796944,7.8505,8.109312,1.944,16387,0.001024,3.2737279999999997,,0.039424,0.15872,0.000256,0.139264,0.007936,0.009984,,0.0048639999999999994,,1.9512319999999999,15282,12420,563,0.61662969999997586
15283,334.98505870181407,277752847174,1,7.9838009551167488,8.3108,8.434176,2.0412,15899,0.001024,3.286272,,0.040704,0.155136,0.000256,0.135424,0.007424,0.009472,,0.0038399999999999997,,2.1824,15283,12421,563,0.62468840000019554
15284,334.99366540532878,277752930282,1,8.6067039519548416,7.7601,7.97824,1.9654,33958,0.0012799999999999999,3.2384,,0.039424,0.157696,0.000256,0.13952,0.0076799999999999993,0.010239999999999999,,0.004352,,2.19904,15284,12422,563,0.63318530000015016
15285,335.00138129960317,277753007883,1,7.7158943749964237,8.4785,8.586752,1.9881,30479,0.001024,3.2895999999999996,,0.040704,0.159744,0,0.13977599999999998,0.0076799999999999993,0.0097279999999999988,,0.0048639999999999994,,2.36288,15285,12423,563,0.64120420000017475
15286,335.00974019982993,277753092668,1,8.3589004352688789,8.0329,7.692544,2.3634,139384,0.001024,3.2345599999999997,,0.034048,0.15744,0.000256,0.138752,0.007936,0.009984,,0.004352,,2.0743679999999998,15286,12424,563,0.64950270000008459
15287,335.01758510487525,277753172997,1,7.8449053689837456,8.4997,8.3328,2.2022,125184,0.001024,3.298304,,0.040448,0.155904,0.000256,0.13286399999999998,0.0084479999999999989,0.0097279999999999988,,0.0038399999999999997,,1.7471999999999999,15287,12425,563,0.65711499999997613
15288,335.02600570436505,277753257994,1,8.42059962451458,8.0038,7.82464,2.0656,51529,0.001024,3.27168,,0.038655999999999996,0.160512,0.000256,0.142336,0.0076799999999999993,0.010239999999999999,,0.0051199999999999996,,2.041856,15288,12426,563,0.66576650000024529
15289,335.03387530470519,277753338032,1,7.86960031837225,8.146,8.141824,2.0095,47787,0.006144,3.0965759999999998,,0.043775999999999995,0.173056,0,0.15334399999999998,0.008192,0.009472,,0.005376,,1.991936,15289,12427,563,0.673613600000408
15290,335.042148901644,277753419492,1,8.2735968753695488,7.7836,7.843584,1.9925,46603,0.001024,3.230976,,0.038655999999999996,0.38118399999999997,0,0.36224,0.004352,0.014591999999999999,,0.0084479999999999989,,2.069248,15290,12428,563,0.68173120000028575
15291,335.05075639880948,277753497328,1,8.607497438788414,8.5273,8.25216,2.0251,15899,0.001024,3.284992,,0.040192,0.15129599999999999,0,0.131584,0.003072,0.009984,,0.005632,,1.747456,15291,12429,563,0.69073160000016287
15292,335.05890160147391,277753582601,1,8.14520288258791,7.9162,8.595712,1.9858,16589,0.001024,3.292672,,0.036864,0.157184,0,0.136704,0.0076799999999999993,0.009216,,0.0038399999999999997,,2.565632,15292,12430,563,0.69882640000014362
15293,335.06677410005665,277753661763,1,7.872498594224453,8.1719,8.144128,2.07,15899,0.001024,3.176192,,0.03584,0.18867199999999998,0,0.168704,0.0048639999999999994,0.001536,,0.013568,,1.747712,15293,12431,563,0.706753800000115
15294,335.07478020124717,277753743482,1,8.0061014741659164,8.8946,7.83872,1.9875,23021,0.001024,3.2936959999999997,,0.038655999999999996,0.152832,0.000256,0.133632,0.006144,0.010239999999999999,,0.0051199999999999996,,2.083584,15294,12432,563,0.7144137000000228
15295,335.08288290107708,277753832428,1,8.1027001142501831,8.1867,7.977216,2.0346,15899,0.001024,3.2714239999999997,,0.03968,0.160768,0,0.141056,0.0084479999999999989,0.00896,,0.004352,,1.983744,15295,12433,563,0.72275920000038241
15296,335.09080610119048,277753914295,1,7.92319979518652,7.629,8.086528,1.8734,16439,0.001024,3.1728639999999997,,0.035072,0.16153599999999999,0.000256,0.140032,0.012032,0.009472,,0.005888,,2.252544,15296,12434,563,0.73175119999996241
15297,335.09874870323125,277753990585,1,7.9426020383834839,7.9895,7.885568,2.4333,15899,0.001024,3.278336,,0.038911999999999995,0.162816,0,0.142848,0.007936,0.011519999999999999,,0.004352,,1.746176,15297,12435,563,0.738724600000296
15298,335.10659160289111,277754070480,1,7.8428993001580238,8.2735,7.921664,2.3929,16387,0.001024,3.2350719999999997,,0.037376,0.162048,0,0.141824,0.007424,0.011007999999999999,,0.004352,,1.96864,15298,12436,563,0.74664600000005521
15299,335.11490670351475,277754153215,1,8.315100334584713,8.8999,7.824896,2.0547,15899,0.0012799999999999999,3.231744,,0.034816,0.16153599999999999,0,0.14207999999999998,0.003584,0.011007999999999999,,0.003328,,2.038272,15299,12437,563,0.75534530000004452
15300,335.12287400085035,277754242214,1,7.9672969877719879,7.042,8.300032,2.2003,16387,0.001024,3.23712,,0.03968,0.156672,0,0.13824,0.0076799999999999993,0.009984,,0.003584,,1.927168,15300,12438,563,0.76293680000026143
15301,335.1309031037415,277754312634,1,8.02910327911377,7.8178,7.956224,2.0083,15899,0.001024,3.099904,,0.039424,0.15795199999999998,0,0.13824,0.007936,0.010239999999999999,,0.005376,,2.100736,15301,12439,563,0.77159440000014
15302,335.13877239937642,277754390812,1,7.86929577589035,8.7881,8.013056,2.0389,16387,0.001024,3.286272,,0.038911999999999995,0.164096,0.000256,0.142592,0.007936,0.009472,,0.005888,,1.9809279999999998,15302,12440,563,0.77850030000035986
15303,335.14707370323129,277754478693,1,8.30130372196436,7.6281,7.851776,2.6227,33470,0.001024,3.094528,,0.039168,0.15692799999999998,0.000256,0.13644799999999999,0.0076799999999999993,0.010752,,0.0038399999999999997,,2.044672,15303,12441,563,0.78715110000030108
15304,335.15529430272107,277754554974,1,8.22059903293848,8.4067,8.270848,1.9868,30967,0.001792,3.273984,,0.03712,0.154368,0.000256,0.135424,0.0076799999999999993,0.0097279999999999988,,0.004608,,1.746176,15304,12442,563,0.794897900000251
15305,335.16350470521542,277754639041,1,8.21040291339159,7.2141,8.209408,2.0299,16101,0.001024,3.296512,,0.040959999999999996,0.158464,0,0.137984,0.0076799999999999993,0.013056,,0.0025599999999999998,,1.938432,15305,12443,563,0.80346800000006624
15306,335.17194660572562,277754711182,1,8.441900834441185,8.5453,8.15744,2.6181,16387,0.001024,3.17184,,0.03584,0.16127999999999998,0,0.14079999999999998,0.004608,0.010239999999999999,,0.0048639999999999994,,1.958912,15306,12444,563,0.81152490000022226
15307,335.17993350340134,277754796635,1,7.9868976026773453,7.8549,8.407552,1.8142,15899,0.001024,3.2284159999999997,,0.043008,0.15872,0.000256,0.13644799999999999,0.007936,0.009472,,0.005888,,2.19392,15307,12445,563,0.81945700000005672
15308,335.18786860119047,277754875184,1,7.9350974410772324,8.497,8.02304,1.8073,16387,0.001024,3.0976,,0.037376,0.178944,0,0.15923199999999998,0.0084479999999999989,0.009472,,0.004352,,1.9729919999999999,15308,12446,563,0.827397000000019
15309,335.19611560374148,277754960154,1,8.2470029592514038,8.1388,7.909888,1.9384,15899,0.001024,3.289344,,0.041728,0.163328,0,0.14336,0.0076799999999999993,0.009984,,0.0048639999999999994,,1.9445759999999999,15309,12447,563,0.83634530000017548
15310,335.20427440476192,277755041542,1,8.15880112349987,7.9032,8.233216,2.4689,16387,0.001024,3.29216,,0.041215999999999996,0.158976,0,0.138752,0.007936,0.009472,,0.005632,,1.747712,15310,12448,563,0.84368750000021464
15311,335.21213350340133,277755120574,1,7.8590987250208855,7.8465,8.144128,1.8923,15899,0.001024,3.195648,,0.040192,0.155392,0,0.13644799999999999,0.009984,0.002304,,0.012032,,2.086656,15311,12449,563,0.85176010000031965
15312,335.2200433035714,277755199039,1,7.9097999259829521,8.7927,7.828992,1.9141,16387,0.001024,3.2688639999999998,,0.0384,0.162816,0,0.14464,0.0076799999999999993,0.009984,,0.004096,,2.088192,15312,12450,563,0.85969400000021778
15313,335.22818810232422,277755286966,1,8.1447986885905266,7.6525,7.894016,1.9401,15899,0.001024,3.187456,,0.040959999999999996,0.153856,0,0.1344,0.0038399999999999997,0.0097279999999999988,,0.004352,,1.948416,15313,12451,563,0.867959200000314
15314,335.23629360119048,277755363491,1,8.1054987385869026,8.0059,8.092928,1.8952,16387,0.001024,3.1902719999999998,,0.03968,0.150784,0,0.130816,0.007936,0.0097279999999999988,,0.003584,,2.14144,15314,12452,563,0.87574160000031043
15315,335.2442889030612,277755443550,1,7.9953018575906754,7.9659,8.120832,2.3293,15899,0.001024,3.192576,,0.043008,0.160768,0,0.141056,0.004096,0.002048,,0.012799999999999999,,1.9560959999999998,15315,12453,563,0.88401410000005853
15316,335.25224580498866,277755523209,1,7.95690156519413,8.2659,7.972608,1.8555,16387,0.001024,3.0960639999999997,,0.040192,0.371712,0,0.13516799999999998,0.009472,0.0025599999999999998,,0.012799999999999999,,2.110208,15316,12454,563,0.89192200000024968
15317,335.26020940334467,277755605868,1,7.96359870582819,7.8097,7.931392,2.2428,16101,0.001024,3.173632,,0.03456,0.157184,0,0.13747199999999998,0.013312,0.002816,,0.011264,,1.748224,15317,12455,563,0.89973860000009154
15318,335.26800910572558,277755683965,1,7.7997022308409214,8.0511,7.93472,2.2498,16387,0.001024,3.174912,,0.038655999999999996,0.160768,0.000256,0.141312,0.004352,0.011519999999999999,,0.005888,,2.0188159999999997,15318,12456,563,0.90761360000033164
15319,335.27602020266437,277755764476,1,8.0110970884561539,8.1316,7.78496,2.2133,21683,0.001024,3.235328,,0.038911999999999995,0.16127999999999998,0.000256,0.142336,0.0076799999999999993,0.010496,,0.004352,,1.9594239999999998,15319,12457,563,0.91696590000037759
15320,335.28425980017005,277755845792,1,8.2395970821380615,7.7755,7.99488,2.0143,16387,0.001024,3.2962559999999996,,0.042496,0.17664,0.000256,0.15692799999999998,0.007936,0.010239999999999999,,0.0051199999999999996,,1.9584,15320,12458,563,0.92424150000033478
15321,335.2924188988095,277755923547,1,8.1590982154011726,7.83,8.212224,2.2619,15951,0.001024,3.236608,,0.03968,0.157696,0,0.137216,0.003584,0.012032,,0.0048639999999999994,,2.1995519999999997,15321,12459,563,0.9320532000001549
15322,335.30063500566894,277756001847,1,8.21610726416111,8.9439,8.137728,1.945,16387,0.001024,3.205888,,0.039168,0.162304,0,0.14079999999999998,0.007936,0.001792,,0.013312,,1.8923519999999998,15322,12460,563,0.94057020000036573
15323,335.30900740504535,277756091286,1,8.3723990246653557,7.7306,8.194816,1.8745,16094,0.001024,3.2704,,0.035584,0.15795199999999998,0,0.138752,0.0076799999999999993,0.009984,,0.0048639999999999994,,2.081792,15323,12461,563,0.9486507999999958
15324,335.31729350198412,277756168592,1,8.2860970869660378,7.811,8.352,3.294,16387,0.001024,3.1744,,0.040448,0.157696,0,0.137728,0.007424,0.012288,,0.004096,,1.7487359999999998,15324,12462,563,0.95687950000001365
15325,335.32602910289114,277756246702,1,8.7356008589267731,8.4995,8.25984,1.9053,15899,0.001024,3.245824,,0.036095999999999996,0.4992,0,0.14336,0.0084479999999999989,0.0097279999999999988,,0.005376,,2.056704,15325,12463,563,0.96589260000018839
15326,335.33436200396824,277756331697,1,8.3329007029533386,8.0816,8.41728,2.0022,16387,0.001024,3.27168,,0.0384,0.155904,0,0.136192,0.0076799999999999993,0.0097279999999999988,,0.0038399999999999997,,2.008064,15326,12464,563,0.97408250000034968
15327,335.3426507015306,277756412513,1,8.2886973395943642,8.2557,8.246016,2.3883,15899,0.001024,3.2972799999999998,,0.035072,0.156672,0.000256,0.137984,0.0038399999999999997,0.010239999999999999,,0.004096,,2.300672,15327,12465,563,0.98285500000019965
15328,335.35105480442178,277756495070,1,8.4041031077504158,8.9014,8.333568,1.9342,16387,0.0012799999999999999,3.18464,,0.03968,0.154112,0,0.133632,0.007424,0.009984,,0.005888,,1.7489919999999999,15328,12466,563,0.99138080000011541
15329,335.35889660572559,277756584084,1,7.8418012708425522,8.3227,8.379136,1.9439,16246,0.0012799999999999999,3.18464,,0.03968,0.154112,0,0.133632,0.007424,0.009984,,0.005888,,1.7489919999999999,15329,12467,563,0.99856769999996686
15330,335.36728839994328,277756667311,1,8.391793817281723,8.5865,7.82336,1.9056,45425,0.0012799999999999999,3.104768,,0.039168,0.15923199999999998,0.000256,0.139264,0.008192,0.002304,,0.011519999999999999,,1.973504,15330,12468,564,0.0033808999996836064
15331,335.37539209892287,277756753176,1,8.1036994233727455,8.6481,8.36992,2.3027,15899,0.001024,3.2803839999999997,,0.041471999999999995,0.15103999999999998,0,0.131072,0.0038399999999999997,0.0097279999999999988,,0.004608,,2.087424,15331,12469,564,0.010809200000039709
15332,335.3839944019274,277756839657,1,8.6023034527897835,7.2035,8.089088,0.4558,16387,0.001024,3.292928,,0.03968,0.16,0,0.140544,0.007424,0.010239999999999999,,0.0048639999999999994,,1.956608,15332,12470,564,0.0194987999998375
15333,335.39205110544214,277756911692,1,8.0567039549350739,9.1306,0.03584,2.1923,15899,0.0012799999999999999,3.23072,,0.037632,0.154112,0.000256,0.13414399999999999,0.0076799999999999993,0.009472,,0.004608,,2.2684159999999998,15333,12471,564,0.027372399999876507
15334,335.400544005102,277757002998,1,8.4929000586271286,7.2415,8.035072,2.388,16387,0.001024,3.2732159999999997,,0.038144,0.156416,0,0.135936,0.007168,0.010496,,0.005632,,1.746176,15334,12472,564,0.035790200000064942
15335,335.40828590561222,277757075413,1,7.7419006265699863,8.8543,8.482816,1.9081,15899,0.001024,3.294464,,0.04992,0.15564799999999998,0,0.135936,0.007424,0.00896,,0.004352,,2.55488,15335,12473,564,0.043803900000057183
15336,335.41659280045349,277757163956,1,8.306894451379776,7.9081,7.711232,2.0682,16387,0.001024,3.2363519999999997,,0.039168,0.158976,0,0.139008,0.004352,0.0012799999999999999,,0.013056,,1.7484799999999998,15336,12474,564,0.052002899999934016
15337,335.42465989937642,277757243037,1,8.0670993775129318,8.4362,8.28416,2.2894,15899,0.001024,3.1933439999999997,,0.035328,0.149504,0.000256,0.130816,0.0076799999999999993,0.010496,,0.004352,,2.1089279999999997,15337,12475,564,0.060332999999900494
15338,335.43253049886619,277757327399,1,7.870599627494812,7.9942,8.034048,2.4684,16387,0.001024,3.292928,,0.039424,0.158208,0,0.137984,0.00896,0.010496,,0.005888,,1.955584,15338,12476,564,0.069356099999822618
15339,335.44073929988662,277757407341,1,8.2088010385632515,8.2476,7.86432,2.4911,15899,0.001024,3.2732159999999997,,0.039424,0.158464,0,0.13849599999999998,0.0076799999999999993,0.009472,,0.004352,,1.948672,15339,12477,564,0.07627039999988483
15340,335.4487589994331,277757489817,1,8.019699715077877,8.2361,8.185344,2.7885,16387,0.001024,3.2314879999999997,,0.035328,0.158208,0.000256,0.137984,0.007424,0.012288,,0.004608,,1.983488,15340,12478,564,0.084014099999876635
15341,335.45712140022675,277757572178,1,8.3624003455042839,9.0871,8.018176,2.0098,15899,0.001024,3.29472,,0.036095999999999996,0.156672,0,0.1344,0.007168,0.002304,,0.012799999999999999,,1.9491839999999998,15341,12479,564,0.0924301000000014
15342,335.46510790107709,277757663049,1,7.9865008592605591,6.8698,8.336128,2.2816,16784,0.001024,3.187456,,0.038655999999999996,0.159744,0,0.140288,0.007424,0.010239999999999999,,0.0038399999999999997,,2.4401919999999997,15342,12480,564,0.10045969999964655
15343,335.47351750283445,277757731747,1,8.4096016362309456,7.804,7.972096,2.1464,15899,0.001024,3.0942719999999997,,0.035072,0.15744,0,0.13747199999999998,0.0038399999999999997,0,,0.03584,,1.7487359999999998,15343,12481,564,0.10887259999981325
15344,335.48115290532877,277757809787,1,7.6354024931788445,8.3177,8.381952,1.8834,16387,0.001024,3.273984,,0.038911999999999995,0.15744,0.000256,0.138752,0.007936,0.0097279999999999988,,0.005376,,2.18496,15344,12482,564,0.11639699999977893
15345,335.48894019982993,277757892964,1,7.7872946858406067,8.1251,7.620096,2.2084,15899,0.001024,3.198464,,0.040192,0.155392,0,0.13516799999999998,0.007424,0.0097279999999999988,,0.005888,,1.944064,15345,12483,564,0.12425219999977344
15346,335.49695310374148,277757974215,1,8.0129038542509079,8.3686,7.761664,1.8985,16439,0.001024,3.232256,,0.038655999999999996,0.161792,0.000256,0.142848,0.009984,0.009984,,0.004608,,2.123008,15346,12484,564,0.13215439999976297
15347,335.50516590136056,277758057901,1,8.2127973437309265,7.5763,7.989504,1.8461,15899,0.15872,3.102464,,0.036095999999999996,0.150784,0,0.130816,0.007424,0.010496,,0.004096,,1.7471999999999999,15347,12485,564,0.14069010000002891
15348,335.51306290391153,277758133664,1,7.8970026224851608,7.8366,8.201472,1.8116,16387,0.001024,3.0947839999999998,,0.037888,0.163328,0,0.14310399999999998,0.007424,0.009472,,0.0038399999999999997,,2.079488,15348,12486,564,0.14825089999976626
15349,335.52140580357144,277758212030,1,8.34289938211441,7.9178,7.876096,1.8798,15899,0.001024,3.095808,,0.039424,0.162048,0,0.14207999999999998,0.004352,0.009472,,0.0038399999999999997,,1.9614719999999999,15349,12487,564,0.15661269999964134
15350,335.52943100198411,277758291208,1,8.0251982435584068,8.5079,8.32128,1.9672,16387,0.001024,3.2949759999999997,,0.0384,0.152576,0.000256,0.132608,0.010496,0.009472,,0.004608,,2.147328,15350,12488,564,0.16459570000006352
15351,335.53739640022673,277758376287,1,7.965398021042347,7.5174,8.006912,2.2674,15899,0.001024,3.237376,,0.043775999999999995,0.15923199999999998,0,0.134656,0.008192,0.0097279999999999988,,0.0048639999999999994,,1.747712,15351,12489,564,0.17248629999994591
15352,335.54527620464853,277758451461,1,7.8798048198223114,8.4221,7.945472,1.9203,16387,0.001024,3.233024,,0.041471999999999995,0.164096,0,0.13952,0.007936,0.0097279999999999988,,0.005632,,2.0206079999999997,15352,12490,564,0.18058479999990595
15353,335.55370570436509,277758535682,1,8.4294993430376053,7.9921,7.863296,2.4829,15899,0.0012799999999999999,3.175424,,0.03968,0.158208,0,0.137984,0.007424,0.010239999999999999,,0.0048639999999999994,,2.1094399999999998,15353,12491,564,0.18877979999979289
15354,335.56143030045348,277758615603,1,7.7245961874723434,7.8839,8.403456,1.9064,16589,0.001024,3.279104,,0.040448,0.15488,0.000256,0.13568,0.007424,0.0097279999999999988,,0.0051199999999999996,,1.746432,15354,12492,564,0.19682969999985289
15355,335.56953720238096,277758694442,1,8.1069022417068481,8.1253,7.706112,1.8601,15899,0.001024,3.289088,,0.035584,0.16486399999999998,0,0.146176,0.0084479999999999989,0.010239999999999999,,0.004352,,2.129664,15355,12493,564,0.20543759999964095
15356,335.57774260204081,277758775695,1,8.2053998485207558,8.1755,8.082432,1.7976,23021,0.001024,3.289088,,0.035584,0.16486399999999998,0,0.146176,0.0084479999999999989,0.010239999999999999,,0.004352,,2.129664,15356,12494,564,0.21312299999999595
15357,335.58572900368478,277758857450,1,7.9864012077450752,8.0566,8.191232,1.8013,15899,0.0012799999999999999,3.179008,,0.038911999999999995,0.152832,0,0.13312,0.013568,0.001792,,0.012799999999999999,,2.312192,15357,12495,564,0.22088859999985289
15358,335.59348190192742,277758938016,1,7.7528981491923332,8.1201,7.966976,1.9011,16387,0.001024,3.1045119999999997,,0.039168,0.174848,0,0.136704,0.003584,0.009984,,0.005632,,1.746688,15358,12496,564,0.22901999999976397
15359,335.60145150226754,277759019217,1,7.969600148499012,8.1898,7.733248,1.895,15899,0.001024,3.2895999999999996,,0.041471999999999995,0.18636799999999998,0,0.1664,0.007424,0.009472,,0.005376,,1.960192,15359,12497,564,0.23676249999971333
15360,335.60989320436505,277759101115,1,8.4417024627327919,7.709,7.959296,1.8939,16387,0.24012799999999998,3.2913919999999997,,0.034048,0.152832,0,0.133632,0.007424,0.010239999999999999,,0.004608,,2.0610559999999998,15360,12498,564,0.245144099999834
15361,335.6175954010771,277759178205,1,7.7021964825689793,8.023,8.410112,1.8771,16094,0.001024,3.293952,,0.040959999999999996,0.155392,0,0.134656,0.007424,0.010239999999999999,,0.004352,,1.746432,15361,12499,564,0.25286060000007637
15362,335.62585539965983,277759258435,1,8.2599986344575882,7.8714,7.68,2.1758,16387,0.001024,3.188736,,0.039424,0.151808,0.000256,0.13312,0.007424,0.010239999999999999,,0.004352,,2.0436479999999997,15362,12500,564,0.26144969999995737
15363,335.63370809948981,277759337149,1,7.8526996076107025,8.3967,8.24064,2.557,15899,0.001024,3.1746559999999997,,0.037888,0.152832,0,0.13312,0.00896,0.011007999999999999,,0.004608,,2.067456,15363,12501,564,0.26937529999986509
15364,335.64220070153061,277759421116,1,8.4926020354032516,7.6921,7.829248,2.0156,16387,0.0012799999999999999,3.19744,,0.038911999999999995,0.15334399999999998,0,0.13414399999999999,0.007424,0.009984,,0.0051199999999999996,,2.05056,15364,12502,564,0.27757169999995313
15365,335.65005320294784,277759498037,1,7.8525012359023094,8.6033,8.473088,2.3666,15899,0.001024,3.29472,,0.039424,0.163072,0,0.142848,0.008192,0.011776,,0.0048639999999999994,,1.746432,15365,12503,564,0.28543499999977939
15366,335.65806150085035,277759584070,1,8.00829753279686,7.8659,7.826944,1.9587,29895,0.0012799999999999999,3.190016,,0.038655999999999996,0.156416,0,0.135936,0.004352,0.009984,,0.0051199999999999996,,2.149632,15366,12504,564,0.293877799999791
15367,335.66621000566892,277759662729,1,8.1485044211149216,8.2429,7.990528,2.2115,15899,0.001024,3.1685119999999998,,0.040192,0.172032,0,0.136704,0.007936,0.0097279999999999988,,0.005376,,1.747712,15367,12505,564,0.30160919999980251
15368,335.67407930130383,277759745158,1,7.86929577589035,7.7658,8.117504,2.0746,16387,0.0012799999999999999,3.24864,,0.039168,0.159744,0,0.140544,0.007936,0.011519999999999999,,0.0038399999999999997,,2.061312,15368,12506,564,0.30950799999982337
15369,335.68196400226753,277759822816,1,7.884700782597065,8.5166,7.854592,1.9397,15899,0.001024,3.235328,,0.039168,0.164096,0,0.14438399999999998,0.013056,0.0025599999999999998,,0.012032,,1.93536,15369,12507,564,0.31749079999963215
15370,335.68991400226759,277759907982,1,7.9500004649162292,7.6629,7.870208,1.9494,16387,0.001024,3.2665599999999997,,0.037632,0.169984,0,0.150272,0.0084479999999999989,0.009472,,0.004352,,1.920512,15370,12508,564,0.32545929999969303
15371,335.69789330357139,277759984611,1,7.9793017357587814,7.8954,7.923968,2.2253,15951,0.001024,3.1744,,0.03584,0.15692799999999998,0,0.137216,0.006144,0.011264,,0.0038399999999999997,,2.098688,15371,12509,564,0.33318259999987276
15372,335.70600780187073,277760063565,1,8.114498108625412,7.9928,7.96288,2.0132,16387,0.001024,3.1848959999999997,,0.0384,0.159488,0.000256,0.139008,0.0076799999999999993,0.010496,,0.005632,,1.7469439999999998,15372,12510,564,0.3413140999996358
15373,335.71351270549883,277760143493,1,7.5049037113785744,8.091,8.092672,2.0195,21683,0.001024,3.291648,,0.042496,0.17049599999999998,0,0.145152,0.0097279999999999988,0.008704,,0.006656,,2.30144,15373,12511,564,0.34956569999985732
15374,335.72139180130387,277760224403,1,7.879096083343029,7.6365,7.473664,1.7925,16387,0.0012799999999999999,3.1733759999999998,,0.038655999999999996,0.160768,0,0.14207999999999998,0.0076799999999999993,0.009984,,0.0051199999999999996,,1.9274239999999998,15374,12512,564,0.35667609999973138
15375,335.72942730300451,277760300768,1,8.0355014652013779,8.1829,7.871744,1.8282,21828,0.001024,3.273472,,0.038655999999999996,0.15923199999999998,0.000256,0.141056,0.0038399999999999997,0.010752,,0.002304,,1.92896,15375,12513,564,0.36474550000002637
15376,335.7371600056689,277760382597,1,7.7327028848230839,8.0775,8.012288,1.8908,16387,0.001024,3.2962559999999996,,0.049408,0.16153599999999999,0,0.140288,0.003328,0.009472,,0.0048639999999999994,,1.748224,15376,12514,564,0.37211299999989933
15377,335.7450104024943,277760463372,1,7.8503964468836784,7.3209,7.707648,1.7859,16044,0.001024,3.23072,,0.038655999999999996,0.161024,0.000256,0.140544,0.0038399999999999997,0.009216,,0.005632,,1.9458559999999998,15377,12515,564,0.38112709999995786
15378,335.75294550028343,277760536581,1,7.9350974410772324,8.0595,7.832064,1.7982,68753,0.001024,3.288064,,0.037376,0.16768,0,0.14899199999999999,0.008192,0.0097279999999999988,,0.0038399999999999997,,2.0405759999999997,15378,12516,564,0.3883163999998942
15379,335.76105200538547,277760617176,1,8.106505498290062,7.4068,7.918336,1.9544,16246,0.001024,3.23712,,0.039424,0.161024,0,0.140288,0.004608,0.000768,,0.013568,,1.747456,15379,12517,564,0.39623299999993833
15380,335.76879860402494,277760691244,1,7.7465986832976341,8.5976,8.083712,2.0674,29743,0.001024,3.292928,,0.038911999999999995,0.16383999999999999,0,0.14464,0.00896,0.00896,,0.0063999999999999994,,2.113536,15380,12518,564,0.40410900000006222
15381,335.7769130031179,277760777220,1,8.1143993884325027,7.5587,7.722752,1.966,15899,0.001024,3.291136,,0.041215999999999996,0.174336,0,0.15564799999999998,0.007936,0.009216,,0.004608,,1.93024,15381,12519,564,0.4122930999997152
15382,335.78476290391154,277760852807,1,7.849900983273983,7.8648,8.090368,2.323,16387,0.001024,3.229952,,0.038655999999999996,0.15692799999999998,0,0.137216,0.0076799999999999993,0.011264,,0.003328,,2.0864,15382,12520,564,0.4202090999997381
15383,335.79303129960317,277760931455,1,8.2683954387903214,7.8846,7.830528,2.0982,21828,0.001024,3.240192,,0.038655999999999996,0.15462399999999998,0,0.13568,0.003584,0.010496,,0.0038399999999999997,,2.05824,15383,12521,564,0.42858469999964655
15384,335.80106050170065,277761010301,1,8.0292019993066788,8.0924,8.250624,1.9265,16387,0.001024,3.1897599999999997,,0.040959999999999996,0.15001599999999998,0,0.129792,0.007424,0.00896,,0.005632,,1.9279359999999999,15384,12522,564,0.43668069999966974
15385,335.80939760487524,277761091225,1,8.3371028304100037,7.9708,8.013568,1.9836,15899,0.001024,3.2847359999999997,,0.036095999999999996,0.160512,0,0.141312,0.003584,0.011264,,0.004352,,2.1591039999999997,15385,12523,564,0.44532630000003337
15386,335.81715230300455,277761170933,1,7.7546979300677776,8.1399,8.280832,2.039,16387,0.001024,3.184128,,0.039424,0.164352,0,0.142592,0.0076799999999999993,0.010752,,0.0048639999999999994,,1.748224,15386,12524,564,0.45250629999964076
15387,335.82510110544217,277761252332,1,7.9488027840852737,8.3535,7.763456,2.1003,15899,0.0012799999999999999,3.298304,,0.038655999999999996,0.154112,0.000256,0.13516799999999998,0.007424,0.010496,,0.0038399999999999997,,2.033664,15387,12525,564,0.46049069999980929
15388,335.83322430555552,277761335867,1,8.123200386762619,8.5991,7.933696,1.8913,16387,0.001024,3.2701439999999997,,0.040192,0.155392,0,0.13568,0.0076799999999999993,0.009472,,0.004608,,1.9512319999999999,15388,12526,564,0.46883780000007391
15389,335.841297002551,277761421858,1,8.07269662618637,7.2028,8.103936,2.1995,15899,0.001024,3.1902719999999998,,0.038655999999999996,0.156416,0,0.136704,0.008192,0.006912,,0.006656,,2.098176,15389,12527,564,0.47676180000007662
15390,335.84941110402491,277761493886,1,8.1141013652086258,7.9067,8.005632,2.1517,16387,0.001024,3.1959039999999996,,0.038911999999999995,0.15923199999999998,0,0.139008,0.003584,0.011519999999999999,,0.0048639999999999994,,1.958912,15390,12528,564,0.48475749999988693
15391,335.85743950538546,277761572953,1,8.02840106189251,8.4539,8.14336,1.9157,16246,0.001024,3.292928,,0.03712,0.15692799999999998,0.000256,0.133888,0.0076799999999999993,0.0097279999999999988,,0.0038399999999999997,,1.958912,15391,12529,564,0.49419099999977334
15392,335.86574350198413,277761657492,1,8.3039961755275726,7.9269,8.00256,1.8892,18936,0.001024,3.270912,,0.036095999999999996,0.18201599999999998,0,0.161024,0.008192,0.0097279999999999988,,0.005632,,1.95328,15392,12530,564,0.501228699999956
15393,335.87419050453514,277761736761,1,8.4470026195049286,8.0364,8.293632,2.0761,15899,0.001024,3.17568,,0.039424,0.16255999999999998,0.000256,0.142848,0.003584,0.011519999999999999,,0.004352,,1.944064,15393,12531,564,0.50969679999980144
15394,335.8820755031179,277761817125,1,7.8849988058209419,9.3327,8.393472,1.96,16387,0.001024,3.273984,,0.040959999999999996,0.15488,0,0.135424,0.0076799999999999993,0.009472,,0.004608,,1.948672,15394,12532,564,0.51758029999973587
15395,335.89030340136054,277761910452,1,8.2278978079557419,7.1199,7.895552,2.0191,15899,0.001024,3.095808,,0.03584,0.157184,0,0.137216,0.0076799999999999993,0.010752,,0.0051199999999999996,,1.9578879999999999,15395,12533,564,0.52585289999979068
15396,335.89841699971652,277761981651,1,8.1135984510183334,8.3935,8.206848,2.083,16439,0.001024,3.0991359999999997,,0.03968,0.164352,0,0.140544,0.004608,0.000256,,0.014591999999999999,,2.1076479999999997,15396,12534,564,0.533688600000005
15397,335.90675740504531,277762065586,1,8.34040530025959,7.9443,8.10368,1.959,15899,0.001024,3.1045119999999997,,0.041215999999999996,0.16383999999999999,0.000256,0.142848,0.011264,0,,0.021248,,1.747968,15397,12535,564,0.54260469999962879
15398,335.91499469954647,277762145029,1,8.2372948527336121,8.2087,8.314624,1.9633,16387,0.001024,3.237376,,0.03584,0.1664,0,0.1472,0.008704,0.009472,,0.004608,,2.393088,15398,12536,564,0.55048919999990176
15399,335.92287100340133,277762227116,1,7.8763039782643318,7.9473,8.224512,2.2816,16094,0.001024,3.179776,,0.03968,0.16255999999999998,0,0.142336,0.003584,0.011007999999999999,,0.005632,,1.74976,15399,12537,564,0.55852779999986524
15400,335.93109050453512,277762306589,1,8.2195010036230087,8.6408,7.84384,2.0494,16387,0.001024,3.193856,,0.035328,0.15488,0,0.136192,0.0076799999999999993,0.009984,,0.003584,,2.1844479999999997,15400,12538,564,0.56647229999998672
15401,335.93905610119049,277762392997,1,7.96559639275074,8.1189,8.206336,1.9718,15899,0.001024,3.274752,,0.039424,0.154368,0.000256,0.134656,0.0076799999999999993,0.010496,,0.005632,,2.198528,15401,12539,564,0.57516889999988052
15402,335.94714320436509,277762474186,1,8.0871032550930977,8.016,7.938048,1.9439,16387,0.001024,3.294464,,0.034048,0.358656,0.000256,0.33971199999999996,0.007424,0.009984,,0.004096,,2.034176,15402,12540,564,0.58299609999994573
15403,335.95537000425168,277762554346,1,8.22679977864027,7.973,8.075264,2.4462,15899,0.001024,3.2954879999999998,,0.03968,0.152832,0,0.13312,0.004096,0.011264,,0.004096,,1.7456639999999999,15403,12541,564,0.59120279999979175
15404,335.96330200538546,277762634076,1,7.9320007935166359,8.3975,8.205312,2.074,16589,0.001024,3.293952,,0.035328,0.16025599999999998,0,0.140544,0.011776,0.010752,,0.005632,,2.122496,15404,12542,564,0.59895849999975326
15405,335.97154530187072,277762718051,1,8.2432962954044342,8.1006,7.913728,2.3457,15899,0.001024,3.2284159999999997,,0.03584,0.16255999999999998,0,0.142848,0.0038399999999999997,0.012032,,0.004096,,1.9578879999999999,15405,12543,564,0.60704379999970115
15406,335.97964710175734,277762799057,1,8.10179952532053,8.1508,8.220416,2.3705,16387,0.001024,3.272704,,0.039424,0.16512,0.000256,0.14438399999999998,0.004096,0.011007999999999999,,0.0051199999999999996,,2.042624,15406,12544,564,0.61556870000003983
15407,335.98752030187075,277762880565,1,7.8731998801231384,7.8082,8.095744,1.9499,15899,0.001024,3.1746559999999997,,0.040704,0.154112,0,0.13414399999999999,0.007424,0.011776,,0.003072,,1.747712,15407,12545,564,0.6227696000000833
15408,335.99563430413832,277762958647,1,8.1140026450157166,8.0575,7.84128,2.6084,16387,0.001024,3.180288,,0.035072,0.159744,0.000256,0.139008,0.007424,0.010239999999999999,,0.004352,,1.9627519999999998,15408,12546,564,0.63117799999963609
15409,336.00383590561222,277763039222,1,8.2016019150614738,8.5884,8.09856,2.1679,15899,0.001024,3.170304,,0.03968,0.15488,0,0.135424,0.009472,0,,0.016128,,2.199296,15409,12547,564,0.63915670000005775
15410,336.01173390022672,277763125106,1,7.8979944810271263,7.1539,8.184576,2.2469,16387,0.001024,3.3057279999999998,,0.0384,0.15692799999999998,0,0.13747199999999998,0.0063999999999999994,0.000256,,0.03584,,1.747968,15410,12548,564,0.64725959999987026
15411,336.01971410147394,277763196645,1,7.98020139336586,8.3954,7.868928,1.8084,15899,0.0012799999999999999,3.296,,0.039424,0.15488,0.000256,0.136704,0.007936,0.011264,,0.0025599999999999998,,2.078208,15411,12549,564,0.65542129999994359
15412,336.02779559948976,277763280599,1,8.0814976245164871,7.9694,7.981056,2.07,16387,0.001024,3.227648,,0.040704,0.15334399999999998,0,0.134656,0.0038399999999999997,0.011776,,0.002816,,2.095104,15412,12550,564,0.66321309999966616
15413,336.03577149943311,277763360293,1,7.9758996143937111,8.1254,8.051456,2.0691,15899,0.001024,3.1946239999999997,,0.04224,0.15564799999999998,0,0.135936,0.007936,0.00896,,0.0063999999999999994,,2.10176,15413,12551,564,0.67135189999999056
15414,336.04339880243765,277763441547,1,7.6273027807474136,8.1903,7.939584,2.3566,16387,0.001024,3.2368639999999997,,0.038911999999999995,0.157184,0,0.13747199999999998,0.006912,0.0097279999999999988,,0.006144,,1.746688,15414,12552,564,0.67867569999998523
15415,336.0510038052721,277763523450,1,7.6050027273595333,7.8285,7.625216,1.9567,15899,0.001024,3.1879679999999997,,0.036864,0.15923199999999998,0,0.13952,0.007424,0.010752,,0.004352,,1.9463679999999999,15415,12553,564,0.687416100000064
15416,336.05899730017006,277763601735,1,7.9934950917959213,8.108,,2.0781,16589,0.001024,3.097088,,0.038655999999999996,0.15334399999999998,0.000256,0.13312,0.0076799999999999993,0.011007999999999999,,0.0038399999999999997,,1.9146239999999999,15416,12554,564,0.694898700000067
15417,336.0706593041383,277763682815,1,11.662003584206104,7.2978,7.995904,7.2978,15899,0.001024,3.292416,,0.034816,0.164352,0,0.14464,0.003072,0.010496,,0.005888,,1.7454079999999998,15417,12555,564,0.7064925999998195
15418,336.07867340561222,277763755793,1,8.0141015350818634,8.5072,8.012544,1.6161,23216,0.001024,3.1902719999999998,,0.038144,0.1664,0,0.1472,0.007424,0.010752,,0.0051199999999999996,,1.7487359999999998,15418,12556,564,0.71420399999988149
15419,336.08716969954645,277763840865,1,8.4962937980890274,7.7052,7.98464,2.1458,15899,0.001024,3.1936,,0.040448,0.156672,0,0.13644799999999999,0.008704,0.013056,,0.004608,,2.061568,15419,12557,564,0.72265840000000026
15420,336.09526090561224,277763917917,1,8.0912057310342789,11.2442,8.49152,1.8075,16387,0.0025599999999999998,3.1728639999999997,,0.043775999999999995,0.153856,0,0.1344,0.003584,0.0097279999999999988,,0.0038399999999999997,,1.955328,15420,12558,564,0.7315481999999065
15421,336.10383700396824,277764030359,1,8.5760978981852531,8.0602,8.067072,1.7887,15951,0.001024,3.225856,,0.039936,0.14976,0,0.131328,0.008192,0.011776,,0.002304,,2.0756479999999997,15421,12559,564,0.7391751000000113
15422,336.112222002551,277764110961,1,8.3849988877773285,8.4868,8.555264,2.184,16387,0.001024,3.277568,,0.036608,0.150528,0.000256,0.130816,0.0076799999999999993,0.013312,,0.003328,,1.747456,15422,12560,564,0.74758849999989252
15423,336.11992840136054,277764195829,1,7.7063986100256443,8.7432,8.369152,2.0336,15899,0.0012799999999999999,3.291648,,0.038911999999999995,0.14976,0.000256,0.131328,0.0076799999999999993,0.011519999999999999,,0.002304,,2.193152,15423,12561,564,0.75570739999966463
15424,336.12832350481858,277764283261,1,8.3951037377119064,7.7749,7.68256,2.174,16387,0.001024,3.184128,,0.035072,0.149504,0.000256,0.13055999999999998,0.0076799999999999993,0.0097279999999999988,,0.0038399999999999997,,1.9581439999999999,15424,12562,564,0.7638637000000017
15425,336.13633720238096,277764361010,1,8.01369734108448,8.4294,8.36224,2.0426,15899,0.001024,3.180544,,0.036864,0.16716799999999998,0,0.14771199999999998,0.0076799999999999993,0.011776,,0.005376,,2.228224,15425,12563,564,0.77155309999989186
15426,336.14482930130384,277764445304,1,8.49209912121296,8.0837,8,1.9671,16387,0.001024,3.277568,,0.038144,0.155904,0.000256,0.134656,0.0048639999999999994,0,,0.03584,,1.944064,15426,12564,564,0.78032600000005914
15427,336.15276570294782,277764526141,1,7.936401292681694,8.2218,8.482304,1.9998,15899,0.001024,3.174144,,0.042496,0.154368,0,0.1344,0.008192,0.010752,,0.004608,,2.205696,15427,12565,564,0.78827169999976832
15428,336.16094580498867,277764608359,1,8.1801023334264755,7.656,7.904768,2.1465,16589,0.001024,3.299072,,0.034816,0.16,0,0.139264,0.012032,0.0025599999999999998,,0.012799999999999999,,1.7456639999999999,15428,12566,564,0.796121200000016
15429,336.16892280328796,277764684919,1,7.9769985750317574,8.7772,8.155136,1.9309,15899,0.001024,3.245568,,0.038911999999999995,0.15744,0,0.13644799999999999,0.0076799999999999993,0.009472,,0.004608,,2.1076479999999997,15429,12567,564,0.80425359999981083
15430,336.177414399093,277764772691,1,8.4915962070226669,7.8957,7.957504,1.8976,16387,0.001024,3.2913919999999997,,0.039424,0.155904,0.000256,0.136704,0.007424,0.009984,,0.005376,,1.913344,15430,12568,564,0.81356899999991583
15431,336.18534389880949,277764851648,1,7.9294992610812187,7.9304,8.46592,2.1431,15899,0.001024,3.172352,,0.042496,0.15462399999999998,0.000256,0.1344,0.007424,0.009472,,0.004096,,2.080768,15431,12569,564,0.82046270000000732
15432,336.19313170351472,277764930952,1,7.7878045849502087,7.9858,7.91552,2.0851,16387,0.001024,3.2017919999999997,,0.039168,0.15744,0,0.136704,0.0084479999999999989,0.010239999999999999,,0.005632,,1.747712,15432,12570,564,0.82819309999968027
15433,336.20102779903624,277765010810,1,7.8960955142974854,9.339,7.761152,1.7555,21683,0.0012799999999999999,3.17568,,0.040959999999999996,0.155904,0,0.13568,0.007424,0.00896,,0.004096,,1.943552,15433,12571,564,0.83647609999979977
15434,336.20960629960314,277765104200,1,8.5785007104277611,6.9875,7.8778879999999996,1.7942,16387,0.001024,3.287296,,0.036351999999999995,0.18176,0,0.162816,0.007936,0.009472,,0.004352,,2.0392959999999998,15434,12572,564,0.84489970000004178
15435,336.21732550311788,277765174075,1,7.7192033641040325,7.7861,8.559872,1.8933,15899,0.001024,3.277056,,0.040959999999999996,0.155904,0.000256,0.13644799999999999,0.0076799999999999993,0.011007999999999999,,0.0051199999999999996,,1.7489919999999999,15435,12573,564,0.85247189999972761
15436,336.22571799886617,277765251936,1,8.3924960345029831,8.2221,7.688192,1.9385,16387,0.001024,3.188224,,0.038911999999999995,0.15744,0.000256,0.139008,0.004096,0.009984,,0.004608,,2.050304,15436,12574,564,0.86107719999972687
15437,336.23353489937642,277765334157,1,7.8169004991650581,8.4721,8.370688,1.9435,16094,0.001024,3.235584,,0.040192,0.156672,0,0.13696,0.0076799999999999993,0.0097279999999999988,,0.004096,,2.119424,15437,12575,564,0.86873389999982464
15438,336.24150060232427,277765418878,1,7.9657025635242462,7.5382999999999996,7.798016,2.1319,16387,0.001024,3.232256,,0.035328,0.164608,0.001792,0.14540799999999998,0.0038399999999999997,0.001792,,0.010239999999999999,,2.077184,15438,12576,564,0.87668519999988348
15439,336.24995179988662,277765494261,1,8.4511972963809967,8.5989,7.961344,1.8554,15899,0.001024,3.180288,,0.039936,0.151552,0.000256,0.132096,0.007424,0.009984,,0.0048639999999999994,,1.7471999999999999,15439,12577,564,0.88505820000000313
15440,336.25767350481857,277765580250,1,7.72170489653945,7.6397,8.417536,1.7907,16387,0.001024,3.178752,,0.039168,0.16255999999999998,0,0.14336,0.008192,0.009472,,0.0038399999999999997,,2.607104,15440,12578,564,0.892827699999998
15441,336.26577900368477,277765656647,1,8.1054987385869026,8.0213,7.705856,1.8066,16246,0.0012799999999999999,3.292928,,0.039168,0.16383999999999999,0,0.137216,0.013056,0.000256,,0.013824,,1.9543039999999998,15441,12579,564,0.9010736000000179
15442,336.27351820436508,277765736860,1,7.7392007224261761,8.313,8.083968,1.855,16387,0.001024,3.192064,,0.040192,0.15795199999999998,0,0.13849599999999998,0.005376,0.0097279999999999988,,0.005888,,2.027008,15442,12580,564,0.90869609999981549
15443,336.281614399093,277765819990,1,8.096194826066494,7.7856,7.714816,1.9536,15899,0.001024,3.177984,,0.038911999999999995,0.156672,0.000256,0.137728,0.0076799999999999993,0.010239999999999999,,0.004608,,2.04288,15443,12581,564,0.91708590000007462
15444,336.28990970096373,277765897846,1,8.2953022792935371,8.1941,8.08704,1.8164,16387,0.001024,3.2919039999999997,,0.041215999999999996,0.153088,0.000256,0.133632,0.007936,0.0097279999999999988,,0.0051199999999999996,,1.960704,15444,12582,564,0.92534260000002178
15445,336.29793700396823,277765979787,1,8.0273030325770378,7.6871,8.26112,2.1136,15899,0.001024,3.235328,,0.044288,0.15872,0,0.13824,0.003328,0.009984,,0.005632,,2.104576,15445,12583,564,0.93332989999998972
15446,336.30573780470519,277766056658,1,7.80080072581768,8.2433,8.021504,2.0141,16439,0.001024,3.2061439999999997,,0.03584,0.15488,0,0.135936,0.012799999999999999,0.003072,,0.012032,,1.7456639999999999,15446,12584,564,0.94113879999986239
15447,336.31355880102041,277766139091,1,7.820996455848217,8.3587,7.770368,1.9711,15899,0.001024,3.274496,,0.039168,0.15872,0.000256,0.139264,0.007936,0.0097279999999999988,,0.005632,,2.064896,15447,12585,564,0.94929860000002009
15448,336.32197370323127,277766222678,1,8.4149017930030823,7.947,7.799808,1.9607,16387,0.171264,3.2634879999999997,,0.039168,0.16025599999999998,0,0.141824,0.0038399999999999997,0.009216,,0.006144,,1.9494399999999998,15448,12586,564,0.95757770000000164
15449,336.33002560232427,277766302148,1,8.0518992617726326,7.8556,8.364288,1.9869,15899,0.001024,3.236608,,0.038911999999999995,0.1664,0,0.146944,0.007936,0.009472,,0.004096,,2.096384,15449,12587,564,0.96544969999968089
15450,336.33793759920633,277766380704,1,7.91199691593647,8.0462,8.064256,2.1274,16387,0.001024,3.2755199999999998,,0.039424,0.159744,0.000256,0.13952,0.007168,0.011519999999999999,,0.004096,,1.9560959999999998,15450,12588,564,0.97327779999977793
15451,336.3459545989229,277766461166,1,8.0169998109340668,8.4078,7.896064,2.006,15899,0.001024,3.286272,,0.039424,0.17024,0.000256,0.145152,0.004608,0.0025599999999999998,,0.011776,,1.9527679999999998,15451,12589,564,0.98220739999987927
15452,336.35423960459184,277766545244,1,8.2850055769085884,7.8298,7.994112,1.9246,16387,0.001024,3.232512,,0.036608,0.155392,0,0.135936,0.0038399999999999997,0.010752,,0.004096,,2.03648,15452,12590,564,0.98972759999969639
15453,336.36237059948979,277766623542,1,8.130994625389576,7.7973,8.27008,2.0269,16101,0.001024,3.186944,,0.039424,0.157696,0,0.13747199999999998,0.0076799999999999993,0.011264,,0.005888,,1.746688,15453,12591,564,0.99801079999997455
15454,336.36998420493194,277766701515,1,7.6136053539812565,8.7888,8.11264,2.1908,46117,0.0012799999999999999,3.095552,,0.03456,0.159744,0.000256,0.13977599999999998,0.0076799999999999993,0.012032,,0.004608,,2.376448,15454,12592,565,0.0034430000000611471
15455,336.37786840277778,277766789403,1,7.8841978684067726,7.6723,7.588096,2.2142,15899,0.001024,3.2719359999999997,,0.038911999999999995,0.1664,0,0.146944,0.007424,0.010239999999999999,,0.005376,,1.9228159999999999,15455,12593,565,0.010511100000258011
15456,336.38607820294783,277766866126,1,8.2098003476858139,8.2638,7.871744,0.4703,16582,0.001024,3.2913919999999997,,0.038911999999999995,0.14899199999999999,0,0.13055999999999998,0.007424,0.009984,,0.004096,,2.079488,15456,12594,565,0.018664500000340922
15457,336.39406400226756,277766948764,1,7.9857995733618736,8.2846,0.035328,2.0156,15899,0.001024,3.236608,,0.04224,0.153088,0,0.13312,0.0076799999999999993,0.009216,,0.004352,,1.955328,15457,12595,565,0.026600000000144064
15458,336.40213420493194,277767031610,1,8.07020254433155,7.0297,7.965696,1.9218,16387,0.001024,3.272704,,0.038911999999999995,0.178944,0,0.16,0.007936,0.009472,,0.004096,,1.9996159999999998,15458,12596,565,0.03477999999995518
15459,336.41027679988662,277767101907,1,8.1425951793789864,8.2061,8.048128,2.3545,15899,0.001024,3.289856,,0.039168,0.160768,0,0.14079999999999998,0.008192,0.009472,,0.004096,,1.934848,15459,12597,565,0.04267180000033477
15460,336.41807959892287,277767183968,1,7.8027988784015179,7.7827,8.119808,1.8566,16387,0.001024,3.188736,,0.043519999999999996,0.151552,0.000256,0.132352,0.007424,0.0097279999999999988,,0.0048639999999999994,,2.084608,15460,12598,565,0.050668600000335573
15461,336.42582650226757,277767261795,1,7.7469032257795334,8.3357,7.786496,1.9979,15899,0.001024,3.177984,,0.03968,0.159744,0,0.14079999999999998,0.007936,0.010239999999999999,,0.0048639999999999994,,2.108416,15461,12599,565,0.0582883000001857
15462,336.43402520549887,277767345152,1,8.19870363920927,7.8755,7.725824,1.8494,16387,0.001024,3.2913919999999997,,0.035328,0.159488,0,0.139008,0.007424,0.010752,,0.0051199999999999996,,1.9545599999999999,15462,12600,565,0.0663526000003003
15463,336.4420455994898,277767423907,1,8.0203935503959656,8.0248,8.17792,2.162,15899,0.001024,3.298816,,0.040192,0.158976,0,0.140288,0.008192,0.009984,,0.003584,,2.213632,15463,12601,565,0.074333500000193453
15464,336.45058950538549,277767504155,1,8.5439058020710945,7.5802,8.00512,1.8429,16387,0.001024,3.307264,,0.041215999999999996,0.15231999999999998,0,0.13286399999999998,0.007424,0.009984,,0.004096,,1.7469439999999998,15464,12602,565,0.08321620000015173
15465,336.45841519982991,277767579957,1,7.8256940469145775,8.1183,8.518144,1.8844,15899,0.001024,3.292928,,0.040704,0.154368,0,0.13414399999999999,0.007424,0.009984,,0.0038399999999999997,,2.541824,15465,12603,565,0.091088800000306946
15466,336.46691789965985,277767661140,1,8.5026994347572327,7.9503,7.811584,1.9516,16589,0.001024,3.229952,,0.036608,0.16255999999999998,0.000256,0.14310399999999998,0.008704,0.00896,,0.004352,,1.9496959999999999,15466,12604,565,0.099423099999967235
15467,336.47472630385488,277767740643,1,7.8084040433168411,8.7054,8.477952,2.0056,15899,0.001024,3.241472,,0.039168,0.168448,0,0.144128,0.007424,0.009984,,0.0048639999999999994,,2.106624,15467,12605,565,0.10723020000023098
15468,336.48276400226757,277767827697,1,8.0376984551548958,7.9627,7.789312,1.8467,16387,0.001024,3.236096,,0.041215999999999996,0.15488,0,0.13516799999999998,0.0076799999999999993,0.009472,,0.0048639999999999994,,1.938176,15468,12606,565,0.11564510000016526
15469,336.49063570011339,277767907324,1,7.8716976568102837,8.4116,8.006912,1.8236,15899,0.001024,3.1818239999999998,,0.039424,0.16127999999999998,0.000256,0.141312,0.008704,0.009472,,0.0038399999999999997,,2.006272,15469,12607,565,0.12317870000015319
15470,336.49872509920635,277767991440,1,8.0893989652395248,7.7675,7.79008,1.9654,16387,0.001024,3.2363519999999997,,0.03968,0.15488,0.000256,0.13516799999999998,0.004608,0,,0.013312,,1.748224,15470,12608,565,0.13118370000029245
15471,336.50697530470518,277768069115,1,8.2502057775855064,8.4191,8.133888,1.9524,15951,0.001024,3.272448,,0.048128,0.15923199999999998,0.000256,0.13824,0.007936,0.009984,,0.004608,,2.034688,15471,12609,565,0.13958270000011908
15472,336.51520860260769,277768153306,1,8.2332976162433624,7.5193,8.230656,1.8565,16387,0.001024,3.291136,,0.035584,0.160512,0,0.14207999999999998,0.010239999999999999,0.009984,,0.004352,,2.375168,15472,12610,565,0.14767750000009983
15473,336.52307320011334,277768228499,1,7.8645972535014153,8.0646,8.214016,2.2983,15899,0.001024,3.175424,,0.039936,0.1536,0.000256,0.133888,0.008192,0.012288,,0.005632,,1.747968,15473,12611,565,0.15551640000012412
15474,336.531409502551,277768309145,1,8.336302824318409,8.2913,7.842816,1.8069,16387,0.001024,3.188992,,0.040192,0.155136,0,0.137216,0.005376,0.0097279999999999988,,0.005376,,2.180608,15474,12612,565,0.16378840000015771
15475,336.53979170209749,277768392058,1,8.3821993321180344,8.1855,8.31744,1.912,16094,0.001024,3.2913919999999997,,0.040959999999999996,0.16153599999999999,0,0.141312,0.003584,0.009472,,0.004096,,2.282496,15475,12613,565,0.17241520000015953
15476,336.54770610119044,277768473913,1,7.9143987968564034,7.7917,8.35968,2.1264,16387,0.001024,3.190784,,0.034816,0.158464,0,0.13977599999999998,0.007936,0.009984,,0.005632,,2.144768,15476,12614,565,0.17995569999993677
15477,336.55561920351471,277768551830,1,7.9131023958325386,8.3664,7.896576,1.8411,15899,0.001024,3.2430079999999997,,0.040192,0.16614399999999999,0,0.142336,0.003584,0.010239999999999999,,0.004352,,1.7484799999999998,15477,12615,565,0.18807020000031116
15478,336.56323939909294,277768635494,1,7.6201953925192356,8.5188,7.892224,2.0152,16589,0.001024,3.178496,,0.035072,0.151552,0,0.133376,0.0076799999999999993,0.009984,,0.003584,,2.20544,15478,12616,565,0.19566680000025372
15479,336.57147900368477,277768720682,1,8.2396045327186584,7.642,7.595008,1.976,15899,0.001024,3.170304,,0.038911999999999995,0.158208,0.000256,0.13952,0.003328,0.009984,,0.003328,,1.9530239999999999,15479,12617,565,0.2041825000001154
15480,336.57974730017,277768797102,1,8.2682967185974121,8.0995,8.222464,1.874,23021,0.001024,3.292928,,0.039168,0.150272,0,0.131328,0.007424,0.0097279999999999988,,0.003584,,2.033152,15480,12618,565,0.21211919999996098
15481,336.5881473993764,277768878097,1,8.4000993520021439,7.5603,8.234496,1.8343,15899,0.001024,3.273472,,0.040448,0.15462399999999998,0,0.133632,0.007936,0.0097279999999999988,,0.005888,,1.746688,15481,12619,565,0.22051559999999881
15482,336.59603330498862,277768953700,1,7.8859059140086174,8.2805,8.3904,1.929,16387,0.001024,3.23584,,0.048128,0.157696,0,0.13824,0.0076799999999999993,0.0097279999999999988,,0.0051199999999999996,,2.439936,15482,12620,565,0.22857710000016596
15483,336.60421310232425,277769036505,1,8.1797977909445763,8.2153,7.876096,1.9402,15899,0.001024,3.287808,,0.038655999999999996,0.16383999999999999,0.000256,0.14438399999999998,0.0076799999999999993,0.0097279999999999988,,0.005376,,2.106624,15483,12621,565,0.23657040000034613
15484,336.61264730017007,277769118658,1,8.43419786542654,8.2983,8.159232,1.865,16387,0.001024,3.2755199999999998,,0.041984,0.152576,0.000256,0.13312,0.005632,0.009472,,0.0038399999999999997,,2.022144,15484,12622,565,0.24515629999996236
15485,336.62081780045349,277769201641,1,8.17050039768219,8.1887,8.406016,1.8964,15899,0.001024,3.294208,,0.035072,0.15795199999999998,0,0.13952,0.007936,0.009984,,0.004352,,2.65344,15485,12623,565,0.25324850000015431
15486,336.62868970379816,277769283528,1,7.8719034790992737,7.897,8.16128,1.9267,16387,0.001024,3.230464,,0.037376,0.16127999999999998,0,0.13849599999999998,0.0076799999999999993,0.0097279999999999988,,0.0038399999999999997,,2.31168,15486,12624,565,0.26118040000028486
15487,336.63654820011334,277769362498,1,7.8584961593151093,8.4321,7.835648,1.9046,15899,0.001024,3.241472,,0.042752,0.166656,0,0.137728,0.007936,0.009984,,0.0051199999999999996,,2.178816,15487,12625,565,0.26900849999992715
15488,336.64461220238093,277769446819,1,8.0640027299523354,8.2885,7.845888,1.7613,16387,0.001024,3.27936,,0.040704,0.152832,0,0.132608,0.007424,0.009472,,0.004352,,1.933312,15488,12626,565,0.27726389999997991
15489,336.65227490079366,277769529704,1,7.6626986265182495,7.9731,8.037888,1.8025,15899,0.0012799999999999999,3.1733759999999998,,0.038911999999999995,0.1664,0,0.146944,0.0038399999999999997,0.009472,,0.004352,,2.328064,15489,12627,565,0.28478010000026188
15490,336.66052140022674,277769609435,1,8.2464991137385368,7.8026,7.6416,1.8094,16589,0.001024,3.172096,,0.041215999999999996,0.158464,0,0.137984,0.007424,0.009472,,0.004352,,1.750016,15490,12628,565,0.29298540000036155
15491,336.66816030328795,277769687461,1,7.6389028690755367,8.1873,8.234752,1.8638,15899,0.001024,3.2750079999999997,,0.040704,0.158208,0,0.139264,0.0076799999999999993,0.009472,,0.0038399999999999997,,2.07872,15491,12629,565,0.30082380000021658
15492,336.67603720238094,277769769334,1,7.8768990933895111,7.5747,7.624448,1.9541,16387,0.001024,3.2919039999999997,,0.038911999999999995,0.15872,0,0.140288,0.005376,0.0084479999999999989,,0.005888,,1.9343359999999998,15492,12630,565,0.3083838000002288
15493,336.68398540249433,277769845081,1,7.9482002183794975,8.1843,7.845376,1.9584,15899,0.0012799999999999999,3.272448,,0.037376,0.154368,0,0.1344,0.0076799999999999993,0.009472,,0.004352,,1.932288,15493,12631,565,0.31813069999998334
15494,336.69238319869612,277769926924,1,8.39779619127512,7.8765,7.936256,1.8159,16582,0.001024,3.1733759999999998,,0.0384,0.175616,0.000256,0.156672,0.007936,0.009472,,0.005632,,2.134784,15494,12632,565,0.32482550000031551
15495,336.70067630385483,277770005689,1,8.29310528934002,7.5711,8.371968,1.9453,15899,0.004352,3.2319999999999998,,0.039168,0.158976,0,0.139008,0.0097279999999999988,0.009472,,0.004096,,1.938688,15495,12633,565,0.33310180000034961
15496,336.70904209892291,277770081400,1,8.3657950162887573,9.5895,8.276224,1.8398,16439,0.001024,3.270912,,0.040704,0.15692799999999998,0,0.13696,0.004352,0.009472,,0.0048639999999999994,,2.132736,15496,12634,565,0.34136239999997997
15497,336.71674420351474,277770177295,1,7.70210474729538,6.8336,8.348672,1.8438,15899,0.001024,3.235328,,0.039936,0.160512,0.000256,0.14079999999999998,0.003328,0.011007999999999999,,0.0051199999999999996,,1.746688,15497,12635,565,0.3491412000003038
15498,336.72477329931974,277770245631,1,8.0290958285331726,8.2364,7.6672,1.8455,16387,0.001024,3.190784,,0.039168,0.16512,0,0.146176,0.007936,0.00896,,0.006144,,2.0441599999999998,15498,12636,565,0.35721319999993284
15499,336.73263430413829,277770327995,1,7.8610051423311234,8.3297,8.01664,2.0405,15899,0.001024,3.291648,,0.039424,0.16486399999999998,0.000256,0.137728,0.007936,0.0097279999999999988,,0.0048639999999999994,,2.134528,15499,12637,565,0.36518360000036409
15500,336.74064010062358,277770411292,1,8.0057969316840172,7.7185,7.842048,1.8603,16387,0.001024,3.202816,,0.039424,0.154112,0.000256,0.133376,0.007936,0.0097279999999999988,,0.005632,,1.9494399999999998,15500,12638,565,0.37296710000009625
15501,336.74853219954645,277770488477,1,7.89209920912981,8.1313,7.919616,2.0067,15899,0.001024,3.29344,,0.039936,0.17843199999999998,0,0.136704,0.007936,0.00896,,0.004352,,1.865472,15501,12639,565,0.38094700000010562
15502,336.75674820011335,277770569790,1,8.21600016206503,7.9188,7.942656,1.7781,16387,0.001024,3.2737279999999997,,0.041215999999999996,0.15564799999999998,0,0.13568,0.0048639999999999994,0.009472,,0.0038399999999999997,,1.94048,15502,12640,565,0.38929490000009537
15503,336.76490330215421,277770648978,1,8.1551019102334976,7.8337,8.18432,1.8182,36610,0.001024,3.2919039999999997,,0.039424,0.164608,0,0.145664,0.004608,0.002304,,0.013056,,2.348032,15503,12641,565,0.39752910000015618
15504,336.77260899943309,277770727315,1,7.7056973241269588,7.9627,7.845376,1.8843,27283,0.001024,3.295744,,0.041471999999999995,0.17407999999999998,0,0.13977599999999998,0.007936,0.009984,,0.004608,,1.748224,15504,12642,565,0.40515870000035648
15505,336.78051670209749,277770806942,1,7.9077025875449181,8.2305,7.674368,1.9317,21700,0.0012799999999999999,3.179776,,0.03456,0.15488,0,0.136192,0.009216,0.00896,,0.005888,,2.09408,15505,12643,565,0.41295840000020689
15506,336.7886383999433,277770889247,1,8.1216981634497643,8.1167,7.891968,1.8003,16387,0.001024,3.292928,,0.042496,0.17510399999999998,0,0.133632,0.005376,0.00896,,0.004352,,1.93536,15506,12644,565,0.42115570000032676
15507,336.796286699263,277770970414,1,7.64829944819212,7.8697,8.093952,1.8964,15899,0.001024,3.2399359999999997,,0.033535999999999996,0.157184,0.000256,0.137984,0.008192,0.009984,,0.004352,,2.070272,15507,12645,565,0.42902260000028036
15508,336.80439040532877,277771049111,1,8.1037059426307678,7.7676,7.629824,1.8279,16387,0.001024,3.199744,,0.0384,0.15795199999999998,0,0.137984,0.007424,0.0097279999999999988,,0.004352,,1.747968,15508,12646,565,0.43755469999996421
15509,336.81261780045349,277771126787,1,8.22739489376545,8.2044,8.086272,1.9898,15899,0.001024,3.277568,,0.041471999999999995,0.1536,0,0.13414399999999999,0.0076799999999999993,0.0097279999999999988,,0.005376,,1.746688,15509,12647,565,0.44502740000007179
15510,336.82077689909295,277771208831,1,8.1590982154011726,7.8249,8.20224,1.8579,16387,0.001024,3.294464,,0.034816,0.156416,0,0.13696,0.007168,0.009984,,0.0038399999999999997,,2.3687679999999998,15510,12648,565,0.45332150000012916
15511,336.82872679988662,277771287080,1,7.9499008134007454,8.3294,8.140032,1.8858,15899,0.001024,3.178752,,0.040192,0.15564799999999998,0,0.136704,0.008192,0.0097279999999999988,,0.005632,,2.0339199999999997,15511,12649,565,0.46132970000007845
15512,336.83709010062358,277771370374,1,8.3633009344339371,7.7431,7.923712,2.0467,16387,0.001024,3.278848,,0.034816,0.15616,0,0.137216,0.007424,0.010496,,0.0048639999999999994,,2.1094399999999998,15512,12650,565,0.46967769999992015
15513,336.84481550453512,277771447805,1,7.7254041098058224,8.1955,8.345088,1.8334,51236,0.22527999999999998,3.234304,,0.038655999999999996,0.152064,0.000256,0.132096,0.0084479999999999989,0.0097279999999999988,,0.0038399999999999997,,1.957376,15513,12651,565,0.47772070000019085
15514,336.85316950113378,277771529760,1,8.3539970219135284,8.048,7.7056,2.0342,46535,0.0012799999999999999,3.230976,,0.034816,0.153856,0,0.135424,0.007424,0.0097279999999999988,,0.005376,,2.0938239999999997,15514,12652,565,0.48564609999993991
15515,336.86142040107711,277771610240,1,8.250899612903595,8.2981,8.30208,1.8586,16246,0.001024,3.293952,,0.037376,0.16,0,0.140032,0.003328,0.009472,,0.0048639999999999994,,1.9998719999999999,15515,12653,565,0.49394639999991341
15516,336.86909160289116,277771693221,1,7.6712016016244888,7.8616,8.270592,1.9361,16387,0.001024,3.2368639999999997,,0.045056,0.15103999999999998,0.000256,0.13055999999999998,0.0076799999999999993,0.009984,,0.004608,,2.182912,15516,12654,565,0.50207750000026863
15517,336.87764970238095,277771771837,1,8.5580991581082344,8.2117,7.611904,1.9588,15899,0.001024,3.23072,,0.038911999999999995,0.150528,0.000256,0.132352,0.005376,0.00896,,0.005888,,1.950208,15517,12655,565,0.51023570000006657
15518,336.88581190476191,277771853954,1,8.162202313542366,8.2373,8.587008,1.9414,16387,0.001024,3.297792,,0.043264,0.164352,0.000256,0.14079999999999998,0.003584,0.009216,,0.0051199999999999996,,2.096384,15518,12656,565,0.51875030000019251
15519,336.89414850481859,277771936327,1,8.3365999162197113,8.0617,8.10496,2.0863,15899,0.001024,3.277056,,0.044544,0.15564799999999998,0,0.13568,0.007424,0.009984,,0.0051199999999999996,,1.9642879999999998,15519,12657,565,0.52676710000014282
15520,336.90230560515874,277772016944,1,8.1571005284786224,8.2098,8.340992,1.8617,16387,0.001024,3.2883199999999997,,0.039424,0.16358399999999998,0,0.143616,0.0084479999999999989,0.0097279999999999988,,0.005632,,2.110464,15520,12658,565,0.53503540000019711
15521,336.91067300170067,277772099042,1,8.3673968911170959,8.5257,8.139264,2.0638,15951,0.001024,3.1910399999999997,,0.040448,0.15692799999999998,0,0.136192,0.0076799999999999993,0.009984,,0.005632,,1.7689599999999999,15521,12659,565,0.54321299999992334
15522,336.9189363024376,277772184299,1,8.2633011043071747,7.9263,8.34432,2.0676,33958,0.001024,3.1813119999999997,,0.040959999999999996,0.158976,0,0.139008,0.004352,0.0097279999999999988,,0.0038399999999999997,,1.99424,15522,12660,565,0.5516514000000825
15523,336.92786840277779,277772263562,1,8.9321006089448929,8.4012,8.242944,1.8534,30284,0.001024,3.095808,,0.043519999999999996,0.152064,0,0.13286399999999998,0.007936,0.0097279999999999988,,0.004352,,1.93408,15523,12661,565,0.56041159999995216
15524,336.9359737032313,277772347574,1,8.10530036687851,8.1255,8.91264,1.9954,16387,0.001024,3.1861759999999997,,0.040959999999999996,0.158464,0,0.13824,0.003584,0.010496,,0.004352,,2.0943359999999998,15524,12662,565,0.56849260000035429
15525,336.94436180555556,277772428829,1,8.3881020545959473,8.3504,8.092928,1.9364,15899,0.0012799999999999999,3.174144,,0.041215999999999996,0.15488,0,0.132352,0.0076799999999999993,0.009984,,0.0048639999999999994,,2.1808639999999997,15525,12663,565,0.57808610000029148
15526,336.95303810232423,277772512333,1,8.6762970313429832,8.8781,8.367616,1.8657,48343,0.0012799999999999999,3.174144,,0.041215999999999996,0.15488,0,0.132352,0.0076799999999999993,0.009984,,0.0048639999999999994,,2.1808639999999997,15526,12664,565,0.58570110000027853
15527,336.96132959892287,277772601114,1,8.2914968952536583,8.1126,8.65664,2.4055,16101,0.001024,3.2906239999999998,,0.040704,0.155904,0,0.13568,0.003328,0.009216,,0.004352,,2.0072959999999997,15527,12665,565,0.5941795000003367
15528,336.9694551020408,277772682240,1,8.1255035474896431,9.2427,8.264192,1.9223,16387,0.001024,3.28192,,0.042752,0.153088,0.000256,0.133632,0.007936,0.0097279999999999988,,0.004352,,2.091008,15528,12666,565,0.60193920000028811
15529,336.97817970521538,277772774667,1,8.7246028706431389,7.9141,8.123904,1.9261,15899,0.001024,3.2967679999999997,,0.0384,0.15564799999999998,0,0.13644799999999999,0.004096,0.009472,,0.005376,,1.9476479999999998,15529,12667,565,0.61089690000017072
15530,336.98607220096369,277772853808,1,7.8924959525465965,8.4931,8.697088,1.8696,16387,0.0012799999999999999,3.299072,,0.036095999999999996,0.159488,0.000256,0.13977599999999998,0.0076799999999999993,0.011519999999999999,,0.004352,,2.0840959999999997,15530,12668,565,0.61840870000014547
15531,336.99402080498862,277772938739,1,7.9486044123768806,7.7909,7.883008,1.8467,33470,0.001024,3.1093759999999997,,0.038655999999999996,0.159744,0,0.140288,0.008704,0.0025599999999999998,,0.012799999999999999,,1.953792,15531,12669,565,0.62695500000018
15532,337.00242589994332,277773016648,1,8.4050949662923813,8.9559,7.921664,1.7792,33087,0.001024,3.186432,,0.03968,0.159488,0.000256,0.140544,0.007424,0.009984,,0.0048639999999999994,,1.9729919999999999,15532,12670,565,0.6348958000003222
15533,337.010583404195,277773106207,1,8.1575037911534309,7.5435,8.358144,2.0777,138896,0.001024,3.1751679999999998,,0.039424,0.16768,0,0.147968,0.012032,0.000256,,0.014336,,2.230016,15533,12671,565,0.646379700000125
15534,337.0201637046485,277773181642,1,9.5803001895546913,8.2423,8.15616,1.9319,125302,0.0012799999999999999,3.183616,,0.040959999999999996,0.15564799999999998,0,0.135936,0.0076799999999999993,0.009472,,0.0038399999999999997,,2.085632,15534,12672,565,0.65282310000020516
15535,337.02723690476188,277773264065,1,7.0732003077864647,8.2419,7.837952,2.3684,51041,0.001024,3.2883199999999997,,0.038655999999999996,0.162304,0,0.14336,0.007936,0.010239999999999999,,0.0048639999999999994,,2.036736,15535,12673,565,0.66008240000019214
15536,337.03541439909293,277773346484,1,8.1774946302175522,11.1788,8.786688,2.059,80979,0.0063999999999999994,3.177472,,0.03968,0.176896,0,0.13696,0.011264,0.0097279999999999988,,0.004096,,1.764608,15536,12674,565,0.66838460000008126
15537,337.05191730442175,277773458272,1,16.502905637025833,6.7017,8.163072,2.0442,33470,0.001024,3.1843839999999997,,0.039168,0.160768,0,0.141824,0.004608,0,,0.034816,,2.016512,15537,12675,565,0.68512559999999212
15538,337.05583610402493,277773525289,1,3.9187995716929436,6.957,8.541952,2.032,30772,0.001024,3.175424,,0.038911999999999995,0.167936,0,0.146432,0.003328,0.010496,,0.004608,,2.560768,15538,12676,565,0.68866490000027625
15539,337.06441230158731,277773594859,1,8.576197549700737,8.597,7.819776,2.1452,16101,0.0012799999999999999,3.19872,,0.03328,0.95564799999999994,0,0.138752,0.004352,0.013312,,0.004352,,1.7487359999999998,15539,12677,565,0.6969864000002417
15540,337.07302239937638,277773680829,1,8.61009769141674,16.5726,7.81824,1.9283,16387,0.001024,3.2012799999999997,,0.040959999999999996,0.152576,0,0.13286399999999998,0.007424,0.010239999999999999,,0.004352,,1.7471999999999999,15540,12678,565,0.70570490000000063
15541,337.08084010062356,277773846555,1,7.8177014365792274,3.6993,8.593152,1.7844,22533,0.0012799999999999999,3.287296,,0.039936,0.161792,0,0.141824,0.007424,0.010239999999999999,,0.004352,,2.18368,15541,12679,565,0.71337829999993119
15542,337.08899739937641,277773883548,1,8.1572989001870155,8.3135,7.789824,1.7606,16387,0.001024,3.109632,,0.035072,0.15692799999999998,0.000256,0.13696,0.007424,0.010239999999999999,,0.004608,,1.955072,15542,12680,565,0.72131470000022091
15543,337.09711820436507,277773966683,1,8.120805025100708,8.5076,8.13696,1.7079,15899,0.001024,3.2906239999999998,,0.041728,0.15103999999999998,0.000256,0.132608,0.011007999999999999,0.011776,,0.002304,,2.079488,15543,12681,565,0.73021050000033938
15544,337.1053591057256,277774051759,1,8.2409009337425232,7.9129,8.09856,1.7966,16853,0.001024,3.2381439999999997,,0.036351999999999995,0.150528,0,0.130816,0.007168,0.012032,,0.0025599999999999998,,1.748224,15544,12682,565,0.7378060999999434
15545,337.113886401644,277774130888,1,8.5272956639528275,7.9285,8.223744,2.2696,15951,0.001024,3.176704,,0.039168,0.150272,0,0.131328,0.0048639999999999994,0.013568,,0.002304,,1.951744,15545,12683,565,0.746328000000176
15546,337.12215240221087,277774210173,1,8.266001008450985,8.6242,8.324352,1.8967,16387,0.001024,3.184128,,0.03968,0.166656,0,0.14540799999999998,0.008192,0.009984,,0.004608,,2.020096,15546,12684,565,0.75481380000019271
15547,337.1303435019841,277774296415,1,8.1910993903875351,7.8974,8.233216,1.9603,15899,0.001024,3.2949759999999997,,0.037632,0.156672,0,0.137216,0.007936,0.0097279999999999988,,0.005376,,2.209536,15547,12685,565,0.76296320000028572
15548,337.13806950113377,277774375389,1,7.7259992249310017,8.4989,8.17792,2.0783,16387,0.001024,3.276032,,0.038655999999999996,0.157184,0,0.137984,0.007424,0.007168,,0.0063999999999999994,,2.116864,15548,12686,565,0.770618900000045
15549,337.14657490079361,277774460378,1,8.5053993389010429,8.457,7.71072,2.1656,15899,0.001024,3.271168,,0.036095999999999996,0.159488,0,0.13977599999999998,0.0076799999999999993,0.010239999999999999,,0.005376,,1.943552,15549,12687,565,0.781285100000332
15550,337.15489829931971,277774544948,1,8.3233984187245369,8.1739,8.470528,1.9316,47604,0.001024,3.283712,,0.03712,0.14899199999999999,0,0.12953599999999998,0.010239999999999999,0.0097279999999999988,,0.0048639999999999994,,1.7487359999999998,15550,12688,565,0.78776420000031067
15551,337.16293960459183,277774626687,1,8.0413054674863815,7.5671,8.30208,2.9839,30631,0.0012799999999999999,3.2430079999999997,,0.039424,0.16614399999999999,0,0.14592,0.0076799999999999993,0.010496,,0.0038399999999999997,,2.062592,15551,12689,565,0.79576429999997345
15552,337.17146330073695,277774702358,1,8.5236961022019386,10.3366,8.018944,2.1309,16387,0.001024,3.2719359999999997,,0.038911999999999995,0.163328,0,0.142848,0.004096,0.010239999999999999,,0.0048639999999999994,,1.915648,15552,12690,565,0.80445360000021537
15553,337.1793363024376,277774805724,1,7.8730015084147453,6.8115,8.501504,2.158,15899,0.001024,3.2737279999999997,,0.039168,0.174848,0,0.13414399999999999,0.012288,0.0097279999999999988,,0.004608,,2.149888,15553,12691,565,0.81227960000023813
15554,337.18732230017008,277774873839,1,7.9859979450702667,7.8936,7.858432,2.2126,16387,0.001024,3.1951359999999998,,0.038655999999999996,0.15334399999999998,0,0.13516799999999998,0.011264,0.010239999999999999,,0.0048639999999999994,,2.034176,15554,12692,565,0.819855500000358
15555,337.19537149943307,277774952775,1,8.0491993576288223,8.8328,7.960064,1.9801,15899,0.001024,3.1744,,0.039424,0.157184,0,0.13568,0.012288,0.002304,,0.011519999999999999,,1.95712,15555,12693,565,0.82804470000019137
15556,337.20371840277778,277775041103,1,8.3469031378626823,7.772,8.036352,1.9552,16387,0.0012799999999999999,3.1710719999999997,,0.039424,0.16358399999999998,0,0.142592,0.005888,0.011776,,0.004352,,2.200064,15556,12694,565,0.836297100000138
15557,337.21167000425169,277775118823,1,7.9516014084219933,7.6706,8.327168,2.2407,21683,0.0012799999999999999,3.23584,,0.041215999999999996,0.15462399999999998,0.000256,0.1344,0.0076799999999999993,0.009984,,0.0051199999999999996,,1.7471999999999999,15557,12695,565,0.84464350000007471
15558,337.219898100907,277775195529,1,8.22809711098671,8.0355,7.928064,1.9634,16387,0.001024,3.2714239999999997,,0.038911999999999995,0.15744,0.000256,0.137216,0.007936,0.009472,,0.005632,,2.0774399999999997,15558,12696,565,0.85328849999996237
15559,337.2280542020975,277775275884,1,8.15610121935606,8.4601,8.219648,2.5426,21828,0.001024,3.2652799999999997,,0.037888,0.150784,0.000256,0.13183999999999998,0.00896,0.010752,,0.004096,,1.9525119999999998,15559,12697,565,0.86179990000027829
15560,337.23592290249434,277775360485,1,7.8687006607651711,8.2398,8.122112,2.0066,16387,0.001024,3.235584,,0.041471999999999995,0.162048,0.000256,0.142336,0.004608,0.011007999999999999,,0.0048639999999999994,,2.10304,15560,12698,565,0.868746099999953
15561,337.24386940192744,277775442883,1,7.94649962335825,8.4784,7.853568,2.1181,15899,0.001024,3.1902719999999998,,0.037632,0.15692799999999998,0,0.136704,0.007424,0.011007999999999999,,0.004096,,1.763328,15561,12699,565,0.87708390000034342
15562,337.25226490221087,277775527667,1,8.3955004811286926,8.6541,7.922176,2.1252,63846,0.001024,3.2350719999999997,,0.03456,0.15795199999999998,0,0.137728,0.007424,0.009472,,0.004608,,1.9496959999999999,15562,12700,565,0.8857241000000613
15563,337.26054559948977,277775614208,1,8.2806972786784172,6.9629,8.374272,2.2391,29552,0.001024,3.273472,,0.043775999999999995,0.159488,0,0.13952,0.003328,0.009472,,0.0038399999999999997,,1.747968,15563,12701,565,0.89426110000022163
15564,337.268259502551,277775683837,1,7.7139032073318958,8.186,8.251136,2.2557,16387,0.001024,3.240192,,0.03712,0.155392,0,0.134912,0.004096,0.011776,,0.0025599999999999998,,2.078976,15564,12702,565,0.90149980000023788
15565,337.27624900085033,277775765697,1,7.9894978553056717,8.7418,7.716864,2.4128,15899,0.001024,3.293952,,0.038911999999999995,0.163072,0.000256,0.144128,0.0076799999999999993,0.009984,,0.004352,,1.958656,15565,12703,565,0.91005710000035833
15566,337.28457480158727,277775853115,1,8.32580029964447,8.4289,7.964416,2.2558,16387,0.001024,3.2901119999999997,,0.037632,0.161024,0,0.14079999999999998,0.0076799999999999993,0.0097279999999999988,,0.005376,,1.9463679999999999,15566,12704,565,0.91821430000027249
15567,337.29294710175736,277775937404,1,8.3723003044724464,7.2084,8.303872,2.3718,21828,0.001024,3.232512,,0.038911999999999995,0.154112,0.000256,0.13414399999999999,0.0076799999999999993,0.011519999999999999,,0.004096,,2.121984,15567,12705,565,0.92705070000010892
15568,337.3009757015306,277776009488,1,8.0285994336009026,8.519,8.35328,2.2507,16387,0.001024,3.2762879999999996,,0.039168,0.16255999999999998,0,0.142336,0.0076799999999999993,0.011264,,0.003584,,1.944064,15568,12706,565,0.934317799999917
15569,337.30921860119048,277776094678,1,8.242899551987648,8.1903,8.011008,2.4251,18905,0.001024,3.289088,,0.036864,0.160768,0.000256,0.14079999999999998,0.0048639999999999994,0.013056,,0.004608,,1.96736,15569,12707,565,0.94314130000020668
15570,337.31808530328794,277776176581,1,8.86670220643282,8.6905,8.217088,2.3965,16439,0.001024,3.100416,,0.038655999999999996,0.163072,0,0.142336,0.009216,0.012032,,0.005376,,1.766656,15570,12708,565,0.95118110000021261
15571,337.32599850481859,277776263486,1,7.9132011160254478,7.5544,8.857856,2.7389,15899,0.0012799999999999999,3.243776,,0.03584,0.156672,0,0.13568,0.007936,0.007424,,0.006144,,2.057216,15571,12709,565,0.95923119999997652
15572,337.33443570011337,277776339030,1,8.437194861471653,8.7625,7.884288,2.5841,16387,0.001024,3.2755199999999998,,0.038655999999999996,0.157184,0,0.13747199999999998,0.0076799999999999993,0.010752,,0.005632,,1.92512,15572,12710,565,0.96737810000013269
15573,337.34291910430835,277776426655,1,8.48340429365635,8.0986,8.36608,2.2053,15899,0.001024,3.271168,,0.039168,0.159744,0.000256,0.13952,0.007424,0.011264,,0.005632,,2.210304,15573,12711,565,0.97613170000022365
15574,337.35135380527208,277776507641,1,8.4347007796168327,8.0186,8.501504,1.9697,16387,0.17792,3.300608,,0.24012799999999998,0.15334399999999998,0,0.133632,0.0076799999999999993,0.0097279999999999988,,0.004096,,1.9330559999999999,15574,12712,565,0.98472420000007332
15575,337.35952640306124,277776587827,1,8.172597736120224,8.2643,8.225536,2.2733,16101,0.001024,3.288576,,0.035328,0.158976,0.000256,0.139008,0.003584,0.011776,,0.005376,,2.086144,15575,12713,565,0.99263040000005276
15576,337.36771410147389,277776670470,1,8.18769820034504,8.5347,8.138496,2.4198,16387,0.001024,3.180288,,0.040959999999999996,0.16,0,0.13952,0.0076799999999999993,0.011007999999999999,,0.004096,,1.746688,15576,12714,565,1.0009521000001769
15577,337.3758822987528,277776755817,1,8.1681972369551659,8.596,8.17664,2.071,45629,0.001024,3.26912,,0.03584,0.16127999999999998,0,0.141824,0.0076799999999999993,0.011264,,0.0051199999999999996,,2.123008,15577,12715,566,0.0037570000004052417
15578,337.38399299886618,277776841777,1,8.11070017516613,7.9816,8.147712,2.1004,16387,0.001024,3.1872,,0.039168,0.15795199999999998,0.000256,0.137984,0.0076799999999999993,0.010496,,0.004608,,1.93024,15578,12716,566,0.011457800000243878
15579,337.39223240504532,277776921593,1,8.2394061610102654,8.2455,8.093184,0.4687,15899,0.001024,3.1744,,0.036864,0.154112,0.000256,0.1344,0.010496,0.009472,,0.004608,,2.204672,15579,12717,566,0.018961800000397488
15580,337.400910600907,277777004048,1,8.6781959980726242,8.8159,0.038144,2.0891,16387,0.006144,3.2737279999999997,,0.040704,0.155392,0,0.13568,0.0076799999999999993,0.010239999999999999,,0.005888,,1.746432,15580,12718,566,0.027708000000075117
15581,337.4092281037415,277777092207,1,8.3175031468272209,7.8877,8.669952,2.0301,15899,0.001024,3.292672,,0.035072,0.165632,0.000256,0.145664,0.005632,0.009472,,0.0051199999999999996,,2.443264,15581,12719,566,0.036055300000043644
15582,337.41729820011335,277777171084,1,8.0700963735580444,7.4533,8.290816,2.2639,16387,0.001024,3.275264,,0.039936,0.157184,0,0.13747199999999998,0.0076799999999999993,0.010752,,0.004352,,1.746176,15582,12720,566,0.04392920000009326
15583,337.42533610402495,277777245617,1,8.0379042774438858,8.7698,8.040704,2.0037,15899,0.001024,3.29216,,0.039936,0.15692799999999998,0,0.13696,0.004096,0.002048,,0.012032,,2.112256,15583,12721,566,0.052012999999988097
15584,337.43344850481856,277777333315,1,8.1124007701873779,8.2969,8.018432,2.1261,16387,0.0012799999999999999,3.276032,,0.039424,0.158208,0,0.139264,0.006144,0.002816,,0.011007999999999999,,1.95072,15584,12722,566,0.060233600000174192
15585,337.44169450113378,277777416284,1,8.2459961995482445,7.9791,8.09216,2.0546,15899,0.001024,3.234048,,0.043264,0.161024,0,0.141312,0.008192,0.009472,,0.0048639999999999994,,2.075136,15585,12723,566,0.068360200000370241
15586,337.44940390447846,277777496075,1,7.7094035223126411,7.9867,8.224512,1.9398,16387,0.001024,3.27936,,0.040959999999999996,0.15231999999999998,0,0.13286399999999998,0.008704,0.009984,,0.0048639999999999994,,1.747968,15586,12724,566,0.07602900000028967
15587,337.45759870323127,277777575942,1,8.1947986036539078,8.292,7.715328,1.9563,15899,0.001024,3.0976,,0.041471999999999995,0.15692799999999998,0,0.135936,0.0076799999999999993,0.010239999999999999,,0.004608,,1.9491839999999998,15587,12725,566,0.085325600000032864
15588,337.46551090561223,277777658862,1,7.91220273822546,8.0903,8.15872,1.8525,16784,0.43776,3.299584,,0.040959999999999996,0.157696,0,0.13824,0.0076799999999999993,0.011264,,0.005888,,1.749248,15588,12726,566,0.093010000000049331
15589,337.47360539965985,277777739765,1,8.0944942310452461,7.6584,7.899904,2.114,15899,0.001024,3.2337919999999998,,0.03968,0.156416,0,0.13644799999999999,0.007424,0.010496,,0.0048639999999999994,,1.9276799999999998,15589,12727,566,0.10022390000040104
15590,337.48156310232423,277777816349,1,7.9577025026082993,9.0722,8.06016,2.01,16387,0.001024,3.236096,,0.040959999999999996,0.161024,0,0.14079999999999998,0.007424,0.010496,,0.005632,,2.1076479999999997,15590,12728,566,0.10875410000016927
15591,337.49325420209749,277777907071,1,11.691099964082241,7.5461,7.941376,1.9482,15899,0.001024,3.192576,,0.041728,0.155904,0,0.13568,0.007424,0.009472,,0.0048639999999999994,,1.9363839999999999,15591,12729,566,0.13005010000006223
15592,337.50671799886618,277777982532,1,13.463797047734261,7.5816,8.228608,2.6337,16387,0.001024,3.270912,,0.038911999999999995,0.158208,0,0.138752,0.0076799999999999993,0.011007999999999999,,0.005632,,1.747968,15592,12730,566,0.14327330000014626
15593,337.51994410430837,277778058348,1,13.226105831563473,8.412,7.991552,3.7555,16439,0.001024,3.2798719999999997,,0.039424,0.16255999999999998,0.000256,0.14336,0.0076799999999999993,0.010752,,0.0051199999999999996,,2.067968,15593,12731,566,0.15998760000002221
15594,337.53669770408163,277778142468,1,16.753599047660828,20.0999,8.10112,3.5515,16387,0.001024,3.2798719999999997,,0.039424,0.16255999999999998,0.000256,0.14336,0.0076799999999999993,0.010752,,0.0051199999999999996,,2.067968,15594,12732,566,0.17066450000038458
15595,337.54731789965984,277778343467,1,10.620195418596268,13.2882,8.220416,3.0366,16387,0.001024,3.299072,,0.040959999999999996,0.158976,0,0.139264,0.0076799999999999993,0.011519999999999999,,0.0025599999999999998,,2.027776,15595,12733,566,0.18164310000020123
15596,337.55837100340136,277778476349,1,11.05310395359993,14.1962,7.63648,3.3051,16589,0.001024,3.107072,,0.039424,0.15129599999999999,0,0.13312,0.0076799999999999993,0.012544,,0.0025599999999999998,,1.746432,15596,12734,566,0.18822450000016033
15597,337.56833970379819,277778618311,1,9.96870081871748,13.6604,7.64672,6.1712,15899,0.0012799999999999999,3.106816,,0.033535999999999996,0.148736,0,0.130048,0.0076799999999999993,0.012288,,0.002304,,1.93024,15597,12735,566,0.19738370000004579
15598,337.57626760204079,277778754915,1,7.9278983175754547,10.6006,7.726592,2.9689,16387,0.001024,3.280128,,0.033791999999999996,0.1472,0,0.12928,0.007936,0.011264,,0.002048,,1.933312,15598,12736,566,0.20534690000022238
15599,337.58423820153058,277778860921,1,7.9705994576215744,7.4463,7.900416,4.0986,22533,0.0012799999999999999,3.235584,,0.03584,0.16,0,0.140288,0.007424,0.010239999999999999,,0.002816,,1.928448,15599,12737,566,0.21331980000013573
15600,337.59241420068025,277778935384,1,8.17599892616272,9.1004,7.949568,3.3524,16387,0.001024,3.240704,,0.035328,0.15564799999999998,0,0.137216,0.003584,0.010239999999999999,,0.003584,,2.119936,15600,12738,566,0.22123380000039106
15601,337.60065470521539,277779026388,1,8.240504190325737,7.5441,8.155648,3.1226,15899,0.001024,3.193856,,0.039936,0.150784,0,0.131072,0.0076799999999999993,0.012544,,0.0025599999999999998,,1.935104,15601,12739,566,0.22948810000025333
15602,337.608734204932,277779101829,1,8.0794999375939369,8.4899,8.042752,3.2599,16387,0.001024,3.2719359999999997,,0.035328,0.155136,0,0.135936,0.0076799999999999993,0.012288,,0.0025599999999999998,,2.070528,15602,12740,566,0.23693820000016785
15603,337.616698901644,277779186728,1,7.9646967351436615,7.6498,8.04352,3.0809,16094,0.001024,3.294208,,0.040959999999999996,0.155904,0,0.136192,0.007936,0.012544,,0.002816,,1.76512,15603,12741,566,0.24535850000029313
15604,337.62504160289114,277779263226,1,8.3427010104060173,8.4185,7.764736,2.9787,16387,0.001024,3.2919039999999997,,0.038655999999999996,0.162304,0,0.14310399999999998,0.007424,0.009984,,0.0038399999999999997,,2.0206079999999997,15604,12742,566,0.25290340000037759
15605,337.63296920351473,277779347411,1,7.9276002943515778,7.5636,8.327424,2.8294,15899,0.001024,3.231744,,0.040192,0.15001599999999998,0,0.130304,0.0076799999999999993,0.013312,,0.002816,,2.148096,15605,12743,566,0.26021510000009584
15606,337.64143219954644,277779423047,1,8.4629962220788,8.5098,7.899904,2.2392,16387,0.0012799999999999999,3.29216,,0.038911999999999995,0.15692799999999998,0,0.13849599999999998,0.007424,0.011776,,0.002304,,1.9709439999999998,15606,12744,566,0.26993480000010095
15607,337.64951460459184,277779508145,1,8.0824047327041626,7.6174,7.981056,2.2572,15899,0.001024,3.183616,,0.041984,0.152832,0,0.13312,0.004096,0.012544,,0.0025599999999999998,,1.747712,15607,12745,566,0.27740600000015547
15608,337.65805560515872,277779584319,1,8.5410010069608688,7.269,8.064256,2.786,16387,0.001024,3.230976,,0.039168,0.161024,0,0.141312,0.007424,0.0097279999999999988,,0.0048639999999999994,,1.930496,15608,12746,566,0.28531440000006114
15609,337.66624170209747,277779657009,1,8.1860972568392754,9.4168,8.514816,2.2879,16101,0.001024,3.2936959999999997,,0.041984,0.157184,0,0.137728,0.007424,0.010752,,0.004352,,2.0490239999999997,15609,12747,566,0.29337280000027022
15610,337.67434070294786,277779751177,1,8.09900090098381,7.5512,8.16384,2.2968,16387,0.001024,3.2803839999999997,,0.035584,0.158208,0.000256,0.138752,0.007424,0.011519999999999999,,0.003584,,2.0544,15610,12748,566,0.30202460000009523
15611,337.68196240079362,277779826689,1,7.62169761583209,8.2501,8.07552,2.2325,15899,0.001024,3.297024,,0.039936,0.16127999999999998,0,0.141824,0.007168,0.011007999999999999,,0.005632,,2.12608,15611,12749,566,0.30862850000039543
15612,337.68989950396826,277779909190,1,7.9371035099029541,8.0302,7.599872,2.182,16387,0.001024,3.2302079999999997,,0.039424,0.160768,0,0.14079999999999998,0.003584,0.006912,,0.009984,,1.94048,15612,12750,566,0.3167236000003868
15613,337.69792640306122,277779989492,1,8.0268988385796547,8.5113,7.922432,2.0682,21683,0.001024,3.1866879999999997,,0.038655999999999996,0.15564799999999998,0,0.136704,0.003328,0.011007999999999999,,0.004352,,2.08512,15613,12751,566,0.32461120000016308
15614,337.70596879960317,277780074605,1,8.04239697754383,6.7532,7.998976,2.2387,16387,0.001024,3.105024,,0.041984,0.155392,0,0.135936,0.0076799999999999993,0.010752,,0.0051199999999999996,,1.747456,15614,12752,566,0.33250830000042697
15615,337.71413430413833,277780142137,1,8.1655047833919525,8.149,8.026368,1.9722,15899,0.001024,3.1746559999999997,,0.035072,0.154368,0.000256,0.13414399999999999,0.0076799999999999993,0.010239999999999999,,0.005376,,2.221568,15615,12753,566,0.34130690000029063
15616,337.72238460175737,277780223627,1,8.2502979785203934,7.8934,8.1472,1.9695,16387,0.001024,3.231232,,0.0384,0.17152,0,0.14976,0.008192,0.009216,,0.004608,,1.9581439999999999,15616,12754,566,0.34895280000000639
15617,337.73026200396822,277780302561,1,7.8774020075798035,7.8988,8.231424,2.0321,15951,0.001024,3.2901119999999997,,0.043264,0.15744,0,0.133376,0.0048639999999999994,0,,0.024319999999999998,,2.1831679999999998,15617,12755,566,0.35695010000017646
15618,337.73803929988662,277780381549,1,7.7772960066795349,8.5529,7.865344,2.0045,16387,0.001024,3.295232,,0.038655999999999996,0.166656,0.000256,0.1472,0.011776,0.002304,,0.011264,,1.938176,15618,12756,566,0.36511760000030336
15619,337.74592329931971,277780467078,1,7.8839994966983795,7.8271,7.759872,1.939,15899,0.0012799999999999999,3.267584,,0.03584,0.16025599999999998,0.001792,0.140288,0.007168,0.001024,,0.0097279999999999988,,1.9325439999999998,15619,12757,566,0.37308540000003632
15620,337.75423460175733,277780545349,1,8.3113024011254311,8.0835,7.854336,2.0455,16387,0.001024,3.17312,,0.042496,0.161792,0.000256,0.142848,0.0076799999999999993,0.010239999999999999,,0.004608,,2.0876799999999998,15620,12758,566,0.38061960000004547
15621,337.76210480442177,277780626184,1,7.8702028840780258,7.8951,8.287488,2.0877,16246,0.001024,3.232256,,0.038911999999999995,0.16025599999999998,0,0.140288,0.004352,0.010752,,0.005632,,2.069504,15621,12759,566,0.38846499999999651
15622,337.769798100907,277780705135,1,7.6932962983846664,8.2188,7.851008,1.7559,16582,0.001024,3.233536,,0.038911999999999995,0.162816,0,0.14207999999999998,0.0038399999999999997,0.0097279999999999988,,0.0038399999999999997,,2.200064,15622,12760,566,0.39657180000040171
15623,337.77819199971651,277780787323,1,8.393898606300354,7.5444,7.672576,1.8439,15899,0.001024,3.2919039999999997,,0.039168,0.15564799999999998,0,0.137216,0.011007999999999999,0.010239999999999999,,0.0038399999999999997,,1.932032,15623,12761,566,0.40567989999999554
15624,337.785961401644,277780862767,1,7.7694021165370941,7.8617,8.316672,1.9842,16387,0.001024,3.279104,,0.041984,0.15488,0,0.13568,0.003328,0.0097279999999999988,,0.004608,,2.225664,15624,12762,566,0.41253240000014557
15625,337.7939119047619,277780941384,1,7.9505033791065216,8.0393,7.814144,2.1092,15899,0.001024,3.1872,,0.039168,0.158464,0,0.13824,0.007424,0.010496,,0.004096,,1.9207679999999998,15625,12763,566,0.42056769999999233
15626,337.80183080357142,277781021777,1,7.9188989475369453,9.1092,7.916032,1.8431,16387,0.001024,3.275264,,0.039424,0.17049599999999998,0.000256,0.15103999999999998,0.008704,0.009984,,0.004608,,2.131456,15626,12764,566,0.42836350000015955
15627,337.80974280045348,277781112869,1,7.91199691593647,6.8669,7.908352,2.2692,15899,0.001024,3.106048,,0.03456,0.15923199999999998,0,0.139264,0.008192,0.009472,,0.0038399999999999997,,1.747456,15627,12765,566,0.43717380000043704
15628,337.81764820011335,277781181538,1,7.905399426817894,7.9543,7.884032,1.9041,16387,0.001024,3.2417279999999997,,0.035584,0.159488,0,0.13977599999999998,0.0084479999999999989,0.009472,,0.005376,,2.0121599999999997,15628,12766,566,0.44401800000014191
15629,337.82598759920631,277781261081,1,8.3393994718790054,7.9652,7.881472,2.1087,15899,0.001024,3.2704,,0.043264,0.163328,0.000256,0.14438399999999998,0.011519999999999999,0.010752,,0.0051199999999999996,,2.086656,15629,12767,566,0.45273870000028182
15630,337.83391780045349,277781340733,1,7.9302014783024788,8.5765,8.3136,1.8257,16635,0.001024,3.237376,,0.041471999999999995,0.155904,0,0.13644799999999999,0.007424,0.009472,,0.0051199999999999996,,2.0556799999999997,15630,12768,566,0.46033540000007633
15631,337.84169209892286,277781426498,1,7.774298544973135,7.0452,7.913984,1.8695,15899,0.001024,3.29088,,0.03584,0.155136,0,0.135936,0.007424,0.010239999999999999,,0.004608,,2.195456,15631,12769,566,0.46806820000028893
15632,337.84996799886619,277781496950,1,8.2759000360965729,8.3858,7.766272,1.7846,16387,0.0012799999999999999,3.18336,,0.040704,0.1536,0.000256,0.133888,0.007424,0.0097279999999999988,,0.004096,,1.74592,15632,12770,566,0.476452700000209
15633,337.85776560374148,277781580808,1,7.7976048924028873,7.9624,8.258048,1.7397,15899,0.001024,3.296,,0.039424,0.15692799999999998,0,0.13824,0.010239999999999999,0.009984,,0.003328,,2.23744,15633,12771,566,0.48423600000023725
15634,337.86595410289112,277781660432,1,8.1884991377592087,7.6915,7.773184,2.0661,16589,0.001024,3.267584,,0.0448,0.159488,0,0.136192,0.008192,0.0097279999999999988,,0.005888,,1.748224,15634,12772,566,0.49244490000000951
15635,337.87393510487527,277781737347,1,7.9810023307800293,8.3646,8.16256,1.9375,15899,0.001024,3.1782399999999997,,0.0448,0.159744,0.000256,0.13849599999999998,0.0076799999999999993,0.009984,,0.005632,,2.0864,15635,12773,566,0.5006785000000491
15636,337.88156360544218,277781820993,1,7.6285004615783691,7.7967,7.960064,1.8471,16387,0.001024,3.235584,,0.03456,0.16255999999999998,0,0.14438399999999998,0.011007999999999999,0.0097279999999999988,,0.004352,,2.196992,15636,12774,566,0.508425200000147
15637,337.89002329931969,277781898960,1,8.4596937522292137,8.2192,7.61472,1.853,15899,0.001024,3.289856,,0.038655999999999996,0.15488,0.000256,0.136192,0.003328,0.010496,,0.0038399999999999997,,1.926656,15637,12775,566,0.51711980000027324
15638,337.89795850340136,277781981152,1,7.9352045431733131,8.2299,8.431616,1.9379,16387,0.001024,3.2670719999999998,,0.036095999999999996,0.17664,0,0.13414399999999999,0.007936,0.0097279999999999988,,0.0051199999999999996,,2.1306879999999997,15638,12776,566,0.52517950000037672
15639,337.906383404195,277782063451,1,8.4249004721641541,7.3998,7.912704,2.4461,15899,0.001024,3.2785919999999997,,0.037888,0.15692799999999998,0,0.13644799999999999,0.0076799999999999993,0.011264,,0.0048639999999999994,,1.747456,15639,12777,566,0.5334699
15640,337.91502589994332,277782137449,1,8.6424956098198891,8.8536,8.4096,2.524,16387,0.001024,3.2337919999999998,,0.03968,0.157184,0,0.137728,0.0038399999999999997,0.010239999999999999,,0.0051199999999999996,,2.18496,15640,12778,566,0.5423121000003448
15641,337.92387959892289,277782225985,1,8.8536990806460381,8.1325,8.615936,2.5582,16094,0.001024,3.2381439999999997,,0.039936,0.152064,0,0.13286399999999998,0.008192,0.011007999999999999,,0.004096,,1.93536,15641,12779,566,0.55124540000042543
15642,337.93241380385484,277782307310,1,8.5342051461339,8.0987,8.844032,2.3265,16439,0.001024,3.19232,,0.039424,0.153856,0,0.13414399999999999,0.006912,0.011264,,0.004352,,2.084864,15642,12780,566,0.55921100000023216
15643,337.94030780187074,277782388297,1,7.8939981758594513,9.0965,8.502528,2.6762,15899,0.001024,3.1879679999999997,,0.035072,0.14848,0,0.129792,0.003584,0.010239999999999999,,0.003328,,2.2986239999999998,15643,12781,566,0.56792740000037156
15644,337.94816910430836,277782479262,1,7.8613022342324257,8.6345,7.887616,2.1189,16387,0.001024,3.1879679999999997,,0.035072,0.14848,0,0.129792,0.003584,0.010239999999999999,,0.003328,,2.2986239999999998,15644,12782,566,0.57472990000042046
15645,337.95608830073695,277782565607,1,7.9191960394382477,8.2818,7.824128,2.0921,15899,0.0012799999999999999,3.18208,,0.039168,0.162048,0,0.14207999999999998,0.0076799999999999993,0.011007999999999999,,0.0048639999999999994,,1.7438719999999999,15645,12783,566,0.583000400000401
15646,337.96422820294782,277782648425,1,8.1399017944931984,7.9329,7.911936,1.95,16589,0.001024,3.272192,,0.036864,0.157184,0,0.137984,0.007424,0.0097279999999999988,,0.003584,,2.086912,15646,12784,566,0.59076530000038474
15647,337.97234850481857,277782727754,1,8.1203021109104156,7.6357,8.113152,2.4172,15899,0.001024,3.183872,,0.035328,0.153088,0,0.133888,0.011007999999999999,0.009984,,0.003328,,1.9578879999999999,15647,12785,566,0.59900530000004437
15648,337.98037720379818,277782804111,1,8.0286990851163864,8.161,8.1024,1.8877,16387,0.001024,3.2967679999999997,,0.039424,0.164096,0,0.14540799999999998,0.003328,0.009984,,0.004352,,2.0928,15648,12786,566,0.60694870000043011
15649,337.9880547052154,277782885721,1,7.6775015331804752,7.8452,7.948288,1.9763,15899,0.001024,3.2296959999999997,,0.043519999999999996,0.16358399999999998,0.000256,0.143616,0.008192,0.00896,,0.0048639999999999994,,1.945088,15649,12787,566,0.6148736000000099
15650,337.996023901644,277782964173,1,7.9691968858242035,8.2274,7.726336,1.8196,16387,0.001024,3.229184,,0.035072,0.16025599999999998,0,0.140288,0.012544,0,,0.015359999999999999,,1.932288,15650,12788,566,0.622640400000364
15651,338.0040646045918,277783046447,1,8.0407029017806053,8.0047,7.951872,2.1384,15899,0.001024,3.170304,,0.039936,0.15872,0.000256,0.139008,0.0076799999999999993,0.010496,,0.0051199999999999996,,2.083328,15651,12789,566,0.63151450000032128
15652,338.01196220238091,277783126494,1,7.89759773761034,7.72,8.01536,1.9163,16387,0.22272,3.103488,,0.040959999999999996,0.155904,0,0.129792,0.003584,0.009472,,0.005376,,1.746432,15652,12790,566,0.63852940000015224
15653,338.01969389880952,277783203694,1,7.7316965907812119,7.9071,7.876864,2.2352,15899,0.001024,3.189504,,0.039168,0.154112,0,0.134912,0.003328,0.009984,,0.0038399999999999997,,2.088192,15653,12791,566,0.64663590000009208
15654,338.02785459892289,277783282765,1,8.1607000902295113,8.7141,7.726336,1.959,16387,0.0012799999999999999,3.270656,,0.036864,0.15795199999999998,0,0.139008,0.007936,0.010496,,0.003328,,1.931776,15654,12792,566,0.654490700000224
15655,338.035770904195,277783369906,1,7.9163052141666412,7.1848,8.131072,1.9364,15899,0.001024,3.273472,,0.036351999999999995,0.156672,0.000256,0.136192,0.007424,0.010239999999999999,,0.003584,,2.096896,15655,12793,566,0.66249420000031023
15656,338.04379870323129,277783441754,1,8.0277994275093079,8.0623,7.843072,1.9591,16387,0.001024,3.2936959999999997,,0.039168,0.16153599999999999,0.000256,0.142592,0.004608,0.003072,,0.011776,,1.7469439999999998,15656,12794,566,0.670307800000046
15657,338.05193309948976,277783522377,1,8.1343958154320717,7.8604,8.054272,1.9999,15899,0.001024,3.19488,,0.039168,0.156672,0,0.136192,0.003584,0.010239999999999999,,0.0048639999999999994,,2.1258239999999997,15657,12795,566,0.67915160000029573
15658,338.05987059948978,277783600981,1,7.93750025331974,7.9748,8.11648,1.968,16589,0.001024,3.240192,,0.04224,0.155136,0,0.135424,0.007936,0.009472,,0.004096,,1.93664,15658,12796,566,0.68713100000013583
15659,338.06761550453513,277783680729,1,7.7449050731956959,7.9108,7.932672,2.1768,15899,0.001024,3.104256,,0.039424,0.159488,0.000256,0.139008,0.003328,0.011264,,0.004608,,2.043136,15659,12797,566,0.6942815000002156
15660,338.07546640447845,277783759837,1,7.8509002923965454,8.721,7.706112,2.1407,16582,0.001024,3.270656,,0.039424,0.15488,0,0.135936,0.011519999999999999,0.009984,,0.004608,,2.042624,15660,12798,566,0.70217640000009851
15661,338.08357509920631,277783847047,1,8.1086950376629829,8.0852,7.830272,1.9824,15899,0.001024,3.188736,,0.040448,0.16486399999999998,0.000256,0.143616,0.0038399999999999997,0.010752,,0.0051199999999999996,,1.942016,15661,12799,566,0.71075380000002042
15662,338.09147030187074,277783927899,1,7.8952023759484291,7.0613,8.085504,2.0518,23021,0.001024,3.17312,,0.03456,0.1664,0.000256,0.1472,0.007936,0.0097279999999999988,,0.004096,,2.089984,15662,12800,566,0.71797670000023572
15663,338.09923910147393,277783998512,1,7.7687995508313179,7.772,7.880192,2.0961,15899,0.001024,3.1951359999999998,,0.038911999999999995,0.15462399999999998,0,0.13516799999999998,0.005888,0.011264,,0.0038399999999999997,,1.7469439999999998,15663,12801,566,0.72604900000033012
15664,338.10735850340137,277784076232,1,8.1194015219807625,8.4319,7.746048,1.8149,16387,0.001024,3.27296,,0.047104,0.163072,0,0.14310399999999998,0.011776,0.009216,,0.0048639999999999994,,1.9379199999999999,15664,12802,566,0.73406280000017432
15665,338.11531510062355,277784160551,1,7.9565970227122307,7.5882,8.100352,2.0845,15899,0.001024,3.170048,,0.037632,0.15744,0,0.137728,0.0038399999999999997,0.010752,,0.005632,,2.3424,15665,12803,566,0.74267570000029082
15666,338.12326760204081,277784236433,1,7.9525010660290718,8.0018,7.937792,2.6394,16387,0.001024,3.234816,,0.03968,0.16,0,0.13977599999999998,0.0051199999999999996,0.011519999999999999,,0.004352,,1.92384,15666,12804,566,0.75020930000027874
15667,338.13132030187074,277784316451,1,8.0527001991868019,8.0441,7.933952,2.131,15899,0.001024,3.191808,,0.035072,0.155392,0,0.136192,0.003584,0.011007999999999999,,0.0051199999999999996,,2.093312,15667,12805,566,0.75803150000001551
15668,338.139485303288,277784396892,1,8.16500186920166,8.4881,8.039168,2.1374,16439,0.001024,3.2931839999999997,,0.035328,0.158464,0,0.13849599999999998,0.006912,0.010752,,0.0038399999999999997,,2.12864,15668,12806,566,0.76606090000041149
15669,338.14722700538545,277784481773,1,7.7417022548615932,7.6551,8.146688,2.2433,15899,0.001024,3.296,,0.039168,0.155136,0,0.13644799999999999,0.011264,0.00896,,0.005632,,2.093312,15669,12807,566,0.77480480000031093
15670,338.15569040532881,277784558324,1,8.4633994847536087,7.691,7.711488,1.945,16387,0.001024,3.2785919999999997,,0.040192,0.155392,0,0.135424,0.007936,0.0097279999999999988,,0.004352,,1.747456,15670,12808,566,0.78229950000013559
15671,338.16362830215417,277784635234,1,7.9378969967365265,8.1762,8.455424,1.8972,16101,0.001024,3.293952,,0.035072,0.158208,0,0.13824,0.007424,0.010752,,0.005888,,2.3301119999999997,15671,12809,566,0.79018720000021858
15672,338.17164930555555,277784716996,1,8.0210035666823387,8.6122,7.926528,1.8181,16387,0.001024,3.2683519999999997,,0.03584,0.16,0,0.140032,0.009216,0.009472,,0.004096,,2.046208,15672,12810,566,0.79870030000029146
15673,338.17953730158729,277784803118,1,7.8879958018660545,7.6582,7.993088,1.8028,15899,0.0012799999999999999,3.1866879999999997,,0.044544,0.14976,0,0.12953599999999998,0.0076799999999999993,0.009472,,0.005376,,2.200832,15673,12811,566,0.80607310000004873
15674,338.18732610544214,277784879700,1,7.7888038940727711,7.8335,7.887872,1.9051,16387,0.001024,3.30624,,0.03968,0.151808,0,0.131584,0.009472,0.008192,,0.0076799999999999993,,1.747968,15674,12812,566,0.81404010000005655
15675,338.19547470238092,277784958035,1,8.1485966220498085,8.506,7.751936,1.7845,15899,0.001024,3.2363519999999997,,0.043264,0.162304,0.000256,0.141312,0.00896,0.002304,,0.012544,,1.96352,15675,12813,566,0.82313510000039969
15676,338.20366070011335,277785043095,1,8.1859976053237915,7.4148,8.126976,2.0018,16387,0.001024,3.186432,,0.038655999999999996,0.15744,0,0.13849599999999998,0.010752,0.011264,,0.004608,,2.213632,15676,12814,566,0.83007280000038008
15677,338.21173590561222,277785117243,1,8.0752056092023849,7.9812,8.166656,2.3582,15899,0.001024,3.299328,,0.036351999999999995,0.16153599999999999,0,0.141056,0.007424,0.011519999999999999,,0.004608,,1.765888,15677,12815,566,0.83820680000008
15678,338.21946470379817,277785197055,1,7.7287983149290085,9.0413,8.054528,1.8299,16387,0.001024,3.273472,,0.038911999999999995,0.163072,0.000256,0.14438399999999998,0.0076799999999999993,0.0097279999999999988,,0.005376,,2.279424,15678,12816,566,0.84638370000038776
15679,338.22706720521541,277785287468,1,7.6025011949241161,6.9856,7.723264,1.7979,16094,0.001024,3.234816,,0.035584,0.152832,0,0.13414399999999999,0.012288,0.009984,,0.004608,,1.915392,15679,12817,566,0.85358590000032564
15680,338.23504240362809,277785357324,1,7.9751983284950256,8.1203,7.576064,1.83,16387,0.001024,3.235584,,0.038655999999999996,0.155136,0.000256,0.136192,0.007424,0.009984,,0.004608,,1.947392,15680,12818,566,0.8615711000002193
15681,338.24317880527212,277785438527,1,8.1364018842577934,8.1535,7.96288,1.9451,15899,0.001024,3.242496,,0.041728,0.151552,0.000256,0.13055999999999998,0.0038399999999999997,0.009472,,0.004096,,1.955072,15681,12819,566,0.8707737000004272
15682,338.25159840561224,277785520062,1,8.4196003153920174,7.2329,8.10752,2.0387,16387,0.001024,3.2949759999999997,,0.042496,0.157696,0,0.135936,0.0051199999999999996,0.000256,,0.015616,,1.965824,15682,12820,566,0.878435300000092
15683,338.26086799886622,277785592391,1,9.26959328353405,7.9831,8.403456,2.1141,16101,0.006144,3.2834559999999997,,0.034816,0.155904,0,0.136192,0.003328,0.010239999999999999,,0.003584,,2.125056,15683,12821,566,0.88818980000041847
15684,338.26942740221085,277785672222,1,8.5594030097126961,8.962,9.254144,2.28,16387,0.001024,3.2954879999999998,,0.041215999999999996,0.152832,0.000256,0.133632,0.008192,0.009472,,0.004608,,2.0441599999999998,15684,12822,566,0.896339800000078
