observation_frame,unscaled_time,frame_timing_timestamp,segment,"frame_interval_ms","cpu_frame_ms","gpu_frame_ms","cpu_render_thread_ms","gc_allocated_in_editor_frame_bytes","VSM.LayoutRemap_gpu_ms","VSM.Allocate_gpu_ms","VSM.InvalidateStatic_gpu_ms","VSM.ClearPhysicalPages_gpu_ms","VSM.StaticCasterCull_gpu_ms","VSM.DynamicCasterCull_gpu_ms","VSM.PageCull_gpu_ms","VSM.StaticRaster_gpu_ms","VSM.DynamicRaster_gpu_ms","VSM.UnityCompatibilityRaster_gpu_ms","VSM.FinalizePages_gpu_ms","VSM.ResetFeedback_gpu_ms","VSM.ResolveAndFeedback_gpu_ms",observed_camera_frame,observed_camera_serial,window_repaint_count,seconds_since_window_repaint
18199,358.4275779053288,277987280459,1,8.2081062719225883,7.5935,7.71584,1.8215,16387,0.001024,3.18336,,0.037632,0.16896,0.000256,0.150528,0.007936,0.010239999999999999,,0.003584,,1.933568,18199,15337,587,0.18776220000017929
18200,358.43540780187072,277987356394,1,7.8298961743712425,8.2882,8.190464,1.9375,15899,0.001024,3.1759359999999996,,0.039168,0.170752,0,0.13516799999999998,0.008192,0.0097279999999999988,,0.004608,,2.188544,18200,15338,587,0.19537260000015522
18201,358.44325549886622,277987439276,1,7.8476965427398682,7.6548,7.810048,1.8669,16387,0.0012799999999999999,3.278336,,0.038911999999999995,0.15488,0,0.135936,0.007168,0.009984,,0.004352,,2.0961279999999998,18201,15339,587,0.20318270000007033
18202,358.45109600340135,277987515824,1,7.8405048698186874,8.3996,7.826944,1.9228,15899,0.1856,3.094016,,0.038655999999999996,0.15923199999999998,0,0.13952,0.009472,0.000768,,0.013312,,1.9312639999999999,18202,15340,587,0.21125560000018595
18203,358.45923190192741,277987599820,1,8.1358989700675011,7.6481,7.819264,1.8059,16387,0.001024,3.227392,,0.038655999999999996,0.167936,0.000256,0.144128,0.0076799999999999993,0.0097279999999999988,,0.004096,,2.054144,18203,15341,587,0.21981099999993603
18204,358.46707020266439,277987676301,1,7.8383004292845726,7.8501,8.111104,2.5278,15899,0.001024,3.235328,,0.039168,0.15334399999999998,0,0.133376,0.004352,0.010496,,0.0048639999999999994,,1.9325439999999998,18204,15342,587,0.22735460000012608
18205,358.47490960175736,277987754802,1,7.8393993899226189,7.9664,7.82336,1.8585,16589,0.001024,3.190784,,0.038911999999999995,0.15795199999999998,0,0.138752,0.004608,0.010752,,0.005376,,2.020352,18205,15343,587,0.23473659999990559
18206,358.48265740504536,277987834466,1,7.7478033490478992,8.511,7.810048,1.8503,15899,0.001024,3.2732159999999997,,0.035072,0.170752,0,0.146176,0.008192,0.009472,,0.0048639999999999994,,1.9292159999999998,18206,15344,587,0.24271580000004178
18207,358.4905473993764,277987919576,1,7.8899944201111794,7.6339,7.731968,1.7554,16387,0.001024,3.23072,,0.034816,0.16,0.000256,0.140544,0.011007999999999999,0,,0.014336,,1.9276799999999998,18207,15345,587,0.25066490000017438
18208,358.49847020266441,277987995915,1,7.9228030517697334,7.4355,7.872512,1.8704,47412,0.001024,3.176704,,0.034816,0.154368,0,0.134912,0.007936,0.010239999999999999,,0.0048639999999999994,,2.088192,18208,15346,588,0.0032242999996014987
18209,358.50656709892291,277988070270,1,8.09689611196518,7.8623,7.902208,2.2693,44797,0.001024,3.280896,,0.038144,0.155392,0,0.13568,0.003584,0.010496,,0.004352,,1.7456639999999999,18209,15347,589,0.0032575000000178989
18210,358.51443900226758,277988148893,1,7.8719034790992737,8.0409,8.077312,0.5353,15899,0.001024,3.2913919999999997,,0.039168,0.16,0,0.140288,0.0076799999999999993,0.010239999999999999,,0.003328,,2.29376,18210,15348,589,0.010412199999791483
18211,358.52260410289114,277988229302,1,8.16510058939457,8.4212,0.035072,0.4284,16387,0.006144,3.1946239999999997,,0.03968,0.160512,0,0.141056,0.007424,0.009984,,0.0038399999999999997,,1.9563519999999999,18211,15349,589,0.018836700000065321
18212,358.53068229875282,277988313514,1,8.0781960859894753,8.0484,0.033536,1.803,15899,0.001024,3.25248,,0.039424,0.15462399999999998,0,0.13568,0.0076799999999999993,0.010496,,0.004096,,2.137088,18212,15350,589,0.026812999999947351
18213,358.5384812003968,277988393998,1,7.7989017590880394,7.1996,7.99744,1.8447,16387,0.0012799999999999999,3.291136,,0.039936,0.162304,0,0.14207999999999998,0.008192,0.0097279999999999988,,0.005888,,1.92896,18213,15351,589,0.034480599999824335
18214,358.54638970379818,277988465994,1,7.9085035249590874,8.4388,7.8464,1.8234,15899,0.001024,3.228928,,0.04224,0.151552,0,0.13183999999999998,0.007168,0.038911999999999995,,0.0048639999999999994,,1.93024,18214,15352,589,0.042553499999939959
18215,358.55469610260769,277988550382,1,8.30639898777008,7.9409,7.88736,1.8941,16387,0.0012799999999999999,3.2345599999999997,,0.041215999999999996,0.159488,0,0.141056,0.007168,0.009984,,0.0038399999999999997,,2.202368,18215,15353,589,0.050964500000191038
18216,358.56247130102037,277988629791,1,7.7751982025802135,7.6607,8.282624,1.7779,15899,0.191488,3.292672,,0.040959999999999996,0.156416,0,0.136704,0.006656,0.009216,,0.0051199999999999996,,2.021632,18216,15354,589,0.058577199999945151
18217,358.57020719954647,277988706398,1,7.7358987182378769,8.0946,7.752704,1.8904,16387,0.001024,3.232256,,0.039168,0.158976,0.000256,0.140288,0.0076799999999999993,0.009984,,0.004096,,2.0756479999999997,18217,15355,589,0.066183100000216655
18218,358.57845729875282,277988787344,1,8.250099606812,8.4134,7.724288,1.9337,16101,0.001024,3.2332799999999997,,0.038911999999999995,0.15692799999999998,0,0.137728,0.012288,0.010496,,0.0051199999999999996,,1.9240959999999998,18218,15356,589,0.074523499999941123
18219,358.58624469954646,277988871478,1,7.7874008566141129,7.5539,8.221696,1.9124,16387,0.001024,3.234816,,0.039168,0.15564799999999998,0,0.136704,0.0076799999999999993,0.009984,,0.0048639999999999994,,2.096896,18219,15357,589,0.082095600000229751
18220,358.59412059948977,277988947017,1,7.8758997842669487,7.681,7.776768,1.8732,15899,0.001024,3.2337919999999998,,0.0384,0.173568,0,0.138752,0.008192,0.009472,,0.005888,,1.7469439999999998,18220,15358,589,0.0900710999999319
18221,358.60195330215419,277989023827,1,7.832702249288559,8.3091,7.848448,1.7477,16439,0.001024,3.176192,,0.03456,0.158208,0.000256,0.137984,0.008192,0.009216,,0.0048639999999999994,,2.133504,18221,15359,589,0.098036500000034721
18222,358.61029820011339,277989106918,1,8.3448980003595352,7.6379,7.817984,1.7569,15899,0.001024,3.242496,,0.03968,0.152832,0,0.1344,0.008704,0.009984,,0.004352,,2.0405759999999997,18222,15360,589,0.10616299999992407
18223,358.61809760487529,277989183297,1,7.7994046732783318,7.8786,8.311296,2.0607,16387,0.001024,3.294464,,0.037632,0.149504,0,0.130304,0.007424,0.009984,,0.0051199999999999996,,1.749248,18223,15361,589,0.11394010000003618
18224,358.62611850198414,277989262083,1,8.0208973959088326,8.0387,7.779328,1.7569,15899,0.0012799999999999999,3.234816,,0.036864,0.15129599999999999,0,0.131584,0.007936,0.009984,,0.0038399999999999997,,2.00576,18224,15362,589,0.12228659999982483
18225,358.63403630243761,277989342470,1,7.9178009182214737,8.0998,8.012032,2.1348,16387,0.001024,3.3003519999999997,,0.043519999999999996,0.153856,0.000256,0.13414399999999999,0.003584,0.009472,,0.005376,,1.927168,18225,15363,589,0.13025710000010804
18226,358.64200290532881,277989423468,1,7.9666031524538994,7.8067,7.89376,1.888,15899,0.001024,3.095808,,0.040448,0.154368,0,0.135424,0.010496,0.008704,,0.0063999999999999994,,2.0928,18226,15364,589,0.13797299999987445
18227,358.64970940334467,277989501535,1,7.7064977958798409,8.3354,7.949568,2.1345,16582,0.001024,3.295744,,0.038911999999999995,0.15744,0,0.13644799999999999,0.009984,0.000256,,0.017152,,1.746176,18227,15365,589,0.14546509999991031
18228,358.65757800453514,277989584889,1,7.8686010092496872,7.9901,7.69536,1.8193,15899,0.001024,3.1818239999999998,,0.040704,0.175872,0,0.13849599999999998,0.0076799999999999993,0.009984,,0.0048639999999999994,,1.934848,18228,15366,589,0.15351860000009765
18229,358.66569810090704,277989664790,1,8.1200962886214256,7.6715,7.847424,1.6811,16387,0.0012799999999999999,3.23072,,0.039168,0.155904,0,0.135936,0.009216,0.0097279999999999988,,0.004352,,2.081792,18229,15367,589,0.16160149999996065
18230,358.67353300028344,277989741505,1,7.8348992392420769,7.5709,8.094208,1.8213,15899,0.0012799999999999999,3.275264,,0.039936,0.155392,0,0.135424,0.007424,0.010496,,0.004608,,2.007552,18230,15368,589,0.16948540000021239
18231,358.68162010345804,277989817214,1,8.0871032550930977,7.9886,7.808,1.7725,16589,0.001024,3.297024,,0.039424,0.162816,0,0.143872,0.0076799999999999993,0.009984,,0.004096,,2.08128,18231,15369,589,0.17738000000008469
18232,358.68977380243763,277989897100,1,8.1536993384361267,8.1374,8.070656,1.8113,15899,0.173312,3.2319999999999998,,0.041471999999999995,0.16127999999999998,0.000256,0.141824,0.007424,0.010496,,0.005376,,1.928448,18232,15370,589,0.18576100000018414
18233,358.69742260487527,277989978474,1,7.648802362382412,7.8322,8.133376,1.969,16387,0.001024,3.234816,,0.039168,0.156416,0.000256,0.136704,0.0076799999999999993,0.009984,,0.003584,,2.0871679999999997,18233,15371,589,0.19326869999986229
18234,358.70527480158728,277990056796,1,7.85219669342041,7.9372,7.519488,2.3053,21683,0.001024,3.182336,,0.038655999999999996,0.156672,0,0.137728,0.0076799999999999993,0.011519999999999999,,0.0038399999999999997,,1.7471999999999999,18234,15372,589,0.20109120000006442
18235,358.7129738024376,277990136168,1,7.6990006491541862,8.349,7.943936,1.7064,16387,0.001024,3.289856,,0.042496,0.159744,0.000256,0.135424,0.007936,0.0097279999999999988,,0.0038399999999999997,,2.023936,18235,15373,589,0.20883199999980206
18236,358.72135549886622,277990219658,1,8.381696417927742,7.5193,7.678208,1.7204,15899,0.001024,3.188224,,0.038655999999999996,0.16383999999999999,0,0.141568,0.007936,0.009472,,0.004352,,2.050304,18236,15374,589,0.21726089999992837
18237,358.72909710175736,277990294851,1,7.7416030690073967,7.8146,8.37376,1.7623,16387,0.001024,3.2296959999999997,,0.038911999999999995,0.152064,0.000256,0.13286399999999998,0.007424,0.009984,,0.0038399999999999997,,1.748224,18237,15375,589,0.2252809999999954
18238,358.73689320436506,277990372997,1,7.7961026690900326,7.758,7.711232,1.7915,22533,0.001024,3.185408,,0.038911999999999995,0.156672,0,0.13824,0.003584,0.009984,,0.0048639999999999994,,2.102528,18238,15376,589,0.23271750000003522
18239,358.74501660289116,277990450577,1,8.1233987584710121,8.3921,7.785728,1.6865,16387,0.001024,3.2350719999999997,,0.037632,0.1536,0,0.133632,0.007424,0.009984,,0.005632,,1.9210239999999998,18239,15377,589,0.24107850000018516
18240,358.75290989937639,277990534498,1,7.8932968899607658,7.7111,8.101632,1.7365,44309,0.001024,3.2883199999999997,,0.039424,0.16025599999999998,0,0.14079999999999998,0.0076799999999999993,0.009984,,0.0038399999999999997,,2.285312,18240,15378,590,0.0031850000000304135
18241,358.76097700538548,277990611609,1,8.0671058967709541,7.7615,7.803136,1.8784,16387,0.001024,3.269888,,0.040959999999999996,0.155392,0.000256,0.135936,0.0076799999999999993,0.009984,,0.0038399999999999997,,1.749248,18241,15379,590,0.010549799999807874
18242,358.76862509920636,277990689224,1,7.64809362590313,8.2315,8.094464,0.5156,15899,0.001024,3.1872,,0.03968,0.153088,0,0.13286399999999998,0.007424,0.010239999999999999,,0.0051199999999999996,,2.083072,18242,15380,590,0.018134499999632681
18243,358.77649960317461,277990771539,1,7.8745037317276,8.638,0.034816,1.7286,16734,0.001024,3.273984,,0.039936,0.15923199999999998,0,0.14079999999999998,0.007424,0.009984,,0.0038399999999999997,,1.932032,18243,15381,590,0.026014300000042567
18244,358.78442270408163,277990857919,1,7.92310107499361,7.2553,7.855872,1.7437,15899,0.001024,3.2888319999999998,,0.040704,0.15616,0.000256,0.136704,0.011519999999999999,0.010239999999999999,,0.004352,,1.9325439999999998,18244,15382,590,0.034271799999714858
18245,358.7926031037415,277990930472,1,8.1803994253277779,7.6891,7.899904,1.795,16387,0.001024,3.233536,,0.034816,0.16383999999999999,0,0.14438399999999998,0.009216,0.009472,,0.0038399999999999997,,2.120192,18245,15383,590,0.04204939999999624
18246,358.80043190192742,277991007363,1,7.8287981450557709,7.8967,8.171008,1.865,16094,0.0012799999999999999,3.274496,,0.040959999999999996,0.15616,0,0.13644799999999999,0.007424,0.0097279999999999988,,0.0038399999999999997,,1.9279359999999999,18246,15384,590,0.050025900000036927
18247,358.80848039965986,277991086330,1,8.0484980717301369,8.1922,7.799552,1.8438,16439,0.001024,3.1861759999999997,,0.041984,0.175616,0,0.143872,0.008192,0.010239999999999999,,0.0048639999999999994,,2.046976,18247,15385,590,0.058312199999818404
18248,358.81643270266437,277991168252,1,7.9523026943206787,7.844,7.97696,2.2068,15899,0.184832,3.265536,,0.039424,0.161792,0.000256,0.142336,0.008192,0.009472,,0.005376,,1.7471999999999999,18248,15386,590,0.065902599999844824
18249,358.82434289965983,277991246692,1,7.9101966693997383,7.9477,7.978752,1.9478,16387,0.001024,3.2980479999999996,,0.039424,0.15692799999999998,0,0.137728,0.008192,0.010239999999999999,,0.005888,,2.023424,18249,15387,590,0.073786099999779253
18250,358.83224019982993,277991326169,1,7.8972997143864632,8.1251,7.888128,2.1352,15899,0.001024,3.2906239999999998,,0.042496,0.15334399999999998,0,0.13312,0.0084479999999999989,0.0097279999999999988,,0.005632,,1.937152,18250,15388,590,0.081854399999883753
18251,358.84029870323127,277991407420,1,8.058503270149231,7.7554,7.88096,2.043,16387,0.001024,3.186432,,0.041215999999999996,0.15795199999999998,0,0.137216,0.005376,0.009472,,0.005888,,1.931776,18251,15389,590,0.089944299999842769
18252,358.8482774022109,277991484974,1,7.9786991700530052,7.8835,8.037632,1.8826,15899,0.001024,3.290368,,0.037888,0.163328,0,0.144128,0.009216,0.009984,,0.005376,,2.09408,18252,15390,590,0.09770959999968909
18253,358.85636180555554,277991563809,1,8.0844033509492874,7.9332,7.97056,1.8086,16387,0.001024,3.2967679999999997,,0.040704,0.15872,0.000256,0.13696,0.0076799999999999993,0.0097279999999999988,,0.005632,,1.7454079999999998,18253,15391,590,0.10610499999984313
18254,358.86378100198414,277991643141,1,7.4191964231431484,8.2058,8.050176,1.7229,15899,0.001024,3.234304,,0.039168,0.14976,0,0.131584,0.0076799999999999993,0.010496,,0.0051199999999999996,,2.304,18254,15392,590,0.11344259999987116
18255,358.871899199263,277991725199,1,8.1181973218917847,7.7927,7.409664,1.8546,16387,0.001024,3.09504,,0.03456,0.16127999999999998,0,0.14207999999999998,0.007424,0.009216,,0.0048639999999999994,,1.9240959999999998,18255,15393,590,0.12146149999989575
18256,358.87989970238095,277991803126,1,8.0005032941699028,8.3399,8.104704,1.7718,16101,0.001024,3.290368,,0.039168,0.153088,0,0.13516799999999998,0.0076799999999999993,0.010239999999999999,,0.004608,,2.044416,18256,15394,590,0.1294553999996424
18257,358.88767490079363,277991886525,1,7.7751982025802135,7.323,7.99104,1.9446,16387,0.001024,3.2363519999999997,,0.040959999999999996,0.158208,0,0.13644799999999999,0.0076799999999999993,0.010752,,0.005376,,1.746176,18257,15395,590,0.13730080000004818
18258,358.89542320011338,277991959755,1,7.748299278318882,8.0592,7.749632,2.079,15899,0.001024,3.2363519999999997,,0.039168,0.170752,0,0.150528,0.008192,0.009472,,0.0051199999999999996,,1.9345919999999999,18258,15396,590,0.14502569999967818
18259,358.90343600481856,277992040347,1,8.0128051340579987,7.9986,7.72352,1.7437,16387,0.001024,3.171328,,0.039424,0.159744,0,0.140288,0.004096,0.0097279999999999988,,0.005376,,2.060288,18259,15397,590,0.15340659999992567
18260,358.91150350056688,277992120333,1,8.067496120929718,7.8218,7.995392,1.7884,51041,0.001024,3.29472,,0.037376,0.157184,0.000256,0.137216,0.0076799999999999993,0.0097279999999999988,,0.005376,,1.7471999999999999,18260,15398,590,0.16100299999970957
18261,358.91916400226756,277992198551,1,7.6605016365647316,7.7058,8.045568,2.0987,46535,0.0012799999999999999,3.2363519999999997,,0.039168,0.155136,0,0.13568,0.007936,0.010752,,0.003584,,2.08512,18261,15399,590,0.16915440000002491
18262,358.92727260487527,277992275609,1,8.108602836728096,8.2563,7.648,1.7932,15899,0.001024,3.272192,,0.039936,0.16255999999999998,0.000256,0.143872,0.007424,0.009984,,0.004096,,1.962496,18262,15400,590,0.17697090000001481
18263,358.93506030328797,277992358172,1,7.7876984141767025,7.7053,8.091136,1.8494,16387,0.001024,3.176192,,0.039168,0.174592,0,0.13286399999999998,0.007936,0.009472,,0.0048639999999999994,,2.022144,18263,15401,590,0.18497589999969932
18264,358.9429972009637,277992435225,1,7.9368976876139641,7.9249,7.766784,2.103,15899,0.001024,3.2954879999999998,,0.038911999999999995,0.14976,0,0.13183999999999998,0.0076799999999999993,0.009984,,0.004608,,2.055424,18264,15402,590,0.19249309999986508
18265,358.95115359977325,277992514474,1,8.156399242579937,8.1389,7.92064,1.7372,16582,0.001024,3.1813119999999997,,0.03968,0.159488,0.000256,0.140032,0.006656,0,,0.027136,,1.93536,18265,15403,590,0.20101279999971666
18266,358.95880150226753,277992595863,1,7.6479027047753334,8.0053,8.140032,1.7464,15899,0.001024,3.2350719999999997,,0.040192,0.15616,0,0.13696,0.007424,0.009984,,0.004096,,2.355712,18266,15404,590,0.20851809999976467
18267,358.96668410572562,277992675916,1,7.8826034441590309,7.505,7.627776,1.9852,16387,0.001024,3.2350719999999997,,0.042752,0.164608,0.000256,0.14464,0.0048639999999999994,0.0025599999999999998,,0.011007999999999999,,1.7489919999999999,18267,15405,590,0.21626689999993687
18268,358.97456200396823,277992750966,1,7.8778984025120735,8.4951,7.839488,1.9186,16101,0.001024,3.101184,,0.03712,0.150272,0,0.132352,0.00896,0.009216,,0.004352,,2.02624,18268,15406,590,0.2241052999997919
18269,358.98222660147388,277992835917,1,7.6645975932478905,7.5183,7.870464,1.7702,16387,0.001024,3.187456,,0.040959999999999996,0.15564799999999998,0,0.135936,0.0076799999999999993,0.010239999999999999,,0.005376,,1.930496,18269,15407,590,0.2317588999999316
18270,358.99026330073696,277992911100,1,8.0366991460323334,7.7575,7.650304,1.7101,33470,0.001024,3.056384,,0.03968,0.16153599999999999,0,0.14207999999999998,0.008192,0.009472,,0.004608,,1.941504,18270,15408,590,0.24030219999986002
18271,358.99815480442174,277992988675,1,7.891504094004631,7.8276,8.0128,1.8191,30772,0.001024,3.274496,,0.039424,0.15129599999999999,0,0.13183999999999998,0.007424,0.010239999999999999,,0.005376,,2.098432,18271,15409,590,0.24761939999962124
18272,359.00628600481861,277993066951,1,8.131200447678566,7.5673,7.865088,1.9418,44309,0.001024,3.185408,,0.0384,0.18048,0,0.161024,0.0084479999999999989,0.001536,,0.013056,,1.74592,18272,15410,591,0.0033447999999225431
18273,359.01380980017007,277993142624,1,7.523795124143362,8.498,8.112384,2.1934,16439,0.0012799999999999999,3.2949759999999997,,0.038911999999999995,0.163328,0,0.13696,0.00896,0.001792,,0.013824,,2.294016,18273,15411,591,0.01027490000024045
18274,359.022273100907,277993227604,1,8.4633007645607,7.437,7.5072,0.4715,15899,0.001024,3.23072,,0.03712,0.16025599999999998,0,0.141824,0.007168,0.010239999999999999,,0.005376,,1.91872,18274,15412,591,0.018889400000261958
18275,359.030236699263,277993301974,1,7.96359870582819,9.0351,0.035328,2.168,33958,0.17152,3.1831039999999997,,0.039168,0.167424,0.000256,0.148224,0.007936,0.0097279999999999988,,0.0051199999999999996,,2.317824,18275,15413,591,0.026943200000005163
18276,359.03800490362812,277993392325,1,7.7682044357061386,6.9718,7.942656,2.306,30284,0.001024,3.2936959999999997,,0.039168,0.159744,0,0.13952,0.011519999999999999,0.010496,,0.0038399999999999997,,1.952256,18276,15414,591,0.033993200000168144
18277,359.04598480017006,277993462043,1,7.9798968508839607,8.7193,7.741952,1.8223,16387,0.001024,3.230976,,0.040959999999999996,0.158464,0,0.13824,0.0076799999999999993,0.0097279999999999988,,0.004352,,1.92384,18277,15415,591,0.042963200000031065
18278,359.0538783021542,277993549236,1,7.8935017809271812,7.9694,7.965696,2.4527,15899,0.001024,3.228928,,0.035328,0.155904,0,0.13696,0.003584,0.009984,,0.0038399999999999997,,2.09152,18278,15416,591,0.049980700000105571
18279,359.06190850340136,277993628930,1,8.0302013084292412,7.1346,7.873536,1.9942,16387,0.001024,3.199232,,0.035328,0.16153599999999999,0,0.141568,0.003584,0.011007999999999999,,0.005888,,1.747968,18279,15417,591,0.058604600000307983
18280,359.07016650368479,277993700276,1,8.2580000162124634,8.8664,8.020992,7.5197,15899,0.001024,3.2399359999999997,,0.034304,0.15923199999999998,0,0.140032,0.003072,0.0097279999999999988,,0.004096,,2.0654079999999997,18280,15418,591,0.066311300000052142
18281,359.078010600907,277993788940,1,7.8440969809889793,7.1113,7.429376,1.8596,34160,0.0012799999999999999,3.17312,,0.040704,0.15616,0,0.13747199999999998,0.007936,0.010239999999999999,,0.0048639999999999994,,1.915392,18281,15419,591,0.07439539999995759
18282,359.08593480017004,277993860053,1,7.924199104309082,8.6196,7.80416,2.0127,30284,0.001024,3.272192,,0.041215999999999996,0.157696,0,0.13952,0.0038399999999999997,0.00896,,0.0051199999999999996,,2.095872,18282,15420,591,0.0820904000001974
18283,359.0940494047619,277993946249,1,8.1146042793989182,7.6425,7.911168,1.8921,139384,0.001024,3.102464,,0.044031999999999995,0.16153599999999999,0.000256,0.136704,0.008192,0.009472,,0.005376,,1.7456639999999999,18283,15421,591,0.09084610000036264
18284,359.10203690476192,277994022674,1,7.9875001683831215,8.0718,8.088832,1.7488,125345,0.001024,3.296,,0.04224,0.152576,0.000256,0.13312,0.009472,0.011007999999999999,,0.002816,,1.934848,18284,15422,591,0.098263000000315515
18285,359.11020520124714,277994103392,1,8.16829688847065,7.7653,7.974144,2.1222,69100,0.001024,3.187456,,0.034048,0.326656,0.000256,0.136704,0.009984,0.010496,,0.002816,,2.0756479999999997,18285,15423,591,0.1065164999999979
18286,359.11814800170066,277994181045,1,7.942800410091877,8.438,8.110848,1.8232,61810,0.001024,3.1813119999999997,,0.041471999999999995,0.154112,0,0.133888,0.004608,0.011007999999999999,,0.0025599999999999998,,1.9397119999999999,18286,15424,591,0.11426740000024438
18287,359.12596870039681,277994265425,1,7.82069843262434,7.6969,7.955456,1.8556,16387,0.001024,3.29216,,0.03968,0.173056,0,0.14976,0.007936,0.009984,,0.005376,,2.006272,18287,15425,591,0.12214570000014646
18288,359.13399299886618,277994342394,1,8.0242985859513283,8.2055,7.809024,1.8658,15899,0.001024,3.2345599999999997,,0.040959999999999996,0.149248,0,0.12928,0.007168,0.009472,,0.004352,,1.93024,18288,15426,591,0.13012900000012451
18289,359.14212520549887,277994424449,1,8.13220627605915,7.7865,7.99872,1.9454,16387,0.001024,3.0929919999999997,,0.039936,0.15795199999999998,0.000256,0.139008,0.0076799999999999993,0.0097279999999999988,,0.004608,,2.098944,18289,15427,591,0.13819749999993292
18290,359.150409502551,277994502314,1,8.284296840429306,7.7969,8.115712,1.7549,15899,0.001024,3.275264,,0.04224,0.15616,0,0.13644799999999999,0.0051199999999999996,0.009472,,0.004352,,1.746432,18290,15428,591,0.14719360000026427
18291,359.1584683035714,277994580283,1,8.0588012933731079,8.0998,8.257024,2.0004,16387,0.001024,3.2319999999999998,,0.035072,0.168704,0,0.148224,0.0084479999999999989,0.009472,,0.0038399999999999997,,2.43968,18291,15429,591,0.15458400000034089
18292,359.166789399093,277994661281,1,8.3210952579975128,8.118,8.043776,1.8897,15899,0.001024,3.2665599999999997,,0.038911999999999995,0.150784,0,0.13055999999999998,0.0076799999999999993,0.010239999999999999,,0.004096,,1.9545599999999999,18292,15430,591,0.16310870000006616
18293,359.1745160997732,277994742461,1,7.7267005108296871,8.7852,8.301568,2.9607,16589,0.001024,3.240192,,0.038911999999999995,0.159488,0.000256,0.139008,0.0076799999999999993,0.010239999999999999,,0.004608,,2.051328,18293,15431,591,0.1707738000000063
18294,359.1823146045918,277994830313,1,7.7985050156712532,7.5869,7.68896,2.2191,15899,0.001024,3.190784,,0.040959999999999996,0.162048,0.000256,0.141824,0.007424,0.011007999999999999,,0.004096,,1.9095039999999999,18294,15432,591,0.17849240000032296
18295,359.19027630385489,277994906182,1,7.9616988077759743,8.4779,7.79136,2.0907,16387,0.0012799999999999999,3.170304,,0.038911999999999995,0.159488,0,0.13977599999999998,0.007424,0.010239999999999999,,0.005632,,1.94048,18295,15433,591,0.18650160000015603
18296,359.1982897037982,277994990961,1,8.0134002491831779,7.6791,7.93344,1.8398,15899,0.001024,3.272192,,0.035328,0.15129599999999999,0,0.132608,0.0063999999999999994,0.009984,,0.005376,,2.0743679999999998,18296,15434,591,0.19429149999996298
18297,359.20676690051022,277995067752,1,8.477197028696537,7.5906,8.011264,2.1926,16387,0.001024,3.24224,,0.043264,0.16255999999999998,0,0.14310399999999998,0.0084479999999999989,0.009984,,0.004608,,1.7456639999999999,18297,15435,591,0.20296009999992748
18298,359.21501590136052,277995143658,1,8.249000646173954,8.1964,8.452864,2.3482,15899,0.001024,3.233024,,0.039168,0.31872,0,0.137984,0.009984,0.021248,,0.005376,,1.933568,18298,15436,591,0.21180129999993369
18299,359.22288870464854,277995225622,1,7.8728031367063522,7.7775,8.229888,2.5701,34010,0.0012799999999999999,3.27424,,0.039424,0.16025599999999998,0.000256,0.140288,0.005888,0.010752,,0.005376,,1.749504,18299,15437,591,0.21904260000019349
18300,359.23055380527211,277995303397,1,7.6651005074381828,8.6406,7.843072,2.1991,30284,0.001024,3.2834559999999997,,0.038911999999999995,0.15488,0,0.136192,0.005632,0.00896,,0.0063999999999999994,,2.143488,18300,15438,591,0.22688500000003842
18301,359.23827540391153,277995389803,1,7.7215987257659435,8.6123,7.653376,1.8299,23021,0.001024,3.096832,,0.041215999999999996,0.16153599999999999,0.000256,0.142336,0.006656,0.002816,,0.012288,,1.9292159999999998,18301,15439,591,0.2344941999999719
18302,359.24617340561224,277995475926,1,7.8980019316077232,7.4498,7.69792,1.7465,15899,0.001024,3.270656,,0.034304,0.157184,0,0.139008,0.0084479999999999989,0.009472,,0.005888,,2.088704,18302,15440,591,0.24314080000021931
18303,359.25438129960315,277995550424,1,8.207893930375576,7.5621,7.874304,1.8787,16582,0.001024,3.270656,,0.034304,0.157184,0,0.139008,0.0084479999999999989,0.009472,,0.005888,,2.088704,18303,15441,591,0.25051170000006096
18304,359.26217650226755,277995626045,1,7.7952025458216667,7.9119,8.18688,1.9441,45001,0.001024,3.281408,,0.039936,0.162048,0,0.142336,0.0076799999999999993,0.0097279999999999988,,0.005376,,1.7471999999999999,18304,15442,592,0.0038953999996920174
18305,359.26980809948981,277995705164,1,7.6315971091389656,8.3386,7.776,1.875,16387,0.0012799999999999999,3.294464,,0.038911999999999995,0.152832,0,0.134656,0.007936,0.009216,,0.005376,,2.063872,18305,15443,592,0.0099803999996765924
18306,359.2780422052154,277995788550,1,8.2341060042381287,7.6851,7.615488,0.4542,20697,0.001024,3.18464,,0.0384,0.15744,0,0.138752,0.003584,0.009984,,0.0048639999999999994,,1.938176,18306,15444,592,0.018625400000019
18307,359.28610830498866,277995865401,1,8.06610006839037,9.2126,0.039168,2.0382,17575,0.001024,3.272448,,0.0448,0.154112,0.000256,0.1344,0.0076799999999999993,0.010752,,0.0048639999999999994,,2.156544,18307,15445,592,0.026421899999604648
18308,359.294084502551,277995957527,1,7.976197637617588,6.1009,8.047104,2.1128,15899,0.0012799999999999999,3.295232,,0.039424,0.16127999999999998,0,0.141312,0.013568,0.003072,,0.013056,,1.7469439999999998,18308,15446,592,0.0344743999999082
18309,359.30216550453514,277996018536,1,8.0810021609067917,8.5994,7.946752,1.7511,16387,0.001024,3.1884799999999998,,0.038655999999999996,0.160512,0,0.13696,0.0084479999999999989,0.0097279999999999988,,0.005888,,2.1294079999999997,18309,15447,592,0.042353699999694072
18310,359.31013380102041,277996104530,1,7.96829629689455,7.8668,8.073216,1.8871,15899,0.001024,3.303168,,0.040959999999999996,0.16025599999999998,0,0.140288,0.0048639999999999994,0.0097279999999999988,,0.005888,,1.748224,18310,15448,592,0.05044499999985419
18311,359.31803480017004,277996183198,1,7.9009989276528358,8.0468,7.934976,1.9568,16387,0.001024,3.18208,,0.044288,0.16127999999999998,0,0.139008,0.0076799999999999993,0.0097279999999999988,,0.004608,,1.746176,18311,15449,592,0.058112599999731174
18312,359.32623360260772,277996263666,1,8.19880235940218,7.9176,7.887872,1.8227,15899,0.0012799999999999999,3.236096,,0.03456,0.160512,0,0.141568,0.0038399999999999997,0.009216,,0.004608,,2.124288,18312,15450,592,0.066667699999925389
18313,359.33435980017003,277996342842,1,8.1261973828077316,8.0196,8.185856,1.8144,16387,0.15616,3.230464,,0.041984,0.158208,0.000256,0.139008,0.0076799999999999993,0.0097279999999999988,,0.004096,,1.9330559999999999,18313,15451,592,0.074956699999802368
18314,359.34220809948977,277996423038,1,7.8482991084456444,7.7584,8.094976,1.9222,15899,0.001024,3.17696,,0.039424,0.15129599999999999,0,0.132608,0.008192,0.009984,,0.004352,,2.1952,18314,15452,592,0.082725399999617366
18315,359.3498741000567,277996500622,1,7.6660006307065487,8.511,7.834112,1.8476,16387,0.001024,3.1959039999999996,,0.037888,0.158976,0,0.139008,0.010239999999999999,0,,0.014848,,1.747456,18315,15453,592,0.090267000000039843
18316,359.35835089994328,277996585732,1,8.47680028527975,8.3074,7.641344,1.8258,15899,0.001024,3.237376,,0.038911999999999995,0.157696,0,0.137984,0.007936,0.008704,,0.005376,,1.957376,18316,15454,592,0.09868689999984781
18317,359.36643790391156,277996668806,1,8.0870036035776138,7.6612,8.4608,1.8188,16387,0.001024,3.22944,,0.039936,0.15692799999999998,0,0.13747199999999998,0.007424,0.010752,,0.004608,,1.9545599999999999,18317,15455,592,0.10689109999975699
18318,359.37441609977321,277996745418,1,7.9781962558627129,7.5009,8.064768,2.9473,15899,0.001024,3.181568,,0.039168,0.162048,0,0.14207999999999998,0.008704,0.00896,,0.006656,,2.0823039999999997,18318,15456,592,0.11511669999981677
18319,359.38199100056687,277996820427,1,7.5749009847640991,8.4892,7.952896,1.8175,16734,0.001024,3.2737279999999997,,0.038911999999999995,0.151808,0.000256,0.133376,0.007936,0.00896,,0.004352,,2.201088,18319,15457,592,0.12230739999995421
18320,359.39054890164397,277996905319,1,8.5579007863998413,8.2323,7.560448,1.8623,15899,0.001024,3.22944,,0.041984,0.15334399999999998,0,0.134912,0.0038399999999999997,0.010239999999999999,,0.0048639999999999994,,1.933824,18320,15458,592,0.131089499999689
18321,359.39860549886617,277996987642,1,8.0565968528389931,8.2158,8.539904,2.4382,16387,0.001024,3.240704,,0.041728,0.155904,0,0.136192,0.003584,0.010239999999999999,,0.004096,,2.117632,18321,15459,592,0.13893359999974564
18322,359.40713880385488,277997069800,1,8.5333045572042465,7.2003,8.04224,1.8354,16094,0.001024,3.279616,,0.04736,0.158464,0,0.137216,0.007936,0.0097279999999999988,,0.005632,,1.945088,18322,15460,592,0.14798419999988255
18323,359.41545500283445,277997141803,1,8.31619929522276,8.7601,8.515328,1.8308,16387,0.0012799999999999999,3.177984,,0.041728,0.15744,0,0.137216,0.0076799999999999993,0.009984,,0.005888,,2.191872,18323,15461,592,0.1560617000000093
18324,359.42407660147393,277997229404,1,8.621598593890667,7.8973,8.289536,2.1725,15951,0.001024,3.2949759999999997,,0.036351999999999995,0.16,0,0.140544,0.004352,0.000512,,0.014336,,1.9584,18324,15462,592,0.16436089999979231
18325,359.43187100340134,277997308377,1,7.7944020740687847,8.9599,8.607488,1.9381,16387,0.001024,3.249152,,0.035072,0.15462399999999998,0,0.134912,0.003072,0.011007999999999999,,0.0048639999999999994,,2.3731199999999997,18325,15463,592,0.17217909999999392
18326,359.43998690476189,277997397976,1,8.1159016117453575,8.1676,7.761664,1.9978,15899,0.0012799999999999999,3.188992,,0.040192,0.155392,0,0.135424,0.005888,0,,0.034816,,1.93152,18326,15464,592,0.18087359999981345
18327,359.44799530187072,277997479652,1,8.0083971843123436,8.2907,8.097792,2.1328,16387,0.001024,3.272448,,0.039936,0.158464,0.000256,0.138752,0.011264,0,,0.018944,,2.149888,18327,15465,592,0.18824539999968692
18328,359.45600910572563,277997562559,1,8.0138035118579865,7.7976,7.992832,1.8548,15899,0.001024,3.299584,,0.03968,0.157184,0,0.137728,0.007936,0.009472,,0.005376,,1.747968,18328,15466,592,0.19638480000003256
18329,359.46405,277997640535,1,8.0408938229084015,8.6144,7.98848,2.2156,16387,0.001024,3.2719359999999997,,0.038911999999999995,0.155392,0,0.135936,0.003328,0.009984,,0.003328,,2.185472,18329,15467,592,0.20436089999975593
18330,359.47215850340137,277997726679,1,8.1085031852126122,7.4357,8.02048,1.8602,15899,0.001024,3.2906239999999998,,0.03584,0.157184,0.000256,0.137984,0.003584,0.010496,,0.005376,,1.9543039999999998,18330,15468,592,0.21256169999969643
18331,359.47983440334468,277997801036,1,7.6759001240134239,8.1298,8.10752,1.799,16589,0.001024,3.300864,,0.039168,0.15795199999999998,0,0.13952,0.0076799999999999993,0.010239999999999999,,0.004608,,2.1107199999999997,18331,15469,592,0.22003479999966657
18332,359.4879615008503,277997882334,1,8.12709704041481,8.0489,7.64288,1.8457,15899,0.001024,3.179264,,0.035072,0.151808,0,0.13286399999999998,0.007936,0.009984,,0.0038399999999999997,,2.061824,18332,15470,592,0.22816909999983181
18333,359.49611110402492,277997962823,1,8.1496033817529678,8.1426,8.114432,1.8246,16387,0.001024,3.293952,,0.046591999999999995,0.15488,0,0.13414399999999999,0.007936,0.0097279999999999988,,0.005376,,2.1240319999999997,18333,15471,592,0.23688689999971757
18334,359.50385800028346,277998044249,1,7.7468962408602238,7.5516,8.140032,1.8569,15899,0.0012799999999999999,3.18336,,0.035072,0.152064,0,0.133888,0.0076799999999999993,0.009984,,0.004352,,2.2799359999999997,18334,15472,592,0.24409549999973024
18335,359.51175140306123,277998119765,1,7.893403060734272,8.0861,7.7184,1.9039,16387,0.001024,3.242752,,0.036095999999999996,0.165376,0,0.14540799999999998,0.009472,0.0097279999999999988,,0.0048639999999999994,,1.746688,18335,15473,592,0.2523628999997527
18336,359.51939829931973,277998200626,1,7.6468964107334614,8.7031,7.861248,1.7262,45001,0.001024,3.180544,,0.03968,0.152064,0.000256,0.13183999999999998,0.003584,0.009984,,0.0048639999999999994,,2.080768,18336,15474,593,0.003407200000310695
18337,359.52730590277775,277998287657,1,7.9076038673520088,7.2384,7.63392,1.8506,16387,0.001024,3.26912,,0.035072,0.158464,0,0.13952,0.003328,0.009984,,0.003328,,1.9159039999999998,18337,15475,593,0.01023620000023584
18338,359.53516750283444,277998360041,1,7.8616002574563026,8.2441,7.894272,0.4715,15899,0.001024,3.183872,,0.038911999999999995,0.151552,0,0.13312,0.007424,0.011007999999999999,,0.0038399999999999997,,1.9179519999999999,18338,15476,593,0.018037700000149925
18339,359.54315179988663,277998442482,1,7.9842973500490189,8.2996,0.034048,1.7978,16387,0.001024,3.277824,,0.041728,0.161792,0,0.14207999999999998,0.007936,0.009472,,0.004608,,1.746432,18339,15477,593,0.025995700000294164
18340,359.55129720096369,277998525478,1,8.1454012542963028,6.9108,7.97312,1.9137,15899,0.001024,3.191808,,0.043008,0.15488,0.000256,0.13568,0.0076799999999999993,0.0097279999999999988,,0.004352,,1.9427839999999998,18340,15478,593,0.03458760000012262
18341,359.558885600907,277998594586,1,7.5884000398218632,7.7832,8.129024,2.0265,16582,0.001024,3.09376,,0.038655999999999996,0.15564799999999998,0,0.136192,0.007424,0.010752,,0.004352,,2.0858879999999997,18341,15479,593,0.042406000000028143
18342,359.56696510062358,277998672418,1,8.0794999375939369,7.995,7.569664,1.8211,15899,0.001024,3.1782399999999997,,0.035584,0.156672,0.000256,0.13747199999999998,0.004352,0.0025599999999999998,,0.011264,,1.747968,18342,15480,593,0.050523900000371214
18343,359.5748966057256,277998752368,1,7.9315053299069405,8.5488,8.05632,2.666,16589,0.001024,3.2435199999999997,,0.038655999999999996,0.34022399999999997,0,0.321536,0.007424,0.010496,,0.003584,,2.028544,18343,15481,593,0.058033300000261079
18344,359.58273870464853,277998837856,1,7.8420992940664291,7.6231,7.9104,2.1575,15899,0.001024,3.2332799999999997,,0.035072,0.153088,0,0.13286399999999998,0.003584,0.009472,,0.005376,,1.926912,18344,15482,593,0.065769900000304915
18345,359.59054730017004,277998914087,1,7.8085954301059246,8.2118,7.82976,2.5816,16387,0.001024,3.18464,,0.0384,0.158976,0.000256,0.139008,0.0097279999999999988,0.0097279999999999988,,0.005632,,1.923072,18345,15483,593,0.073810500000035972
18346,359.59874180130385,277998996205,1,8.1945015117526054,7.6158,7.783168,1.8206,15899,0.001024,3.27296,,0.039936,0.1536,0,0.1344,0.003328,0.009984,,0.0051199999999999996,,2.084864,18346,15484,593,0.081624100000226463
18347,359.60652859977324,277999072363,1,7.7867982909083366,7.7145,8.174592,1.8132,16387,0.001024,3.2985599999999997,,0.039936,0.15103999999999998,0,0.131328,0.003328,0.0097279999999999988,,0.003584,,1.746176,18347,15485,593,0.089375500000187458
18348,359.61411240079366,277999149508,1,7.5838011689484119,8.08,7.760896,2.1245,15899,0.001024,3.1733759999999998,,0.038911999999999995,0.158976,0,0.13952,0.007424,0.009984,,0.0048639999999999994,,2.091776,18348,15486,593,0.097448400000303081
18349,359.62226349914965,277999230308,1,8.1510981544852257,7.7996,7.57504,1.7671,16387,0.001024,3.18208,,0.038911999999999995,0.181248,0,0.158208,0.007936,0.006912,,0.006912,,1.937408,18349,15487,593,0.10541700000021592
18350,359.63022270408163,277999308304,1,7.959204725921154,7.7792,8.114944,1.9623,15951,0.001024,3.178752,,0.038911999999999995,0.162304,0,0.142592,0.003584,0.009984,,0.005632,,2.0864,18350,15488,593,0.113063300000249
18351,359.63799790249431,277999386096,1,7.7751982025802135,7.9783,7.949312,1.8455,16387,0.001024,3.2384,,0.039936,0.16896,0,0.14976,0.0084479999999999989,0.009472,,0.0038399999999999997,,1.928448,18351,15489,593,0.12079880000010235
18352,359.6459025014172,277999465879,1,7.9045984894037247,8.0409,7.751424,1.8898,15899,0.001024,3.190784,,0.03712,0.152064,0,0.13286399999999998,0.007936,0.0097279999999999988,,0.0048639999999999994,,1.9310079999999998,18352,15490,593,0.12886070000013206
18353,359.65381110402495,277999546288,1,7.9086022451519966,7.6419,7.899904,1.7318,16387,0.001024,3.170304,,0.035072,0.17024,0.000256,0.13286399999999998,0.010752,0.009472,,0.005632,,2.099712,18353,15491,593,0.13673050000033982
18354,359.66190510204081,277999622707,1,8.0939978361129761,7.7627,7.8848,1.9599,29205,0.001024,3.280896,,0.040448,0.15462399999999998,0,0.13516799999999998,0.0076799999999999993,0.009984,,0.0038399999999999997,,1.747968,18354,15492,593,0.14474700000027951
18355,359.66974660572561,277999700334,1,7.8415032476186752,8.0115,8.071168,1.7811,16387,0.009216,3.2319999999999998,,0.039168,0.161792,0.000256,0.140288,0.007168,0.009984,,0.0051199999999999996,,2.061312,18355,15493,593,0.15258850000009261
18356,359.67762509920635,277999780449,1,7.8784935176372528,7.8934,7.826944,1.8601,16246,0.001024,3.2870399999999997,,0.039168,0.156416,0,0.13747199999999998,0.004352,0.010496,,0.0051199999999999996,,2.062592,18356,15494,593,0.16109540000024936
18357,359.68554800170068,277999859383,1,7.9229027032852173,8.0284,7.854336,2.2759,16387,0.001024,3.179264,,0.039168,0.15616,0,0.13747199999999998,0.0076799999999999993,0.010239999999999999,,0.004608,,2.0544,18357,15495,593,0.16857930000014676
18358,359.693395904195,277999939667,1,7.8479023650288582,7.8184,7.90144,1.7702,15899,0.001024,3.183616,,0.039424,0.15692799999999998,0,0.13696,0.005888,0.003072,,0.012288,,1.7469439999999998,18358,15496,593,0.1762258000003385
18359,359.70129299886622,278000017851,1,7.8970948234200478,8.4493,7.825152,2.1806,16387,0.0012799999999999999,3.1892479999999996,,0.03968,0.159488,0.000256,0.13977599999999998,0.007424,0.011007999999999999,,0.004096,,1.9379199999999999,18359,15497,593,0.18412180000041189
18360,359.7091023030045,278000102344,1,7.809304166585207,7.5815,7.888896,1.7258,15899,0.001024,3.27424,,0.039424,0.161024,0.000256,0.141312,0.0051199999999999996,0.0097279999999999988,,0.005376,,2.05056,18360,15498,593,0.19221440000001166
18361,359.7171107993197,278000178159,1,8.0084959045052528,7.6302,7.780352,2.4033,22366,0.001024,3.17568,,0.038911999999999995,0.174336,0,0.13568,0.007936,0.009472,,0.005376,,1.749248,18361,15499,593,0.19999920000009297
18362,359.72515830498867,278000254461,1,8.0475052818655968,7.8874,7.987968,1.7829,15899,0.001024,3.299328,,0.03968,0.15334399999999998,0,0.13516799999999998,0.007424,0.009984,,0.004352,,2.03904,18362,15500,593,0.20807420000028287
18363,359.7330086026077,278000333335,1,7.8502977266907692,8.0434,8.04096,1.8903,22316,0.001024,3.2870399999999997,,0.039424,0.152064,0,0.129792,0.007936,0.0097279999999999988,,0.005376,,1.935616,18363,15501,593,0.21742400000039197
18364,359.74089520266438,278000413769,1,7.8865997493267059,7.8229,7.821312,1.809,22533,0.001024,3.2870399999999997,,0.039424,0.152064,0,0.129792,0.007936,0.0097279999999999988,,0.005376,,1.935616,18364,15502,593,0.22424180000007254
18365,359.7493985048186,278000491998,1,8.5033020004630089,8.0431,7.862528,1.9631,69060,0.0012799999999999999,3.29472,,0.041471999999999995,0.16025599999999998,0,0.141312,0.007424,0.009984,,0.003584,,2.080256,18365,15503,593,0.23292690000016592
18366,359.75709649943309,278000572429,1,7.6979948207736015,8.7608,8.483584,2.0013,15899,0.0063999999999999994,3.241472,,0.03968,0.16127999999999998,0,0.141824,0.0084479999999999989,0.009216,,0.004352,,2.181888,18366,15504,593,0.24007870000014009
18367,359.76487730300454,278000660037,1,7.7808033674955368,7.3867,7.683328,2.3463,28245,0.001024,3.1733759999999998,,0.035584,0.159744,0,0.141056,0.007424,0.009984,,0.0051199999999999996,,2.049536,18367,15505,593,0.2480160000000069
18368,359.77290729875284,278000733904,1,8.0299954861402512,8.5204,7.767552,1.9486,45001,0.001024,3.178752,,0.039424,0.1536,0,0.13183999999999998,0.007936,0.009984,,0.003584,,1.93024,18368,15506,594,0.0033338999996885832
18369,359.78071820436509,278000819108,1,7.8109055757522583,7.3282,7.999232,1.9231,16734,0.001024,3.1027199999999997,,0.03968,0.16768,0,0.146176,0.007936,0.0097279999999999988,,0.004096,,2.098176,18369,15507,594,0.010248499999761407
18370,359.78845210459184,278000892390,1,7.7339000999927521,8.0031,7.798528,0.4821,15899,0.0012799999999999999,3.275264,,0.038911999999999995,0.155392,0.000256,0.136192,0.007424,0.010752,,0.0048639999999999994,,1.9310079999999998,18370,15508,594,0.017925199999808683
18371,359.79646220238095,278000972421,1,8.0100977793335915,8.5564,0.03584,1.7664,22171,0.001024,3.186432,,0.0384,0.160512,0,0.14079999999999998,0.004096,0.009472,,0.004608,,1.943552,18371,15509,594,0.02600269999993543
18372,359.80450620039682,278001057985,1,8.0439979210495949,7.0379,7.997952,2.4496,15899,0.001024,3.231744,,0.038911999999999995,0.153088,0.000256,0.13312,0.007936,0.0097279999999999988,,0.005376,,2.030592,18372,15510,594,0.033947500000067521
18373,359.8127072987528,278001128364,1,8.2010980695486069,7.6381,8.018688,1.7789,16387,0.001024,3.1825919999999996,,0.038911999999999995,0.14771199999999998,0,0.12825599999999998,0.0076799999999999993,0.009472,,0.0038399999999999997,,1.746176,18373,15511,594,0.042161999999734689
18374,359.82028910147392,278001204745,1,7.5818025507032871,8.146,8.18048,1.6857,15899,0.001024,3.2972799999999998,,0.039424,0.15923199999999998,0,0.139008,0.007424,0.0097279999999999988,,0.0048639999999999994,,2.330368,18374,15512,594,0.049799800000073446
18375,359.8280889030612,278001286205,1,7.799801416695118,7.9203,7.566592,1.7128,16387,0.001024,3.276032,,0.042752,0.154368,0,0.136192,0.006656,0.007168,,0.0063999999999999994,,1.918976,18375,15513,594,0.0578296999997292
18376,359.83608660005666,278001365408,1,7.9976972192525864,8.244,7.777792,1.9666,15951,0.0012799999999999999,3.269888,,0.035072,0.165632,0,0.142592,0.007936,0.0097279999999999988,,0.003584,,2.0840959999999997,18376,15514,594,0.065539499999886175
18377,359.84391550453512,278001447848,1,7.828904315829277,7.5696,7.971584,1.8539,16387,0.001024,3.1808,,0.040192,0.15488,0.000256,0.13516799999999998,0.0076799999999999993,0.0097279999999999988,,0.005632,,1.7456639999999999,18377,15515,594,0.073420199999873148
18378,359.85162970521543,278001523544,1,7.7142007648944855,8.0895,7.815168,1.9483,15899,0.001024,3.174144,,0.041728,0.17407999999999998,0,0.131584,0.008192,0.0097279999999999988,,0.004352,,1.928448,18378,15516,594,0.081172499999865977
18379,359.85972930130384,278001604439,1,8.09959601610899,7.7002,7.68512,1.7443,16387,0.001024,3.292928,,0.039424,0.157184,0.000256,0.139008,0.007424,0.010496,,0.004352,,2.087936,18379,15517,594,0.0897277999997641
18380,359.86736100481858,278001681441,1,7.6317037455737591,7.8452,8.088832,1.9286,16094,0.001024,3.1825919999999996,,0.039424,0.153856,0,0.13414399999999999,0.007936,0.009472,,0.004608,,1.7484799999999998,18380,15518,594,0.096841300000050978
18381,359.87520490362812,278001759893,1,7.8438986092805862,7.7235,7.592192,1.8451,16734,0.001024,3.188992,,0.03584,0.15564799999999998,0.000256,0.137216,0.0076799999999999993,0.009984,,0.004352,,2.0308479999999998,18381,15519,594,0.1047854999997071
18382,359.88345160147389,278001837128,1,8.24669748544693,8.5635,7.8272,1.9528,15899,0.001024,3.294208,,0.036608,0.152832,0.000256,0.133632,0.003328,0.009472,,0.0038399999999999997,,1.9028479999999999,18382,15520,594,0.11325540000007095
18383,359.89137210175738,278001922763,1,7.9204998910427094,7.1383,8.24192,1.7836,16387,0.0012799999999999999,3.272192,,0.039168,0.15616,0,0.130048,0.0076799999999999993,0.009984,,0.0048639999999999994,,2.097152,18383,15521,594,0.12079859999994369
18384,359.89935740504535,278001994146,1,7.9853031784296036,7.9543,7.880448,2.0411,15899,0.001024,3.19744,,0.039424,0.161792,0,0.142592,0.011519999999999999,0.0025599999999999998,,0.012544,,1.9358719999999998,18384,15522,594,0.12894109999979264
18385,359.90714479875282,278002073689,1,7.7873938716948032,8.3143,7.979776,2.0661,16387,0.001024,3.275264,,0.041471999999999995,0.157184,0.000256,0.13824,0.0076799999999999993,0.009984,,0.005376,,1.923328,18385,15523,594,0.13675130000001445
18386,359.9154444019274,278002156832,1,8.2996031269431114,7.724,7.764224,1.8097,15899,0.001024,3.177472,,0.043519999999999996,0.158464,0.000256,0.13644799999999999,0.015104,0,,0.018688,,2.0436479999999997,18386,15524,594,0.14530119999972158
18387,359.92322820294783,278002234072,1,7.7838008292019367,8.0835,8.293888,1.9326,16387,0.0012799999999999999,3.2750079999999997,,0.039424,0.156672,0.000256,0.13747199999999998,0.007424,0.009984,,0.003584,,1.747456,18387,15525,594,0.1526795999998285
18388,359.9309982993197,278002314907,1,7.77009641751647,7.7168,7.750144,1.8287,15899,0.001024,3.2394239999999996,,0.040704,0.155904,0,0.13696,0.0076799999999999993,0.009984,,0.0038399999999999997,,2.087936,18388,15526,594,0.16053269999974873
18389,359.93885230300452,278002392075,1,7.8540034592151642,8.4588,7.751168,1.9412,16387,0.001024,3.1759359999999996,,0.036608,0.152576,0,0.13286399999999998,0.0076799999999999993,0.0097279999999999988,,0.004608,,1.9294719999999999,18389,15527,594,0.16839389999995547
18390,359.946636699263,278002476663,1,7.7843964099884033,7.618,7.835136,1.831,15899,0.001024,3.2913919999999997,,0.03968,0.164096,0,0.132608,0.005376,0.010239999999999999,,0.0048639999999999994,,2.054656,18390,15528,594,0.17634829999997237
18391,359.95465480442175,278002552843,1,8.0181052908301353,7.8006,7.77088,1.8221,16387,0.001024,3.173632,,0.042496,0.15692799999999998,0,0.136704,0.007424,0.009472,,0.004096,,1.7489919999999999,18391,15529,594,0.18410149999999703
18392,359.96269019982992,278002630849,1,8.0353952944278717,7.8542,7.995904,1.8713,15899,0.001024,3.2762879999999996,,0.040448,0.152064,0,0.13286399999999998,0.007424,0.0097279999999999988,,0.004608,,1.7471999999999999,18392,15530,594,0.19263030000001891
18393,359.97022120181407,278002709391,1,7.5310021638870239,7.9731,8.013312,1.7343,16387,0.001024,3.1777279999999997,,0.043264,0.15488,0,0.13516799999999998,0.009216,0.009984,,0.004096,,2.251008,18393,15531,594,0.19974539999975605
18394,359.97786789965983,278002789122,1,7.6466980390250683,7.7848,7.517184,1.9894,16101,0.001024,3.234304,,0.03968,0.152576,0,0.134656,0.003584,0.009984,,0.0038399999999999997,,1.9212799999999999,18394,15532,594,0.20765179999989414
18395,359.9859586026077,278002866970,1,8.0907028168439865,8.464,7.622912,1.8595,16387,0.0012799999999999999,3.099392,,0.036351999999999995,0.16025599999999998,0,0.137728,0.007936,0.009216,,0.005376,,2.092288,18395,15533,594,0.21549449999974968
18396,359.99396230158726,278002951610,1,8.0036986619234085,7.128,8.0704,2.4246,15899,0.001024,3.23968,,0.039424,0.155904,0.000256,0.135936,0.007424,0.010496,,0.005376,,1.746176,18396,15534,594,0.22357719999990877
18397,360.00166660289113,278003022890,1,7.70430127158761,7.9145,7.987712,1.7707,16387,0.001024,3.292672,,0.040959999999999996,0.15103999999999998,0,0.131328,0.007424,0.009984,,0.0048639999999999994,,1.9345919999999999,18397,15535,594,0.23123489999989033
18398,360.00984750566892,278003102035,1,8.18090233951807,7.8968,7.688192,1.8177,15899,0.001024,3.2906239999999998,,0.039168,0.146176,0.000256,0.127744,0.009472,0.009984,,0.0048639999999999994,,2.080256,18398,15536,594,0.23955219999970723
18399,360.01757110260769,278003181003,1,7.723596878349781,8.006,8.15232,1.7798,16387,0.001024,3.297536,,0.04224,0.155904,0.000256,0.13568,0.007424,0.009472,,0.004608,,1.746176,18399,15537,594,0.24705089999997654
18400,360.0252821995465,278003261063,1,7.7110971324145794,7.6771,7.698432,1.9638,45196,0.001024,3.229184,,0.04224,0.150528,0.000256,0.13183999999999998,0.012032,0.009984,,0.005376,,2.034688,18400,15538,595,0.0032976999996208178
18401,360.03312869897957,278003337834,1,7.8464997932314873,8.3406,7.708672,2.252,16387,0.001024,3.177984,,0.03712,0.156416,0,0.136192,0.007168,0.010239999999999999,,0.005888,,1.9358719999999998,18401,15539,595,0.01041289999966466
18402,360.04099430272106,278003421240,1,7.8656040132045746,7.5373,7.819776,0.4994,15951,0.001024,3.1728639999999997,,0.039168,0.156672,0,0.13747199999999998,0.009472,0.010752,,0.004352,,1.9645439999999998,18402,15540,595,0.018433599999752914
18403,360.048996201814,278003496613,1,8.0018993467092514,8.4621,0.03584,1.8171,16387,0.001024,3.29344,,0.042496,0.158208,0,0.13696,0.0076799999999999993,0.0097279999999999988,,0.004096,,1.747968,18403,15541,595,0.026760499999909371
18404,360.05716540532876,278003581234,1,8.16920306533575,7.2011,7.9872,2.1507,15899,0.0012799999999999999,3.29088,,0.03968,0.15616,0,0.135936,0.008704,0.000256,,0.041215999999999996,,1.9179519999999999,18404,15542,595,0.034443499999724736
18405,360.06503180272108,278003653245,1,7.866397500038147,7.9648,8.151808,1.9992,16387,0.001024,3.179264,,0.036095999999999996,0.155392,0,0.135936,0.0038399999999999997,0.0097279999999999988,,0.0051199999999999996,,2.473728,18405,15543,595,0.042328399999860267
18406,360.07313190192741,278003732893,1,8.1000989302992821,8.3515,7.838208,3.9604,15899,0.001024,3.17184,,0.038911999999999995,0.15488,0.000256,0.135424,0.003328,0.009472,,0.0051199999999999996,,1.967104,18406,15544,595,0.050403499999902124
18407,360.08109540107711,278003816408,1,7.963499054312706,7.6309,8.076544,2.108,16589,0.001024,3.183872,,0.040448,0.16025599999999998,0,0.13952,0.007424,0.010752,,0.004608,,2.189568,18407,15545,595,0.058221299999786424
18408,360.08903110119047,278003892717,1,7.9357000067830086,7.9792,7.952384,1.7973,15899,0.006144,3.230464,,0.037632,0.156416,0.000256,0.13644799999999999,0.0076799999999999993,0.009984,,0.004608,,1.93152,18408,15546,595,0.066359599999941565
18409,360.09700490362809,278003972509,1,7.973802275955677,8.0509,7.90912,1.7459,16387,0.001024,3.1751679999999998,,0.040704,0.158208,0,0.13977599999999998,0.003584,0.0097279999999999988,,0.004608,,2.263552,18409,15547,595,0.074583599999641592
18410,360.10501619897957,278004053018,1,8.011295460164547,7.8747,7.952128,1.8198,15899,0.001024,3.233536,,0.041215999999999996,0.15488,0,0.135936,0.0076799999999999993,0.0097279999999999988,,0.004096,,2.1191679999999997,18410,15548,595,0.082149699999718
18411,360.11285310374149,278004131765,1,7.836904376745224,8.0158,7.995648,2.7154,16387,0.001024,3.177472,,0.038655999999999996,0.16614399999999999,0,0.146432,0.0076799999999999993,0.011264,,0.005376,,1.747712,18411,15549,595,0.090034599999853526
18412,360.12088440334463,278004211923,1,8.0312993377447128,8.3212,7.817472,1.7413,15899,0.001024,3.234304,,0.038911999999999995,0.16,0,0.141056,0.007936,0.0097279999999999988,,0.004352,,2.0423679999999997,18412,15550,595,0.098181500000009692
18413,360.12876070011339,278004295135,1,7.8762965276837349,7.566,8.027136,2.0341,16387,0.001024,3.23584,,0.038911999999999995,0.159488,0,0.13696,0.012032,0.009984,,0.0051199999999999996,,1.953792,18413,15551,595,0.10595329999978276
18414,360.136686401644,278004370795,1,7.9257013276219368,7.8932,7.817472,1.8384,15899,0.001024,3.102208,,0.039168,0.161792,0,0.142848,0.011264,0.00896,,0.004352,,2.085376,18414,15552,595,0.1137919999996484
18415,360.14514610260767,278004449727,1,8.45970120280981,8.0659,7.947008,1.7618,16387,0.001024,3.179776,,0.041728,0.15334399999999998,0,0.133376,0.0076799999999999993,0.0097279999999999988,,0.0048639999999999994,,1.9312639999999999,18415,15553,595,0.12235579999969559
18416,360.1528181051587,278004530386,1,7.6720025390386581,7.8774,8.432896,1.7276,15899,0.001024,3.174144,,0.041728,0.155136,0,0.135424,0.007936,0.009984,,0.0048639999999999994,,1.945088,18416,15554,595,0.13015369999993709
18417,360.16090770266436,278004609160,1,8.0895973369479179,7.8018,7.650816,1.8387,16387,0.001024,3.26912,,0.040959999999999996,0.15872,0,0.137984,0.0076799999999999993,0.009216,,0.004608,,1.7484799999999998,18417,15555,595,0.13808099999960177
18418,360.16834840561222,278004687178,1,7.4407029896974564,8.5694,8.072704,1.819,15899,0.001024,3.2337919999999998,,0.039424,0.165632,0,0.14592,0.004096,0.009472,,0.004608,,2.08128,18418,15556,595,0.1456742000000304
18419,360.176233404195,278004772872,1,7.8849988058209419,7.7848,7.4112,1.7904,16784,0.001024,3.0978559999999997,,0.040192,0.154368,0,0.13568,0.003328,0.009984,,0.003584,,1.9358719999999998,18419,15557,595,0.15354600000000573
18420,360.18446910430839,278004850720,1,8.23570042848587,7.9634,7.87968,2.0631,15899,0.0012799999999999999,3.2719359999999997,,0.039424,0.153088,0.0025599999999999998,0.13286399999999998,0.011776,0.006912,,0.009216,,1.9358719999999998,18420,15558,595,0.16189239999994243
18421,360.19239940476189,278004930354,1,7.930300198495388,7.5257,8.205312,1.9232,16387,0.001024,3.170304,,0.038911999999999995,0.158976,0,0.13952,0.007936,0.009472,,0.004352,,2.229248,18421,15559,595,0.16968359999964377
18422,360.20055500283445,278005005611,1,8.1555983051657677,7.8838,7.917056,1.8987,21683,0.001024,3.2985599999999997,,0.03968,0.16383999999999999,0,0.14438399999999998,0.008192,0.009216,,0.004096,,1.74592,18422,15560,595,0.1777060999997957
18423,360.20849780328797,278005084449,1,7.942800410091877,8.347,8.098816,1.8259,16387,0.001024,3.29216,,0.03968,0.15744,0,0.13747199999999998,0.008192,0.009216,,0.005376,,2.2883839999999998,18423,15561,595,0.18563329999960843
18424,360.21647679988661,278005167919,1,7.9789962619543076,7.8197,7.6736,2.0188,15899,0.001024,3.2688639999999998,,0.040704,0.156416,0,0.136704,0.007936,0.0097279999999999988,,0.005632,,1.747968,18424,15562,595,0.19363009999960923
18425,360.22413820153059,278005246116,1,7.6614017598330975,8.0078,8.02816,1.8807,16387,0.0012799999999999999,3.1777279999999997,,0.040448,0.17740799999999998,0,0.133376,0.007936,0.0097279999999999988,,0.005376,,1.747968,18425,15563,595,0.20191379999960191
18426,360.23244199971651,278005326194,1,8.30379780381918,7.9611,7.642624,2.1093,15899,0.001024,3.179776,,0.034816,0.15462399999999998,0.000256,0.13568,0.0038399999999999997,0.009472,,0.004608,,2.051328,18426,15564,595,0.21000229999981457
18427,360.24036640447844,278005405805,1,7.9244049265980721,7.9561,8.27904,1.7528,16387,0.001024,3.2368639999999997,,0.038911999999999995,0.164352,0,0.14438399999999998,0.012544,0.010239999999999999,,0.0051199999999999996,,2.057728,18427,15565,595,0.21803769999996803
18428,360.24825710034014,278005485366,1,7.8906957060098648,8.2474,7.907328,1.8836,22585,0.0012799999999999999,3.296,,0.035328,0.154368,0.000256,0.135424,0.008704,0.009984,,0.004352,,2.056704,18428,15566,595,0.22545390000004772
18429,360.25635719954647,278005567840,1,8.1000989302992821,8.0374,7.871232,1.8846,16387,0.001024,3.277056,,0.040192,0.163072,0.000256,0.14336,0.006144,0.001024,,0.012799999999999999,,1.746432,18429,15567,595,0.23353580000002694
18430,360.26422130102037,278005648214,1,7.86410178989172,7.8317,8.07936,1.7284,15899,0.001024,3.29216,,0.038911999999999995,0.155392,0,0.13747199999999998,0.0076799999999999993,0.010752,,0.0048639999999999994,,2.2128639999999997,18430,15568,595,0.24169779999965613
18431,360.27256889880948,278005726531,1,8.3475979045033455,7.7407,7.84128,1.8584,16387,0.001024,3.286784,,0.048128,0.1536,0,0.132096,0.0038399999999999997,0.0097279999999999988,,0.0048639999999999994,,1.9310079999999998,18431,15569,595,0.24965389999988474
18432,360.28039410430836,278005803938,1,7.8252051025629044,8.0943,8.32384,1.8994,45348,0.001024,3.2949759999999997,,0.039936,0.159744,0.000256,0.13977599999999998,0.008192,0.0097279999999999988,,0.0048639999999999994,,2.183936,18432,15570,596,0.0032509000002391986
18433,360.28811190476188,278005884881,1,7.7178003266453743,8.1324,7.805184,2.088,16387,0.001024,3.234304,,0.041984,0.152576,0,0.132352,0.007424,0.0097279999999999988,,0.005376,,1.930496,18433,15571,596,0.0099850000001424633
18434,360.29611290391153,278005966205,1,8.0009987577795982,7.9794,7.704064,0.4546,15899,0.001024,3.2332799999999997,,0.039936,0.15744,0.000256,0.137728,0.008192,0.0097279999999999988,,0.0051199999999999996,,1.9176959999999998,18434,15572,596,0.018129099999896425
18435,360.30427640306124,278006045999,1,8.16349871456623,8.7034,0.033792,1.7507,16387,0.001024,3.0942719999999997,,0.040959999999999996,0.155392,0.000256,0.13696,0.007936,0.0097279999999999988,,0.003584,,2.204672,18435,15573,596,0.0261384000000362
18436,360.31209400510204,278006133033,1,7.8176017850637436,6.8387,8.148736,1.7836,15899,0.001024,3.278848,,0.040704,0.156672,0.000256,0.134656,0.0063999999999999994,0.009472,,0.004608,,1.746688,18436,15574,596,0.034266000000116037
18437,360.31993550170068,278006201420,1,7.8414967283606529,8.1123,7.79392,1.7158,16387,0.001024,3.1910399999999997,,0.038911999999999995,0.161792,0,0.143872,0.0076799999999999993,0.009472,,0.0038399999999999997,,2.190848,18437,15575,596,0.041996899999958259
18438,360.32798800311792,278006282543,1,8.0525018274784088,8.0539,7.794176,2.0206,16094,0.001024,3.2714239999999997,,0.035584,0.15692799999999998,0,0.137984,0.0076799999999999993,0.009984,,0.004096,,2.049536,18438,15576,596,0.050400500000250759
18439,360.33627270408164,278006363082,1,8.28470103442669,8.1039,8.070656,1.8212,16387,0.001024,3.1843839999999997,,0.038911999999999995,0.15564799999999998,0.000256,0.136704,0.003584,0.009472,,0.004608,,2.102528,18439,15577,596,0.058123499999965134
18440,360.34412830215416,278006444121,1,7.8555978834629059,7.7161,8.257792,2.0275,15899,0.001024,3.2750079999999997,,0.03712,0.154112,0,0.1344,0.0076799999999999993,0.0097279999999999988,,0.0051199999999999996,,1.746432,18440,15578,596,0.066092399999888585
18441,360.35194520266441,278006521282,1,7.8169004991650581,8.4067,7.846912,1.7107,16387,0.001024,3.174912,,0.041984,0.155904,0,0.13568,0.0076799999999999993,0.009472,,0.004608,,1.927168,18441,15579,596,0.074363499999890337
18442,360.36025910572562,278006605349,1,8.3139026537537575,7.7522,7.79648,1.7348,15899,0.001024,3.1892479999999996,,0.03968,0.165376,0,0.145152,0.008192,0.009472,,0.004608,,2.048768,18442,15580,596,0.082228900000245631
18443,360.3682062003968,278006682871,1,7.947094738483429,7.9334,8.28544,2.0005,16387,0.001024,3.2906239999999998,,0.040959999999999996,0.15334399999999998,0,0.133376,0.007424,0.009984,,0.0048639999999999994,,2.0188159999999997,18443,15581,596,0.090456899999935558
18444,360.37641400226755,278006762205,1,8.2078017294406891,8.2719,7.913984,1.881,16101,0.001024,3.294208,,0.034816,0.16896,0,0.150528,0.008192,0.009984,,0.003328,,2.0864,18444,15582,596,0.098318599999856815
18445,360.38437140022677,278006844924,1,7.9573979601264,7.8824,8.201984,1.8354,16387,0.001024,3.175424,,0.038655999999999996,0.15564799999999998,0,0.135936,0.0048639999999999994,0.0012799999999999999,,0.013056,,2.040832,18445,15583,596,0.10658109999985754
18446,360.39252160572562,278006923748,1,8.150205947458744,8.23,7.945984,1.8522,15899,0.001024,3.176704,,0.034816,0.15488,0.000256,0.13516799999999998,0.003328,0.010239999999999999,,0.004352,,2.191616,18446,15584,596,0.11446960000012041
18447,360.40014590419497,278007006048,1,7.6242983341217041,7.8529,8.121856,1.7873,16387,0.001024,3.1964159999999997,,0.0384,0.173056,0,0.1536,0.008704,0.009472,,0.005376,,1.74592,18447,15585,596,0.12242650000007416
18448,360.40851619897956,278007084577,1,8.3702951669693,8.2581,7.606528,1.8701,15899,0.001024,3.2913919999999997,,0.03456,0.154368,0.000256,0.135936,0.011776,0.0097279999999999988,,0.005376,,1.960448,18448,15586,596,0.13063069999998334
18449,360.41689750566894,278007167158,1,8.3813071250915527,7.8894,8.30336,1.9027,16387,0.001024,3.229952,,0.040959999999999996,0.162816,0.000256,0.142848,0.007424,0.0097279999999999988,,0.0038399999999999997,,1.746432,18449,15587,596,0.13903089999985241
18450,360.42516330073693,278007246052,1,8.2657951861619949,7.9504,8.411904,1.7918,15899,0.001024,3.235328,,0.040704,0.157696,0,0.137984,0.0076799999999999993,0.0097279999999999988,,0.005376,,2.297088,18450,15588,596,0.14702870000019175
18451,360.43278139880948,278007325556,1,7.6180980540812016,8.1583,8.183296,1.743,16387,0.001024,3.292672,,0.042496,0.15616,0,0.13644799999999999,0.007168,0.009984,,0.004608,,2.141184,18451,15589,596,0.15482440000005226
18452,360.44094559948979,278007407139,1,8.16420093178749,8.4694,7.654912,1.7134,15899,0.001024,3.1825919999999996,,0.035072,0.17664,0,0.15692799999999998,0.0084479999999999989,0.0097279999999999988,,0.006144,,1.935616,18452,15590,596,0.1632355000001553
18453,360.44903620323129,278007491833,1,8.0906040966510773,7.9729,8.1536,1.7738,16439,0.0012799999999999999,3.2936959999999997,,0.040704,0.15564799999999998,0,0.135936,0.007424,0.009472,,0.005376,,2.1009919999999997,18453,15591,596,0.17088490000014644
18454,360.45728690476187,278007571562,1,8.2507012411952019,7.7848,8.071168,2.0858,15899,0.0012799999999999999,3.2386559999999998,,0.041728,0.16358399999999998,0,0.143872,0.008192,0.009216,,0.005376,,1.926912,18454,15592,596,0.17926579999993919
18455,360.46513370181407,278007649410,1,7.84679688513279,8.4344,8.228864,1.7232,16387,0.001024,3.234304,,0.040959999999999996,0.158976,0,0.138752,0.007424,0.009472,,0.005632,,2.41152,18455,15593,596,0.18721159999995507
18456,360.47288290107707,278007733754,1,7.7491994015872478,7.6828,7.835648,2.0608,15899,0.0012799999999999999,3.187712,,0.034304,0.172032,0.000256,0.143872,0.005888,0.009984,,0.003328,,1.747712,18456,15594,596,0.19487470000012763
18457,360.48116709892287,278007810582,1,8.2841981202363968,8.2895,7.715584,1.7409,16784,0.001024,3.104768,,0.038655999999999996,0.156672,0,0.137984,0.003328,0.009984,,0.003584,,2.1409279999999997,18457,15595,596,0.20368360000020402
18458,360.48889170209748,278007893477,1,7.7246031723916531,8.0285,8.281088,1.7896,15899,0.18995199999999998,3.2670719999999998,,0.041471999999999995,0.16127999999999998,0,0.141312,0.011776,0.010752,,0.0051199999999999996,,1.931776,18458,15596,596,0.21102160000009462
18459,360.496810303288,278007973762,1,7.9186009243130684,7.6452,7.698944,1.9295,16387,0.001024,3.183872,,0.039168,0.158464,0,0.139008,0.003584,0.009472,,0.0051199999999999996,,2.05824,18459,15597,596,0.21909260000029462
18460,360.50484580498863,278008050214,1,8.0355014652013779,8.8269,7.894784,1.9966,15899,0.0063999999999999994,3.1692799999999997,,0.039936,0.15564799999999998,0,0.135936,0.007424,0.0097279999999999988,,0.005376,,1.747968,18460,15598,596,0.22695980000025884
18461,360.51260870181403,278008138483,1,7.762896828353405,7.1841,8.0192,1.844,16387,0.001024,3.2368639999999997,,0.039424,0.158976,0,0.140032,0.004608,0.000768,,0.013824,,2.020096,18461,15599,596,0.23451629999999568
18462,360.520484502551,278008210324,1,7.8758010640740395,8.1027,7.735296,1.726,15899,0.0012799999999999999,3.2368639999999997,,0.035072,0.15462399999999998,0,0.13568,0.007424,0.009984,,0.0048639999999999994,,2.088192,18462,15600,596,0.2426183000002311
18463,360.52872050028344,278008291351,1,8.2359975203871727,7.9672,7.866112,1.8291,16387,0.001024,3.291136,,0.035584,0.164352,0,0.145664,0.008192,0.009984,,0.004352,,1.94816,18463,15601,596,0.25091930000007778
18464,360.53651429988662,278008371023,1,7.7937995083630085,7.5615,8.198656,2.1214,45001,0.001024,3.2936959999999997,,0.039424,0.15923199999999998,0,0.140032,0.007424,0.010239999999999999,,0.004608,,2.084864,18464,15602,597,0.0031592999998792948
18465,360.54423820153062,278008446638,1,7.72390142083168,8.0412,7.791616,1.746,16387,0.001024,3.177984,,0.039936,0.189184,0,0.16896,0.008192,0.000768,,0.013056,,1.92512,18465,15603,597,0.010234399999717425
18466,360.5524813988095,278008527050,1,8.243197575211525,8.3572,7.708416,0.4411,15899,0.001024,3.09504,,0.041471999999999995,0.153088,0,0.133376,0.007424,0.0097279999999999988,,0.004352,,2.123008,18466,15604,597,0.018933399999696121
18467,360.56052689909296,278008610622,1,8.04550014436245,8.2294,0.03456,1.7037,16387,0.001024,3.279104,,0.039936,0.158976,0.000256,0.139264,0.007424,0.010752,,0.0038399999999999997,,1.7484799999999998,18467,15605,597,0.027148099999976694
18468,360.56831180555554,278008692916,1,7.7849063090980053,7.1012,8.047104,1.7653,15899,0.001024,3.1032319999999998,,0.042752,0.158976,0.000256,0.138752,0.0076799999999999993,0.011776,,0.0038399999999999997,,2.078208,18468,15606,597,0.034458499999800551
18469,360.57622419926304,278008763928,1,7.9123936593532562,8.6717,7.753984,2.1113,16589,0.001024,3.2750079999999997,,0.039168,0.151808,0.000256,0.13312,0.007424,0.010239999999999999,,0.004352,,2.0608,18469,15607,597,0.042159499999797845
18470,360.584186401644,278008850645,1,7.9622026532888412,8.2277,7.890944,1.8448,15899,0.001024,3.277056,,0.040704,0.15923199999999998,0.000256,0.13977599999999998,0.0038399999999999997,0.009984,,0.004096,,1.937408,18470,15608,597,0.050537899999653746
18471,360.5922926020408,278008932922,1,8.1062000244855881,7.1282,7.940864,2.281,16387,0.001024,3.234304,,0.038911999999999995,0.158208,0,0.139008,0.003072,0.009984,,0.0038399999999999997,,2.145536,18471,15609,597,0.05831259999968097
18472,360.60033630243765,278009004204,1,8.0437008291482925,7.8462,8.087808,1.8787,15899,0.001024,3.2762879999999996,,0.036351999999999995,0.15744,0,0.137984,0.0076799999999999993,0.009984,,0.0051199999999999996,,1.74592,18472,15610,597,0.066529400000035821
18473,360.60830899943312,278009082666,1,7.9726967960596085,8.366,8.005888,1.7764,16387,0.001024,3.2345599999999997,,0.038911999999999995,0.174848,0,0.13977599999999998,0.007936,0.009984,,0.004096,,2.214912,18473,15611,597,0.074476799999956711
18474,360.616285600907,278009166326,1,7.9766018316149712,7.8031,7.782656,1.9229,15899,0.0012799999999999999,3.232256,,0.041728,0.15488,0.000256,0.134656,0.0097279999999999988,0.009472,,0.004352,,1.7487359999999998,18474,15612,597,0.082560999999714113
18475,360.62403849914966,278009244357,1,7.7528981491923332,8.1851,7.955712,1.9041,16387,0.001024,3.274752,,0.03968,0.183808,0,0.164096,0.008192,0,,0.013568,,2.0090879999999998,18475,15613,597,0.090339099999710015
18476,360.63214190051019,278009326208,1,8.1034014001488686,8.0203,7.748352,1.8734,16094,0.0012799999999999999,3.2767999999999997,,0.035072,0.153088,0,0.13414399999999999,0.003072,0.009984,,0.004096,,2.054656,18476,15614,597,0.0981669999996484
18477,360.64013440334463,278009406411,1,7.9925032332539558,8.0202,8.093696,1.876,16387,0.001024,3.297024,,0.040959999999999996,0.16153599999999999,0.000256,0.137728,0.0076799999999999993,0.009472,,0.004352,,1.9330559999999999,18477,15615,597,0.10700439999982336
18478,360.64818319869613,278009486613,1,8.04879516363144,7.8182,7.967488,1.8331,15899,0.001024,3.232512,,0.039168,0.158976,0,0.13312,0.0038399999999999997,0.009984,,0.0038399999999999997,,2.092032,18478,15616,597,0.11416650000001027
18479,360.65631240079364,278009564795,1,8.1292018294334412,7.7885,8.032768,1.9146,16439,0.001024,3.297792,,0.038911999999999995,0.157184,0,0.137216,0.007424,0.011007999999999999,,0.003584,,1.7454079999999998,18479,15617,597,0.1222075999999106
18480,360.6638488024376,278009642680,1,7.5364015065133572,8.7313,8.101888,1.8819,15899,0.001024,3.291648,,0.036351999999999995,0.16383999999999999,0,0.14438399999999998,0.007424,0.009984,,0.004608,,2.309376,18480,15618,597,0.13012679999974353
18481,360.67189680413833,278009729993,1,8.0480016767978668,7.2914,7.515904,1.7341,16387,0.001024,3.2906239999999998,,0.036608,0.163072,0,0.14464,0.0076799999999999993,0.009984,,0.0048639999999999994,,1.915648,18481,15619,597,0.13794519999964905
18482,360.67992599914965,278009802907,1,8.0291945487260818,8.0554,8.036864,1.8553,16101,0.001024,3.23712,,0.039168,0.15462399999999998,0,0.133376,0.0076799999999999993,0.010239999999999999,,0.004096,,2.0526079999999998,18482,15620,597,0.1460770999997294
18483,360.68759919926305,278009883461,1,7.6732002198696136,7.8487,7.981824,1.8404,16387,0.001024,3.19744,,0.037632,0.156672,0,0.137216,0.007424,0.009472,,0.004352,,1.746432,18483,15621,597,0.15342899999996007
18484,360.695525,278009961948,1,7.9258009791374207,7.8975,7.677696,1.9584,15899,0.001024,3.191808,,0.038655999999999996,0.16153599999999999,0,0.141312,0.004096,0.037888,,0.0048639999999999994,,1.934848,18484,15622,597,0.16168299999981173
18485,360.70357910289113,278010040923,1,8.0541027709841728,8.0397,7.904256,1.836,16387,0.001024,3.265024,,0.038911999999999995,0.154112,0.000256,0.1344,0.007424,0.0097279999999999988,,0.0048639999999999994,,2.051072,18485,15623,597,0.16955919999963953
18486,360.71151349914965,278010121320,1,7.9343961551785469,7.4664,8.041984,2.3368,15899,0.001024,3.099392,,0.040448,0.184576,0,0.157696,0.0038399999999999997,0.009472,,0.004096,,1.9509759999999998,18486,15624,597,0.17745459999969171
18487,360.71914630102037,278010195984,1,7.6328017748892307,8.2236,7.90016,1.7204,16387,0.001024,3.180288,,0.043008,0.156672,0.000256,0.133632,0.0076799999999999993,0.0097279999999999988,,0.003584,,2.089984,18487,15625,597,0.18502949999992779
18488,360.727157603458,278010278220,1,8.01130197942257,7.8877,7.62624,1.8044,15899,0.0012799999999999999,3.1872,,0.038911999999999995,0.167424,0,0.143616,0.0076799999999999993,0.010239999999999999,,0.005632,,1.935104,18488,15626,597,0.19305450000001656
18489,360.73497440476189,278010357097,1,7.8168008476495743,7.8571,7.981824,1.8525,16387,0.001024,3.173632,,0.045312,0.15488,0,0.13568,0.0076799999999999993,0.0097279999999999988,,0.0048639999999999994,,2.0175359999999998,18489,15627,597,0.2012734999998429
18490,360.74305920493197,278010435668,1,8.0848000943660736,7.6375,7.765248,1.7871,15899,0.001024,3.2767999999999997,,0.039168,0.159488,0,0.13952,0.0076799999999999993,0.011007999999999999,,0.0038399999999999997,,1.943552,18490,15628,597,0.20958659999996598
18491,360.75115860260769,278010512043,1,8.0993976444005966,7.9947,8.095488,2.289,23021,0.001024,3.2767999999999997,,0.039168,0.159488,0,0.13952,0.0076799999999999993,0.011007999999999999,,0.0038399999999999997,,1.943552,18491,15629,597,0.21733929999982138
18492,360.758848100907,278010591990,1,7.6894983649253845,8.2292,8.084224,1.8313,15899,0.001024,3.237376,,0.03712,0.162048,0,0.136704,0.003584,0.009984,,0.003584,,2.325504,18492,15630,597,0.2248805999997785
18493,360.76705610119046,278010674282,1,8.2080001011490822,7.8466,7.677696,1.8038,16387,0.001024,3.2919039999999997,,0.044544,0.15129599999999999,0,0.131328,0.007424,0.009472,,0.004096,,1.7484799999999998,18493,15631,597,0.23294699999996737
18494,360.7748663052721,278010752748,1,7.8102042898535728,8.1821,7.999744,1.903,15899,0.001024,3.196672,,0.036351999999999995,0.159744,0,0.141056,0.0076799999999999993,0.0097279999999999988,,0.003328,,2.02496,18494,15632,597,0.24076519999971424
18495,360.78267300170069,278010834569,1,7.8066964633762836,7.5303,7.795712,2.0303,22568,0.001024,3.2919039999999997,,0.043008,0.164352,0,0.143872,0.0084479999999999989,0.009472,,0.004096,,1.9325439999999998,18495,15633,597,0.24915659999987838
18496,360.79037720379819,278010909872,1,7.7042020857334137,8.1232,7.781632,1.7178,45001,0.001024,3.194368,,0.038911999999999995,0.152832,0.000256,0.13286399999999998,0.007424,0.009984,,0.004352,,1.9228159999999999,18496,15634,598,0.0033171000000038475
18497,360.79838280187073,278010991104,1,8.00559762865305,7.8057,7.681024,1.8063,16387,0.001024,3.173632,,0.039168,0.150784,0.000256,0.132352,0.003584,0.010239999999999999,,0.004352,,2.084352,18497,15635,598,0.016368900000088615
18498,360.81038070436506,278011069161,1,11.997902765870094,8.2427,7.986432,0.4069,16387,0.001024,3.240704,,0.038655999999999996,0.15692799999999998,0,0.13696,0.007424,0.010239999999999999,,0.004352,,1.746432,18498,15636,598,0.022968300000229647
18499,360.81697120181406,278011151588,1,6.5904976800084114,8.0485,0.034304,1.7981,15899,0.001024,3.094528,,0.038655999999999996,0.160768,0.000256,0.142848,0.007936,0.012288,,0.0038399999999999997,,2.37568,18499,15637,598,0.029316000000108033
18500,360.82352320011336,278011232073,1,6.5519982017576694,13.0973,8.035328,1.7945,16387,0.001024,3.1884799999999998,,0.039168,0.16,0,0.141312,0.0076799999999999993,0.011007999999999999,,0.0051199999999999996,,1.7669119999999998,18500,15638,598,0.035674499999913678
18501,360.83155140306121,278011363046,1,8.0282026901841164,6.6233,7.740416,2.0362,15899,0.0012799999999999999,3.1764479999999997,,0.038655999999999996,0.153088,0.000256,0.134656,0.003584,0.009984,,0.003328,,2.138624,18501,15639,598,0.043849600000157807
18502,360.83969860402493,278011429279,1,8.14720056951046,6.1583,8.0128,1.7023,16387,0.180224,3.273984,,0.04224,0.161792,0,0.141568,0.0076799999999999993,0.009472,,0.0048639999999999994,,1.9330559999999999,18502,15640,598,0.052131100000224251
18503,360.84757370323126,278011490862,1,7.8750988468527794,6.5768,7.951104,1.6891,15899,0.001024,3.233536,,0.040448,0.157184,0,0.13849599999999998,0.007424,0.011264,,0.002816,,2.052352,18503,15641,598,0.060857999999825552
18504,360.85607890447847,278011556630,1,8.50520096719265,8.1159,7.848192,1.7639,16439,0.001024,3.18208,,0.03968,0.15564799999999998,0,0.136704,0.008192,0.010752,,0.0025599999999999998,,1.746688,18504,15642,598,0.068275600000106351
18505,360.86415030470522,278011637789,1,8.0714002251625061,8.2975,8.482304,2.2641,15899,0.001024,3.234304,,0.03968,0.15744,0,0.13952,0.0076799999999999993,0.012032,,0.002304,,2.349824,18505,15643,598,0.076410199999827455
18506,360.87226320153059,278011720764,1,8.112897165119648,8.6226,8.0512,1.7277,16387,0.001024,3.187712,,0.043775999999999995,0.151808,0.000256,0.132096,0.003584,0.009984,,0.0048639999999999994,,2.062592,18506,15644,598,0.084763299999849551
18507,360.88012040107708,278011806990,1,7.8571997582912445,7.3908,8.093184,1.8876,16246,0.001024,3.2767999999999997,,0.040959999999999996,0.155136,0,0.13568,0.0076799999999999993,0.0097279999999999988,,0.003584,,2.1693439999999997,18507,15645,598,0.093318600000202423
18508,360.88785850340133,278011880898,1,7.7381022274494171,8.3452,7.853312,1.7589,16387,0.001024,3.289088,,0.038911999999999995,0.183296,0,0.159744,0.008704,0.0097279999999999988,,0.005376,,1.9307519999999998,18508,15646,598,0.10009230000014213
18509,360.89603170351472,278011964350,1,8.173200301826,8.2061,7.696384,2.2052,15899,0.001024,3.186944,,0.04224,0.155392,0,0.13516799999999998,0.007424,0.0097279999999999988,,0.0051199999999999996,,1.942272,18509,15647,598,0.10869610000008834
18510,360.90434880243765,278012046411,1,8.3170989528298378,8.5707,8.156928,2.1534,16387,0.001024,3.287296,,0.035072,0.150784,0,0.132096,0.0076799999999999993,0.009984,,0.004608,,2.216192,18510,15648,598,0.11653620000015508
18511,360.91234600340135,278012132118,1,7.9972008243203163,6.8845,8.29184,2.2331,21291,0.001024,3.273984,,0.041215999999999996,0.15744,0,0.13824,0.007424,0.009984,,0.003328,,2.286848,18511,15649,598,0.1256466999998338
18512,360.92014469954648,278012200963,1,7.7986959367990494,8.5092,7.979264,1.7068,75932,0.001024,3.273984,,0.041215999999999996,0.15744,0,0.13824,0.007424,0.009984,,0.003328,,2.286848,18512,15650,598,0.13248359999988679
18513,360.92813470096371,278012286055,1,7.9900017008185387,7.8425,7.782912,1.8863,15899,0.001024,3.29216,,0.038655999999999996,0.16383999999999999,0,0.144896,0.005632,0.010752,,0.0038399999999999997,,1.933824,18513,15651,598,0.1405214999999771
18514,360.93605490362808,278012364480,1,7.920202799141407,8.6062,7.977472,1.956,16582,0.001024,3.1733759999999998,,0.041215999999999996,0.16486399999999998,0,0.145664,0.004608,0.00896,,0.006144,,2.096384,18514,15652,598,0.14859879999994519
18515,360.95064080215417,278012450542,1,14.585898257791996,7.4397,7.90144,2.5377,16043,0.0012799999999999999,3.1800319999999997,,0.038911999999999995,0.16025599999999998,0,0.141056,0.0076799999999999993,0.010752,,0.004608,,1.746176,18515,15653,598,0.16308089999984077
18516,360.95406630527208,278012524939,1,3.4255031496286392,7.952,8.07552,1.9901,16579,0.001024,3.295744,,0.03968,0.16025599999999998,0,0.140032,0.004608,0,,0.013568,,2.129152,18516,15654,598,0.16612010000017108
18517,360.96228210034013,278012604459,1,8.2157952710986137,7.9891,7.806464,1.9593,15899,0.001024,3.098368,,0.20377599999999998,0.16358399999999998,0,0.14310399999999998,0.009984,0.012032,,0.004352,,2.096384,18517,15655,598,0.17433799999980693
18518,360.97022160572561,278012684350,1,7.9395053908228874,14.5027,7.627008,1.6712,16387,0.001024,3.276032,,0.033535999999999996,0.155136,0,0.135936,0.008192,0.009984,,0.004608,,1.746432,18518,15656,598,0.18240030000015395
18519,360.97871600056686,278012829377,1,8.4943948313593864,3.2245,7.908864,1.8051,16101,0.001024,3.1848959999999997,,0.036351999999999995,0.16614399999999999,0,0.1472,0.007424,0.009984,,0.003328,,2.0574719999999997,18519,15657,598,0.19092670000009093
18520,360.9867580994898,278012861622,1,8.0420989543199539,8.1505,8.483072,1.6637,16387,0.001024,3.305472,,0.040448,0.156672,0,0.13824,0.007424,0.010239999999999999,,0.005376,,2.23616,18520,15658,598,0.19873839999991105
18521,360.99527959892288,278012943127,1,8.52149911224842,8.1032,8.026368,1.6441,33470,0.001024,3.234048,,0.040959999999999996,0.151552,0,0.13312,0.003328,0.012288,,0.0025599999999999998,,1.9246079999999999,18521,15659,598,0.20774130000017976
18522,361.00325390447847,278013024159,1,7.9743051901459694,8.5236,8.49408,1.6606,30789,0.001024,3.2750079999999997,,0.036864,0.153088,0.000256,0.13414399999999999,0.007424,0.012032,,0.002304,,2.35392,18522,15660,598,0.21545839999998861
18523,361.01138070436508,278013109395,1,8.1267999485135078,7.8581,7.956992,1.8829,15899,0.001024,3.274496,,0.03968,0.166656,0,0.14540799999999998,0.008192,0.011264,,0.0025599999999999998,,1.747712,18523,15661,598,0.22352000000000771
18524,361.01927490079362,278013187976,1,7.8941965475678444,8.888,8.091648,1.8113,16387,0.001024,3.2368639999999997,,0.036095999999999996,0.152576,0,0.133376,0.007936,0.010239999999999999,,0.003584,,2.033408,18524,15662,598,0.2316424000000552
18525,361.02732560232425,278013276856,1,8.0507015809416771,7.8147,7.580928,1.7253,15899,0.001024,3.2737279999999997,,0.038911999999999995,0.15334399999999998,0.000256,0.13414399999999999,0.007168,0.010239999999999999,,0.0051199999999999996,,1.925632,18525,15663,598,0.23943950000011682
18526,361.03528090277774,278013355003,1,7.9553006216883659,8,8.043776,2.128,16387,0.001024,3.2296959999999997,,0.035584,0.16486399999999998,0,0.14540799999999998,0.009216,0.000256,,0.0192,,2.0556799999999997,18526,15664,598,0.24739210000007006
18527,361.04333180272107,278013435003,1,8.05089995265007,8.096,7.922944,1.8125,62572,0.001024,3.23712,,0.038655999999999996,0.17740799999999998,0,0.13568,0.0076799999999999993,0.009984,,0.0048639999999999994,,2.051072,18527,15665,599,0.003364400000009482
18528,361.05106609977321,278013515963,1,7.7342968434095383,7.8386,8.039168,1.9056,30772,0.0063999999999999994,3.237888,,0.041728,0.151552,0,0.132096,0.007936,0.009216,,0.005376,,1.9192319999999998,18528,15666,599,0.010752099999990605
18529,361.05927220096368,278013594349,1,8.2061011344194412,8.0154,7.71584,0.459,15951,0.001024,3.169024,,0.042752,0.154112,0,0.135424,0.007424,0.009984,,0.0038399999999999997,,2.052352,18529,15667,599,0.018595000000004802
18530,361.06711820436504,278013674503,1,7.8460033982992172,8.8557,0.035072,2.061,16387,0.001024,3.2883199999999997,,0.041728,0.153088,0,0.132096,0.010496,0.0097279999999999988,,0.0038399999999999997,,1.748224,18530,15668,599,0.026245699999890348
18531,361.07498970379817,278013763060,1,7.8714992851018906,7.4654,7.816704,2.0674,15899,0.0012799999999999999,3.197952,,0.040192,0.155392,0.006144,0.136704,0.008192,0.002048,,0.0051199999999999996,,2.0352,18531,15669,599,0.034317099999952916
18532,361.08284829931972,278013837714,1,7.8585958108305931,7.8422,7.852288,2.0009,34160,0.001024,3.269888,,0.040192,0.165376,0,0.142336,0.008192,0.002304,,0.012032,,1.9261439999999999,18532,15670,599,0.042236099999627186
18533,361.09059160289115,278013916136,1,7.7433036640286446,7.7024,7.834368,1.8765,30247,0.0012799999999999999,3.2319999999999998,,0.039424,0.16,0,0.13977599999999998,0.007424,0.010752,,0.004352,,1.9210239999999998,18533,15671,599,0.049789899999723275
18534,361.09873700396827,278013993160,1,8.1454012542963028,8.0472,7.723008,2.1378,139384,0.001024,3.236096,,0.035072,0.15488,0,0.13516799999999998,0.0051199999999999996,0.009984,,0.003584,,2.098944,18534,15672,599,0.058711299999686162
18535,361.10674870323129,278014073632,1,8.01169965416193,7.8614,8.120832,1.8401,127287,0.0012799999999999999,3.299072,,0.039936,0.162304,0,0.142848,0.0076799999999999993,0.0097279999999999988,,0.005376,,1.935616,18535,15673,599,0.066059999999652064
18536,361.11447140022676,278014152246,1,7.7226972207427025,7.5923,7.994368,2.9008,69100,0.001024,3.292672,,0.035328,0.15692799999999998,0,0.13696,0.007424,0.009984,,0.003328,,2.093568,18536,15674,599,0.0745955999996113
18537,361.12273680555552,278014228169,1,8.265404962003231,8.7313,7.70816,2.1135,61810,0.001024,3.272448,,0.038911999999999995,0.15103999999999998,0.000256,0.132608,0.007424,0.009984,,0.0051199999999999996,,1.9361279999999998,18537,15675,599,0.08175970000002053
18538,361.13075490362809,278014315482,1,8.0180978402495384,7.5144,8.23936,1.9963,16387,0.001024,3.292416,,0.038911999999999995,0.157696,0,0.13824,0.007424,0.010752,,0.005376,,2.0928,18538,15676,599,0.089750499999809108
18539,361.13855989937639,278014390626,1,7.8049958683550358,8.2102,7.979776,1.9994,15899,0.001024,3.234816,,0.041728,0.158208,0.000256,0.130304,0.007936,0.011264,,0.0025599999999999998,,1.9228159999999999,18539,15677,599,0.097906199999670207
18540,361.14651760204077,278014472728,1,7.9577025026082993,7.5313,7.803136,1.8551,16387,0.001024,3.231232,,0.041984,0.156416,0,0.136192,0.007936,0.0097279999999999988,,0.0038399999999999997,,1.9325439999999998,18540,15678,599,0.10567029999992883
18541,361.15473849914963,278014548041,1,8.2208970561623573,8.0237,7.935488,1.918,15899,0.001024,3.28576,,0.041215999999999996,0.16358399999999998,0,0.144896,0.003328,0.0097279999999999988,,0.0038399999999999997,,2.210304,18541,15679,599,0.1137800999999854
18542,361.16264510345803,278014628278,1,7.9066045582294464,8.0673,8.208896,1.8949,29548,0.006144,3.179008,,0.041215999999999996,0.154368,0,0.1344,0.007424,0.0097279999999999988,,0.005632,,1.7505279999999999,18542,15680,599,0.12171949999992648
18543,361.17040260062356,278014708951,1,7.7574970200657845,7.8513,7.876352,1.721,15899,0.001024,3.2931839999999997,,0.035328,0.15564799999999998,0.000256,0.136704,0.007424,0.009984,,0.0048639999999999994,,2.0520959999999997,18543,15681,599,0.12934699999959776
18544,361.17838280187073,278014787464,1,7.98020139336586,8.0537,7.754752,1.8313,16734,0.001024,3.1759359999999996,,0.038911999999999995,0.15692799999999998,0,0.13824,0.008704,0.000256,,0.015616,,1.935104,18544,15682,599,0.13742639999964013
18545,361.18636850198413,278014868001,1,7.98569992184639,7.9702,7.950336,1.8699,15899,0.001024,3.233536,,0.035328,0.153088,0,0.13312,0.007936,0.009984,,0.0051199999999999996,,2.0938239999999997,18545,15683,599,0.1453879999999117
18546,361.194259502551,278014947703,1,7.8910002484917641,7.6348,7.971072,2.1105,16387,0.001024,3.1866879999999997,,0.038911999999999995,0.16127999999999998,0.000256,0.14079999999999998,0.0084479999999999989,0.009472,,0.0051199999999999996,,1.7471999999999999,18546,15684,599,0.15379429999984495
18547,361.2024396045918,278015024051,1,8.1801023334264755,8.1032,7.871744,1.718,15899,0.0012799999999999999,3.1751679999999998,,0.039424,0.15462399999999998,0.000256,0.135424,0.003328,0.009984,,0.003584,,2.125568,18547,15685,599,0.16171880000001693
18548,361.21049540107708,278015105083,1,8.0557968467473984,7.9118,8.1472,2.5973,16387,0.001024,3.2417279999999997,,0.035584,0.161024,0,0.140544,0.011776,0.010239999999999999,,0.004608,,1.7484799999999998,18548,15686,599,0.16963339999983873
18549,361.21819209892288,278015184201,1,7.6966979540884495,8.3789,8.032256,1.7525,21683,0.001024,3.19744,,0.038655999999999996,0.167936,0,0.147968,0.008192,0.0097279999999999988,,0.005632,,1.748224,18549,15687,599,0.17766719999963243
18550,361.22628910147392,278015267990,1,8.0970022827386856,7.9793,7.679744,1.8072,33958,0.001024,3.272704,,0.038911999999999995,0.157184,0.000256,0.13849599999999998,0.0076799999999999993,0.009984,,0.003328,,2.016512,18550,15688,599,0.18576540000003661
18551,361.23433350340133,278015347783,1,8.044402115046978,7.9094,8.072448,2.2883,36213,0.001024,3.22944,,0.03968,0.15564799999999998,0,0.135936,0.007424,0.010239999999999999,,0.005376,,2.1662719999999998,18551,15689,599,0.19369349999988117
18552,361.24217230017007,278015426877,1,7.8387968242168427,7.9864,8.007424,1.831,16582,0.001024,3.194112,,0.039424,0.15616,0,0.135424,0.007936,0.009984,,0.004096,,2.077184,18552,15690,599,0.20115709999981846
18553,361.24991879960317,278015506741,1,7.7464994974434376,8.004,7.839232,1.8416,67105,0.001024,3.178496,,0.0384,0.160512,0.002048,0.13977599999999998,0.0076799999999999993,0.001792,,0.0097279999999999988,,1.747456,18553,15691,599,0.20961149999993722
18554,361.25799040532877,278015586781,1,8.0716060474514961,8.0657,7.721216,1.8326,23021,0.0012799999999999999,3.2913919999999997,,0.036095999999999996,0.155392,0,0.13644799999999999,0.007424,0.011007999999999999,,0.004352,,1.9363839999999999,18554,15692,599,0.21745549999968716
18555,361.26610200538545,278015667438,1,8.1115998327732086,7.4794,8.056064,2.2226,27809,0.001024,3.290368,,0.036095999999999996,0.159488,0,0.13977599999999998,0.012544,0.010239999999999999,,0.004352,,1.934848,18555,15693,599,0.22581169999966733
18556,361.27391280470522,278015742232,1,7.8107994049787521,8.1511,8.096512,2.1042,16387,0.001024,3.0976,,0.040704,0.156672,0,0.13696,0.007936,0.004608,,0.0051199999999999996,,1.747712,18556,15694,599,0.23311859999967055
18557,361.28191910430837,278015823743,1,8.00629984587431,8.1261,7.781632,1.9312,16246,0.001024,3.23584,,0.0384,0.15462399999999998,0.000256,0.135936,0.010752,0.0097279999999999988,,0.004096,,2.09792,18557,15695,599,0.24098839999987831
18558,361.28991169926303,278015905004,1,7.9925945028662682,8.3388,8.004352,1.8175,16387,0.167936,3.173632,,0.039424,0.161024,0.000256,0.141312,0.007424,0,,0.014591999999999999,,1.9210239999999998,18558,15696,599,0.24898979999989024
18559,361.29809540107709,278015988392,1,8.1837018951773643,7.3422,7.972352,2.2104,50785,0.001024,3.180544,,0.038655999999999996,0.15129599999999999,0.000256,0.132608,0.0051199999999999996,0.010239999999999999,,0.003328,,2.084864,18559,15697,600,0.0031141999997998937
18560,361.30599220521543,278016061814,1,7.8968042507767677,7.8539,8.165888,1.8414,16387,0.001024,3.2998399999999997,,0.03968,0.158464,0,0.138752,0.005888,0.009984,,0.004608,,1.7469439999999998,18560,15698,600,0.01046779999978753
18561,361.31394490504533,278016140353,1,7.9526994377374649,8.0334,7.860992,0.45,15899,0.001024,3.287296,,0.035072,0.166656,0,0.1472,0.0076799999999999993,0.011007999999999999,,0.005376,,1.958912,18561,15699,600,0.0183271999999306
18562,361.32194890164396,278016220687,1,8.0039966851472855,8.7728,0.037376,1.7524,16387,0.001024,3.171328,,0.037376,0.15744,0,0.137216,0.007936,0.0097279999999999988,,0.0048639999999999994,,1.934848,18562,15700,600,0.026543999999830703
18563,361.329775,278016308415,1,7.8260982409119606,7.3785,,2.3441,15899,0.001024,3.171328,,0.037376,0.15744,0,0.137216,0.007936,0.0097279999999999988,,0.0048639999999999994,,1.934848,18563,15701,600,0.033982299999934185
18564,361.34266630527208,278016382200,1,12.891305610537529,7.7743,7.798272,7.7743,16387,0.001024,3.2762879999999996,,0.03456,0.150784,0.000256,0.131584,0.007424,0.0097279999999999988,,0.003328,,2.1058559999999997,18564,15702,600,0.046932900000228983
18565,361.35048990221088,278016459943,1,7.8235967084765434,8.283,7.796224,1.4587,16387,0.0012799999999999999,3.29472,,0.03584,0.155136,0,0.13568,0.007424,0.010239999999999999,,0.0051199999999999996,,1.9425279999999998,18565,15703,600,0.054758400000082474
18566,361.35838870464852,278016542773,1,7.8988028690218925,7.464,7.814912,1.8256,15899,0.001024,3.27424,,0.03968,0.159744,0,0.13977599999999998,0.008192,0.009984,,0.0038399999999999997,,2.0508159999999998,18566,15704,600,0.063020099999903323
18567,361.36646160005665,278016617413,1,8.0728949978947639,12.934,7.872768,1.7702,16387,0.001024,3.275776,,0.040192,0.151552,0,0.13286399999999998,0.007424,0.0097279999999999988,,0.0048639999999999994,,1.7489919999999999,18567,15705,600,0.070836299999882613
18568,361.37430670351472,278016746753,1,7.8451037406921387,7.826,8.054784,1.8852,15899,0.001024,3.1872,,0.040704,0.15462399999999998,0.000256,0.135424,0.008192,0.010752,,0.002816,,2.034944,18568,15706,600,0.07915259999981572
18569,361.38249150368478,278016825013,1,8.184799924492836,8.2236,7.820288,1.77,16734,0.001024,3.196672,,0.039168,0.158208,0,0.13952,0.012032,0.010239999999999999,,0.003328,,2.05184,18569,15707,600,0.087442399999872578
18570,361.39063920068025,278016907249,1,8.14769696444273,7.8495,8.172544,1.8664,15899,0.001024,3.1879679999999997,,0.044288,0.154112,0.000256,0.133376,0.003328,0,,0.033024,,1.938432,18570,15708,600,0.095232000000123662
18571,361.39864540107709,278016985744,1,8.0062001943588257,8.2959,8.121856,2.1971,16582,0.0012799999999999999,3.2954879999999998,,0.039168,0.148224,0,0.12953599999999998,0.0048639999999999994,0.009984,,0.004096,,2.0623359999999997,18571,15709,600,0.10301459999982399
18572,361.40691259920635,278017068703,1,8.2671977579593658,8.329,7.981312,1.8984,15899,0.0012799999999999999,3.2350719999999997,,0.039168,0.153856,0,0.13183999999999998,0.0076799999999999993,0.009984,,0.004352,,2.18368,18572,15710,600,0.11259740000014062
18573,361.41533000283448,278017151993,1,8.4174033254385,7.7521,8.246528,1.7428,16387,0.0012799999999999999,3.2350719999999997,,0.039168,0.153856,0,0.13183999999999998,0.0076799999999999993,0.009984,,0.004352,,2.18368,18573,15711,600,0.11969360000011875
18574,361.42374690334464,278017229514,1,8.4169004112482071,7.7979,8.3968,2.1359,15899,0.001024,3.0976,,0.040192,0.16486399999999998,0,0.139264,0.008192,0.009472,,0.004608,,1.941504,18574,15712,600,0.12878550000004907
18575,361.4319727040816,278017307493,1,8.2258004695177078,8.8937,8.404736,1.7613,16387,0.001024,3.24224,,0.040448,0.156416,0,0.136704,0.0076799999999999993,0.0097279999999999988,,0.0051199999999999996,,2.192384,18575,15713,600,0.13622679999980392
18576,361.44021410147388,278017396430,1,8.2413973286747932,7.7543,8.199424,1.8731,15899,0.001024,3.2949759999999997,,0.039936,0.15616,0,0.136704,0.0048639999999999994,0.000512,,0.014591999999999999,,1.93408,18576,15714,600,0.14501070000005711
18577,361.44817290249432,278017473973,1,7.9588014632463455,9.0934,8.226048,1.8201,16387,0.001024,3.1733759999999998,,0.038911999999999995,0.159744,0.000256,0.137984,0.007936,0.009984,,0.005376,,2.205696,18577,15715,600,0.15243120000013732
18578,361.45587850056688,278017564907,1,7.7055981382727623,7.5095,7.927808,2.1034,15899,0.001024,3.277568,,0.039168,0.163072,0,0.142848,0.007936,0.011007999999999999,,0.0051199999999999996,,1.7471999999999999,18578,15716,600,0.16018850000000384
18579,361.46392800453515,278017640002,1,8.0495039001107216,8.7154,7.700992,1.7198,16387,0.001024,3.178496,,0.040704,0.154368,0,0.134912,0.007424,0.009472,,0.005632,,1.928704,18579,15717,600,0.1682875999999851
18580,361.4720660997732,278017727156,1,8.1380950286984444,7.4905,8.018944,1.7634,15951,0.0012799999999999999,3.17184,,0.038655999999999996,0.155904,0,0.13516799999999998,0.003328,0.009472,,0.0038399999999999997,,2.044672,18580,15718,600,0.17648689999987255
18581,361.48002920209751,278017802061,1,7.96310231089592,7.7364,8.115712,1.8715,16589,0.001024,3.270656,,0.03968,0.171008,0.000256,0.151808,0.0084479999999999989,0.009216,,0.004608,,2.200064,18581,15719,600,0.18448780000016995
18582,361.48781090561221,278017879425,1,7.7817034907639027,8.0463,7.953408,2.0084,15899,0.001024,3.294464,,0.041471999999999995,0.16512,0.000256,0.14438399999999998,0.007936,0.0097279999999999988,,0.004352,,2.0526079999999998,18582,15720,600,0.19215870000016366
18583,361.49607400085034,278017959888,1,8.2630952820181847,8.2253,7.761664,1.7711,16387,0.001024,3.174912,,0.039936,0.15872,0.000256,0.139264,0.0076799999999999993,0.009472,,0.0051199999999999996,,1.933312,18583,15721,600,0.20087030000013328
18584,361.50429420351475,278018042141,1,8.2202022895216942,8.0245,8.246784,1.814,15899,0.001024,3.292928,,0.036095999999999996,0.15564799999999998,0,0.135936,0.007936,0.0097279999999999988,,0.004096,,2.224128,18584,15722,600,0.20868860000018685
18585,361.51210549886622,278018122386,1,7.8112953342497349,7.6481,8.189184,1.8905,16387,0.001024,3.3003519999999997,,0.036608,0.162048,0.000256,0.14207999999999998,0.006656,0.009472,,0.004352,,1.747456,18585,15723,600,0.21641490000001795
18586,361.5198435019841,278018198867,1,7.7380030415952206,8.7268,7.792128,1.9048,15899,0.001024,3.1879679999999997,,0.038911999999999995,0.153856,0,0.13568,0.011776,0.00896,,0.004352,,2.190848,18586,15724,600,0.22442670000009457
18587,361.52797760062356,278018286135,1,8.13409872353077,7.8019,7.724544,1.8596,16387,0.001024,3.232256,,0.035328,0.15795199999999998,0,0.139264,0.007424,0.009984,,0.003584,,2.0544,18587,15725,600,0.23266240000020844
18588,361.53599850481856,278018364154,1,8.0209039151668549,7.7457,8.120576,1.9297,15899,0.001024,3.287808,,0.044031999999999995,0.17664,0,0.135936,0.007936,0.009984,,0.0038399999999999997,,2.110208,18588,15726,600,0.2402593000001616
18589,361.54381070011334,278018441611,1,7.8121954575181007,7.8576,7.998208,1.868,16387,0.001024,3.275776,,0.0448,0.159488,0.000256,0.137216,0.0038399999999999997,0.009984,,0.004608,,1.746176,18589,15727,600,0.24814980000019204
18590,361.55159540107707,278018520187,1,7.7847009524703026,8.4106,7.797504,1.8172,45196,0.001024,3.2350719999999997,,0.041471999999999995,0.151808,0.000256,0.132608,0.007424,0.0097279999999999988,,0.005376,,1.931776,18590,15728,601,0.0030797999997957959
18591,361.55965580357139,278018604293,1,8.0604022368788719,7.5615,7.756032,1.7831,16387,0.001024,3.289088,,0.03584,0.155392,0,0.13747199999999998,0.0084479999999999989,0.0097279999999999988,,0.004096,,2.157056,18591,15729,601,0.010803099999975529
18592,361.56765770266441,278018679908,1,8.0018993467092514,7.8908,8.055552,0.4399,15899,0.001024,3.1782399999999997,,0.038911999999999995,0.163328,0,0.143616,0.0076799999999999993,0.011264,,0.004352,,1.748224,18592,15730,601,0.018421899999793823
18593,361.57538420493194,278018758816,1,7.726502139121294,8.4468,0.03456,1.9764,16387,0.001024,3.294464,,0.038911999999999995,0.156672,0,0.13824,0.012799999999999999,0.009984,,0.003584,,2.116608,18593,15731,601,0.026431199999933597
18594,361.58361169926303,278018843284,1,8.2274945452809334,7.7511,7.70944,1.8505,16101,0.001024,3.1733759999999998,,0.041471999999999995,0.15488,0,0.13516799999999998,0.007168,0.0097279999999999988,,0.004096,,1.9312639999999999,18594,15732,601,0.034554599999864877
18595,361.59132850056687,278018920795,1,7.7168014831840992,7.5638,8.203008,1.8837,16387,0.0012799999999999999,3.2296959999999997,,0.036864,0.177664,0,0.142848,0.007936,0.009472,,0.004096,,2.194944,18595,15733,601,0.042409599999700731
18596,361.59918610402491,278018996433,1,7.857603020966053,8.0224,7.696896,1.9557,15899,0.001024,3.1848959999999997,,0.041471999999999995,0.15462399999999998,0.000256,0.135424,0.0076799999999999993,0.0097279999999999988,,0.004608,,1.7489919999999999,18596,15734,601,0.050010299999939889
18597,361.60738810232425,278019076657,1,8.20199865847826,8.0455,7.850496,1.7895,16387,0.001024,3.294464,,0.039168,0.164352,0,0.141568,0.008192,0.009216,,0.0048639999999999994,,1.9361279999999998,18597,15735,601,0.058994499999698746
18598,361.61551799886621,278019157112,1,8.1298965960741043,7.9201,8.175872,1.8444,15899,0.001024,3.172096,,0.039424,0.162816,0,0.14336,0.0076799999999999993,0.0097279999999999988,,0.004096,,2.220288,18598,15736,601,0.067044799999621318
18599,361.62363430413831,278019236313,1,8.116304874420166,7.5838,8.114432,2.1412,16387,0.001024,3.0996479999999997,,0.035584,0.15692799999999998,0.000256,0.13696,0.007424,0.010752,,0.0038399999999999997,,1.7469439999999998,18599,15737,601,0.074361699999826669
18600,361.63124220521541,278019312151,1,7.6079010032117367,9.0235,8.100352,1.9218,15899,0.001024,3.18208,,0.035584,0.158976,0.000256,0.140544,0.007424,0.010239999999999999,,0.004352,,2.1409279999999997,18600,15738,601,0.0824438999998165
18601,361.63914540107709,278019402386,1,7.9031959176063538,8.0008,7.581184,1.9371,16387,0.001024,3.277568,,0.041215999999999996,0.157184,0,0.13696,0.007424,0.0097279999999999988,,0.005376,,1.9246079999999999,18601,15739,601,0.090315699999791832
18602,361.6473922052154,278019482394,1,8.24680458754301,7.3823,7.877632,1.8963,15899,0.001024,3.1861759999999997,,0.035328,0.15872,0.000256,0.139008,0.010239999999999999,0.010752,,0.005376,,2.027008,18602,15740,601,0.098529399999733869
18603,361.65553500566892,278019556217,1,8.1428000703454018,7.9649,8.184576,1.9304,16387,0.001024,3.269376,,0.040959999999999996,0.15488,0.000256,0.134912,0.007424,0.009472,,0.004352,,1.9243519999999998,18603,15741,601,0.10624879999977566
18604,361.6633022037982,278019635866,1,7.7671981416642666,7.9757,8.15616,1.8763,15899,0.001024,3.289856,,0.040192,0.162048,0,0.142336,0.012544,0.0025599999999999998,,0.012032,,2.075904,18604,15742,601,0.11409429999957865
18605,361.67162679988661,278019715623,1,8.3245960995554924,8.1972,7.760896,1.9928,16387,0.001024,3.176192,,0.045312,0.157696,0,0.13747199999999998,0.007424,0.009984,,0.0038399999999999997,,1.90336,18605,15743,601,0.1227788999999575
18606,361.67953960459181,278019797595,1,7.9128043726086617,7.7585,8.307968,1.9863,16153,0.001024,3.236608,,0.042496,0.150784,0,0.13055999999999998,0.007424,0.009472,,0.0038399999999999997,,1.7489919999999999,18606,15744,601,0.13034479999987525
18607,361.68743309948979,278019875180,1,7.8934952616691589,7.8076,7.892224,1.7518,16387,0.001024,3.278848,,0.040448,0.15872,0,0.140032,0.007936,0.011519999999999999,,0.002304,,2.086656,18607,15745,601,0.1383998999999676
18608,361.69558270266441,278019953256,1,8.1496033817529678,8.7175,7.882496,1.8124,15899,0.001024,3.17696,,0.040448,0.155904,0,0.136192,0.009216,0.009472,,0.004352,,1.747456,18608,15746,601,0.14658159999999043
18609,361.70328990221088,278020040431,1,7.7071995474398136,7.4986,7.917568,1.8425,22366,0.001024,3.185664,,0.038655999999999996,0.158464,0,0.13952,0.003328,0.0097279999999999988,,0.004608,,2.0876799999999998,18609,15747,601,0.1546346000000085
18610,361.71142949971653,278020115417,1,8.1395972520113,8.1011,7.679488,1.9377,15899,0.001024,3.291136,,0.03712,0.156672,0,0.137728,0.007424,0.0097279999999999988,,0.0038399999999999997,,1.748224,18610,15748,601,0.1621872999999141
18611,361.7193625,278020196428,1,7.9330001026391983,8.15,8.117248,1.8671,16387,0.001024,3.2980479999999996,,0.0384,0.161024,0.001792,0.14207999999999998,0.0076799999999999993,0.001792,,0.009984,,2.088704,18611,15749,601,0.17080909999958749
18612,361.72746750283443,278020277928,1,8.1050032749772072,8.0888,7.922688,2.0351,15899,0.001024,3.098368,,0.039168,0.155136,0.000256,0.136192,0.008192,0.009984,,0.003328,,1.934848,18612,15750,601,0.17864049999980125
18613,361.73533020124717,278020358816,1,7.8626982867717743,7.5405,8.082688,2.004,16387,0.001024,3.231232,,0.039168,0.16,0,0.13977599999999998,0.0076799999999999993,0.009984,,0.0048639999999999994,,2.076672,18613,15751,601,0.18637979999994059
18614,361.74326590136053,278020434221,1,7.9357000067830086,8.4646,7.8336,2.02,15899,0.0012799999999999999,3.3039359999999998,,0.038655999999999996,0.155904,0,0.13696,0.007168,0.009984,,0.004352,,2.097152,18614,15752,601,0.19410739999966609
18615,361.75114070294785,278020518867,1,7.8748017549514771,7.9981,7.918848,2.0161,16387,0.0012799999999999999,3.235584,,0.039424,0.17740799999999998,0,0.136192,0.008192,0.0097279999999999988,,0.0048639999999999994,,1.923072,18615,15753,601,0.20273029999998471
18616,361.75898970379819,278020598848,1,7.84900039434433,7.6637,7.854592,1.8574,22533,0.001024,3.2895999999999996,,0.039168,0.152576,0,0.13312,0.0051199999999999996,0.010496,,0.004096,,2.0538879999999997,18616,15754,601,0.21001299999988987
18617,361.766974199263,278020675485,1,7.984495721757412,7.7632,7.833088,2.6279,16387,0.001024,3.095296,,0.035584,0.156416,0,0.135936,0.0076799999999999993,0.012032,,0.0048639999999999994,,1.747712,18617,15755,601,0.21785039999986111
18618,361.77473990221085,278020753117,1,7.7657029032707214,8.1822,7.956992,1.8883,15899,0.001024,3.293952,,0.043008,0.150784,0,0.12953599999999998,0.003328,0.011007999999999999,,0.0048639999999999994,,2.025728,18618,15756,601,0.22648359999993772
18619,361.78254829931973,278020834939,1,7.8083970583975315,7.774,7.745536,2.0279,16734,0.001024,3.177472,,0.038911999999999995,0.173568,0,0.13824,0.0076799999999999993,0.0097279999999999988,,0.0051199999999999996,,1.945088,18619,15757,601,0.23366849999956685
18620,361.79076410147388,278020912679,1,8.215801790356636,7.7246,7.784704,1.9397,15899,0.001024,3.231232,,0.043264,0.15488,0,0.134912,0.0038399999999999997,0.011007999999999999,,0.0048639999999999994,,1.9358719999999998,18620,15758,601,0.24166269999977885
18621,361.79881050170064,278020989925,1,8.0463998019695282,8.4811,8.202752,1.8255,16387,0.001024,3.27168,,0.0384,0.169216,0,0.14976,0.0038399999999999997,0.010239999999999999,,0.004608,,2.0608,18621,15759,601,0.24967289999995046
18622,361.80695880102041,278021074736,1,8.1482995301485062,7.4291,8.025088,2.0488,45001,0.001024,3.2954879999999998,,0.040704,0.15795199999999998,0,0.13824,0.0076799999999999993,0.0097279999999999988,,0.004352,,1.7471999999999999,18622,15760,602,0.0031641999999010295
18623,361.814911699263,278021149027,1,7.952897809445858,7.9476,8.125696,1.8161,16387,0.001024,3.1751679999999998,,0.042752,0.158208,0,0.13516799999999998,0.0076799999999999993,0.0097279999999999988,,0.003584,,2.418688,18623,15761,602,0.010553999999956432
18624,361.8227487032313,278021228503,1,7.8370040282607079,8.0525,7.930368,0.4492,15899,0.001024,3.29216,,0.041215999999999996,0.1536,0,0.13286399999999998,0.007424,0.010752,,0.0051199999999999996,,1.7469439999999998,18624,15762,602,0.018156900000121823
18625,361.83075430130384,278021309028,1,8.00559762865305,8.8941,0.039424,1.8363,16387,0.0012799999999999999,3.1818239999999998,,0.038911999999999995,0.15103999999999998,0,0.132352,0.0076799999999999993,0.009984,,0.0038399999999999997,,2.161152,18625,15763,602,0.026250399999753427
18626,361.83849450113377,278021397969,1,7.7402000315487385,7.4227,7.985408,1.972,15899,0.001024,3.270656,,0.040448,0.153088,0.000256,0.133632,0.0076799999999999993,0.0097279999999999988,,0.005888,,1.93536,18626,15764,602,0.033877200000006269
18627,361.8462072987528,278021472196,1,7.7127977274358273,7.6256,7.729408,1.799,16387,0.001024,3.1009279999999997,,0.039936,0.167936,0,0.147968,0.007936,0.009472,,0.0051199999999999996,,1.93024,18627,15765,602,0.042130400000132795
18628,361.85448430413828,278021548452,1,8.2770055159926414,8.0531,7.700992,2.3154,16094,0.001024,3.094016,,0.035072,0.159488,0,0.14079999999999998,0.0038399999999999997,0.009984,,0.004608,,2.196992,18628,15766,602,0.049813999999969383
18629,361.86238980300453,278021628983,1,7.9054990783333778,7.5775,8.2432,1.9751,16387,0.001024,3.28192,,0.038911999999999995,0.168448,0,0.14899199999999999,0.013312,0.009472,,0.004096,,1.7469439999999998,18629,15767,602,0.057994799999960378
18630,361.87030660430838,278021704758,1,7.9168016090989113,8.3359,7.89632,1.8569,15899,0.001024,3.2954879999999998,,0.039168,0.162048,0.000256,0.144128,0.0076799999999999993,0.010496,,0.004608,,2.1959679999999997,18630,15768,602,0.06570400000009613
18631,361.87797250566894,278021788117,1,7.6659014448523521,7.6793,7.897088,2.2918,16589,0.001024,3.29088,,0.038911999999999995,0.166912,0,0.14771199999999998,0.004352,0.011007999999999999,,0.0048639999999999994,,1.9545599999999999,18631,15769,602,0.073524800000086543
18632,361.88596490221084,278021864910,1,7.9923961311578751,8.1834,7.645184,1.9039,15951,0.001024,3.0978559999999997,,0.038911999999999995,0.154368,0,0.134656,0.007424,0.009984,,0.004096,,2.107392,18632,15770,602,0.081430299999738054
18633,361.89371810515871,278021946744,1,7.75320315733552,7.6647,7.963648,2.1411,16387,0.001024,3.1818239999999998,,0.04224,0.151808,0,0.13055999999999998,0.008192,0.0097279999999999988,,0.005376,,1.746432,18633,15771,602,0.089067500000055588
18634,361.90137239937638,278022023391,1,7.6542943716049194,7.8556,7.734784,1.7102,15899,0.001024,3.234816,,0.043519999999999996,0.162304,0,0.142848,0.0084479999999999989,0.009472,,0.005376,,1.924864,18634,15772,602,0.097012199999880977
18635,361.90943240504532,278022101947,1,8.0600054934620857,7.9313,7.639296,1.7687,16387,0.001024,3.2345599999999997,,0.041215999999999996,0.155904,0.000256,0.137216,0.0048639999999999994,0,,0.014591999999999999,,2.0907519999999997,18635,15773,602,0.1050678000001426
18636,361.9173130031179,278022181260,1,7.8805983066558838,7.6283,8.024064,1.9233,15899,0.001024,3.2936959999999997,,0.040704,0.15692799999999998,0,0.137728,0.0076799999999999993,0.009984,,0.005632,,1.746176,18636,15774,602,0.11266119999982038
18637,361.92520539965983,278022257543,1,7.8923963010311127,7.9239,7.867136,1.8839,16387,0.001024,3.2363519999999997,,0.039168,0.162304,0,0.140544,0.011007999999999999,0.009984,,0.0048639999999999994,,2.0321279999999997,18637,15775,602,0.12061080000012225
18638,361.9329812003968,278022336782,1,7.77580076828599,8.0746,7.830784,2.3855,15899,0.001024,3.275264,,0.038911999999999995,0.15872,0,0.138752,0.007424,0.010752,,0.005376,,1.9363839999999999,18638,15776,602,0.12836609999976645
18639,361.94082910289114,278022417528,1,7.8479023650288582,7.5757,7.794176,1.714,16387,0.0012799999999999999,3.2883199999999997,,0.040448,0.15872,0,0.13849599999999998,0.012799999999999999,0.009472,,0.0038399999999999997,,1.935616,18639,15777,602,0.13623120000011113
18640,361.94890200538549,278022493285,1,8.07290244847536,7.9363,7.827456,1.8316,15899,0.001024,3.234304,,0.035328,0.16,0,0.140544,0.007424,0.010496,,0.004352,,2.096896,18640,15778,602,0.14420419999987644
18641,361.957122803288,278022572648,1,8.2207983359694481,7.7317,8.049664,1.7749,16387,0.001024,3.239168,,0.044544,0.155136,0,0.13516799999999998,0.0076799999999999993,0.010496,,0.0051199999999999996,,1.7471999999999999,18641,15779,602,0.15282969999998386
18642,361.96511519982994,278022649965,1,7.9923961311578751,7.9189,8.20864,1.8038,15899,0.001024,3.23968,,0.041471999999999995,0.15462399999999998,0,0.134912,0.0076799999999999993,0.009472,,0.005888,,2.416384,18642,15780,602,0.16064740000001621
18643,361.97295310374147,278022729154,1,7.8379036858677864,7.9701,7.965184,2.1877,16387,0.001024,3.289344,,0.038911999999999995,0.16255999999999998,0,0.143616,0.004096,0.011007999999999999,,0.0051199999999999996,,1.748224,18643,15781,602,0.16829210000014427
18644,361.98080860260768,278022808855,1,7.8554991632699966,8.5252,7.815936,1.9119,16101,0.001024,3.240192,,0.038655999999999996,0.16153599999999999,0,0.137728,0.012288,0.009216,,0.006144,,2.1427199999999997,18644,15782,602,0.176334499999939
18645,361.98847760062358,278022894107,1,7.6689980924129486,7.8746,7.846656,1.7619,16387,0.001024,3.1808,,0.040959999999999996,0.155136,0,0.135424,0.007424,0.0097279999999999988,,0.0038399999999999997,,1.93024,18645,15783,602,0.18377009999994698
18646,361.99632470238095,278022972853,1,7.8471014276146889,7.6943,7.643904,1.7756,15899,0.0012799999999999999,3.172096,,0.039168,0.15795199999999998,0.000256,0.139264,0.007936,0.0097279999999999988,,0.0038399999999999997,,1.9292159999999998,18646,15784,602,0.19199239999989004
18647,362.00448910147389,278023049796,1,8.1643993034958839,8.0052,7.830016,2.4463,16387,0.0012799999999999999,3.1825919999999996,,0.039168,0.16,0,0.140032,0.007424,0.011007999999999999,,0.004096,,2.028288,18647,15785,602,0.19979659999989963
18648,362.01230240221088,278023129848,1,7.8133009374141693,7.4698,8.137472,2.2014,16094,0.0012799999999999999,3.300864,,0.039168,0.176896,0,0.133888,0.007936,0.0097279999999999988,,0.0048639999999999994,,1.7471999999999999,18648,15786,602,0.20763829999987138
18649,362.02016930272106,278023204546,1,7.8669004142284393,8.1845,7.795968,1.8111,16387,0.001024,3.1902719999999998,,0.038911999999999995,0.16,0,0.141824,0.0076799999999999993,0.009984,,0.0048639999999999994,,2.180352,18649,15787,602,0.21569420000014361
18650,362.02815700113376,278023286391,1,7.9876985400915146,7.8461,7.835904,1.9018,16462,0.001024,3.23072,,0.03712,0.152064,0,0.133376,0.007424,0.0097279999999999988,,0.0038399999999999997,,1.933824,18650,15788,602,0.22386920000008104
18651,362.03597640306123,278023364852,1,7.8194020316004753,7.8157,7.992832,1.8722,50638,0.001024,3.098624,,0.038911999999999995,0.173312,0,0.135424,0.0076799999999999993,0.009472,,0.004352,,2.103808,18651,15789,602,0.23133869999992385
18652,362.04395480442173,278023443009,1,7.9784011468291283,8.0508,7.787264,2.2061,15899,0.001024,3.19488,,0.034816,0.15744,0,0.137216,0.007424,0.010752,,0.005632,,1.7456639999999999,18652,15790,602,0.23937709999972867
18653,362.0518163052721,278023523517,1,7.8615006059408188,8.1657,7.780096,1.8261,16387,0.001024,3.2913919999999997,,0.04224,0.155904,0.000256,0.13516799999999998,0.007424,0.009216,,0.004608,,1.9176959999999998,18653,15791,602,0.24728670000013153
18654,362.05979760487526,278023605174,1,7.9812994226813316,7.4988,7.828224,1.7861,45001,0.001024,3.170816,,0.034048,0.154112,0.000256,0.13568,0.003584,0.009984,,0.004096,,2.334208,18654,15792,603,0.0050679999999374559
18655,362.07041270549882,278023680162,1,10.615101084113121,8.0154,7.983872,8.0154,16387,0.001024,3.233536,,0.034816,0.157696,0,0.137984,0.006144,0.011519999999999999,,0.004096,,1.7471999999999999,18655,15793,603,0.013070100000277307
18656,362.07840350056688,278023760316,1,7.9907951876521111,7.9195,7.540224,0.2836,16101,0.001024,3.2314879999999997,,0.035328,0.152832,0.000256,0.132096,0.007424,0.009472,,0.004352,,1.930496,18656,15794,603,0.021177300000090327
18657,362.08656030328797,278023839511,1,8.1568025052547455,10.7189,0.034816,1.687,16439,0.001024,3.172608,,0.038911999999999995,0.172288,0,0.131072,0.008192,0.010239999999999999,,0.0051199999999999996,,2.052352,18657,15795,603,0.029061900000215246
18658,362.09516870039681,278023946700,1,8.6083970963954926,8.0033,8.134144,1.8471,15899,0.001024,3.236096,,0.040704,0.15872,0.000256,0.139008,0.008192,0.011264,,0.002816,,1.93152,18658,15796,603,0.037636700000348355
18659,362.10304710175734,278024026733,1,7.8784013167023659,8.0955,8.59136,1.8155,16387,0.0012799999999999999,3.1915519999999997,,0.035584,0.16768,0,0.145152,0.008192,0.009472,,0.005632,,1.9545599999999999,18659,15797,603,0.04554550000011659
18660,362.1111581986961,278024107688,1,8.1110969185829163,7.9134,7.853568,1.9362,16101,0.001024,3.233536,,0.047872,0.15231999999999998,0,0.13312,0.007424,0.011776,,0.0025599999999999998,,1.749504,18660,15798,603,0.0536418000001504
18661,362.11947030187071,278024186822,1,8.3121033385396,8.5521,8.085248,1.8551,16387,0.001024,3.1764479999999997,,0.03968,0.15564799999999998,0,0.135936,0.0084479999999999989,0.010496,,0.002816,,2.090496,18661,15799,603,0.062445800000205054
18662,362.12758470096372,278024272343,1,8.1143993884325027,7.9504,8.098816,2.0394,15899,0.001024,3.231744,,0.041215999999999996,0.15872,0,0.13849599999999998,0.007424,0.009472,,0.004096,,1.933824,18662,15800,603,0.070114600000124483
18663,362.13561450538549,278024351847,1,8.029804565012455,8.055,8.09856,2.2986,16387,0.001024,3.180288,,0.038655999999999996,0.154112,0,0.135424,0.0076799999999999993,0.009984,,0.005632,,2.053632,18663,15801,603,0.07825440000033268
18664,362.14337750141721,278024432397,1,7.7629960142076015,8.7679,8.005632,1.8718,15899,0.001024,3.240704,,0.040959999999999996,0.153088,0,0.13312,0.007424,0.009472,,0.004352,,1.7471999999999999,18664,15802,603,0.085810000000037689
18665,362.15144199971655,278024520076,1,8.06449819356203,7.7011,7.741696,1.8486,16387,0.001024,3.185664,,0.22425599999999998,0.16358399999999998,0.000256,0.142848,0.009984,0,,0.014848,,1.935104,18665,15803,603,0.094551500000306987
18666,362.15966780045352,278024597087,1,8.2258004695177078,8.2021,8.03584,1.8052,15899,0.001024,3.266304,,0.039936,0.152832,0,0.133888,0.003328,0.009984,,0.0048639999999999994,,2.190336,18666,15804,603,0.10216100000025108
18667,362.16758380102038,278024679108,1,7.916000671684742,7.4876,8.214016,1.8857,16582,0.001024,3.2345599999999997,,0.038655999999999996,0.160512,0.000256,0.141568,0.004608,0,,0.014336,,1.7469439999999998,18667,15805,603,0.10995750000029147
18668,362.17542000425169,278024753984,1,7.8362030908465385,8.7897,7.896064,1.7908,15899,0.001024,3.249408,,0.039424,0.15744,0,0.13568,0.0076799999999999993,0.010239999999999999,,0.004608,,2.10688,18668,15806,603,0.1179271000000881
18669,362.18305240221088,278024841881,1,7.6323980465531349,7.6035,7.825152,1.7367,16589,0.001024,3.2345599999999997,,0.040704,0.15744,0.000256,0.137728,0.0076799999999999993,0.0097279999999999988,,0.0048639999999999994,,1.9297279999999999,18669,15807,603,0.12541220000002795
18670,362.191308701814,278024917916,1,8.2562994211912155,7.8114,7.604736,1.7249,15899,0.001024,3.210752,,0.037376,0.18073599999999998,0,0.160512,0.0084479999999999989,0.0097279999999999988,,0.005632,,1.9397119999999999,18670,15808,603,0.13403820000030464
18671,362.19938300028343,278024996030,1,8.07429850101471,7.9545,8.248576,1.9165,16387,0.001024,3.2332799999999997,,0.040959999999999996,0.15462399999999998,0,0.13516799999999998,0.007424,0.010752,,0.005632,,1.948928,18671,15809,603,0.14173410000012154
18672,362.20729559948978,278025075575,1,7.9125994816422462,7.5143,8.045824,1.8643,15899,0.001024,3.237632,,0.039424,0.168448,0.000256,0.129024,0.013056,0.0097279999999999988,,0.0051199999999999996,,1.92896,18672,15810,603,0.14976750000005268
18673,362.21542660147389,278025150718,1,8.1310020759701729,8.5813,7.890432,1.9184,16387,0.001024,3.231744,,0.038911999999999995,0.15795199999999998,0.000256,0.138752,0.007936,0.009984,,0.004608,,2.041088,18673,15811,603,0.15791760000001887
18674,362.22325580357142,278025236531,1,7.829202339053154,7.726,8.118272,2.0878,15899,0.001024,3.1759359999999996,,0.036095999999999996,0.1536,0.000256,0.132608,0.007424,0.009984,,0.004352,,1.7487359999999998,18674,15812,603,0.16569590000017342
18675,362.23106850198411,278025313791,1,7.8126983717083931,7.9477,7.804416,1.9852,16387,0.001024,3.27936,,0.03456,0.165376,0,0.1472,0.0076799999999999993,0.009984,,0.003584,,2.089728,18675,15813,603,0.17349000000012893
18676,362.23897320011338,278025393268,1,7.9046981409192085,8.1926,7.789312,1.7602,15899,0.001024,3.235584,,0.040448,0.153856,0,0.134656,0.0076799999999999993,0.009472,,0.004352,,1.933312,18676,15814,603,0.18154099999992468
18677,362.24686000566891,278025475194,1,7.886805571615696,7.776,7.889664,1.9369,16387,0.001024,3.2319999999999998,,0.037888,0.155904,0,0.13747199999999998,0.003072,0.010496,,0.0038399999999999997,,2.1711359999999997,18677,15815,603,0.18952970000009373
18678,362.2550496031746,278025552954,1,8.18959716707468,7.8474,7.86176,2.0987,15899,0.001024,3.275776,,0.040448,0.156672,0,0.13644799999999999,0.004352,0.003584,,0.011264,,1.749504,18678,15816,603,0.19780480000008538
18679,362.26289000141725,278025631428,1,7.8403986990451813,7.9585,8.167936,1.8718,23021,0.001024,3.273984,,0.046335999999999995,0.15744,0,0.135936,0.0084479999999999989,0.009472,,0.004352,,2.060032,18679,15817,603,0.20552090000001044
18680,362.27053160430836,278025711013,1,7.641602773219347,8.0061,7.824896,1.7531,15899,0.001024,3.2381439999999997,,0.038911999999999995,0.158208,0.000256,0.1344,0.011264,0.010239999999999999,,0.0038399999999999997,,2.203648,18680,15818,603,0.21299780000026658
18681,362.27888820153061,278025791074,1,8.3565972745418549,8.0484,7.630848,1.8218,22373,0.001024,3.2332799999999997,,0.035328,0.16,0,0.141824,0.012288,0.008704,,0.0051199999999999996,,1.9276799999999998,18681,15819,603,0.22200030000021798
18682,362.2866783021542,278025871558,1,7.7901007607579231,8.0067,8.331008,1.9475,15951,0.0012799999999999999,3.293952,,0.039936,0.151808,0.000256,0.132096,0.003584,0.010239999999999999,,0.004352,,2.228992,18682,15820,603,0.22952070000019376
18683,362.29462599914967,278025951625,1,7.9476973041892052,7.4298,7.77472,2.1079,16387,0.001024,3.179776,,0.035328,0.15616,0.000256,0.136704,0.011264,0.0097279999999999988,,0.006144,,1.934848,18683,15821,603,0.23770600000034392
18684,362.30247480158727,278026025923,1,7.8488020226359367,8.964,7.931648,2.0398,15899,0.001024,3.2888319999999998,,0.040704,0.15334399999999998,0,0.133376,0.009984,0.009984,,0.004096,,2.094848,18684,15822,603,0.24530570000024454
18685,362.31049330357143,278026115563,1,8.0185020342469215,7.5231,7.830784,2.0503,45489,0.001024,3.2665599999999997,,0.037888,0.17024,0,0.134912,0.007936,0.010496,,0.003584,,1.747968,18685,15823,604,0.0033683000001474284
18686,362.31825620039683,278026190794,1,7.762896828353405,7.9731,7.991808,2.464,16094,0.0012799999999999999,3.2780799999999997,,0.03584,0.158976,0,0.13849599999999998,0.007424,0.011264,,0.005376,,2.013696,18686,15824,604,0.0099190000000817236
18687,362.32619270124712,278026270525,1,7.9365009441971779,7.8344,7.738112,0.5293,16387,0.0012799999999999999,3.23712,,0.038144,0.16025599999999998,0,0.141568,0.0038399999999999997,0.010239999999999999,,0.003328,,2.01728,18687,15825,604,0.018112000000201078
18688,362.33417900368477,278026348869,1,7.986302487552166,8.8194,0.035584,2.0873,15899,0.001024,3.27424,,0.041728,0.15923199999999998,0,0.13849599999999998,0.003584,0.009472,,0.004096,,1.9330559999999999,18688,15826,604,0.026265100000273378
18689,362.34222250566893,278026437063,1,8.0435015261173248,6.5753,7.968768,2.3351,16387,0.001024,3.18592,,0.0384,0.164096,0.000256,0.14464,0.0076799999999999993,0.010239999999999999,,0.003584,,2.133248,18689,15827,604,0.034030100000109087
18690,362.35011670209747,278026502816,1,7.8941965475678444,7.9878,8.007168,1.9483,15899,0.001024,3.190784,,0.039424,0.163328,0,0.14336,0.008192,0.009472,,0.0048639999999999994,,1.7469439999999998,18690,15828,604,0.042206000000078348
18691,362.35831990504533,278026582694,1,8.2032028585672379,8.3303,7.892992,1.8195,16387,0.001024,3.29216,,0.041984,0.155136,0.000256,0.135936,0.013056,0.009216,,0.006144,,2.0677119999999998,18691,15829,604,0.050264299999980722
18692,362.36647859977325,278026665997,1,8.1586949527263641,7.8092,8.17792,1.7606,15899,0.0012799999999999999,3.1045119999999997,,0.03328,0.163328,0.000256,0.14438399999999998,0.007936,0.0097279999999999988,,0.0038399999999999997,,2.314496,18692,15830,604,0.058373000000301545
18693,362.37425500283445,278026744089,1,7.7764028683304787,7.9531,8.127744,1.785,16387,0.0012799999999999999,3.2949759999999997,,0.040448,0.15334399999999998,0,0.133632,0.007424,0.009472,,0.0038399999999999997,,2.079744,18693,15831,604,0.0660225999999966
18694,362.38242030187075,278026823620,1,8.1652989611029625,8.2408,7.764224,2.0126,16246,0.001024,3.2384,,0.038911999999999995,0.15923199999999998,0.000256,0.14079999999999998,0.004352,0.009472,,0.005632,,2.102016,18694,15832,604,0.07411420000016733
18695,362.39054420351471,278026906028,1,8.1239016726613045,8.1376,8.15616,1.9168,16387,0.001024,3.180544,,0.041471999999999995,0.15795199999999998,0,0.139264,0.004608,0.009984,,0.003328,,2.055424,18695,15833,604,0.0825555000001259
18696,362.39837120181403,278026987404,1,7.8269978985190392,7.6292,8.093696,1.9745,15899,0.001024,3.2919039999999997,,0.039168,0.162304,0,0.143616,0.011264,0.009984,,0.003584,,2.088192,18696,15834,604,0.090388000000075408
18697,362.40609739937639,278027063696,1,7.7261975966393948,8.0235,7.812608,1.9496,16387,0.001024,3.192576,,0.0384,0.163072,0.000256,0.14207999999999998,0.007168,0.010496,,0.005376,,1.7469439999999998,18697,15835,604,0.098117500000171276
18698,362.41378190192745,278027143931,1,7.6845027506351471,8.5284,7.697152,1.801,15899,0.001024,3.0965759999999998,,0.039168,0.158464,0.000256,0.13977599999999998,0.007936,0.0097279999999999988,,0.003584,,2.113536,18698,15836,604,0.1057437000004029
18699,362.42177470238096,278027229215,1,7.9928003251552582,7.6835,7.669248,1.9262,16387,0.001024,3.231232,,0.038655999999999996,0.158464,0,0.139264,0.004608,0.010496,,0.004352,,1.933312,18699,15837,604,0.11353140000028361
18700,362.429945904195,278027306050,1,8.1712016835808754,7.8605,7.98464,1.837,15899,0.001024,3.173888,,0.039168,0.151552,0.000256,0.13286399999999998,0.0076799999999999993,0.009984,,0.0051199999999999996,,1.950208,18700,15838,604,0.12176180000005843
18701,362.43796879960314,278027384655,1,8.0228950828313828,7.6074,8.141824,1.7864,16387,0.001024,3.294208,,0.041471999999999995,0.15488,0,0.13516799999999998,0.0076799999999999993,0.0097279999999999988,,0.0038399999999999997,,1.923328,18701,15839,604,0.12969500000008338
18702,362.44630899943309,278027460729,1,8.3401994779706,7.8219,8.013312,1.9204,15899,0.001024,3.234816,,0.042496,0.157184,0,0.13644799999999999,0.007424,0.007936,,0.0063999999999999994,,1.910016,18702,15840,604,0.13817610000023706
18703,362.45469900085033,278027538948,1,8.3900010213255882,8.1863,8.314112,1.8822,16387,0.001024,3.22944,,0.040192,0.1664,0.000256,0.145664,0.008192,0.009472,,0.004096,,2.200064,18703,15841,604,0.14634450000039578
18704,362.46274999999997,278027620811,1,8.050999604165554,7.9678,8.359936,1.9112,15899,0.20224,3.2381439999999997,,0.040448,0.154112,0,0.134656,0.007424,0.010496,,0.004352,,1.7471999999999999,18704,15842,604,0.15441140000029918
18705,362.4708773030045,278027700489,1,8.1273028627038,8.44,8.03456,1.8335,16582,0.001024,3.291136,,0.038655999999999996,0.329216,0,0.306944,0.007424,0.009984,,0.004096,,2.193408,18705,15843,604,0.16257640000003448
18706,362.4786536989796,278027784889,1,7.7763958834111691,8.2377,8.11648,1.9,16101,0.001024,3.177472,,0.034816,0.452096,0.000256,0.144896,0.009472,0.009984,,0.003328,,1.7471999999999999,18706,15844,604,0.170491100000163
18707,362.48662210175735,278027867266,1,7.9684024676680565,8.0325,7.751168,2.0276,16387,0.001024,3.205376,,0.03712,0.15616,0,0.137728,0.008192,0.00896,,0.006144,,2.1457919999999997,18707,15845,604,0.17859790000011344
18708,362.49450310374147,278027947591,1,7.8810015693306923,8.1526,7.949056,1.8147,15951,0.001024,3.29088,,0.040959999999999996,0.153088,0.000256,0.132352,0.003328,0.009472,,0.004096,,2.060032,18708,15846,604,0.18631990000039877
18709,362.50222440476188,278028029117,1,7.7213011682033539,7.9095,7.857408,1.8074,16387,0.001024,3.2737279999999997,,0.038911999999999995,0.15923199999999998,0,0.13977599999999998,0.0076799999999999993,0.009984,,0.004352,,2.182144,18709,15847,604,0.19394780000038736
18710,362.51087270408163,278028108212,1,8.6482996121048927,8.1463,7.707648,2.1582,15899,0.001024,3.1782399999999997,,0.040704,0.161024,0,0.14207999999999998,0.0076799999999999993,0.010239999999999999,,0.004352,,2.064384,18710,15848,604,0.20256480000034571
18711,362.51848950538545,278028189675,1,7.6168011873960495,7.6346,8.62592,1.864,16387,0.001024,3.198976,,0.039168,0.157184,0.000256,0.137216,0.0076799999999999993,0.012032,,0.003584,,2.085376,18711,15849,604,0.21009070000036445
18712,362.52633219954646,278028266021,1,7.8426944091916084,7.7349,7.59296,1.8248,15899,0.001024,3.1892479999999996,,0.042752,0.1536,0.000256,0.1344,0.007168,0.008704,,0.0048639999999999994,,2.081536,18712,15850,604,0.21802710000019943
18713,362.53428430413828,278028343370,1,7.9521043226122856,8.562,7.826432,2.0291,16387,0.0012799999999999999,3.237632,,0.037888,0.157184,0,0.13696,0.009472,0.0097279999999999988,,0.003584,,1.932288,18713,15851,604,0.22650199999998222
18714,362.54236670209747,278028428990,1,8.08239821344614,7.5733,7.921664,2.2556,15899,0.001024,3.1733759999999998,,0.038655999999999996,0.160512,0.000256,0.141056,0.0076799999999999993,0.010239999999999999,,0.003328,,2.143744,18714,15852,604,0.23412420000022394
18715,362.55067410005665,278028504723,1,8.307398296892643,7.8648,8.0704,1.9688,16387,0.001024,3.294208,,0.039936,0.174336,0,0.133376,0.0076799999999999993,0.009984,,0.004096,,1.7471999999999999,18715,15853,604,0.24258760000020629
18716,362.55815719954649,278028583371,1,7.4830995872616768,8.5441,8.287232,1.8966,15899,0.0012799999999999999,3.2696319999999996,,0.035072,0.182528,0,0.163072,0.007936,0.009984,,0.0038399999999999997,,2.23744,18716,15854,604,0.25021990000004735
18717,362.56624289965987,278028668812,1,8.0856997519731522,7.5755,7.466496,2.0461,45489,0.001024,3.0973439999999997,,0.042496,0.152832,0.000256,0.132608,0.007424,0.010239999999999999,,0.0048639999999999994,,1.930496,18717,15855,605,0.0032256999998026004
18718,362.57394930555552,278028744567,1,7.7064060606062412,8.406,8.00512,1.9707,15899,0.001024,3.1866879999999997,,0.036864,0.17024,0,0.15001599999999998,0.0084479999999999989,0.009472,,0.005888,,2.01984,18718,15856,605,0.010413499999685882
18719,362.58218060515873,278028828627,1,8.2312999293208122,7.6959,7.73376,0.5033,16589,0.001024,3.295744,,0.040192,0.152832,0,0.1344,0.007424,0.010239999999999999,,0.0038399999999999997,,2.0538879999999997,18719,15857,605,0.01815649999980451
18720,362.59027890447845,278028905586,1,8.098299615085125,8.8574,0.035328,1.778,15899,0.006144,3.2901119999999997,,0.040704,0.16716799999999998,0,0.142592,0.0084479999999999989,0.009216,,0.004096,,1.9330559999999999,18720,15858,605,0.026592499999878783
18721,362.59833800311787,278028994160,1,8.05909838527441,7.1624,8.082432,2.0452,16387,0.001024,3.2737279999999997,,0.039168,0.155904,0.000256,0.13696,0.011007999999999999,0.002304,,0.012288,,2.165248,18721,15859,605,0.034305299999687122
18722,362.60643759920634,278029065784,1,8.09959601610899,7.6403,8.033536,1.9855,15899,0.001024,3.275264,,0.04224,0.17279999999999998,0,0.135936,0.007936,0.009472,,0.004096,,1.74592,18722,15860,605,0.043050899999798276
18723,362.61400660430837,278029142187,1,7.5690052472054958,8.4609,8.0704,1.7969,16387,0.001024,3.2345599999999997,,0.0384,0.157696,0.000256,0.13824,0.0076799999999999993,0.009984,,0.004608,,2.308864,18723,15861,605,0.049925399999665387
18724,362.62165549886618,278029226796,1,7.6488945633172989,7.7717,7.55968,1.8105,16094,0.001024,3.2670719999999998,,0.03712,0.15923199999999998,0,0.140032,0.004608,0.010239999999999999,,0.0048639999999999994,,1.9194879999999999,18724,15862,605,0.057699299999967479
18725,362.62959050453514,278029304513,1,7.9350052401423454,8.5163,7.635968,1.8779,16387,0.001024,3.09888,,0.035328,0.16588799999999998,0,0.1472,0.007936,0.009472,,0.005888,,1.928192,18725,15863,605,0.0659418000000187
18726,362.63740420209751,278029389676,1,7.8136976808309555,7.1497,7.91552,2.0053,15899,0.001024,3.245056,,0.039936,0.161024,0.000256,0.141824,0.005888,0.009472,,0.004608,,1.746432,18726,15864,605,0.073568799999975454
18727,362.64525200538549,278029461173,1,7.8478036448359489,7.602,7.788032,1.933,16387,0.001024,3.277824,,0.039936,0.15564799999999998,0,0.134912,0.003584,0.009984,,0.004096,,1.920512,18727,15865,605,0.081492199999956938
18728,362.6534623015873,278029537193,1,8.21029581129551,8.3661,7.83616,1.8569,15899,0.001024,3.289344,,0.038911999999999995,0.15616,0.000256,0.137728,0.0076799999999999993,0.010239999999999999,,0.0048639999999999994,,2.1058559999999997,18728,15866,605,0.0898616999998012
18729,362.6615235048186,278029620854,1,8.0612031742930412,7.5137,8.183552,2.0587,29693,0.20607999999999999,3.287296,,0.040959999999999996,0.155392,0.000256,0.136192,0.007936,0.009984,,0.005376,,1.747456,18729,15867,605,0.097481699999661942
18730,362.66922410005668,278029695991,1,7.7005950734019279,8.0519,8.04224,1.9027,15899,0.001024,3.29344,,0.039168,0.15488,0,0.13516799999999998,0.009216,0.002304,,0.013824,,2.081792,18730,15868,605,0.10562089999984892
18731,362.677410600907,278029776510,1,8.1865005195140839,8.3388,7.68256,1.7317,16387,0.001024,3.2670719999999998,,0.039168,0.168704,0,0.14310399999999998,0.004608,0.010239999999999999,,0.0051199999999999996,,1.933568,18731,15869,605,0.11328809999986333
18732,362.68523200113378,278029859898,1,7.8214006498456,7.6818,8.16256,2.5688,16246,0.001024,3.2327679999999996,,0.038911999999999995,0.163072,0,0.142592,0.007424,0.010752,,0.004096,,2.0223999999999998,18732,15870,605,0.1215170999998918
18733,362.69347290249431,278029936716,1,8.2409009337425232,8.0186,7.793152,2.0844,16387,0.001024,3.298816,,0.039168,0.1664,0,0.14592,0.008192,0.010239999999999999,,0.0048639999999999994,,2.0641279999999997,18733,15871,605,0.12940819999994346
18734,362.70119730017007,278030016902,1,7.72439781576395,7.7788,8.221952,1.7858,15951,0.19788799999999998,3.2319999999999998,,0.039168,0.165376,0,0.14438399999999998,0.008704,0.0097279999999999988,,0.005376,,1.930496,18734,15872,605,0.1371143999999731
18735,362.70891020408163,278030094690,1,7.7129038982093334,8.1915,7.715328,1.7431,16387,0.001024,3.197952,,0.039424,0.15872,0,0.13952,0.007936,0.0097279999999999988,,0.004352,,2.061824,18735,15873,605,0.14546029999974053
18736,362.71683240504535,278030176605,1,7.9222014173865318,7.9383,7.690496,2.0501,21683,0.001024,3.0947839999999998,,0.043264,0.160768,0.000256,0.13952,0.007936,0.0097279999999999988,,0.005632,,1.7471999999999999,18736,15874,605,0.15271789999997054
18737,362.72461310232427,278030255988,1,7.7806971967220306,7.6132,7.889152,1.8525,16387,0.001024,3.182336,,0.03456,0.153088,0,0.1344,0.007936,0.00896,,0.0051199999999999996,,2.034944,18737,15875,605,0.16056559999969977
18738,362.73297550311793,278030332120,1,8.3624003455042839,8.4407,7.774464,2.0581,21828,0.001024,3.272704,,0.039424,0.16383999999999999,0,0.143616,0.011519999999999999,0.009472,,0.005632,,1.9361279999999998,18738,15876,605,0.16953190000003815
18739,362.74062679988663,278030416527,1,7.6512969098985195,7.2572,8.33408,1.847,16387,0.001024,3.2895999999999996,,0.040704,0.16025599999999998,0,0.13977599999999998,0.010752,0.0097279999999999988,,0.0048639999999999994,,2.057984,18739,15877,605,0.17654450000009092
18740,362.74852750141724,278030489099,1,7.9007018357515335,7.8382,7.632896,2.0002,15899,0.001024,3.1759359999999996,,0.039424,0.153088,0.001792,0.1344,0.0076799999999999993,0.000512,,0.0097279999999999988,,2.050304,18740,15878,605,0.18438339999966047
18741,362.75674850481857,278030567481,1,8.2210032269358635,8.9304,7.887872,1.9405,68770,0.001024,3.2985599999999997,,0.035072,0.158208,0,0.13849599999999998,0.007936,0.010752,,0.004096,,1.74592,18741,15879,605,0.19316669999989244
18742,362.76450500283443,278030656785,1,7.7564981766045094,7.043,8.194048,1.8192,35856,0.001024,3.190016,,0.037376,0.157696,0.000256,0.13747199999999998,0.007936,0.009984,,0.005632,,2.0894719999999998,18742,15880,605,0.20069209999974191
18743,362.77238440334463,278030727215,1,7.8794006258249283,7.8153,7.737344,2.2985,16582,0.001024,3.17056,,0.041215999999999996,0.153088,0,0.134656,0.00896,0.009984,,0.004352,,2.12736,18743,15881,605,0.20836629999985234
18744,362.78023540249433,278030805368,1,7.8509990125894547,8.435,7.867136,1.8868,16246,0.001024,3.1976959999999996,,0.0384,0.157184,0,0.13849599999999998,0.012799999999999999,0.009984,,0.0038399999999999997,,2.09408,18744,15882,605,0.2162159999998039
18745,362.78793350340135,278030889718,1,7.6981009915471077,7.8677,7.83744,1.9819,16387,0.0012799999999999999,3.293952,,0.038144,0.15872,0,0.139008,0.0084479999999999989,0.009472,,0.004352,,1.9310079999999998,18745,15883,605,0.2237396999998964
18746,362.79568430413832,278030968395,1,7.7508008107542992,7.6804,7.67232,1.8763,21683,0.001024,3.1744,,0.035584,0.155904,0.000256,0.135936,0.011519999999999999,0.002048,,0.013056,,1.9363839999999999,18746,15884,605,0.2318806999996923
18747,362.8038080994898,278031045199,1,8.1237955018877983,7.8516,7.724544,2.1747,16387,0.001024,3.1710719999999997,,0.038911999999999995,0.15872,0,0.139264,0.006912,0.010239999999999999,,0.004608,,2.047488,18747,15885,605,0.23981079999975918
18748,362.81173570011339,278031123715,1,7.9276002943515778,7.5631,7.9744,1.8988,15899,0.0012799999999999999,3.2399359999999997,,0.036608,0.15692799999999998,0.000256,0.137984,0.003328,0.009472,,0.004096,,1.747712,18748,15886,605,0.24766849999969054
18749,362.8193908021542,278031199346,1,7.6551018282771111,8.0665,8.032768,1.8447,45489,0.001024,3.294464,,0.038911999999999995,0.15795199999999998,0.000256,0.13849599999999998,0.005376,0.00896,,0.005376,,2.0864,18749,15887,606,0.0031499000001531385
18750,362.82760290532877,278031280011,1,8.212103508412838,8.007,7.638784,2.0289,15899,0.001024,3.176704,,0.03968,0.161792,0,0.14336,0.007936,0.009216,,0.005376,,1.9310079999999998,18750,15888,606,0.010796399999890127
18751,362.83567509920636,278031360081,1,8.0721937119960785,7.8326,8.197632,0.4941,16387,0.001024,3.2696319999999996,,0.038911999999999995,0.15923199999999998,0,0.140544,0.008192,0.010752,,0.0051199999999999996,,2.142976,18751,15889,606,0.018561699999736447
18752,362.84354640022673,278031438407,1,7.8713009133934975,8.6214,0.025344,1.7679,15899,0.001024,3.301376,,0.03712,0.155904,0,0.136192,0.007424,0.0097279999999999988,,0.003584,,1.74592,18752,15890,606,0.026339300000017829
18753,362.85153910147392,278031524621,1,7.9927016049623489,7.4014,7.855104,1.8254,16387,0.001024,3.177472,,0.040959999999999996,0.15334399999999998,0,0.13414399999999999,0.0076799999999999993,0.0097279999999999988,,0.004096,,1.920512,18753,15891,606,0.034261899999819434
18754,362.85962580073692,278031598635,1,8.0866990610957146,8.0172,7.970048,1.8278,15899,0.297216,3.276544,,0.034816,0.160768,0,0.142336,0.003584,0.010239999999999999,,0.004352,,2.083072,18754,15892,606,0.042595599999913247
18755,362.86736339994332,278031678807,1,7.7375993132591248,7.7298,8.07168,1.9691,16387,0.001024,3.179264,,0.040704,0.15462399999999998,0,0.1344,0.007424,0.009984,,0.0051199999999999996,,1.748224,18755,15893,606,0.050099499999760155
18756,362.8751375,278031756105,1,7.7741001732647419,7.9421,7.708928,1.9654,15899,0.001024,3.272192,,0.043008,0.15923199999999998,0.000256,0.14079999999999998,0.0048639999999999994,0.00896,,0.005888,,2.0416,18756,15894,606,0.0579475999998067
18757,362.88320819869614,278031835526,1,8.07069893926382,8.2948,7.750144,2.0157,16734,0.001024,3.177984,,0.039168,0.16383999999999999,0,0.144128,0.0084479999999999989,0.0097279999999999988,,0.005376,,1.9297279999999999,18757,15895,606,0.066011299999900075
18758,362.89099950396826,278031918474,1,7.7913054265081882,7.5683,8.055296,1.8601,15899,0.001024,3.2906239999999998,,0.044031999999999995,0.156416,0.000256,0.13286399999999998,0.007936,0.009472,,0.0051199999999999996,,1.9476479999999998,18758,15896,606,0.073946599999999307
18759,362.89895179988662,278031994157,1,7.9522961750626564,7.7904,7.772672,2.0673,16387,0.0012799999999999999,3.1808,,0.041728,0.156416,0.000256,0.13644799999999999,0.007424,0.010496,,0.004608,,1.749248,18759,15897,606,0.081888299999718583
18760,362.90699199971652,278032072061,1,8.040199987590313,8.1017,7.917824,2.0435,15951,0.001024,3.293952,,0.039424,0.16896,0,0.12928,0.008192,0.0084479999999999989,,0.006912,,1.746176,18760,15898,606,0.089904399999795714
18761,362.91482149943312,278032153078,1,7.8294994309544563,7.9106,8.032256,1.9224,16387,0.001024,3.233024,,0.039168,0.15462399999999998,0,0.1344,0.011776,0.009216,,0.0051199999999999996,,2.290688,18761,15899,606,0.098000200000115
18762,362.92291960034009,278032232184,1,8.0981012433767319,7.8992,7.800832,2.1138,51236,0.001024,3.238912,,0.040192,0.160512,0.000256,0.14079999999999998,0.005888,0.010239999999999999,,0.0051199999999999996,,1.7471999999999999,18762,15900,606,0.10582410000006348
18763,362.93077440476191,278032311176,1,7.8548043966293335,7.9781,8.077312,2.2262,46535,0.001024,3.2980479999999996,,0.035584,0.161024,0.000256,0.141568,0.0076799999999999993,0.011007999999999999,,0.004608,,2.098944,18763,15901,606,0.11457449999988967
18764,362.93839320436507,278032390957,1,7.6187998056411743,8.1358,7.785216,1.9911,15899,0.0063999999999999994,3.0960639999999997,,0.038144,0.161792,0,0.142336,0.004608,0.002816,,0.012544,,1.929984,18764,15902,606,0.121905500000139
18765,362.94612610544215,278032472315,1,7.732901256531477,7.7677,7.65312,1.872,16387,0.001024,3.1692799999999997,,0.0384,0.154112,0.000256,0.13414399999999999,0.0076799999999999993,0.009984,,0.006144,,1.933568,18765,15903,606,0.12931339999977354
18766,362.95451750283445,278032549992,1,8.3913970738649368,8.5574,7.710976,1.8634,15899,0.001024,3.1733759999999998,,0.03712,0.15231999999999998,0.000256,0.13312,0.007424,0.009984,,0.004352,,2.101504,18766,15904,606,0.13726739999992787
18767,362.96246320153062,278032635566,1,7.94569868594408,7.3216,8.378624,2.5779,16387,0.001024,3.244544,,0.039424,0.15744,0,0.137216,0.007424,0.011007999999999999,,0.0048639999999999994,,1.7471999999999999,18767,15905,606,0.14515819999996893
18768,362.97007550311793,278032708782,1,7.6123015023767948,7.7188,7.925504,1.8226,15899,0.001024,3.095296,,0.033535999999999996,0.15231999999999998,0,0.133632,0.0076799999999999993,0.009984,,0.0038399999999999997,,2.13504,18768,15906,606,0.15309290000004694
18769,362.97799720096373,278032785970,1,7.9216975718736649,7.9299,7.586048,1.7206,16387,0.001024,3.27296,,0.035072,0.161024,0,0.142592,0.012544,0.010752,,0.0051199999999999996,,1.9310079999999998,18769,15907,606,0.16122989999985293
18770,362.98599440192743,278032865269,1,7.9972008243203163,7.9469,7.903744,1.9303,16101,0.001024,3.236096,,0.039424,0.158976,0,0.140288,0.007936,0.009216,,0.005376,,2.10048,18770,15908,606,0.16874589999997625
18771,362.99410250141722,278032944738,1,8.1080999225378036,7.914,7.979008,1.8364,33958,0.001024,3.296,,0.041471999999999995,0.160768,0,0.14079999999999998,0.007936,0.009472,,0.004096,,1.747456,18771,15909,606,0.17751730000009047
18772,363.00207040107711,278033023878,1,7.9678995534777641,8.0273,8.077824,1.7796,30284,0.001024,3.275776,,0.040704,0.1536,0,0.13414399999999999,0.007424,0.009472,,0.0048639999999999994,,2.14656,18772,15910,606,0.18556119999993825
18773,363.01023170351471,278033104151,1,8.1613026559352875,7.6022,7.639552,1.8929,16387,0.001024,3.2906239999999998,,0.036351999999999995,0.15564799999999998,0,0.136192,0.008192,0.009984,,0.003328,,2.0357119999999997,18773,15911,606,0.19305739999981597
18774,363.01789289965984,278033180173,1,7.6611959375441074,8.5431,8.133632,1.9318,15899,0.001024,3.2785919999999997,,0.039936,0.15872,0,0.13747199999999998,0.0084479999999999989,0.002816,,0.010752,,1.7489919999999999,18774,15912,606,0.20102069999984451
18775,363.02595530045352,278033265604,1,8.0624008551239967,8.1321,7.638016,1.8554,16387,0.001024,3.23072,,0.037376,0.15923199999999998,0,0.14079999999999998,0.004096,0.009472,,0.003584,,2.029312,18775,15913,606,0.20929329999989932
18776,363.03399680413833,278033346925,1,8.0415038391947746,7.6299,8.02688,1.9266,15899,0.001024,3.2737279999999997,,0.0384,0.157184,0,0.137728,0.007424,0.010752,,0.005376,,2.091264,18776,15914,606,0.21795040000006338
18777,363.041961699263,278033423224,1,7.9648951068520546,7.97,8.03328,2.2747,33958,0.001024,3.2737279999999997,,0.0384,0.157184,0,0.137728,0.007424,0.010752,,0.005376,,2.091264,18777,15915,606,0.2257979000000887
18778,363.049475,278033502924,1,7.5133005157113075,8.2755,7.915264,1.8448,30284,0.001024,3.299328,,0.038911999999999995,0.15872,0,0.139008,0.0076799999999999993,0.011264,,0.0048639999999999994,,1.746176,18778,15916,606,0.23257280000007086
18779,363.05740690192744,278033585679,1,7.9319020733237267,8.2407,7.535616,2.1498,16387,0.001024,3.1872,,0.0384,0.16153599999999999,0,0.14207999999999998,0.0076799999999999993,0.009984,,0.0048639999999999994,,1.878528,18779,15917,606,0.24069669999971666
18780,363.06591230158728,278033668086,1,8.5053993389010429,8.162,7.917568,1.9665,15899,0.001024,3.1831039999999997,,0.037376,0.16614399999999999,0.000256,0.13747199999999998,0.004352,0.0097279999999999988,,0.0038399999999999997,,2.0090879999999998,18780,15918,606,0.24885089999997945
18781,363.07362750141721,278033749706,1,7.7151996083557606,6.811,8.470784,3.1863,45684,0.001024,3.2931839999999997,,0.038911999999999995,0.158976,0,0.13952,0.003584,0.011007999999999999,,0.004608,,1.7487359999999998,18781,15919,607,0.0035061000003224763
18782,363.08146690051018,278033817816,1,7.8393993899226189,7.9882,7.697408,1.8703,16101,0.0012799999999999999,3.102208,,0.0384,0.16025599999999998,0.000256,0.141312,0.0038399999999999997,0.009984,,0.003328,,2.200064,18782,15920,607,0.010436999999910768
18783,363.08941490221088,278033897698,1,7.9480018466711044,8.279,7.817216,0.4623,33958,0.0012799999999999999,3.19616,,0.039168,0.152064,0,0.132096,0.007936,0.010496,,0.004608,,1.9225599999999998,18783,15921,607,0.018366400000104477
18784,363.09729250283448,278033980488,1,7.8776003792881966,8.7057,0.037888,1.8918,30284,0.001024,3.233024,,0.041215999999999996,0.15462399999999998,0,0.134912,0.007424,0.0097279999999999988,,0.0038399999999999997,,1.747456,18784,15922,607,0.027674299999944196
18785,363.10531650368478,278034067545,1,8.0240005627274513,6.9737,7.858432,1.963,139384,0.001024,3.233024,,0.041215999999999996,0.15462399999999998,0,0.134912,0.007424,0.0097279999999999988,,0.0038399999999999997,,1.747456,18785,15923,607,0.034506299999975454
18786,363.113572803288,278034137282,1,8.2562994211912155,7.9448,8.004608,2.0763,125202,0.001024,3.2780799999999997,,0.040959999999999996,0.163328,0.000256,0.14310399999999998,0.007936,0.010496,,0.005632,,1.927168,18786,15924,607,0.042473299999983283
18787,363.12142910289117,278034216730,1,7.8562991693615913,9.1687,8.232704,1.9873,69100,0.001024,3.2332799999999997,,0.038911999999999995,0.16127999999999998,0,0.14207999999999998,0.012799999999999999,0.001024,,0.015359999999999999,,2.363648,18787,15925,607,0.05059080000000904
18788,363.12935140306121,278034308417,1,7.9223001375794411,6.7414,7.839488,2.2908,61844,0.001024,3.172608,,0.036864,0.157696,0.000256,0.139008,0.0076799999999999993,0.010752,,0.003328,,1.7487359999999998,18788,15926,607,0.058698600000298029
18789,363.13725729875284,278034375831,1,7.905895821750164,8.1242,7.895808,2.0586,16387,0.001024,3.238912,,0.038655999999999996,0.15462399999999998,0.000256,0.135936,0.0076799999999999993,0.0097279999999999988,,0.003584,,2.080256,18789,15927,607,0.06602710000015577
18790,363.14550560515869,278034457073,1,8.2483068108558655,7.9844,7.893504,1.8569,15899,0.001024,3.298816,,0.035072,0.16255999999999998,0.002304,0.142336,0.011264,0.001024,,0.011007999999999999,,1.931776,18790,15928,607,0.07455130000016652
18791,363.15334420351473,278034536917,1,7.8385984525084496,8.3044,8.222464,1.9047,16387,0.001024,3.2919039999999997,,0.040704,0.16255999999999998,0,0.14310399999999998,0.0076799999999999993,0.009984,,0.003328,,2.206976,18791,15929,607,0.082380100000136736
18792,363.16150089994329,278034619961,1,8.15669633448124,7.3644,7.82464,1.9126,15899,0.001024,3.1936,,0.041728,0.15616,0,0.1344,0.007936,0.0097279999999999988,,0.003584,,1.7454079999999998,18792,15930,607,0.090232700000342447
18793,363.16919080215416,278034693605,1,7.68990209326148,8.4478,8.133632,1.9235,16387,0.001024,3.187456,,0.041215999999999996,0.169728,0.000256,0.150272,0.007936,0.0097279999999999988,,0.004608,,2.196992,18793,15931,607,0.097893399999975372
18794,363.17731349914965,278034778083,1,8.122696541249752,7.8922,7.656704,2.1878,15899,0.001024,3.268096,,0.038911999999999995,0.15744,0,0.139264,0.004096,0.0025599999999999998,,0.020735999999999997,,1.910016,18794,15932,607,0.10604439999997339
18795,363.18520130385485,278034857005,1,7.8878048807382584,7.8633,8.115456,1.8741,16589,0.001024,3.289856,,0.040704,0.152576,0,0.13312,0.0076799999999999993,0.009984,,0.004608,,1.9330559999999999,18795,15933,607,0.11391619999994873
18796,363.19288610402492,278034935638,1,7.6848003081977367,7.6811,7.862016,1.8492,15899,0.001024,3.183616,,0.038911999999999995,0.155904,0,0.13696,0.007168,0.0084479999999999989,,0.006144,,2.059776,18796,15934,607,0.12154349999991609
18797,363.20109070294785,278035012449,1,8.2045989111065865,8.1421,7.668992,1.8821,22171,0.001024,3.101184,,0.038911999999999995,0.164096,0,0.141568,0.008192,0.001536,,0.011776,,1.917184,18797,15935,607,0.12992350000013175
18798,363.20894600340137,278035093870,1,7.8553007915616035,7.8702,8.191232,1.8378,15899,0.0012799999999999999,3.2345599999999997,,0.044288,0.159488,0,0.140288,0.0076799999999999993,0.010239999999999999,,0.0051199999999999996,,2.235392,18798,15936,607,0.13777410000011514
18799,363.21713790391158,278035172572,1,8.1919003278017044,7.6304,7.826688,1.9121,16387,0.001024,3.27424,,0.040959999999999996,0.15334399999999998,0,0.133376,0.012799999999999999,0.0097279999999999988,,0.0051199999999999996,,1.7489919999999999,18799,15937,607,0.14583859999993365
18800,363.22500580357143,278035248876,1,7.8678997233510017,8.3416,8.166912,1.7457,16094,0.001024,3.176704,,0.039424,0.154368,0.000256,0.135936,0.005632,0.009984,,0.003584,,2.108416,18800,15938,607,0.1537333999999646
18801,363.23291830357141,278035332292,1,7.9124998301267624,7.8827,7.85536,1.9846,33958,0.001024,3.235584,,0.037888,0.159488,0.000256,0.133888,0.0084479999999999989,0.010496,,0.0048639999999999994,,1.934848,18801,15939,607,0.16170390000024781
18802,363.2408238024376,278035411119,1,7.9054990783333778,8.0957,7.884544,1.8243,29914,0.001024,3.289088,,0.041215999999999996,0.15616,0,0.13696,0.0076799999999999993,0.0097279999999999988,,0.004096,,1.93408,18802,15940,607,0.16979639999999563
18803,363.2487933035714,278035492076,1,7.9695014283061028,7.8782,7.890944,1.7796,16387,0.0012799999999999999,3.274496,,0.038655999999999996,0.1664,0,0.14668799999999999,0.007936,0.009984,,0.004096,,2.205696,18803,15941,607,0.1774782000002233
18804,363.25712160572562,278035570858,1,8.3283018320798874,7.884,7.938048,1.994,15899,0.001024,3.1946239999999997,,0.039168,0.18048,0,0.13747199999999998,0.007936,0.0097279999999999988,,0.005376,,1.74592,18804,15942,607,0.18687210000007326
18805,363.26521300311788,278035649698,1,8.09139758348465,8.0459,8.315648,1.8532,23021,0.001024,3.0973439999999997,,0.03456,0.174592,0,0.155136,0.007936,0.009472,,0.003584,,2.6147839999999998,18805,15943,607,0.19482890000017505
18806,363.27310639880949,278035730157,1,7.8933956101536751,7.8208,8.070144,2.3024,15899,0.001024,3.23712,,0.0384,0.157696,0,0.137216,0.011007999999999999,0.010752,,0.0051199999999999996,,1.748224,18806,15944,607,0.20228320000023814
18807,363.28102100340135,278035808365,1,7.9146046191453934,9.0107,7.867136,2.0468,16734,0.001024,3.2832,,0.039168,0.148224,0,0.12953599999999998,0.007424,0.009984,,0.003328,,2.148096,18807,15945,607,0.21125190000020666
18808,363.28905600198414,278035898472,1,8.0349985510110855,8.1405,7.893504,2.2255,15899,0.001024,3.29088,,0.038911999999999995,0.154112,0.000256,0.13414399999999999,0.012544,0.010752,,0.0051199999999999996,,1.9376639999999998,18808,15946,607,0.21863290000010238
18809,363.29699829931974,278035979877,1,7.9422974959015846,7.5668,8.019456,2.0999,16387,0.001024,3.287552,,0.039168,0.158464,0,0.139008,0.003328,0.010752,,0.0048639999999999994,,2.1626879999999997,18809,15947,607,0.22623310000017227
18810,363.30511670209751,278036055545,1,8.1184031441807747,8.6309,7.917312,2.1269,15899,0.001024,3.2755199999999998,,0.036608,0.15692799999999998,0,0.13747199999999998,0.010752,0.010752,,0.004096,,1.7487359999999998,18810,15948,607,0.2341948000002958
18811,363.3130197987528,278036141854,1,7.90309626609087,7.7131,8.093184,1.9718,16387,0.001024,3.175424,,0.035584,0.1536,0,0.133888,0.0076799999999999993,0.009472,,0.007168,,2.056448,18811,15949,607,0.24208070000031512
18812,363.32133399943308,278036218985,1,8.3142006769776344,7.6427,7.8848,1.8788,15951,0.001024,3.29088,,0.041215999999999996,0.154368,0,0.135936,0.004096,0.005888,,0.019968,,2.09408,18812,15950,607,0.25059580000015558
18813,363.32933640164396,278036295412,1,8.0024022608995438,7.9196,8.305408,1.9139,45489,0.001024,3.294208,,0.041215999999999996,0.15462399999999998,0,0.13516799999999998,0.004096,0.0097279999999999988,,0.004352,,1.7484799999999998,18813,15951,608,0.0031855000001996814
18814,363.33717840136052,278036374608,1,7.8419996425509453,7.9297,7.97184,1.8692,15899,0.001024,3.1825919999999996,,0.039424,0.15334399999999998,0.000256,0.1344,0.0038399999999999997,0.009984,,0.004352,,2.22592,18814,15952,608,0.010357999999996537
18815,363.34529469954646,278036453905,1,8.1162983551621437,8.5014,7.826688,0.4439,16387,0.0012799999999999999,3.240704,,0.035584,0.15616,0,0.13568,0.007424,0.010496,,0.0048639999999999994,,1.926656,18815,15953,608,0.018673000000035245
18816,363.35325740504533,278036538919,1,7.9627055674791336,8.2027,0.03712,1.8908,15899,0.001024,3.231744,,0.042752,0.174592,0.000256,0.155136,0.0038399999999999997,0.009472,,0.004096,,2.29888,18816,15954,608,0.026428000000123575
18817,363.36116500141719,278036620946,1,7.9075964167714119,7.2671,7.924736,1.9677,16387,0.001024,3.287552,,0.038911999999999995,0.162816,0,0.14207999999999998,0.008192,0.009472,,0.004608,,1.749248,18817,15955,608,0.034163400000124966
18818,363.3691526998299,278036693617,1,7.9876985400915146,8.3364,7.90016,1.8109,15899,0.001024,3.295232,,0.041984,0.156672,0,0.136192,0.008192,0.009984,,0.0051199999999999996,,2.039808,18818,15956,608,0.042257300000073883
18819,363.37742350481858,278036776981,1,8.2708047702908516,7.7255,7.958016,1.7344,16582,0.001024,3.274496,,0.041471999999999995,0.152832,0,0.13286399999999998,0.007424,0.009984,,0.005632,,1.932032,18819,15957,608,0.050387100000079954
18820,363.38520850340137,278036854236,1,7.7849985100328922,7.7831,8.2624,1.7474,16101,0.001024,3.265024,,0.040704,0.15744,0.000256,0.137216,0.007424,0.009472,,0.004096,,2.196992,18820,15958,608,0.058342799999991257
18821,363.39319070294783,278036932067,1,7.9822000116109848,8.0724,7.75296,2.0347,16387,0.001024,3.241984,,0.038911999999999995,0.161024,0,0.142336,0.003328,0.010496,,0.004608,,2.1094399999999998,18821,15959,608,0.0662744000001112
18822,363.4014681051587,278037012791,1,8.2774022594094276,8.1389,7.96928,1.7306,15899,0.001024,3.2803839999999997,,0.040448,0.15744,0,0.13824,0.007424,0.008192,,0.007424,,1.9240959999999998,18822,15960,608,0.074555499999860331
18823,363.40946310232425,278037094180,1,7.9949973151087761,7.9353,8.260096,1.7104,16387,0.001024,3.272192,,0.038911999999999995,0.162816,0,0.14438399999999998,0.007424,0.009984,,0.0038399999999999997,,2.4768,18823,15961,608,0.083073300000251038
18824,363.41729469954646,278037173533,1,7.83159676939249,7.9463,7.98208,2.1222,15899,0.001024,3.0991359999999997,,0.042752,0.157696,0,0.138752,0.011519999999999999,0,,0.020992,,1.747968,18824,15962,608,0.09047099999997954
18825,363.42523790391152,278037252996,1,7.94320460408926,8.2221,7.803904,1.8706,16387,0.001024,3.2949759999999997,,0.035072,0.157696,0,0.139008,0.004608,0.009984,,0.004608,,2.090496,18825,15963,608,0.098637300000063988
18826,363.43337430555556,278037335217,1,8.1364018842577934,8.5673,7.88864,2.0789,15899,0.001024,3.288576,,0.036608,0.177664,0,0.15564799999999998,0.007936,0.009216,,0.0048639999999999994,,1.935104,18826,15964,608,0.10657220000030065
18827,363.44172700538547,278037420890,1,8.3526996895670891,7.3228,8.14848,1.9655,16387,0.0012799999999999999,3.267584,,0.041728,0.150272,0,0.130048,0.003584,0.009472,,0.0048639999999999994,,1.9456,18827,15965,608,0.11587000000008629
18828,363.44986540532881,278037494118,1,8.1383995711803436,8.2312,8.327936,2.0775,15899,0.001024,3.2412159999999997,,0.041471999999999995,0.155904,0,0.13644799999999999,0.007424,0.009984,,0.004608,,1.749504,18828,15966,608,0.12298540000028879
18829,363.45846100481856,278037576430,1,8.5955997928977013,7.8636,8.13312,2.3083,16387,0.0012799999999999999,3.0960639999999997,,0.039424,0.15564799999999998,0,0.13568,0.007424,0.011776,,0.004608,,2.14016,18829,15967,608,0.13179399999989982
18830,363.4663472009637,278037655066,1,7.8861964866518974,9.3714,8.57216,2.0771,15899,0.001024,3.2483839999999997,,0.040959999999999996,0.155904,0,0.136192,0.0076799999999999993,0.00896,,0.0051199999999999996,,2.210048,18830,15968,608,0.13953700000001845
18831,363.47402340561223,278037748780,1,7.6762046664953232,7.1026,7.828992,2.4964,16387,0.001024,3.102464,,0.03584,0.15795199999999998,0,0.13849599999999998,0.003328,0.010496,,0.005632,,2.075392,18831,15969,608,0.14732690000028015
18832,363.48213900226756,278037819806,1,8.1155970692634583,8.6764,7.6864,1.8311,16101,0.001024,3.177984,,0.035072,0.15129599999999999,0,0.13286399999999998,0.007936,0.009984,,0.004096,,2.0961279999999998,18832,15970,608,0.1552694000001793
18833,363.49028090277778,278037906570,1,8.1419004127383232,7.8527,8.108032,1.8199,16387,0.001024,3.292672,,0.041728,0.156416,0,0.13183999999999998,0.007424,0.0097279999999999988,,0.004352,,1.92,18833,15971,608,0.16344340000023294
18834,363.49779750566893,278037985097,1,7.516602985560894,7.7729,8.114688,1.8714,15899,0.001024,3.273984,,0.040704,0.155392,0.000256,0.13644799999999999,0.006656,0.009984,,0.0038399999999999997,,2.14144,18834,15972,608,0.1709963000002972
18835,363.50595530045348,278038062826,1,8.157794363796711,7.9073,7.488512,1.9644,16387,0.001024,3.1045119999999997,,0.039424,0.159744,0,0.13977599999999998,0.004352,0.011776,,0.0048639999999999994,,1.746688,18835,15973,608,0.17904450000014549
18836,363.51397630385486,278038141899,1,8.0210035666823387,8.2628,8.133888,2.1137,15899,0.001024,3.29344,,0.036095999999999996,0.367872,0,0.34764799999999996,0.007424,0.009984,,0.004096,,2.0805119999999997,18836,15974,608,0.18713830000024245
18837,363.5223330994898,278038224527,1,8.356795646250248,7.5236,8.009216,1.8117,16439,0.001024,3.2688639999999998,,0.039168,0.161024,0,0.142592,0.007168,0.009984,,0.0038399999999999997,,1.9394559999999998,18837,15975,608,0.195542899999964
18838,363.53020989937642,278038299763,1,7.8767994418740273,8.0459,8.326656,1.8638,16094,0.001024,3.238912,,0.040959999999999996,0.153856,0,0.1344,0.0076799999999999993,0.0097279999999999988,,0.003584,,2.2031359999999998,18838,15976,608,0.20334929999989981
18839,363.538161401644,278038380222,1,7.951502688229084,8.0928,7.856128,1.8472,16387,0.0012799999999999999,3.2967679999999997,,0.041471999999999995,0.154368,0,0.134656,0.0076799999999999993,0.0097279999999999988,,0.004608,,1.7469439999999998,18839,15977,608,0.21124220000001515
18840,363.5461329010771,278038461150,1,7.971499115228653,8.3874,7.938816,1.8991,15899,0.001024,3.295232,,0.045056,0.165632,0,0.14336,0.007424,0.0097279999999999988,,0.0038399999999999997,,1.915392,18840,15978,608,0.2198260999998638
18841,363.55439220521538,278038545024,1,8.259303867816925,7.838,7.952128,1.9018,16387,0.001024,3.272192,,0.039168,0.16614399999999999,0,0.13644799999999999,0.005632,0.010239999999999999,,0.005376,,2.0538879999999997,18841,15979,608,0.227674400000069
18842,363.56214800170068,278038623404,1,7.7557964250445366,7.92,7.937536,1.826,15899,0.001024,3.2767999999999997,,0.046079999999999996,0.155392,0,0.13414399999999999,0.007936,0.0097279999999999988,,0.004096,,1.747968,18842,15980,608,0.23530940000000555
18843,363.56985880102042,278038702604,1,7.7107991091907024,8.4609,7.675392,1.9576,16387,0.001024,3.188224,,0.038911999999999995,0.16255999999999998,0,0.143872,0.0038399999999999997,0.009984,,0.003328,,2.07232,18843,15981,608,0.2437739000001784
18844,363.57782850056685,278038787213,1,7.9696998000144958,7.989,7.740672,1.7633,15899,0.001024,3.231232,,0.036864,0.16255999999999998,0,0.14438399999999998,0.0051199999999999996,0.0097279999999999988,,0.0051199999999999996,,2.0538879999999997,18844,15982,608,0.25106349999987287
18845,363.58563990221086,278038867103,1,7.811401505023241,7.5873,7.961088,1.7631,45691,0.001024,3.270656,,0.038911999999999995,0.15795199999999998,0,0.13824,0.008704,0.010496,,0.004352,,2.054656,18845,15983,609,0.0033935999999812339
18846,363.59351979875282,278038942976,1,7.8798960894346237,8.2793,7.785216,2.169,15899,0.001024,3.199744,,0.03968,0.162304,0.0025599999999999998,0.14207999999999998,0.0076799999999999993,0.001024,,0.010752,,1.746432,18846,15984,609,0.010920600000190461
18847,363.601448100907,278039025769,1,7.9283025115728378,7.4399,7.853568,0.5357,16387,0.001024,3.273984,,0.038911999999999995,0.162048,0,0.142336,0.007936,0.010752,,0.004608,,1.925376,18847,15985,609,0.018390400000043883
18848,363.60980989937639,278039100168,1,8.3617987111210823,8.7196,0.033792,1.8861,15899,0.001024,3.2302079999999997,,0.035328,0.15488,0.000256,0.135424,0.003584,0.010752,,0.005376,,2.081536,18848,15986,609,0.026578900000004069
18849,363.61743860544215,278039187364,1,7.6287062838673592,7.4996,8.338432,1.9676,16387,0.193792,3.270656,,0.041471999999999995,0.163072,0,0.142848,0.008704,0.011007999999999999,,0.004608,,1.7471999999999999,18849,15987,609,0.034376000000065687
18850,363.62537670068025,278039262360,1,7.93809536844492,7.4938,7.599616,1.9147,15899,0.001536,3.175424,,0.03712,0.15564799999999998,0.000256,0.13696,0.0038399999999999997,0,,0.019968,,2.031872,18850,15988,609,0.042162600000210659
18851,363.63351220238093,278039337298,1,8.13550129532814,8.1836,7.923456,1.7926,16387,0.001024,3.0996479999999997,,0.03968,0.167936,0,0.145152,0.007936,0.009472,,0.004096,,2.048512,18851,15989,609,0.05067670000016733
18852,363.64136180555556,278039419134,1,7.849602960050106,7.8002,8.109824,1.7249,15899,0.001024,3.1710719999999997,,0.043519999999999996,0.160512,0,0.13952,0.007936,0.0097279999999999988,,0.0038399999999999997,,2.217472,18852,15990,609,0.058175399999981892
18853,363.64910940334465,278039497136,1,7.7475979924201965,7.789,7.812608,1.7972,16387,0.001024,3.2363519999999997,,0.039168,0.173568,0,0.132608,0.007936,0.0097279999999999988,,0.004096,,1.7454079999999998,18853,15991,609,0.0662188999999671
18854,363.65713160430835,278039575026,1,8.0222012475132942,8.4688,7.752192,2.4596,15899,0.001024,3.17568,,0.038911999999999995,0.151808,0,0.132096,0.0076799999999999993,0.011264,,0.005632,,1.931776,18854,15992,609,0.074068700000225363
18855,363.66508410572561,278039659714,1,7.9525010660290718,7.5204,8.004608,2.0691,16387,0.001024,3.2332799999999997,,0.206592,0.159744,0,0.13952,0.0076799999999999993,0.0097279999999999988,,0.0048639999999999994,,2.088448,18855,15993,609,0.082136200000149984
18856,363.67307840136056,278039734918,1,7.9942960292100906,7.9952,7.931392,2.1015,15899,0.001024,3.2412159999999997,,0.038911999999999995,0.163072,0.000256,0.143872,0.011007999999999999,0,,0.028928,,1.946624,18856,15994,609,0.089730900000176916
18857,363.6809303004535,278039814870,1,7.8518986701965332,7.7505,7.971328,1.8098,16784,0.0012799999999999999,3.2460799999999996,,0.038655999999999996,0.15462399999999998,0.000256,0.135424,0.010239999999999999,0.0084479999999999989,,0.006656,,2.093312,18857,15995,609,0.097681700000066485
18858,363.68863319869615,278039892375,1,7.702898234128952,8.2219,7.8464,1.8454,15899,0.001024,3.27168,,0.03584,0.1664,0,0.14668799999999999,0.007424,0.0097279999999999988,,0.004352,,1.9310079999999998,18858,15996,609,0.10546460000023217
18859,363.69676910430837,278039974594,1,8.1359054893255234,7.6139,7.680512,1.753,16387,0.001024,3.22944,,0.038655999999999996,0.16768,0,0.133376,0.007936,0.010239999999999999,,0.0048639999999999994,,1.9325439999999998,18859,15997,609,0.11402090000001408
18860,363.70475790107707,278040050733,1,7.9887965694069862,7.9546,8.11008,2.4405,15899,0.0012799999999999999,3.292928,,0.044031999999999995,0.153856,0,0.13286399999999998,0.0076799999999999993,0.009472,,0.0048639999999999994,,1.7484799999999998,18860,15998,609,0.12140910000016447
18861,363.71281380385489,278040130279,1,8.0559030175209045,7.7358,7.973888,2.448,16387,0.0012799999999999999,3.24224,,0.035584,0.16153599999999999,0,0.141568,0.004096,0.010496,,0.003584,,1.746432,18861,15999,609,0.12971410000000105
18862,363.72035530045349,278040207637,1,7.5414967723190784,8.6054,8.027136,1.8185,15899,0.001024,3.176704,,0.040448,0.15616,0.000256,0.13696,0.007424,0.011776,,0.002304,,2.31168,18862,16000,609,0.13705380000010337
18863,363.72807140022672,278040293691,1,7.7160997316241264,7.3832,7.523584,1.7658,16439,0.001024,3.233536,,0.0384,0.152832,0,0.133376,0.007936,0.009984,,0.0048639999999999994,,1.916928,18863,16001,609,0.14513970000007248
18864,363.73611360544214,278040367523,1,8.04220512509346,8.3142,7.706368,1.8754,15899,0.001024,3.174912,,0.038655999999999996,0.159488,0,0.137216,0.007936,0.009984,,0.0048639999999999994,,2.0858879999999997,18864,16002,609,0.15277850000029503
18865,363.74391349914964,278040450665,1,7.7998936176300049,7.3112,8.019456,2.3254,16387,0.001024,3.181056,,0.038655999999999996,0.152576,0,0.133376,0.007936,0.007936,,0.008192,,1.747456,18865,16003,609,0.16063200000007782
18866,363.75157400085033,278040523777,1,7.6605016365647316,8.1023,7.786496,1.8227,15899,0.001024,3.18592,,0.042752,0.15488,0,0.134912,0.0076799999999999993,0.009472,,0.005376,,1.92896,18866,16004,609,0.16831320000028427
18867,363.75985459892291,278040604800,1,8.2805976271629333,7.6353,7.638528,1.6403,16387,0.001024,3.180288,,0.0384,0.15616,0,0.137216,0.007424,0.009472,,0.004608,,2.101248,18867,16005,609,0.17693250000002081
18868,363.7675160005669,278040681153,1,7.6614017598330975,7.8723,8.25472,1.9299,22533,0.001024,3.244288,,0.042496,0.158976,0,0.13849599999999998,0.0076799999999999993,0.010752,,0.004096,,1.747968,18868,16006,609,0.1841644000000997
18869,363.77548020124715,278040759876,1,7.9642003402113914,7.656,7.644672,1.9926,16387,0.001024,3.181056,,0.038655999999999996,0.153856,0,0.13516799999999998,0.006144,0.009984,,0.004608,,2.033408,18869,16007,609,0.19220640000003186
18870,363.78403880385486,278040836436,1,8.5586030036211014,8.3347,7.9488,1.8269,22175,0.001024,3.178496,,0.040192,0.159744,0,0.13977599999999998,0.0076799999999999993,0.009472,,0.0051199999999999996,,2.1396479999999998,18870,16008,609,0.20121100000005754
18871,363.79192360402493,278040919783,1,7.8848004341125488,7.5195,8.530944,1.7699,16387,0.0012799999999999999,3.191296,,0.035328,0.16486399999999998,0,0.145664,0.0076799999999999993,0.010239999999999999,,0.005376,,2.603264,18871,16009,609,0.20874580000008791
18872,363.7998325042517,278040994978,1,7.9089002683758736,8.0606,7.872512,1.8162,15899,0.001024,3.2785919999999997,,0.036095999999999996,0.156416,0,0.134656,0.009984,0,,0.016128,,1.74592,18872,16010,609,0.21657660000028045
18873,363.80746910430838,278041075584,1,7.6366001740098,8.903,7.88224,1.7826,16387,0.001024,3.2906239999999998,,0.040704,0.157696,0.000256,0.13747199999999998,0.0076799999999999993,0.009472,,0.0038399999999999997,,1.943808,18873,16011,609,0.22449080000023969
18874,363.81516940192745,278041164614,1,7.7002975158393383,7.622,7.600384,1.7495,15899,0.0012799999999999999,3.1697919999999997,,0.039424,0.1536,0,0.134656,0.006912,0.00896,,0.004608,,2.143744,18874,16012,609,0.23201220000009926
18875,363.82321510062354,278041240834,1,8.0456985160708427,7.8064,7.686656,2.065,16387,0.001024,3.18464,,0.038144,0.152064,0,0.133888,0.0076799999999999993,0.009472,,0.004352,,1.746432,18875,16013,609,0.24016630000005534
18876,363.83109100056686,278041318898,1,7.8758997842669487,7.9124,8.033024,1.8518,16094,0.0012799999999999999,3.1928319999999997,,0.03968,0.157696,0.000256,0.13952,0.007424,0.009984,,0.0048639999999999994,,2.0864,18876,16014,609,0.2479232000000593
18877,363.83902410005669,278041398022,1,7.9330997541546822,7.5012,7.851264,1.8939,45489,0.0012799999999999999,3.29216,,0.03968,0.16153599999999999,0,0.13977599999999998,0.0084479999999999989,0.00896,,0.004608,,1.938688,18877,16015,610,0.0033155999999507912
18878,363.84684870323127,278041473034,1,7.8246034681797028,8.1694,7.917568,1.9467,15899,0.001024,3.231744,,0.040704,0.15564799999999998,0,0.13696,0.006144,0.010496,,0.004352,,2.179328,18878,16016,610,0.0104788999997254
18879,363.854997002551,278041554728,1,8.1482995301485062,7.6867,7.802112,0.4652,16387,0.001024,3.1884799999999998,,0.039168,0.15564799999999998,0.000256,0.135936,0.007424,0.010239999999999999,,0.005632,,1.747712,18879,16017,610,0.018400200000087352
18880,363.86323110119048,278041631595,1,8.2340985536575317,8.7947,0.03328,1.8845,15899,0.001024,3.180544,,0.040448,0.160512,0.000256,0.14079999999999998,0.007424,0.009472,,0.004352,,1.7471999999999999,18880,16018,610,0.027303099999699043
18881,363.87115940334468,278041719542,1,7.9283025115728378,7.1213,8.212992,1.7703,16387,0.001024,3.235328,,0.039168,0.163328,0.000256,0.142848,0.008192,0.009472,,0.004096,,2.4153599999999997,18881,16019,610,0.034611799999765935
18882,363.87903010204082,278041790755,1,7.8706983476877213,7.9915,7.913472,1.869,15899,0.0012799999999999999,3.178752,,0.03584,0.15462399999999998,0,0.134656,0.00896,0,,0.016895999999999998,,1.9711999999999998,18882,16020,610,0.042806699999800912
18883,363.88692260487528,278041870670,1,7.8925024718046188,8.4159,7.845888,1.9934,16589,0.001024,3.2972799999999998,,0.038144,0.166656,0,0.146944,0.007936,0.009984,,0.003584,,2.143488,18883,16021,610,0.050312200000007579
18884,363.89518309948977,278041954829,1,8.2604950293898582,7.7651,7.877632,1.8533,15899,0.001024,3.297792,,0.034816,0.17536,0.000256,0.133376,0.008192,0.009472,,0.004608,,1.932288,18884,16022,610,0.059123300000010204
18885,363.90282630385485,278042032480,1,7.6432041823863983,8.1903,8.242432,1.8626,16387,0.001024,3.232256,,0.038911999999999995,0.1664,0,0.14336,0.007936,0.010239999999999999,,0.0048639999999999994,,2.3633919999999997,18885,16023,610,0.0663405000000239
18886,363.91069750566891,278042114383,1,7.8712021932005882,7.5426,7.619584,2.1407,15899,0.001024,3.18464,,0.035328,0.155136,0,0.134912,0.010752,0.010239999999999999,,0.005888,,1.7502719999999998,18886,16024,610,0.074221299999862822
18887,363.91831390306123,278042189809,1,7.6163974590599537,8.5389,7.846656,1.8217,16387,0.001024,3.0976,,0.035328,0.18944,0.000256,0.169984,0.0084479999999999989,0,,0.013568,,2.019584,18887,16025,610,0.081806199999846285
18888,363.9260642998866,278042275198,1,7.750396616756916,7.4847,7.595264,2.1274,15899,0.001024,3.2762879999999996,,0.035328,0.148224,0.001792,0.129792,0.003584,0.001024,,0.010239999999999999,,1.938176,18888,16026,610,0.089764099999683822
18889,363.93436420068025,278042350045,1,8.2999011501669884,7.8516,7.728896,1.7823,16439,0.001024,3.289344,,0.037376,0.151808,0,0.131328,0.007168,0.009472,,0.0038399999999999997,,1.922304,18889,16027,610,0.097796300000027259
18890,363.94215330215417,278042428561,1,7.7891014516353607,7.5818,8.28672,2.4377,15899,0.0012799999999999999,3.292416,,0.038655999999999996,0.152576,0.000256,0.13414399999999999,0.0038399999999999997,0.0097279999999999988,,0.0048639999999999994,,2.2208,18890,16028,610,0.10585140000011961
18891,363.9504567035147,278042504379,1,8.3034010604023933,7.9031,7.772672,1.864,16387,0.001024,3.184128,,0.037376,0.155136,0.000256,0.134912,0.0076799999999999993,0.009984,,0.005376,,1.7471999999999999,18891,16029,610,0.1138148000000001
18892,363.95830009920633,278042583410,1,7.8433956950902939,8.1143,8.289792,1.7993,15899,0.001024,3.2732159999999997,,0.0448,0.161792,0,0.137216,0.009984,0.000256,,0.0192,,1.9297279999999999,18892,16030,610,0.12214219999987108
18893,363.96639980158727,278042664553,1,8.0997021868824959,7.9963,7.81312,2.4763,16387,0.001024,3.17312,,0.03968,0.16,0,0.140544,0.004352,0.009984,,0.004352,,1.94176,18893,16031,610,0.12997489999997924
18894,363.97449170209751,278042744516,1,8.091900497674942,8.0367,8.081664,2.0581,15899,0.001024,3.29344,,0.040448,0.15488,0,0.133376,0.003328,0.010239999999999999,,0.0038399999999999997,,1.7487359999999998,18894,16032,610,0.13799299999982395
18895,363.98202750141724,278042824883,1,7.5357994064688683,8.202,8.06784,1.7728,16784,0.0012799999999999999,3.29344,,0.039424,0.157184,0,0.13824,0.0076799999999999993,0.009984,,0.004352,,2.069504,18895,16033,610,0.14562609999984488
18896,363.9900757015306,278042906903,1,8.04820004850626,7.9156,7.525632,1.773,15899,0.001024,3.187456,,0.034816,0.15872,0,0.13849599999999998,0.005376,0.0025599999999999998,,0.012288,,1.918464,18896,16034,610,0.15357850000009421
18897,363.99776519982993,278042986059,1,7.6894983649253845,8.0547,8.025088,2.0037,16387,0.001024,3.290368,,0.041728,0.172032,0,0.1472,0.0076799999999999993,0.009984,,0.004608,,2.09536,18897,16035,610,0.16128299999991214
18898,364.00625910572563,278043066606,1,8.4939058870077133,7.4394,7.668992,1.8485,15899,0.195072,3.107072,,0.040448,0.15872,0,0.136192,0.007936,0.0097279999999999988,,0.0038399999999999997,,1.747456,18898,16036,610,0.16973629999984041
18899,364.01421760204079,278043141000,1,7.9584959894418716,8.0935,8.471808,2.1599,16387,0.001024,3.297792,,0.041471999999999995,0.152832,0.000256,0.133376,0.0076799999999999993,0.009984,,0.003328,,2.351104,18899,16037,610,0.17799879999984114
18900,364.02222670068028,278043221935,1,8.0090984702110291,7.7396,7.943168,2.0471,15899,0.001024,3.27168,,0.037376,0.161792,0,0.141312,0.0084479999999999989,0.009472,,0.0051199999999999996,,2.053632,18900,16038,610,0.18730920000007245
18901,364.03008100198412,278043299331,1,7.8543014824390411,8.4106,7.981824,1.9259,16387,0.001024,3.099904,,0.03968,0.152576,0,0.132096,0.012032,0.010239999999999999,,0.004352,,2.225408,18901,16039,610,0.19341940000003888
18902,364.03777320011335,278043383437,1,7.6921982690691948,8.2637,7.84,2.1867,15899,0.001024,3.178752,,0.038655999999999996,0.153088,0,0.133632,0.003584,0.011264,,0.005376,,1.7469439999999998,18902,16040,610,0.20125879999977769
18903,364.04560390447847,278043466074,1,7.8307045623660088,8.4731,7.663104,1.8775,16387,0.001024,3.1795199999999997,,0.037888,0.158208,0,0.13849599999999998,0.007424,0.0097279999999999988,,0.004096,,1.929984,18903,16041,610,0.20953819999976986
18904,364.05353290107706,278043550805,1,7.9289963468909264,7.0186,7.830528,1.791,15899,0.001024,3.172096,,0.039168,0.16127999999999998,0,0.142336,0.004352,0.009984,,0.003584,,2.0556799999999997,18904,16042,610,0.21760859999994864
18905,364.06157710459183,278043620991,1,8.0442037433385849,7.7752,7.89888,1.8743,16387,0.001024,3.17696,,0.040192,0.160768,0,0.141568,0.003328,0.0097279999999999988,,0.005376,,1.747712,18905,16043,610,0.22512009999991278
18906,364.06910790107707,278043698743,1,7.5307963415980339,8.2796,8.022528,1.8952,15899,0.001024,3.231232,,0.034816,0.158976,0,0.13977599999999998,0.0038399999999999997,0.006144,,0.008192,,2.0928,18906,16044,610,0.23323080000000118
18907,364.07685890022674,278043781539,1,7.7509991824626923,8.0432,7.507968,1.7887,16387,0.001024,3.097088,,0.043264,0.150528,0.000256,0.132096,0.007936,0.009216,,0.005376,,1.9279359999999999,18907,16045,610,0.24039829999992435
18908,364.08502610544218,278043861971,1,8.1672053784132,7.4848,7.72736,2.1754,16101,0.0012799999999999999,3.184128,,0.037376,0.154112,0.000256,0.13414399999999999,0.007936,0.0097279999999999988,,0.005632,,1.95072,18908,16046,610,0.24864149999984875
18909,364.09290980017005,278043936819,1,7.88369495421648,8.1099,8.09728,1.8152,45489,0.001024,3.276032,,0.03456,0.15564799999999998,0,0.137216,0.004096,0,,0.014591999999999999,,2.221568,18909,16047,611,0.0035133000001223991
18910,364.10099260204078,278044017918,1,8.0828014761209488,7.2579,7.90784,2.0313,15899,0.001024,3.297536,,0.038655999999999996,0.16255999999999998,0.000256,0.142592,0.008192,0.0097279999999999988,,0.0048639999999999994,,1.925632,18910,16048,611,0.010951599999771133
18911,364.10915130385484,278044090497,1,8.1587014719843864,8.2293,8.08576,0.4855,16387,0.001024,3.2386559999999998,,0.039168,0.1536,0.000256,0.133888,0.008192,0.0097279999999999988,,0.004352,,2.103808,18911,16049,611,0.019075700000030338
18912,364.11749050453511,278044172790,1,8.3392011001706123,8.5701,0.033536,2.0507,15899,0.001024,3.2404479999999998,,0.041728,0.15129599999999999,0,0.131072,0.007936,0.009216,,0.005376,,1.747456,18912,16050,611,0.027106900000035239
18913,364.12532810374148,278044258491,1,7.8375991433858871,7.5889,8.315136,1.9865,16387,0.31488,3.289856,,0.039424,0.44723199999999996,0.000256,0.141824,0.009472,0.009216,,0.005888,,2.1178879999999998,18913,16051,611,0.035079299999779323
18914,364.13300620039684,278044334380,1,7.6780966483056545,8.1937,7.824128,1.8257,16094,0.001024,3.2363519999999997,,0.041215999999999996,0.15564799999999998,0.000256,0.13516799999999998,0.0076799999999999993,0.009216,,0.005632,,1.9327999999999999,18914,16052,611,0.042621300000064366
18915,364.141084502551,278044416317,1,8.0783022567629814,7.9994,7.65952,2.2082,16439,0.001024,3.1818239999999998,,0.040192,0.16153599999999999,0,0.14207999999999998,0.007424,0.00896,,0.004352,,1.9394559999999998,18915,16053,611,0.0509197999999742
18916,364.14915390447845,278044496311,1,8.0694016069173813,7.9694,8.061952,1.8574,15899,0.001024,3.235584,,0.041471999999999995,0.160768,0.000256,0.14079999999999998,0.0076799999999999993,0.010239999999999999,,0.0038399999999999997,,1.7471999999999999,18916,16054,611,0.058995400000185327
18917,364.15729070294782,278044576005,1,8.13679862767458,7.5205,8.046592,1.9253,29548,0.001024,3.29344,,0.039936,0.162816,0.000256,0.130304,0.008192,0.0097279999999999988,,0.0048639999999999994,,1.93408,18917,16055,611,0.067092599999796221
18918,364.16548960459181,278044651210,1,8.1989020109176636,8.3631,8.11648,2.2657,15899,0.001024,3.277568,,0.039424,0.15744,0,0.13747199999999998,0.0076799999999999993,0.010496,,0.0038399999999999997,,2.186752,18918,16056,611,0.075101200000062818
18919,364.173384502551,278044734841,1,7.89489783346653,8.0214,8.18816,1.8813,16387,0.001024,3.2345599999999997,,0.038911999999999995,0.159744,0,0.140544,0.009984,0.000256,,0.014591999999999999,,1.747456,18919,16057,611,0.083071099999870057
18920,364.18123260345806,278044815055,1,7.8481007367372513,8.1106,7.859712,1.8942,16246,0.001024,3.2404479999999998,,0.038655999999999996,0.157696,0,0.13952,0.012544,0.0097279999999999988,,0.004352,,2.1898239999999998,18920,16058,611,0.090733699999873352
18921,364.18909080215417,278044896161,1,7.8581990674138069,7.986,7.835904,1.9177,16387,0.001024,3.274752,,0.043008,0.154112,0.000256,0.13516799999999998,0.007936,0.009984,,0.005632,,1.934848,18921,16059,611,0.09883399999989706
18922,364.19701480300449,278044976021,1,7.9240007326006889,7.9294,7.831552,1.9014,15899,0.001024,3.289088,,0.040192,0.155392,0.000256,0.13644799999999999,0.007936,0.010239999999999999,,0.004608,,2.059008,18922,16060,611,0.10698090000005323
18923,364.20511930272107,278045055315,1,8.10449942946434,7.7438,7.894528,2.2835,16387,0.001024,3.186432,,0.03584,0.17177599999999998,0,0.137728,0.007936,0.0097279999999999988,,0.0038399999999999997,,1.747968,18923,16061,611,0.11526980000007825
18924,364.21297720379818,278045132753,1,7.85790104418993,7.9505,8.091904,2.5018,15899,0.001024,3.1928319999999997,,0.036095999999999996,0.158208,0,0.139008,0.007424,0.010752,,0.004096,,2.071552,18924,16062,611,0.12266959999988103
18925,364.22074019982989,278045212258,1,7.7629960142076015,8.2796,7.836928,1.8715,22171,0.001024,3.2350719999999997,,0.035328,0.14976,0,0.131072,0.007424,0.012544,,0.002048,,2.1941759999999997,18925,16063,611,0.13024610000002212
18926,364.22910530045351,278045295054,1,8.3651002496480942,8.2731,7.752448,1.8396,15899,0.001024,3.2714239999999997,,0.038655999999999996,0.169728,0,0.150272,0.007936,0.009472,,0.004608,,1.935104,18926,16064,611,0.13879570000017338
18927,364.23695780187074,278045377785,1,7.8525012359023094,7.4266,8.332032,1.9381,22316,0.0012799999999999999,3.2755199999999998,,0.039424,0.1536,0,0.134656,0.007424,0.010239999999999999,,0.004352,,2.22464,18927,16065,611,0.14639940000006391
18928,364.24485570436508,278045452051,1,7.8979022800922394,7.596,7.847168,1.7586,15899,0.001024,3.2368639999999997,,0.048383999999999996,0.159488,0,0.133632,0.0076799999999999993,0.0097279999999999988,,0.0038399999999999997,,1.9292159999999998,18928,16066,611,0.15465790000007473
18929,364.25291230158729,278045528011,1,8.0565968528389931,8.5324,7.86944,1.84,65584,0.001024,3.29344,,0.041984,0.14668799999999999,0,0.126976,0.007424,0.011776,,0.002816,,2.101248,18929,16067,611,0.16318490000003294
18930,364.26098500566894,278045613335,1,8.0727040767669678,7.6371,8.028928,2.2454,15899,0.0012799999999999999,3.2296959999999997,,0.039168,0.16153599999999999,0,0.142848,0.008192,0.009472,,0.0038399999999999997,,1.941504,18930,16068,611,0.17079670000020997
18931,364.26870009920634,278045689706,1,7.7150934375822544,8.038,8.056576,1.9063,36617,0.001024,3.29216,,0.039168,0.15795199999999998,0.000256,0.13824,0.007424,0.011007999999999999,,0.0048639999999999994,,2.029824,18931,16069,611,0.17951910000010685
18932,364.27652580073692,278045770086,1,7.8257014974951744,8.5898,7.696128,2.1548,15899,0.001024,3.238912,,0.035584,0.16153599999999999,0,0.142848,0.0038399999999999997,0.008704,,0.0051199999999999996,,1.933824,18932,16070,611,0.18610540000008768
18933,364.28445819869614,278045855984,1,7.9323975369334221,7.4529,7.81184,2.0796,16929,0.001024,3.186944,,0.040192,0.15488,0,0.135424,0.004096,0.011519999999999999,,0.004352,,1.9059199999999998,18933,16071,611,0.19440780000013547
18934,364.29264450113379,278045930513,1,8.18630214780569,8.5718,7.906304,2.036,15899,0.001024,3.2732159999999997,,0.035328,0.161792,0,0.14336,0.007424,0.009984,,0.003584,,2.1946879999999998,18934,16072,611,0.2022649000000456
18935,364.3007569019274,278046016231,1,8.1124007701873779,7.018,8.173824,1.9186,22171,0.200704,3.233024,,0.046079999999999996,0.15462399999999998,0,0.133376,0.0084479999999999989,0.00896,,0.0051199999999999996,,1.750784,18935,16073,611,0.21058940000011717
18936,364.30866840277776,278046086411,1,7.9115005210042,8.3296,7.881728,1.804,15899,0.001024,3.099904,,0.03968,0.161024,0,0.141056,0.0063999999999999994,0,,0.03456,,2.238976,18936,16074,611,0.21841379999978017
18937,364.31662869897957,278046169707,1,7.9602962359786034,7.8326,7.837952,1.8314,16387,0.001024,3.2883199999999997,,0.040959999999999996,0.16,0,0.136192,0.0076799999999999993,0.009472,,0.004608,,1.747712,18937,16075,611,0.22664489999988291
18938,364.32416979875279,278046248033,1,7.5410995632410049,8.2093,7.959552,1.7898,15899,0.0012799999999999999,3.296512,,0.039936,0.158464,0,0.135424,0.008192,0.009984,,0.004096,,2.0272639999999997,18938,16076,611,0.23366350000014791
18939,364.33197640306122,278046330126,1,7.8066042624413967,7.9464,7.539968,2.394,16387,0.001024,3.102976,,0.041984,0.158464,0.000256,0.140032,0.0076799999999999993,0.009984,,0.003584,,2.0544,18939,16077,611,0.24156270000003133
18940,364.3402169005102,278046409590,1,8.2404976710677147,8.2623,7.793408,1.9138,15899,0.0012799999999999999,3.2363519999999997,,0.041215999999999996,0.152576,0,0.132608,0.0076799999999999993,0.009472,,0.004096,,1.932288,18940,16078,611,0.25037389999988591
18941,364.34815530045353,278046492213,1,7.9383999109268188,6.9884,8.209152,1.8691,45541,0.001024,3.2913919999999997,,0.0384,0.163072,0.000256,0.141824,0.008192,0.010239999999999999,,0.004352,,2.217472,18941,16079,612,0.0030755999996472383
18942,364.35611950113378,278046562097,1,7.9642003402113914,7.9354,7.933184,1.7603,15899,0.001024,3.1861759999999997,,0.041984,0.155136,0,0.135936,0.0076799999999999993,0.010496,,0.0048639999999999994,,1.746688,18942,16080,612,0.01073949999999968
18943,364.36404530187076,278046641451,1,7.9258009791374207,8.5089,7.936256,0.4524,16387,0.001024,3.0991359999999997,,0.039424,0.15872,0,0.13849599999999998,0.009984,0.010239999999999999,,0.0051199999999999996,,2.285312,18943,16081,612,0.018378499999926134
18944,364.3715554988662,278046726540,1,7.5101968832314014,8.2905,0.03456,2.2896,15899,0.001024,3.2865279999999997,,0.034816,0.152832,0,0.133888,0.007168,0.010752,,0.005376,,1.915392,18944,16082,612,0.025781800000004296
18945,364.37963250425167,278046809445,1,8.0770049244165421,7.5774,7.496704,1.9709,16387,0.001024,3.1751679999999998,,0.039168,0.151552,0.000256,0.132352,0.011519999999999999,0.010239999999999999,,0.0048639999999999994,,1.9274239999999998,18945,16083,612,0.033782399999836343
18946,364.38762990362812,278046885219,1,7.9973991960287094,7.7023,8.052736,1.7506,16246,0.001024,3.297536,,0.040448,0.15692799999999998,0,0.13747199999999998,0.0076799999999999993,0.009984,,0.0051199999999999996,,1.948672,18946,16084,612,0.041795399999955407
18947,364.39548049886622,278046962242,1,7.8505948185920715,7.402,7.986432,1.8727,16387,0.001024,3.2972799999999998,,0.041984,0.159744,0,0.13952,0.007936,0.010496,,0.005632,,1.93408,18947,16085,612,0.049701099999765574
18948,364.4033473993764,278047036262,1,7.8669004142284393,8.0067,7.814144,1.6931,15899,0.001024,3.185664,,0.037376,0.151552,0,0.132096,0.007424,0.009984,,0.005888,,2.100224,18948,16086,612,0.057873899999776768
18949,364.41148650085034,278047116329,1,8.1391017884016037,8.0226,7.860992,1.7821,16387,0.001024,3.188992,,0.040959999999999996,0.162304,0,0.141568,0.003328,0.009216,,0.0048639999999999994,,1.747712,18949,16087,612,0.065594599999712955
18950,364.41931339994329,278047196555,1,7.82689917832613,7.8709,8.111104,1.7419,15899,0.001024,3.289344,,0.039168,0.15692799999999998,0,0.137728,0.007424,0.009472,,0.0048639999999999994,,2.0928,18950,16088,612,0.0735725999998067
18951,364.42761230158726,278047275264,1,8.298901841044426,8.2005,7.816448,1.9719,16387,0.001024,3.294208,,0.037632,0.152832,0,0.134656,0.0076799999999999993,0.010496,,0.005376,,1.9330559999999999,18951,16089,612,0.081936799999766663
18952,364.43545809948978,278047357269,1,7.8457975760102272,7.733,8.279808,1.7056,16094,0.0012799999999999999,3.2296959999999997,,0.03712,0.15872,0.000256,0.13849599999999998,0.007424,0.011519999999999999,,0.005632,,2.080768,18952,16090,612,0.089831999999660184
18953,364.44352800453515,278047434599,1,8.0699054524302483,7.9476,7.81824,1.7616,16387,0.001024,3.245568,,0.036608,0.16255999999999998,0.000256,0.143872,0.007424,0.009984,,0.004608,,2.090496,18953,16091,612,0.097845899999811081
18954,364.45210330215417,278047514075,1,8.5752978920936584,8.3612,8.056832,1.7551,15899,0.001024,3.23584,,0.041215999999999996,0.152576,0,0.133632,0.007424,0.009472,,0.004352,,1.94048,18954,16092,612,0.10645949999980076
18955,364.46013710317459,278047597687,1,8.03380087018013,7.8867,8.557824,1.7938,16387,0.001024,3.1733759999999998,,0.037632,0.162816,0,0.142848,0.011264,0.011519999999999999,,0.0038399999999999997,,2.7048959999999997,18955,16093,612,0.11447409999982483
18956,364.46849199971655,278047676554,1,8.354896679520607,8.0369,8.016896,2.1692,15899,0.001024,3.2368639999999997,,0.047616,0.155904,0,0.136192,0.0076799999999999993,0.0097279999999999988,,0.005376,,1.8711039999999999,18956,16094,612,0.12286989999984144
18957,364.47623630243766,278047756923,1,7.74430250748992,8.575,8.324096,1.8691,16387,0.001024,3.100416,,0.039168,0.161792,0.000256,0.142848,0.0084479999999999989,0,,0.039424,,2.484992,18957,16095,612,0.13074139999980616
18958,364.48441400226756,278047842673,1,8.1776995211839676,8.0608,7.734528,1.9199,16101,0.001024,3.294208,,0.042752,0.16768,0.000256,0.1472,0.0076799999999999993,0,,0.015104,,1.9307519999999998,18958,16096,612,0.13905429999977059
18959,364.49253070436504,278047923281,1,8.1167025491595268,8.3638,8.139776,2.2808,16387,0.001024,3.291648,,0.038911999999999995,0.157696,0.000256,0.137984,0.0076799999999999993,0.010496,,0.0038399999999999997,,2.1995519999999997,18959,16097,612,0.14696329999969748
18960,364.50083839994329,278048006919,1,8.3076953887939453,7.8806,8.113408,2.3901,15899,0.214272,3.179264,,0.040192,0.15744,0,0.136704,0.004608,0.000768,,0.013568,,1.746432,18960,16098,612,0.1551977999997689
18961,364.50861480300455,278048085725,1,7.7764028683304787,8.289,8.283136,2.0489,16387,0.001024,3.272704,,0.038655999999999996,0.155392,0.000256,0.13568,0.0076799999999999993,0.011519999999999999,,0.0025599999999999998,,2.2376959999999997,18961,16099,612,0.16301929999963249
18962,364.51642779903625,278048168615,1,7.81299639493227,7.9721,7.654656,2.3356,15899,0.001024,3.17184,,0.039936,0.155392,0,0.135424,0.006656,0.011264,,0.0051199999999999996,,1.7487359999999998,18962,16100,612,0.17093519999980344
18963,364.52408759920633,278048248336,1,7.6598003506660461,8.1576,7.876096,2.1469,16387,0.001024,3.1795199999999997,,0.039424,0.161024,0.000256,0.141056,0.004352,0.010752,,0.004352,,2.0290559999999997,18963,16101,612,0.17829480000000331
18964,364.53206110402493,278048329912,1,7.9735051840543747,7.8799,7.648256,2.1832,15899,0.001024,3.1813119999999997,,0.034816,0.16486399999999998,0.000256,0.145664,0.0038399999999999997,0.009984,,0.004096,,2.046464,18964,16102,612,0.18627459999970597
18965,364.54006240079366,278048408711,1,8.0012967810034752,7.9159,7.959552,1.7172,16387,0.006144,3.18592,,0.040959999999999996,0.15692799999999998,0,0.13747199999999998,0.0076799999999999993,0.009472,,0.004096,,1.93024,18965,16103,612,0.19435999999996056
18966,364.547884502551,278048487870,1,7.8221019357442856,7.3717,7.972096,2.1957,15899,0.001024,3.185664,,0.036864,0.15616,0,0.137216,0.011776,0.011776,,0.002304,,2.091008,18966,16104,612,0.20223699999996825
18967,364.55630440051021,278048561587,1,8.4198983386158943,7.9444,7.787008,2.1906,16439,0.001024,3.279616,,0.040448,0.153088,0.000256,0.13286399999999998,0.008192,0.0097279999999999988,,0.004096,,1.7471999999999999,18967,16105,612,0.2104191999997056
18968,364.56415189909296,278048641031,1,7.8474981710314751,8.0977,8.252672,1.8566,15899,0.001024,3.2962559999999996,,0.03968,0.15744,0.000256,0.139008,0.0076799999999999993,0.010496,,0.0051199999999999996,,2.0810239999999998,18968,16106,612,0.219060399999762
18969,364.57237320011336,278048722008,1,8.22130125015974,7.8621,7.842304,1.9426,16387,0.0012799999999999999,3.2704,,0.035328,0.16358399999999998,0,0.14438399999999998,0.004096,0.009472,,0.005888,,2.245632,18969,16107,612,0.22654419999980746
18970,364.58023070436508,278048800629,1,7.8575043007731438,8.2184,8.187392,2.0651,16101,0.001024,3.2714239999999997,,0.04224,0.15488,0,0.134656,0.0076799999999999993,0.011007999999999999,,0.0048639999999999994,,2.1995519999999997,18970,16108,612,0.23440729999992982
18971,364.58833740079365,278048882813,1,8.1066964194178581,8.5277,7.844352,1.7954,16582,0.0012799999999999999,3.29344,,0.041215999999999996,0.155136,0.000256,0.135424,0.0076799999999999993,0.010496,,0.0051199999999999996,,1.746688,18971,16109,612,0.24246249999987413
18972,364.59633520408164,278048968090,1,7.9978033900260925,7.6098,8.081152,1.7944,15899,0.001024,3.2906239999999998,,0.041984,0.15616,0,0.135936,0.0076799999999999993,0.0097279999999999988,,0.003584,,1.946624,18972,16110,612,0.25095169999985956
18973,364.60406240079362,278049044188,1,7.7271969057619572,7.8138,7.9744,2.1456,45489,0.001024,3.19744,,0.038655999999999996,0.17152,0,0.14771199999999998,0.008192,0.009984,,0.003584,,2.05696,18973,16111,613,0.0031170999995993043
18974,364.61216900510203,278049122326,1,8.1066042184829712,8.0997,7.70816,1.9052,15899,0.001024,3.213568,,0.035328,0.160512,0.000256,0.140288,0.005632,0.000256,,0.013824,,1.746432,18974,16112,613,0.01041049999957977
18975,364.61995520124714,278049203323,1,7.7861961908638477,8.449,8.080384,0.4486,16387,0.001024,3.2936959999999997,,0.038655999999999996,0.15103999999999998,0,0.132608,0.0038399999999999997,0.0097279999999999988,,0.0038399999999999997,,2.083584,18975,16113,613,0.018752299999960087
18976,364.62783970379814,278049287813,1,7.8845024108886719,8.1927,0.03328,1.7179,15899,0.001024,3.231232,,0.039168,0.154368,0,0.13568,0.005376,0.010239999999999999,,0.005376,,2.0508159999999998,18976,16114,613,0.026164799999605748
18977,364.63567400085032,278049369740,1,7.8342966735363007,7.2572,7.856384,1.8473,16387,0.0012799999999999999,3.0947839999999998,,0.034816,0.152832,0,0.132096,0.0076799999999999993,0.010239999999999999,,0.005376,,2.141696,18977,16115,613,0.033817099999851052
18978,364.64379350198413,278049442312,1,8.1195011734962463,8.3675,7.822848,1.7552,15899,0.001024,3.1818239999999998,,0.038655999999999996,0.155392,0,0.132608,0.003584,0.009984,,0.0048639999999999994,,2.096896,18978,16116,613,0.041930699999738863
18979,364.65149109977324,278049525987,1,7.697597611695528,7.3576,8.091904,1.8566,16387,0.001024,3.299584,,0.039168,0.16127999999999998,0,0.141568,0.0076799999999999993,0.010496,,0.004352,,1.91488,18979,16117,613,0.050059299999702489
18980,364.65969620181403,278049599563,1,8.2051018252968788,7.7003,7.678464,1.7971,15899,0.001024,3.269888,,0.035072,0.152576,0,0.133632,0.0076799999999999993,0.009984,,0.0048639999999999994,,2.09152,18980,16118,613,0.058501799999703508
18981,364.66724240362811,278049676566,1,7.5462018139660358,8.1089,8.193024,2.1092,16387,0.001024,3.29344,,0.03968,0.16768,0,0.137984,0.0038399999999999997,0.010239999999999999,,0.0048639999999999994,,1.7471999999999999,18981,16119,613,0.065505799999755254
18982,364.67512840136055,278049757655,1,7.8859981149435043,8.1287,7.515648,2.1925,15899,0.001024,3.098112,,0.039168,0.153088,0,0.134656,0.007424,0.0097279999999999988,,0.004608,,2.018048,18982,16120,613,0.0733684999995603
18983,364.6830255031179,278049838942,1,7.89710134267807,8.381,7.867392,2.017,16589,0.001024,3.291136,,0.040704,0.160512,0,0.135936,0.0076799999999999993,0.009472,,0.005632,,1.925632,18983,16121,613,0.081201199999668461
18984,364.69077180413831,278049922752,1,7.7463011257350445,7.0747,7.8784,1.8946,15899,0.001024,3.2906239999999998,,0.044544,0.160768,0,0.135424,0.007936,0.009472,,0.005376,,1.932032,18984,16122,613,0.0890426999999363
18985,364.69877120181405,278049993499,1,7.9993978142738342,7.8456,7.727104,1.8659,16387,0.001024,3.232512,,0.035584,0.16486399999999998,0,0.146176,0.008192,0.009984,,0.0051199999999999996,,2.09408,18985,16123,613,0.096935699999903591
18986,364.70679469954649,278050071955,1,8.023497648537159,7.8533,7.97568,1.9279,21683,0.001024,3.298816,,0.037376,0.150528,0.000256,0.131328,0.007424,0.0097279999999999988,,0.003584,,1.7469439999999998,18986,16124,613,0.10495389999960025
18987,364.71437000425169,278050150488,1,7.5753047131001949,7.7978,8.001024,1.7214,16387,0.001024,3.098368,,0.039168,0.16358399999999998,0,0.144128,0.007424,0.010239999999999999,,0.0048639999999999994,,2.299392,18987,16125,613,0.11278119999997216
18988,364.72244170209751,278050228466,1,8.0716982483863831,7.9458,7.555328,1.7178,15899,0.001024,3.292928,,0.03968,0.153856,0,0.13516799999999998,0.007424,0.010496,,0.0051199999999999996,,1.7487359999999998,18988,16126,613,0.12185019999969882
18989,364.73071879960315,278050307924,1,8.2770977169275284,7.9925,8.063488,1.9089,16387,0.001024,3.2701439999999997,,0.033791999999999996,0.15923199999999998,0,0.14079999999999998,0.0084479999999999989,0.009472,,0.004608,,2.64832,18989,16127,613,0.12888329999987036
18990,364.73852740221088,278050387849,1,7.8086024150252342,7.8154,8.25344,1.8896,16094,0.001024,3.2750079999999997,,0.042496,0.16153599999999999,0.000256,0.141568,0.007936,0.011264,,0.0051199999999999996,,2.285568,18990,16128,613,0.13686349999989034
18991,364.74633730158729,278050466003,1,7.8098992817103863,8.8659,7.780096,1.8714,16387,0.001024,3.1795199999999997,,0.037376,0.1536,0,0.133632,0.007936,0.009984,,0.0048639999999999994,,1.93152,18991,16129,613,0.14522059999990233
18992,364.75462130102039,278050554662,1,8.2839997485280037,7.2672,7.799552,1.8559,15899,0.0012799999999999999,3.1861759999999997,,0.039168,0.158464,0,0.13977599999999998,0.007936,0.0097279999999999988,,0.004352,,2.208256,18992,16130,613,0.15277329999980793
18993,364.76280940334465,278050627334,1,8.1881023943424225,7.8412,8.263168,1.9385,16439,0.001024,3.107328,,0.044031999999999995,0.153856,0,0.133888,0.007936,0.011264,,0.0048639999999999994,,1.7489919999999999,18993,16131,613,0.16142939999963346
18994,364.77033070436505,278050705746,1,7.5213010422885418,8.4593,8.176128,1.8363,22533,0.001024,3.2780799999999997,,0.033791999999999996,0.151808,0,0.13312,0.007936,0.010496,,0.0048639999999999994,,1.768192,18994,16132,613,0.1686320999997406
18995,364.77813270266438,278050790339,1,7.8019984066486359,7.5786,7.497728,1.7291,16387,0.001024,3.234304,,0.043264,0.15692799999999998,0.000256,0.13849599999999998,0.010239999999999999,0.001792,,0.013056,,1.915136,18995,16133,613,0.17664809999996578
18996,364.78613540249432,278050866125,1,8.00270028412342,8.394,7.781888,1.8453,16246,0.001024,3.234816,,0.037888,0.16358399999999998,0,0.13977599999999998,0.007936,0.009984,,0.0038399999999999997,,2.09152,18996,16134,613,0.1843325999998342
18997,364.79405380527209,278050950065,1,7.9184025526046753,7.4224,7.984896,2.5679,16387,0.001024,3.193856,,0.040192,0.153088,0,0.133376,0.007424,0.011007999999999999,,0.004608,,1.7471999999999999,18997,16135,613,0.19230839999954696
18998,364.80176780045349,278051024289,1,7.7139954082667828,8.0654,7.887104,1.8592,15899,0.001024,3.27424,,0.041215999999999996,0.152832,0,0.133376,0.0076799999999999993,0.009472,,0.004096,,1.9307519999999998,18998,16136,613,0.20010539999975663
18999,364.80992430555557,278051104943,1,8.1565054133534431,7.6639,7.702784,1.7315,16387,0.001024,3.26912,,0.038655999999999996,0.15462399999999998,0,0.135936,0.0076799999999999993,0.009984,,0.004352,,2.092288,18999,16137,613,0.20815349999975297
19000,364.81765420209751,278051181582,1,7.72989634424448,7.9673,8.140032,1.7339,15899,0.0012799999999999999,3.24224,,0.041215999999999996,0.15231999999999998,0,0.132352,0.007424,0.0097279999999999988,,0.004352,,1.748224,19000,16138,613,0.21577309999975114
19001,364.82545240221089,278051261255,1,7.7982000075280666,7.7905,7.701504,1.737,16387,0.0012799999999999999,3.29344,,0.037888,0.16,0,0.141824,0.007424,0.010239999999999999,,0.004096,,2.0369919999999997,19001,16139,613,0.22380809999958728
19002,364.83356230158728,278051339160,1,8.10989923775196,8.0926,7.779072,1.7049,15899,0.001024,3.22816,,0.040448,0.15462399999999998,0,0.13516799999999998,0.0076799999999999993,0.0097279999999999988,,0.005376,,1.931776,19002,16140,613,0.23236959999985629
19003,364.84154710175733,278051420086,1,7.9848002642393112,7.5929,8.091904,1.808,16387,0.001024,3.188736,,0.036864,0.15744,0,0.138752,0.0076799999999999993,0.009984,,0.003584,,2.09152,19003,16141,613,0.2399609999997665
19004,364.8494735048186,278051496015,1,7.9264026135206223,8.045,7.968256,2.4176,15899,0.001024,3.19232,,0.038911999999999995,0.155136,0,0.135936,0.0097279999999999988,0.010496,,0.004608,,1.9512319999999999,19004,16142,613,0.24801319999960469
19005,364.85730989937639,278051576465,1,7.8363949432969093,8.3777,7.907072,1.8924,45489,0.001024,3.17568,,0.04224,0.17510399999999998,0,0.134656,0.007936,0.0097279999999999988,,0.005376,,1.939968,19005,16143,614,0.0031613999999535736
19006,364.86555369897957,278051660242,1,8.2437992095947266,7.7311,7.817728,1.9142,15899,0.001024,3.231232,,0.039424,0.161024,0,0.141824,0.008192,0.002816,,0.011519999999999999,,2.046464,19006,16144,614,0.011005299999851559
19007,364.8732937003968,278051737553,1,7.7400011941790581,8.0376,7.938048,0.4446,16387,0.001024,3.178496,,0.04224,0.156416,0.000256,0.137728,0.0076799999999999993,0.011264,,0.003328,,1.749248,19007,16145,614,0.018588800000088668
19008,364.88124330357141,278051817929,1,7.9496027901768684,8.3057,0.036096,1.8025,16101,0.001024,3.09888,,0.038655999999999996,0.15564799999999998,0,0.13696,0.005888,0.009984,,0.005632,,2.15936,19008,16146,614,0.026551200000085373
19009,364.8891633999433,278051900986,1,7.9200966283679008,7.8286,7.933184,1.8067,16582,0.001024,3.2913919999999997,,0.041471999999999995,0.155136,0,0.135936,0.0076799999999999993,0.0097279999999999988,,0.003584,,1.9307519999999998,19009,16147,614,0.034691400000156136
19010,364.8968255031179,278051979272,1,7.6621030457317829,7.6114,7.890432,1.8043,15899,0.0048639999999999994,3.0911999999999997,,0.039168,0.158464,0,0.139008,0.003584,0.011264,,0.005632,,2.2364159999999997,19010,16148,614,0.042459700000108569
19011,364.90487080498866,278052055386,1,8.0453017726540565,7.9204,7.642368,1.87,16387,0.001024,3.0942719999999997,,0.040192,0.156672,0,0.137216,0.011264,0.0025599999999999998,,0.011776,,1.747456,19011,16149,614,0.050165500000275642
19012,364.91308129960316,278052134590,1,8.2104941830039024,8.124,8.022272,2.2057,15899,0.001024,3.2985599999999997,,0.036095999999999996,0.18176,0.000256,0.162304,0.0084479999999999989,0.000768,,0.013824,,1.7469439999999998,19012,16150,614,0.058273600000120496
19013,364.92060809948975,278052215830,1,7.5268000364303589,7.6729,8.193792,1.9466,16387,0.001024,3.287552,,0.035328,0.161024,0,0.141568,0.007424,0.011264,,0.005376,,2.3549439999999997,19013,16151,614,0.0659110999999939
19014,364.92857760062356,278052292559,1,7.9695014283061028,7.836,7.514368,1.8771,51041,0.001024,3.179008,,0.039424,0.156672,0,0.13824,0.0076799999999999993,0.010239999999999999,,0.003584,,1.9358719999999998,19014,16152,614,0.074094000000059168
19015,364.93636450538548,278052370919,1,7.78690492734313,8.0738,7.941888,2.0684,46535,0.001024,3.096832,,0.039424,0.155392,0,0.13644799999999999,0.003584,0.031744,,0.004608,,2.095104,19015,16153,614,0.081542200000058074
19016,364.94466240079362,278052451657,1,8.2978950813412666,7.5039,7.729152,1.8329,15899,0.001024,3.173888,,0.041728,0.161024,0,0.141824,0.009984,0,,0.018944,,1.747456,19016,16154,614,0.0898707999999715
19017,364.952360600907,278052526696,1,7.6982001774013042,8.2439,8.029952,1.8835,16387,0.001024,3.236608,,0.039168,0.174848,0,0.15564799999999998,0.008192,0.001536,,0.014079999999999999,,2.134528,19017,16155,614,0.09765190000007351
19018,364.96026720521542,278052609135,1,7.9066045582294464,7.5781,7.657472,2.07,15899,0.001024,3.290368,,0.038655999999999996,0.15692799999999998,0.000256,0.137216,0.012032,0.002304,,0.012032,,1.748224,19018,16156,614,0.10566139999991719
19019,364.96786240079365,278052684916,1,7.595195434987545,8.2009,7.853824,1.9767,16439,0.001024,3.180544,,0.038911999999999995,0.184576,0,0.162816,0.009216,0.001024,,0.014848,,1.7469439999999998,19019,16157,614,0.1129785000002812
19020,364.97585150226757,278052766925,1,7.9891011118888855,7.7121,7.612928,1.77,15899,0.001024,3.188736,,0.036864,0.157184,0,0.139008,0.004352,0,,0.020479999999999998,,2.028544,19020,16158,614,0.12110470000015994
19021,364.983861401644,278052844046,1,8.0098994076251984,8.1561,7.975424,1.9168,16589,0.001024,3.17312,,0.040192,0.162048,0,0.14207999999999998,0.004096,0.009472,,0.004608,,2.158336,19021,16159,614,0.12903430000005756
19022,364.99154919926303,278052925607,1,7.6877977699041367,7.351,7.987968,2.1866,15899,0.001024,3.272448,,0.037376,0.162816,0,0.14336,0.004096,0.009472,,0.006144,,2.099712,19022,16160,614,0.13694960000020728
19023,364.99959320436506,278052999117,1,8.0440053716301918,8.0409,7.66976,2.1551,33958,0.001024,3.282432,,0.039936,0.15692799999999998,0,0.13696,0.008704,0.012032,,0.003072,,1.747456,19023,16161,614,0.14478950000011537
19024,365.00731360544216,278053079526,1,7.720401044934988,8.0338,8.022528,1.7353,30284,0.001024,3.288064,,0.037376,0.35584,0,0.335872,0.0076799999999999993,0.009984,,0.004096,,1.9210239999999998,19024,16162,614,0.15250509999987116
19025,365.01519170209747,278053159864,1,7.8780967742204666,7.8725,7.705088,2.0987,16387,0.0012799999999999999,3.2895999999999996,,0.038911999999999995,0.15488,0,0.135936,0.003584,0.009984,,0.004096,,2.0840959999999997,19025,16163,614,0.16041589999986172
19026,365.02307200255103,278053238589,1,7.8803002834320068,7.8447,7.8528,1.869,15899,0.001024,3.235584,,0.036351999999999995,0.15795199999999998,0.000256,0.13952,0.0076799999999999993,0.010239999999999999,,0.0048639999999999994,,1.9425279999999998,19026,16164,614,0.16826960000025792
19027,365.03105369897958,278053317036,1,7.9816961660981178,7.6713,7.85536,1.7226,16387,0.001024,3.1039999999999996,,0.039424,0.17536,0,0.15564799999999998,0.0076799999999999993,0.009984,,0.0051199999999999996,,2.090496,19027,16165,614,0.17635109999991982
19028,365.03869370039683,278053393749,1,7.6400013640522957,7.997,7.972096,1.973,15899,0.001024,3.29472,,0.044031999999999995,0.15103999999999998,0.000256,0.131328,0.007936,0.0097279999999999988,,0.0051199999999999996,,1.9330559999999999,19028,16166,614,0.1840078000000176
19029,365.04666979875282,278053473719,1,7.9760979861021042,7.7275,7.611392,1.8365,34153,0.001024,3.188992,,0.037632,0.15795199999999998,0,0.138752,0.009216,0,,0.014848,,1.9312639999999999,19029,16167,614,0.19218580000006114
19030,365.05464220521543,278053550994,1,7.9724062234163284,8.1856,7.96032,2.7434,30284,0.001024,3.2901119999999997,,0.036351999999999995,0.163072,0,0.142848,0.007936,0.011007999999999999,,0.004096,,1.7487359999999998,19030,16168,614,0.19985440000027666
19031,365.06243839994329,278053632850,1,7.7961948700249195,7.591,7.970304,2.0719,16387,0.001024,3.296512,,0.038911999999999995,0.169216,0,0.146176,0.008192,0.009216,,0.004096,,1.746688,19031,16169,614,0.20773480000025302
19032,365.07027920209748,278053708760,1,7.84080196171999,8.1539,7.768832,6.3854,15899,0.0012799999999999999,3.0973439999999997,,0.034304,0.15795199999999998,0,0.13977599999999998,0.003328,0.011776,,0.004352,,2.170624,19032,16170,614,0.21581730000025345
19033,365.07827830215416,278053790299,1,7.9990997910499573,7.733,7.817472,1.9789,16387,0.001024,3.2256,,0.037888,0.163072,0,0.144896,0.007936,0.0097279999999999988,,0.003584,,1.9330559999999999,19033,16171,614,0.22371879999991506
19034,365.08639350198411,278053867629,1,8.1151993945240974,7.8801,7.97312,1.8466,16101,0.001024,3.292672,,0.039168,0.15744,0,0.137984,0.0097279999999999988,0.009984,,0.005376,,2.085376,19034,16172,614,0.2316291000001911
19035,365.09430880102042,278053946430,1,7.9152993857860565,8.0354,8.053248,2.5125,33958,0.001024,3.2967679999999997,,0.038655999999999996,0.157696,0,0.137984,0.008192,0.011007999999999999,,0.004096,,1.746432,19035,16173,614,0.23983859999998458
19036,365.10194479875281,278054026784,1,7.6359976083040237,7.9593,7.940352,1.9077,30284,0.001024,3.292416,,0.040192,0.163072,0,0.14310399999999998,0.008192,0.00896,,0.004352,,1.925632,19036,16174,614,0.24718320000010863
19037,365.11012650226758,278054106377,1,8.18170327693224,7.8482,7.620352,2.0548,170606,0.001024,3.1674879999999996,,0.037888,0.16,0,0.141312,0.011776,0.009984,,0.004096,,2.081792,19037,16175,615,0.0039863000001787441
19038,365.11797949971651,278054184859,1,7.8529976308345795,8.1711,8.144896,1.8955,125218,0.001024,3.10528,,0.040704,0.15462399999999998,0.000256,0.13414399999999999,0.007424,0.009984,,0.005376,,1.923584,19038,16176,615,0.010333600000194565
19039,365.12629919926303,278054266570,1,8.3196992054581642,7.4444,7.834112,0.6144,69100,0.001024,3.201536,,0.038144,0.14899199999999999,0,0.13055999999999998,0.003584,0.009984,,0.004096,,2.023424,19039,16177,615,0.0190176999999494
19040,365.13430780187076,278054341014,1,8.0086030066013336,9.3873,0.034816,2.1292,61810,0.001024,3.29216,,0.039168,0.15795199999999998,0,0.13824,0.0084479999999999989,0.0097279999999999988,,0.0051199999999999996,,2.32064,19040,16178,615,0.026539899999988847
19041,365.142226899093,278054434887,1,7.9190973192453384,6.6457,7.990528,1.9003,16387,0.001024,3.23072,,0.038911999999999995,0.16025599999999998,0,0.13183999999999998,0.0076799999999999993,0.009472,,0.004352,,2.129152,19041,16179,615,0.034425800000008167
19042,365.15014610260772,278054501344,1,7.9192034900188446,8.5691,7.90016,2.0617,15899,0.0012799999999999999,3.183872,,0.040704,0.16,0,0.138752,0.003328,0.009472,,0.004352,,1.7471999999999999,19042,16180,615,0.042864500000177941
19043,365.15822700538547,278054587035,1,8.0809025093913078,7.6394,7.897088,1.9227,16387,0.001024,3.178496,,0.039168,0.175616,0,0.15692799999999998,0.011776,0.009472,,0.004608,,2.1795839999999997,19043,16181,615,0.050483999999869411
19044,365.16631920351472,278054663429,1,8.092198520898819,7.9506,8.0576,2.5953,15899,0.001024,3.289344,,0.043008,0.153856,0,0.133632,0.007424,0.009472,,0.005376,,2.054144,19044,16182,615,0.058872000000064872
19045,365.17435300453513,278054742935,1,8.03380087018013,8.4059,8.064512,2.2829,16439,0.001024,3.229184,,0.038655999999999996,0.15923199999999998,0,0.139264,0.010496,0.000256,,0.018944,,1.7484799999999998,19045,16183,615,0.06676789999983157
19046,365.18191090561226,278054826994,1,7.5579010881483555,7.6147,8.035072,2.1017,16101,0.001024,3.1746559999999997,,0.038911999999999995,0.153088,0.000256,0.134656,0.0076799999999999993,0.010239999999999999,,0.004352,,2.111488,19046,16184,615,0.074125499999809108
19047,365.18982779903627,278054903141,1,7.9168938100337982,8.3811,7.52,1.972,16387,0.001024,3.1848959999999997,,0.038911999999999995,0.157184,0.000256,0.137216,0.0076799999999999993,0.010239999999999999,,0.0038399999999999997,,1.9161599999999999,19047,16185,615,0.082188299999870651
19048,365.19756190476187,278054986952,1,7.7341059222817421,7.9438,7.904,1.8114,16094,0.001024,3.229184,,0.039424,0.16025599999999998,0,0.141824,0.007936,0.009984,,0.0038399999999999997,,2.0925439999999997,19048,16186,615,0.0901187999998001
19049,365.20542270408163,278055066390,1,7.8607993200421333,7.3448,7.689216,1.9089,16387,0.001024,3.182336,,0.039424,0.161024,0,0.141568,0.0076799999999999993,0.0097279999999999988,,0.004608,,1.7487359999999998,19049,16187,615,0.097617699999773322
19050,365.21365549886622,278055139838,1,8.23279470205307,8.0586,7.871232,1.7261,15899,0.001024,3.191808,,0.038911999999999995,0.179968,0.000256,0.161024,0.007936,0.009984,,0.005376,,1.931776,19050,16188,615,0.10588959999995495
19051,365.22181030328795,278055220424,1,8.1548048183321953,7.9189,8.213248,1.7343,16387,0.001024,3.232256,,0.041471999999999995,0.15744,0,0.136704,0.0076799999999999993,0.0097279999999999988,,0.005632,,1.9530239999999999,19051,16189,615,0.1146643000001859
19052,365.2296104024943,278055299613,1,7.8000989742577076,7.5217,8.143616,2.1549,15899,0.001024,3.172096,,0.040448,0.15692799999999998,0.000256,0.136192,0.012288,0.002816,,0.010752,,2.279168,19052,16190,615,0.12185300000010102
19053,365.23771860119047,278055374830,1,8.1081986427307129,8.2348,7.76704,2.2042,33958,0.001024,3.240704,,0.038911999999999995,0.158464,0,0.13977599999999998,0.0076799999999999993,0.010239999999999999,,0.003328,,2.045696,19053,16191,615,0.12991430000010951
19054,365.24579209892289,278055457178,1,8.07349756360054,8.8037,8.099328,1.7989,30284,0.001024,3.0976,,0.041984,0.154368,0,0.13183999999999998,0.007936,0.009472,,0.0048639999999999994,,1.9279359999999999,19054,16192,615,0.1386806999998953
19055,365.25382340561225,278055545215,1,8.03130678832531,7.1573,8.042752,1.8365,16387,0.001024,3.2678399999999996,,0.034048,0.15462399999999998,0,0.13568,0.003584,0.010239999999999999,,0.0051199999999999996,,2.224128,19055,16193,615,0.14606490000005579
19056,365.26175300453514,278055616788,1,7.9295989125967026,8.0683,7.705344,2.1036,15899,0.001024,3.292928,,0.03584,0.162816,0.000256,0.142848,0.0076799999999999993,0.010496,,0.004608,,1.7484799999999998,19056,16194,615,0.15399329999991096
19057,365.26944860402494,278055697471,1,7.6955994591116905,8.5113,7.898624,1.894,16387,0.001024,3.2719359999999997,,0.039424,0.158208,0.000256,0.13824,0.007936,0.009984,,0.0038399999999999997,,2.193408,19057,16195,615,0.1623383000001013
19058,365.2774071003401,278055782584,1,7.9584959894418716,7.6383,7.673088,2.2189,22533,0.001024,3.23584,,0.035072,0.16,0,0.141312,0.0076799999999999993,0.009984,,0.003584,,1.935104,19058,16196,615,0.17013420000012047
19059,365.28525490362813,278055858967,1,7.8478036448359489,7.9316,7.93856,2.3583,22663,0.0012799999999999999,3.289088,,0.038911999999999995,0.153088,0,0.1344,0.0076799999999999993,0.011264,,0.0048639999999999994,,1.9560959999999998,19059,16197,615,0.17783839999992779
19060,365.29311439909293,278055938283,1,7.8594954684376717,7.9955,7.809024,2.1743,15899,0.001024,3.276032,,0.038911999999999995,0.15872,0,0.138752,0.008192,0.011007999999999999,,0.0048639999999999994,,1.7456639999999999,19060,16198,615,0.18536439999979848
19061,365.30097460317461,278056018238,1,7.860204204916954,8.039,7.852288,2.1249,16387,0.0012799999999999999,3.240704,,0.038911999999999995,0.157184,0.000256,0.13696,0.007424,0.011007999999999999,,0.0048639999999999994,,1.922304,19061,16199,615,0.19319769999992786
19062,365.308901899093,278056098628,1,7.9272957518696785,7.8425,7.83232,1.724,15899,0.001024,3.272448,,0.03968,0.152064,0,0.133376,0.0076799999999999993,0.0097279999999999988,,0.004608,,2.05696,19062,16200,615,0.20111159999987649
19063,365.316921704932,278056177053,1,8.0198058858513832,7.4808,7.920896,1.7527,16387,0.001024,3.285504,,0.041471999999999995,0.159488,0.000256,0.13977599999999998,0.0076799999999999993,0.010752,,0.0051199999999999996,,1.7484799999999998,19063,16201,615,0.20906209999975545
19064,365.32484999999997,278056251861,1,7.9282950609922409,7.8087,7.999232,1.8758,15899,0.001024,3.1825919999999996,,0.038911999999999995,0.14771199999999998,0,0.128512,0.007168,0.010239999999999999,,0.004608,,2.114816,19064,16202,615,0.2171835999997711
19065,365.33264890164395,278056329948,1,7.7989017590880394,7.9822,7.90656,2.0928,16387,0.001024,3.29216,,0.039168,0.158976,0.000256,0.13824,0.0076799999999999993,0.009984,,0.004608,,1.9264,19065,16203,615,0.22485950000009325
19066,365.34066370464853,278056409770,1,8.0148028209805489,7.9527,7.780352,1.7494,15899,0.001024,3.169536,,0.039168,0.177664,0,0.13568,0.008192,0.009984,,0.004608,,1.9297279999999999,19066,16204,615,0.23317769999994198
19067,365.34853720238095,278056489297,1,7.8734979033470154,8.0998,7.992576,2.3649,16582,0.0012799999999999999,3.2332799999999997,,0.039168,0.15795199999999998,0.000256,0.13824,0.007168,0.008192,,0.006912,,2.1178879999999998,19067,16205,615,0.24075360000006185
19068,365.35666609977324,278056570295,1,8.1288972869515419,7.674,7.868672,1.9437,15899,0.18764799999999998,3.062016,,0.038655999999999996,0.175616,0.000256,0.135424,0.008192,0.0097279999999999988,,0.005376,,1.746688,19068,16206,615,0.24901379999982964
19069,365.36456879960315,278056647035,1,7.9026995226740837,8.2796,8.099584,1.8464,45489,0.0012799999999999999,3.1884799999999998,,0.039424,0.152832,0.000256,0.133632,0.0084479999999999989,0.0097279999999999988,,0.003584,,2.207232,19069,16207,616,0.0032377999996242579
19070,365.37284970238096,278056729831,1,8.2809031009674072,7.6135,7.880192,2.3811,15899,0.001024,3.269888,,0.039936,0.156416,0,0.136704,0.0048639999999999994,0.000256,,0.037632,,1.747456,19070,16208,616,0.010779899999761255
19071,365.38096820436505,278056805966,1,8.1185018643736839,8.254,8.24576,0.4707,16641,0.001024,3.197184,,0.03968,0.338432,0,0.133632,0.009984,0.009984,,0.004608,,2.1964799999999998,19071,16209,616,0.018766599999707978
19072,365.38854950396825,278056888506,1,7.5812996365129948,8.7127,0.035328,1.8527,15899,0.0012799999999999999,3.295232,,0.045056,0.16255999999999998,0,0.14336,0.0076799999999999993,0.011007999999999999,,0.0048639999999999994,,1.918208,19072,16210,616,0.026381199999832461
19073,365.39658920068024,278056975633,1,8.03969707340002,7.5106,7.622912,1.9017,16387,0.001024,3.287552,,0.039168,0.15334399999999998,0.000256,0.13516799999999998,0.011776,0.00896,,0.004608,,1.9363839999999999,19073,16211,616,0.034352199999830191
19074,365.40483240504534,278057050739,1,8.2432040944695473,8.0243,8.017408,2.0019,15899,0.001024,3.2901119999999997,,0.041215999999999996,0.15616,0,0.13644799999999999,0.007424,0.009472,,0.004352,,1.7487359999999998,19074,16212,616,0.042598899999575224
19075,365.41285050311791,278057130982,1,8.0180978402495384,7.5161,8.222976,1.7499,16387,0.001024,3.299072,,0.040448,0.159488,0,0.140032,0.007424,0.010752,,0.0048639999999999994,,2.072832,19075,16213,616,0.050861599999734608
19076,365.42097730300452,278057206143,1,8.1267999485135078,8.0748,7.975936,1.7755,15899,0.001024,3.1915519999999997,,0.038911999999999995,0.34022399999999997,0,0.138752,0.0097279999999999988,0.0097279999999999988,,0.004096,,2.192384,19076,16214,616,0.058817699999963224
19077,365.42883939909296,278057286891,1,7.8620957210659981,8.232,8.098304,1.7096,16387,0.001024,3.273472,,0.0384,0.43776,0,0.41881599999999997,0.007424,0.0097279999999999988,,0.004352,,1.74976,19077,16215,616,0.066689199999927951
19078,365.43666529903629,278057369211,1,7.8258998692035675,8.246,7.83488,1.8162,15899,0.001024,3.0991359999999997,,0.038911999999999995,0.1536,0,0.134912,0.0038399999999999997,0.009472,,0.005632,,2.220544,19078,16216,616,0.074505299999600538
19079,365.44502730300451,278057451671,1,8.3620036020874977,7.9787,7.862528,1.9073,16387,0.001024,3.238912,,0.047104,0.155136,0,0.13516799999999998,0.0076799999999999993,0.009216,,0.004096,,1.9279359999999999,19079,16217,616,0.08282249999956548
19080,365.45295320294781,278057531458,1,7.92589969933033,7.8608,8.335616,1.9638,15899,0.001024,3.27296,,0.03968,0.16947199999999998,0,0.15001599999999998,0.008192,0.0097279999999999988,,0.0048639999999999994,,2.494976,19080,16218,616,0.090962699999636243
19081,365.46109910005669,278057610066,1,8.1458967179059982,7.8157,7.905024,2.2371,16387,0.001024,3.169024,,0.038144,0.181504,0,0.13824,0.010496,0.0097279999999999988,,0.004352,,1.747712,19081,16219,616,0.0988457999997081
19082,365.46918520408161,278057688223,1,8.0861039459705353,8.2827,8.141824,1.8966,15899,0.0012799999999999999,3.235328,,0.040704,0.15616,0,0.136704,0.007936,0.009472,,0.005888,,1.967104,19082,16220,616,0.10757549999971161
19083,365.47745800028343,278057771050,1,8.27279593795538,8.0926,8.053248,1.8609,16387,0.001024,3.294464,,0.041728,0.153088,0.000256,0.13286399999999998,0.007424,0.0097279999999999988,,0.0051199999999999996,,1.9345919999999999,19083,16221,616,0.11544119999962277
19084,365.48524029903626,278057851976,1,7.782298605889082,7.9874,8.261376,2.695,16101,0.001024,3.172096,,0.039168,0.155392,0.000256,0.13568,0.005632,0.011519999999999999,,0.004352,,2.084608,19084,16222,616,0.12296219999961977
19085,365.49317230017004,278057931850,1,7.9320007935166359,8.5988,7.748352,1.8058,16387,0.001024,3.27936,,0.035328,0.155392,0.000256,0.136704,0.008192,0.00896,,0.005376,,2.103296,19085,16223,616,0.13086219999968307
19086,365.5014288052721,278058017838,1,8.2565052434802055,7.9952,7.91808,1.8972,16094,0.001024,3.2386559999999998,,0.040959999999999996,0.16383999999999999,0.000256,0.142848,0.0076799999999999993,0.009984,,0.005376,,1.935616,19086,16224,616,0.13942269999961354
19087,365.50955189909297,278058097790,1,8.1230942159891129,7.4953,8.240128,1.7258,16387,0.001024,3.230464,,0.039936,0.159744,0,0.139264,0.007424,0.010239999999999999,,0.004608,,2.467584,19087,16225,616,0.14779149999958463
19088,365.51737100340137,278058172743,1,7.8191040083765984,7.9296,8.113664,2.3889,15899,0.001024,3.1910399999999997,,0.039424,0.158464,0,0.13849599999999998,0.010752,0.010752,,0.005632,,1.746432,19088,16226,616,0.15510889999995925
19089,365.52527830215416,278058252039,1,7.9072983935475349,8.4989,7.789056,1.9748,16387,0.001024,3.296512,,0.038655999999999996,0.15129599999999999,0.000256,0.13286399999999998,0.007168,0.009984,,0.0038399999999999997,,2.068224,19089,16227,616,0.16302539999969667
19090,365.53309019982993,278058337028,1,7.8118978999555111,8.4252,7.84,2.4381,15899,0.001024,3.22688,,0.039168,0.15744,0.000256,0.13696,0.011007999999999999,0.010239999999999999,,0.004096,,1.93536,19090,16228,616,0.17090959999995903
19091,365.54092920209752,278058421280,1,7.8390026465058327,7.2854,7.838976,1.8377,16387,0.001024,3.269376,,0.041728,0.15488,0,0.134656,0.0076799999999999993,0.009984,,0.005376,,1.931776,19091,16229,616,0.17869089999976495
19092,365.54900430130385,278058494134,1,8.0750994384288788,7.9298,7.819264,2.106,15899,0.001024,3.176704,,0.038655999999999996,0.16,0,0.14079999999999998,0.007168,0.010239999999999999,,0.004352,,2.0974079999999997,19092,16230,616,0.18710069999997359
19093,365.55723880385489,278058573432,1,8.2345027476549149,7.8639,8.06016,1.7343,16387,0.001024,3.235584,,0.039168,0.15564799999999998,0,0.135936,0.006656,0.000256,,0.015872,,2.4166399999999997,19093,16231,616,0.19587259999980233
19094,365.56513380102041,278058652071,1,7.8949974849820137,7.8207,8.207872,1.7779,15899,0.001024,3.235584,,0.039168,0.15564799999999998,0,0.135936,0.006656,0.000256,,0.015872,,2.4166399999999997,19094,16232,616,0.20313869999972667
19095,365.57302769982994,278058730278,1,7.8938985243439674,8.3597,7.881472,1.9143,16387,0.001024,3.276544,,0.034816,0.175872,0,0.13696,0.009216,0.0097279999999999988,,0.005376,,1.747456,19095,16233,616,0.21074779999980819
19096,365.58097570153058,278058813875,1,7.9480018466711044,8.3759,7.861248,1.8117,16153,0.001024,3.299328,,0.038655999999999996,0.15923199999999998,0,0.140544,0.007936,0.009216,,0.004096,,2.142208,19096,16234,616,0.21915799999987939
19097,365.58902670068028,278058897634,1,8.050999604165554,7.6647,7.939328,1.8255,16387,0.0012799999999999999,3.270656,,0.041728,0.157696,0,0.13849599999999998,0.0076799999999999993,0.0097279999999999988,,0.004096,,1.9307519999999998,19097,16235,616,0.22679659999994328
19098,365.59689490504536,278058974281,1,7.868204265832901,7.6587,8.021248,2.0884,15899,0.001024,3.2870399999999997,,0.039168,0.1536,0,0.1344,0.004096,0.009984,,0.004096,,2.173184,19098,16236,616,0.23493519999965429
19099,365.60484750566894,278059050868,1,7.9526007175445557,8.3353,7.843072,2.5438,16387,0.001024,3.291648,,0.036351999999999995,0.155392,0,0.13414399999999999,0.0076799999999999993,0.011519999999999999,,0.0051199999999999996,,1.7489919999999999,19099,16237,616,0.24257119999992938
19100,365.612997002551,278059134221,1,8.1494972109794617,7.6336,7.930368,1.6719,15899,0.001024,3.1795199999999997,,0.039168,0.15923199999999998,0.000256,0.13952,0.006656,0.010752,,0.004608,,2.017792,19100,16238,616,0.2514496999997391
19101,365.6206544005102,278059210557,1,7.6573980040848255,8.1329,8.131328,1.7985,45489,0.001024,3.1915519999999997,,0.039168,0.159488,0,0.13696,0.003328,0.009984,,0.003328,,2.52288,19101,16239,617,0.00335640000002968
19102,365.6286473993764,278059291886,1,7.9929986968636513,7.6479,7.64672,2.2671,15899,0.001024,3.2719359999999997,,0.039936,0.15872,0,0.139008,0.007424,0.010752,,0.005632,,1.9246079999999999,19102,16240,617,0.010823200000231736
19103,365.63668010204083,278059368365,1,8.0327028408646584,8.8377,7.960064,0.4235,16387,0.001024,3.1032319999999998,,0.03968,0.158976,0,0.139008,0.003584,0.010752,,0.0051199999999999996,,2.19392,19103,16241,617,0.018475100000159728
19104,365.64459530187071,278059456742,1,7.9151997342705727,7.9069,0.035072,1.6987,15899,0.001024,3.190528,,0.046848,0.15692799999999998,0.000256,0.137216,0.007424,0.009472,,0.0051199999999999996,,1.9345919999999999,19104,16242,617,0.02666380000027857
19105,365.65257779903629,278059535811,1,7.9824971035122871,7.4929,7.891968,1.887,16582,0.001024,3.2888319999999998,,0.04224,0.158976,0,0.13977599999999998,0.0076799999999999993,0.010239999999999999,,0.004352,,2.1022719999999997,19105,16243,617,0.034522599999945669
19106,365.6608093041383,278059610740,1,8.2315048202872276,7.702,7.951616,1.906,29350,0.001024,3.183872,,0.042496,0.154368,0,0.1344,0.0076799999999999993,0.009472,,0.004096,,1.749504,19106,16244,617,0.042576199999984965
19107,365.66844720096373,278059687760,1,7.637897040694952,8.0569,8.220672,1.9803,16387,0.001024,3.298816,,0.041728,0.163072,0,0.142336,0.0076799999999999993,0.010239999999999999,,0.0038399999999999997,,2.074624,19107,16245,617,0.05046600000014223
19108,365.67625850340136,278059768329,1,7.8113023191690445,7.9774,7.604992,2.1586,15899,0.001024,3.27296,,0.038655999999999996,0.152064,0,0.133376,0.007424,0.010239999999999999,,0.005376,,1.932032,19108,16246,617,0.058493200000157231
19109,365.6842444019274,278059848103,1,7.9858982935547829,8.0424,7.811328,2.0072,16734,0.001024,3.1795199999999997,,0.035328,0.160768,0.000256,0.140544,0.003584,0.009472,,0.0051199999999999996,,1.9345919999999999,19109,16247,617,0.06622830000014801
19110,365.69218990221088,278059928527,1,7.9455003142356873,7.9088,7.956224,1.9272,15899,0.001024,3.2337919999999998,,0.035328,0.164608,0.000256,0.145152,0.006912,0.010496,,0.004096,,2.139392,19110,16248,617,0.074676400000043941
19111,365.69992040107707,278060007615,1,7.7304989099502563,7.8817,7.918848,2.1299,16387,0.001024,3.0996479999999997,,0.040192,0.175616,0,0.154368,0.0076799999999999993,0.0097279999999999988,,0.0048639999999999994,,1.746688,19111,16249,617,0.081670699999904173
19112,365.70791680130384,278060086432,1,7.996399886906147,7.8692,7.724032,1.7185,15899,0.001024,3.2704,,0.038911999999999995,0.15334399999999998,0,0.133888,0.0076799999999999993,0.010752,,0.005632,,1.93024,19112,16250,617,0.089791599999898608
19113,365.71607490079361,278060165124,1,8.1580998376011848,8.2803,7.981824,2.0014,22171,0.001024,3.23712,,0.036864,0.158464,0,0.137984,0.0076799999999999993,0.009472,,0.0051199999999999996,,1.9240959999999998,19113,16251,617,0.097993599999881553
19114,365.72363210034013,278060247927,1,7.5571993365883827,7.1603,8.14336,1.9147,15899,0.001024,3.2732159999999997,,0.039424,0.16486399999999998,0,0.145664,0.0076799999999999993,0.0097279999999999988,,0.0048639999999999994,,2.014208,19114,16252,617,0.10545540000020992
19115,365.73180570436506,278060319530,1,8.1736035645008087,8.1187,7.525632,1.8318,22333,0.001024,3.294208,,0.036095999999999996,0.15231999999999998,0,0.13312,0.007168,0.0097279999999999988,,0.004096,,1.9312639999999999,19115,16253,617,0.11466440000003786
19116,365.73992820294785,278060400717,1,8.1224981695413589,8.2189,8.16128,1.7549,15899,0.001024,3.294208,,0.036095999999999996,0.15231999999999998,0,0.13312,0.007168,0.0097279999999999988,,0.004096,,1.9312639999999999,19116,16254,617,0.12241489999996702
19117,365.74758100198409,278060482906,1,7.6527991332113743,7.4337,8.110592,1.8324,16387,0.001024,3.187456,,0.039424,0.162048,0,0.139264,0.005376,0.00896,,0.005376,,2.103808,19117,16255,617,0.12957790000018576
19118,365.75549680413832,278060557243,1,7.9158022999763489,8.7529,7.545344,1.8924,58127,0.001024,3.181056,,0.035328,0.160512,0,0.14079999999999998,0.003328,0.011264,,0.005888,,1.7471999999999999,19118,16256,617,0.1378738000003068
19119,365.76337700538545,278060644772,1,7.8802015632390976,8.1921,7.976192,2.1117,28245,0.001024,3.2319999999999998,,0.039168,0.161024,0,0.14079999999999998,0.006912,0.011007999999999999,,0.0048639999999999994,,2.028544,19119,16257,617,0.14546240000026955
19120,365.77164310515872,278060726693,1,8.2660997286438942,7.2122,7.872256,2.3938,15899,0.001024,3.2319999999999998,,0.03968,0.150528,0,0.13055999999999998,0.008192,0.009472,,0.004096,,1.910016,19120,16258,617,0.15378099999998085
19121,365.77969690334464,278060798815,1,8.0537982285022736,8.267,8.246016,1.9257,23166,0.001024,3.176704,,0.039936,0.15334399999999998,0.000256,0.1344,0.011519999999999999,0.010239999999999999,,0.0038399999999999997,,1.7487359999999998,19121,16259,617,0.16137500000013461
19122,365.78770620039683,278060881485,1,8.0092968419194221,7.4207,8.027136,1.8846,16153,0.0012799999999999999,3.18464,,0.042752,0.153856,0,0.134656,0.0076799999999999993,0.009984,,0.005376,,2.0556799999999997,19122,16260,617,0.16939499999989494
19123,365.79554310515874,278060955692,1,7.836904376745224,8.1935,7.989504,1.8313,22171,0.001024,3.284224,,0.038911999999999995,0.16127999999999998,0,0.140544,0.0076799999999999993,0.009472,,0.005376,,1.933312,19123,16261,617,0.17754960000002029
19124,365.80354720096369,278061037627,1,8.0040954053401947,7.9196,7.821568,1.811,16094,0.001024,3.268608,,0.03968,0.15334399999999998,0,0.134656,0.007424,0.0097279999999999988,,0.005376,,2.040064,19124,16262,617,0.1855227000000923
19125,365.81161480300455,278061116823,1,8.0676022917032242,7.9824,7.981312,1.9845,16387,0.001024,3.293952,,0.040192,0.16127999999999998,0,0.14207999999999998,0.003328,0.009472,,0.004608,,1.7469439999999998,19125,16263,617,0.19331610000017463
19126,365.81918020124715,278061196647,1,7.56539823487401,8.1762,8.045824,1.9218,15899,0.001024,3.2936959999999997,,0.045056,0.158208,0.000256,0.139264,0.0076799999999999993,0.0097279999999999988,,0.003584,,2.095104,19126,16264,617,0.20164620000014111
19127,365.82705060232422,278061278409,1,7.8704012557864189,7.9475,7.560704,1.7308,16387,0.001024,3.172352,,0.03584,0.15616,0,0.133888,0.007936,0.009984,,0.004352,,1.932032,19127,16265,617,0.20882699999992838
19128,365.83505500283445,278061357884,1,8.0044008791446686,7.8426,7.856128,1.9238,15899,0.001024,3.230976,,0.039168,0.153856,0,0.133888,0.0076799999999999993,0.011007999999999999,,0.0048639999999999994,,1.94816,19128,16266,617,0.21693420000019614
19129,365.84296000566894,278061436310,1,7.9050026834011078,8.1424,7.925504,1.99,16387,0.001024,3.297024,,0.039168,0.15923199999999998,0,0.140288,0.0076799999999999993,0.010239999999999999,,0.0051199999999999996,,2.043136,19129,16267,617,0.22472770000013043
19130,365.85083950538547,278061517734,1,7.8794993460178375,7.3514,7.9296,1.7564,15899,0.001024,3.2399359999999997,,0.0384,0.152576,0,0.13286399999999998,0.0076799999999999993,0.0097279999999999988,,0.004352,,1.916928,19130,16268,617,0.23257749999993393
19131,365.85875620039678,278061591248,1,7.9166954383254051,8.1026,7.86432,1.8483,16387,0.001024,3.294464,,0.039936,0.15462399999999998,0,0.136192,0.007424,0.009984,,0.004352,,2.036736,19131,16269,617,0.2410902999999962
19132,365.86662859977321,278061672274,1,7.8723989427089691,7.821,7.888384,2.1035,15899,0.001024,3.2919039999999997,,0.039424,0.15744,0,0.136192,0.007936,0.009984,,0.0038399999999999997,,1.750016,19132,16270,617,0.24866370000017923
19133,365.87432370323125,278061750484,1,7.6951035298407078,7.7886,7.850496,1.8089,45489,0.0012799999999999999,3.1964159999999997,,0.040448,0.164608,0,0.145664,0.007424,0.009984,,0.003584,,2.048512,19133,16271,618,0.0032108000000334869
19134,365.88237550311788,278061828370,1,8.0517996102571487,8.4041,7.681536,2.142,16246,0.001024,3.194112,,0.035072,0.155392,0,0.136192,0.007424,0.009984,,0.0038399999999999997,,2.045184,19134,16272,618,0.010681700000077399
19135,365.89035359977322,278061912411,1,7.978096604347229,7.7094,8.037376,0.4542,16387,0.011007999999999999,3.230464,,0.0384,0.152832,0,0.133888,0.004096,0.009984,,0.003328,,1.9361279999999998,19135,16273,618,0.018842100000256323
19136,365.89841840277774,278061989505,1,8.06480273604393,8.2106,0.035072,1.7762,15899,0.001024,3.173888,,0.042496,0.154112,0,0.13312,0.007936,0.009472,,0.0038399999999999997,,2.051072,19136,16274,618,0.026484500000151456
19137,365.90651360544217,278062071611,1,8.0952029675245285,7.3242,8.029952,2.2526,16387,0.001024,3.2998399999999997,,0.039424,0.15231999999999998,0.000256,0.132608,0.0084479999999999989,0.0097279999999999988,,0.005632,,1.747456,19137,16275,618,0.034538900000370631
19138,365.91400530045348,278062144853,1,7.49169522896409,8.3446,8.09088,2.1704,15899,0.001024,3.17696,,0.039168,0.160512,0,0.141056,0.007936,0.011007999999999999,,0.004352,,2.371584,19138,16276,618,0.042059500000050321
19139,365.92211910430836,278062228299,1,8.1138042733073235,7.6438,7.471104,1.7194,16387,0.0012799999999999999,3.17056,,0.036095999999999996,0.15616,0,0.137984,0.0063999999999999994,0.001024,,0.033791999999999996,,1.9212799999999999,19139,16277,618,0.050338900000042486
19140,365.930059502551,278062304737,1,7.9403985291719437,8.0602,8.10112,1.7241,15899,0.001024,3.231232,,0.039168,0.16127999999999998,0.000256,0.14310399999999998,0.007936,0.010496,,0.004608,,2.107392,19140,16278,618,0.058090500000162137
19141,365.9378188988095,278062385339,1,7.7593964524567127,7.456,7.914496,2.3582,16387,0.001024,3.295744,,0.039424,0.164096,0.000256,0.144128,0.007424,0.010239999999999999,,0.0038399999999999997,,1.747968,19141,16279,618,0.0657773000002635
19142,365.94566120323128,278062459899,1,7.8423041850328445,8.357,7.748608,1.8025,15899,0.001024,3.272448,,0.039936,0.152064,0,0.133376,0.007424,0.010239999999999999,,0.004096,,1.937408,19142,16280,618,0.074290100000325765
19143,365.95344530187072,278062543469,1,7.7840988524258137,7.7153,7.813632,1.796,16582,0.0012799999999999999,3.268608,,0.039168,0.15231999999999998,0,0.13312,0.007424,0.009984,,0.004096,,2.051072,19143,16281,618,0.082139699999970617
19144,365.96150880102039,278062620622,1,8.0634988844394684,7.7188,7.75552,2.1217,15899,0.001024,3.0973439999999997,,0.038144,0.158976,0.000256,0.140032,0.0076799999999999993,0.009984,,0.004352,,1.9494399999999998,19144,16282,618,0.090129000000160886
19145,365.96904040532877,278062697810,1,7.5316042639315128,8.4069,8.054784,2.0178,16387,0.0012799999999999999,3.2732159999999997,,0.03968,0.15334399999999998,0,0.13312,0.0076799999999999993,0.010752,,0.0038399999999999997,,2.0876799999999998,19145,16283,618,0.097209900000052585
19146,365.97683570011338,278062781879,1,7.7952947467565536,7.8371,7.510016,1.9613,15899,0.001024,3.1759359999999996,,0.035584,0.151552,0,0.13286399999999998,0.0076799999999999993,0.0097279999999999988,,0.004096,,1.935104,19146,16284,618,0.10518050000018775
19147,365.98465770266438,278062860250,1,7.8220022842288017,7.9316,7.767552,1.8247,16589,0.001024,3.229184,,0.035328,0.18201599999999998,0,0.162304,0.0084479999999999989,0.001536,,0.012799999999999999,,1.956864,19147,16285,618,0.11297160000003714
19148,365.9926647037982,278062939566,1,8.007001131772995,7.2263,7.805952,1.8324,15951,0.001024,3.27424,,0.038911999999999995,0.156672,0,0.137728,0.0076799999999999993,0.008704,,0.0051199999999999996,,2.107136,19148,16286,618,0.12136410000039177
19149,366.00091670209747,278063011829,1,8.2519985735416412,7.8542,7.994624,1.8806,16387,0.0012799999999999999,3.238912,,0.041471999999999995,0.153856,0,0.13414399999999999,0.007936,0.009984,,0.005632,,1.747712,19149,16287,618,0.12898840000025302
19150,366.00862890447843,278063090371,1,7.712202612310648,7.936,8.239104,2.1983,15899,0.001024,3.2381439999999997,,0.038655999999999996,0.161024,0,0.141312,0.007424,0.009984,,0.0038399999999999997,,2.240768,19150,16288,618,0.13772229999995034
19151,366.01639340277774,278063169731,1,7.7644982375204563,8.3195,7.640832,2.0405,16387,0.001024,3.096832,,0.039424,0.164608,0,0.144128,0.008192,0.00896,,0.004352,,1.7487359999999998,19151,16289,618,0.14470310000024256
19152,366.02428749999996,278063252926,1,7.8940968960523605,7.6874,7.799552,2.2637,15899,0.001024,3.198976,,0.03968,0.157696,0,0.137216,0.008192,0.010496,,0.005376,,1.94816,19152,16290,618,0.15268360000027315
19153,366.03214370039683,278063329800,1,7.8562004491686821,8.5346,7.867648,2.3184,16387,0.001024,3.187712,,0.039168,0.161792,0,0.141312,0.011519999999999999,0.011007999999999999,,0.005632,,1.913344,19153,16291,618,0.16083360000038738
19154,366.040147002551,278063415146,1,8.0033019185066223,7.1909,7.84384,1.9916,15899,0.001024,3.177984,,0.036608,0.150784,0,0.131328,0.007936,0.009984,,0.003584,,1.938688,19154,16292,618,0.16831820000015796
19155,366.04782100340134,278063487055,1,7.6740006916224957,7.9098,7.985408,2.7086,16387,0.001024,3.2936959999999997,,0.038911999999999995,0.153856,0,0.133888,0.007424,0.011264,,0.005888,,2.020864,19155,16293,618,0.17629250000027241
19156,366.05596270549887,278063566153,1,8.14170204102993,7.9626,7.632384,1.8294,15899,0.001024,3.102976,,0.039936,0.153856,0.000256,0.134656,0.003328,0.009984,,0.004608,,1.747712,19156,16294,618,0.18422340000006443
19157,366.06381640447842,278063645779,1,7.8536989167332649,7.6841,8.140544,1.8069,16387,0.001024,3.2931839999999997,,0.037888,0.177152,0.000256,0.157696,0.0076799999999999993,0.0097279999999999988,,0.005376,,2.093568,19157,16295,618,0.19211070000028485
19158,366.0721238024376,278063722620,1,8.307398296892643,8.014,7.82848,1.7541,15899,0.0012799999999999999,3.171328,,0.037376,0.160512,0,0.140288,0.003328,0.009472,,0.004352,,1.933568,19158,16296,618,0.20090990000016973
19159,366.08015700113378,278063802760,1,8.0331983044743538,7.8177,8.291328,2.7219,16589,0.001024,3.2296959999999997,,0.039168,0.15564799999999998,0.000256,0.136192,0.007424,0.009984,,0.0048639999999999994,,2.100224,19159,16297,618,0.20881589999999051
19160,366.08779119897957,278063880937,1,7.6341978274285793,7.751,8.01792,2.4295,15899,0.001024,3.180544,,0.039424,0.156416,0,0.136192,0.0076799999999999993,0.010752,,0.005376,,1.74592,19160,16298,618,0.21586849999994229
19161,366.095595904195,278063958447,1,7.8047052957117558,9.0312,7.60448,1.7846,16387,0.001024,3.0947839999999998,,0.035584,0.156416,0,0.13696,0.007936,0.010496,,0.004352,,1.9307519999999998,19161,16299,618,0.22393929999998363
19162,366.1038417020975,278064048759,1,8.2457978278398514,7.7915,7.773952,1.8656,15899,0.001024,3.195648,,0.039168,0.154368,0,0.13183999999999998,0.008704,0.010239999999999999,,0.003584,,2.059776,19162,16300,618,0.23208590000012919
19163,366.11188920068025,278064126674,1,8.0474987626075745,7.1739,8.198656,2.191,16582,0.0012799999999999999,3.297792,,0.043008,0.16,0,0.13977599999999998,0.003328,0.009472,,0.0038399999999999997,,1.747968,19163,16301,618,0.23997830000007525
19164,366.11944730017007,278064198413,1,7.5580994598567486,8.0893,8.061184,1.9777,15899,0.001024,3.2931839999999997,,0.036864,0.162048,0,0.142848,0.007424,0.0097279999999999988,,0.0048639999999999994,,2.083584,19164,16302,618,0.24776810000003024
19165,366.12763740079362,278064279306,1,8.1901010125875473,8.1186,7.543296,1.8984,45489,0.0012799999999999999,3.1825919999999996,,0.039168,0.156672,0,0.13747199999999998,0.0097279999999999988,0.00896,,0.0063999999999999994,,1.933568,19165,16303,619,0.0032132000001183769
19166,366.1358365008503,278064360492,1,8.1991003826260567,7.9196,8.167936,2.2694,15899,0.0012799999999999999,3.2901119999999997,,0.039424,0.155136,0,0.13696,0.004352,0.002304,,0.029183999999999998,,1.92512,19166,16304,619,0.010711100000207807
19167,366.14385140306121,278064439688,1,8.0149024724960327,7.7585,8.178432,0.4705,16387,0.0012799999999999999,3.30752,,0.038911999999999995,0.157696,0.000256,0.13824,0.003584,0.010752,,0.0051199999999999996,,1.7471999999999999,19167,16305,619,0.018508099999962724
19168,366.15202980442177,278064517273,1,8.1784017384052277,8.8388,0.03456,1.9944,15899,0.001024,3.230976,,0.040704,0.159488,0,0.13747199999999998,0.0076799999999999993,0.009216,,0.004352,,1.92,19168,16306,619,0.026884300000347139
19169,366.16043690476187,278064605661,1,8.4071001037955284,7.4493,8.144896,1.7502,16387,0.001024,3.2913919999999997,,0.040448,0.155392,0,0.134912,0.007424,0.009472,,0.004608,,2.106368,19169,16307,619,0.035088200000245706
19170,366.16802509920632,278064680154,1,7.5881942175328732,7.8537,8.3968,1.9682,15899,0.001024,3.240192,,0.041984,0.16127999999999998,0,0.141056,0.003328,0.009984,,0.003584,,1.7489919999999999,19170,16308,619,0.042664900000090711
19171,366.17581050170065,278064758691,1,7.7854027040302753,8.3118,7.568128,1.6972,16387,0.001024,3.099392,,0.03968,0.150784,0,0.13183999999999998,0.007424,0.009984,,0.004096,,2.07616,19171,16309,619,0.05044369999995979
19172,366.1839908021542,278064841809,1,8.1803007051348686,8.2629,7.772672,1.8006,16101,0.001024,3.192576,,0.040448,0.152576,0,0.13286399999999998,0.0076799999999999993,0.0097279999999999988,,0.005376,,1.928192,19172,16310,619,0.058716700000331912
19173,366.19198740079366,278064924438,1,7.99659825861454,7.5683,8.163584,2.0308,16387,0.001024,3.234816,,0.035584,0.154112,0,0.133376,0.003328,0.010496,,0.003328,,2.1027839999999998,19173,16311,619,0.066695500000150787
19174,366.19976529903624,278065000121,1,7.7778981067240238,7.8104,7.968512,1.7081,15951,0.001024,3.279104,,0.041215999999999996,0.159488,0,0.13952,0.0051199999999999996,0.011519999999999999,,0.005376,,1.747968,19174,16312,619,0.074380500000188476
19175,366.20739850481857,278065078225,1,7.6332059688866138,8.2459,7.760896,1.8165,22171,0.001024,3.1744,,0.045056,0.16153599999999999,0,0.141824,0.009216,0.009984,,0.004608,,1.941504,19175,16313,619,0.082429300000057992
19176,366.21520390447847,278065160684,1,7.8053995966911316,7.9938,7.617792,2.0588,15899,0.001024,3.170304,,0.038655999999999996,0.15103999999999998,0,0.132352,0.003584,0.009984,,0.003328,,2.152192,19176,16314,619,0.089969399999972666
19177,366.22323410572562,278065240622,1,8.0302013084292412,7.667,7.781376,1.8972,16387,0.001024,3.231232,,0.040959999999999996,0.16127999999999998,0.000256,0.142336,0.0084479999999999989,0.010239999999999999,,0.004096,,1.7484799999999998,19177,16315,619,0.097911900000326568
19178,366.23112499999996,278065317292,1,7.8908940777182579,8.004,8.007424,1.8744,15899,0.001024,3.199232,,0.038911999999999995,0.152576,0,0.132352,0.0076799999999999993,0.009984,,0.0048639999999999994,,2.0889599999999997,19178,16316,619,0.10593080000035116
19179,366.23908070436505,278065397332,1,7.9557048156857491,7.5709,7.87456,1.7519,16387,0.0012799999999999999,3.29088,,0.041728,0.15334399999999998,0,0.1344,0.008704,0.009984,,0.005632,,1.938432,19179,16317,619,0.11387860000013461
19180,366.24702859977322,278065473041,1,7.9478956758975983,7.9661,7.936,1.7738,15899,0.001024,3.268096,,0.03584,0.158976,0,0.140288,0.007424,0.010496,,0.0048639999999999994,,2.057984,19180,16318,619,0.12276180000026216
19181,366.25519460034013,278065552702,1,8.1660002470016479,7.9306,7.923712,1.7858,16387,0.001024,3.227648,,0.040448,0.152576,0,0.13286399999999998,0.0076799999999999993,0.0097279999999999988,,0.0051199999999999996,,1.7484799999999998,19181,16319,619,0.13027560000000449
19182,366.262998100907,278065632008,1,7.8035006299614906,7.9864,8.146176,2.3172,16094,0.001024,3.19872,,0.039424,0.158464,0,0.138752,0.007424,0.008704,,0.0076799999999999993,,2.0756479999999997,19182,16320,619,0.13781500000004598
19183,366.2712637046485,278065711872,1,8.2656033337116241,8.7738,7.785728,1.8208,16387,0.0012799999999999999,3.2314879999999997,,0.038655999999999996,0.151808,0,0.13286399999999998,0.0076799999999999993,0.009984,,0.004352,,2.0864,19183,16321,619,0.14624700000013036
19184,366.27915980017008,278065799610,1,7.8960955142974854,7.6615,8.255232,1.7532,16044,0.001024,3.09632,,0.0384,0.35225599999999996,0,0.137216,0.0076799999999999993,0.009472,,0.004608,,1.747712,19184,16322,619,0.15444400000023961
19185,366.286981505102,278065876225,1,7.8217051923274994,7.4968,7.862784,2.0099,23223,0.001024,3.296512,,0.038911999999999995,0.154112,0,0.13568,0.0076799999999999993,0.009984,,0.0038399999999999997,,2.1445119999999998,19185,16323,619,0.16173729999991338
19186,366.29517750141724,278065951193,1,8.1959962844848633,8.3743,7.799552,1.7964,15899,0.001024,3.1782399999999997,,0.045568,0.151808,0.000256,0.132352,0.007424,0.0097279999999999988,,0.005376,,1.920256,19186,16324,619,0.17025120000016614
19187,366.30285780187074,278066034936,1,7.6803006231784821,7.9008,8.193024,1.8696,16387,0.0012799999999999999,3.096832,,0.03712,0.152064,0.000256,0.132352,0.0076799999999999993,0.0097279999999999988,,0.004352,,2.409472,19187,16325,619,0.17838040000015098
19188,366.31067250566895,278066113944,1,7.81470350921154,7.6763,7.641856,1.8386,15899,0.001024,3.234816,,0.035584,0.16358399999999998,0,0.143616,0.005632,0.0025599999999999998,,0.012288,,1.7505279999999999,19188,16326,619,0.18533210000032341
19189,366.31846670209751,278066190707,1,7.7941962517797947,8.4617,7.802112,1.8336,16387,0.001024,3.237888,,0.03584,0.155136,0,0.135424,0.003584,0.011264,,0.0051199999999999996,,1.948928,19189,16327,619,0.19345760000032897
19190,366.32636640447845,278066275324,1,7.8997025266289711,8.0192,7.773184,1.781,15899,0.001024,3.1764479999999997,,0.03968,0.15334399999999998,0.000256,0.1344,0.007424,0.009984,,0.005376,,1.93536,19190,16328,619,0.20116080000025249
19191,366.33455110544219,278066355516,1,8.1847012042999268,7.1266,7.885568,1.8005,16387,0.001024,3.234304,,0.039936,0.16383999999999999,0,0.143872,0.005376,0.000256,,0.016384,,1.938944,19191,16329,619,0.2099926000000778
19192,366.34237840136052,278066426782,1,7.8272959217429161,8.1477,8.146176,1.8947,15899,0.001024,3.2345599999999997,,0.03968,0.148736,0,0.12928,0.007424,0.009984,,0.003584,,2.092288,19192,16330,619,0.21733710000034989
19193,366.35029010062357,278066508259,1,7.9116988927125931,7.5521,7.814656,1.9859,16387,0.001024,3.2417279999999997,,0.038655999999999996,0.15744,0,0.13824,0.0051199999999999996,0.011007999999999999,,0.004096,,1.74592,19193,16331,619,0.22505550000005314
19194,366.35836280470522,278066583780,1,8.0727040767669678,8.9,7.909888,1.7361,15899,0.001024,3.190528,,0.038911999999999995,0.157184,0,0.13747199999999998,0.0038399999999999997,0.039936,,0.004096,,2.178304,19194,16332,619,0.23346350000019811
19195,366.36651300311792,278066672780,1,8.1501984968781471,7.3857,8.03968,1.8032,16387,0.001024,3.18208,,0.038911999999999995,0.15692799999999998,0,0.13747199999999998,0.009216,0.001792,,0.012288,,2.167808,19195,16333,619,0.24238270000023476
19196,366.37431439909295,278066746637,1,7.80139584094286,7.7514,8.126208,2.0823,15899,0.001024,3.29216,,0.04224,0.160512,0,0.140544,0.0038399999999999997,0.009216,,0.004608,,2.07488,19196,16334,619,0.2489755999999943
19197,366.38261920351471,278066824151,1,8.3048045635223389,8.3653,7.789824,1.7753,45691,0.001024,3.2737279999999997,,0.038911999999999995,0.154368,0,0.13644799999999999,0.003328,0.009984,,0.004352,,2.093568,19197,16335,620,0.0037748000004285132
19198,366.39037910289113,278066907804,1,7.7598993666470051,8.8555,8.28288,1.739,15899,0.001024,3.190016,,0.040959999999999996,0.15744,0,0.137216,0.0051199999999999996,0.0097279999999999988,,0.004608,,2.032384,19198,16336,620,0.010198200000104407
19199,366.39837450396823,278066996359,1,7.9954015091061592,6.6846,7.73376,0.5651,16387,0.001024,3.1009279999999997,,0.038144,0.152832,0.000256,0.13312,0.003328,0.010239999999999999,,0.003584,,2.073088,19199,16337,620,0.018375300000116113
19200,366.40634540107709,278067063205,1,7.9708974808454514,9.9362,0.034048,1.9833,15951,0.001024,3.18208,,0.038911999999999995,0.15923199999999998,0.000256,0.139264,0.0084479999999999989,0.009472,,0.004096,,1.748224,19200,16338,620,0.025986400000419962
19201,366.41419130527208,278067162567,1,7.8459037467837334,6.4383,7.94624,1.936,16582,0.001024,3.2732159999999997,,0.039424,0.155392,0,0.135936,0.009984,0.010752,,0.0051199999999999996,,2.124288,19201,16339,620,0.0339894000003369
19202,366.42205380527207,278067226950,1,7.8624999150633812,8.145,7.750912,1.9745,15899,0.169216,3.2847359999999997,,0.03456,0.154112,0,0.136192,0.008704,0.009216,,0.005376,,1.930496,19202,16340,620,0.042194400000425958
19203,366.42980670351471,278067308400,1,7.7528981491923332,7.6579,7.92832,2.1354,16387,0.0012799999999999999,3.09632,,0.0384,0.16153599999999999,0,0.14310399999999998,0.003584,0.010496,,0.004352,,2.1191679999999997,19203,16341,620,0.049337200000081793
19204,366.43806690051019,278067384979,1,8.2601970061659813,8.0002,7.715584,1.9618,15899,0.001024,3.235584,,0.0384,0.154112,0,0.13516799999999998,0.0076799999999999993,0.010239999999999999,,0.0038399999999999997,,2.057728,19204,16342,620,0.057791200000337994
19205,366.44591360544217,278067464981,1,7.8467046841979027,8.2115,8.255488,1.7496,16387,0.001024,3.2936959999999997,,0.041471999999999995,0.158976,0,0.13849599999999998,0.007168,0.0097279999999999988,,0.0051199999999999996,,2.1376,19205,16343,620,0.065810100000362581
19206,366.45383960459185,278067547096,1,7.9259993508458138,7.1729,7.808512,1.8577,15899,0.0012799999999999999,3.104256,,0.040959999999999996,0.15872,0,0.13952,0.004096,0.00896,,0.0063999999999999994,,2.0925439999999997,19206,16344,620,0.073648900000080175
19207,366.46190380527207,278067618825,1,8.0642011016607285,8.4265,7.865856,2.124,16387,0.001024,3.18336,,0.037888,0.159488,0,0.140032,0.0097279999999999988,0.001792,,0.013312,,1.747968,19207,16345,620,0.081589400000211754
19208,366.47026280470521,278067703090,1,8.3589991554617882,7.9782,8.09216,1.9055,15899,0.001024,3.1813119999999997,,0.038911999999999995,0.156416,0,0.13696,0.007936,0.0048639999999999994,,0.004352,,2.0840959999999997,19208,16346,620,0.090176500000325177
19209,366.47874250283445,278067782872,1,8.4796985611319542,7.8535,8.332544,1.9151,16387,0.001024,3.235328,,0.036095999999999996,0.148224,0,0.128768,0.0076799999999999993,0.0097279999999999988,,0.004352,,2.275584,19209,16347,620,0.098428600000261213
19210,366.48663480017007,278067861407,1,7.8922975808382034,7.9588,8.46848,1.9276,16101,0.001024,3.234816,,0.040192,0.16025599999999998,0.000256,0.140544,0.008192,0.0097279999999999988,,0.0051199999999999996,,2.399488,19210,16348,620,0.10621660000015254
19211,366.49468710317461,278067940995,1,8.0523034557700157,8.5368,7.875328,1.8321,16387,0.001024,3.17568,,0.046591999999999995,0.15462399999999998,0,0.134912,0.007424,0.0097279999999999988,,0.0038399999999999997,,1.933568,19211,16349,620,0.11428730000034193
19212,366.50246090561222,278068026363,1,7.7738026157021523,8.3405,8.03072,1.8228,15899,0.001024,3.2345599999999997,,0.039936,0.1536,0.000256,0.133632,0.007424,0.009472,,0.0038399999999999997,,2.233856,19212,16350,620,0.12207770000031815
19213,366.51067700538545,278068109768,1,8.216099813580513,7.7306,7.75296,1.8288,16387,0.001024,3.2665599999999997,,0.03712,0.159744,0.000256,0.140032,0.007936,0.010239999999999999,,0.0051199999999999996,,1.749248,19213,16351,620,0.13023580000026413
19214,366.51840780187075,278068187074,1,7.730796467512846,8.0592,8.200704,1.8914,15899,0.001024,3.181568,,0.041471999999999995,0.154112,0,0.132352,0.0076799999999999993,0.009984,,0.004608,,1.747712,19214,16352,620,0.13902990000042337
19215,366.52632610544214,278068267666,1,7.9183038324117661,7.8183,7.711232,1.8455,16387,0.001024,3.2750079999999997,,0.038911999999999995,0.163328,0,0.142336,0.0076799999999999993,0.0097279999999999988,,0.003584,,2.033408,19215,16353,620,0.14585980000038035
19216,366.53435269982992,278068345849,1,8.0265942960977554,8.1801,7.904256,2.0418,15899,0.001024,3.18592,,0.036351999999999995,0.15923199999999998,0,0.138752,0.006656,0.009472,,0.004608,,1.92896,19216,16354,620,0.15419770000016797
19217,366.54237530470522,278068427650,1,8.0226045101881027,8.7640999999999991,8.00256,1.8897,16387,0.001024,3.29088,,0.040959999999999996,0.16153599999999999,0,0.136704,0.0076799999999999993,0.009472,,0.005632,,2.09024,19217,16355,620,0.16219680000040171
19218,366.55071230158728,278068515291,1,8.3369966596364975,6.8395,7.996672,1.8769,15899,0.001024,3.296512,,0.041215999999999996,0.15744,0,0.137984,0.010752,0.0097279999999999988,,0.0048639999999999994,,1.746432,19218,16356,620,0.17035680000026332
19219,366.55840880102039,278068583686,1,7.6964995823800564,8.3381,8.325376,1.7122,16387,0.001024,3.235328,,0.038911999999999995,0.182528,0,0.162816,0.0084479999999999989,0.009472,,0.0051199999999999996,,2.233088,19219,16357,620,0.17790690000038012
19220,366.56635590277779,278068667067,1,7.9471021890640259,8.0061,7.670784,1.951,16094,0.001024,3.2895999999999996,,0.035584,0.160768,0,0.141056,0.0084479999999999989,0.002816,,0.013056,,1.747712,19220,16358,620,0.18599760000006427
19221,366.57411490221085,278068747128,1,7.7589992433786392,8.1686,7.936512,1.919,16387,0.001024,3.297024,,0.040192,0.149504,0,0.12953599999999998,0.007424,0.008704,,0.0048639999999999994,,2.022656,19221,16359,620,0.19353810000029625
19222,366.58195980017007,278068828814,1,7.8448979184031487,7.5674,7.730688,1.8269,16101,0.001024,3.275776,,0.039168,0.15795199999999998,0,0.139008,0.0076799999999999993,0.009984,,0.005376,,2.0508159999999998,19222,16360,620,0.201488000000154
19223,366.59024289965987,278068904488,1,8.28309915959835,8.083,7.835648,1.7986,16387,0.001024,3.2962559999999996,,0.03968,0.15231999999999998,0.000256,0.132608,0.007424,0.011007999999999999,,0.0048639999999999994,,1.916672,19223,16361,620,0.20980590000044685
19224,366.59799440192745,278068985318,1,7.7515020966529846,7.5553,8.2624,1.8396,15899,0.001024,3.1746559999999997,,0.037632,0.157696,0.000256,0.135936,0.0076799999999999993,0.010752,,0.003328,,2.214144,19224,16362,620,0.2176209000003837
19225,366.60612880527208,278069060871,1,8.1344032660126686,7.9204,7.71584,1.7283,16387,0.001024,3.281408,,0.041215999999999996,0.153088,0,0.133888,0.0076799999999999993,0.011007999999999999,,0.004352,,1.747456,19225,16363,620,0.22616350000043894
19226,366.61380930413833,278069140075,1,7.6804989948868752,8.36,8.122368,1.8458,15951,0.001024,3.292928,,0.040959999999999996,0.15616,0,0.136704,0.005376,0.0097279999999999988,,0.003584,,2.197248,19226,16364,620,0.23382460000038918
19227,366.62183000283443,278069223675,1,8.02069902420044,7.7773,7.659264,1.7391,16387,0.001024,3.2279039999999997,,0.0384,0.152576,0,0.133888,0.008704,0.009984,,0.003584,,1.956864,19227,16365,620,0.24140240000042468
19228,366.62966090561224,278069301448,1,7.8309029340744019,8.5571,8.00896,1.7559,15899,0.001024,3.1897599999999997,,0.039424,0.18201599999999998,0.000256,0.16358399999999998,0.007936,0.0097279999999999988,,0.0038399999999999997,,1.934848,19228,16366,620,0.24936740000021018
19229,366.63738929988659,278069387019,1,7.7283941209316254,7.653,7.81056,1.7191,46181,0.001024,3.2767999999999997,,0.035328,0.174592,0.000256,0.155136,0.007936,0.0097279999999999988,,0.005632,,1.7469439999999998,19229,16367,621,0.0030281999997896492
19230,366.64512370323126,278069463549,1,7.7344034798443317,7.588,7.705856,1.8265,15899,0.001024,3.2399359999999997,,0.042752,0.159744,0,0.139264,0.004608,0.0012799999999999999,,0.013056,,1.93024,19230,16368,621,0.010278199999902426
19231,366.65324160289111,278069539429,1,8.1178992986679077,7.9196,7.705856,0.4445,16387,0.001024,3.172608,,0.038144,0.158208,0,0.139008,0.004096,0.009984,,0.004096,,2.04928,19231,16369,621,0.018323499999951309
19232,366.66136590136051,278069618625,1,8.12429841607809,8.2007,0.03584,1.8992,15899,0.0063999999999999994,3.266816,,0.040704,0.15616,0,0.137216,0.0076799999999999993,0.011007999999999999,,0.0048639999999999994,,1.747456,19232,16370,621,0.026399899999887566
19233,366.66912149943312,278069700632,1,7.7555980533361435,7.1328,8.123392,1.804,16387,0.001024,3.29472,,0.039168,0.160768,0,0.14207999999999998,0.0076799999999999993,0.010239999999999999,,0.0051199999999999996,,2.0894719999999998,19233,16371,621,0.03418069999997897
19234,366.67746429988659,278069771960,1,8.3428006619215012,8.1733,7.734272,1.8216,15899,0.001024,3.1764479999999997,,0.043264,0.1536,0,0.134912,0.0076799999999999993,0.009472,,0.0048639999999999994,,1.9312639999999999,19234,16372,621,0.042646899999908783
19235,366.68538929988659,278069853693,1,7.9250000417232513,8.0405,8.311808,1.7897,16589,0.001024,3.2670719999999998,,0.040704,0.153856,0,0.13414399999999999,0.005632,0.009472,,0.005632,,2.250496,19235,16373,621,0.050391399999625719
19236,366.69324829931969,278069934098,1,7.8589990735054016,7.8126,7.90528,1.8507,15899,0.001024,3.298304,,0.038655999999999996,0.147968,0,0.128,0.007936,0.009984,,0.004352,,2.1125119999999997,19236,16374,621,0.058271899999908783
19237,366.70145530045352,278070012224,1,8.20700079202652,8.4311,7.844352,1.7926,16387,0.001024,3.176192,,0.040959999999999996,0.158464,0,0.139008,0.007424,0.0097279999999999988,,0.0048639999999999994,,1.923072,19237,16375,621,0.067030999999587948
19238,366.70920740504533,278070096535,1,7.7521046623587608,7.7697,8.195072,1.8084,15899,0.001024,3.095552,,0.03712,0.158208,0,0.13952,0.007936,0.010239999999999999,,0.004608,,2.051328,19238,16376,621,0.07475109999995766
19239,366.71721380385486,278070174232,1,8.0063985660672188,7.8526,7.716608,2.1336,16582,0.0012799999999999999,3.292416,,0.035584,0.163072,0,0.14336,0.0048639999999999994,0.006912,,0.009472,,1.749504,19239,16377,621,0.082257499999741412
19240,366.725195904195,278070252758,1,7.9821003600955009,8.7468,7.990528,2.252,15899,0.001024,3.19232,,0.038655999999999996,0.15692799999999998,0.000256,0.13824,0.007424,0.009984,,0.004352,,2.021632,19240,16378,621,0.090622499999881256
19241,366.73300639880949,278070340226,1,7.8104943968355656,7.7235,7.771648,2.2103,16387,0.0012799999999999999,3.289856,,0.041215999999999996,0.158208,0.000256,0.13849599999999998,0.007936,0.010752,,0.004096,,1.93536,19241,16379,621,0.098051099999793223
19242,366.74084420351471,278070417461,1,7.8378049656748772,7.5478,7.791872,1.9138,15899,0.001024,3.284992,,0.039424,0.160512,0,0.141312,0.003584,0.010496,,0.005376,,1.923584,19242,16380,621,0.10616839999966032
19243,366.74891310232425,278070492939,1,8.0688986927270889,8.3403,7.814144,1.7595,16387,0.001024,3.1027199999999997,,0.0384,0.161792,0,0.142848,0.007936,0.009984,,0.0051199999999999996,,2.092288,19243,16381,621,0.11402599999973972
19244,366.75706310232425,278070576342,1,8.150000125169754,7.4488,8.041216,2.0129,15899,0.001024,3.278848,,0.039168,0.150272,0,0.130816,0.007424,0.0097279999999999988,,0.004352,,1.7484799999999998,19244,16382,621,0.12252499999976862
19245,366.76489540107707,278070650830,1,7.8322989866137505,8.09,8.133888,1.7295,16387,0.001024,3.2737279999999997,,0.03712,0.158208,0,0.139008,0.0038399999999999997,0.010239999999999999,,0.0048639999999999994,,2.188288,19245,16383,621,0.1300744999998642
19246,366.77316120323127,278070731730,1,8.2658017054200172,7.8877,7.81696,1.9385,15899,0.001024,3.17696,,0.034816,0.16383999999999999,0,0.14592,0.008704,0.0084479999999999989,,0.006912,,1.94688,19246,16384,621,0.13818989999981568
19247,366.7810757015306,278070810607,1,7.9144984483718872,8.2744,8.23808,1.8408,22663,0.001024,3.2962559999999996,,0.040704,0.15334399999999998,0,0.133888,0.007936,0.0097279999999999988,,0.004096,,2.1959679999999997,19247,16385,621,0.14637819999961721
19248,366.78868550170068,278070893351,1,7.6097999699413776,7.7511,7.845376,1.7456,22533,0.001024,3.2719359999999997,,0.040704,0.15462399999999998,0,0.134912,0.007424,0.009984,,0.004608,,1.92512,19248,16386,621,0.153733099999954
19249,366.7967437003968,278070970862,1,8.0581987276673317,8.1204,7.643136,1.7889,16387,0.001024,3.172352,,0.0384,0.16153599999999999,0,0.135936,0.008192,0.009984,,0.0051199999999999996,,1.93408,19249,16387,621,0.16181669999969017
19250,366.80482959892288,278071052066,1,8.0858981236815453,7.9548,8.046336,1.7205,15899,0.001024,3.27424,,0.041215999999999996,0.157184,0,0.137216,0.007424,0.010496,,0.005888,,1.749248,19250,16388,621,0.17061130000001867
19251,366.81296220238096,278071131614,1,8.1326030194759369,7.5729,8.055808,1.7221,16387,0.001024,3.277312,,0.040704,0.16,0.000256,0.140544,0.0076799999999999993,0.009216,,0.005632,,2.0170239999999997,19251,16389,621,0.17796989999988
19252,366.8205913052721,278071207343,1,7.6291030272841454,8.09,8.114688,1.7567,15951,0.001024,3.170304,,0.035584,0.160512,0,0.141824,0.007424,0.0097279999999999988,,0.004608,,2.4153599999999997,19252,16390,621,0.18569739999975354
19253,366.82844820011337,278071288243,1,7.8568952158093452,8.6115,7.608832,1.7508,16387,0.001024,3.2762879999999996,,0.041215999999999996,0.155136,0,0.13568,0.007424,0.0097279999999999988,,0.004608,,1.92512,19253,16391,621,0.19370009999965987
19254,366.8366133999433,278071374358,1,8.1652002409100533,7.5541,7.833088,1.7839,15899,0.001024,3.2404479999999998,,0.036351999999999995,0.15872,0,0.140544,0.0076799999999999993,0.009984,,0.005376,,2.196736,19254,16392,621,0.20162449999997989
19255,366.84418049886619,278071449899,1,7.5670988298952579,7.719,8.14208,2.3709,16387,0.001024,3.27168,,0.038911999999999995,0.183808,0,0.16383999999999999,0.008192,0,,0.015359999999999999,,1.924864,19255,16393,621,0.20918459999984407
19256,366.85195459892287,278071527089,1,7.7741001732647419,8.0363,7.556352,1.8057,15899,0.001024,3.175424,,0.040704,0.155392,0,0.13696,0.007424,0.010239999999999999,,0.0051199999999999996,,1.93408,19256,16394,621,0.21720659999982672
19257,366.85991730442174,278071607452,1,7.9627055674791336,7.8905,7.7504,1.7188,16387,0.001024,3.095552,,0.03712,0.15564799999999998,0.000256,0.13644799999999999,0.004608,0,,0.013568,,2.020096,19257,16395,621,0.22555429999965781
19258,366.86759090136053,278071686357,1,7.6735969632864,7.5979,7.948544,1.9202,16094,0.001024,3.101952,,0.038655999999999996,0.15923199999999998,0,0.140032,0.005376,0.009472,,0.004352,,1.7487359999999998,19258,16396,621,0.23262769999973898
19259,366.87540020549886,278071762336,1,7.809304166585207,7.9899,7.640064,1.7492,16387,0.001024,3.190784,,0.035072,0.158976,0,0.140544,0.003584,0.0097279999999999988,,0.0038399999999999997,,2.033152,19259,16397,621,0.24042329999974754
19260,366.88314450113376,278071842235,1,7.74429552257061,8.2309,7.799808,1.7684,16101,0.001024,3.295744,,0.040448,0.163072,0,0.141824,0.007424,0.010752,,0.005376,,1.8990079999999998,19260,16398,621,0.24824439999974857
19261,366.89100539965983,278071924544,1,7.8608989715576172,7.1804,7.715584,1.8055,46181,0.001024,3.1818239999999998,,0.03968,0.15001599999999998,0,0.131072,0.003328,0.009984,,0.0048639999999999994,,1.948928,19261,16399,622,0.0036972000002606364
19262,366.89906390306123,278071996348,1,8.058503270149231,7.8245,7.84512,1.7679,15899,0.001024,3.10016,,0.037888,0.153856,0,0.133888,0.007424,0.0097279999999999988,,0.0038399999999999997,,1.9461119999999998,19262,16400,622,0.010406900000361929
19263,366.90735459892289,278072074593,1,8.290695957839489,7.7697,8.033536,0.4802,16387,0.001024,3.29344,,0.038655999999999996,0.16127999999999998,0,0.140544,0.010496,0.011007999999999999,,0.004352,,1.934848,19263,16401,622,0.018548500000179047
19264,366.91533849914964,278072152290,1,7.9839006066322327,9.1002,0.03584,1.8812,15899,0.001024,3.228672,,0.040192,0.170752,0,0.132096,0.0076799999999999993,0.0097279999999999988,,0.0051199999999999996,,2.4015359999999997,19264,16402,622,0.026606900000388123
19265,366.92334840561222,278072243292,1,8.0099068582057953,6.9357,7.969536,1.8603,16387,0.0012799999999999999,3.235584,,0.044544,0.159744,0.000256,0.135424,0.003328,0.0097279999999999988,,0.0038399999999999997,,1.747456,19265,16403,622,0.034469500000341213
19266,366.93118330498862,278072312649,1,7.8348992392420769,8.1377,7.981312,1.7748,51041,0.001024,3.243264,,0.039424,0.15616,0,0.13747199999999998,0.007424,0.009984,,0.0038399999999999997,,2.210304,19266,16404,622,0.042509100000188482
19267,366.93920279903625,278072394026,1,8.019493892788887,8.0563,7.81952,1.7312,46535,0.001024,3.232256,,0.040959999999999996,0.153088,0,0.133376,0.007424,0.011007999999999999,,0.005376,,1.9327999999999999,19267,16405,622,0.050400200000240147
19268,366.94705870181406,278072474589,1,7.8559024259448051,7.9035,7.9936,1.9082,15899,0.001024,3.27424,,0.035584,0.151808,0,0.13312,0.007168,0.009472,,0.004096,,1.746688,19268,16406,622,0.059195400000135123
19269,366.95496690051021,278072553624,1,7.9081989824771881,7.9346,7.82848,1.7908,16387,0.001024,3.27424,,0.035584,0.151808,0,0.13312,0.007168,0.009472,,0.004096,,1.746688,19269,16407,622,0.066134500000316621
19270,366.96312000425166,278072632970,1,8.1531032919883728,7.977,7.890944,1.785,15899,0.001024,3.177472,,0.038911999999999995,0.154368,0,0.132096,0.008192,0.0025599999999999998,,0.011007999999999999,,2.022144,19270,16408,622,0.074372200000198063
19271,366.97076780045347,278072712740,1,7.64779606834054,8.338,8.136704,1.7397,16387,0.001024,3.235584,,0.0384,0.155904,0,0.137728,0.007936,0.010239999999999999,,0.0051199999999999996,,2.38464,19271,16409,622,0.082025600000179111
19272,366.97863550170064,278072796120,1,7.8677013516426086,7.4341,7.62496,1.8256,15899,0.001024,3.27168,,0.048128,0.152576,0,0.133376,0.007424,0.009472,,0.004096,,1.930496,19272,16410,622,0.090053100000204722
19273,366.98679530187076,278072870461,1,8.1598004326224327,8.1719,7.851008,1.8283,16589,0.001024,3.236608,,0.040959999999999996,0.166656,0,0.148736,0.006144,0.009984,,0.0038399999999999997,,2.1831679999999998,19273,16411,622,0.098101400000359718
19274,366.99466930272109,278072952180,1,7.8740008175373077,7.6655,8.142592,1.8902,15899,0.002304,3.292928,,0.040704,0.162816,0,0.142848,0.007936,0.009472,,0.0051199999999999996,,1.928448,19274,16412,622,0.10617130000036923
19275,367.002614399093,278073028835,1,7.9450961202383041,8.014,7.841536,1.7812,16387,0.001024,3.1800319999999997,,0.039424,0.184832,0,0.165376,0.0084479999999999989,0.0025599999999999998,,0.011776,,2.1027839999999998,19275,16413,622,0.11420540000017354
19276,367.01080809948979,278073108975,1,8.1937005743384361,8.09,7.929856,2.1789,33470,0.001024,3.2279039999999997,,0.039168,0.162816,0,0.142848,0.0084479999999999989,0.009472,,0.005632,,1.7489919999999999,19276,16414,622,0.12216330000001108
19277,367.01857880527211,278073189875,1,7.7707059681415558,7.8929,8.173824,1.8566,30967,0.001024,3.24224,,0.040192,0.16255999999999998,0,0.142336,0.0048639999999999994,0,,0.03712,,2.076416,19277,16415,622,0.13027790000023742
19278,367.026270904195,278073268804,1,7.6920990832149982,8.1823,7.763968,1.811,15951,0.001024,3.238912,,0.038911999999999995,0.159744,0,0.141312,0.012288,0.0097279999999999988,,0.0038399999999999997,,2.133504,19278,16416,622,0.13757910000003903
19279,367.03465430130382,278073350627,1,8.38339701294899,7.9332,7.669248,1.8477,51201,0.0012799999999999999,3.189504,,0.041471999999999995,0.156416,0.000256,0.136704,0.007424,0.0097279999999999988,,0.005376,,1.93408,19279,16417,622,0.14673250000032567
19280,367.0424924036281,278073429959,1,7.8381020575761795,8.1445,8.350208,1.9277,15899,0.001024,3.2901119999999997,,0.039168,0.162304,0.000256,0.14336,0.0076799999999999993,0.009984,,0.004608,,2.212352,19280,16418,622,0.15413540000008652
19281,367.05101220238095,278073511404,1,8.5197985172271729,7.2396,7.826944,2.0145,16387,0.001024,3.2404479999999998,,0.038911999999999995,0.15231999999999998,0,0.131584,0.0076799999999999993,0.010496,,0.005632,,1.7469439999999998,19281,16419,622,0.16252420000000711
19282,367.05887370323126,278073583800,1,7.8615006059408188,8.9676,8.506112,1.9741,33470,0.001024,3.2696319999999996,,0.03968,0.15564799999999998,0.000256,0.135936,0.0076799999999999993,0.009984,,0.0038399999999999997,,2.382848,19282,16420,622,0.17056000000002314
19283,367.06679870323126,278073673476,1,7.9250000417232513,7.5616,7.83104,2.3705,30772,0.001024,3.289344,,0.039424,0.16716799999999998,0,0.1472,0.007936,0.010752,,0.0038399999999999997,,1.749504,19283,16421,622,0.17807949999996708
19284,367.07478610402495,278073749092,1,7.9874005168676376,8.4159,7.905792,1.9339,15899,0.001024,3.244032,,0.036095999999999996,0.156672,0,0.137216,0.009984,0.000768,,0.018688,,2.031872,19284,16422,622,0.18606850000014674
19285,367.08256010487526,278073833251,1,7.7740009874105453,7.9225,7.963904,1.8428,16589,0.001024,3.295232,,0.040704,0.15334399999999998,0,0.13312,0.0076799999999999993,0.0097279999999999988,,0.0048639999999999994,,1.931776,19285,16423,622,0.19393810000019585
19286,367.09053590561223,278073912476,1,7.9758008942008018,7.7272,7.764224,1.8763,15899,0.0012799999999999999,3.1728639999999997,,0.036095999999999996,0.178944,0.000256,0.135936,0.0038399999999999997,0.009472,,0.0048639999999999994,,1.9330559999999999,19286,16424,622,0.20262250000041604
19287,367.09849440192744,278073989748,1,7.9584959894418716,7.9565,7.952896,2.1014,16387,0.001024,3.0976,,0.03968,0.15795199999999998,0,0.13747199999999998,0.008192,0.011519999999999999,,0.0048639999999999994,,2.1911039999999997,19287,16425,622,0.20991900000035457
19288,367.10641570294786,278074069313,1,7.9213008284568787,7.6887,7.937792,2.1519,33672,0.001024,3.184128,,0.039424,0.15564799999999998,0,0.136192,0.007424,0.010752,,0.004608,,1.9294719999999999,19288,16426,622,0.21775180000031469
19289,367.11421920351472,278074146200,1,7.8035006299614906,8.8253,7.894528,2.0143,30772,0.001024,3.1777279999999997,,0.039424,0.150784,0,0.132096,0.005888,0.000256,,0.032768,,2.087424,19289,16427,622,0.22630920000028709
19290,367.12268229875281,278074234453,1,8.46309494227171,7.3191,7.746816,1.9813,138896,0.0012799999999999999,3.228672,,0.035584,0.163072,0,0.14438399999999998,0.003584,0.010496,,0.003584,,1.951744,19290,16428,622,0.23450510000020586
19291,367.13048820153062,278074307644,1,7.8059029765427113,7.7792,8.471808,2.4009,178402,0.001024,3.2888319999999998,,0.039168,0.159744,0,0.139008,0.007424,0.011007999999999999,,0.004352,,2.18496,19291,16429,622,0.2424101999999948
19292,367.13847460317459,278074385436,1,7.9864012077450752,8.1831,7.79776,1.9903,61827,0.001024,3.187456,,0.03968,0.155904,0,0.136192,0.007424,0.0097279999999999988,,0.004608,,1.9307519999999998,19292,16430,622,0.2501046000002134
19293,367.14657470238092,278074467267,1,8.1000989302992821,8.3283,7.9552,2.2113,46181,0.001024,3.269888,,0.039936,0.158464,0.000256,0.13849599999999998,0.0076799999999999993,0.009472,,0.004608,,1.927168,19293,16431,623,0.0037474999999176362
19294,367.15488090277779,278074550550,1,8.3062006160616875,8.1041,8.083712,2.1737,15899,0.001024,3.2314879999999997,,0.038144,0.156672,0,0.136704,0.011519999999999999,0,,0.03712,,2.051584,19294,16432,623,0.010977899999943475
19295,367.16291750283443,278074631591,1,8.0366004258394241,7.5798,8.282112,0.5847,29855,0.20812799999999998,3.176192,,0.039424,0.159744,0,0.13977599999999998,0.0076799999999999993,0.011007999999999999,,0.0038399999999999997,,2.053376,19295,16433,623,0.018851900000299793
19296,367.17061339994331,278074707389,1,7.69589701667428,9.2495,0.034048,1.9235,16094,0.0012799999999999999,3.29088,,0.043264,0.160512,0,0.14207999999999998,0.0076799999999999993,0.008704,,0.005632,,2.179328,19296,16434,623,0.026523700000325334
19297,367.17886439909296,278074799884,1,8.2509992644190788,7.2135,7.680256,1.8573,16532,0.0012799999999999999,3.235584,,0.04224,0.158976,0,0.13952,0.007936,0.009984,,0.004096,,1.93152,19297,16435,623,0.03560749999996915
19298,367.18696270549884,278074872019,1,8.0983061343431473,7.8907,8.13568,1.8145,16101,0.001024,3.2913919999999997,,0.03968,0.15923199999999998,0,0.139264,0.007424,0.010239999999999999,,0.005632,,2.149632,19298,16436,623,0.042872100000295177
19299,367.19480030470521,278074950926,1,7.8375991433858871,7.6466,8.178688,1.8571,16387,0.001024,3.2895999999999996,,0.041215999999999996,0.155904,0.000256,0.135936,0.0076799999999999993,0.040192,,0.004096,,1.9325439999999998,19299,16437,623,0.050640500000099564
19300,367.20259119897958,278075027392,1,7.7908942475914955,8.8743,7.813632,1.8853,15899,0.001024,3.174912,,0.038911999999999995,0.174592,0.000256,0.155392,0.007936,0.009984,,0.005376,,2.0610559999999998,19300,16438,623,0.058830599999964761
19301,367.21063399943307,278075116135,1,8.04280024021864,7.4799,7.771648,1.8342,16387,0.001024,3.1910399999999997,,0.039936,0.155904,0,0.13644799999999999,0.007424,0.009984,,0.0038399999999999997,,1.747712,19301,16439,623,0.066997599999922386
19302,367.21817760062356,278075190934,1,7.5436010956764221,7.7441,8.02048,1.7683,21683,0.001024,3.194368,,0.039168,0.174848,0,0.152576,0.0063999999999999994,0.009472,,0.004096,,2.033408,19302,16440,623,0.07431250000036016
19303,367.226185600907,278075268375,1,8.0080004408955574,8.1936,7.520768,2.0487,16387,0.001024,3.0976,,0.035328,0.15334399999999998,0.000256,0.134912,0.0076799999999999993,0.009984,,0.003584,,2.019584,19303,16441,623,0.082588700000087556
19304,367.23434940476187,278075350311,1,8.1638041883707047,8.2145,7.959296,1.8518,21880,0.001024,3.233024,,0.041984,0.155136,0,0.130048,0.007424,0.009984,,0.0051199999999999996,,1.9409919999999998,19304,16442,623,0.090569200000118144
19305,367.24217520549882,278075432456,1,7.8258011490106583,7.2684,8.17664,2.4395,33958,0.001024,3.2919039999999997,,0.035328,0.155136,0.000256,0.135936,0.007424,0.011007999999999999,,0.004096,,2.082816,19305,16443,623,0.098429500000293046
19306,367.25045819869615,278075505140,1,8.2829929888248444,8.2514,7.79648,1.9446,72657,0.001024,3.237632,,0.038911999999999995,0.15564799999999998,0,0.136192,0.0076799999999999993,0.0097279999999999988,,0.006656,,1.748224,19306,16444,623,0.10720760000003793
19307,367.2586411989796,278075587654,1,8.1830006092786789,8.0268,8.275456,1.8515,16387,0.001024,3.2936959999999997,,0.039424,0.178944,0,0.14079999999999998,0.0038399999999999997,0.009984,,0.0038399999999999997,,2.28224,19307,16445,623,0.11458399999992253
19308,367.26662300170068,278075667922,1,7.981802336871624,7.8079,8.097792,1.9949,29495,0.001024,3.286272,,0.039168,0.15923199999999998,0.000256,0.13824,0.0048639999999999994,0.003584,,0.011264,,1.9543039999999998,19308,16446,623,0.12303130000009332
19309,367.27437000425169,278075746001,1,7.74700241163373,8.4973,8.028928,2.1038,16387,0.001024,3.274752,,0.03968,0.173056,0,0.132608,0.0076799999999999993,0.009984,,0.0051199999999999996,,2.0805119999999997,19309,16447,623,0.1304442000000563
19310,367.28228990221089,278075830974,1,7.9198982566595078,7.7293,7.71712,2.0471,16246,0.001024,3.2931839999999997,,0.039424,0.172032,0.000256,0.150784,0.0076799999999999993,0.0097279999999999988,,0.005632,,1.92896,19310,16448,623,0.13890859999992244
19311,367.29025210459184,278075908267,1,7.9622026532888412,8.4118,7.902464,1.9721,23021,0.001024,3.2931839999999997,,0.039424,0.172032,0.000256,0.150784,0.0076799999999999993,0.0097279999999999988,,0.005632,,1.92896,19311,16449,623,0.14616939999996248
19312,367.29835539965984,278075992385,1,8.1032952293753624,7.462,7.949568,1.8872,21683,0.0012799999999999999,3.23072,,0.040704,0.157184,0,0.133632,0.003584,0.009472,,0.005632,,2.022912,19312,16450,623,0.15467669999998179
19313,367.30621410147393,278076067005,1,7.8587019816040993,7.7145,8.083968,1.8914,16387,0.001024,3.248128,,0.040704,0.15564799999999998,0.000256,0.13568,0.006144,0.009472,,0.0048639999999999994,,1.746432,19313,16451,623,0.16198770000028162
19314,367.31412050028342,278076144150,1,7.9063987359404564,8.0058,7.831808,1.7901,18262,0.001024,3.095552,,0.043008,0.161024,0,0.141568,0.012288,0.00896,,0.0048639999999999994,,2.195456,19314,16452,623,0.17001269999991564
19315,367.32192949971653,278076224208,1,7.8089996241033077,8.384,7.887104,1.8147,16582,0.001024,3.2319999999999998,,0.035328,0.15923199999999998,0,0.132096,0.007424,0.009984,,0.004608,,1.7471999999999999,19315,16453,623,0.177726000000348
19316,367.330069005102,278076308048,1,8.1395050510764122,7.4329,7.79904,2.0612,15899,0.001024,3.185152,,0.038911999999999995,0.15616,0.000256,0.136704,0.0038399999999999997,0.009216,,0.005376,,2.046464,19316,16454,623,0.18609760000026654
19317,367.3379109056122,278076382377,1,7.841900922358036,7.9978,8.10752,1.75,16387,0.001024,3.281152,,0.039168,0.161024,0,0.142592,0.007424,0.010239999999999999,,0.004096,,2.054656,19317,16455,623,0.19375820000004751
19318,367.34570099914964,278076462355,1,7.7900933101773262,7.7525,7.827456,2.293,15899,0.001024,3.1782399999999997,,0.039424,0.155904,0,0.135936,0.0076799999999999993,0.007936,,0.0076799999999999993,,1.9363839999999999,19318,16456,623,0.20152520000010554
19319,367.35358309948975,278076539880,1,7.8821005299687386,8.2631,7.767552,1.7702,16387,0.001024,3.1764479999999997,,0.038655999999999996,0.157184,0,0.137984,0.008192,0.010496,,0.0048639999999999994,,2.044672,19319,16457,623,0.2098667000000205
19320,367.36158540249431,278076622511,1,8.00230260938406,7.7477,7.856896,1.9396,15899,0.001024,3.2750079999999997,,0.040959999999999996,0.15231999999999998,0,0.132608,0.0076799999999999993,0.009472,,0.005376,,1.748224,19320,16458,623,0.21756709999999657
19321,367.3692727040816,278076699988,1,7.6873013749718666,7.7695,7.993344,1.9413,16387,0.0012799999999999999,3.2381439999999997,,0.037632,0.154112,0.000256,0.135424,0.004352,0,,0.019968,,2.088448,19321,16459,623,0.2252160000002732
19322,367.37764860402496,278076777683,1,8.3758998662233353,8.3222,7.661824,1.9201,15899,0.0012799999999999999,3.230464,,0.03712,0.157696,0.000256,0.13952,0.009984,0.0097279999999999988,,0.004096,,1.935104,19322,16460,623,0.23433100000011109
19323,367.38544720096371,278076860905,1,7.7985967509448528,7.6843,8.36352,1.7959,16589,0.001024,3.2883199999999997,,0.041728,0.163328,0,0.143872,0.003584,0.009216,,0.005632,,1.749504,19323,16461,623,0.24128680000012537
19324,367.39335140306122,278076937748,1,7.9042017459869385,7.6889,7.767552,1.9793,15899,0.0012799999999999999,3.296512,,0.041984,0.157184,0,0.13849599999999998,0.007424,0.010239999999999999,,0.004352,,2.057728,19324,16462,623,0.24928950000003169
19325,367.40131090561221,278077014637,1,7.959502749145031,8.8685,7.892224,1.8279,46181,0.001024,3.2767999999999997,,0.041215999999999996,0.16025599999999998,0,0.140032,0.006656,0.009472,,0.004096,,1.92512,19325,16463,624,0.0033996999995906663
19326,367.40915750425171,278077103322,1,7.8465985134243965,7.2166,7.940096,1.8858,15899,0.001024,3.092736,,0.034816,0.156672,0,0.13696,0.013568,0,,0.03328,,2.352128,19326,16464,624,0.010917899999640213
19327,367.41714190051022,278077175488,1,7.9843960702419281,7.9528,7.818496,0.4454,16387,0.001024,3.292672,,0.035328,0.159744,0,0.13952,0.0051199999999999996,0.010752,,0.005376,,1.7469439999999998,19327,16465,624,0.018392799999674025
19328,367.42482980442173,278077255016,1,7.6879039406776428,8.8652,0.034304,1.9873,15899,0.0012799999999999999,3.2368639999999997,,0.038655999999999996,0.154368,0,0.134912,0.004352,0.011776,,0.004608,,2.045184,19328,16466,624,0.025962999999592284
19329,367.4326875,278077343668,1,7.85769522190094,7.4752,7.6736,1.8398,16387,0.001024,3.095296,,0.035072,0.160512,0.000256,0.140288,0.007424,0.011264,,0.003584,,1.9292159999999998,19329,16467,624,0.033903299999565206
19330,367.44071320153057,278077418420,1,8.0257011577487,7.4,7.837184,1.8756,15951,0.001024,3.271168,,0.045824,0.15616,0,0.13644799999999999,0.0076799999999999993,0.010239999999999999,,0.004096,,1.9207679999999998,19330,16468,624,0.042328599999564176
19331,367.44870510204078,278077492420,1,7.99190066754818,7.6627,8.008448,1.8797,16387,0.001024,3.297024,,0.039168,0.156672,0,0.131584,0.0076799999999999993,0.0097279999999999988,,0.0048639999999999994,,2.092032,19331,16469,624,0.049826699999812263
19332,367.45679320436506,278077569047,1,8.08810256421566,7.8064,7.960064,1.8768,15899,0.001024,3.10528,,0.036095999999999996,0.15872,0,0.139264,0.007168,0.001024,,0.012799999999999999,,1.746688,19332,16470,624,0.057890599999609549
19333,367.46489800170065,278077647111,1,8.1047974526882172,8.5599,8.073216,1.7399,16387,0.001024,3.29472,,0.039424,0.15616,0.000256,0.13747199999999998,0.007936,0.009984,,0.0038399999999999997,,2.082816,19333,16471,624,0.066087099999549537
19334,367.47334010062355,278077732710,1,8.4420992061495781,7.5414,8.078592,1.8469,16094,0.001024,3.233024,,0.034816,0.16,0,0.141056,0.004096,0.009216,,0.006144,,1.747456,19334,16472,624,0.074561999999787076
19335,367.48167010345804,278077808124,1,8.3300024271011353,8.0267,8.43008,1.913,16589,0.001024,3.19744,,0.038911999999999995,0.174336,0,0.155136,0.007936,0.0097279999999999988,,0.0048639999999999994,,2.292736,19335,16473,624,0.082837599999948
19336,367.48967830215418,278077888391,1,8.00819881260395,8.1846,8.315136,1.8258,15899,0.001024,3.237632,,0.041215999999999996,0.16025599999999998,0,0.14079999999999998,0.0076799999999999993,0.0097279999999999988,,0.004096,,2.2394879999999997,19336,16474,624,0.091471399999591085
19337,367.49762990362808,278077970237,1,7.9516014084219933,8.4339,7.987456,1.8,16387,0.001024,3.2363519999999997,,0.03712,0.15564799999999998,0.000256,0.135936,0.010752,0.009984,,0.005888,,2.104832,19337,16475,624,0.099020999999993364
19338,367.5059919005102,278078054576,1,8.3619970828294754,8.3014,7.922432,1.8178,15899,0.001024,3.178752,,0.039168,0.15795199999999998,0,0.138752,0.007936,0.0097279999999999988,,0.004608,,1.746688,19338,16476,624,0.10724089999985154
19339,367.51393350340135,278078137590,1,7.9416027292609215,8.4099,8.35328,1.8555,16387,0.0012799999999999999,3.29344,,0.043008,0.162048,0.000256,0.141824,0.007424,0.0097279999999999988,,0.004352,,2.088448,19339,16477,624,0.11521799999991345
19340,367.52217050028344,278078221689,1,8.2369968295097351,7.8244,7.921152,2.0025,15899,0.001024,3.2319999999999998,,0.035072,0.16383999999999999,0.000256,0.143872,0.005632,0.001536,,0.011776,,1.952256,19340,16478,624,0.12345359999972061
19341,367.52999770408161,278078299933,1,7.8272037208080292,8.1913,8.235008,1.9649,16387,0.001024,3.185664,,0.043519999999999996,0.156672,0,0.13696,0.007424,0.0097279999999999988,,0.005632,,2.103552,19341,16479,624,0.1310551999999916
19342,367.53791810515872,278078381846,1,7.9204011708498,8.0027,7.801856,1.8654,15899,0.0012799999999999999,3.0973439999999997,,0.0384,0.17382399999999998,0,0.15488,0.0038399999999999997,0.009984,,0.0048639999999999994,,2.0520959999999997,19342,16480,624,0.13898919999974169
19343,367.54567450396826,278078461873,1,7.7563989907503128,8.1195,7.89504,1.8715,16387,0.001024,3.29344,,0.041215999999999996,0.158208,0,0.137728,0.007424,0.009472,,0.0038399999999999997,,1.933568,19343,16481,624,0.14681289999998626
19344,367.55321660289115,278078543068,1,7.5420988723635674,7.7209,7.737344,1.9687,15899,0.001024,3.1982079999999997,,0.039168,0.155904,0,0.13696,0.004608,0.009216,,0.004608,,2.0441599999999998,19344,16482,624,0.15476909999961208
19345,367.56166300311787,278078620277,1,8.4464000537991524,7.9168,7.526656,1.9049,16387,0.001024,3.1014399999999998,,0.03584,0.160512,0,0.141056,0.010496,0,,0.028672,,1.93408,19345,16483,624,0.16276869999956034
19346,367.56924810090703,278078699445,1,7.5850975699722767,7.846,8.417536,2.0911,15899,0.0012799999999999999,3.236608,,0.040192,0.16,0,0.129792,0.007936,0.009216,,0.004608,,2.220032,19346,16484,624,0.17089679999980945
19347,367.57713810232423,278078777905,1,7.8900018706917763,7.9226,7.578368,1.7999,16387,0.001024,3.268096,,0.038655999999999996,0.151552,0,0.132096,0.007936,0.010239999999999999,,0.004608,,1.933312,19347,16485,624,0.17830749999984619
19348,367.58518900226755,278078857131,1,8.05089995265007,8.0332,7.868928,2.1797,16101,0.001024,3.1697919999999997,,0.03968,0.153088,0,0.13286399999999998,0.008192,0.009216,,0.0051199999999999996,,1.9412479999999999,19348,16486,624,0.18646099999978105
19349,367.59302640306123,278078937463,1,7.837400771677494,8.0773,7.981056,1.7919,16387,0.001024,3.244032,,0.035584,0.15692799999999998,0,0.13747199999999998,0.0051199999999999996,0.002304,,0.011264,,2.107904,19349,16487,624,0.19414469999992434
19350,367.60105420209749,278079018236,1,8.0277994275093079,7.451,7.854848,1.8371,15899,0.001024,3.1831039999999997,,0.045568,0.159744,0.000256,0.13747199999999998,0.0076799999999999993,0.0097279999999999988,,0.0051199999999999996,,1.923328,19350,16488,624,0.20291129999986879
19351,367.60887410005665,278079092746,1,7.8198974952101707,8.1246,7.985664,1.8374,16387,0.0012799999999999999,3.174144,,0.039424,0.164608,0,0.140544,0.007936,0.010239999999999999,,0.004608,,2.043136,19351,16489,624,0.21061759999975038
19352,367.61670890022674,278079173992,1,7.8348005190491676,7.6942,7.825664,2.4085,15899,0.001024,3.232256,,0.042496,0.155392,0,0.13568,0.0076799999999999993,0.011264,,0.004352,,1.747712,19352,16490,624,0.21864679999998771
19353,367.62459340277775,278079250934,1,7.8845024108886719,8.7051,7.806208,1.8992,16582,0.001024,3.1831039999999997,,0.0384,0.15564799999999998,0,0.136192,0.010239999999999999,0.011007999999999999,,0.004096,,2.041344,19353,16491,624,0.22652489999973113
19354,367.63228460175736,278079337985,1,7.6911989599466324,7.6411,7.86944,1.9185,15899,0.001024,3.278336,,0.034048,0.164352,0,0.14464,0.005888,0.010752,,0.003584,,1.926656,19354,16492,624,0.23487379999960467
19355,367.64045520124716,278079414396,1,8.1705991178751,8.0358,7.669504,2.3998,16439,0.001024,3.183872,,0.035072,0.154368,0,0.133888,0.007424,0.009984,,0.005632,,1.9212799999999999,19355,16493,624,0.24271349999980885
19356,367.64852110260767,278079494754,1,8.0659016966819763,7.9007,8.15232,2.5525,15899,0.001024,3.294208,,0.035328,0.1536,0,0.134912,0.010752,0.010239999999999999,,0.004352,,2.226944,19356,16494,624,0.25057629999992059
19357,367.65666290391152,278079573761,1,8.141801692545414,8.0773,8.048128,2.125,46181,0.001024,3.277568,,0.039168,0.159744,0,0.13952,0.007424,0.011007999999999999,,0.0051199999999999996,,1.7487359999999998,19357,16495,625,0.0038852000002407294
19358,367.66420120464852,278079654534,1,7.5383009389042854,7.8632,8.119808,2.0552,15899,0.001024,3.0976,,0.03968,0.15692799999999998,0,0.136704,0.004096,0.011007999999999999,,0.0048639999999999994,,2.414592,19358,16496,625,0.011176800000157527
19359,367.67231900510205,278079733166,1,8.1178005784749985,7.8622,7.466496,0.4842,16387,0.0012799999999999999,3.185664,,0.03968,0.156672,0.000256,0.13696,0.003584,0.0097279999999999988,,0.0048639999999999994,,1.923584,19359,16497,625,0.018617700000049808
19360,367.68032850056687,278079811788,1,8.0094952136278152,9.0063,0.03456,2.0714,16101,0.0012799999999999999,3.268608,,0.039168,0.159744,0,0.140544,0.0076799999999999993,0.009984,,0.004608,,2.070272,19360,16498,625,0.026319099999909668
19361,367.68813250425171,278079901851,1,7.804003544151783,7.1048,8.00896,2.0245,16387,0.0012799999999999999,3.23584,,0.039168,0.15564799999999998,0.000256,0.13516799999999998,0.003328,0.010752,,0.004608,,1.9264,19361,16499,625,0.034177100000306382
19362,367.69610610119048,278079972899,1,7.9735973849892616,7.7219,7.771648,2.076,15899,0.001024,3.1751679999999998,,0.040448,0.15744,0,0.13747199999999998,0.0076799999999999993,0.009472,,0.005888,,1.92896,19362,16500,625,0.04260999999996784
19363,367.70413470096372,278080050118,1,8.0285994336009026,7.6885,7.954944,2.1066,22171,0.001024,3.2913919999999997,,0.035328,0.151552,0.000256,0.131584,0.004352,0.011007999999999999,,0.004608,,2.097152,19363,16501,625,0.050188700000035169
19364,367.71204580498863,278080127003,1,7.9111037775874138,7.8471,8.004096,2.1173,15899,0.001024,3.2460799999999996,,0.0384,0.1536,0,0.133376,0.004608,0.010752,,0.0051199999999999996,,1.747968,19364,16502,625,0.057941900000059832
19365,367.72019400510203,278080205474,1,8.1481998786330223,8.2771,7.88736,1.8313,16387,0.001024,3.240704,,0.042752,0.15462399999999998,0,0.136192,0.0076799999999999993,0.009984,,0.0038399999999999997,,2.1009919999999997,19365,16503,625,0.066947600000276
19366,367.72848820153058,278080288245,1,8.2941967993974686,7.7861,8.145664,1.9915,15899,0.364544,3.295232,,0.04224,0.15231999999999998,0,0.132352,0.003584,0.009984,,0.0038399999999999997,,1.930496,19366,16504,625,0.074433400000089023
19367,367.73630369897955,278080366106,1,7.8154969960451126,7.7078,8.26112,1.9118,16387,0.001024,3.3016319999999997,,0.039168,0.153856,0.000256,0.13516799999999998,0.0084479999999999989,0.009984,,0.003328,,2.187776,19367,16505,625,0.0822266000000127
19368,367.7443077026644,278080443184,1,8.0040041357278824,8.7661,7.79904,1.8553,15899,0.001024,3.190784,,0.03712,0.156672,0.000256,0.136704,0.005888,0.0012799999999999999,,0.013056,,1.7456639999999999,19368,16506,625,0.090559700000085286
19369,367.75211820436505,278080530845,1,7.8105018474161625,7.7575,7.989248,1.922,16387,0.001024,3.1866879999999997,,0.039424,0.154368,0,0.13414399999999999,0.007936,0.011519999999999999,,0.0051199999999999996,,2.241024,19369,16507,625,0.098055800000111049
19370,367.76057610544217,278080608420,1,8.4579009562730789,7.8215,7.787008,2.1413,15899,0.001024,3.2332799999999997,,0.038655999999999996,0.159488,0.000256,0.141056,0.0076799999999999993,0.010239999999999999,,0.004352,,2.200832,19370,16508,625,0.10619059999999081
19371,367.76823260345805,278080686635,1,7.65649788081646,8.1787,8.444416,2.0257,16387,0.181248,3.275264,,0.043264,0.155904,0.000256,0.13644799999999999,0.0076799999999999993,0.0097279999999999988,,0.005376,,2.079488,19371,16509,625,0.11382200000025477
19372,367.7765248015873,278080768422,1,8.2921981811523438,7.6147,7.631104,1.83,16094,0.001024,3.233536,,0.03456,0.161792,0,0.13977599999999998,0.003328,0.010496,,0.004352,,2.028544,19372,16510,625,0.12272549999988769
19373,367.78471860119043,278080844569,1,8.1937992945313454,8.1658,8.27264,1.7779,16734,0.0012799999999999999,3.2368639999999997,,0.041728,0.156672,0,0.137216,0.005632,0.0097279999999999988,,0.005632,,2.0459519999999998,19373,16511,625,0.13090289999991
19374,367.79264199971652,278080926227,1,7.9233981668949127,7.6611,8.176128,1.9598,22533,0.001024,3.269376,,0.035072,0.160768,0,0.141824,0.008192,0.0097279999999999988,,0.0051199999999999996,,2.228224,19374,16512,625,0.13831460000028528
19375,367.80087370323128,278081002838,1,8.23170319199562,8.8418,7.906048,1.9204,16387,0.002816,3.235328,,0.040192,0.17971199999999998,0,0.13747199999999998,0.007936,0.009984,,0.004608,,1.748224,19375,16513,625,0.14694950000011886
19376,367.80867930130381,278081091256,1,7.8055979683995247,7.9524,8.214272,1.7527,15899,0.001024,3.2785919999999997,,0.040959999999999996,0.153088,0,0.133376,0.007936,0.0097279999999999988,,0.004608,,2.0991999999999997,19376,16514,625,0.1545285000001968
19377,367.81645179988658,278081170780,1,7.7724987640976906,7.679,7.764992,1.8167,16387,0.001024,3.187712,,0.038144,0.16127999999999998,0.000256,0.141056,0.006144,0.011264,,0.005632,,1.748224,19377,16515,625,0.16258019999986573
19378,367.8245713010204,278081247570,1,8.1195011734962463,8.3763,7.771648,1.7733,15899,0.001024,3.101184,,0.039168,0.159744,0,0.140032,0.007936,0.011264,,0.005632,,2.0139519999999997,19378,16516,625,0.1701560999999856
19379,367.83232499999997,278081331333,1,7.7536990866065025,7.8321,7.892736,1.8315,16387,0.001024,3.179008,,0.035584,0.150784,0,0.13286399999999998,0.0084479999999999989,0.006144,,0.007424,,2.226944,19379,16517,625,0.17794379999986631
19380,367.8404521045918,278081409654,1,8.1271044909954071,7.853,7.73504,1.8613,15899,0.001024,3.292416,,0.045568,0.153856,0,0.133632,0.007424,0.0097279999999999988,,0.003584,,1.93536,19380,16518,625,0.18669020000015735
19381,367.84845430130383,278081488184,1,8.0021964386105537,7.7667,8.096,1.9202,16439,0.001024,3.26912,,0.042752,0.152064,0,0.132608,0.003584,0.009216,,0.004608,,2.1928959999999997,19381,16519,625,0.1940082999999504
19382,367.8563415036848,278081565851,1,7.8872023150324821,7.7381,7.976704,1.8926,15899,0.001024,3.243264,,0.04224,0.160512,0,0.13747199999999998,0.007936,0.009984,,0.005376,,1.746688,19382,16520,625,0.20215490000009595
19383,367.86440330215419,278081643232,1,8.06179828941822,8.7107,7.869952,1.7439,16387,0.0012799999999999999,3.1892479999999996,,0.041728,0.163328,0.000256,0.144896,0.0076799999999999993,0.009984,,0.0038399999999999997,,2.185472,19383,16521,625,0.21100680000017746
19384,367.87237250566892,278081730339,1,7.9692034050822258,7.4317,8.053248,2.0628,15899,0.001024,3.2750079999999997,,0.040448,0.18048,0,0.135936,0.003584,0.0097279999999999988,,0.004096,,1.7489919999999999,19384,16522,625,0.21881819999998697
19385,367.88013690476191,278081804656,1,7.76439905166626,7.9876,7.944704,1.9354,16589,0.001024,3.237888,,0.038655999999999996,0.162048,0,0.142336,0.007424,0.011519999999999999,,0.004608,,2.04928,19385,16523,625,0.22582340000008116
19386,367.88787220096373,278081884532,1,7.7352961525321007,8.9498,7.755008,1.9218,15899,0.001024,3.177472,,0.039424,0.15923199999999998,0.000256,0.139008,0.010239999999999999,0,,0.016128,,1.747712,19386,16524,625,0.23365560000002006
19387,367.89568390022674,278081974030,1,7.8116990625858307,7.5474,7.701504,1.7746,16387,0.001024,3.1764479999999997,,0.042496,0.158208,0,0.137728,0.011519999999999999,0.0025599999999999998,,0.012288,,1.932288,19387,16525,625,0.24144280000018625
19388,367.90359510345803,278082049504,1,7.9112034291028976,7.3177,7.796736,1.7567,15899,0.001024,3.229952,,0.038655999999999996,0.153856,0,0.1344,0.004096,0.009984,,0.003328,,2.044416,19388,16526,625,0.24955039999986184
19389,367.91161090561224,278082122681,1,8.0158021301031113,7.82,7.899136,1.8087,46181,0.0012799999999999999,3.1897599999999997,,0.039936,0.15462399999999998,0,0.134912,0.003584,0.0097279999999999988,,0.0051199999999999996,,1.7469439999999998,19389,16527,626,0.0036465000002863235
19390,367.9191781037415,278082200881,1,7.5671980157494545,7.7961,7.984384,1.8054,15899,0.001024,3.2767999999999997,,0.035072,0.16153599999999999,0,0.142592,0.007936,0.00896,,0.0048639999999999994,,2.098176,19390,16528,626,0.010000199999922188
19391,367.92713810232425,278082278842,1,7.9599982127547264,8.0745,7.56096,0.4632,16582,0.001024,3.18464,,0.035072,0.1536,0,0.134912,0.007424,0.009984,,0.004096,,1.92896,19391,16529,626,0.018119200000001
19392,367.93522769982991,278082359587,1,8.0895973369479179,8.9127,0.03584,1.9956,15899,0.001024,3.23072,,0.042496,0.18073599999999998,0.000256,0.138752,0.008192,0.009216,,0.004352,,1.9512319999999999,19392,16530,626,0.026295000000118307
19393,367.94323460175735,278082448714,1,8.0069014802575111,6.4009,8.07168,1.885,16387,0.001024,3.237888,,0.034816,0.15564799999999998,0,0.136704,0.0076799999999999993,0.009984,,0.004608,,2.22464,19393,16531,626,0.034279999999853317
19394,367.95115740504536,278082512723,1,7.9228030517697334,8.1403,7.955968,2.0259,15899,0.001024,3.2435199999999997,,0.040704,0.159744,0,0.132096,0.007936,0.009472,,0.0048639999999999994,,1.924864,19394,16532,626,0.042222500000207219
19395,367.95908660005665,278082594126,1,7.9291947185993195,8.1384,7.934464,1.77,16387,0.001024,3.2719359999999997,,0.036095999999999996,0.16255999999999998,0,0.142592,0.00896,0.001536,,0.013824,,2.102016,19395,16533,626,0.050494300000082148
19396,367.96679739937639,278082675510,1,7.7107991091907024,8.0539,7.902976,1.8604,15899,0.001024,3.2913919999999997,,0.039424,0.15564799999999998,0,0.136192,0.007168,0.0097279999999999988,,0.005632,,1.7489919999999999,19396,16534,626,0.058290200000101322
19397,367.97466910430836,278082756049,1,7.8717051073908806,7.7451,7.689728,1.8846,16387,0.001024,3.102976,,0.034816,0.15129599999999999,0.000256,0.132352,0.007424,0.010239999999999999,,0.004608,,2.02624,19397,16535,626,0.06543310000006386
19398,367.98242790532879,278082833500,1,7.7588008716702461,8.4403,7.855872,2.1072,16101,0.001024,3.187712,,0.039168,0.15334399999999998,0,0.133888,0.007424,0.010239999999999999,,0.004096,,1.9425279999999998,19398,16536,626,0.0734215000002223
19399,367.99023520408161,278082917903,1,7.8072985634207726,7.7285,7.746304,1.8051,16387,0.0012799999999999999,3.17184,,0.045568,0.15231999999999998,0,0.132608,0.0076799999999999993,0.0097279999999999988,,0.005632,,1.906944,19399,16537,626,0.081404099999872415
19400,367.99832920209747,278082995188,1,8.0939978361129761,7.2186,7.78624,2.007,15899,0.001024,3.174912,,0.038655999999999996,0.156416,0,0.13824,0.0076799999999999993,0.009984,,0.003584,,2.189056,19400,16538,626,0.089073399999961111
19401,368.00629980158726,278083067374,1,7.9705994576215744,7.7919,8.078848,2.0759,16387,0.001024,3.2435199999999997,,0.04224,0.177664,0,0.15795199999999998,0.0076799999999999993,0.00896,,0.004096,,1.7484799999999998,19401,16539,626,0.097150999999939813
19402,368.01424040532879,278083145293,1,7.9406034201383591,8.1942,7.944704,1.9258,15899,0.001024,3.235584,,0.038655999999999996,0.173568,0.000256,0.136192,0.0076799999999999993,0.0097279999999999988,,0.0038399999999999997,,2.178816,19402,16540,626,0.10536320000028354
19403,368.02264350198413,278083227235,1,8.4030963480472565,7.6451,7.93216,1.8336,16387,0.001024,3.2888319999999998,,0.039424,0.16127999999999998,0,0.141824,0.0038399999999999997,0.009984,,0.003584,,1.9358719999999998,19403,16541,626,0.1134753000001183
19404,368.03041770124713,278083303686,1,7.7741993591189384,8.0732,8.335104,1.9886,15899,0.001024,3.292416,,0.042496,0.15692799999999998,0,0.13747199999999998,0.007936,0.009472,,0.003584,,2.19136,19404,16542,626,0.12126190000026327
19405,368.03823610402492,278083384418,1,7.8184027224779129,8.1288,7.810048,1.8656,16387,0.001024,3.1751679999999998,,0.039168,0.17971199999999998,0,0.15923199999999998,0.007936,0.009472,,0.005888,,1.937408,19405,16543,626,0.12892650000003414
19406,368.04625680272108,278083465706,1,8.02069902420044,8.1991,7.788544,1.8481,15899,0.001024,3.188224,,0.03712,0.15564799999999998,0,0.135936,0.003328,0.009216,,0.005888,,1.9261439999999999,19406,16544,626,0.13784500000019762
19407,368.05447700538548,278083547697,1,8.2202022895216942,7.788,8.000768,1.9451,16439,0.001024,3.2719359999999997,,0.040448,0.16127999999999998,0,0.13977599999999998,0.010239999999999999,0,,0.015872,,2.05312,19407,16545,626,0.14554880000014236
19408,368.0621875,278083625577,1,7.7104945667088032,7.6942,8.205312,2.2945,15899,0.001024,3.301376,,0.038911999999999995,0.16025599999999998,0.000256,0.140288,0.008192,0.011776,,0.004352,,1.746688,19408,16546,626,0.15342480000026626
19409,368.07028030045348,278083702519,1,8.09280015528202,8.7594,7.693056,6.4856,16387,0.001024,3.1831039999999997,,0.034304,0.153856,0,0.135936,0.003328,0.012032,,0.0038399999999999997,,2.085376,19409,16547,626,0.16151100000024599
19410,368.07822410005667,278083790113,1,7.9437997192144394,7.8493,7.565312,1.9714,16094,0.001024,3.272704,,0.039424,0.155392,0,0.13696,0.007936,0.009984,,0.004608,,1.9327999999999999,19410,16548,626,0.1694723000000522
19411,368.08644469954646,278083868606,1,8.22059903293848,7.8294,7.922432,1.9436,16589,0.001024,3.1751679999999998,,0.038655999999999996,0.159744,0,0.140544,0.007424,0.010496,,0.0051199999999999996,,2.093056,19411,16549,626,0.1773286000002372
19412,368.09447820294781,278083946900,1,8.0335037782788277,8.1146,8.167936,2.0043,15899,0.001024,3.291648,,0.040448,0.15334399999999998,0.000256,0.133632,0.007424,0.010239999999999999,,0.0038399999999999997,,1.747968,19412,16550,626,0.18556690000013987
19413,368.10264670493194,278084028046,1,8.1685017794370651,7.9055,8.043264,1.7352,16387,0.001024,3.272704,,0.041215999999999996,0.1536,0,0.133632,0.007424,0.010239999999999999,,0.005632,,2.1294079999999997,19413,16551,626,0.19364760000007664
19414,368.11053860544217,278084107101,1,7.8919008374214172,7.9261,8.155904,2.0693,15899,0.001024,3.23584,,0.037632,0.152064,0,0.131072,0.007168,0.011519999999999999,,0.002816,,1.747456,19414,16552,626,0.20152820000021165
19415,368.11825279903627,278084186362,1,7.7141937799751759,8.1304,7.86944,1.7993,16387,0.0012799999999999999,3.1014399999999998,,0.036351999999999995,0.161024,0,0.141568,0.0097279999999999988,0.000256,,0.015616,,2.0272639999999997,19415,16553,626,0.20927110000002358
19416,368.12634829931972,278084267666,1,8.09550005942583,8.155,7.684608,1.8723,15899,0.0012799999999999999,3.177984,,0.037888,0.161024,0,0.141824,0.004096,0.009984,,0.004096,,2.021376,19416,16554,626,0.21764729999995325
19417,368.13440719954644,278084349216,1,8.0589000135660172,7.8982,8.081664,2.0581,16387,0.001024,3.2732159999999997,,0.03968,0.158464,0,0.13644799999999999,0.007936,0.009984,,0.005376,,2.04032,19417,16555,626,0.2260906999999861
19418,368.14222890447843,278084428198,1,7.8217051923274994,7.7636,8.043776,1.9145,15899,0.001024,3.237376,,0.03712,0.15564799999999998,0,0.136704,0.007936,0.009984,,0.0048639999999999994,,2.088192,19418,16556,626,0.233085200000005
19419,368.15015670351471,278084505834,1,7.9277986660599709,8.26,7.802368,2.0659,16387,0.001024,3.240704,,0.039424,0.163072,0,0.14336,0.004096,0.010752,,0.005632,,1.747456,19419,16557,626,0.24092860000018845
19420,368.15865830498865,278084588434,1,8.501601405441761,8.3435,7.907072,1.857,15899,0.001024,3.295744,,0.0384,0.166656,0.000256,0.132608,0.0076799999999999993,0.009984,,0.004096,,2.108416,19420,16558,626,0.25065249999988737
19421,368.1669660005669,278084671869,1,8.3076953887939453,7.174,8.130816,1.9207,46181,0.0012799999999999999,3.2345599999999997,,0.03968,0.161792,0,0.14207999999999998,0.007424,0.009984,,0.006144,,2.2261759999999997,19421,16559,627,0.0034404000002723478
19422,368.17493039965984,278084743609,1,7.9643987119197845,7.8829,8.346624,2.2619,15899,0.001024,3.2767999999999997,,0.03968,0.159488,0.000256,0.13977599999999998,0.0076799999999999993,0.011007999999999999,,0.004352,,2.075136,19422,16560,627,0.010448900000028516
19423,368.18285290532879,278084822438,1,7.9225059598684311,9.5794,7.936256,0.4625,16589,0.001024,3.292672,,0.035584,0.158208,0.000256,0.13849599999999998,0.007424,0.0097279999999999988,,0.004352,,1.93408,19423,16561,627,0.018264100000124017
19424,368.19076590136052,278084918232,1,7.9129962250590324,8.2021,0.036352,1.7759,15899,0.001024,3.266048,,0.041471999999999995,0.157696,0,0.137728,0.003328,0.00896,,0.004352,,1.9023359999999998,19424,16562,627,0.026825299999927665
19425,368.19898680555553,278085000253,1,8.2209045067429543,7.113,7.898368,2.1153,16387,0.001024,3.294464,,0.0384,0.15564799999999998,0,0.13644799999999999,0.0076799999999999993,0.0097279999999999988,,0.003328,,2.171392,19425,16563,627,0.03446860000030938
19426,368.20698700396827,278085071383,1,8.0001987516880035,7.8008,8.206848,2.0915,15899,0.0012799999999999999,3.297792,,0.039936,0.16358399999999998,0,0.143616,0.008704,0.002048,,0.012288,,1.747968,19426,16564,627,0.042339300000094227
19427,368.21472540391153,278085149391,1,7.7383997850120068,8.5553,7.9744,1.8652,16387,0.001024,3.2302079999999997,,0.039168,0.164352,0,0.144128,0.007424,0.009472,,0.0048639999999999994,,2.097152,19427,16565,627,0.050299700000323355
19428,368.22252970521538,278085234944,1,7.8043011017143726,7.5927,7.725824,1.7876,15899,0.001024,3.29088,,0.039168,0.15795199999999998,0,0.13977599999999998,0.007936,0.009984,,0.0048639999999999994,,1.925632,19428,16566,627,0.05815149999989444
19429,368.23051050170068,278085310871,1,7.9807965084910393,7.9433,7.781376,1.898,16582,0.001024,3.100672,,0.041471999999999995,0.155136,0,0.136192,0.0084479999999999989,0.00896,,0.005888,,2.084864,19429,16567,627,0.066312100000232022
19430,368.23858340419497,278085390304,1,8.07290244847536,7.9643,7.948032,1.9242,15899,0.001024,3.292928,,0.03968,0.154368,0,0.13516799999999998,0.0076799999999999993,0.009984,,0.0048639999999999994,,1.9246079999999999,19430,16568,627,0.074199200000293786
19431,368.2465816043084,278085469947,1,7.9982001334428787,7.7997,8.065792,1.9187,16387,0.0012799999999999999,3.2737279999999997,,0.040192,0.164096,0,0.144128,0.003328,0.010496,,0.004608,,1.943296,19431,16569,627,0.082437900000059017
19432,368.25448720238091,278085547944,1,7.9055977985262871,8.2035,7.977472,1.9968,15951,0.001024,3.197952,,0.03584,0.150784,0,0.13183999999999998,0.003584,0.009984,,0.0051199999999999996,,2.05056,19432,16570,627,0.090502300000025571
19433,368.26241270549883,278085629979,1,7.9255029559135437,7.7712,7.881728,1.9521,16387,0.001024,3.300608,,0.039424,0.164352,0.000256,0.143872,0.007168,0,,0.030208,,1.938944,19433,16571,627,0.09784429999990607
19434,368.27013430413831,278085707691,1,7.7215987257659435,8.3446,7.90784,2.0373,15899,0.001024,3.1782399999999997,,0.042496,0.160512,0.000256,0.141056,0.007168,0.0097279999999999988,,0.004608,,2.088704,19434,16572,627,0.10560350000014296
19435,368.27833650085034,278085791137,1,8.2021970301866531,8.0274,7.701504,1.7691,16387,0.001024,3.2337919999999998,,0.039424,0.16,0,0.13977599999999998,0.004352,0.009984,,0.004096,,1.932032,19435,16573,627,0.11397450000004028
19436,368.28630639880953,278085871411,1,7.9698981717228889,7.4279,8.183808,1.889,22175,0.001024,3.24224,,0.038655999999999996,0.16127999999999998,0,0.141312,0.008192,0.009472,,0.0038399999999999997,,1.747456,19436,16574,627,0.12260300000025381
19437,368.29430350056685,278085945690,1,7.9971021041274071,7.5891,7.95264,1.9773,23021,0.001024,3.24224,,0.038655999999999996,0.16127999999999998,0,0.141312,0.008192,0.009472,,0.0038399999999999997,,1.747456,19437,16575,627,0.12986080000018774
19438,368.30233000283448,278086021581,1,8.0265020951628685,8.53,7.967488,1.7849,15899,0.001024,3.2327679999999996,,0.039424,0.16512,0.000256,0.144896,0.004096,0.009472,,0.004608,,2.12608,19438,16576,627,0.13780990000032034
19439,368.31034450113378,278086106881,1,8.01449827849865,7.9668,8.011008,1.9076,16387,0.001024,3.301376,,0.040448,0.158976,0,0.138752,0.0076799999999999993,0.009984,,0.004352,,1.747456,19439,16577,627,0.14587370000026567
19440,368.31821680130383,278086186549,1,7.87230022251606,7.8894,7.991808,1.85,15899,0.001024,3.1808,,0.040704,0.155392,0.000256,0.135936,0.007936,0.009984,,0.004352,,1.747456,19440,16578,627,0.15355649999992238
19441,368.326172002551,278086265443,1,7.9552009701728821,7.921,7.854336,1.8105,16387,0.001024,3.273984,,0.035584,0.323584,0,0.30463999999999997,0.024064,0.004352,,0.014079999999999999,,2.031872,19441,16579,627,0.16172219999998561
19442,368.33417859977322,278086344653,1,8.0065969377756119,8.0925,7.935744,1.886,15899,0.001024,3.244032,,0.045056,0.15795199999999998,0,0.137216,0.007424,0.010239999999999999,,0.0038399999999999997,,1.9325439999999998,19442,16580,627,0.16991640000014741
19443,368.34220120464852,278086425578,1,8.0226045101881027,7.6962,7.98464,1.8739,16387,0.001024,3.274496,,0.039424,0.15744,0.000256,0.13312,0.0076799999999999993,0.009984,,0.004608,,2.0858879999999997,19443,16581,627,0.17773770000030709
19444,368.34993300028344,278086502540,1,7.7317957766354084,8.0919,7.947776,1.836,15899,0.001024,3.2350719999999997,,0.0384,0.175616,0.000256,0.134656,0.0076799999999999993,0.0097279999999999988,,0.005376,,1.747712,19444,16582,627,0.1853915000001507
19445,368.35792499999997,278086583459,1,7.9919993877410889,8.2317,7.76704,1.8233,16387,0.0012799999999999999,3.276032,,0.040192,0.157184,0,0.13568,0.007936,0.0097279999999999988,,0.003584,,1.937152,19445,16583,627,0.19332930000018678
19446,368.365908701814,278086665776,1,7.98370223492384,7.8659,7.977472,1.761,15899,0.0012799999999999999,3.1782399999999997,,0.038655999999999996,0.155904,0.000256,0.135936,0.0048639999999999994,0.0025599999999999998,,0.012799999999999999,,2.280448,19446,16584,627,0.20124549999991359
19447,368.37381220238092,278086744435,1,7.903500460088253,7.6359,7.962624,1.8376,16387,0.001024,3.289856,,0.044544,0.156672,0,0.137216,0.007424,0.009984,,0.0051199999999999996,,2.0170239999999997,19447,16585,627,0.20936690000007729
19448,368.3816625,278086820794,1,7.8502977266907692,7.9232,7.88736,1.7418,16296,0.0012799999999999999,3.23712,,0.038911999999999995,0.15564799999999998,0,0.13414399999999999,0.004096,0.010239999999999999,,0.003328,,2.093056,19448,16586,627,0.2171053000001848
19449,368.389683404195,278086900026,1,8.0209039151668549,7.9205,7.832576,1.8051,16387,0.001024,3.295744,,0.03712,0.154112,0,0.132608,0.007424,0.009472,,0.004608,,1.925376,19449,16587,627,0.22509260000015274
19450,368.39765809948977,278086979231,1,7.9746954143047333,8.1751,7.98848,1.861,15899,0.001024,3.2895999999999996,,0.042752,0.15795199999999998,0.000256,0.137728,0.00896,0.009984,,0.0048639999999999994,,2.0574719999999997,19450,16588,627,0.23319740000033562
19451,368.40558700396826,278087060982,1,7.9289041459560394,7.6932,7.883776,1.8068,16387,0.183296,3.18592,,0.040448,0.158976,0,0.13952,0.007424,0.009984,,0.0048639999999999994,,1.753344,19451,16589,627,0.24097699999992983
19452,368.41333939909293,278087137914,1,7.7523952350020409,7.9684,7.97824,1.7928,15899,0.001024,3.27168,,0.043264,0.153088,0,0.13312,0.003584,0.010752,,0.004608,,2.022912,19452,16590,627,0.2487146000003122
19453,368.42171500141723,278087217598,1,8.3756027743220329,8.1395,7.746048,1.9765,46321,0.001024,3.1884799999999998,,0.039168,0.177152,0,0.157184,0.008192,0.009216,,0.0048639999999999994,,1.9141119999999998,19453,16591,628,0.0032110000001921435
19454,368.42960819869614,278087298993,1,7.893197238445282,7.7856,8.35456,1.9163,15899,0.001024,3.2931839999999997,,0.039168,0.162304,0,0.141824,0.0076799999999999993,0.0097279999999999988,,0.0038399999999999997,,2.050304,19454,16592,628,0.010494999999991705
