observation_frame,unscaled_time,frame_timing_timestamp,segment,"frame_interval_ms","cpu_frame_ms","gpu_frame_ms","cpu_render_thread_ms","gc_allocated_in_editor_frame_bytes","VSM.LayoutRemap_gpu_ms","VSM.Allocate_gpu_ms","VSM.InvalidateStatic_gpu_ms","VSM.ClearPhysicalPages_gpu_ms","VSM.StaticCasterCull_gpu_ms","VSM.DynamicCasterCull_gpu_ms","VSM.PageCull_gpu_ms","VSM.StaticRaster_gpu_ms","VSM.DynamicRaster_gpu_ms","VSM.UnityCompatibilityRaster_gpu_ms","VSM.FinalizePages_gpu_ms","VSM.ResetFeedback_gpu_ms","VSM.ResolveAndFeedback_gpu_ms",observed_camera_frame,observed_camera_serial,window_repaint_count,seconds_since_window_repaint
12613,313.18085320294784,277534811384,1,7.9609975218772888,8.6072,7.88352,1.9923,15899,0.001024,3.17696,,0.039424,0.16358399999999998,0.000256,0.14464,0.0076799999999999993,0.0097279999999999988,,0.003584,,1.746176,12613,9751,549,5.8598029999998289
12614,313.18943500566894,277534897456,1,8.5818031802773476,7.7006,7.938816,1.9066,16387,0.001024,3.1080959999999997,,0.037888,0.154112,0.000256,0.134656,0.007936,0.010239999999999999,,0.005632,,1.7484799999999998,12614,9752,549,5.8685172000000421
12615,313.19752869897957,277534974462,1,8.0936932936310768,7.7962,8.553216,2.0961,16094,0.001024,3.1879679999999997,,0.037632,0.162304,0.000256,0.144128,0.009472,0.009472,,0.0051199999999999996,,2.0654079999999997,12615,9753,549,5.8765122999998312
12616,313.20606110402491,277535052424,1,8.532404899597168,7.8629,8.089344,2.1144,22316,0.001024,3.2985599999999997,,0.035072,0.155904,0.000256,0.136192,0.0076799999999999993,0.010496,,0.0051199999999999996,,1.74592,12616,9754,549,5.8851537000000462
12617,313.21363730158731,277535131053,1,7.5761973857879639,8.9541,8.498432,1.9865,15899,0.001024,3.2345599999999997,,0.039424,0.163072,0,0.14310399999999998,0.006912,0.010752,,0.005376,,2.822656,12617,9755,549,5.8926305999998476
12618,313.222833404195,277535220594,1,9.1961026191711426,7.7759,7.562496,1.9355,22316,0.001024,3.237888,,0.039168,0.150272,0,0.131072,0.0076799999999999993,0.0097279999999999988,,0.0048639999999999994,,1.7489919999999999,12618,9756,549,5.90163050000001
12619,313.2303525014172,277535298353,1,7.5190970674157143,8.5982,9.176832,1.97,15899,0.001024,3.2537599999999998,,0.039936,0.151552,0,0.13312,0.007936,0.009984,,0.0048639999999999994,,2.605056,12619,9757,549,5.9090919999998732
12620,313.2389693027211,277535384335,1,8.6168013513088226,7.601,7.50208,1.9054,16387,0.001024,3.2048639999999997,,0.036351999999999995,0.158464,0,0.138752,0.0076799999999999993,0.009472,,0.004352,,1.7469439999999998,12620,9758,549,5.9177548000002389
12621,313.24652820294784,277535460345,1,7.5589003972709179,9.1205,8.603392,1.8754,68774,0.001024,3.199232,,0.296192,0.166656,0,0.14079999999999998,0.0076799999999999993,0.009472,,0.0048639999999999994,,1.7484799999999998,12621,9759,549,5.9257135000002563
12622,313.25564829931972,277535551550,1,9.1200964525341988,7.414,7.524864,1.8402,16439,0.0012799999999999999,3.183872,,0.040448,0.163072,0,0.143872,0.004096,0.010496,,0.004352,,1.747968,12622,9760,549,5.9343454999998357
12623,313.26415260062356,277535625690,1,8.5043013095855713,8.7395,9.106432,1.9896,29205,0.001024,3.2460799999999996,,0.039936,0.15564799999999998,0,0.13516799999999998,0.0076799999999999993,0.010752,,0.004352,,2.193152,12623,9761,549,5.9429709999999432
12624,313.27155510204079,277535713085,1,7.4025015346705914,7.8832,8.493056,1.8416,16387,0.001024,3.175424,,0.222464,0.164608,0,0.145152,0.0084479999999999989,0.0084479999999999989,,0.005632,,2.142208,12624,9762,549,5.9509106999998949
12625,313.279834502551,277535791917,1,8.2794008776545525,8.7064,7.379456,1.8772,15899,0.001024,3.297792,,0.038911999999999995,0.158976,0,0.140288,0.007936,0.009984,,0.0051199999999999996,,1.7489919999999999,12625,9763,549,5.9585523000000649
12626,313.28843070436506,277535878981,1,8.5962014272809029,8.5089,8.260096,2.012,22316,0.001024,3.173888,,0.043008,0.154112,0,0.1344,0.007424,0.0097279999999999988,,0.0063999999999999994,,1.9494399999999998,12626,9764,549,5.967191300000195
12627,313.29678510487526,277535964070,1,8.3544002845883369,8.0351,8.582144,1.9143,15899,0.001024,3.289088,,0.039168,0.152576,0,0.133888,0.008704,0,,0.019968,,2.294784,12627,9765,549,5.97549939999999
12628,313.3051895053855,277536044421,1,8.4044001996517181,7.6365,8.322304,2.0243,16387,0.001024,3.294208,,0.043519999999999996,0.390912,0.000256,0.36863999999999997,0.007424,0.012032,,0.004352,,1.746176,12628,9766,549,5.984041900000193
12629,313.31394330357142,277536120786,1,8.7537979707121849,8.6121,8.387072,1.9769,15899,0.001024,3.245056,,0.033535999999999996,0.153088,0.000256,0.133376,0.0084479999999999989,0.010239999999999999,,0.0051199999999999996,,2.2696959999999997,12629,9767,549,5.99257149999994
12630,313.32110700113378,277536206907,1,7.163697388023138,8.316,8.740608,1.8003,16387,0.001024,3.3047039999999996,,0.039936,0.161792,0.000256,0.14310399999999998,0.0076799999999999993,0.011007999999999999,,0.004352,,1.749504,12630,9768,549,6.00016259999984
12631,313.33000300453511,277536290067,1,8.8960034772753716,8.5954,7.141888,1.9202,15899,0.001024,3.2967679999999997,,0.033791999999999996,0.150784,0,0.132608,0.004096,0.0097279999999999988,,0.0048639999999999994,,1.7489919999999999,12631,9769,549,6.008552900000268
12632,313.33843139880952,277536376021,1,8.4283938631415367,8.4484,8.867072,2.2447,16387,0.001024,3.1751679999999998,,0.041215999999999996,0.155392,0,0.135424,0.007424,0.0097279999999999988,,0.0038399999999999997,,2.2097919999999998,12632,9770,549,6.0172611000002689
12633,313.34564600340133,277536460505,1,7.2146044112741947,7.635,8.409088,1.8848,16246,0.001024,3.272448,,0.034816,0.15692799999999998,0,0.137216,0.004096,0.010752,,0.003584,,2.357504,12633,9771,549,6.024496900000031
12634,313.35444180130384,277536536855,1,8.79579782485962,8.399,7.193088,1.9695,16582,0.001024,3.0973439999999997,,0.035072,0.15564799999999998,0.000256,0.135936,0.0076799999999999993,0.008192,,0.006912,,1.7471999999999999,12634,9772,549,6.0330254999998942
12635,313.36265440051017,277536620845,1,8.2125989720225334,8.706,8.725504,1.9836,15899,0.001024,3.1892479999999996,,0.037376,0.158208,0,0.13824,0.0076799999999999993,0.010496,,0.004096,,2.012672,12635,9773,549,6.0413738000002013
12636,313.370846704932,277536707905,1,8.1923045217990875,7.223,8.244992,1.7939,16387,0.001024,3.173888,,0.034048,0.164352,0.000256,0.145664,0.0076799999999999993,0.009984,,0.004352,,2.6688,12636,9774,549,6.0496106000000509
12637,313.37833000283445,277536780135,1,7.48329795897007,8.5643,8.165632,1.8705,22533,0.001024,3.2888319999999998,,0.041984,0.158464,0,0.139008,0.0076799999999999993,0.009984,,0.005888,,2.071296,12637,9775,549,6.0572213999998894
12638,313.38734530187071,277536865778,1,9.015299379825592,8.2965,7.464704,1.8721,16387,0.001024,3.234816,,0.033535999999999996,0.159488,0.000256,0.14079999999999998,0.004096,0.009984,,0.004352,,1.747712,12638,9776,549,6.065864799999872
12639,313.3950656037415,277536948743,1,7.7203018590807915,8.0246,8.997376,1.9064,15899,0.001024,3.297792,,0.040448,0.16025599999999998,0.000256,0.13977599999999998,0.0076799999999999993,0.0097279999999999988,,0.005888,,2.411264,12639,9777,549,6.073739100000239
12640,313.40290539965986,277537028989,1,7.8397961333394051,7.854,7.703808,1.8931,16387,0.001024,3.1744,,0.043008,0.15692799999999998,0.000256,0.138752,0.004608,0.000768,,0.017408,,1.747968,12640,9778,549,6.08162110000012
12641,313.41138370181403,277537107529,1,8.4783025085926056,8.6561,7.808512,1.831,15899,0.001024,3.212288,,0.037376,0.15462399999999998,0,0.135424,0.003584,0.009472,,0.0038399999999999997,,1.747456,12641,9779,549,6.0901797999999872
12642,313.41873330498868,277537194090,1,7.3496033437550068,7.8607,8.4544,1.7662,16387,0.001024,3.2399359999999997,,0.039936,0.153088,0.000256,0.13414399999999999,0.0076799999999999993,0.010239999999999999,,0.0048639999999999994,,2.386688,12642,9780,549,6.0975515999998606
12643,313.42707100340135,277537272697,1,8.3376988768577576,7.8894,7.343872,1.9201,15899,0.001024,3.197184,,0.039168,0.154112,0,0.135936,0.009216,0.009984,,0.004608,,1.7489919999999999,12643,9781,549,6.1058935000000929
12644,313.43523430413831,277537351591,1,8.1633003428578377,8.5632,8.320768,2.0438,16387,0.001024,3.20384,,0.041728,0.15692799999999998,0,0.13849599999999998,0.011264,0.009472,,0.005376,,2.141696,12644,9782,549,6.113883099999839
12645,313.44363749999997,277537437223,1,8.40319599956274,7.3834,8.113664,1.8752,15899,0.001024,3.27424,,0.041471999999999995,0.16127999999999998,0,0.135424,0.007936,0.009984,,0.0048639999999999994,,1.7456639999999999,12645,9783,549,6.1223896000001332
12646,313.45122460317458,277537511057,1,7.5871031731367111,8.3112,8.406784,1.8037,16589,0.001024,3.290368,,0.041984,0.15462399999999998,0,0.13414399999999999,0.007936,0.010239999999999999,,0.0051199999999999996,,2.418176,12646,9784,549,6.1302178000000822
12647,313.45946979875282,277537594169,1,8.2451952621340752,8.0187,7.575552,1.959,15951,0.001024,3.172352,,0.034816,0.15692799999999998,0,0.137216,0.005888,0.010239999999999999,,0.005888,,1.7489919999999999,12647,9785,549,6.1380358000001252
12648,313.46672830215419,277537674356,1,7.25850323215127,8.413,8.215552,1.8788,16387,0.001024,3.292672,,0.039168,0.18534399999999998,0,0.16486399999999998,0.008704,0.0048639999999999994,,0.009472,,2.034432,12648,9786,549,6.1455297000002247
12649,313.47530560515872,277537758486,1,8.5773030295968056,7.928,7.239424,1.8475,15899,0.001024,3.2084479999999997,,0.034304,0.15488,0,0.136192,0.008704,0.009984,,0.003328,,1.746432,12649,9787,549,6.1537979999998242
12650,313.4834767998866,277537837766,1,8.1711951643228531,7.8025,8.554496,1.7988,16387,0.001024,3.294208,,0.040448,0.152064,0,0.13183999999999998,0.007424,0.009472,,0.004608,,1.7484799999999998,12650,9788,549,6.16256199999998
12651,313.49130670351474,277537915791,1,7.8299036249518394,7.501,8.146176,1.8853,15899,0.001024,3.288064,,0.035328,0.152064,0.000256,0.13286399999999998,0.00896,0.0097279999999999988,,0.003584,,2.055936,12651,9789,549,6.1698970000002191
12652,313.49979000141724,277537990801,1,8.483298122882843,8.2547,7.81568,2.1185,16387,0.001024,3.241472,,0.043008,0.155392,0,0.13516799999999998,0.0076799999999999993,0.010239999999999999,,0.004096,,1.7469439999999998,12652,9790,549,6.1786279000002651
12653,313.50746840277776,277538073348,1,7.6784011907875538,8.7846,8.4608,1.8032,16094,0.001024,3.1884799999999998,,0.035072,0.15462399999999998,0,0.135424,0.0076799999999999993,0.010239999999999999,,0.003328,,2.590976,12653,9791,549,6.186318399999891
12654,313.51600600198412,277538161194,1,8.5375988855957985,7.3075,7.619072,1.9971,16387,0.001024,3.231744,,0.036608,0.15744,0.000256,0.137216,0.007936,0.010752,,0.0048639999999999994,,1.7487359999999998,12654,9792,549,6.1946263999998337
12655,313.52348120039682,277538234269,1,7.4751982465386391,8.5782,8.557824,1.8582,15899,0.001024,3.101184,,0.035072,0.328192,0.000256,0.30848,0.0076799999999999993,0.009472,,0.004096,,2.038272,12655,9793,549,6.2022962999999436
12656,313.53172490079362,277538320051,1,8.2437004894018173,7.8383,7.445504,1.8352,16387,0.0012799999999999999,3.294208,,0.039424,0.159744,0.000256,0.140288,0.004096,0.009472,,0.0048639999999999994,,1.7484799999999998,12656,9794,549,6.2103387000001931
12657,313.53966180555557,277538398434,1,7.936905138194561,8.3312,8.231168,1.9045,15899,0.0012799999999999999,3.100416,,0.036608,0.15334399999999998,0,0.133888,0.007424,0.0097279999999999988,,0.005632,,1.747968,12657,9795,549,6.2184547000001658
12658,313.54809220521543,277538481746,1,8.4303999319672585,7.6289,7.912448,1.804,16589,0.001024,3.27168,,0.041471999999999995,0.158208,0,0.13977599999999998,0.0076799999999999993,0.009216,,0.004608,,1.988608,12658,9796,549,6.22663620000003
12659,313.55633939909296,277538558035,1,8.2471938803792,8.0852,8.403712,1.9265,15899,0.001024,3.2780799999999997,,0.040448,0.150528,0.000256,0.131072,0.0076799999999999993,0.0097279999999999988,,0.0048639999999999994,,1.7484799999999998,12659,9797,549,6.2354773000001842
12660,313.5651397037982,277538638887,1,8.8003044947981834,8.0471,8.231424,1.77,16387,0.001024,3.278848,,0.035584,0.152832,0,0.13414399999999999,0.007936,0.009984,,0.0048639999999999994,,2.4468479999999997,12660,9798,549,6.2440163000001121
12661,313.57297710459181,277538719358,1,7.837400771677494,8.2666,8.7296,1.814,15899,0.001024,3.2435199999999997,,0.040959999999999996,0.158208,0,0.13824,0.005376,0.009984,,0.004608,,2.078464,12661,9799,549,6.25167139999985
12662,313.58083669926305,277538802024,1,7.8595951199531555,8.742,7.868672,1.9708,16387,0.001024,3.289088,,0.038655999999999996,0.151552,0,0.133632,0.005376,0.009984,,0.004096,,1.746176,12662,9800,549,6.25966040000003
12663,313.58978740079363,277538889444,1,8.9507019147276878,8.6304,7.839232,1.7962,15899,0.001024,3.299584,,0.035072,0.15462399999999998,0,0.133376,0.005632,0.0097279999999999988,,0.004352,,1.747456,12663,9801,549,6.2686133000001973
12664,313.59807010345804,277538975748,1,8.2827024161815643,7.6416,8.931072,1.8939,16387,0.001024,3.188224,,0.22092799999999999,0.16486399999999998,0,0.146432,0.0076799999999999993,0.010239999999999999,,0.004096,,2.2461439999999997,12664,9802,549,6.2767081000001781
12665,313.60613430413832,277539052164,1,8.0642011016607285,7.842,8.265984,1.8065,15899,0.001024,3.274752,,0.040704,0.154368,0,0.134656,0.0076799999999999993,0.009984,,0.005376,,1.7471999999999999,12665,9803,549,6.2847639000001436
12666,313.61379739937638,277539130584,1,7.6630953699350357,9.074,8.033536,1.7997,16387,0.001024,3.0924799999999997,,0.038911999999999995,0.16383999999999999,0,0.14464,0.0076799999999999993,0.009984,,0.0051199999999999996,,2.12992,12666,9804,549,6.2923740000001089
12667,313.62263740079362,277539221324,1,8.8400011882185936,8.1221,7.644416,1.8691,15899,0.001024,3.2821759999999998,,0.039424,0.163328,0,0.14464,0.007424,0.010239999999999999,,0.004352,,1.7489919999999999,12667,9805,549,6.3014871999998832
12668,313.63063430413831,277539302545,1,7.996903732419014,8.0199,8.82816,1.9082,16387,0.001024,3.205888,,0.03968,0.15923199999999998,0,0.137216,0.007936,0.010239999999999999,,0.004608,,2.2812159999999997,12668,9806,549,6.3092642000001433
12669,313.63820320294781,277539382744,1,7.5688986107707024,7.6574,7.963648,1.8105,15899,0.001024,3.23712,,0.038911999999999995,0.159744,0,0.140544,0.011519999999999999,0.0076799999999999993,,0.0076799999999999993,,1.9443199999999998,12669,9807,549,6.3172608999998374
12670,313.64669180130386,277539459318,1,8.48859827965498,8.984,7.554048,2.0213,16589,0.001024,3.2332799999999997,,0.03328,0.15334399999999998,0,0.134912,0.007424,0.009984,,0.005376,,2.178048,12670,9808,549,6.3259825000000092
12671,313.65582980442173,277539549158,1,9.13800299167633,7.8659,8.464384,1.9769,15899,0.001024,3.303168,,0.0448,0.15744,0,0.137216,0.0076799999999999993,0.010752,,0.005632,,1.7469439999999998,12671,9809,549,6.3344778999999107
12672,313.66371220238096,277539627817,1,7.8823976218700409,7.8814,9.126912,1.9832,22418,0.001024,3.294464,,0.03456,0.154368,0,0.134912,0.0076799999999999993,0.010496,,0.0051199999999999996,,2.9068799999999997,12672,9810,549,6.3422835000001214
12673,313.67151090561225,277539706631,1,7.7987033873796463,8.7856,7.860736,1.814,15899,0.0012799999999999999,3.190528,,0.035072,0.569344,0,0.53734399999999993,0.0097279999999999988,0.008704,,0.005632,,1.747968,12673,9811,549,6.3500779000000875
12674,313.68078650085033,277539794487,1,9.2755956575274467,8.4997,7.786496,1.8767,16387,0.001024,3.3003519999999997,,0.035328,0.155904,0,0.136192,0.0076799999999999993,0.009472,,0.005888,,2.034432,12674,9812,549,6.3593058999999812
12675,313.68883080357142,277539879484,1,8.0443024635314941,7.9051,9.262592,1.7814,15899,0.001024,3.299072,,0.035072,0.160768,0,0.141056,0.0076799999999999993,0.010496,,0.0051199999999999996,,2.20288,12675,9813,549,6.3675060000000485
12676,313.69642450396822,277539958535,1,7.593700196594,7.7468,8.009472,1.7607,16387,0.001024,3.1746559999999997,,0.034304,0.152064,0,0.133632,0.0038399999999999997,0.009984,,0.0038399999999999997,,2.253056,12676,9814,549,6.3753197999999429
12677,313.70371889880948,277540036003,1,7.2943950071930885,9.2941,7.451136,1.744,15899,0.001024,3.101952,,0.038655999999999996,0.152576,0.000256,0.13183999999999998,0.008192,0.0097279999999999988,,0.003584,,1.747712,12677,9815,549,6.382231099999899
12678,313.71334580498865,277540128944,1,9.6269063651561737,8.1467,7.404288,1.7753,16387,0.001024,3.231232,,0.038144,0.162048,0,0.142336,0.0076799999999999993,0.010496,,0.004608,,1.7484799999999998,12678,9816,549,6.3917489000000387
12679,313.72179199971652,277540210411,1,8.446195162832737,7.8132,9.599488,1.7437,15899,0.001024,3.244288,,0.35481599999999996,0.158208,0.000256,0.137728,0.007168,0.009984,,0.004608,,2.611712,12679,9817,549,6.4002117999998518
12680,313.72951590136051,277540288543,1,7.72390142083168,6.9361,8.42624,1.8599,16387,0.0063999999999999994,3.304448,,0.039936,0.15923199999999998,0.000256,0.139008,0.007424,0.010239999999999999,,0.0051199999999999996,,2.3265279999999997,12680,9818,549,6.4079824000000372
12681,313.73848210034015,277540357904,1,8.96619912236929,9.5246,7.706368,1.783,15899,0.0012799999999999999,3.2030719999999997,,0.039424,0.154368,0,0.135424,0.0051199999999999996,0.009472,,0.0051199999999999996,,1.747456,12681,9819,549,6.4170029000001705
12682,313.74639400510205,277540453150,1,7.9119047150015831,8.4522,8.953344,1.6872,16734,0.0012799999999999999,3.239168,,0.038911999999999995,0.156672,0,0.13747199999999998,0.011776,0.012032,,0.003584,,2.1009919999999997,12682,9820,549,6.4249620999999024
12683,313.75471020408162,277540537672,1,8.31619929522276,7.8092,7.77216,1.7323,15899,0.001024,3.2394239999999996,,0.035072,0.154112,0.000256,0.133632,0.003072,0.010752,,0.003584,,1.9325439999999998,12683,9821,549,6.4332515999999487
12684,313.76307930130383,277540615764,1,8.3690974861383438,8.963,8.41472,1.8334,16387,0.001024,3.232256,,0.040448,0.151552,0,0.132096,0.003328,0.009984,,0.0051199999999999996,,2.2594559999999997,12684,9822,549,6.4419779999998354
12685,313.77092540391158,277540705394,1,7.8461030498147011,7.9824,8.334592,1.7272,15899,0.001024,3.2936959999999997,,0.03584,0.164352,0.000256,0.14464,0.0038399999999999997,0.011776,,0.004608,,1.7469439999999998,12685,9823,549,6.4494104000000334
12686,313.77959270124717,277540785218,1,8.6672976613044739,8.2492,7.848192,1.8382,16387,0.001024,3.23584,,0.03456,0.159744,0,0.141056,0.007424,0.009984,,0.0038399999999999997,,2.0254719999999997,12686,9824,549,6.4580612999998266
12687,313.78782380243763,277540867710,1,8.23110155761242,8.7802,8.641792,1.7392,18448,0.001024,3.2821759999999998,,0.041471999999999995,0.15872,0,0.13644799999999999,0.0076799999999999993,0.0097279999999999988,,0.0048639999999999994,,2.198784,12687,9825,549,6.4665605999998661
12688,313.79551690051017,277540955512,1,7.6930979266762733,7.4134,8.213504,1.8217,16387,0.001024,3.170304,,0.038911999999999995,0.155392,0,0.13568,0.0076799999999999993,0.0097279999999999988,,0.0051199999999999996,,2.076672,12688,9826,549,6.4745367000000442
12689,313.80440610119047,277541029646,1,8.88920109719038,8.6933,7.660288,1.7542,15899,0.001024,3.290368,,0.041728,0.15488,0,0.134656,0.007936,0.0097279999999999988,,0.005632,,1.747712,12689,9827,549,6.482872000000043
12690,313.81289550028345,277541116579,1,8.489399217069149,8.3179,8.87936,1.857,16387,0.001024,3.292672,,0.037376,0.15564799999999998,0,0.135424,0.012544,0.010239999999999999,,0.0051199999999999996,,2.011136,12690,9828,549,6.4915208000002167
12691,313.82042940051019,277541199758,1,7.5339004397392273,8.0359,8.472064,1.7485,16094,0.001024,3.287552,,0.033535999999999996,0.41497599999999996,0.000256,0.396288,0.0076799999999999993,0.0097279999999999988,,0.004096,,1.9932159999999999,12691,9829,549,6.4990198000000419
12692,313.82911490221085,277541280117,1,8.685501292347908,8.3773,7.517952,1.6919,16387,0.001024,3.291136,,0.040704,0.15129599999999999,0,0.132096,0.007424,0.0097279999999999988,,0.005632,,1.747968,12692,9830,549,6.5075326000001041
12693,313.83755580357143,277541363890,1,8.4409015253186226,8.6622,8.670208,1.7306,15899,0.001024,3.200512,,0.038655999999999996,0.16255999999999998,0,0.143872,0.007168,0.009472,,0.004608,,1.746432,12693,9831,549,6.5163477999999486
12694,313.84502560232426,277541450512,1,7.4697989039123058,7.4676,8.412416,1.6665,16387,0.001024,3.2750079999999997,,0.036864,0.159488,0,0.140032,0.007424,0.010496,,0.005632,,2.477824,12694,9832,549,6.5236310000000231
12695,313.85400040391153,277541525188,1,8.9748017489910126,8.6069,7.447808,1.8038,16101,0.001024,3.268608,,0.033791999999999996,0.16127999999999998,0.000256,0.142592,0.004096,0.009984,,0.004352,,1.7484799999999998,12695,9833,549,6.5324000999999043
12696,313.86200920493195,277541611257,1,8.0088013783097267,8.6727,8.963072,1.8389,16387,0.001024,3.2460799999999996,,0.040959999999999996,0.15564799999999998,0,0.13568,0.007936,0.009984,,0.004096,,1.746432,12696,9834,549,6.5404756000002635
12697,313.870697002551,277541697984,1,8.68779793381691,7.3976,7.979264,1.6764,15951,0.001024,3.2901119999999997,,0.039424,0.160768,0,0.142336,0.007424,0.009984,,0.0038399999999999997,,2.096896,12697,9835,549,6.5493188000000373
12698,313.87864310515874,277541771960,1,7.9461028799414635,8.7782,8.68224,1.7215,16387,0.001024,3.3003519999999997,,0.038911999999999995,0.159488,0,0.13977599999999998,0.0076799999999999993,0.010239999999999999,,0.005376,,2.03136,12698,9836,549,6.557511500000146
12699,313.88610580357141,277541859742,1,7.4626985006034374,8.0883,7.916288,1.7749,22533,0.001024,3.2394239999999996,,0.03968,0.158464,0.000256,0.139264,0.009216,0.011007999999999999,,0.004608,,1.747968,12699,9837,549,6.564833500000077
12700,313.89535629960318,277541940625,1,9.250495582818985,8.8066,7.451904,1.7419,16387,0.001024,3.292672,,0.035584,0.154112,0,0.1344,0.0076799999999999993,0.0097279999999999988,,0.004352,,1.747968,12700,9838,549,6.57382940000025
12701,313.90380890022675,277542028691,1,8.4526007995009422,7.9255,9.22112,1.8043,15899,0.001024,3.295232,,0.260608,0.15564799999999998,0.000256,0.13568,0.007424,0.011264,,0.005376,,1.918464,12701,9839,549,6.5822484000000259
12702,313.91193390022676,277542107946,1,8.1249997019767761,7.5937,8.442112,1.7417,16387,0.001024,3.242752,,0.036608,0.155392,0,0.135424,0.0076799999999999993,0.010239999999999999,,0.0051199999999999996,,1.746688,12702,9840,549,6.590389999999843
12703,313.91931590136051,277542183883,1,7.3820012621581554,9.0428,8.099072,1.6843,15899,0.001024,3.179776,,0.03328,0.16,0,0.141312,0.007936,0.009216,,0.004096,,2.4757759999999998,12703,9841,549,6.5978674000002684
12704,313.92795670351472,277542274311,1,8.6408024653792381,8.387,7.354112,1.7729,16387,0.001024,3.23584,,0.038144,0.169984,0,0.142592,0.008192,0.009984,,0.003328,,1.749248,12704,9842,549,6.6069302999999309
12705,313.93609500425168,277542358181,1,8.1383008509874344,8.127,8.61952,1.7266,15899,0.001024,3.2017919999999997,,0.0384,0.15692799999999998,0.000256,0.137728,0.0076799999999999993,0.010239999999999999,,0.0048639999999999994,,2.465792,12705,9843,549,6.614660300000196
12706,313.94429400510205,277542439451,1,8.1990007311105728,7.451,8.130048,1.8772,16387,0.001024,3.2384,,0.03968,0.16153599999999999,0,0.141824,0.008192,0.0097279999999999988,,0.005632,,1.7487359999999998,12706,9844,549,6.6231720000000678
12707,313.9522929988662,277542513961,1,7.9989936202764511,9.077,8.18304,1.7446,16101,0.001024,3.236608,,0.033535999999999996,0.162048,0,0.14310399999999998,0.013056,0.009984,,0.003584,,2.4117759999999997,12707,9845,549,6.6307769000000008
12708,313.96073090277775,277542604731,1,8.4379035979509354,7.7332,7.962112,1.8957,16387,0.001024,3.19616,,0.036095999999999996,0.163072,0,0.14336,0.0076799999999999993,0.011264,,0.005376,,1.7471999999999999,12708,9846,549,6.6392758000001777
12709,313.96872949971652,277542682063,1,7.9985968768596649,8.5256,8.424704,1.7865,15899,0.001024,3.23584,,0.039424,0.162304,0,0.14310399999999998,0.007424,0.009984,,0.0051199999999999996,,2.441472,12709,9847,549,6.6476059000001442
12710,313.97745729875282,277542767319,1,8.72779916971922,7.605,7.973376,1.7532,16582,0.001024,3.2967679999999997,,0.039424,0.1536,0,0.133888,0.0076799999999999993,0.010752,,0.0048639999999999994,,1.7471999999999999,12710,9848,549,6.6559852999998839
12711,313.986185600907,277542843369,1,8.7283020839095116,8.4982,8.723456,1.7199,15899,0.001024,3.2829439999999996,,0.03968,0.15744,0,0.13747199999999998,0.0076799999999999993,0.010239999999999999,,0.005888,,2.087936,12711,9849,549,6.6646055999999589
12712,313.99418049886623,277542928351,1,7.9948976635932922,8.2353,8.715008,1.7142,16387,0.001024,3.24224,,0.040192,0.155904,0,0.13516799999999998,0.007424,0.010239999999999999,,0.005376,,2.1928959999999997,12712,9850,549,6.6728212000002713
12713,314.00163440334467,277543010704,1,7.4539044871926308,8.4972,7.969536,1.8111,15899,0.0012799999999999999,3.173632,,0.038655999999999996,0.16512,0,0.143872,0.008192,0.009984,,0.005376,,2.086144,12713,9851,549,6.68040689999998
12714,314.01085520124713,277543095676,1,9.2207975685596466,8.6047,7.433984,1.7516,16387,0.001024,3.2888319999999998,,0.036351999999999995,0.168704,0,0.149248,0.0084479999999999989,0.009472,,0.005888,,1.7484799999999998,12714,9852,549,6.689310100000057
12715,314.01841640447844,277543181723,1,7.5612030923366547,8.2168,9.202944,1.757,15899,0.001024,3.249408,,0.039168,0.158464,0.000256,0.139008,0.0076799999999999993,0.010496,,0.0051199999999999996,,2.600192,12715,9853,549,6.6969156000000112
12716,314.02683440334465,277543263891,1,8.4179984405636787,7.5833,7.52896,1.7053,16387,0.001024,3.19488,,0.03968,0.161792,0,0.142592,0.007168,0.010239999999999999,,0.0048639999999999994,,1.747712,12716,9854,549,6.7056833999999981
12717,314.03449370039681,277543339724,1,7.6592969708144665,8.9267,8.400896,1.6588,15899,0.001024,3.242752,,0.03456,0.158464,0,0.138752,0.007424,0.011264,,0.004096,,2.033152,12717,9855,549,6.71287459999985
12718,314.04203939909297,277543428991,1,7.5456988997757435,7.5687,7.632128,1.8056,16387,0.001024,3.238912,,0.039936,0.164096,0,0.144128,0.0076799999999999993,0.0097279999999999988,,0.004352,,1.747968,12718,9856,549,6.7206515000002582
12719,314.05114420351475,277543504678,1,9.1048041358590126,8.5886,7.547392,1.7719,16101,0.001024,3.272192,,0.03584,0.156672,0.000256,0.137216,0.007424,0.010239999999999999,,0.005376,,1.746176,12719,9857,549,6.7300807999999961
12720,314.05990510204083,277543590564,1,8.7608983740210533,7.3882,9.080064,1.8277,16387,0.001024,3.1964159999999997,,0.03584,0.157696,0,0.137984,0.003328,0.012032,,0.005376,,2.074624,12720,9858,549,6.7384866000002148
12721,314.06778990221085,277543664446,1,7.8848004341125488,7.7005,8.758016,1.9165,15899,0.001024,3.176704,,0.044288,0.164608,0,0.137728,0.003328,0.009472,,0.005376,,2.0792319999999997,12721,9859,549,6.7463375000002088
12722,314.07511040249432,277543741451,1,7.3205004446208477,9.4373,7.858432,1.7452,16439,0.001024,3.270912,,0.03456,0.445696,0,0.135424,0.0063999999999999994,0.006144,,0.013056,,2.197248,12722,9860,549,6.7536614999999074
12723,314.08389330357141,277543835824,1,8.782900869846344,8.4053,7.29344,1.7843,15899,0.0012799999999999999,3.09504,,0.040192,0.15923199999999998,0.000256,0.139008,0.004608,0.002304,,0.012032,,1.7484799999999998,12723,9861,549,6.7624485999999706
12724,314.09144029903626,277543919877,1,7.5469953007996082,7.8977,8.698624,1.7594,16387,0.001024,3.1872,,0.038144,0.15334399999999998,0,0.13414399999999999,0.007424,0.0097279999999999988,,0.004608,,2.233088,12724,9862,549,6.7699016999999913
12725,314.09945170068028,277543998854,1,8.0114016309380531,7.2858,7.589632,1.7307,15899,0.001024,3.1825919999999996,,0.041728,0.15462399999999998,0,0.13568,0.0076799999999999993,0.009472,,0.0048639999999999994,,1.7469439999999998,12725,9863,549,6.7786449000000175
12726,314.10857730300449,277544071712,1,9.1256024315953255,8.8366,8.00128,1.7986,16387,0.001024,3.302656,,0.034304,0.148736,0,0.130048,0.0084479999999999989,0.010239999999999999,,0.0038399999999999997,,2.0459519999999998,12726,9864,549,6.7872010000000955
12727,314.11715980017004,277544160078,1,8.5824970155954361,7.473,9.110784,2.0564,15899,0.001024,3.2816639999999997,,0.03712,0.16127999999999998,0.000256,0.138752,0.009216,0.010752,,0.0048639999999999994,,1.7471999999999999,12727,9865,549,6.7960343999998258
12728,314.12468759920631,277544234808,1,7.527798879891634,8.4312,8.565504,1.7283,16387,0.001024,3.2192,,0.036608,0.162816,0,0.14438399999999998,0.007168,0.010239999999999999,,0.0048639999999999994,,2.73536,12728,9866,549,6.8032913000001827
12729,314.13348890306122,277544319120,1,8.8013038039207458,8.8556,7.506432,1.9499,16094,0.0012799999999999999,3.2363519999999997,,0.040959999999999996,0.157184,0,0.137216,0.0076799999999999993,0.009472,,0.004608,,1.7484799999999998,12729,9867,549,6.81252940000013
12730,314.14249580498864,277544407676,1,9.0069016441702843,8.7905,8.774656,1.8356,16387,0.001024,3.108608,,0.043264,0.158208,0,0.13849599999999998,0.003328,0.011007999999999999,,0.0051199999999999996,,1.9112959999999999,12730,9868,549,6.8209989000001769
12731,314.15023550170065,277544495581,1,7.7396966516971588,7.2218,8.996096,1.7607,16101,0.001024,3.2337919999999998,,0.041984,0.158976,0,0.139264,0.003584,0.009472,,0.004096,,1.952256,12731,9869,549,6.8289984000002733
12732,314.1593373015873,277544567799,1,9.1017996892333031,9.2827,7.711744,1.8605,16387,0.001024,3.232256,,0.033791999999999996,0.162048,0,0.143616,0.007424,0.009984,,0.004352,,2.0357119999999997,12732,9870,549,6.8381991999999627
12733,314.16737610544214,277544660626,1,8.0388039350509644,8.4754,9.052416,2.0155,15899,0.001024,3.194112,,0.038911999999999995,0.16255999999999998,0.000256,0.143872,0.007424,0.010496,,0.004096,,1.747456,12733,9871,549,6.8458648999999241
12734,314.17648440334466,277544745380,1,9.1082975268363953,7.7984,8.0448,2.0356,16387,0.001024,3.300864,,0.034048,0.153088,0.000256,0.133632,0.008192,0.010496,,0.0038399999999999997,,1.7664,12734,9872,549,6.8560342999999193
12735,314.18438039965986,277544823364,1,7.8959958627820015,9.3038,9.094912,1.7653,15899,0.001024,3.241472,,0.037376,0.591104,0,0.345088,0.005632,0.011519999999999999,,0.004352,,2.07488,12735,9873,549,6.8629068000000188
12736,314.19188000283447,277544916402,1,7.49960308894515,7.7844,7.858944,1.8723,16387,0.001024,3.1959039999999996,,0.043008,0.157184,0,0.13824,0.007424,0.009984,,0.0038399999999999997,,1.747712,12736,9874,549,6.8704891000002135
12737,314.20107750141722,277544994246,1,9.1974986717104912,9.964,7.486464,1.6815,15899,0.0012799999999999999,3.2368639999999997,,0.03712,0.153856,0.000256,0.13414399999999999,0.007424,0.009472,,0.005632,,1.7469439999999998,12737,9875,549,6.8799613999999565
12738,314.20913890306122,277545093886,1,8.0614015460014343,7.0712,9.180672,1.7557,16387,0.001024,3.1825919999999996,,0.03584,0.152576,0.000256,0.132352,0.007424,0.012544,,0.004352,,2.237952,12738,9876,549,6.887696600000254
12739,314.2174008999433,277545164598,1,8.261997252702713,7.6024,8.037376,1.9464,15899,0.001024,3.1813119999999997,,0.03712,0.180992,0,0.16127999999999998,0.008192,0.000256,,0.014336,,1.747968,12739,9877,549,6.8959998000000269
12740,314.22482410005665,277545240622,1,7.42320017889142,9.415,8.23936,1.7529,16387,0.001024,3.292672,,0.038911999999999995,0.157184,0.000256,0.138752,0.007424,0.009984,,0.004352,,2.1831679999999998,12740,9878,549,6.9034216999998534
12741,314.23328370181406,277545334772,1,8.4596015512943268,7.7831,7.406592,1.7536,15899,0.001024,3.0976,,0.035328,0.17638399999999999,0,0.156416,0.0084479999999999989,0.010752,,0.005376,,1.7469439999999998,12741,9879,549,6.9118145000002187
12742,314.240595103458,277545412603,1,7.3114014230668545,8.2946,8.439552,1.7791,16387,0.001024,3.106048,,0.038911999999999995,0.15692799999999998,0,0.13849599999999998,0.007424,0.009984,,0.0051199999999999996,,2.384896,12742,9880,549,6.9190871999999217
12743,314.2495077026644,277545495549,1,8.91259964555502,7.3297,7.284736,1.8483,16101,0.001024,3.183872,,0.038911999999999995,0.159744,0.000256,0.141312,0.007168,0.009216,,0.0048639999999999994,,1.746432,12743,9881,549,6.9281096999998226
12744,314.25753520408165,277545568846,1,8.0275014042854309,8.4852,8.884992,1.7257,16387,0.001024,3.242496,,0.038911999999999995,0.154112,0.000256,0.134656,0.003328,0.011264,,0.004352,,2.514944,12744,9882,549,6.9362704000000122
12745,314.26586950113375,277545653698,1,8.3342967554926872,7.2809,7.985408,1.9691,15899,0.0012799999999999999,3.2670719999999998,,0.037888,0.160512,0,0.141056,0.008192,0.009216,,0.0048639999999999994,,1.9781119999999999,12745,9883,549,6.9444432999998753
12746,314.27353070436504,277545726507,1,7.6612033881247044,9.0034,8.342272,1.7795,22171,0.001024,3.277312,,0.03968,0.15001599999999998,0.000256,0.131072,0.003584,0.009984,,0.004352,,2.1076479999999997,12746,9884,549,6.9519980000000032
12747,314.28247850056687,277545816541,1,8.9477961882948875,8.1839,7.638784,1.759,15951,0.001024,3.2834559999999997,,0.04224,0.16,0.000256,0.140544,0.007936,0.010239999999999999,,0.004608,,1.747968,12747,9885,549,6.9612833000001046
12748,314.29034630102041,277545898380,1,7.8678000718355179,8.1473,8.926976,1.842,16582,0.0012799999999999999,3.183872,,0.039424,0.158464,0.000256,0.138752,0.0076799999999999993,0.010496,,0.005376,,2.30144,12748,9886,549,6.9688482000001386
12749,314.29867760062359,277545979853,1,8.3312997594475746,7.5781,7.847168,1.8066,15899,0.001024,3.274752,,0.04224,0.387328,0,0.13516799999999998,0.009472,0.009984,,0.004608,,1.7484799999999998,12749,9887,549,6.9772876000001816
12750,314.30657980442174,277546055634,1,7.9022040590643883,9.0684,8.312832,1.742,16387,0.0012799999999999999,3.232512,,0.041215999999999996,0.162304,0,0.143616,0.003584,0.0097279999999999988,,0.004096,,2.009856,12750,9888,549,6.9851441000000705
12751,314.31532670068026,277546146318,1,8.74689593911171,7.7971,7.876352,1.8279,15899,0.001024,3.200768,,0.033535999999999996,0.317696,0,0.137216,0.004096,0.010496,,0.0038399999999999997,,1.915136,12751,9889,549,6.9939014000001407
12752,314.32333730158729,277546224289,1,8.0106006935238838,8.4096,8.7232,1.7889,16387,0.001024,3.196672,,0.038144,0.164608,0,0.13977599999999998,0.0076799999999999993,0.010239999999999999,,0.004608,,2.025728,12752,9890,549,7.0018559999998615
12753,314.33170020549886,277546308385,1,8.36290419101715,7.8785,8.004352,1.77,15899,0.001024,3.183872,,0.034816,0.161024,0,0.142848,0.003584,0.010239999999999999,,0.004096,,2.054912,12753,9891,549,7.0103165999998964
12754,314.33939379960316,277546387170,1,7.6935943216085434,8.7315,8.344576,1.7176,16387,0.001024,3.2327679999999996,,0.040192,0.152832,0.000256,0.13312,0.007936,0.009216,,0.004352,,2.0223999999999998,12754,9892,549,7.018000800000209
12755,314.34802239937642,277546474485,1,8.6285993456840515,7.9821,7.676672,1.8381,16246,0.001024,3.293952,,0.038911999999999995,0.1536,0.000256,0.134912,0.007936,0.009984,,0.004096,,1.749504,12755,9893,549,7.0265362999998615
12756,314.35654100056689,277546554306,1,8.5186008363962173,8.3874,8.602112,1.967,16387,0.0012799999999999999,3.2895999999999996,,0.037888,0.162048,0.000256,0.142592,0.0076799999999999993,0.010239999999999999,,0.004352,,1.747968,12756,9894,549,7.03530260000025
12757,314.36444970238097,277546638180,1,7.9087018966674805,7.7708,8.497408,1.6914,15899,0.001024,3.212288,,0.033791999999999996,0.15744,0,0.137728,0.004096,0.009984,,0.0051199999999999996,,2.098176,12757,9895,549,7.042974100000265
12758,314.37210639880954,277546715888,1,7.6566962525248528,8.5006,7.894272,1.8674,16387,0.001024,3.1764479999999997,,0.035328,0.16025599999999998,0.000256,0.141056,0.0076799999999999993,0.009984,,0.0038399999999999997,,1.747456,12758,9896,549,7.0506912000000739
12759,314.38107720379816,277546800894,1,8.9708054438233376,8.7507,7.638016,1.7307,15899,0.001024,3.250688,,0.043008,0.156672,0,0.13644799999999999,0.0076799999999999993,0.009984,,0.005376,,2.052352,12759,9897,549,7.0599743000002491
12760,314.38933650085033,277546888401,1,8.2592973485589027,7.6901,8.950272,1.7485,23021,0.001024,3.250688,,0.043008,0.156672,0,0.13644799999999999,0.0076799999999999993,0.009984,,0.005376,,2.052352,12760,9898,549,7.06792889999997
12761,314.39738480017007,277546965302,1,8.0482997000217438,7.7085,8.243456,1.7001,15899,0.001024,3.231744,,0.039168,0.158976,0,0.13977599999999998,0.011264,0.009984,,0.005376,,2.237952,12761,9899,549,7.0760261999998875
12762,314.40504860402496,277547042387,1,7.6638036407530308,8.8648,8.027648,1.7701,16387,0.001024,3.241984,,0.041728,0.158208,0,0.137216,0.007424,0.009472,,0.0048639999999999994,,1.7454079999999998,12762,9900,549,7.0836672999998882
12763,314.413675,277547131035,1,8.6263958364725113,8.4192,7.64672,1.8046,15899,0.001024,3.232256,,0.033791999999999996,0.152576,0,0.133888,0.011007999999999999,0.010239999999999999,,0.0051199999999999996,,2.125568,12763,9901,549,7.0922528000000966
12764,314.42173010204078,277547215227,1,8.0551020801067352,8.0372,8.601856,1.7825,16387,0.001024,3.194112,,0.040448,0.166912,0,0.145664,0.0076799999999999993,0.009984,,0.004608,,2.090496,12764,9902,549,7.100979400000142
12765,314.42985230300451,277547295599,1,8.1222010776400566,7.6622,8.02688,1.8318,15899,0.001024,3.1969279999999998,,0.039424,0.158464,0,0.13977599999999998,0.007936,0.009472,,0.003584,,2.223616,12765,9903,549,7.1085440000001654
12766,314.438161401644,277547372221,1,8.30909889191389,8.5821,8.103424,1.9749,16387,0.001024,3.289088,,0.035584,0.164352,0.000256,0.143872,0.0076799999999999993,0.010496,,0.005376,,1.965312,12766,9904,549,7.1167404000002534
12767,314.44605320294784,277547458042,1,7.8918011859059334,8.7059,8.316928,1.8052,16296,0.001024,3.2696319999999996,,0.036351999999999995,0.157184,0.000256,0.138752,0.007936,0.009472,,0.004608,,2.067968,12767,9905,549,7.1247876000002179
12768,314.45404199971654,277547545101,1,7.9887965694069862,7.569,7.856128,1.7942,16387,0.001024,3.2998399999999997,,0.034816,0.15564799999999998,0,0.13568,0.007936,0.009984,,0.0051199999999999996,,1.749504,12768,9906,549,7.1325765000001411
12769,314.46277810374147,277547620791,1,8.7361037731170654,8.1551,7.976448,1.8354,15899,0.001024,3.106816,,0.03968,0.16614399999999999,0.000256,0.14592,0.004096,0.009472,,0.005632,,2.014464,12769,9907,549,7.1413877999998476
12770,314.47107210175733,277547702342,1,8.2939984276890755,8.1016,8.71552,1.7387,16387,0.001024,3.301376,,0.033791999999999996,0.16153599999999999,0,0.14207999999999998,0.008192,0.011007999999999999,,0.0051199999999999996,,2.263296,12770,9908,549,7.1495700999998917
12771,314.47886290391153,277547783358,1,7.7908020466566086,7.8266,8.275968,1.7832,15899,0.001024,3.199744,,0.041215999999999996,0.15616,0,0.135936,0.0076799999999999993,0.0097279999999999988,,0.004096,,2.052352,12771,9909,549,7.157351700000163
12772,314.4867580994898,277547861624,1,7.8951958566904068,8.7336,7.775232,1.7878,16439,0.001024,3.237376,,0.035584,0.16127999999999998,0,0.14336,0.010752,0.009984,,0.003328,,1.747968,12772,9910,549,7.1653142000000116
12773,314.49566979875283,277547948960,1,8.9116990566253662,8.2364,7.867904,1.741,15899,0.001024,3.18336,,0.041984,0.16255999999999998,0,0.142336,0.003328,0.009984,,0.0048639999999999994,,1.748224,12773,9911,549,7.1742867000002661
12774,314.50336339994328,277548031324,1,7.693601306527853,7.765,8.901632,1.7904,16387,0.001024,3.300096,,0.039424,0.14899199999999999,0,0.130304,0.007424,0.010752,,0.004608,,2.428416,12774,9912,549,7.1818017999999029
12775,314.51196870039684,277548108974,1,8.6053004488348961,7.9506,7.655936,1.8006,15899,0.001024,3.2350719999999997,,0.039168,0.158464,0,0.138752,0.003328,0.00896,,0.004352,,1.746432,12775,9913,549,7.190449499999886
12776,314.52024720096369,277548188480,1,8.2785002887249,8.9744,8.591616,1.7581,16387,0.0012799999999999999,3.196672,,0.040192,0.159488,0,0.137984,0.0076799999999999993,0.010239999999999999,,0.003584,,2.179072,12776,9914,549,7.1994131000001289
12777,314.5279910997732,277548278224,1,7.7438987791538239,7.5658,8.267008,1.7291,15899,0.001024,3.1795199999999997,,0.037888,0.35942399999999997,0,0.334848,0.007424,0.009984,,0.0038399999999999997,,1.931776,12777,9915,549,7.2065573999998378
12778,314.53685650510204,277548353882,1,8.86540487408638,8.6279,7.713536,1.7513,16387,0.001024,3.2012799999999997,,0.041728,0.16255999999999998,0.000256,0.143616,0.007424,0.009984,,0.003328,,1.746688,12778,9916,549,7.2154718000001594
12779,314.54491290391155,277548440161,1,8.0563984811306,8.9183,8.844032,1.7198,15899,0.001024,3.289088,,0.038655999999999996,0.155904,0,0.134656,0.010239999999999999,0.0097279999999999988,,0.004096,,1.946624,12779,9917,549,7.2238228000001072
12780,314.55307980442177,277548529344,1,8.1669008359313011,7.1831,8.037632,1.8045,16589,0.001024,3.10528,,0.039168,0.15692799999999998,0,0.137984,0.0084479999999999989,0.0097279999999999988,,0.0048639999999999994,,1.91488,12780,9918,549,7.2314863000001424
12781,314.5619857993197,277548601175,1,8.9059947058558464,8.9083,8.13568,1.864,15899,0.001024,3.19872,,0.038144,0.154368,0,0.1344,0.0076799999999999993,0.009472,,0.005888,,1.747456,12781,9919,549,7.2405346000000463
12782,314.56943330498865,277548690258,1,7.4475058354437351,8.3583,8.896512,1.7713,16387,0.001024,3.2460799999999996,,0.03968,0.153088,0,0.13414399999999999,0.0076799999999999993,0.009984,,0.003328,,2.496512,12782,9920,549,7.24792269999989
12783,314.57831600056687,277548773841,1,8.882695809006691,7.6914,7.42656,1.7243,15899,0.001024,3.238912,,0.041471999999999995,0.15488,0.000256,0.133888,0.007424,0.010239999999999999,,0.004608,,1.746176,12783,9921,549,7.2568624000000455
12784,314.58632599914966,277548850755,1,8.0099981278181076,9.0166,8.668416,1.7562,16387,0.001024,3.285504,,0.035072,0.15231999999999998,0,0.133888,0.007424,0.009984,,0.003584,,2.2213119999999997,12784,9922,549,7.2647686000000249
12785,314.59439870323126,277548940921,1,8.0727040767669678,7.3812,7.981312,1.7934,15899,0.24806399999999998,3.239168,,0.038655999999999996,0.15872,0,0.138752,0.0076799999999999993,0.0097279999999999988,,0.0038399999999999997,,1.95712,12785,9923,549,7.273156900000231
12786,314.60287840136056,277549014733,1,8.4796985611319542,8.9603,8.0448,1.7261,16582,0.001024,3.1057919999999997,,0.034048,0.149248,0.000256,0.130048,0.011776,0.010496,,0.0048639999999999994,,2.371584,12786,9924,549,7.2813003000001117
12787,314.61138070436505,277549104336,1,8.5023026913404465,7.9161,8.459008,1.848,15899,0.001024,3.243264,,0.036351999999999995,0.15334399999999998,0,0.13414399999999999,0.003328,0.010496,,0.004096,,1.7471999999999999,12787,9925,549,7.28988070000014
12788,314.61915700113377,277549183497,1,7.7762966975569725,8.3548,8.48768,1.7371,16387,0.001024,3.2384,,0.040448,0.16127999999999998,0,0.141568,0.0076799999999999993,0.011007999999999999,,0.004608,,2.025984,12788,9926,549,7.2978557999999794
12789,314.62746670209748,277549267045,1,8.3097005262970924,8.1706,7.769344,1.8465,15899,0.001024,3.1831039999999997,,0.03968,0.15564799999999998,0,0.135936,0.007424,0.009984,,0.004608,,1.747968,12789,9927,549,7.3063501000001452
12790,314.63540700113379,277549348751,1,7.94029887765646,8.5582,8.29184,1.8427,16387,0.001024,3.177216,,0.039936,0.152064,0,0.13312,0.007936,0.010496,,0.0051199999999999996,,2.469888,12790,9928,549,7.3141697000000931
12791,314.64392959892291,277549434333,1,8.522598072886467,7.9582,7.918592,1.8796,15899,0.001024,3.29216,,0.035584,0.17868799999999999,0.000256,0.136704,0.007936,0.009984,,0.005376,,1.746176,12791,9929,549,7.3226641999999629
12792,314.65227760062356,277549513915,1,8.3480020985007286,8.4786,8.500224,1.787,29912,0.001024,3.277824,,0.03328,0.160768,0,0.14207999999999998,0.008192,0.009984,,0.0048639999999999994,,2.2594559999999997,12792,9930,549,7.3307730000001357
12793,314.661121704932,277549598701,1,8.84410459548235,7.8462,8.326144,1.8586,15899,0.0012799999999999999,3.197184,,0.040448,0.165632,0,0.14592,0.007936,0.010239999999999999,,0.0051199999999999996,,1.7484799999999998,12793,9931,549,7.3397924000000785
12794,314.66877630385488,277549677163,1,7.6545989140868187,8.3642,8.825344,1.8053,16387,0.001024,3.2465919999999997,,0.035328,0.158208,0,0.139008,0.012544,0.0097279999999999988,,0.003584,,2.498304,12794,9932,549,7.3474239000001944
12795,314.67767820294785,277549760805,1,8.9018987491726875,8.2678,7.628032,1.7464,15899,0.001024,3.1813119999999997,,0.035584,0.157696,0,0.13952,0.007936,0.010496,,0.004096,,1.747456,12795,9933,549,7.35622770000009
12796,314.68508620323126,277549843483,1,7.4080000631511211,9.014,8.89088,1.8339,16387,0.001024,3.1982079999999997,,0.038655999999999996,0.16358399999999998,0,0.139264,0.0076799999999999993,0.010752,,0.005376,,2.257152,12796,9934,549,7.3635908999999629
12797,314.69407380243763,277549933623,1,8.9875990524888039,7.5498,7.402496,1.7244,15951,0.001024,3.2319999999999998,,0.041728,0.160768,0,0.14079999999999998,0.003328,0.009472,,0.004352,,1.7471999999999999,12797,9935,549,7.3725319999998646
12798,314.70200960175737,277550009121,1,7.9357996582984924,8.874,8.972032,1.7165,16387,0.001024,3.1848959999999997,,0.03712,0.15616,0,0.136704,0.007424,0.009984,,0.005376,,2.333952,12798,9936,549,7.3804838999999447
12799,314.71086540532878,277550097861,1,8.855803869664669,7.3768,7.906816,1.8643,21828,0.001024,3.2296959999999997,,0.041471999999999995,0.162304,0.000256,0.141824,0.007936,0.010239999999999999,,0.005632,,1.747456,12799,9937,549,7.3894003999998858
12800,314.71860639880953,277550171629,1,7.7409935183823109,8.9018,8.83968,1.7414,16387,0.0012799999999999999,3.29344,,0.03584,0.155904,0.000256,0.136704,0.007424,0.010496,,0.0048639999999999994,,2.023936,12800,9938,549,7.3972566000002189
12801,314.72671960034012,277550260647,1,8.1132017076015472,8.0139,7.50464,1.7213,21828,0.001024,3.185152,,0.036864,0.15795199999999998,0.000256,0.137984,0.003328,0.009984,,0.0048639999999999994,,1.7489919999999999,12801,9939,549,7.4053535000002739
12802,314.73439710175734,277550340786,1,7.6775015331804752,8.8357,8.1472,1.7338,16387,0.001024,3.1831039999999997,,0.035584,0.158976,0.000256,0.13952,0.0076799999999999993,0.009984,,0.003328,,2.19008,12802,9940,549,7.4128292999998848
12803,314.74193200113376,277550429143,1,7.5348992832005024,7.8347,7.653632,1.8894,15899,0.001024,3.1813119999999997,,0.041984,0.157184,0,0.137216,0.0076799999999999993,0.0097279999999999988,,0.004608,,1.746432,12803,9941,549,7.4205292000001464
12804,314.75081830357141,277550507490,1,8.8863028213381767,8.0777,7.521536,1.6586,58962,0.001024,3.236096,,0.041215999999999996,0.16025599999999998,0.000256,0.14079999999999998,0.003584,0.0097279999999999988,,0.005376,,1.746432,12804,9942,549,7.4293916000001445
12805,314.75991780045348,277550588267,1,9.099496528506279,7.5994,8.869632,1.7407,29400,0.001024,3.108608,,0.354048,0.157696,0.000256,0.13747199999999998,0.0038399999999999997,0.009472,,0.004608,,1.9136,12805,9943,549,7.4386718999999175
12806,314.76755470521539,277550664261,1,7.6369047164916992,7.6365,9.069312,1.8653,51529,0.001024,3.294464,,0.041984,0.158208,0,0.13747199999999998,0.007424,0.010496,,0.004352,,2.077952,12806,9944,549,7.4464929999999185
12807,314.77615850340135,277550740626,1,8.6037982255220413,8.8442,7.615744,1.786,46047,0.001024,3.233536,,0.034048,0.155904,0,0.137728,0.006656,0.009984,,0.0048639999999999994,,1.9560959999999998,12807,9945,549,7.4549897000001693
12808,314.78377180413833,277550829068,1,7.6133008114993572,9.1991,8.600064,1.9142,16387,0.001024,3.1744,,0.042496,0.15564799999999998,0.000256,0.1344,0.0051199999999999996,0,,0.036608,,2.029312,12808,9946,549,7.4624153999998271
12809,314.79255549886619,277550921059,1,8.7836943566799164,7.8301,7.591936,1.9047,24377,0.001024,3.242752,,0.033791999999999996,0.162304,0.000256,0.143616,0.0038399999999999997,0.009984,,0.004096,,1.9061759999999999,12809,9947,549,7.4709677999999258
12810,314.80029140447846,277550999360,1,7.7359057031571865,8.6133,8.765952,1.7935,16387,0.001024,3.183872,,0.040959999999999996,0.15872,0,0.13849599999999998,0.007936,0.010496,,0.0051199999999999996,,2.078976,12810,9948,549,7.4788541000002624
12811,314.8080299036281,277551085493,1,7.7384989708662033,7.4395,7.712,1.7321,15899,0.001024,3.1667199999999998,,0.033791999999999996,0.152576,0,0.13312,0.0038399999999999997,0.009984,,0.004352,,1.747456,12811,9949,549,7.4867466999999124
12812,314.81536760204079,277551159888,1,7.3376982472836971,8.5457,7.698176,1.8364,16387,0.001024,3.0960639999999997,,0.041728,0.162048,0,0.14336,0.0076799999999999993,0.009984,,0.005376,,1.746688,12812,9950,549,7.4938921000002665
12813,314.82400300453514,277551245345,1,8.6354026570916176,7.8407,7.332352,1.7294,15899,0.001024,3.1813119999999997,,0.034048,0.155392,0.000256,0.136704,0.010752,0.0084479999999999989,,0.004608,,1.748224,12813,9951,549,7.5024720999999772
12814,314.83255570436506,277551323752,1,8.5527002811431885,7.9466,8.617216,1.7669,16387,0.001024,3.196672,,0.039936,0.154112,0.000256,0.1344,0.007936,0.0097279999999999988,,0.0038399999999999997,,2.216704,12814,9952,549,7.5112601000000723
12815,314.84030330215415,277551403218,1,7.7475979924201965,7.1682,8.53376,1.7198,15899,0.001024,3.228928,,0.037376,0.15616,0.000256,0.137216,0.007424,0.009984,,0.005632,,2.0894719999999998,12815,9953,549,7.5190373999998883
12816,314.84789660572562,277551474900,1,7.5933034531772137,8.5321,7.727616,1.8195,48818,0.001024,3.2435199999999997,,0.04224,0.15488,0.000256,0.133632,0.007424,0.009984,,0.0051199999999999996,,1.748224,12816,9954,549,7.5265018000000055
12817,314.85739660572563,277551560221,1,9.4999996945261955,8.8048,7.577344,1.7146,15899,0.001024,3.2931839999999997,,0.039168,0.15462399999999998,0,0.134656,0.007424,0.009984,,0.004352,,1.746688,12817,9955,549,7.5358271999998578
12818,314.86607700538548,277551648269,1,8.6803995072841644,7.7807,9.47584,1.6997,16387,0.001024,3.2967679999999997,,0.359936,0.156416,0.000256,0.13644799999999999,0.0076799999999999993,0.011264,,0.0051199999999999996,,1.7471999999999999,12818,9956,549,7.54446710000002
12819,314.87362540391155,277551726076,1,7.5483983382582664,7.4776,8.664064,1.8354,15899,0.0012799999999999999,3.101184,,0.040192,0.156416,0,0.13644799999999999,0.0076799999999999993,0.011007999999999999,,0.004096,,2.075136,12819,9957,549,7.55219870000019
12820,314.8816616000567,277551800852,1,8.036196231842041,9.3129,7.520512,1.7674,16387,0.001024,3.268608,,0.03968,0.15334399999999998,0.000256,0.133632,0.007424,0.009472,,0.0048639999999999994,,1.7471999999999999,12820,9958,549,7.560510400000112
12821,314.88972949971657,277551893981,1,8.0678993836045265,8.6525,8.014592,1.8719,40104,0.0012799999999999999,3.190784,,0.036095999999999996,0.161024,0,0.139008,0.0076799999999999993,0.011264,,0.0038399999999999997,,1.749248,12821,9959,549,7.5685087000001658
12822,314.8981071003401,277551980506,1,8.3776004612445831,7.6066,8.049664,1.6888,30824,0.001024,3.2839679999999998,,0.038911999999999995,0.15692799999999998,0,0.13849599999999998,0.007424,0.009984,,0.0051199999999999996,,1.749504,12822,9960,549,7.5765904999998384
12823,314.90639999999996,277552056572,1,8.29289946705103,8.0669,8.36352,1.7937,15899,0.001024,3.297792,,0.040704,0.15103999999999998,0,0.13183999999999998,0.007424,0.010752,,0.005632,,1.746432,12823,9961,549,7.5852116000000933
12824,314.9150107993197,277552137241,1,8.6107989773154259,8.275,8.259584,1.701,16582,0.001024,3.2985599999999997,,0.033535999999999996,0.15129599999999999,0,0.132608,0.007936,0.0097279999999999988,,0.004608,,2.0454399999999997,12824,9962,549,7.5935201000002053
12825,314.922533701814,277552219991,1,7.5229024514555931,8.1504,8.60416,1.8232,15899,0.001024,3.2762879999999996,,0.03712,0.15872,0.000256,0.139264,0.0076799999999999993,0.0097279999999999988,,0.004608,,2.02496,12825,9963,549,7.6011306999998851
12826,314.93143049886618,277552301495,1,8.8967969641089439,8.6165,7.493632,1.7236,16387,0.001024,3.1808,,0.035328,0.163072,0,0.14464,0.0076799999999999993,0.010239999999999999,,0.003584,,1.746688,12826,9964,549,7.60989440000003
12827,314.93923250425166,277552387660,1,7.8020053915679455,8.3506,8.881408,1.7657,33470,0.001024,3.3057279999999998,,0.0384,0.153088,0,0.133632,0.0076799999999999993,0.010496,,0.0051199999999999996,,2.2261759999999997,12827,9965,549,7.6179974000001494
12828,314.94805790107711,277552471166,1,8.8253971189260483,7.589,7.783424,1.7211,30974,0.001024,3.269376,,0.039424,0.158976,0,0.140288,0.011264,0.009984,,0.005376,,1.9125759999999998,12828,9966,549,7.6264819000002717
12829,314.95623430413832,277552547056,1,8.1764031201601028,8.7053,8.800256,1.7663,138896,0.001024,3.30496,,0.040448,0.155904,0,0.136704,0.007424,0.011264,,0.004608,,1.746176,12829,9967,549,7.6350925000001553
12830,314.96367630385487,277552634109,1,7.4419998563826084,8.0448,8.151296,1.6819,125655,0.001024,3.1063039999999997,,0.033791999999999996,0.15488,0,0.136192,0.007936,0.0097279999999999988,,0.0038399999999999997,,2.654464,12830,9968,549,7.6421261999998933
12831,314.97272300170067,277552714557,1,9.0466979891061783,8.6167,7.414784,2.0884,51041,0.001024,3.2762879999999996,,0.039424,0.158464,0,0.140544,0.007936,0.010239999999999999,,0.004096,,1.747712,12831,9969,549,7.6511974000000009
12832,314.98068000283445,277552800724,1,7.9570012167096138,8.2507,9.040896,1.8888,46535,0.001024,3.220224,,0.038655999999999996,0.157184,0,0.138752,0.0076799999999999993,0.010496,,0.003584,,2.455552,12832,9970,549,7.6591410000000906
12833,314.98918010204079,277552883231,1,8.5000991821289063,7.3834,7.933184,1.8066,33470,0.001024,3.3003519999999997,,0.041215999999999996,0.157184,0.000256,0.13747199999999998,0.0076799999999999993,0.009472,,0.005632,,1.955072,12833,9971,549,7.6678141000002142
12834,314.99690210459181,277552957065,1,7.7220024541020393,9.0104,8.475648,1.7048,30772,0.001024,3.2430079999999997,,0.25574399999999997,0.158208,0,0.139264,0.011776,0.009984,,0.0048639999999999994,,2.0677119999999998,12834,9972,549,7.6754906000001029
12835,315.00493420493194,277553047169,1,8.0321002751588821,7.9973,7.685888,1.7416,15899,0.0012799999999999999,3.3016319999999997,,0.03968,0.155136,0,0.135936,0.007424,0.010752,,0.0051199999999999996,,1.746432,12835,9973,549,7.6835025000000314
12836,315.01393440334465,277553127142,1,9.0001979842782021,8.5984,8.036608,1.8437,16387,0.001024,3.1733759999999998,,0.034304,0.156672,0,0.136704,0.0063999999999999994,0.009984,,0.003328,,2.118912,12836,9974,549,7.6924192000001312
12837,315.02199050453515,277553213126,1,8.0561013892292976,7.7525,8.9792,1.7216,15899,0.0012799999999999999,3.244544,,0.044031999999999995,0.155904,0.000256,0.13644799999999999,0.007424,0.010752,,0.004352,,1.747456,12837,9975,549,7.7005831000001308
12838,315.03062900368479,277553290651,1,8.6384993046522141,7.9802,8.027392,1.9219,16387,0.001024,3.1818239999999998,,0.039424,0.17049599999999998,0.000256,0.151552,0.007936,0.009984,,0.0048639999999999994,,2.350336,12838,9976,549,7.7091254000001754
12839,315.03849630102042,277553370453,1,7.8672971576452255,8.927,8.626176,1.8378,15899,0.001024,3.24096,,0.035328,0.157184,0,0.137216,0.007424,0.009984,,0.004608,,2.194944,12839,9977,549,7.7171189000000595
12840,315.04667830215419,277553459723,1,8.1820013001561165,8.175,7.856128,1.7041,16589,0.001024,3.231744,,0.035072,0.15334399999999998,0,0.13414399999999999,0.003584,0.009984,,0.004096,,2.299136,12840,9978,549,7.7255590999998276
12841,315.05528630243765,277553541473,1,8.6080003529787064,8.5373,8.144128,1.8867,15899,0.001024,3.2931839999999997,,0.039936,0.1536,0,0.1344,0.007936,0.011519999999999999,,0.0048639999999999994,,1.7471999999999999,12841,9979,549,7.7342552000000069
12842,315.06337280328796,277553626846,1,8.0865006893873215,7.9867,8.611072,2.1047,16387,0.001024,3.291648,,0.036608,0.1536,0,0.13414399999999999,0.0076799999999999993,0.0097279999999999988,,0.003584,,2.0544,12842,9980,549,7.7422129000001405
12843,315.07129450113376,277553706713,1,7.9216975718736649,8.433,8.04736,4.5212,16094,0.001024,3.1679999999999997,,0.034816,0.487168,0.000256,0.14207999999999998,0.008704,0,,0.022015999999999997,,1.7653759999999998,12843,9981,549,7.7500770000001467
12844,315.07993309948978,277553791043,1,8.6385980248451233,8.6602,7.908608,1.9482,16387,0.001024,3.103488,,0.033791999999999996,0.16025599999999998,0,0.142336,0.0076799999999999993,0.0097279999999999988,,0.0038399999999999997,,2.248704,12844,9982,549,7.7584396000002016
12845,315.08855110544215,277553877645,1,8.6180055513978,7.9788,8.606464,1.7828,15899,0.0012799999999999999,3.2816639999999997,,0.03456,0.161024,0,0.141568,0.0076799999999999993,0.009984,,0.004096,,2.296576,12845,9983,549,7.7670975000000908
12846,315.09641190476191,277553957433,1,7.8607993200421333,7.7483,8.615424,1.825,33958,0.001024,3.270912,,0.039168,0.1664,0,0.1472,0.0038399999999999997,0.0097279999999999988,,0.005632,,2.315776,12846,9984,549,7.7754014000001916
12847,315.10398630243765,277554034916,1,7.5743976049125195,8.5117,7.713792,1.8585,30336,0.001024,3.2931839999999997,,0.039424,0.15923199999999998,0.000256,0.13977599999999998,0.007936,0.010752,,0.004352,,1.747968,12847,9985,549,7.782615000000078
12848,315.11311079931971,277554120033,1,9.1244969516992569,8.634,7.674368,2.1445,16387,0.001024,3.273984,,0.040192,0.157696,0,0.13747199999999998,0.008192,0.010496,,0.005376,,1.747968,12848,9986,549,7.7916238000002522
12849,315.12127030187071,277554206373,1,8.1595024093985558,8.1954,9.088256,1.7971,15899,0.001024,3.1039999999999996,,0.038911999999999995,0.163328,0,0.145152,0.0076799999999999993,0.0097279999999999988,,0.004352,,2.033152,12849,9987,549,7.7999024999999165
12850,315.12901280470521,277554288327,1,7.7425027266144753,7.3223,8.155136,1.8953,16387,0.001024,3.185408,,0.035328,0.151552,0,0.132608,0.007936,0.0097279999999999988,,0.004096,,2.084864,12850,9988,549,7.8075171999998929
12851,315.13659180130384,277554361550,1,7.5789964757859707,9.0239,7.72864,1.7313,15899,0.001024,3.2332799999999997,,0.040959999999999996,0.16127999999999998,0,0.13696,0.0076799999999999993,0.010239999999999999,,0.005632,,1.7454079999999998,12851,9989,549,7.8152196000000913
12852,315.14531680130386,277554451789,1,8.7249996140599251,8.2604,7.558912,1.7835,16387,0.001024,3.177216,,0.038655999999999996,0.15692799999999998,0.000256,0.137216,0.0076799999999999993,0.009472,,0.005632,,1.7487359999999998,12852,9990,549,7.8242559999998775
12853,315.15431570294783,277554534393,1,8.9989015832543373,7.6442,8.702208,1.7335,16101,0.001024,3.105536,,0.2496,0.157184,0.000256,0.137984,0.0076799999999999993,0.009984,,0.0048639999999999994,,1.7502719999999998,12853,9991,549,7.83289220000006
12854,315.16220359977325,277554610835,1,7.8878970816731453,7.6829,8.986368,1.9236,16387,0.001024,3.299328,,0.039424,0.160512,0.000256,0.140544,0.008704,0.009472,,0.0038399999999999997,,1.9412479999999999,12854,9992,549,7.8412097999998878
12855,315.17116560374149,277554687664,1,8.9620035141706467,9.071,7.870464,1.7748,21683,0.001024,3.288576,,0.038144,0.160512,0,0.142592,0.0076799999999999993,0.009472,,0.004608,,2.083584,12855,9993,549,7.8498878000000332
12856,315.17892380243762,277554778374,1,7.7581987716257572,8.5685,8.942336,1.9081,16387,0.001024,3.172096,,0.041215999999999996,0.158976,0,0.139264,0.0076799999999999993,0.010496,,0.004608,,2.265344,12856,9994,549,7.8576011000000108
12857,315.18798990221086,277554864059,1,9.0661002323031425,8.3164,7.751168,2.1007,15899,0.001024,3.273472,,0.038655999999999996,0.155392,0,0.13516799999999998,0.007424,0.0097279999999999988,,0.0048639999999999994,,1.747968,12857,9995,549,7.8665977000000566
12858,315.19570750425169,277554947223,1,7.7176019549369812,8.7011,9.0368,1.8837,16387,0.001024,3.241472,,0.044288,0.155904,0.000256,0.135936,0.007424,0.010239999999999999,,0.005632,,2.236672,12858,9996,549,7.874270499999966
12859,315.20471830357144,277555034234,1,9.01079922914505,7.7278,7.69024,1.7553,15899,0.001024,3.234304,,0.041471999999999995,0.158208,0,0.137728,0.003328,0.010496,,0.004608,,1.749504,12859,9997,549,7.88324909999983
12860,315.2124661989796,277555111512,1,7.7478955499827862,8.8976,8.997888,1.7562,16387,0.001024,3.180544,,0.037376,0.155392,0.000256,0.134912,0.0076799999999999993,0.011007999999999999,,0.0051199999999999996,,2.657024,12860,9998,549,7.8910319999999956
12861,315.22118939909296,277555200488,1,8.723200298845768,7.8035,7.727104,1.696,15899,0.001024,3.2314879999999997,,0.042752,0.16127999999999998,0.000256,0.14079999999999998,0.0076799999999999993,0.009472,,0.004352,,1.7484799999999998,12861,9999,549,7.8997355000001335
12862,315.22891580215418,277555278523,1,7.7264029532670975,8.8775,8.703232,1.741,16582,0.001024,3.2972799999999998,,0.039424,0.157696,0,0.139008,0.007424,0.011264,,0.005376,,2.115072,12862,10000,549,7.9073895999999877
12863,315.23690899943307,277555367298,1,7.9931970685720444,7.7909,7.712512,1.9405,15899,0.001024,3.095808,,0.036095999999999996,0.15872,0,0.13849599999999998,0.007936,0.0097279999999999988,,0.005632,,1.747968,12863,10001,549,7.9154889000001276
12864,315.24581600056689,277555445207,1,8.9070014655590057,8.7334,7.968768,1.6954,16387,0.001024,3.241472,,0.039424,0.156672,0.000256,0.13747199999999998,0.003328,0.010496,,0.005376,,1.748224,12864,10002,549,7.9244300000000294
12865,315.2542466057256,277555532541,1,8.4306048229336739,7.7154,8.893696,1.745,16246,0.001024,3.197952,,0.360448,0.16,0,0.14079999999999998,0.008192,0.011264,,0.004608,,1.918208,12865,10003,549,7.9327105000002121
12866,315.26257470238096,277555609695,1,8.328096941113472,8.0682,8.40192,1.7759,16387,0.001024,3.2345599999999997,,0.040704,0.16025599999999998,0,0.14079999999999998,0.007424,0.010239999999999999,,0.005376,,2.023936,12866,10004,549,7.94146499999988
12867,315.2698804988662,277555690377,1,7.3057962581515312,8.961,8.316416,1.721,15899,0.001024,3.188224,,0.033024,0.162816,0.000256,0.14438399999999998,0.004096,0.009216,,0.0048639999999999994,,2.7128319999999997,12867,10005,549,7.9484430000002249
12868,315.27896470379818,277555779987,1,9.0842051431536674,8.2695,7.27424,2.0209,16387,0.001024,3.182848,,0.035072,0.151808,0,0.13312,0.007424,0.009984,,0.004096,,1.747968,12868,10006,549,7.9574427000002288
12869,315.28658540249432,277555862682,1,7.6206987723708153,8.7504,9.070848,1.8027,15899,0.001024,3.2483839999999997,,0.035072,0.15744,0,0.138752,0.007424,0.010239999999999999,,0.005376,,2.113024,12869,10007,549,7.9652786999999989
12870,315.29487840136051,277555950186,1,8.2929991185665131,6.9287,7.591424,1.7884,16387,0.001024,3.1902719999999998,,0.041728,0.15795199999999998,0,0.13824,0.007936,0.0097279999999999988,,0.005376,,1.7471999999999999,12870,10008,549,7.97334920000003
12871,315.302134204932,277556019473,1,7.2558037936687469,9.0796,8.272384,1.7118,15899,0.001024,3.098112,,0.033024,0.16025599999999998,0,0.141312,0.008192,0.009216,,0.004352,,2.195456,12871,10009,549,7.9807869000001119
12872,315.31135920493193,277556110269,1,9.2249996960163116,7.8084,7.238912,1.7582,16439,0.001024,3.102976,,0.035072,0.165632,0.000256,0.145664,0.008192,0.009472,,0.004352,,1.744896,12872,10010,549,7.9898308000001634
12873,315.31894860402491,277556188353,1,7.5893988832831383,8.0879,9.201408,1.7317,15899,0.001024,3.188224,,0.038911999999999995,0.153856,0,0.1344,0.003328,0.010496,,0.0051199999999999996,,2.610176,12873,10011,549,7.9974793999999747
12874,315.32737949971653,277556269232,1,8.4308953955769539,7.4253,7.531008,1.6958,16387,0.001024,3.17568,,0.040192,0.16153599999999999,0.000256,0.14207999999999998,0.007936,0.009216,,0.004608,,1.7469439999999998,12874,10012,549,8.0059297000002516
12875,315.33526940192741,277556343485,1,7.8899022191762924,9.0474,8.447232,1.8798,15899,0.001024,3.273984,,0.039424,0.153088,0,0.133888,0.007424,0.011007999999999999,,0.0048639999999999994,,2.056704,12875,10013,549,8.0139911000001121
12876,315.343156505102,277556433959,1,7.8871035948395729,7.6004,7.87968,1.7291,16387,0.001024,3.292672,,0.040704,0.159744,0.000256,0.140288,0.0076799999999999993,0.010752,,0.003584,,1.7471999999999999,12876,10014,549,8.0216077999998561
12877,315.35164000141719,277556509963,1,8.4834964945912361,8.5125,7.857152,1.7698,16101,0.001024,3.2319999999999998,,0.040192,0.154112,0.000256,0.1344,0.0076799999999999993,0.009984,,0.004352,,1.748224,12877,10015,549,8.0303941000001942
12878,315.3604433035714,277556595088,1,8.80330242216587,8.0547,8.456704,1.6785,16387,0.001024,3.30112,,0.038911999999999995,0.15744,0,0.13849599999999998,0.007424,0.009472,,0.004096,,1.746688,12878,10016,549,8.0388799000002109
12879,315.36828180272107,277556675635,1,7.8384988009929657,7.6302,8.797184,1.715,15899,0.001024,3.2931839999999997,,0.041728,0.16025599999999998,0,0.140544,0.0076799999999999993,0.009984,,0.0051199999999999996,,2.077952,12879,10017,549,8.0467500999998265
12880,315.37652050028345,277556751937,1,8.238697424530983,8.7753,7.802368,1.6541,16387,0.001024,3.291136,,0.038911999999999995,0.163328,0,0.144896,0.0076799999999999993,0.009984,,0.003328,,2.1396479999999998,12880,10018,549,8.055348800000047
12881,315.38413309948976,277556839690,1,7.6125990599393845,8.4641,8.226304,1.6973,16094,0.0012799999999999999,3.17184,,0.041215999999999996,0.152576,0.000256,0.13286399999999998,0.007424,0.009984,,0.004352,,2.031872,12881,10019,549,8.0628339999998389
12882,315.39291789965984,277556924331,1,8.784799836575985,7.8808,7.5901439999999996,1.8177,23021,0.001024,3.108352,,0.035328,0.160768,0,0.142336,0.007424,0.010752,,0.0038399999999999997,,1.7471999999999999,12882,10020,549,8.0713300000002164
12883,315.40102630385485,277557003139,1,8.1084044650197029,8.5596,8.764928,1.7362,15899,0.0012799999999999999,3.300864,,0.037632,0.158976,0,0.137984,0.0076799999999999993,0.009984,,0.004608,,2.035968,12883,10021,549,8.0796094000002086
12884,315.40921889880951,277557088735,1,8.1925950944423676,7.2656,8.09344,1.6729,16387,0.001024,3.273472,,0.033791999999999996,0.167424,0,0.14848,0.008192,0.009984,,0.003584,,2.2661119999999997,12884,10022,549,8.0877516999998988
12885,315.41631550453513,277557161391,1,7.0966058410704136,8.7542,8.161024,1.8007,15899,0.001024,3.296512,,0.037632,0.163328,0,0.141568,0.0076799999999999993,0.010752,,0.005376,,2.0139519999999997,12885,10023,549,8.0948794000000817
12886,315.42529780328795,277557248933,1,8.9822988957166672,8.2665,7.081216,1.6932,16387,0.001024,3.2363519999999997,,0.033791999999999996,0.158464,0,0.140032,0.007936,0.009984,,0.004096,,1.7469439999999998,12886,10024,549,8.1038564999998925
12887,315.43357190334467,277557331598,1,8.2740997895598412,8.1775,8.97024,1.8433,15899,0.001024,3.299328,,0.036608,0.159488,0,0.139264,0.0076799999999999993,0.009472,,0.005376,,1.7469439999999998,12887,10025,549,8.1123275999998441
12888,315.4416275014172,277557413373,1,8.0555984750390053,7.0799,8.248832,1.7318,16387,0.001024,3.278848,,0.036095999999999996,0.154112,0,0.135424,0.007936,0.0097279999999999988,,0.0038399999999999997,,2.07232,12888,10026,549,8.1201107000001684
12889,315.44979140447845,277557484172,1,8.1639029085636139,8.9658,8.042496,1.8592,16101,0.001024,3.2363519999999997,,0.041471999999999995,0.151552,0,0.131328,0.007424,0.0097279999999999988,,0.004096,,1.746688,12889,10027,549,8.1286211999999978
12890,315.45720680272109,277557573830,1,7.4153980240225792,8.4646,8.128256,1.6881,16387,0.001024,3.2430079999999997,,0.039168,0.153856,0,0.131584,0.0076799999999999993,0.009984,,0.003328,,2.349056,12890,10028,549,8.1356856000002153
12891,315.46613039965985,277557658476,1,8.9235967025160789,7.8273,7.390208,1.8243,15899,0.001024,3.236096,,0.03584,0.16768,0.000256,0.147456,0.008192,0.0012799999999999999,,0.013824,,1.7484799999999998,12891,10029,549,8.14478680000002
12892,315.47405250141725,277557736749,1,7.922101765871048,8.3104,8.923392,1.8832,16387,0.001024,3.213824,,0.041215999999999996,0.164352,0.000256,0.144128,0.007424,0.011776,,0.004608,,2.0659199999999998,12892,10030,549,8.1525191000000632
12893,315.48142840136052,277557819853,1,7.3759001679718494,7.2723,7.889152,1.7712,15899,0.0012799999999999999,3.187456,,0.03968,0.15462399999999998,0.000256,0.134656,0.0084479999999999989,0.001792,,0.012544,,2.12352,12893,10031,549,8.1602690999998231
12894,315.48965150226758,277557892576,1,8.2231005653738976,9.0461,7.360512,1.7469,16387,0.001024,3.169536,,0.040704,0.15334399999999998,0,0.133632,0.0076799999999999993,0.0097279999999999988,,0.003584,,1.7469439999999998,12894,10032,549,8.16859710000017
12895,315.4973341057256,277557983037,1,7.6826033182442188,7.7952,8.210432,1.8072,15899,0.0012799999999999999,3.2883199999999997,,0.043264,0.15129599999999999,0,0.132608,0.0076799999999999993,0.010496,,0.0051199999999999996,,1.9146239999999999,12895,10033,549,8.1759302000000389
12896,315.5058475056689,277558060989,1,8.5134003311395645,7.6632999999999996,7.640064,1.8054,16387,0.001024,3.1039999999999996,,0.041728,0.157696,0.000256,0.13644799999999999,0.0048639999999999994,0.0097279999999999988,,0.004096,,1.74464,12896,10034,549,8.18433640000012
12897,315.51406500141724,277558137622,1,8.2174958661198616,8.2774,8.51456,1.7347,15951,0.0012799999999999999,3.2949759999999997,,0.039424,0.153856,0,0.13516799999999998,0.005632,0.009984,,0.004608,,2.2026239999999997,12897,10035,549,8.192663000000266
12898,315.52205620039683,277558220396,1,7.9911993816494942,7.4511,8.208384,1.6764,16387,0.001024,3.2447999999999997,,0.038655999999999996,0.154368,0.000256,0.136192,0.004096,0.010496,,0.003328,,1.747968,12898,10036,549,8.2006639000001087
12899,315.52938110119044,277558294907,1,7.3249009437859058,8.426,7.96672,1.7883,15899,0.001024,3.1982079999999997,,0.038911999999999995,0.16588799999999998,0,0.14771199999999998,0.007936,0.0097279999999999988,,0.004608,,2.3229439999999997,12899,10037,549,8.2077862000001
12900,315.53842580073695,277558379167,1,9.0446993708610535,8.2986,7.307008,1.7744,16582,0.001024,3.194368,,0.035072,0.16614399999999999,0,0.146432,0.0084479999999999989,0.009472,,0.004096,,1.7471999999999999,12900,10038,549,8.217235200000232
12901,315.54608390022673,277558462153,1,7.658099289983511,8.029,9.026304,1.7527,15899,0.001024,3.2435199999999997,,0.038911999999999995,0.15795199999999998,0,0.13849599999999998,0.003328,0.011007999999999999,,0.0048639999999999994,,2.103808,12901,10039,549,8.224642600000152
12902,315.55473150510204,277558542443,1,8.64760484546423,7.1065,7.637248,1.8721,16589,0.001024,3.236608,,0.03968,0.157696,0.000256,0.137984,0.0084479999999999989,0.009472,,0.004352,,1.747456,12902,10040,549,8.2332132000001366
12903,315.56230560515871,277558613508,1,7.57410004734993,9.4392,8.630272,1.7497,15899,0.001024,3.234048,,0.041471999999999995,0.161792,0.000256,0.141568,0.0051199999999999996,0.011007999999999999,,0.003584,,2.241792,12903,10041,549,8.2409800000000359
12904,315.57105290532877,277558707900,1,8.7473001331090927,7.3858,7.538176,1.6842,16387,0.001024,3.229952,,0.036095999999999996,0.15923199999999998,0,0.13977599999999998,0.003328,0.009984,,0.004608,,1.7471999999999999,12904,10042,549,8.2495306999999229
12905,315.57872400085034,277558781758,1,7.6710954308509827,8.5749,8.74112,1.738,15899,0.001024,3.1813119999999997,,0.038655999999999996,0.16,0,0.137728,0.0076799999999999993,0.011007999999999999,,0.0038399999999999997,,2.03136,12905,10043,549,8.2573244999998678
12906,315.58764720096372,277558867507,1,8.9231999590992928,7.6392,7.638016,1.7089,16387,0.0012799999999999999,3.294208,,0.035072,0.163072,0,0.141312,0.007936,0.010496,,0.003584,,1.7469439999999998,12906,10044,549,8.2661587000002328
12907,315.59553170351472,277558943899,1,7.8845024108886719,8.711,8.903936,1.7032,15899,0.001024,3.299328,,0.040704,0.15795199999999998,0,0.137728,0.007424,0.0097279999999999988,,0.004352,,2.510592,12907,10045,549,8.2744665999998688
12908,315.60410800028342,277559031009,1,8.57629720121622,7.7923,7.847168,2.0305,16387,0.001024,3.274496,,0.034816,0.17740799999999998,0.000256,0.146432,0.0076799999999999993,0.0097279999999999988,,0.0038399999999999997,,1.7484799999999998,12908,10046,549,8.2826292999998259
12909,315.61190279903627,277559108932,1,7.7947988174855709,8.7602,8.568064,1.8281,15899,0.001024,3.236096,,0.036864,0.150784,0,0.131328,0.003328,0.0097279999999999988,,0.0038399999999999997,,2.0206079999999997,12909,10047,549,8.2905476999999337
12910,315.6207567035147,277559196534,1,8.8539049029350281,8.2867,7.7696,1.8192,16387,0.001024,3.174144,,0.033535999999999996,0.15488,0,0.136704,0.004608,0.009984,,0.004608,,2.178816,12910,10048,549,8.2993332999999438
12911,315.62908550170067,277559279401,1,8.3287982270121574,8.2597,8.835328,1.7221,15899,0.001024,3.190528,,0.039168,0.15488,0,0.13568,0.0076799999999999993,0.010239999999999999,,0.004608,,2.064384,12911,10049,549,8.3075831000001017
12912,315.63745020549885,277559361998,1,8.364703506231308,7.8926,8.319488,1.7606,16387,0.001024,3.240704,,0.035584,0.155392,0,0.136704,0.007936,0.010239999999999999,,0.004608,,1.746176,12912,10050,549,8.3158683000001474
12913,315.644924199263,277559440924,1,7.4739935807883739,8.7981,8.346112,1.7237,15899,0.001024,3.17568,,0.03968,0.15564799999999998,0,0.13644799999999999,0.007168,0.009472,,0.0038399999999999997,,2.4552959999999997,12913,10051,549,8.3234579999998459
12914,315.65386540532876,277559528905,1,8.9412061497569084,8.2403,7.454976,1.9698,16589,0.001024,3.096832,,0.20351999999999998,0.156672,0.000256,0.13644799999999999,0.003328,0.010496,,0.0051199999999999996,,1.74976,12914,10052,549,8.3322502999999415
12915,315.66211690051017,277559611308,1,8.2514947280287743,8.2961,8.912128,1.8403,15899,0.001024,3.2501759999999997,,0.038655999999999996,0.15744,0.000256,0.13824,0.0076799999999999993,0.010752,,0.004352,,1.7469439999999998,12915,10053,549,8.3406496000002335
12916,315.67040359977324,277559694269,1,8.286699652671814,7.5622,8.238336,1.6659,16387,0.001024,3.292416,,0.038911999999999995,0.159488,0,0.13977599999999998,0.010752,0.009984,,0.003328,,2.461696,12916,10054,549,8.3488978999998835
12917,315.6785718041383,277559769891,1,8.1682046875357628,8.8556,8.263168,1.7033,15899,0.001024,3.300096,,0.035328,0.16,0,0.14079999999999998,0.007424,0.010752,,0.005376,,2.020096,12917,10055,549,8.3571120000001429
12918,315.68721930272108,277559858447,1,8.6474986746907234,8.337,8.139008,1.6929,16387,0.001024,3.1964159999999997,,0.037632,0.158464,0,0.13977599999999998,0.0076799999999999993,0.009984,,0.003584,,2.0725759999999998,12918,10056,549,8.3656716000000415
12919,315.69468090277775,277559941817,1,7.4616000056266785,8.2679,8.630272,1.6856,16094,0.0012799999999999999,3.107328,,0.036608,0.158208,0,0.138752,0.0076799999999999993,0.009984,,0.004608,,2.5216,12919,10057,549,8.3735351999998784
12920,315.7027485048186,277560024496,1,8.0676022917032242,8.2342,7.428096,1.7152,16387,0.001024,3.272448,,0.033791999999999996,0.49356799999999995,0,0.474624,0.007424,0.009984,,0.005376,,1.748224,12920,10058,549,8.3814347000002272
12921,315.7117498015873,277560106838,1,9.0012969449162483,8.5516,8.04736,1.9224,15899,0.001024,3.188736,,0.045056,0.158464,0,0.13952,0.003328,0.010752,,0.0051199999999999996,,1.746432,12921,10059,549,8.3902776999998423
12922,315.71914070294781,277560192354,1,7.3909014463424683,7.8264,8.996864,1.7315,16439,0.001024,3.273984,,0.039424,0.16025599999999998,0,0.14207999999999998,0.007936,0.010239999999999999,,0.0048639999999999994,,3.004928,12922,10060,549,8.397783200000049
12923,315.72753440334463,277560270618,1,8.3937002345919609,7.9551,7.379456,1.7688,15899,0.001024,3.2337919999999998,,0.03584,0.164352,0.000256,0.14464,0.0084479999999999989,0.0097279999999999988,,0.005632,,1.7489919999999999,12923,10061,549,8.4064114000002519
12924,315.73525780187072,277560350169,1,7.7233985066413879,8.8036,8.368384,1.7703,16387,0.001024,3.248896,,0.03968,0.165632,0,0.146944,0.007424,0.010496,,0.0051199999999999996,,2.3424,12924,10062,549,8.4137288000001718
12925,315.74340600198411,277560438205,1,8.1481998786330223,7.5204,7.6544,1.8413,15899,0.001024,3.202048,,0.039424,0.169984,0,0.1344,0.009216,0.0097279999999999988,,0.003584,,1.746176,12925,10063,549,8.4222613000001729
12926,315.75158380102039,277560513409,1,8.1777991726994514,8.6382,8.17152,1.6842,16589,0.001024,3.284224,,0.040448,0.158976,0,0.138752,0.007936,0.009984,,0.0048639999999999994,,2.02496,12926,10064,549,8.430290000000241
12927,315.75929530187074,277560599791,1,7.7115008607506752,7.3308,8.16384,1.8658,15899,0.001024,3.231744,,0.037632,0.158464,0.000256,0.137728,0.0076799999999999993,0.010496,,0.005376,,1.7484799999999998,12927,10065,549,8.4380246000000625
12928,315.76837050028342,277560673099,1,9.0751983225345612,8.4563,7.710208,1.7863,16387,0.001024,3.237376,,0.043519999999999996,0.158464,0,0.13414399999999999,0.003584,0.009984,,0.004608,,1.746688,12928,10066,549,8.4468092000001889
12929,315.77684610260769,277560757662,1,8.4756026044487953,8.1142,9.051904,1.8297,21683,0.0012799999999999999,3.2798719999999997,,0.043264,0.157696,0,0.13312,0.0076799999999999993,0.009984,,0.0038399999999999997,,2.196992,12929,10067,549,8.4556717999998909
12930,315.78449029903629,277560838804,1,7.6441965065896511,7.7058,8.451072,1.7186,16387,0.001024,3.2883199999999997,,0.041984,0.16025599999999998,0,0.13849599999999998,0.007424,0.009472,,0.0051199999999999996,,2.02752,12930,10068,549,8.4629733000001579
12931,315.79213950538548,277560915862,1,7.6492065563797951,8.8124,7.614208,1.8515,18448,0.001024,3.180288,,0.04224,0.16819199999999998,0,0.147968,0.0038399999999999997,0.0097279999999999988,,0.005376,,1.74976,12931,10069,549,8.4706271000000015
12932,315.80123980300453,277561003986,1,9.1002974659204483,8.7611,7.634432,1.7324,16387,0.001024,3.2750079999999997,,0.03968,0.151552,0.000256,0.132096,0.007424,0.0097279999999999988,,0.005632,,1.747456,12932,10070,549,8.4800668000002588
12933,315.80934310515875,277561091597,1,8.1033017486333847,7.3928,9.089536,1.7937,15899,0.001024,3.102208,,0.0384,0.15923199999999998,0,0.13952,0.007936,0.012032,,0.003584,,1.9136,12933,10071,549,8.487822000000051
12934,315.81770590277779,277561165525,1,8.3627980202436447,7.6358,8.069632,2.0051,16387,0.001024,3.212544,,0.041728,0.1664,0,0.142336,0.008192,0.0097279999999999988,,0.005632,,2.0592639999999998,12934,10072,549,8.4962276000001111
12935,315.8252402990363,277561241883,1,7.53439636901021,9.4636,8.354816,1.6813,15899,0.001024,3.243776,,0.038655999999999996,0.153856,0,0.13414399999999999,0.012799999999999999,0.010496,,0.0051199999999999996,,2.2963199999999997,12935,10073,549,8.5037671000000046
12936,315.833831505102,277561336519,1,8.5912058129906654,7.7372,7.516416,1.7268,16387,0.001024,3.234304,,0.0384,0.157696,0,0.13849599999999998,0.0038399999999999997,0.009984,,0.0038399999999999997,,1.748224,12936,10074,549,8.5125197000002117
12937,315.84173980300454,277561413891,1,7.9082977026700974,8.4123,8.572416,1.8549,15899,0.001024,3.1872,,0.038655999999999996,0.151808,0.000256,0.13312,0.0076799999999999993,0.010239999999999999,,0.004352,,2.096384,12937,10075,549,8.5201502999998411
12938,315.84964050453516,277561498014,1,7.9007018357515335,7.4597,7.893248,1.7716,16929,0.001024,3.1818239999999998,,0.039936,0.150528,0,0.131072,0.007936,0.0097279999999999988,,0.004352,,1.74592,12938,10076,549,8.52809329999991
12939,315.85790170068026,277561572611,1,8.2611963152885437,8.8206,7.873024,1.7301,15899,0.0012799999999999999,3.1964159999999997,,0.033535999999999996,0.150528,0,0.132096,0.008192,0.010239999999999999,,0.0048639999999999994,,2.198272,12939,10077,549,8.5364641999999549
12940,315.86534649943309,277561660817,1,7.4447989463806152,7.6409,8.232192,1.7517,16387,0.001024,3.3003519999999997,,0.035072,0.168704,0.000256,0.140288,0.0076799999999999993,0.010752,,0.005376,,1.747968,12940,10078,549,8.5443736000001991
12941,315.87495200538547,277561737226,1,9.6055055037140846,7.9441,7.439104,1.8072,15899,0.001024,3.2980479999999996,,0.033535999999999996,0.16025599999999998,0,0.142336,0.012799999999999999,0.009984,,0.004608,,1.7484799999999998,12941,10079,549,8.5534419000000526
12942,315.88283290107711,277561816667,1,7.8808953985571861,8.361,9.279488,2.1617,16387,0.001024,3.2447999999999997,,0.039936,0.152832,0,0.133632,0.0076799999999999993,0.009984,,0.004096,,2.276608,12942,10080,549,8.5613303000000087
12943,315.89033430413832,277561900277,1,7.5014028698205948,7.7128,7.854336,1.6969,15899,0.0012799999999999999,3.174912,,0.03968,0.158208,0.000256,0.13977599999999998,0.003328,0.009984,,0.0048639999999999994,,2.207744,12943,10081,549,8.569162199999937
12944,315.89930750425168,277561977405,1,8.973199874162674,9.1845,7.481344,1.6964,23021,0.001024,3.18464,,0.043008,0.157184,0,0.13696,0.007424,0.0097279999999999988,,0.004608,,1.7484799999999998,12944,10082,549,8.5777862999998433
12945,315.90719479875281,277562069250,1,7.8872945159673691,7.9946,8.954112,1.8366,15899,0.001024,3.2030719999999997,,0.03584,0.156416,0.000256,0.135936,0.0076799999999999993,0.009472,,0.005376,,2.49984,12945,10083,549,8.5856895000001714
12946,315.91545089994332,277562149196,1,8.2561010494828224,7.5309,7.87328,1.7416,16387,0.001024,3.0942719999999997,,0.033535999999999996,0.157696,0,0.139008,0.003584,0.009984,,0.0051199999999999996,,1.749504,12946,10084,549,8.5938482000001386
12947,315.92309559948978,277562224505,1,7.6446994207799435,8.8865,8.228608,1.7739,15951,0.001024,3.1892479999999996,,0.040192,0.159744,0,0.140032,0.007424,0.011007999999999999,,0.004352,,2.090496,12947,10085,549,8.601622000000134
12948,315.9319857993197,277562313370,1,8.8901994749903679,7.8916,7.63392,1.7649,16387,0.001024,3.274496,,0.033535999999999996,0.45849599999999996,0,0.14310399999999998,0.010239999999999999,0.010239999999999999,,0.011776,,1.928704,12948,10086,549,8.6104513000000225
12949,315.93981300311788,277562392286,1,7.8272037208080292,8.2075,8.878592,1.7213,15899,0.001024,3.18336,,0.040959999999999996,0.15616,0.000256,0.13696,0.0051199999999999996,0.0097279999999999988,,0.005632,,2.033664,12949,10087,549,8.6183283999998821
12950,315.94801940192741,277562474361,1,8.2063991576433182,7.7647,7.805952,1.7381,16589,0.001024,3.1800319999999997,,0.040448,0.15231999999999998,0,0.133888,0.007424,0.010496,,0.003328,,1.7471999999999999,12950,10088,549,8.626426199999969
12951,315.95620480442176,277562552008,1,8.1854024901986122,8.828,8.189184,1.8467,15899,0.0012799999999999999,3.1831039999999997,,0.038144,0.160768,0,0.141056,0.0048639999999999994,0.011007999999999999,,0.005376,,1.747968,12951,10089,549,8.63477869999997
12952,315.96459029903627,277562640288,1,8.3854943513870239,7.8738,8.159488,1.6925,16387,0.001024,3.278336,,0.035328,0.15872,0,0.140544,0.0076799999999999993,0.010239999999999999,,0.0038399999999999997,,1.9128319999999999,12952,10090,549,8.6432027999999264
12953,315.97260790107708,277562719026,1,8.017602376639843,8.1041,8.366592,1.6976,15899,0.001024,3.2501759999999997,,0.03968,0.155392,0,0.13568,0.007424,0.010239999999999999,,0.0051199999999999996,,1.748224,12953,10091,549,8.65108599999985
12954,315.98037480158729,277562800067,1,7.7669005841016769,8.2649,7.991296,1.7961,16387,0.001024,3.2394239999999996,,0.03712,0.165632,0,0.141056,0.008192,0.009984,,0.0048639999999999994,,1.921536,12954,10092,549,8.6590319000001728
12955,315.98901640447843,277562882716,1,8.6416024714708328,8.4986,7.747328,1.6987,15899,0.001024,3.30624,,0.039168,0.156416,0,0.137216,0.007168,0.0097279999999999988,,0.004608,,1.747968,12955,10093,549,8.6676955000002636
12956,315.99679569869613,277562967702,1,7.7792941592633724,7.8811,8.616704,1.8855,16387,0.001024,3.192576,,0.040448,0.158464,0,0.13849599999999998,0.0076799999999999993,0.009472,,0.005632,,1.7484799999999998,12956,10094,549,8.67567629999985
12957,316.00549400510204,277563046513,1,8.6983060464262962,7.947,7.746816,1.8829,16094,0.001024,3.197952,,0.040959999999999996,0.15564799999999998,0.000256,0.13568,0.007424,0.0097279999999999988,,0.0051199999999999996,,1.747456,12957,10095,549,8.6840624999999818
12958,316.01274860402492,277563125983,1,7.2545991279184818,8.6289,8.691456,1.8738,16387,0.001024,3.236096,,0.040192,0.155136,0,0.134656,0.009216,0.009472,,0.004096,,2.818816,12958,10096,549,8.691373200000271
12959,316.02162970521539,277563212272,1,8.88110138475895,7.9178,7.231232,1.754,15899,0.001024,3.097088,,0.038655999999999996,0.150272,0.000256,0.13183999999999998,0.011264,0.009984,,0.003584,,1.747968,12959,10097,549,8.7004111999999623
12960,316.029311699263,277563291450,1,7.68199423328042,8.4249,8.854528,1.8305,16387,0.001024,3.1843839999999997,,0.038911999999999995,0.15872,0,0.13977599999999998,0.003328,0.011007999999999999,,0.005376,,2.359552,12960,10098,549,8.7077791000001525
12961,316.03715410289112,277563375699,1,7.8424038365483284,7.336,7.672064,1.7691,15899,0.001024,3.273472,,0.039936,0.15872,0,0.13952,0.010752,0.009472,,0.0048639999999999994,,1.7471999999999999,12961,10099,549,8.71588470000006
12962,316.04532110260772,277563449059,1,8.16699955612421,8.9913,7.819776,1.7061,16387,0.001024,3.241472,,0.041215999999999996,0.16127999999999998,0,0.141824,0.007936,0.009472,,0.004096,,1.747712,12962,10100,549,8.72414260000005
12963,316.0543593041383,277563538972,1,9.0382015332579613,7.4503,8.158976,1.8741,16101,0.001024,3.2785919999999997,,0.039168,0.160512,0,0.141056,0.007424,0.010496,,0.004096,,1.7484799999999998,12963,10101,549,8.7329125000001113
12964,316.06244510345806,277563613475,1,8.085799403488636,7.967,9.02144,2.0222,16387,0.001024,3.248896,,0.040192,0.15692799999999998,0,0.136704,0.003584,0.011264,,0.005376,,1.7456639999999999,12964,10102,549,8.74111210000001
12965,316.07091050170067,277563693145,1,8.4653981029987335,8.3619,8.070144,1.8613,15899,0.001024,3.293952,,0.033024,0.161792,0,0.14310399999999998,0.007936,0.0084479999999999989,,0.0051199999999999996,,2.185216,12965,10103,549,8.749586299999919
12966,316.07864930555553,277563776764,1,7.73880397900939,8.7619,8.436736,1.8141,16387,0.001024,3.2967679999999997,,0.040448,0.15795199999999998,0.000256,0.13849599999999998,0.007424,0.010752,,0.004096,,2.028032,12966,10104,549,8.757133800000247
12967,316.0864563988095,277563864383,1,7.80709320679307,8.1399,7.720704,1.7595,15899,0.0012799999999999999,3.2337919999999998,,0.036608,0.14771199999999998,0,0.130048,0.007936,0.009984,,0.0051199999999999996,,1.7484799999999998,12967,10105,549,8.7651384000000689
12968,316.0956213010204,277563945782,1,9.16490238159895,8.5435,7.776256,1.7982,16387,0.001024,3.278336,,0.03584,0.158464,0,0.137728,0.004096,0.0097279999999999988,,0.0051199999999999996,,1.913344,12968,10106,549,8.7745209999998224
12969,316.10456529903627,277564031217,1,8.9439982548356056,7.5988,9.137664,1.8008,15899,0.001024,3.2998399999999997,,0.035584,0.164608,0.000256,0.145152,0.007424,0.011264,,0.0038399999999999997,,1.749248,12969,10107,549,8.7831461000000672
12970,316.11234090136054,277564107205,1,7.7756023965775967,7.9862,8.9408,1.9115,16387,0.001024,3.294464,,0.037376,0.158208,0,0.13824,0.0076799999999999993,0.0097279999999999988,,0.004608,,2.241024,12970,10108,549,8.79099959999985
12971,316.12073250425169,277564187067,1,8.3916028961539268,9.3801,7.75808,1.7306,15899,0.001024,3.174912,,0.034048,0.434944,0,0.416,0.007936,0.0084479999999999989,,0.005632,,1.913344,12971,10109,549,8.7992954999999711
12972,316.12852410005667,277564280868,1,7.7915959991514683,8.5801,8.37248,1.7762,16786,0.001024,3.1831039999999997,,0.038911999999999995,0.15616,0.000256,0.137728,0.0076799999999999993,0.011776,,0.004352,,2.028544,12972,10110,549,8.8070077000002129
12973,316.13745870181407,277564366669,1,8.93460214138031,7.7945,7.77216,1.7953,15899,0.001024,3.23712,,0.03968,0.161024,0.000256,0.142848,0.007936,0.009984,,0.004608,,1.7456639999999999,12973,10111,549,8.816041099999893
12974,316.1451637046485,277564444614,1,7.705003023147583,8.363,8.9152,1.7154,16387,0.001024,3.244032,,0.036351999999999995,0.154368,0.000256,0.134912,0.008192,0.010239999999999999,,0.0051199999999999996,,2.53312,12974,10112,549,8.8238086999999723
12975,316.15406110402495,277564528244,1,8.89739952981472,7.7621,7.685632,1.8608,29407,0.001024,3.0976,,0.035328,0.16,0,0.141312,0.0076799999999999993,0.009984,,0.004352,,1.911808,12975,10113,549,8.8327094999999645
12976,316.16213660005667,277564605865,1,8.075496181845665,8.9392,8.880128,1.9619,16582,0.001024,3.243776,,0.041471999999999995,0.15616,0,0.13568,0.0076799999999999993,0.011007999999999999,,0.0048639999999999994,,1.908736,12976,10114,549,8.8410450000001219
12977,316.17070230300453,277564695257,1,8.56570340692997,7.8233,8.050432,1.788,15899,0.001024,3.292672,,0.033791999999999996,0.347392,0,0.328704,0.008192,0.00896,,0.004352,,2.066688,12977,10115,549,8.8495244000000639
12978,316.17930490362812,277564773490,1,8.6026005446910858,8.9059,8.55168,2.047,16387,0.001024,3.1039999999999996,,0.041471999999999995,0.156672,0.000256,0.13696,0.0076799999999999993,0.011519999999999999,,0.0051199999999999996,,2.061824,12978,10116,549,8.8578780000002553
12979,316.18708759920634,277564862549,1,7.7826953493058681,8.2382,8.590848,1.8626,15899,0.001024,3.202304,,0.039424,0.16255999999999998,0,0.140288,0.006144,0.009984,,0.004608,,1.7471999999999999,12979,10117,549,8.8655776999999034
12980,316.19545899943307,277564944931,1,8.3714006468653679,8.5598,7.754496,1.7524,16387,0.001024,3.2337919999999998,,0.040704,0.1536,0,0.133376,0.007424,0.0097279999999999988,,0.0048639999999999994,,1.747968,12980,10118,549,8.8741589999999633
12981,316.20295130385489,277565030529,1,7.4923043139278889,8.4165,8.349952,1.6935,15899,0.001024,3.2913919999999997,,0.041215999999999996,0.158976,0,0.14079999999999998,0.007936,0.010239999999999999,,0.005376,,1.748224,12981,10119,549,8.8817386000000624
12982,316.21221160005666,277565114694,1,9.2602958902716637,7.6567,7.465728,1.7467,22316,0.001024,3.194112,,0.041984,0.164608,0.000256,0.143872,0.008192,0.009472,,0.005376,,1.746688,12982,10120,549,8.89081750000014
12983,316.22030420209751,277565191261,1,8.0926017835736275,8.604,9.245696,1.7152,15899,0.001024,3.2394239999999996,,0.041728,0.158464,0,0.137984,0.0076799999999999993,0.010752,,0.004352,,2.293504,12983,10121,549,8.8987774000002
12984,316.22775860260771,277565277301,1,7.4544004164636135,7.5284,8.080384,1.7492,22316,0.001024,3.2332799999999997,,0.040448,0.16255999999999998,0,0.142336,0.0076799999999999993,0.010239999999999999,,0.003584,,1.748224,12984,10122,549,8.9064072999999553
12985,316.23717080498864,277565352585,1,9.4122020527720451,9.0934,7.427328,1.7098,15899,0.001024,3.0991359999999997,,0.037632,0.15872,0.000256,0.13977599999999998,0.007936,0.009472,,0.005376,,1.7469439999999998,12985,10123,549,8.9156185000001642
12986,316.24505710034015,277565443519,1,7.8862952068448067,7.9871,9.407488,1.7544,68753,0.001024,3.304448,,0.038655999999999996,0.15923199999999998,0,0.13977599999999998,0.007936,0.010239999999999999,,0.005376,,2.335232,12986,10124,549,8.9242176000002473
12987,316.2530700042517,277565523390,1,8.0129038542509079,7.6394,7.8592,1.7284,16246,0.001024,3.268096,,0.213248,0.37504,0.000256,0.35584,0.0076799999999999993,0.010239999999999999,,0.003584,,1.74976,12987,10125,549,8.93162170000005
12988,316.26082120181405,277565599784,1,7.7511975541710854,9.2011,7.997952,1.9515,29838,0.001024,3.2066559999999997,,0.040704,0.1664,0,0.14540799999999998,0.008704,0.006656,,0.00896,,1.746688,12988,10126,549,8.9394556000002012
12989,316.26957810374148,277565691795,1,8.7569020688533783,8.4091,7.730688,1.8243,15899,0.0012799999999999999,3.17696,,0.038144,0.155392,0,0.13644799999999999,0.0076799999999999993,0.010496,,0.004608,,2.2830079999999997,12989,10127,549,8.9481438000002527
12990,316.27874530187074,277565775886,1,9.1671980917453766,7.5768,8.736512,1.8004,16387,0.001024,3.185408,,0.035072,0.151552,0,0.13183999999999998,0.010496,0.009984,,0.0048639999999999994,,1.747712,12990,10128,549,8.9572198000000753
12991,316.28717980442178,277565851654,1,8.43450240790844,7.8437,9.15712,1.9006,21828,0.001024,3.237376,,0.039424,0.155392,0,0.13644799999999999,0.0076799999999999993,0.0097279999999999988,,0.0038399999999999997,,2.281472,12991,10129,549,8.9662956000001941
12992,316.29477610544217,277565930091,1,7.5963009148836136,8.6806,8.400896,1.7994,16387,0.001024,3.2962559999999996,,0.041728,0.160768,0,0.141568,0.007936,0.009216,,0.005888,,2.5205759999999997,12992,10130,549,8.9734702000000652
12993,316.30304680413832,277566016897,1,8.2706985995173454,9.1122,7.581952,2.0022,15899,0.001024,3.1744,,0.034048,0.150784,0.0012799999999999999,0.13183999999999998,0.008192,0.006144,,0.0051199999999999996,,1.9077119999999999,12993,10131,549,8.9819843999998739
12994,316.31172920209747,277566108019,1,8.68239812552929,8.7872,8.249088,1.9393,16387,0.001024,3.198464,,0.036608,0.16025599999999998,0,0.140288,0.0076799999999999993,0.011264,,0.004608,,1.7489919999999999,12994,10132,549,8.99030619999985
12995,316.320410303288,277566195891,1,8.68110079318285,7.3781,8.657408,1.967,16094,0.001024,3.237888,,0.035072,0.153856,0,0.13516799999999998,0.007424,0.010239999999999999,,0.0051199999999999996,,2.505216,12995,10133,549,8.9996743000001516
12996,316.32795860260768,277566269672,1,7.54829915240407,8.5267,8.672768,1.8179,16439,0.001024,3.1892479999999996,,0.260608,0.158208,0,0.137216,0.007936,0.010752,,0.22527999999999998,,2.0736,12996,10134,549,9.0066586000002644
12997,316.33714980158732,277566354939,1,9.1911992058157921,8.3785,7.51744,1.8344,15899,0.001024,3.23968,,0.033791999999999996,0.16,0.000256,0.141312,0.0097279999999999988,0.009984,,0.004608,,1.747712,12997,10135,549,9.0158273000001827
12998,316.34520380527209,277566438724,1,8.0540040507912636,9.1733,9.17632,1.8257,16387,0.001024,3.30496,,0.036095999999999996,0.15129599999999999,0,0.132096,0.003328,0.011519999999999999,,0.004096,,2.479616,12998,10136,549,9.02404660000002
12999,316.35366930272107,277566530457,1,8.4654977545142174,7.1746,8.042496,1.9814,16246,0.001024,3.272704,,0.22092799999999999,0.16153599999999999,0,0.14207999999999998,0.0076799999999999993,0.010239999999999999,,0.004608,,1.747968,12999,10137,549,9.03238969999984
13000,316.36143710317458,277566602203,1,7.7678002417087555,9.0456,8.447744,1.9471,16387,0.001024,3.288064,,0.043264,0.160512,0.000256,0.13952,0.0076799999999999993,0.010752,,0.005632,,1.746688,13000,10138,549,9.04015789999994
13001,316.37024580498866,277566692659,1,8.8087022304534912,8.249,7.73888,1.7883,15899,0.001024,3.291136,,0.034048,0.15923199999999998,0,0.140544,0.0048639999999999994,0.009984,,0.004608,,2.112256,13001,10139,549,9.0496287999999367
13002,316.37888929988662,277566775149,1,8.6434949189424515,8.3686,8.788992,1.8797,16387,0.001024,3.3003519999999997,,0.040192,0.162048,0.000256,0.139008,0.006656,0.009216,,0.005632,,1.751296,13002,10140,549,9.0574716999999509
13003,316.38709240362812,277566858835,1,8.2031041383743286,7.8272,8.613632,1.8615,15899,0.001024,3.18592,,0.036095999999999996,0.164608,0,0.144128,0.007424,0.0097279999999999988,,0.0051199999999999996,,1.9095039999999999,13003,10141,549,9.0657648000001245
13004,316.39495520124717,277566937107,1,7.8627979382872581,9.2045,8.202496,1.888,16387,0.001024,3.099904,,0.035328,0.157184,0.000256,0.13696,0.0076799999999999993,0.010239999999999999,,0.004352,,2.3283199999999997,13004,10142,549,9.074138800000128
13005,316.40250610119045,277567029152,1,7.5508998706936836,8.0967,7.82976,1.9093,22533,0.001024,3.0947839999999998,,0.033791999999999996,0.156416,0,0.13747199999999998,0.374784,0.008192,,0.005888,,2.2243839999999997,13005,10143,549,9.0814708000002611
13006,316.41147440476192,277567110119,1,8.96830391138792,8.2211,7.5328,2.0216,16387,0.001024,3.182848,,0.039424,0.163328,0,0.14310399999999998,0.007936,0.011007999999999999,,0.004352,,1.747456,13006,10144,549,9.0901521000000685
13007,316.4196352040816,277567192330,1,8.1607997417449951,8.0992,8.951808,1.8108,15899,0.001024,3.20384,,0.044288,0.15692799999999998,0.000256,0.13696,0.007424,0.0097279999999999988,,0.005632,,2.1258239999999997,13007,10145,549,9.0983498999999028
13008,316.42783550170066,277567273322,1,8.2002980634570122,7.6623,8.139776,1.8389,16387,0.001024,3.29344,,0.035072,0.159488,0.000256,0.139264,0.0084479999999999989,0.000256,,0.013824,,1.74976,13008,10146,549,9.1064965000000484
13009,316.4353461026077,277567349945,1,7.5106010772287846,8.7121,8.173568,1.8438,15899,0.001024,3.1777279999999997,,0.03968,0.15564799999999998,0,0.136192,0.012032,0.009984,,0.0038399999999999997,,2.120192,13009,10147,549,9.11386390000007
13010,316.44414950396822,277567437066,1,8.80340114235878,8.1232,7.46496,1.7961,16387,0.001024,3.297024,,0.037376,0.178944,0,0.135424,0.007936,0.0097279999999999988,,0.005376,,1.7487359999999998,13010,10148,549,9.1228319000001648
13011,316.45174019982994,277567518298,1,7.59069574996829,8.2005,8.816128,1.8693,16101,0.001024,3.295744,,0.038911999999999995,0.156672,0,0.13696,0.0076799999999999993,0.006144,,0.007936,,2.083328,13011,10149,549,9.1304516000000149
13012,316.46042210175733,277567600303,1,8.68190173059702,7.3594,7.563776,1.8487,16387,0.001024,3.174912,,0.040704,0.154368,0,0.134656,0.007936,0.0097279999999999988,,0.0048639999999999994,,1.747712,13012,10150,549,9.1390939000002618
13013,316.468361699263,277567673897,1,7.9395975917577744,8.9173,8.674304,1.8166,15899,0.001024,3.2816639999999997,,0.041471999999999995,0.16486399999999998,0,0.14438399999999998,0.007936,0.010496,,0.004608,,2.03136,13013,10151,549,9.1470030999998926
13014,316.47653920068024,277567763070,1,8.1775011494755745,7.6347,7.90656,1.7796,16582,0.0012799999999999999,3.2701439999999997,,0.034048,0.165632,0,0.14668799999999999,0.007936,0.009984,,0.0051199999999999996,,2.149632,13014,10152,549,9.1552163999999721
13015,316.48482760062359,277567839417,1,8.2884002476930618,8.6737,8.167424,1.7913,15899,0.0012799999999999999,3.186944,,0.039936,0.161792,0,0.142336,0.0076799999999999993,0.009472,,0.004608,,2.077696,13015,10153,549,9.1634518000000753
13016,316.49306830357142,277567926154,1,8.24070256203413,7.851,8.268288,2.0074,16387,0.001024,3.241472,,0.040959999999999996,0.15564799999999998,0,0.135936,0.007936,0.0097279999999999988,,0.0051199999999999996,,1.7471999999999999,13016,10154,549,9.17165980000027
13017,316.50144140447844,277568004664,1,8.3731012418866158,8.306,8.211968,1.8002,15899,0.001024,3.29088,,0.038144,0.157184,0,0.137728,0.0076799999999999993,0.009216,,0.004352,,2.4268799999999997,13017,10155,549,9.180178000000069
13018,316.50901349914966,277568087724,1,7.5720944441854954,8.21,8.355328,1.8374,16387,0.0012799999999999999,3.227648,,0.034048,0.152576,0,0.133888,0.004352,0.010239999999999999,,0.004096,,2.058496,13018,10156,549,9.1876267000002372
13019,316.51806670209749,277568169824,1,9.0532032772898674,8.2228,7.55968,1.8741,15899,0.001024,3.2980479999999996,,0.035328,0.162048,0.000256,0.14207999999999998,0.0084479999999999989,0.009472,,0.0038399999999999997,,1.748224,13019,10157,549,9.1965506999999889
13020,316.52636630527212,277568252052,1,8.2996031269431114,8.4309,9.028096,1.8619,16387,0.001024,3.3003519999999997,,0.039936,0.154368,0,0.1344,0.0076799999999999993,0.010496,,0.005376,,2.132224,13020,10158,549,9.2055187999999362
13021,316.53415980017007,277568336361,1,7.7934949658811092,7.5371,8.28032,1.8438,15951,0.001024,3.270912,,0.33408,0.15923199999999998,0,0.138752,0.007424,0.009472,,0.0051199999999999996,,2.009344,13021,10159,549,9.2127620999999635
13022,316.541911401644,277568411732,1,7.7516012825071812,8.9155,7.769088,1.778,16387,0.001024,3.2394239999999996,,0.038655999999999996,0.155392,0.000256,0.136704,0.007936,0.009984,,0.003328,,1.747968,13022,10160,549,9.2205926999999974
13023,316.55044630102037,277568500887,1,8.5348989814519882,8.7968,7.740928,1.8084,16101,0.001024,3.187712,,0.040704,0.153088,0,0.13286399999999998,0.007936,0.0097279999999999988,,0.004352,,1.746688,13023,10161,549,9.2293862999999874
13024,316.55856690051019,277568588855,1,8.120599202811718,7.4093,8.50688,1.8017,16387,0.001024,3.2832,,0.03328,0.16,0,0.141824,0.007936,0.009984,,0.005376,,2.3452159999999997,13024,10162,549,9.2373136000001068
13025,316.56574080215421,277568662948,1,7.1739014238119125,7.8471,8.103168,2.0777,15899,0.001024,3.2936959999999997,,0.036351999999999995,0.161024,0,0.141312,0.0084479999999999989,0.0097279999999999988,,0.005632,,1.747712,13025,10163,549,9.24457910000001
13026,316.57439660572561,277568741419,1,8.65580327808857,8.7053,7.144704,1.7776,16387,0.001024,3.294464,,0.033791999999999996,0.15692799999999998,0.000256,0.13824,0.0051199999999999996,0.010239999999999999,,0.004352,,1.748224,13026,10164,549,9.25309359999983
13027,316.58295130385488,277568828472,1,8.5546979680657387,8.0166,8.632576,1.9304,15899,0.001024,3.190016,,0.038655999999999996,0.16127999999999998,0.000256,0.141312,0.0076799999999999993,0.012032,,0.0048639999999999994,,2.29888,13027,10165,549,9.2617608999999
13028,316.5906429988662,277568908638,1,7.6916948892176151,7.1937,8.538368,1.8199,16387,0.001024,3.227136,,0.03456,0.53324799999999994,0,0.50969599999999993,0.007424,0.00896,,0.0051199999999999996,,2.322688,13028,10166,549,9.26911310000014
13029,316.59815110544218,277568980575,1,7.508106529712677,8.5939,7.662848,1.8313,15899,0.001024,3.294208,,0.035328,0.151552,0,0.12953599999999998,0.007424,0.0097279999999999988,,0.004096,,1.747712,13029,10167,549,9.27682679999998
13030,316.60740989937642,277569066514,1,9.2587936669588089,8.5827,7.482368,1.7373,16387,0.001024,3.2919039999999997,,0.038655999999999996,0.150528,0.000256,0.130816,0.0076799999999999993,0.009472,,0.005376,,1.7484799999999998,13030,10168,549,9.286192999999912
13031,316.61629330357141,277569152341,1,8.8834045454859734,7.436,9.24416,1.9511,15899,0.001024,3.275776,,0.040959999999999996,0.164352,0,0.14310399999999998,0.007424,0.011519999999999999,,0.0048639999999999994,,1.746176,13031,10169,549,9.29527599999983
13032,316.62388139880949,277569226701,1,7.5880950316786766,7.6416,8.866816,1.9121,16387,0.001024,3.237376,,0.040959999999999996,0.157184,0.000256,0.13747199999999998,0.0076799999999999993,0.010752,,0.005632,,2.099712,13032,10170,549,9.3024832999999489
13033,316.63239199971656,277569303117,1,8.51060077548027,9.3112,7.555072,1.8944,16094,0.001024,3.289856,,0.043008,0.163328,0,0.144128,0.0076799999999999993,0.003072,,0.012032,,1.7484799999999998,13033,10171,549,9.3112215000001015
13034,316.63984940476189,277569396229,1,7.457404863089323,9.0227,8.498688,1.7746,16387,0.001024,3.201024,,0.035328,0.164608,0.000256,0.14438399999999998,0.0076799999999999993,0.009472,,0.0038399999999999997,,2.031872,13034,10172,549,9.3186768000000484
13035,316.64861259920633,277569486456,1,8.76319408416748,7.3575,7.446784,1.9231,16101,0.001024,3.2949759999999997,,0.038911999999999995,0.16025599999999998,0,0.140288,0.007424,0.010239999999999999,,0.0048639999999999994,,1.747968,13035,10173,549,9.3271921000000475
13036,316.65671560374147,277569560031,1,8.1030046567320824,8.6827,8.74112,1.9067,16387,0.0012799999999999999,3.1039999999999996,,0.0384,0.158464,0,0.13849599999999998,0.0076799999999999993,0.010239999999999999,,0.004096,,2.484992,13036,10174,549,9.33552120000013
13037,316.66497450396827,277569646858,1,8.2589006051421165,7.5196,8.081408,1.8731,21683,0.001024,3.286272,,0.033535999999999996,0.162304,0,0.143616,0.007424,0.009472,,0.0038399999999999997,,1.747456,13037,10175,549,9.3437056000002485
13038,316.67245790107711,277569722054,1,7.4833971448242664,8.5029,8.24832,1.8432,16387,0.001024,3.236608,,0.041215999999999996,0.16025599999999998,0,0.136704,0.007424,0.010752,,0.005888,,2.075392,13038,10176,549,9.3511637999999948
13039,316.68159800170065,277569807083,1,9.1401003301143646,8.3204,7.462912,1.818,15899,0.001024,3.177216,,0.033791999999999996,0.16025599999999998,0,0.141312,0.007424,0.010239999999999999,,0.0048639999999999994,,1.74592,13039,10177,549,9.3603155999999217
13040,316.68939870323129,277569890287,1,7.8007015399634838,8.2073,9.127168,1.8082,16387,0.001024,3.299584,,0.038911999999999995,0.15462399999999998,0,0.13516799999999998,0.007168,0.010239999999999999,,0.004352,,2.5495039999999998,13040,10178,549,9.3680939999999282
13041,316.69744500425168,277569972360,1,8.046301081776619,7.4572,7.78112,1.7747,15899,0.001024,3.234048,,0.039168,0.156672,0,0.13824,0.0076799999999999993,0.009984,,0.0038399999999999997,,1.746688,13041,10179,549,9.3760670000001483
13042,316.70560380527212,277570046932,1,8.15880112349987,9.0524,8.025344,1.9098,16387,0.001024,3.2435199999999997,,0.044031999999999995,0.160768,0,0.140544,0.007936,0.009472,,0.004096,,1.7451519999999998,13042,10180,549,9.3841938999999
13043,316.71392550311788,277570137456,1,8.321697823703289,7.9115,8.145152,1.7744,15899,0.001024,3.1813119999999997,,0.03328,0.153088,0.000256,0.1344,0.008192,0.009984,,0.004352,,2.2932479999999997,13043,10181,549,9.3924197000001186
13044,316.72132570153059,277570216571,1,7.4001983739435673,7.9344,8.301312,1.7523,16387,0.001024,3.186432,,0.043775999999999995,0.507904,0,0.489216,0.0076799999999999993,0.011519999999999999,,0.005376,,1.747712,13044,10182,549,9.3999520000002121
13045,316.7301237032313,277570295915,1,8.79800133407116,8.1571,7.379712,1.808,15899,0.001024,3.188736,,0.033791999999999996,0.15744,0.000256,0.13849599999999998,0.012032,0.010239999999999999,,0.004352,,2.04032,13045,10183,549,9.40876070000013
13046,316.73852100340133,277570377486,1,8.39729979634285,8.2265,8.772096,1.7712,16439,0.001024,3.30368,,0.036351999999999995,0.15616,0,0.135936,0.0076799999999999993,0.010239999999999999,,0.0038399999999999997,,2.10048,13046,10184,549,9.4172222000001966
13047,316.74612900368481,277570459751,1,7.6080001890659332,7.4944,8.375808,1.7508,15899,0.001024,3.1009279999999997,,0.038911999999999995,0.18764799999999998,0,0.16819199999999998,0.0038399999999999997,0.0063999999999999994,,0.007424,,2.32192,13047,10185,549,9.4247295000000122
13048,316.75362430555555,277570534695,1,7.4953017756342888,8.7825,7.588352,1.89,16734,0.001024,3.176192,,0.038911999999999995,0.15744,0,0.13568,0.012544,0.009472,,0.0051199999999999996,,1.749248,13048,10186,549,9.4322603999999046
13049,316.76261600056688,277570622520,1,8.9916950091719627,8.512,7.474176,1.8871,15899,0.001024,3.178496,,0.039424,0.160512,0.000256,0.140288,0.0084479999999999989,0.001792,,0.012032,,1.746176,13049,10187,549,9.44116380000014
13050,316.77105970096369,277570707640,1,8.4437001496553421,7.4855,8.968192,1.9233,51529,0.001024,3.1825919999999996,,0.35481599999999996,0.161024,0.000256,0.141568,0.007168,0.011007999999999999,,0.004096,,2.401024,13050,10188,549,9.4498520000001918
13051,316.77895160147392,277570782495,1,7.8919008374214172,7.5561,8.425472,1.849,48184,0.001536,3.2701439999999997,,0.037376,0.15744,0.000256,0.137728,0.007424,0.010752,,0.0048639999999999994,,2.1711359999999997,13051,10189,549,9.45752369999991
13052,316.78650940334467,277570858056,1,7.5578019022941589,8.88,7.86432,1.8525,16582,0.001024,3.2936959999999997,,0.040959999999999996,0.151808,0,0.132352,0.0076799999999999993,0.009984,,0.005632,,1.748224,13052,10190,549,9.46516980000024
13053,316.79539019982991,277570946856,1,8.88079684227705,8.6103,7.548672,1.7748,18448,0.001024,3.2762879999999996,,0.036864,0.15231999999999998,0,0.13286399999999998,0.0076799999999999993,0.0097279999999999988,,0.005376,,1.7484799999999998,13053,10191,549,9.4741970000000038
13054,316.80406110402492,277571032959,1,8.670903742313385,7.7718,8.867584,1.7944,16387,0.001024,3.298816,,0.038911999999999995,0.158976,0,0.139264,0.0076799999999999993,0.012032,,0.004352,,1.920512,13054,10192,549,9.4826250000000982
13055,316.8121067035147,277571110677,1,8.0455997958779335,7.6772,8.653056,1.8389,15899,0.0012799999999999999,3.280896,,0.041471999999999995,0.15231999999999998,0.000256,0.13286399999999998,0.0076799999999999993,0.010239999999999999,,0.004096,,1.7456639999999999,13055,10193,549,9.4907748999999058
13056,316.81980850340136,277571187449,1,7.7017997391521931,9.0114,8.018688,1.7938,16387,0.001024,3.1751679999999998,,0.035584,0.15488,0,0.136192,0.0076799999999999993,0.009984,,0.0051199999999999996,,2.2781439999999997,13056,10194,549,9.4983310000002348
13057,316.82789640022673,277571277563,1,8.08789674192667,8.4099,7.70432,1.8805,15899,0.001024,3.273984,,0.039168,0.161792,0,0.14207999999999998,0.0084479999999999989,0.006912,,0.0076799999999999993,,1.747456,13057,10195,549,9.50659769999993
13058,316.8362347009637,277571361662,1,8.33830051124096,8.1264,8.054016,1.844,16387,0.001024,3.200256,,0.038911999999999995,0.153088,0,0.1344,0.007424,0.010239999999999999,,0.004352,,1.747456,13058,10196,549,9.5147353000002113
13059,316.84473330498867,277571442926,1,8.4986044093966484,7.6106,8.325376,1.7246,15899,0.001024,3.298304,,0.039424,0.157184,0,0.137984,0.007424,0.0097279999999999988,,0.005376,,1.9463679999999999,13059,10197,549,9.52329060000011
13060,316.8532098993764,277571519032,1,8.47659446299076,8.1992,8.471808,1.7829,48673,0.001024,3.2985599999999997,,0.033791999999999996,0.15231999999999998,0,0.133376,0.007168,0.0097279999999999988,,0.004096,,2.426624,13060,10198,549,9.531803299999865
13061,316.861925,277571601024,1,8.7151005864143372,8.177,8.457472,1.7377,15899,0.001024,3.204608,,0.040959999999999996,0.163072,0,0.144128,0.00896,0.010496,,0.0038399999999999997,,1.747712,13061,10199,549,9.54044920000024
13062,316.8694935019841,277571682794,1,7.5685018673539162,8.5458,8.695552,1.6579,16387,0.001024,3.182848,,0.03328,0.155904,0,0.136704,0.0084479999999999989,0.010239999999999999,,0.0051199999999999996,,2.457856,13062,10200,549,9.5479273000000831
13063,316.87810920493195,277571768252,1,8.615703321993351,8.5479,7.535872,1.7341,15899,0.001024,3.236608,,0.040704,0.155136,0.000256,0.13414399999999999,0.007424,0.009984,,0.004608,,1.746432,13063,10201,549,9.5566503999998531
13064,316.886145904195,277571853731,1,8.0366991460323334,8.6097,8.599552,1.7582,16387,0.001024,3.213568,,0.035328,0.155136,0,0.136704,0.0076799999999999993,0.009984,,0.0048639999999999994,,2.0943359999999998,13064,10202,549,9.564640000000054
13065,316.89467540391155,277571939828,1,8.5295001044869423,7.5346,8.036864,1.8281,33470,0.001024,3.296512,,0.041471999999999995,0.161792,0,0.14207999999999998,0.010496,0.009984,,0.005632,,1.7471999999999999,13065,10203,549,9.57321260000026
13066,316.90293500566889,277572015174,1,8.259601891040802,8.6932,8.502272,1.6954,30772,0.001024,3.307776,,0.035328,0.158208,0.000256,0.13849599999999998,0.003328,0.009984,,0.0051199999999999996,,1.7469439999999998,13066,10204,549,9.5820217999998931
13067,316.9112,277572102106,1,8.2649942487478256,8.01,8.228352,1.7699,22533,0.001024,3.307776,,0.035328,0.158208,0.000256,0.13849599999999998,0.003328,0.009984,,0.0051199999999999996,,1.7469439999999998,13067,10205,549,9.5896526000001359
13068,316.9187487032313,277572182206,1,7.548703346401453,8.5109,8.257024,1.6816,16387,0.001024,3.108608,,0.04224,0.152576,0,0.132352,0.0076799999999999993,0.0097279999999999988,,0.0048639999999999994,,2.66112,13068,10206,549,9.5974191000000246
13069,316.92729690334465,277572267315,1,8.5482001304626465,8.3983,7.524608,1.6883,15899,0.001024,3.2404479999999998,,0.038911999999999995,0.15692799999999998,0,0.13824,0.006912,0.009984,,0.0038399999999999997,,1.7484799999999998,13069,10207,549,9.6057335000000421
13070,316.93563090277775,277572351298,1,8.3339996635913849,8.101,8.533248,1.815,16387,0.001024,3.2133119999999997,,0.039424,0.153088,0,0.134656,0.0076799999999999993,0.009984,,0.004352,,2.09152,13070,10208,549,9.6140378999998575
13071,316.94392980442177,277572432308,1,8.298901841044426,7.7059,8.308736,1.8009,33717,0.001024,3.179264,,0.040448,0.166912,0,0.14668799999999999,0.007424,0.010496,,0.0038399999999999997,,1.7456639999999999,13071,10209,549,9.6225088000001051
13072,316.95182110260771,277572509367,1,7.891298271715641,8.3586,8.28288,1.7476,30974,0.0012799999999999999,3.2839679999999998,,0.033535999999999996,0.160512,0,0.14079999999999998,0.0038399999999999997,0.009984,,0.0048639999999999994,,2.569984,13072,10210,549,9.6306033000000753
13073,316.95965600198411,277572592953,1,7.8348992392420769,8.3326,7.872512,1.8438,138896,0.001024,3.235328,,0.041728,0.16255999999999998,0,0.142592,0.003328,0.010496,,0.005376,,1.7487359999999998,13073,10211,549,9.6389647000000878
13074,316.96843090277775,277572676279,1,8.774900808930397,8.3156,7.809024,1.7669,125655,0.001024,3.28064,,0.045312,0.163328,0.000256,0.130816,0.007936,0.009472,,0.004096,,1.746688,13074,10212,549,9.6476688000002468
13075,316.97670040391154,277572759435,1,8.26950091868639,8.2289,8.761856,1.9643,33470,0.001024,3.190784,,0.041215999999999996,0.163072,0.000256,0.14310399999999998,0.009984,0.009984,,0.005632,,2.109696,13075,10213,549,9.6558886000002531
13076,316.98477210175736,277572841724,1,8.0716982483863831,7.8723,8.254464,1.9814,30772,0.0012799999999999999,3.2350719999999997,,0.036608,0.158976,0.000256,0.139264,0.010239999999999999,0,,0.017664,,2.03648,13076,10214,549,9.664102499999899
13077,316.99262000425171,277572920447,1,7.8479023650288582,9.0872,8.04352,2.0203,33470,0.001024,3.277312,,0.038911999999999995,0.163328,0.000256,0.14464,0.0051199999999999996,0.009984,,0.0048639999999999994,,1.7469439999999998,13077,10215,549,9.6718774999999368
13078,317.00102630385487,277573011319,1,8.4062991663813591,8.0147,7.823872,2.0811,30772,0.001024,3.187712,,0.039168,0.16,0,0.13977599999999998,0.004608,0.011007999999999999,,0.005632,,1.7469439999999998,13078,10216,549,9.6803331000000981
13079,317.0101371031746,277573091466,1,9.1107990592718124,8.4135,8.383488,2.0809,15899,0.001024,3.2678399999999996,,0.039936,0.15692799999999998,0,0.136704,0.0076799999999999993,0.009984,,0.005632,,1.913088,13079,10217,549,9.6901066999998875
13080,317.0177255031179,277573175601,1,7.5884000398218632,7.6705,9.094912,2.141,16387,0.001024,3.2967679999999997,,0.042496,0.14976,0,0.130304,0.0076799999999999993,0.009984,,0.0048639999999999994,,2.022656,13080,10218,549,9.6970879999998942
13081,317.02608170351471,277573252306,1,8.3562005311250687,8.5125,7.568128,2.2589,15899,0.0012799999999999999,3.2302079999999997,,0.033791999999999996,0.15795199999999998,0.000256,0.138752,0.004352,0.009472,,0.005376,,1.933824,13081,10219,549,9.705257900000106
13082,317.03413790391153,277573337431,1,8.0562001094222069,9.627,8.317952,2.1542,16950,0.001024,3.186944,,0.038911999999999995,0.159744,0,0.140288,0.0076799999999999993,0.009984,,0.005376,,1.7487359999999998,13082,10220,549,9.71313199999986
13083,317.04272980442175,277573433701,1,8.5919005796313286,7.1335,8.046592,2.2228,15899,0.001024,3.275776,,0.036608,0.159744,0.000256,0.141312,0.007424,0.009984,,0.0038399999999999997,,1.747456,13083,10221,549,9.7218693999998322
13084,317.05043980300451,277573505036,1,7.70999863743782,8.1872,8.577536,2.2159,16589,0.001024,3.238912,,0.043264,0.16127999999999998,0.000256,0.140544,0.0076799999999999993,0.009984,,0.005376,,2.1596159999999998,13084,10222,549,9.7296879000000445
13085,317.05932910289113,277573586908,1,8.88929981738329,7.9162,7.685376,2.0702,15899,0.001024,3.29088,,0.043008,0.163072,0,0.14438399999999998,0.011519999999999999,0.010752,,0.004096,,1.7484799999999998,13085,10223,549,9.73826259999987
13086,317.06651010487525,277573666070,1,7.1810018271207809,8.743,8.887552,2.1177,68226,0.001024,3.2465919999999997,,0.037632,0.150528,0,0.131328,0.007424,0.009472,,0.004096,,1.748224,13086,10224,549,9.745816300000115
13087,317.07569500425171,277573753500,1,9.184899739921093,7.8326,7.157248,1.9744,30284,0.001024,3.2714239999999997,,0.033535999999999996,0.161792,0.000256,0.14310399999999998,0.0038399999999999997,0.009984,,0.004352,,1.7471999999999999,13087,10225,549,9.75459520000004
13088,317.08376680130385,277573831826,1,8.0717969685792923,8.5595,9.170432,2.1262,16387,0.001024,3.189504,,0.04224,0.15692799999999998,0,0.136704,0.007424,0.0097279999999999988,,0.003584,,1.7487359999999998,13088,10226,549,9.76277540000001
13089,317.09190910572562,277573917421,1,8.1423046067357063,7.5124,8.046592,1.9903,15899,0.001024,3.1872,,0.035072,0.15488,0,0.13568,0.0076799999999999993,0.009984,,0.004352,,2.077184,13089,10227,549,9.77074470000025
13090,317.10018070436507,277573992545,1,8.271598257124424,8.7918,8.124672,1.9189,34153,0.001024,3.292672,,0.037888,0.156672,0,0.136704,0.0048639999999999994,0,,0.035584,,1.9343359999999998,13090,10228,549,9.7791677000000163
13091,317.1087352040816,277574080463,1,8.5544995963573456,8.2527,7.762944,1.8691,30654,0.001024,3.2967679999999997,,0.034048,0.154112,0,0.134912,0.008192,0.010239999999999999,,0.005376,,1.747456,13091,10229,549,9.787718699999914
13092,317.116145904195,277574162990,1,7.4106999672949314,7.9387,8.529664,2.0414,16387,0.001024,3.303168,,0.03968,0.152832,0,0.13312,0.007424,0.010239999999999999,,0.004352,,1.7487359999999998,13092,10230,549,9.7952592000001459
13093,317.12513390022673,277574242377,1,8.98799579590559,8.27,7.388672,1.9586,15899,0.001024,3.1764479999999997,,0.039168,0.153856,0,0.134912,0.007424,0.009984,,0.003584,,1.747456,13093,10231,549,9.8039604999999028
13094,317.1328218041383,277574325077,1,7.6879039406776428,8.6364,8.974848,1.8347,16387,0.001024,3.187712,,0.039936,0.157184,0,0.13747199999999998,0.003328,0.010239999999999999,,0.0051199999999999996,,2.2164479999999998,13094,10232,549,9.81172370000013
13095,317.14151010487529,277574411441,1,8.6883008480072021,7.6364,7.646976,1.8296,15899,0.001024,3.1759359999999996,,0.039168,0.154112,0.000256,0.135424,0.0038399999999999997,0.010239999999999999,,0.0048639999999999994,,2.102016,13095,10233,549,9.820303800000147
13096,317.14966900510206,277574487805,1,8.15889984369278,8.6709,8.696064,1.8647,16641,0.0012799999999999999,3.2954879999999998,,0.041215999999999996,0.15616,0,0.135936,0.0076799999999999993,0.0097279999999999988,,0.005376,,1.746176,13096,10234,549,9.8284914999999273
13097,317.15802400085033,277574574514,1,8.3549953997135162,7.8229,8.130048,1.8326,15899,0.001024,3.29472,,0.038911999999999995,0.16383999999999999,0,0.14336,0.008192,0.009216,,0.005888,,2.377728,13097,10235,549,9.8368181000000732
13098,317.16619750566895,277574652743,1,8.1735048443079,8.4969,8.316416,1.9545,16387,0.001024,3.2314879999999997,,0.0384,0.157696,0,0.137216,0.007936,0.010752,,0.005632,,1.7487359999999998,13098,10236,549,9.8447704000000158
13099,317.174349199263,277574737712,1,8.151693269610405,8.2002,8.165632,1.8957,15899,0.001024,3.2829439999999996,,0.03968,0.153088,0,0.133888,0.011776,0.0097279999999999988,,0.0038399999999999997,,2.083584,13099,10237,549,9.8529809000001478
13100,317.1827363024376,277574819714,1,8.3871027454733849,8.3579,8.134656,1.9186,16387,0.001024,3.281408,,0.036864,0.15744,0.000256,0.137984,0.008704,0.011007999999999999,,0.0038399999999999997,,1.7471999999999999,13100,10238,549,9.8615450000002056
13101,317.1917619047619,277574903293,1,9.0256026014685631,7.9863,8.359936,1.9257,15899,0.001024,3.195392,,0.033535999999999996,0.150528,0,0.132608,0.008192,0.010239999999999999,,0.004096,,2.0894719999999998,13101,10239,549,9.8703473999999
13102,317.20005359977324,277574983156,1,8.2916952669620514,8.1632,9.022976,1.8053,16387,0.001024,3.30624,,0.037888,0.155904,0.000256,0.136192,0.0076799999999999993,0.011007999999999999,,0.0051199999999999996,,1.746432,13102,10240,549,9.87894150000011
13103,317.20876920351475,277575064788,1,8.71560350060463,8.5281,8.281088,1.9437,15899,0.001024,3.234048,,0.035584,0.18048,0,0.161024,0.012799999999999999,0.000512,,0.014079999999999999,,2.576896,13103,10241,549,9.8875714999999218
13104,317.2167104024943,277575150069,1,7.9411985352635384,8.854,8.695296,2.3035,16387,0.001024,3.3024,,0.036864,0.160768,0,0.140032,0.007424,0.010239999999999999,,0.005888,,1.749248,13104,10242,549,9.8954265000002124
13105,317.22543330498866,277575238609,1,8.722902275621891,8.57,7.912192,1.9844,15899,0.001024,3.2017919999999997,,0.038911999999999995,0.16,0,0.141312,0.0076799999999999993,0.009984,,0.004352,,2.222848,13105,10243,549,9.9040854999998373
13106,317.23330570436508,277575324309,1,7.8723989427089691,8.6386,8.71168,1.853,16387,0.001024,3.180544,,0.040192,0.161024,0,0.14079999999999998,0.0076799999999999993,0.009472,,0.0048639999999999994,,1.7469439999999998,13106,10244,549,9.9121203999998215
13107,317.2410244047619,277575410695,1,7.71870044991374,7.8925,7.845632,1.8658,15899,0.001024,3.1884799999999998,,0.040704,0.167936,0,0.142848,0.004352,0.009984,,0.004352,,2.204672,13107,10245,549,9.9195297999999639
13108,317.24973990221088,277575489620,1,8.7154973298311234,8.6309,7.584,1.8612,16589,0.001024,3.27424,,0.040192,0.15744,0.000256,0.13696,0.0038399999999999997,0.003328,,0.041471999999999995,,1.7456639999999999,13108,10246,549,9.928436099999999
13109,317.25797859977325,277575575929,1,8.238697424530983,8.0726,8.813568,1.8296,16094,0.001024,3.270656,,0.03968,0.159488,0.000256,0.13952,0.007424,0.009984,,0.005376,,2.5103359999999997,13109,10247,549,9.93650770000022
13110,317.26611290391156,277575656655,1,8.13430454581976,7.3908,8.21888,1.8933,16387,0.001024,3.270912,,0.453376,0.151552,0,0.132352,0.007424,0.010239999999999999,,0.004096,,1.9261439999999999,13110,10248,549,9.9447705000002316
13111,317.27427250566893,277575730563,1,8.15960206091404,8.8318,8.11776,1.8452,21683,0.001024,3.208192,,0.039424,0.157184,0,0.13644799999999999,0.009216,0.009984,,0.005632,,2.072832,13111,10249,549,9.9536192999999
13112,317.28274880243765,277575818881,1,8.4762964397668839,8.1508,8.090624,1.8253,16387,0.0012799999999999999,3.2832,,0.041471999999999995,0.161024,0,0.13696,0.007424,0.009984,,0.005632,,1.746688,13112,10250,549,9.96147719999999
13113,317.29143810232426,277575900389,1,8.6893001571297646,8.2629,8.502528,2.0302,15899,0.001024,3.2345599999999997,,0.237568,0.15795199999999998,0.000256,0.136192,0.0076799999999999993,0,,0.015104,,2.106624,13113,10251,549,9.9702895000000353
13114,317.29974199971656,277575983018,1,8.3038974553346634,8.6152,8.672512,1.8909,16387,0.001024,3.299072,,0.037888,0.155136,0,0.135424,0.007424,0.010752,,0.005376,,1.74592,13114,10252,549,9.97854899999993
13115,317.307934502551,277576069170,1,8.19250289350748,8.1044,8.241408,1.8561,15899,0.001024,3.2883199999999997,,0.037376,0.168704,0,0.14899199999999999,0.008192,0.009472,,0.004608,,2.063104,13115,10253,549,9.9866397000000688
13116,317.31528350340136,277576150214,1,7.3490007780492306,8.5731,8.2112,1.8829,16387,0.001024,3.2803839999999997,,0.03712,0.15744,0,0.137216,0.0076799999999999993,0.010239999999999999,,0.0048639999999999994,,1.7489919999999999,13116,10254,549,9.9938273000002482
13117,317.3240799036281,277576235945,1,8.7964003905653954,8.3732,7.312896,1.8023,15899,0.0012799999999999999,3.1964159999999997,,0.034048,0.16025599999999998,0,0.141312,0.005632,0.00896,,0.004608,,1.7487359999999998,13117,10255,549,10.002643400000125
13118,317.33242059948981,277576319677,1,8.34069587290287,8.1918,8.785408,1.9556,16387,0.001024,3.240192,,0.035072,0.15616,0,0.136704,0.0076799999999999993,0.010239999999999999,,0.0038399999999999997,,2.316544,13118,10256,549,10.01104979999991
13119,317.34029350198409,277576401595,1,7.8729027882218361,7.2227,8.325632,1.8705,15899,0.001024,3.2683519999999997,,0.037376,0.15692799999999998,0,0.137216,0.004608,0.009472,,0.0038399999999999997,,1.9192319999999998,13119,10257,549,10.01888770000005
13120,317.34781290391157,277576473822,1,7.5194020755589008,8.7889,7.853312,2.0709,16387,0.001024,3.276032,,0.037888,0.152832,0,0.13286399999999998,0.003328,0.009984,,0.0051199999999999996,,1.7487359999999998,13120,10258,549,10.026414899999963
13121,317.35658060515874,277576561711,1,8.76770168542862,8.429,7.49824,1.7487,16298,0.001024,3.180288,,0.039424,0.16153599999999999,0,0.14207999999999998,0.0076799999999999993,0.0097279999999999988,,0.004352,,1.747712,13121,10259,549,10.035266899999897
13122,317.36464040532877,277576646001,1,8.05980060249567,7.7911,8.745216,1.7995,16387,0.001024,3.2780799999999997,,0.036095999999999996,0.15872,0.000256,0.138752,0.003328,0.011007999999999999,,0.004352,,1.9141119999999998,13122,10260,549,10.04330149999987
13123,317.37301160005666,277576723912,1,8.3711948245763779,7.5335,8.048128,1.8686,15899,0.001024,3.2302079999999997,,0.038655999999999996,0.15744,0,0.13747199999999998,0.007424,0.011264,,0.0051199999999999996,,1.7489919999999999,13123,10261,549,10.051648699999987
13124,317.38131370464851,277576799247,1,8.3021046593785286,8.8275,8.339968,1.8203,16387,0.001024,3.2962559999999996,,0.038911999999999995,0.16383999999999999,0,0.145152,0.0076799999999999993,0.009984,,0.003328,,1.747712,13124,10262,549,10.059975499999837
13125,317.38942630385486,277576887522,1,8.112599141895771,8.0966,8.295936,1.978,15899,0.001024,3.2767999999999997,,0.03968,0.159744,0,0.13952,0.0097279999999999988,0,,0.013824,,2.109952,13125,10263,549,10.068326600000091
13126,317.39684070294783,277576968488,1,7.4143991805613041,8.2023,8.084736,1.9835,16387,0.001024,3.27168,,0.03584,0.15103999999999998,0,0.132352,0.008192,0.010239999999999999,,0.004352,,2.06976,13126,10264,549,10.075547599999936
13127,317.40570290532878,277577050511,1,8.8622020557522774,8.4585,7.390208,1.9792,15899,0.001024,3.2447999999999997,,0.039168,0.158464,0,0.138752,0.0048639999999999994,0.011264,,0.0038399999999999997,,1.747712,13127,10265,549,10.084638400000131
13128,317.41354029903624,277577135096,1,7.8373933210968971,8.3173,8.843008,1.8128,23216,0.001024,3.200512,,0.036608,0.156416,0,0.13696,0.0076799999999999993,0.010239999999999999,,0.0051199999999999996,,2.362368,13128,10266,549,10.092005999999856
13129,317.421584502551,277577218269,1,8.0442037433385849,7.2214,7.809536,1.7573,15899,0.001024,3.293952,,0.041215999999999996,0.15923199999999998,0,0.13952,0.007424,0.010496,,0.004352,,1.74976,13129,10267,549,10.100325500000054
13130,317.42955150226754,277577290483,1,7.9669998958706856,8.8383,8.038912,1.8486,16387,0.001024,3.3039359999999998,,0.038911999999999995,0.164096,0,0.14592,0.0076799999999999993,0.010239999999999999,,0.004608,,2.0357119999999997,13130,10268,549,10.108085800000026
13131,317.43795400368481,277577378866,1,8.4025012329220772,7.6802,7.952896,1.9457,15899,0.001024,3.294464,,0.039424,0.164096,0,0.143872,0.008192,0.0097279999999999988,,0.004352,,1.93408,13131,10269,549,10.116625000000113
13132,317.44574580498863,277577455668,1,7.791801355779171,8.2986,8.374272,1.8256,16387,0.0012799999999999999,3.272704,,0.03712,0.15462399999999998,0.000256,0.134912,0.003328,0.010239999999999999,,0.004608,,2.032384,13132,10270,549,10.125082399999883
13133,317.4542303004535,277577538654,1,8.4844958037137985,7.724,7.77344,1.777,16101,0.001024,3.243776,,0.03712,0.158976,0,0.139264,0.007424,0.010752,,0.0038399999999999997,,1.747712,13133,10271,549,10.132815299999947
13134,317.46212930130383,277577615894,1,7.8990012407302856,8.4805,8.473344,1.8664,16387,0.0012799999999999999,3.2719359999999997,,0.03584,0.153856,0.000256,0.13414399999999999,0.0076799999999999993,0.010239999999999999,,0.0038399999999999997,,2.0072959999999997,13134,10272,549,10.140785000000051
13135,317.4703920989229,277577700699,1,8.2627972587943077,8.444,7.869696,1.7304,15899,0.001024,3.2704,,0.034048,0.154368,0,0.135936,0.007936,0.009472,,0.004352,,2.1995519999999997,13135,10273,549,10.149135499999829
13136,317.47882050028346,277577785139,1,8.4284013137221336,7.8101,8.24064,1.8683,16387,0.001024,3.199744,,0.039424,0.157696,0,0.139008,0.009984,0.010239999999999999,,0.004608,,2.010624,13136,10274,549,10.15729280000005
13137,317.4866303004535,277577863240,1,7.80980009585619,7.9925,8.39936,1.7967,15899,0.001024,3.240704,,0.043008,0.161792,0,0.137728,0.0076799999999999993,0.011007999999999999,,0.004608,,2.27584,13137,10275,549,10.165253499999835
13138,317.49516010487525,277577943165,1,8.5298046469688416,8.2776,7.795712,1.7883,16387,0.001024,3.240704,,0.038144,0.15872,0,0.139008,0.007936,0.009472,,0.004352,,1.747712,13138,10276,549,10.173643800000264
13139,317.50256339994331,277578025941,1,7.4032950215041637,8.2458,8.511488,1.7592,15899,0.001024,3.195648,,0.041728,0.16127999999999998,0,0.141568,0.0076799999999999993,0.011776,,0.004096,,1.913856,13139,10277,549,10.181297300000097
13140,317.51158710317458,277578108399,1,9.0237036347389221,7.9283,7.386624,1.7763,16387,0.001024,3.282688,,0.043775999999999995,0.156672,0,0.13696,0.003328,0.0097279999999999988,,0.004352,,1.7489919999999999,13140,10278,549,10.190161200000148
13141,317.51982570153058,277578187682,1,8.2385987043380737,8.4341,8.997888,1.7509,15899,0.001024,3.297792,,0.043519999999999996,0.15795199999999998,0.000256,0.138752,0.007424,0.010239999999999999,,0.0051199999999999996,,2.25408,13141,10279,549,10.198798599999918
13142,317.52826280470521,277578272023,1,8.43710359185934,7.609,8.205056,1.8258,16387,0.001024,3.173888,,0.041984,0.18636799999999998,0,0.16614399999999999,0.008704,0.001792,,0.013312,,1.747968,13142,10280,549,10.207225999999991
13143,317.53612300170067,277578348113,1,7.8601967543363571,8.8485,8.428288,1.8785,15899,0.001024,3.238912,,0.041728,0.16358399999999998,0,0.143872,0.007936,0.009216,,0.005376,,2.0738559999999997,13143,10281,549,10.21462479999991
13144,317.54479980158732,277578436598,1,8.6767999455332756,8.5979,7.84896,1.8562,16387,0.001024,3.2399359999999997,,0.03584,0.15744,0,0.137728,0.004608,0.002304,,0.012032,,1.7454079999999998,13144,10282,549,10.223433699999987
13145,317.552725,277578522577,1,7.9251984134316444,8.5121,8.649984,1.7956,16101,0.001024,3.1843839999999997,,0.035328,0.16127999999999998,0.000256,0.141568,0.007936,0.011264,,0.0038399999999999997,,1.749248,13145,10283,549,10.23135719999982
13146,317.56144640022677,277578607698,1,8.7214000523090363,7.3983,7.866368,1.8525,16439,0.001024,3.244032,,0.041471999999999995,0.154112,0.000256,0.13414399999999999,0.0076799999999999993,0.010752,,0.0048639999999999994,,1.7489919999999999,13146,10284,549,10.240204300000187
13147,317.56907650226754,277578681681,1,7.6301018707454205,8.7406,8.749056,1.7321,16094,0.001024,3.275264,,0.040704,0.158976,0,0.13977599999999998,0.004352,0.007936,,0.006656,,2.6777599999999997,13147,10285,549,10.247697899999821
13148,317.57742720379815,277578769087,1,8.3507010713219643,7.993,7.595776,1.833,16387,0.001024,3.177472,,0.039424,0.15744,0,0.135936,0.003584,0.011007999999999999,,0.0051199999999999996,,1.747968,13148,10286,549,10.256107400000019
13149,317.58508070436505,277578849017,1,7.65350041911006,8.8618,8.345088,1.7728,15899,0.001024,3.176192,,0.039168,0.15462399999999998,0.000256,0.13644799999999999,0.0076799999999999993,0.009984,,0.0038399999999999997,,2.447104,13149,10287,549,10.263606500000151
13150,317.59285110544215,277578937635,1,7.7704009599983692,7.4776,7.638528,1.7333,16387,0.0012799999999999999,3.2337919999999998,,0.03968,0.15923199999999998,0,0.13952,0.0048639999999999994,0.009984,,0.005632,,1.746432,13150,10288,549,10.271393200000148
13151,317.60130920493197,277579012411,1,8.458099327981472,8.4228,7.746304,1.7472,15899,0.001024,3.297792,,0.035072,0.152064,0,0.13183999999999998,0.0076799999999999993,0.010239999999999999,,0.0051199999999999996,,1.747712,13151,10289,549,10.280071900000166
13152,317.60932400085034,277579096639,1,8.0147963017225266,7.4893,8.441088,1.7326,16387,0.001024,3.3052159999999997,,0.038144,0.157696,0,0.137984,0.012288,0.010496,,0.0051199999999999996,,1.749504,13152,10290,549,10.287874000000102
13153,317.61770920493194,277579171532,1,8.3852037787437439,7.7817,7.981824,1.9388,15899,0.001024,3.180288,,0.03712,0.164608,0,0.14438399999999998,0.0084479999999999989,0.009472,,0.005888,,2.0290559999999997,13153,10291,549,10.296230899999955
13154,317.62531529903629,277579249349,1,7.6060942374169827,8.6727,8.371456,1.7136,16387,0.001024,3.245056,,0.033791999999999996,0.152064,0,0.13312,0.007936,0.010239999999999999,,0.0038399999999999997,,2.13504,13154,10292,549,10.304234100000031
13155,317.63414750566892,277579336076,1,8.8322069495916367,7.8605,7.588864,1.7176,15899,0.001024,3.292928,,0.035584,0.156672,0,0.137216,0.0076799999999999993,0.009472,,0.0038399999999999997,,1.7484799999999998,13155,10293,549,10.312623899999835
13156,317.64214180130386,277579414681,1,7.9942960292100906,8.3222,8.809472,1.8816,16387,0.001024,3.29472,,0.037632,0.1536,0.000256,0.133376,0.003072,0.010239999999999999,,0.0038399999999999997,,2.2527999999999997,13156,10294,549,10.320630400000027
13157,317.65034389880952,277579497903,1,8.20209737867117,7.9935,7.98464,1.8197,29424,0.001024,3.241984,,0.040959999999999996,0.15564799999999998,0.000256,0.131584,0.0076799999999999993,0.010496,,0.0051199999999999996,,1.7471999999999999,13157,10295,549,10.32881129999987
13158,317.65875359977321,277579577838,1,8.40970128774643,8.3898,8.181504,1.6883,16387,0.001024,3.1946239999999997,,0.03328,0.15001599999999998,0,0.131584,0.0038399999999999997,0.009984,,0.003328,,2.013696,13158,10296,549,10.337284100000034
13159,317.66587880527209,277579661736,1,7.125205360352993,8.0292,8.389376,2.0223,15899,0.001024,3.108608,,0.040704,0.163072,0,0.14336,0.007424,0.011007999999999999,,0.0048639999999999994,,1.7471999999999999,13159,10297,549,10.344512900000154
13160,317.67484050453515,277579742028,1,8.9616989716887474,8.1305,7.096576,1.8194,16387,0.001024,3.103744,,0.03968,0.158976,0,0.13952,0.007936,0.010496,,0.0048639999999999994,,2.184192,13160,10298,549,10.356756700000005
13161,317.68248170351472,277579823333,1,7.6411990448832512,8.5215,8.93824,1.8137,16387,0.001024,3.103744,,0.03968,0.158976,0,0.13952,0.007936,0.010496,,0.0048639999999999994,,2.184192,13161,10299,549,10.361426100000244
13162,317.69123790391154,277579908548,1,8.7562007829546928,7.1241,7.618048,2.5651,15899,0.001024,3.094528,,0.033791999999999996,0.598784,0,0.13568,0.012799999999999999,0.010496,,0.006912,,1.9548159999999999,13162,10300,549,10.370398099999875
13163,317.70011690051018,277579979789,1,8.8789965957403183,9.7052,8.737024,2.169,16387,0.001024,3.2412159999999997,,0.039936,0.15103999999999998,0,0.132096,0.003328,0.009472,,0.0048639999999999994,,2.415104,13163,10301,549,10.379442800000106
13164,317.70903049886618,277580076841,1,8.9135980233550072,7.1365,8.872704,2.026,21683,0.001024,3.2337919999999998,,0.036864,0.151552,0,0.132096,0.007424,0.00896,,0.005888,,2.347264,13164,10302,549,10.387753999999859
13165,317.71722080498864,277580148206,1,8.1903059035539627,8.9848,8.871168,1.9734,16387,0.001024,3.235584,,0.040192,0.15872,0,0.139008,0.007936,0.0097279999999999988,,0.0051199999999999996,,1.74976,13165,10303,549,10.396008199999869
13166,317.72582480158729,277580238054,1,8.6039965972304344,9.1485,8.198656,1.8666,22023,0.001024,3.297024,,0.037376,0.15564799999999998,0,0.13644799999999999,0.003328,0.009472,,0.005632,,1.998848,13166,10304,549,10.404966699999932
13167,317.73435960175738,277580329539,1,8.534800261259079,8.3109,8.565248,1.8613,16387,0.002048,3.09632,,0.044288,0.15462399999999998,0,0.13516799999999998,0.0038399999999999997,0.0097279999999999988,,0.004096,,1.7471999999999999,13167,10305,549,10.413336099999924
13168,317.74277430555554,277580412648,1,8.41470342129469,8.2843,8.519424,2.1099,15899,0.001024,3.272448,,0.043264,0.158464,0,0.13849599999999998,0.010752,0.012032,,0.004096,,2.476032,13168,10306,549,10.421815600000173
13169,317.75078960459183,277580495491,1,8.0152992159128189,8.8857,8.418304,1.8999,65624,0.001024,3.179264,,0.038911999999999995,0.15488,0,0.13516799999999998,0.007936,0.0097279999999999988,,0.004352,,2.094592,13169,10307,549,10.42954809999992
13170,317.75924440192745,277580584348,1,8.45479778945446,8.4508,7.982336,2.0805,29060,0.001024,3.18464,,0.038144,0.160768,0,0.140544,0.0076799999999999993,0.010752,,0.004352,,2.0538879999999997,13170,10308,549,10.438396500000181
13171,317.76796619897959,277580668856,1,8.7217967957258224,8.2722,8.442624,1.8698,16439,0.001024,3.1813119999999997,,0.040959999999999996,0.156672,0,0.13696,0.0076799999999999993,0.010752,,0.0051199999999999996,,1.747712,13171,10309,549,10.446921000000202
13172,317.7758746031746,277580751578,1,7.9084038734436035,7.9273,8.705024,2.0572,15899,0.001024,3.29472,,0.040704,0.168704,0,0.133888,0.0076799999999999993,0.009984,,0.0051199999999999996,,2.419968,13172,10310,549,10.454841199999919
13173,317.78440400368481,277580830851,1,8.5294004529714584,8.7195,7.889408,1.9418,16387,0.0012799999999999999,3.229184,,0.039424,0.161024,0,0.141568,0.011007999999999999,0.013056,,0.004096,,1.98912,13173,10311,549,10.463199799999984
13174,317.79297550311787,277580918046,1,8.5714990273118019,8.6717,8.503808,1.9152,21828,0.001024,3.1746559999999997,,0.03584,0.17612799999999998,0,0.137216,0.0076799999999999993,0.009984,,0.0048639999999999994,,2.477824,13174,10312,549,10.471628000000237
13175,317.80091950113376,277581004763,1,7.9439980909228325,7.7749,8.556288,1.9586,18936,0.001024,3.2785919999999997,,0.040959999999999996,0.150784,0,0.131584,0.007936,0.009472,,0.004352,,2.0090879999999998,13175,10313,549,10.479593800000202
13176,317.80967030187071,277581082512,1,8.7508009746670723,8.5022,7.924736,1.88,15899,0.001024,3.1728639999999997,,0.04736,0.161792,0,0.142336,0.007424,0.009472,,0.004096,,1.936896,13176,10314,549,10.488322799999878
13177,317.81865040391153,277581167534,1,8.98010190576315,8.4017,8.729856,1.8729,16387,0.001024,3.40352,,0.043519999999999996,0.153088,0.000256,0.133632,0.0076799999999999993,0.012032,,0.005376,,1.747456,13177,10315,549,10.497221500000251
13178,317.82707689909296,277581251551,1,8.4264948964118958,7.937,8.900096,1.8655,15899,0.001024,3.294208,,0.038655999999999996,0.155904,0,0.133632,0.007424,0.010239999999999999,,0.0038399999999999997,,2.577664,13178,10316,549,10.50598459999992
13179,317.8354,277581330921,1,8.3231013268232346,8.7539,8.465408,1.9629,16387,0.001024,3.26912,,0.040704,0.16025599999999998,0.000256,0.140032,0.007424,0.009472,,0.0038399999999999997,,2.09152,13179,10317,549,10.51426870000023
13180,317.84357689909297,277581418460,1,8.1768995150923729,8.8744,8.288512,2.1818,15899,0.0012799999999999999,3.236608,,0.035328,0.161792,0,0.142848,0.007424,0.010239999999999999,,0.004352,,2.34112,13180,10318,549,10.522363600000062
13181,317.85178240504536,277581507204,1,8.2055060192942619,8.7271,8.173056,1.8825,16734,0.001024,3.268608,,0.03968,0.161024,0.000256,0.141312,0.003328,0.009472,,0.0038399999999999997,,1.9458559999999998,13181,10319,549,10.530596500000229
13182,317.86044050453512,277581594475,1,8.6580999195575714,8.3313,8.183808,2.1306,15899,0.001024,3.290368,,0.040192,0.157184,0,0.137984,0.0076799999999999993,0.009984,,0.0048639999999999994,,1.747712,13182,10320,549,10.539338300000054
13183,317.86873070436508,277581677788,1,8.2901995629072189,7.9769,8.644352,1.8024,16387,0.001024,3.234816,,0.043264,0.153856,0.000256,0.1344,0.007936,0.04224,,0.004608,,2.1568,13183,10321,549,10.547469500000261
13184,317.87731770124714,277581757557,1,8.5869971662759781,8.3853,8.267776,1.8934,16094,0.001024,3.2384,,0.041728,0.151808,0,0.132096,0.007424,0.0097279999999999988,,0.005376,,2.0369919999999997,13184,10322,549,10.556187499999851
13185,317.88563970379818,277581841410,1,8.3220023661851883,8.6942,8.56832,2.2272,16387,0.001024,3.2888319999999998,,0.041215999999999996,0.156416,0,0.13644799999999999,0.007424,0.0097279999999999988,,0.0051199999999999996,,2.076672,13185,10323,549,10.564339500000187
13186,317.89426160005667,277581928352,1,8.6218966171145439,8.0235,8.301056,1.8227,15899,0.001024,3.2949759999999997,,0.03712,0.158208,0,0.139264,0.0076799999999999993,0.011264,,0.004608,,1.9584,13186,10324,549,10.572978400000011
13187,317.90280150226755,277582008587,1,8.5399020463228226,8.8541,8.604672,1.871,16387,0.001024,3.0947839999999998,,0.041471999999999995,0.15334399999999998,0,0.133888,0.0076799999999999993,0.010752,,0.0025599999999999998,,2.109184,13187,10325,549,10.582071899999846
13188,317.91176969954648,277582097128,1,8.9681977406144142,8.1551,8.510208,1.9029,15899,0.001024,3.250432,,0.041215999999999996,0.155392,0.000256,0.135424,0.003328,0.012032,,0.005376,,1.746432,13188,10326,549,10.590634300000147
13189,317.92014670493194,277582178679,1,8.3770053461194038,8.6242,8.958976,2.0308,23021,0.29414399999999996,3.227136,,0.03968,0.164096,0,0.143872,0.0076799999999999993,0.009984,,0.004352,,2.8224,13189,10327,549,10.598698100000092
13190,317.92855850340135,277582264921,1,8.4117986261844635,9.1321,8.3776,1.731,15899,0.001024,3.2327679999999996,,0.040192,0.154368,0,0.134912,0.007168,0.0097279999999999988,,0.004608,,2.125056,13190,10328,549,10.607610500000192
13191,317.93663650085034,277582356242,1,8.0779977142810822,8.2738,8.37504,1.8368,16387,0.001024,3.2381439999999997,,0.039168,0.15488,0,0.136704,0.005888,0.009984,,0.003584,,2.567424,13191,10329,549,10.615314399999988
13192,317.94470130385486,277582438980,1,8.06480273604393,8.3551,8.060672,1.8042,15899,0.0012799999999999999,3.18464,,0.037632,0.17792,0,0.13849599999999998,0.0076799999999999993,0.0097279999999999988,,0.005376,,1.954048,13192,10330,549,10.623211200000242
13193,317.952995904195,277582522531,1,8.2946000620722771,8.8669,8.035584,1.7592,16589,0.001024,3.17184,,0.040704,0.15692799999999998,0,0.13747199999999998,0.004352,0.00896,,0.0048639999999999994,,2.074112,13193,10331,549,10.631581500000266
13194,317.961334502551,277582611200,1,8.3385985344648361,7.6925,8.27904,1.7404,15899,0.001024,3.19488,,0.040704,0.157696,0,0.13824,0.007424,0.011264,,0.0038399999999999997,,1.746432,13194,10332,549,10.640036100000088
13195,317.96956010487526,277582688125,1,8.2256020978093147,7.9246,8.334848,1.8883,16439,0.001024,3.276544,,0.040448,0.15103999999999998,0,0.127488,0.0076799999999999993,0.009472,,0.005376,,2.198016,13195,10333,549,10.648079600000074
13196,317.97787340561223,277582767371,1,8.3133010193705559,8.4186,8.191488,1.7615,15899,0.001024,3.287808,,0.042496,0.15795199999999998,0.000256,0.137216,0.007424,0.009472,,0.0048639999999999994,,2.121472,13196,10334,549,10.656536699999833
13197,317.98596979875282,277582851557,1,8.0963931977748871,8.3863,8.297984,1.7917,16387,0.001024,3.240192,,0.040959999999999996,0.16127999999999998,0,0.141312,0.007424,0.011264,,0.004096,,2.09152,13197,10335,549,10.664596099999926
13198,317.99396290391155,277582935420,1,7.9931048676371574,8.0984,8.08192,1.7753,15899,0.001024,3.1782399999999997,,0.041471999999999995,0.155904,0.000256,0.13568,0.007936,0.009472,,0.004352,,2.087424,13198,10336,549,10.672727799999848
13199,318.00233100198409,277583016404,1,8.3680981770157814,8.4031,7.977984,1.7913,16387,0.001024,3.2931839999999997,,0.037376,0.162304,0,0.141824,0.007424,0.009472,,0.004352,,2.1626879999999997,13199,10337,549,10.681215500000235
13200,318.01035410289114,277583100435,1,8.0231009051203728,8.0518,8.352768,1.9904,15899,0.001024,3.1777279999999997,,0.041471999999999995,0.156672,0,0.13696,0.003072,0.011007999999999999,,0.004608,,1.747456,13200,10338,549,10.689064700000017
13201,318.01818759920633,277583180953,1,7.833496667444706,7.9809,7.993856,1.8203,16387,0.001024,3.234048,,0.0384,0.17382399999999998,0,0.136704,0.006656,0.00896,,0.004608,,2.086144,13201,10339,549,10.69687870000007
13202,318.02675729875284,277583260762,1,8.5696997120976448,8.6199,7.817472,1.8631,15899,0.160512,3.172096,,0.040959999999999996,0.15129599999999999,0.000256,0.132096,0.007936,0.010496,,0.0051199999999999996,,2.002944,13202,10340,549,10.705510199999935
13203,318.03450750425168,277583346961,1,7.75020569562912,7.8728,8.54784,1.812,16582,0.001024,3.287808,,0.041471999999999995,0.1536,0,0.133632,0.0076799999999999993,0.010752,,0.005376,,2.05952,13203,10341,549,10.713279099999909
13204,318.04267490079366,277583425689,1,8.1673962995409966,7.85,7.732224,1.9134,15899,0.001024,3.179008,,0.038655999999999996,0.164352,0,0.14464,0.0076799999999999993,0.010239999999999999,,0.0038399999999999997,,2.029824,13204,10342,549,10.721615800000109
13205,318.05044230442178,277583504189,1,7.7674034982919693,8.5684,8.149248,1.9187,16589,0.001024,3.289856,,0.03968,0.15103999999999998,0,0.13055999999999998,0.004096,0.009472,,0.004608,,1.94048,13205,10343,549,10.729386599999998
13206,318.05838790391158,277583589873,1,7.9455990344285965,7.8399,,2.1093,15899,0.001024,3.289856,,0.03968,0.15103999999999998,0,0.13055999999999998,0.004096,0.009472,,0.004608,,1.94048,13206,10344,549,10.737291800000094
13207,318.0693919005102,277583668272,1,11.00399624556303,8.2696,7.933696,8.2696,16387,0.001024,3.2030719999999997,,0.034816,0.154368,0,0.135424,0.003072,0.011776,,0.004352,,1.747456,13207,10345,549,10.748469300000124
13208,318.07783300028342,277583750968,1,8.4410998970270157,7.7985,7.61984,1.4605,16387,0.001024,3.237888,,0.038911999999999995,0.167424,0,0.147968,0.007424,0.0097279999999999988,,0.0051199999999999996,,1.9560959999999998,13208,10346,549,10.756653200000073
13209,318.08579850481857,277583828953,1,7.9655041918158531,7.878,8.420608,1.9842,15899,0.27136,3.187456,,0.036608,0.157184,0,0.137728,0.0076799999999999993,0.009984,,0.0038399999999999997,,2.193664,13209,10347,549,10.764526100000239
13210,318.09427650226758,277583907733,1,8.4779970347881317,11.0417,7.939328,1.8028,16387,0.001024,3.2350719999999997,,0.041984,0.15488,0,0.134912,0.007424,0.009472,,0.004352,,1.938432,13210,10348,549,10.77291839999998
13211,318.10233170351472,277584018150,1,8.0552008002996445,8.3419,8.470272,1.7372,15899,0.0012799999999999999,3.2767999999999997,,0.043008,0.152832,0.000256,0.133376,0.007424,0.011007999999999999,,0.0025599999999999998,,2.20544,13211,10349,549,10.781324999999924
13212,318.1109792020975,277584101569,1,8.6474986746907234,7.848,8.033792,2.3941,16387,0.001024,3.2327679999999996,,0.040192,0.15564799999999998,0,0.136192,0.0076799999999999993,0.012799999999999999,,0.0025599999999999998,,1.746432,13212,10350,549,10.789536000000226
13213,318.119009502551,277584180049,1,8.03030002862215,8.4784,8.625664,2.3336,15899,0.0038399999999999997,3.2913919999999997,,0.039168,0.15616,0,0.13824,0.008704,0.010752,,0.002304,,2.089984,13213,10351,549,10.798670900000161
13214,318.12734540107709,277584264833,1,8.3358986303210258,8.3809,8.01024,1.7795,16387,0.001024,3.286784,,0.03968,0.15129599999999999,0,0.13312,0.0076799999999999993,0.010239999999999999,,0.004352,,1.95712,13214,10352,549,10.805986599999869
13215,318.13538240504533,277584348642,1,8.0370036885142326,8.2034,8.316928,2.4602,15899,0.001024,3.2949759999999997,,0.039936,0.151808,0,0.131584,0.0076799999999999993,0.013312,,0.0025599999999999998,,2.061312,13215,10353,549,10.814105599999948
13216,318.14306330073697,277584430676,1,7.6808957383036613,8.8507,8.019712,1.7884,16387,0.001024,3.2399359999999997,,0.03968,0.152576,0,0.133376,0.008192,0.009984,,0.005376,,1.7469439999999998,13216,10354,549,10.821632300000147
13217,318.15083110119048,277584519183,1,7.7678002417087555,7.6177,7.65568,1.8922,16101,0.001024,3.17568,,0.039168,0.15231999999999998,0,0.132352,0.004608,0,,0.032256,,1.9560959999999998,13217,10355,549,10.829535800000031
13218,318.1591887046485,277584595360,1,8.35760310292244,8.1246,7.748608,1.7877,16387,0.001024,3.264512,,0.042752,0.156672,0,0.13414399999999999,0.003584,0.0097279999999999988,,0.0051199999999999996,,1.9445759999999999,13218,10356,549,10.837981600000148
13219,318.16692779903627,277584676606,1,7.73909455165267,7.5252,8.3392,2.1086,21700,0.0012799999999999999,3.237632,,0.040704,0.155136,0,0.134656,0.0063999999999999994,0.0097279999999999988,,0.005376,,1.748224,13219,10357,549,10.845710600000075
13220,318.17508800311788,277584751858,1,8.1602036952972412,7.8245,7.716864,1.9466,16439,0.0012799999999999999,3.17696,,0.038655999999999996,0.159744,0.000256,0.141056,0.003584,0.009984,,0.004352,,2.0725759999999998,13220,10358,549,10.854270499999984
13221,318.18338759920636,277584830103,1,8.2995956763625145,8.5098,8.144896,1.8912,15899,0.001024,3.0978559999999997,,0.038911999999999995,0.16383999999999999,0,0.14438399999999998,0.007936,0.002816,,0.011007999999999999,,2.09664,13221,10359,549,10.862148799999886
13222,318.19161799886621,277584915201,1,8.2303993403911591,7.7197,8.278016,2.0044,16582,0.001024,3.2719359999999997,,0.038655999999999996,0.15616,0,0.136704,0.004608,0.0025599999999999998,,0.012288,,2.310656,13222,10360,549,10.870198999999957
13223,318.20030960175734,277584992398,1,8.6916033178567886,8.3586,8.210944,1.8786,15899,0.001024,3.1933439999999997,,0.040959999999999996,0.15564799999999998,0,0.13696,0.008192,0.009472,,0.0048639999999999994,,1.7469439999999998,13223,10361,549,10.879085500000201
13224,318.208310600907,277585075984,1,8.0009987577795982,8.0083,8.662784,1.8197,16387,0.001024,3.19872,,0.041471999999999995,0.157184,0.000256,0.136704,0.0076799999999999993,0.0097279999999999988,,0.005632,,2.18496,13224,10362,549,10.887278700000024
13225,318.21649370039682,277585156067,1,8.1830993294715881,8.1401,7.994368,2.4051,15899,0.001024,3.292928,,0.036351999999999995,0.165632,0,0.145664,0.0084479999999999989,0.0097279999999999988,,0.005376,,1.7484799999999998,13225,10363,549,10.895081799999843
13226,318.2244285997732,277585237468,1,7.9348990693688393,8.7926,8.159488,1.9658,16387,0.001024,3.2913919999999997,,0.038655999999999996,0.15692799999999998,0,0.138752,0.007936,0.0097279999999999988,,0.0048639999999999994,,2.088192,13226,10364,549,10.903334500000256
13227,318.23271290391153,277585325394,1,8.284304291009903,8.2743,7.907584,2.0245,15899,0.001024,3.2350719999999997,,0.044544,0.152832,0,0.13312,0.007424,0.009472,,0.005376,,1.9141119999999998,13227,10365,549,10.911482399999841
13228,318.24091699971655,277585408137,1,8.2040959969162941,7.7963,8.263424,2.023,16387,0.001024,3.1892479999999996,,0.041471999999999995,0.155392,0,0.133632,0.0076799999999999993,0.009472,,0.004352,,2.1027839999999998,13228,10366,549,10.920039699999961
13229,318.24895960175735,277585486100,1,8.0426018685102463,8.1862,8.066048,1.8667,15899,0.001024,3.2386559999999998,,0.040448,0.15564799999999998,0,0.136192,0.0076799999999999993,0.009472,,0.004096,,1.965312,13229,10367,549,10.928041699999994
13230,318.25694280045349,277585567962,1,7.9831983894109726,8.1765,8.146176,2.0716,16734,0.001024,3.272704,,0.039936,0.16358399999999998,0,0.142848,0.0076799999999999993,0.009984,,0.005632,,1.968384,13230,10368,549,10.938218499999948
13231,318.26537290249433,277585649727,1,8.4301019087433815,8.5109,7.959552,1.9198,16387,0.001024,3.288064,,0.035328,0.161792,0.000256,0.141824,0.0076799999999999993,0.011007999999999999,,0.0051199999999999996,,2.0889599999999997,13231,10369,549,10.944184500000119
13232,318.27315510204079,277585734836,1,7.7821994200348854,8.0001,8.4096,2.2568,15899,0.001024,3.1733759999999998,,0.040959999999999996,0.163072,0,0.14438399999999998,0.0076799999999999993,0.009984,,0.004352,,1.7638399999999999,13232,10370,549,10.952006699999856
13233,318.28115350056686,277585814837,1,7.9983985051512718,10.1338,7.764736,1.9197,16387,0.001024,3.2345599999999997,,0.038655999999999996,0.157184,0.000256,0.137984,0.003328,0.009984,,0.0048639999999999994,,2.0369919999999997,13233,10371,549,10.959873100000095
13234,318.2892266014739,277585916175,1,8.073100820183754,6.0927,7.979264,1.9132,15899,0.001024,3.293952,,0.041984,0.17664,0,0.134912,0.011519999999999999,0.0097279999999999988,,0.004352,,1.945344,13234,10372,549,10.968186900000092
13235,318.29751889880953,277585977102,1,8.292296901345253,7.7583,8.053248,1.9186,16387,0.001024,3.29088,,0.044288,0.14976,0,0.12953599999999998,0.006912,0.009472,,0.004096,,2.066688,13235,10373,549,10.976106399999935
13236,318.305697002551,277586054685,1,8.17810371518135,7.8608,8.279552,1.7971,15899,0.0012799999999999999,3.2399359999999997,,0.040192,0.15462399999999998,0.000256,0.134912,0.003328,0.009472,,0.004096,,1.747968,13236,10374,549,10.984688900000037
13237,318.31342430555554,277586133293,1,7.7273030765354633,8.376,8.153088,1.7431,16387,0.0012799999999999999,3.2737279999999997,,0.033791999999999996,0.162816,0,0.14438399999999998,0.008192,0.010239999999999999,,0.0048639999999999994,,2.312448,13237,10375,549,10.991971400000239
13238,318.32155400368481,277586217053,1,8.1296982243657112,7.9621,7.701248,1.9334,15899,0.001024,3.176704,,0.036608,0.160512,0.000256,0.140544,0.0076799999999999993,0.010239999999999999,,0.004608,,1.9479039999999999,13238,10376,549,11.000119000000268
13239,318.32951810515874,277586296674,1,7.9641016200184822,8.2983,8.091904,1.876,16387,0.001024,3.2363519999999997,,0.03968,0.162816,0.000256,0.141824,0.007936,0.010239999999999999,,0.003584,,2.3434239999999997,13239,10377,549,11.007949100000133
13240,318.33747610544219,277586379657,1,7.9580005258321762,7.571,7.977984,1.854,15899,0.001024,3.176704,,0.037376,0.157696,0,0.134912,0.0076799999999999993,0.009472,,0.005632,,1.993728,13240,10378,549,11.016293399999995
13241,318.3455571003401,277586455367,1,8.0809947103261948,8.1146,7.934464,1.8166,16582,0.001024,3.273984,,0.040704,0.15616,0,0.13644799999999999,0.007936,0.009216,,0.005632,,1.948416,13241,10379,549,11.0242317000002
13242,318.35376180555556,277586536513,1,8.2047050818800926,7.8837,8.06272,1.946,16101,0.001024,3.2332799999999997,,0.038911999999999995,0.169984,0,0.139008,0.0038399999999999997,0.0097279999999999988,,0.0038399999999999997,,2.079744,13242,10380,549,11.032336700000087
13243,318.36159370039684,277586615350,1,7.8318947926163673,8.2419,8.178688,1.7611,16387,0.001024,3.237888,,0.040704,0.15616,0.000256,0.136704,0.003584,0.009472,,0.0038399999999999997,,1.746688,13243,10381,549,11.040158199999951
13244,318.36926640447842,277586697769,1,7.6727042905986309,7.9965,7.81184,1.8554,15899,0.001024,3.188992,,0.039424,0.159744,0,0.141312,0.012032,0.0097279999999999988,,0.004352,,2.1928959999999997,13244,10382,549,11.048051300000225
13245,318.37729000141724,277586777734,1,8.0235973000526428,8.0654,7.658496,1.8048,16439,0.001024,3.292416,,0.03584,0.158208,0,0.135424,0.012544,0.010239999999999999,,0.0051199999999999996,,1.9345919999999999,13245,10383,549,11.055992600000081
13246,318.38520340136051,277586858388,1,7.9133994877338409,7.8946,8.00512,2.0003,15899,0.001024,3.1009279999999997,,0.040448,0.156416,0,0.136704,0.007424,0.0097279999999999988,,0.004096,,2.095104,13246,10384,549,11.063890400000219
13247,318.39316810515874,277586937334,1,7.9647041857242584,7.8232,7.901952,1.875,16387,0.0012799999999999999,3.188992,,0.03712,0.156416,0,0.13696,0.007936,0.0097279999999999988,,0.005632,,1.7456639999999999,13247,10385,549,11.071653900000001
13248,318.40103730158728,277587015566,1,7.8691961243748665,7.9088,7.935744,1.774,15899,0.001024,3.172096,,0.041215999999999996,0.165632,0,0.138752,0.0038399999999999997,0.0097279999999999988,,0.004096,,2.139904,13248,10386,549,11.079678500000227
13249,318.40914250283447,277587094654,1,8.1052016466856,7.972,7.858432,1.7702,16387,0.001024,3.195648,,0.03584,0.156416,0,0.13747199999999998,0.0076799999999999993,0.009984,,0.003328,,2.041856,13249,10387,549,11.087825900000098
13250,318.41709060374149,277587174374,1,7.9481005668640137,7.7927,8.077568,1.8548,15899,0.001024,3.24096,,0.038911999999999995,0.15488,0,0.134656,0.0076799999999999993,0.009472,,0.004352,,1.746688,13250,10388,549,11.096092799999951
13251,318.42544580498867,277587252301,1,8.3552012220025063,7.9607,7.924224,1.7822,23021,0.001024,3.2767999999999997,,0.039168,0.163072,0,0.13568,0.012288,0.009984,,0.005376,,2.1027839999999998,13251,10389,549,11.10399150000012
13252,318.43327940051017,277587331908,1,7.8335953876376152,8.2088,8.34432,1.8024,15899,0.001024,3.2368639999999997,,0.040959999999999996,0.154368,0,0.13312,0.006656,0.0097279999999999988,,0.005376,,2.04672,13252,10390,549,11.111957099999927
13253,318.441111401644,277587413996,1,7.8320009633898735,7.8524,7.808512,1.8975,16387,0.001024,3.1751679999999998,,0.034816,0.181248,0.000256,0.16255999999999998,0.0038399999999999997,0.009216,,0.004352,,2.2013439999999997,13253,10391,549,11.119616899999983
13254,318.44883669926304,277587492520,1,7.7252974733710289,8.3001,7.82208,1.8597,15899,0.001024,3.237888,,0.040959999999999996,0.156672,0.000256,0.13696,0.003584,0.0097279999999999988,,0.0051199999999999996,,1.747456,13254,10392,549,11.127341100000194
13255,318.45721879960314,277587575521,1,8.3821006119251251,7.9342,7.699968,1.7936,16589,0.001024,3.2901119999999997,,0.040192,0.157184,0,0.137984,0.007424,0.010239999999999999,,0.004608,,1.9394559999999998,13255,10393,549,11.135868200000004
13256,318.46530940334463,277587654863,1,8.0906040966510773,7.7126,8.362496,1.7523,15899,0.001024,3.288064,,0.042496,0.15744,0.000256,0.13747199999999998,0.007424,0.010496,,0.005632,,2.063616,13256,10394,549,11.143904900000052
13257,318.47329090136054,277587731989,1,7.9814977943897247,7.681,8.057856,1.9269,16387,0.001024,3.1764479999999997,,0.043008,0.158976,0.000256,0.140032,0.008192,0.009216,,0.004096,,2.080256,13257,10395,549,11.151834100000087
13258,318.48123860544217,277587808799,1,7.9477038234472275,8.5363,7.976448,1.8032,15899,0.001024,3.29472,,0.036608,0.1536,0.000256,0.13516799999999998,0.003584,0.010239999999999999,,0.004096,,2.27968,13258,10396,549,11.159926799999994
13259,318.48921130243764,277587894162,1,7.9726967960596085,8.0342,7.936256,1.811,16387,0.001024,3.23712,,0.040959999999999996,0.15616,0.000256,0.135936,0.0076799999999999993,0.0097279999999999988,,0.0048639999999999994,,1.93536,13259,10397,549,11.167890799999896
13260,318.49735359977325,277587974504,1,8.14229715615511,7.9159,7.9488,2.0009,16094,0.001024,3.286784,,0.039168,0.16025599999999998,0,0.141056,0.011264,0.009984,,0.005376,,2.0605439999999997,13260,10398,549,11.175962100000106
13261,318.50546540532878,277588053663,1,8.1118056550621986,8.0052,8.115712,1.8132,16387,0.0012799999999999999,3.1933439999999997,,0.03968,0.159488,0,0.133376,0.0076799999999999993,0.0097279999999999988,,0.0048639999999999994,,1.747456,13261,10399,549,11.184131500000149
13262,318.51311349914965,277588133715,1,7.64809362590313,8.076,8.091904,1.9096,15899,0.001024,3.2701439999999997,,0.039424,0.158208,0,0.135936,0.007936,0.010496,,0.003328,,2.294272,13262,10400,549,11.191628300000048
13263,318.52065960175736,277588214475,1,7.5461026281118393,7.9982,7.569408,1.7797,16387,0.001024,3.29472,,0.038144,0.160512,0.000256,0.141568,0.005888,0.008704,,0.0048639999999999994,,1.92,13263,10401,549,11.1991794999999
13264,318.52864029903628,277588294457,1,7.9806968569755554,8.2424,7.593984,1.7681,15899,0.001024,3.22688,,0.03968,0.16255999999999998,0,0.144128,0.007424,0.009984,,0.004352,,1.9358719999999998,13264,10402,549,11.207169000000249
13265,318.53649220521538,277588376881,1,7.85190612077713,7.4613,7.962112,1.7871,16387,0.001024,3.182336,,0.041215999999999996,0.15744,0,0.13824,0.0038399999999999997,0.009472,,0.004608,,1.747456,13265,10403,549,11.214903600000071
13266,318.54423910147392,277588451494,1,7.7468962408602238,7.5767,7.821568,1.7932,15899,0.001024,3.1808,,0.0448,0.149504,0,0.130304,0.007424,0.0097279999999999988,,0.0048639999999999994,,1.950208,13266,10404,549,11.222889499999837
13267,318.55234320436506,277588527261,1,8.104102686047554,7.9934,7.728896,1.7062,16589,0.001024,3.17312,,0.035584,0.158464,0,0.140288,0.003584,0.009984,,0.004352,,2.199296,13267,10405,549,11.230862100000195
13268,318.56050620039679,277588607195,1,8.1629958003759384,7.7713,8.084224,1.853,15899,0.001024,3.293952,,0.040704,0.162816,0,0.14310399999999998,0.0038399999999999997,0.011264,,0.004096,,1.746176,13268,10406,549,11.239206900000227
13269,318.56833430413832,277588684908,1,7.8281033784151077,7.9173,8.15104,1.7949,16387,0.314112,3.2834559999999997,,0.038911999999999995,0.16153599999999999,0,0.141312,0.0076799999999999993,0.010239999999999999,,0.0051199999999999996,,2.075904,13269,10407,549,11.246887199999946
13270,318.57674119897956,277588764081,1,8.406895212829113,7.9916,7.806976,1.834,15899,0.001024,3.185664,,0.03968,0.16614399999999999,0,0.142336,0.0076799999999999993,0.010752,,0.0051199999999999996,,1.9558399999999998,13270,10408,549,11.255849099999978
13271,318.58448020124717,277588843997,1,7.739002350717783,8.2848,8.386816,1.966,16439,0.0012799999999999999,3.270656,,0.041984,0.15923199999999998,0,0.13952,0.0076799999999999993,0.0097279999999999988,,0.0048639999999999994,,2.088192,13271,10409,549,11.263120500000241
13272,318.59251510062359,277588926845,1,8.0348998308181763,7.7632,7.72096,2.092,15899,0.001024,3.105024,,0.041984,0.156416,0,0.13747199999999998,0.0038399999999999997,0.0097279999999999988,,0.0051199999999999996,,2.091264,13272,10410,549,11.271121799999946
13273,318.60054190051017,277589004477,1,8.0268001183867455,8.846,8.018688,1.7839,16387,0.001024,3.17696,,0.041215999999999996,0.154368,0,0.13414399999999999,0.005376,0.0097279999999999988,,0.0051199999999999996,,1.9548159999999999,13273,10411,549,11.279187000000093
13274,318.60899140447845,277589092937,1,8.4495041519403458,7.3713,8.015104,1.745,15899,0.001024,3.2704,,0.04224,0.15692799999999998,0,0.13696,0.0076799999999999993,0.009216,,0.004096,,2.0894719999999998,13274,10412,549,11.287662400000045
13275,318.61682760062359,277589166650,1,7.8361965715885162,7.9814,8.415488,1.8604,16387,0.001024,3.297536,,0.037376,0.157696,0,0.13747199999999998,0.007424,0.009984,,0.0051199999999999996,,1.7469439999999998,13275,10413,549,11.295552200000202
13276,318.62469870323127,277589246464,1,7.8711025416851044,8.108,7.826688,1.7492,15899,0.001024,3.2913919999999997,,0.038144,0.16,0,0.14207999999999998,0.009472,0.010239999999999999,,0.004096,,2.0608,13276,10414,549,11.30319129999998
13277,318.63271160005667,277589327544,1,8.012896403670311,8.4569,7.848448,1.848,16387,0.001024,3.179776,,0.036095999999999996,0.15616,0,0.137216,0.003328,0.0097279999999999988,,0.005632,,1.984,13277,10415,549,11.311397200000101
13278,318.64067430555554,277589412113,1,7.9627055674791336,7.8849,8.004608,1.8425,15899,0.001024,3.271168,,0.039936,0.15692799999999998,0,0.13747199999999998,0.007424,0.009984,,0.005376,,2.0736,13278,10416,549,11.319403599999987
13279,318.64901079931974,277589490962,1,8.3364937454462051,7.6305,7.939584,2.0678,16582,0.001024,3.2780799999999997,,0.040192,0.156672,0.000256,0.137216,0.007424,0.0097279999999999988,,0.005376,,1.746432,13279,10417,549,11.327592600000116
13280,318.65691090561222,277589567267,1,7.9001067206263542,8.2064,8.13184,1.838,16101,0.0012799999999999999,3.270656,,0.037888,0.16153599999999999,0,0.142336,0.0076799999999999993,0.010496,,0.003584,,2.0871679999999997,13280,10418,549,11.335584100000233
13281,318.66527280328796,277589649331,1,8.3618974313139915,7.9927,7.88352,1.9305,16387,0.0012799999999999999,3.230976,,0.041471999999999995,0.156672,0,0.136192,0.0076799999999999993,0.0097279999999999988,,0.004352,,1.918464,13281,10419,549,11.343913799999882
13282,318.67305330215419,277589729258,1,7.7804988250136375,8.2267,8.257792,1.8462,15899,0.001024,3.233536,,0.044031999999999995,0.152064,0.000256,0.131328,0.007936,0.0097279999999999988,,0.005632,,2.024704,13282,10420,549,11.351629799999955
13283,318.68120940334467,277589811525,1,8.15610121935606,7.8784,7.844608,1.7612,16387,0.001024,3.232512,,0.039424,0.167424,0,0.148736,0.008704,0.0097279999999999988,,0.004608,,2.11328,13283,10421,549,11.359955100000207
13284,318.68942190334468,277589890309,1,8.2125002518296242,8.4264,8.140032,1.7751,15899,0.006144,3.209472,,0.041984,0.15462399999999998,0,0.134912,0.004096,0.010496,,0.004352,,1.9494399999999998,13284,10422,549,11.368320500000209
13285,318.69740560515874,277589974573,1,7.98370223492384,7.6964,8.19072,2.111,16387,0.001024,3.093248,,0.040192,0.15129599999999999,0,0.131328,0.0076799999999999993,0.007424,,0.006656,,2.111488,13285,10423,549,11.376069899999948
13286,318.70572760062356,277590051537,1,8.321995846927166,8.2532,7.972608,1.9126,15899,0.0012799999999999999,3.28064,,0.03968,0.16383999999999999,0,0.142336,0.005888,0.010239999999999999,,0.004096,,1.74592,13286,10424,549,11.384367300000122
13287,318.7132641014739,277590134069,1,7.5365006923675537,8.3912,8.297984,1.8051,16387,0.001024,3.2384,,0.037632,0.173568,0.000256,0.153856,0.007936,0.009472,,0.004096,,2.456064,13287,10425,549,11.391931699999986
13288,318.7213642998866,277590217981,1,8.1001985818147659,7.8458,7.515136,1.7837,15899,0.001024,3.17312,,0.040448,0.164096,0,0.14540799999999998,0.0076799999999999993,0.010752,,0.005376,,1.955584,13288,10426,549,11.400318299999981
13289,318.72931510062358,277590296439,1,7.9508004710078239,8.2399,8.086784,1.8248,16387,0.0012799999999999999,3.277312,,0.039168,0.160512,0,0.14207999999999998,0.0076799999999999993,0.0097279999999999988,,0.0038399999999999997,,2.0823039999999997,13289,10427,549,11.407861499999854
13290,318.73764670493193,277590378838,1,8.3316043019294739,7.5807,7.930368,1.834,15899,0.001024,3.177984,,0.039424,0.167424,0,0.143872,0.004352,0.009472,,0.0038399999999999997,,1.746432,13290,10428,549,11.416202100000191
13291,318.74534270124713,277590454645,1,7.6959962025284767,8.3843,8.300544,1.7681,16387,0.0012799999999999999,3.173632,,0.037376,0.15001599999999998,0.000256,0.130048,0.007424,0.010496,,0.0051199999999999996,,2.447104,13291,10429,549,11.423905900000136
13292,318.75359379960315,277590538488,1,8.2510979846119881,7.5752,7.69024,1.9425,16101,0.001024,3.196672,,0.041471999999999995,0.168704,0,0.14848,0.0076799999999999993,0.009984,,0.0038399999999999997,,2.029568,13292,10430,549,11.432055700000092
13293,318.76147910289114,277590614240,1,7.8853033483028412,8.2296,8.22656,1.8175,16387,0.001024,3.2430079999999997,,0.040192,0.15129599999999999,0.000256,0.131584,0.007424,0.00896,,0.004096,,1.746688,13293,10431,549,11.4399827000002
13294,318.76907630385489,277590696536,1,7.5972010381519794,7.801,7.850496,1.7201,15899,0.001024,3.192064,,0.036608,0.153856,0,0.135424,0.0076799999999999993,0.009984,,0.003584,,2.205952,13294,10432,549,11.447526899999957
13295,318.77705590277776,277590774546,1,7.9795988276600838,8.1632,7.57504,1.7705,57313,0.001024,3.232512,,0.03584,0.16358399999999998,0.000256,0.144896,0.0076799999999999993,0.010239999999999999,,0.0048639999999999994,,1.955584,13295,10433,549,11.455891900000097
13296,318.78505330215421,277590856178,1,7.9973991960287094,7.9361,7.96544,1.8145,46099,0.001024,3.102976,,0.037376,0.157696,0,0.13824,0.003328,0.010239999999999999,,0.0038399999999999997,,2.076416,13296,10434,549,11.463684599999851
13297,318.79343880385488,277590935539,1,8.38550180196762,7.4952,7.984128,1.9594,16387,0.001024,3.24224,,0.03968,0.16255999999999998,0,0.142592,0.007424,0.009472,,0.004608,,1.746176,13297,10435,549,11.472016499999881
13298,318.80107100340138,277591010491,1,7.6321996748447418,8.2544,8.36864,1.8521,18643,0.001024,3.294464,,0.03712,0.153088,0,0.13312,0.0076799999999999993,0.009472,,0.004096,,1.9558399999999998,13298,10436,549,11.479705100000047
13299,318.80927520549886,277591093035,1,8.2042021676898,7.9061,7.602944,1.8473,16387,0.001024,3.178496,,0.033791999999999996,0.358912,0.000256,0.14438399999999998,0.0063999999999999994,0.009472,,0.004352,,2.076672,13299,10437,549,11.487809300000208
13300,318.81689820011337,277591172096,1,7.6229944825172424,8.3506,8.182272,1.949,15899,0.0012799999999999999,3.273472,,0.040192,0.154112,0,0.133888,0.0076799999999999993,0.009984,,0.004096,,2.022144,13300,10438,549,11.495470800000021
13301,318.82505740504536,277591255602,1,8.1592053174972534,7.6722,7.6032,1.754,16387,0.001024,3.100672,,0.037376,0.175616,0.000256,0.157184,0.0038399999999999997,0.0097279999999999988,,0.004608,,2.030592,13301,10439,549,11.503581100000247
13302,318.83301580215419,277591332324,1,7.9583972692489624,8.1151,8.137728,1.8533,15899,0.001024,3.2755199999999998,,0.040192,0.151552,0.000256,0.132352,0.003328,0.009472,,0.0048639999999999994,,2.214912,13302,10440,549,11.51171740000018
13303,318.84093660005669,277591413475,1,7.9207979142665863,7.5832,7.94624,1.7403,16387,0.001024,3.102208,,0.040448,0.153088,0,0.133376,0.007424,0.0097279999999999988,,0.0048639999999999994,,2.10304,13303,10441,549,11.51958999999988
13304,318.84888610402493,277591489307,1,7.9495040699839592,8.1732,7.68384,1.8034,15899,0.0012799999999999999,3.2394239999999996,,0.040192,0.154112,0,0.134656,0.007168,0.0097279999999999988,,0.004608,,1.7454079999999998,13304,10442,549,11.527592400000231
13305,318.85654860402491,277591571039,1,7.6624997891485691,8.1597,7.958016,1.7899,48707,0.001024,3.234048,,0.275456,0.15462399999999998,0,0.1344,0.007424,0.009472,,0.0051199999999999996,,2.048512,13305,10443,549,11.535543500000131
13306,318.86492570153058,277591652636,1,8.37709754705429,7.826,7.642368,1.826,15899,0.001024,3.166464,,0.038911999999999995,0.169728,0,0.15103999999999998,0.003584,0.009984,,0.003584,,2.019328,13306,10444,549,11.543540300000132
13307,318.87283290107706,277591730896,1,7.9071996733546257,7.9315,8.364032,1.9543,16387,0.001024,3.1782399999999997,,0.039424,0.150784,0,0.13055999999999998,0.0038399999999999997,0.009984,,0.0051199999999999996,,1.747456,13307,10445,549,11.551327199999832
13308,318.88074910005668,277591810211,1,7.9161990433931351,8.0156,7.879936,1.7964,15899,0.0012799999999999999,3.2821759999999998,,0.03584,0.151552,0,0.133888,0.0076799999999999993,0.010239999999999999,,0.0038399999999999997,,2.099712,13308,10446,549,11.559392600000137
13309,318.88855500283444,277591890367,1,7.8059029765427113,8.0618,7.895296,1.7623,16387,0.001024,3.235328,,0.040448,0.1536,0,0.13414399999999999,0.007424,0.009472,,0.0038399999999999997,,1.97376,13309,10447,549,11.567357800000082
13310,318.89659199971652,277591970985,1,8.03699716925621,7.7999,7.796224,1.7896,33470,0.001024,3.179264,,0.038911999999999995,0.173568,0,0.1344,0.008192,0.009472,,0.004352,,2.03264,13310,10448,549,11.575638899999831
13311,318.90486709892286,277592048984,1,8.2750990986824036,8.0027,7.962112,1.8988,30772,0.217856,3.1879679999999997,,0.039424,0.152576,0.000256,0.13312,0.007424,0.0097279999999999988,,0.0038399999999999997,,1.7469439999999998,13311,10449,549,11.583377899999959
13312,318.9128985048186,277592129011,1,8.031405508518219,8.0443,8.29824,2.4086,15899,0.001024,3.2688639999999998,,0.036608,0.15462399999999998,0.000256,0.134656,0.004608,0.011007999999999999,,0.0038399999999999997,,2.201088,13312,10450,549,11.591479300000174
13313,318.92115340136053,277592209454,1,8.2548968493938446,8.2097,7.999488,1.7183,16387,0.0012799999999999999,3.26912,,0.0448,0.16127999999999998,0,0.141568,0.0076799999999999993,0.012288,,0.004608,,1.956608,13313,10451,549,11.599968600000011
13314,318.92917490079361,277592291551,1,8.0214990302920341,7.7492,8.250112,1.8775,22533,0.001024,3.2883199999999997,,0.037632,0.15744,0,0.137728,0.0076799999999999993,0.009472,,0.005376,,2.098944,13314,10452,549,11.607661000000007
13315,318.93744790249434,277592369043,1,8.27300176024437,8.1268,7.996928,1.7334,16387,0.001024,3.1910399999999997,,0.04224,0.16127999999999998,0,0.141568,0.0076799999999999993,0.010239999999999999,,0.004608,,1.7469439999999998,13315,10453,549,11.61610440000004
13316,318.94549280045351,277592450311,1,8.0448975786566734,8.1746,8.254208,1.719,33470,0.001024,3.236608,,0.040448,0.161024,0,0.138752,0.008192,0.010496,,0.0051199999999999996,,2.2963199999999997,13316,10454,549,11.624239400000079
13317,318.95358500566891,277592532057,1,8.0922050401568413,7.9964,8.030208,1.7726,31169,0.001024,3.281152,,0.035072,0.157696,0,0.139264,0.007936,0.009984,,0.004352,,2.0441599999999998,13317,10455,549,11.6320482000001
13318,318.96130700113378,277592612021,1,7.72199546918273,8.3407,8.068864,1.8253,138896,0.001024,3.2767999999999997,,0.039424,0.15692799999999998,0,0.13747199999999998,0.0076799999999999993,0.009472,,0.004352,,1.74592,13318,10456,549,11.640295499999866
13319,318.96916920351475,277592695428,1,7.8622028231620789,8.1771,7.701504,1.752,125672,0.001024,3.1831039999999997,,0.039168,0.1536,0,0.134656,0.003328,0.010239999999999999,,0.004352,,2.08512,13319,10457,549,11.647837600000003
13320,318.97773839994329,277592777199,1,8.5691967979073524,7.9027,7.851776,2.0858,51041,0.0012799999999999999,3.291136,,0.0384,0.16486399999999998,0.000256,0.14540799999999998,0.0076799999999999993,0.010239999999999999,,0.003328,,1.925376,13320,10458,549,11.656516999999894
13321,318.9857325042517,277592856226,1,7.99410417675972,7.9488,8.479744,1.8405,46587,0.001024,3.2919039999999997,,0.03584,0.158464,0.000256,0.139008,0.007424,0.010239999999999999,,0.004608,,2.097664,13321,10459,549,11.664281400000164
13322,318.99386470379818,277592935714,1,8.1321997568011284,7.8202,8.043264,1.9418,33470,0.001024,3.294208,,0.049408,0.15872,0,0.138752,0.0076799999999999993,0.0097279999999999988,,0.004096,,1.947136,13322,10460,549,11.672754799999893
13323,319.00183990221086,277593013916,1,7.9751983284950256,8.5845,8.116992,1.8515,30772,0.001024,3.2714239999999997,,0.040448,0.153088,0.000256,0.13312,0.0076799999999999993,0.009472,,0.004608,,2.206976,13323,10461,549,11.680586400000266
13324,319.00986969954647,277593099761,1,8.0297971144318581,7.889,7.95648,2.1516,15899,0.001024,3.289856,,0.039168,0.155392,0,0.13516799999999998,0.011264,0.0097279999999999988,,0.0051199999999999996,,1.7484799999999998,13324,10462,549,11.688416299999972
13325,319.01767120181404,277593178651,1,7.8015024773776531,8.1883,8.00768,1.7984,16387,0.001024,3.2386559999999998,,0.038655999999999996,0.173312,0,0.130816,0.0076799999999999993,0.0097279999999999988,,0.004096,,2.023168,13325,10463,549,11.696237399999973
13326,319.02540800028345,277593260534,1,7.7367983758449554,8.1042,7.785216,1.9285,15899,0.001024,3.234816,,0.043519999999999996,0.15692799999999998,0,0.138752,0.007424,0.009984,,0.004352,,1.9968,13326,10464,549,11.704315899999983
13327,319.03345300453515,277593341576,1,8.0450046807527542,7.7669,7.714304,1.934,16387,0.001024,3.0960639999999997,,0.039168,0.163328,0,0.144128,0.0038399999999999997,0.0097279999999999988,,0.0048639999999999994,,1.953536,13327,10465,549,11.71204970000008
13328,319.04185030470518,277593419245,1,8.39729979634285,7.8697,8.027392,1.9322,15899,0.001024,3.2750079999999997,,0.038911999999999995,0.162048,0,0.142848,0.007424,0.0097279999999999988,,0.004096,,2.197504,13328,10466,549,11.720534999999927
13329,319.0500799036281,277593497942,1,8.2295993342995644,8.0561,8.306944,1.8742,16589,0.23936,3.275264,,0.039424,0.15564799999999998,0,0.13696,0.0076799999999999993,0.010752,,0.004096,,1.74592,13329,10467,549,11.729068500000267
13330,319.05793770549883,277593578503,1,7.8578023239970207,7.7781,8.28032,1.9417,15899,0.001024,3.18464,,0.038911999999999995,0.15744,0,0.137728,0.003328,0.009984,,0.004096,,2.558208,13330,10468,549,11.736571500000082
13331,319.06615710034015,277593656284,1,8.2193948328495026,8.4208,7.839488,2.2352,16387,0.001024,3.2913919999999997,,0.043264,0.167936,0,0.14310399999999998,0.004096,0.009472,,0.004352,,1.747712,13331,10469,549,11.745239700000184
13332,319.07453160430839,277593740492,1,8.3745038136839867,8.2659,8.19456,1.9044,15899,0.001024,3.249152,,0.038655999999999996,0.367616,0,0.13414399999999999,0.0097279999999999988,0.009472,,0.0051199999999999996,,2.082816,13332,10470,549,11.753127500000119
13333,319.082089399093,277593823151,1,7.5577949173748493,7.7559,8.354048,1.954,16387,0.001024,3.2895999999999996,,0.038655999999999996,0.156416,0,0.13644799999999999,0.007424,0.009472,,0.004096,,2.113536,13333,10471,549,11.76101349999999
13334,319.09026580215419,277593900710,1,8.1764031201601028,8.6531,7.539968,1.8932,15899,0.0012799999999999999,3.269376,,0.035328,0.159744,0.000256,0.141056,0.012544,0.009216,,0.0048639999999999994,,1.915392,13334,10472,549,11.768914100000075
13335,319.09877920209749,277593987241,1,8.5134003311395645,7.9202,8.157952,1.9152,33958,0.0012799999999999999,3.23712,,0.041728,0.15334399999999998,0.000256,0.133376,0.007424,0.0097279999999999988,,0.005632,,1.976832,13335,10473,549,11.777707100000043
13336,319.10650639880953,277594066443,1,7.7271969057619572,7.886,8.492544,1.9192,30479,0.001024,3.2337919999999998,,0.041215999999999996,0.156672,0.000256,0.13568,0.0076799999999999993,0.009984,,0.0048639999999999994,,2.2195199999999997,13336,10474,549,11.785102599999846
13337,319.11480310374151,277594145303,1,8.2967048510909081,7.9123,7.710464,1.9362,16387,0.001024,3.2319999999999998,,0.033535999999999996,0.15744,0,0.13849599999999998,0.0076799999999999993,0.0097279999999999988,,0.003584,,2.010624,13337,10475,549,11.793941700000232
13338,319.12279310515873,277594224426,1,7.9900017008185387,8.7337,8.277248,1.9002,15899,0.0012799999999999999,3.299328,,0.04224,0.15103999999999998,0,0.13055999999999998,0.007424,0.0097279999999999988,,0.005376,,1.955328,13338,10476,549,11.801346400000057
13339,319.13149370039679,277594311763,1,8.7005952373147011,7.4232,7.970816,2.0099,16387,0.001024,3.2780799999999997,,0.038144,0.155904,0,0.13644799999999999,0.003328,0.012288,,0.0048639999999999994,,2.0369919999999997,13339,10477,549,11.810023099999853
13340,319.13944780328796,277594385995,1,7.95410294085741,8.9078,8.68736,1.829,15899,0.0012799999999999999,3.2931839999999997,,0.038144,0.15616,0,0.13644799999999999,0.007424,0.0097279999999999988,,0.0038399999999999997,,2.112768,13340,10478,549,11.818031899999824
13341,319.14789530187073,277594475073,1,8.4474990144371986,7.3823,7.93472,1.8257,16387,0.001024,3.231232,,0.045056,0.16127999999999998,0.000256,0.142336,0.007936,0.009984,,0.004608,,2.037248,13341,10479,549,11.826423599999998
13342,319.1555825042517,277594548896,1,7.68720218911767,8.6568,8.430336,1.9433,29552,0.001024,3.280128,,0.041215999999999996,0.150528,0,0.131072,0.007424,0.00896,,0.0048639999999999994,,1.74592,13342,10480,549,11.834050299999944
13343,319.16356770124713,277594635464,1,7.9851970076560974,8.0124,7.654912,1.7834,16387,0.0012799999999999999,3.232256,,0.033535999999999996,0.156672,0,0.137728,0.005376,0.009984,,0.004608,,2.01344,13343,10481,549,11.842320900000232
13344,319.17163579931969,277594715588,1,8.06809775531292,8.4279,7.961088,1.743,15899,0.001024,3.2319999999999998,,0.03584,0.158208,0,0.13952,0.0076799999999999993,0.009984,,0.004608,,2.234368,13344,10482,549,11.850440799999888
13345,319.1795159013605,277594799867,1,7.8801019117236137,7.6163,8.053248,1.8661,16387,0.001024,3.1946239999999997,,0.038655999999999996,0.174848,0,0.133632,0.004352,0.0097279999999999988,,0.0051199999999999996,,2.1143039999999997,13345,10483,549,11.858134200000222
13346,319.18711650368482,277594876030,1,7.6006022281944752,8.2838,7.871232,2.0732,15951,0.0012799999999999999,3.2737279999999997,,0.040192,0.15488,0,0.134912,0.004352,0.0038399999999999997,,0.0097279999999999988,,1.9463679999999999,13346,10484,549,11.865764399999989
13347,319.1953392998866,277594958868,1,8.2227960228919983,8.0861,7.579136,1.7783,16387,0.001024,3.095296,,0.03968,0.15692799999999998,0.000256,0.137216,0.004608,0.001024,,0.012799999999999999,,1.9394559999999998,13347,10485,549,11.874050700000225
13348,319.20313440334468,277595039729,1,7.79510335996747,7.7305,8.2048,2.0125,15899,0.001024,3.288576,,0.041728,0.157696,0,0.13824,0.0076799999999999993,0.010239999999999999,,0.0038399999999999997,,2.251776,13348,10486,549,11.881727699999828
13349,319.21185440051022,277595117034,1,8.7199974805116653,7.5659,7.766784,1.9682,22171,0.001024,3.188224,,0.041728,0.160512,0,0.139264,0.007936,0.0097279999999999988,,0.004608,,1.7456639999999999,13349,10487,549,11.890456399999948
13350,319.21946699971653,277595192693,1,7.6125990599393845,8.3461,8.710656,1.7904,15899,0.001024,3.191808,,0.033535999999999996,0.16153599999999999,0,0.142336,0.0038399999999999997,0.009984,,0.0038399999999999997,,1.7454079999999998,13350,10488,549,11.898193399999855
13351,319.22735300453513,277595276154,1,7.8860046342015266,7.6456,7.602432,1.8581,22316,0.001024,3.2895999999999996,,0.038655999999999996,0.16,0,0.140544,0.006656,0.002304,,0.011519999999999999,,1.953536,13351,10489,549,11.905938700000206
13352,319.2354776006236,277595352610,1,8.1245964393019676,8.7429,7.86432,1.7813,15899,0.0012799999999999999,3.29472,,0.041728,0.15744,0,0.137728,0.007936,0.010239999999999999,,0.004352,,2.071808,13352,10490,549,11.914041800000177
13353,319.243597002551,277595440039,1,8.1194015219807625,7.7005,8.114176,1.8233,16387,0.001024,3.275264,,0.039168,0.154368,0,0.13516799999999998,0.0076799999999999993,0.009472,,0.004352,,1.747712,13353,10491,549,11.922203300000092
13354,319.25144690334469,277595517044,1,7.849900983273983,7.7885,8.081408,1.777,60067,0.001024,3.273472,,0.039168,0.15462399999999998,0,0.13568,0.0076799999999999993,0.009984,,0.003328,,2.1747199999999998,13354,10492,549,11.930484500000148
13355,319.25959840561222,277595594929,1,8.1515023484826088,8.0837,7.831296,1.9603,28440,0.001024,3.275776,,0.039936,0.158208,0.000256,0.138752,0.007424,0.009984,,0.0051199999999999996,,1.747968,13355,10493,549,11.938148000000183
13356,319.26721230158728,277595675766,1,7.6138959266245365,8.0769,8.132096,1.8633,15899,0.001024,3.183872,,0.035072,0.161792,0.000256,0.142336,0.009472,0.002816,,0.011776,,2.158336,13356,10494,549,11.945740200000273
13357,319.27577370323127,277595756535,1,8.5614016279578209,8.3537,7.595776,1.8427,16387,0.001024,3.095296,,0.038655999999999996,0.16486399999999998,0,0.145664,0.007936,0.010239999999999999,,0.0048639999999999994,,2.020352,13357,10495,549,11.954497300000185
13358,319.28361470379815,277595840072,1,7.8410003334283829,7.7149,8.552448,1.8199,15899,0.001024,3.294464,,0.03968,0.152064,0.000256,0.13312,0.003584,0.0097279999999999988,,0.0048639999999999994,,2.236928,13358,10496,549,11.962275700000191
13359,319.29153929988661,277595917221,1,7.9245958477258682,7.5796,7.809792,1.8109,22316,0.001024,3.23584,,0.038655999999999996,0.165632,0.000256,0.144896,0.004608,0.009984,,0.0038399999999999997,,2.106112,13359,10497,549,11.969999299999927
13360,319.29982730300452,277595993017,1,8.2880035042762756,8.6736,7.902464,1.8309,15899,0.001024,3.276032,,0.03968,0.153856,0.000256,0.134912,0.007424,0.010752,,0.0048639999999999994,,1.7471999999999999,13360,10498,549,11.978494800000135
13361,319.30771699971655,277596079753,1,7.8896963968873024,7.8362,8.270336,1.7053,16387,0.001024,3.292672,,0.03968,0.157184,0,0.131328,0.007936,0.009216,,0.005632,,2.3948799999999997,13361,10499,549,11.986168299999918
13362,319.3157875,277596158115,1,8.0705005675554276,7.7762,7.872,1.8828,15899,0.0012799999999999999,3.172096,,0.041984,0.156416,0,0.13644799999999999,0.011519999999999999,0.000512,,0.013312,,2.166528,13362,10500,549,11.994291200000134
13363,319.32387360402493,277596235877,1,8.0861039459705353,8.4,8.051712,1.7636,16387,0.001024,3.1959039999999996,,0.03584,0.158464,0,0.139264,0.007424,0.0097279999999999988,,0.005632,,2.100736,13363,10501,549,12.002476300000126
13364,319.33154569869612,277596319877,1,7.6720947399735451,7.7377,8.077824,1.7398,15899,0.001024,3.1884799999999998,,0.039168,0.15616,0,0.136704,0.0076799999999999993,0.010496,,0.0048639999999999994,,2.1824,13364,10502,549,12.010417699999834
13365,319.33946220238096,277596397254,1,7.9165035858750343,8.1269,7.647488,1.7522,16387,0.001024,3.17312,,0.039424,0.162048,0,0.14207999999999998,0.004608,0.002048,,0.012544,,1.947392,13365,10503,549,12.018051800000194
13366,319.34761879960314,277596478523,1,8.15659761428833,8.2051,7.893504,2.1916,15899,0.001024,3.190528,,0.03712,0.151808,0,0.13312,0.006912,0.010496,,0.004352,,2.200576,13366,10504,549,12.026481200000035
13367,319.35608540249433,277596560574,1,8.4666032344102859,7.8504,8.134144,1.9488,16734,0.001024,3.2985599999999997,,0.041984,0.150784,0,0.131072,0.0076799999999999993,0.009216,,0.005376,,1.744384,13367,10505,549,12.035239100000126
13368,319.36516810515872,277596639078,1,9.0827029198408127,7.7044,8.442112,1.9361,15899,0.001024,3.29344,,0.041215999999999996,0.15231999999999998,0,0.132608,0.007424,0.009472,,0.0048639999999999994,,2.18368,13368,10506,549,12.044146700000056
13369,319.373385303288,277596716122,1,8.2171978428959846,8.3937,9.067264,2.0502,16387,0.001024,3.1866879999999997,,0.035328,0.156672,0,0.13747199999999998,0.008704,0.000256,,0.013824,,1.9968,13369,10507,549,12.051991000000271
13370,319.38165700113376,277596800059,1,8.2716979086399078,8.5808,8.206592,1.9054,15899,0.001024,3.230464,,0.039168,0.1536,0,0.13568,0.0038399999999999997,0.00896,,0.0048639999999999994,,2.233856,13370,10508,549,12.060400899999877
13371,319.39001040249434,277596885867,1,8.3534009754657745,9.0341,8.243456,1.8728,16439,0.001024,3.27424,,0.040704,0.153856,0,0.133888,0.007424,0.0097279999999999988,,0.005376,,2.114816,13371,10509,549,12.068669499999942
13372,319.39805140306123,277596976208,1,8.0410009250044823,7.9363,8.347392,1.8674,15899,0.001024,3.2895999999999996,,0.03712,0.152576,0,0.132352,0.007424,0.009984,,0.0038399999999999997,,2.109696,13372,10510,549,12.076607999999851
13373,319.40625539965987,277597055571,1,8.20399634540081,8.3531,8.014592,1.7462,16387,0.001024,3.2936959999999997,,0.041728,0.15462399999999998,0,0.134656,0.007424,0.009472,,0.004096,,1.9343359999999998,13373,10511,549,12.084846799999923
13374,319.41419500425167,277597139102,1,7.9396050423383713,8.316,8.18176,1.7379,16094,0.001024,3.277568,,0.04224,0.15564799999999998,0,0.13516799999999998,0.003584,0.0097279999999999988,,0.004096,,2.402816,13374,10512,549,12.092882299999928
13375,319.42200140306119,277597222262,1,7.806398905813694,7.932,7.927552,1.8111,16387,0.001024,3.2337919999999998,,0.035584,0.155904,0,0.13696,0.007424,0.009984,,0.004352,,1.7487359999999998,13375,10513,549,12.100960000000214
13376,319.42992580073695,277597301582,1,7.9243974760174751,8.1918,7.763968,1.7765,22533,0.001024,3.1808,,0.041728,0.16716799999999998,0,0.141824,0.007936,0.009216,,0.005632,,2.144256,13376,10514,549,12.10861100000011
13377,319.43761550453513,277597383500,1,7.6897037215530872,8.0156,7.912448,1.9206,16387,0.0012799999999999999,3.2732159999999997,,0.041471999999999995,0.162304,0,0.142592,0.0076799999999999993,0.0097279999999999988,,0.0048639999999999994,,1.936896,13377,10515,549,12.116229100000055
13378,319.44566079931974,277597463656,1,8.04529432207346,7.8496,7.682048,1.8612,15899,0.0012799999999999999,3.230976,,0.03584,0.169984,0,0.150272,0.003584,0.009984,,0.004608,,1.932288,13378,10516,549,12.124462199999925
13379,319.45368830073693,277597542152,1,8.0275014042854309,7.9425,8.01152,1.8203,16589,0.001024,3.291136,,0.038655999999999996,0.153088,0,0.133376,0.0076799999999999993,0.009472,,0.004608,,1.746688,13379,10517,549,12.132169200000135
13380,319.46164960317458,277597621577,1,7.9613020643591881,7.5152,8.025088,1.7703,15899,0.001024,3.300096,,0.043008,0.162816,0.000256,0.141056,0.007936,0.009984,,0.004352,,1.7471999999999999,13380,10518,549,12.140143900000112
13381,319.46946349914964,277597696729,1,7.8138960525393486,8.3508,7.932416,1.7968,16387,0.0012799999999999999,3.175424,,0.038911999999999995,0.167424,0,0.144896,0.0076799999999999993,0.010239999999999999,,0.003584,,2.306304,13381,10519,549,12.148015300000225
13382,319.47710410289113,277597780237,1,7.6406039297580719,7.7275,7.803392,1.8155,15899,0.0012799999999999999,3.172096,,0.039936,0.15923199999999998,0.000256,0.140288,0.007424,0.010239999999999999,,0.0048639999999999994,,1.9558399999999998,13382,10520,549,12.155641599999853
13383,319.4852741000567,277597857512,1,8.1699974834918976,7.9236,7.615488,1.8397,16387,0.001024,3.0996479999999997,,0.038655999999999996,0.15231999999999998,0.000256,0.13312,0.012799999999999999,0.009472,,0.005376,,2.079744,13383,10521,549,12.163809300000139
13384,319.4933651998299,277597936748,1,8.0910995602607727,7.8241,8.150784,1.7866,15899,0.182272,3.27424,,0.039936,0.161792,0,0.142336,0.007424,0.011264,,0.0048639999999999994,,1.746432,13384,10522,549,12.171901100000014
13385,319.50163660005666,277598014989,1,8.27139988541603,7.6887,8.069888,1.8901,16387,0.001024,3.228928,,0.03712,0.15334399999999998,0,0.13312,0.007424,0.0097279999999999988,,0.0048639999999999994,,2.212096,13385,10523,549,12.180588499999885
13386,319.50976270549887,277598091876,1,8.1261051818728447,8.1464,8.247552,1.7369,15899,0.001024,3.237376,,0.040959999999999996,0.16153599999999999,0,0.141312,0.0076799999999999993,0.011519999999999999,,0.0038399999999999997,,1.7471999999999999,13386,10524,549,12.188327599999866
13387,319.5173656037415,277598173340,1,7.60289840400219,8.1043,8.109824,1.9173,16387,0.0012799999999999999,3.1933439999999997,,0.03968,0.164608,0,0.145152,0.012544,0,,0.039168,,2.071552,13387,10525,549,12.195919600000252
13388,319.52557110260767,277598254383,1,8.205498568713665,8.7201,7.582976,1.8433,15899,0.001024,3.095552,,0.035328,0.16,0,0.141824,0.005376,0.008704,,0.005888,,2.082816,13388,10526,549,12.204285199999958
13389,319.53342080498862,277598341584,1,7.84970261156559,7.686,8.182784,1.8295,16387,0.001024,3.185664,,0.041215999999999996,0.155904,0,0.136192,0.003584,0.009472,,0.0048639999999999994,,2.047488,13389,10527,549,12.212930600000163
13390,319.54150400368479,277598418444,1,8.08319915086031,7.6173,7.822336,1.8616,15899,0.0012799999999999999,3.2737279999999997,,0.038911999999999995,0.162304,0,0.143872,0.008192,0.009216,,0.004608,,2.1427199999999997,13390,10528,549,12.220328299999892
13391,319.54983990221086,277598494617,1,8.3358986303210258,8.3453,8.066048,2.0266,16589,0.0012799999999999999,3.29472,,0.040704,0.164352,0,0.144128,0.0076799999999999993,0.011007999999999999,,0.0048639999999999994,,1.746176,13391,10529,549,12.228375300000152
13392,319.55767980442175,277598578070,1,7.8399023041129112,8.6542,8.321536,1.8012,15899,0.001024,3.272704,,0.045056,0.151552,0,0.131584,0.007936,0.010239999999999999,,0.0051199999999999996,,2.42816,13392,10530,549,12.236635100000058
13393,319.56565600198411,277598664612,1,7.976197637617588,7.3955,7.825664,2.0153,16582,0.001024,3.23072,,0.036095999999999996,0.16358399999999998,0,0.13568,0.0097279999999999988,0.000512,,0.012799999999999999,,1.9863039999999998,13393,10531,549,12.244842999999946
13394,319.57346150085033,277598738567,1,7.8054987825453281,8.0589,7.938304,1.9189,15899,0.001024,3.279104,,0.039168,0.172032,0,0.15129599999999999,0.0076799999999999993,0.0097279999999999988,,0.003584,,2.030592,13394,10532,549,12.252199399999881
13395,319.58146510062357,277598819156,1,8.0035999417305,8.2519,7.792896,2.0193,16387,0.001024,3.296,,0.038655999999999996,0.149248,0,0.130816,0.007424,0.009984,,0.004608,,2.0175359999999998,13395,10533,549,12.260240800000247
13396,319.58949090136053,277598901675,1,8.025800809264183,8.0493,7.987968,1.8481,15899,0.001024,3.188736,,0.041728,0.15923199999999998,0,0.137984,0.004096,0.0097279999999999988,,0.004096,,1.94816,13396,10534,549,12.268177400000241
13397,319.59750380527208,277598982168,1,8.0129038542509079,7.5136,8.00128,2.1059,16439,0.0012799999999999999,3.184128,,0.038655999999999996,0.166912,0,0.14668799999999999,0.0084479999999999989,0.009472,,0.004096,,2.0592639999999998,13397,10535,549,12.276405500000237
13398,319.60572920209751,277599057304,1,8.2253972068429,7.8842,7.998464,1.8404,15899,0.001024,3.241472,,0.03968,0.15462399999999998,0.000256,0.13516799999999998,0.007424,0.009216,,0.004352,,1.7451519999999998,13398,10536,549,12.284407399999964
13399,319.61320390447844,277599136146,1,7.4747023172676563,8.0517,8.202496,1.8307,16387,0.0012799999999999999,3.17696,,0.0384,0.159488,0.000256,0.13977599999999998,0.0048639999999999994,0.001536,,0.012544,,2.412544,13399,10537,549,12.291975500000262
13400,319.62117220096371,277599216663,1,7.96829629689455,8.2435,7.446784,1.971,15899,0.001024,3.1733759999999998,,0.038911999999999995,0.156416,0.000256,0.13747199999999998,0.007424,0.010239999999999999,,0.0051199999999999996,,1.921536,13400,10538,549,12.299825999999939
13401,319.62937949971655,277599299098,1,8.2072988152503967,8.017,7.964416,2.1914,16387,0.001024,3.269888,,0.039168,0.16127999999999998,0,0.14336,0.0084479999999999989,0.006144,,0.009472,,2.0387839999999997,13401,10539,549,12.308150800000021
13402,319.6373676020408,277599379268,1,7.9881027340888977,7.4667,8.1792,1.8341,15899,0.001024,3.292672,,0.040448,0.15462399999999998,0.000256,0.13312,0.0076799999999999993,0.009984,,0.0051199999999999996,,1.9878399999999998,13402,10540,549,12.316071900000225
13403,319.6453566043084,277599453935,1,7.9890023916959763,7.9765,7.96928,2.1421,16387,0.0012799999999999999,3.2704,,0.038911999999999995,0.17049599999999998,0,0.15103999999999998,0.008192,0.009472,,0.004352,,1.95328,13403,10541,549,12.324174599999878
13404,319.65392149943307,277599533700,1,8.5648950189352036,8.1479,7.969536,2.071,16101,0.001024,3.276032,,0.039168,0.157184,0.000256,0.137728,0.007936,0.010239999999999999,,0.0038399999999999997,,2.035456,13404,10542,549,12.332466400000158
13405,319.66183170351474,277599615179,1,7.9102041199803352,8.0817,8.552448,1.8992,16387,0.001024,3.301376,,0.040959999999999996,0.15616,0,0.13644799999999999,0.011007999999999999,0.0097279999999999988,,0.003584,,1.746176,13405,10543,549,12.340322999999898
13406,319.66957480158732,277599695996,1,7.7430978417396545,8.0977,7.879168,1.8564,21700,0.001024,3.100416,,0.034048,0.157184,0.000256,0.13849599999999998,0.007424,0.010496,,0.0051199999999999996,,2.286848,13406,10544,549,12.34818180000002
13407,319.677644005102,277599776973,1,8.0692032352089882,8.2972,7.722752,1.7317,16387,0.001024,3.23712,,0.03968,0.16819199999999998,0,0.13977599999999998,0.003328,0.009472,,0.004352,,1.959168,13407,10545,549,12.356651300000067
13408,319.68573620323127,277599859945,1,8.092198520898819,7.9186,8.050944,2.3775,15899,0.001024,3.297024,,0.038911999999999995,0.15564799999999998,0.000256,0.135936,0.007424,0.0084479999999999989,,0.006144,,2.0574719999999997,13408,10546,549,12.364244299999882
13409,319.69381120323129,277599939131,1,8.0749997869133949,7.8055,8.076544,1.9047,16387,0.001024,3.235328,,0.040448,0.173056,0.000256,0.14207999999999998,0.008192,0.009984,,0.004608,,1.947136,13409,10547,549,12.3725101
13410,319.70221110402491,277600017186,1,8.39990098029375,8.4885,8.048384,1.9138,15899,0.001024,3.17568,,0.037632,0.151552,0,0.13312,0.003584,0.010239999999999999,,0.0051199999999999996,,2.021632,13410,10548,549,12.380914400000165
13411,319.71045549886622,277600102071,1,8.24439525604248,7.5977,8.380672,1.8841,16387,0.001024,3.303168,,0.03968,0.160768,0,0.141312,0.0076799999999999993,0.011007999999999999,,0.0048639999999999994,,1.747456,13411,10549,549,12.389283500000147
13412,319.718258701814,277600178048,1,7.803203072398901,8.0798,8.217088,2.0602,16094,0.001024,3.181568,,0.039424,0.15795199999999998,0.000256,0.13824,0.008192,0.009472,,0.0051199999999999996,,2.3252479999999998,13412,10550,549,12.396886300000006
13413,319.72594580498867,277600258846,1,7.6871030032634735,8.572,7.78368,1.7756,16387,0.001024,3.2949759999999997,,0.036864,0.16255999999999998,0,0.143616,0.007424,0.009984,,0.003584,,1.9576319999999998,13413,10551,549,12.404400299999907
13414,319.73425459892292,277600344566,1,8.3087943494319916,8.3278,7.668736,1.7801,15899,0.001024,3.1825919999999996,,0.043008,0.172288,0.000256,0.1536,0.007936,0.010239999999999999,,0.0051199999999999996,,1.9476479999999998,13414,10552,549,12.412754599999971
13415,319.74220629960314,277600427844,1,7.9517010599374771,7.6499,8.288,1.7505,16387,0.001024,3.179264,,0.04224,0.15564799999999998,0,0.135936,0.005888,0.010496,,0.005376,,2.112768,13415,10553,549,12.420828599999822
13416,319.75072140022672,277600504343,1,8.5151009261608124,7.5417,7.937536,1.9717,16246,0.001024,3.18464,,0.041215999999999996,0.154368,0.000256,0.13414399999999999,0.0076799999999999993,0.009472,,0.004352,,1.9210239999999998,13416,10554,549,12.429349999999886
13417,319.75884550028343,277600579760,1,8.1241000443696976,8.2635,8.489216,1.7948,16387,0.001024,3.176704,,0.040192,0.153088,0,0.13312,0.0076799999999999993,0.010239999999999999,,0.004608,,1.748224,13417,10555,549,12.437569799999892
13418,319.76681259920633,277600662395,1,7.9670986160635948,8.1625,8.10624,1.7967,15899,0.001024,3.297792,,0.040959999999999996,0.156672,0,0.13696,0.007424,0.009472,,0.0038399999999999997,,1.747456,13418,10556,549,12.445494500000223
13419,319.77519680413832,277600744020,1,8.3842044696211815,8.4699,7.95008,1.8815,16387,0.001024,3.23968,,0.035072,0.16896,0,0.1472,0.007424,0.009984,,0.0038399999999999997,,2.134528,13419,10557,549,12.453992000000198
13420,319.7833310019841,277600828719,1,8.1341974437236786,8.253,8.36352,1.9318,15899,0.001024,3.242496,,0.03712,0.16025599999999998,0.000256,0.140288,0.011264,0.010239999999999999,,0.005632,,2.006784,13420,10558,549,12.462248000000272
13421,319.79123900226756,277600911249,1,7.908000610768795,7.8915,8.113408,2.0739,16387,0.0012799999999999999,3.1866879999999997,,0.039936,0.158208,0,0.133888,0.007936,0.010239999999999999,,0.0051199999999999996,,2.144768,13421,10559,549,12.4697228
13422,319.7992170989229,277600990164,1,7.978096604347229,8.289,7.900672,2.0816,15951,0.001024,3.104256,,0.039936,0.15744,0,0.137216,0.0076799999999999993,0.010239999999999999,,0.004096,,1.7456639999999999,13422,10560,549,12.47783759999993
13423,319.80783600481857,277601073054,1,8.6189061403274536,8.4851,7.963648,1.849,18936,0.0012799999999999999,3.272704,,0.03968,0.15616,0,0.136704,0.007424,0.009984,,0.004352,,2.0223999999999998,13423,10561,549,12.486371899999995
13424,319.81589710175734,277601157905,1,8.0610970035195351,7.4844,8.589312,1.9691,15899,0.001024,3.244032,,0.039936,0.160512,0,0.141312,0.007424,0.011007999999999999,,0.004352,,1.9765759999999999,13424,10562,549,12.494389599999977
13425,319.8240602040816,277601232749,1,8.1631019711494446,8.0955,8.04224,1.8659,16387,0.0012799999999999999,3.2967679999999997,,0.040704,0.153088,0,0.13414399999999999,0.010752,0.009984,,0.004096,,2.056192,13425,10563,549,12.502514400000109
13426,319.83165740504535,277601313704,1,7.5972010381519794,8.5395,8.141056,1.8791,15899,0.001024,3.292928,,0.041728,0.16025599999999998,0,0.13568,0.007424,0.0097279999999999988,,0.003584,,2.134016,13426,10564,549,12.510281200000009
13427,319.83960470521538,277601399099,1,7.947300560772419,7.9947,7.577856,1.8365,16387,0.001024,3.182848,,0.036864,0.162304,0,0.14207999999999998,0.010239999999999999,0,,0.0384,,1.9530239999999999,13427,10565,549,12.518167100000028
13428,319.84779330357139,277601479046,1,8.1885987892746925,8.1861,7.934464,1.9188,15899,0.001024,3.29472,,0.038911999999999995,0.15231999999999998,0.000256,0.133376,0.007936,0.010239999999999999,,0.004352,,2.0654079999999997,13428,10566,549,12.526382999999896
13429,319.85571310232427,277601560907,1,7.9197986051440239,7.6564,8.177408,2.2739,16589,0.001024,3.300608,,0.039424,0.155136,0.000256,0.135424,0.003584,0.0097279999999999988,,0.004096,,1.747712,13429,10567,549,12.534177099999852
13430,319.86357660147394,277601637471,1,7.8634992241859436,8.0006,7.899136,1.7288,15899,0.001024,3.272192,,0.039424,0.150272,0,0.131328,0.0076799999999999993,0.010239999999999999,,0.0051199999999999996,,2.069504,13430,10568,549,12.542437099999916
13431,319.87177390164396,277601717477,1,8.197300136089325,8.1338,7.83744,1.7063,16582,0.001024,3.292416,,0.036864,0.15231999999999998,0.000256,0.133376,0.007424,0.010752,,0.005376,,2.0055039999999997,13431,10569,549,12.550609700000223
13432,319.87980220379819,277601798815,1,8.0283023416996,7.8582,8.181248,1.8797,15899,0.001024,3.299584,,0.039168,0.16358399999999998,0,0.139264,0.0076799999999999993,0.010496,,0.004352,,2.076416,13432,10570,549,12.558591699999852
13433,319.88804720096368,277601877397,1,8.2449968904256821,8.1872,7.96928,1.7772,16387,0.001024,3.1800319999999997,,0.038911999999999995,0.15872,0.000256,0.139008,0.007424,0.009472,,0.0048639999999999994,,1.942272,13433,10571,549,12.566769500000191
13434,319.896076899093,277601959269,1,8.0296983942389488,8.2557,8.266496,1.7449,15899,0.001024,3.2865279999999997,,0.038655999999999996,0.15692799999999998,0,0.13747199999999998,0.011264,0.009472,,0.005632,,2.208768,13434,10572,549,12.574760599999991
13435,319.90428780470518,277602041826,1,8.2109058275818825,7.9215,8.005888,1.7487,16387,0.0012799999999999999,3.29088,,0.041728,0.151808,0,0.131328,0.0076799999999999993,0.0097279999999999988,,0.004096,,1.747712,13435,10573,549,12.582701799999995
13436,319.91195410289112,277602121041,1,7.6662981882691383,8.1816,8.205312,1.7709,15899,0.001024,3.2785919999999997,,0.040704,0.158464,0.000256,0.137984,0.007424,0.0097279999999999988,,0.0048639999999999994,,2.0103679999999997,13436,10574,549,12.590473799999927
13437,319.92040470521539,277602202857,1,8.4506021812558174,7.9877,7.650048,1.7051,16387,0.0012799999999999999,3.182336,,0.04224,0.154112,0.000256,0.13516799999999998,0.004352,0.010239999999999999,,0.0048639999999999994,,2.0352,13437,10575,549,12.599072500000148
13438,319.92823960459185,277602282734,1,7.8348992392420769,8.0201,8.431104,1.7081,15899,0.001024,3.1982079999999997,,0.03968,0.16255999999999998,0,0.14310399999999998,0.007424,0.0097279999999999988,,0.004096,,1.7489919999999999,13438,10576,549,12.607011099999909
13439,319.93609379960316,277602362935,1,7.854195311665535,7.742,7.788544,1.8262,23021,0.001024,3.190784,,0.039168,0.161792,0,0.142336,0.0076799999999999993,0.009984,,0.004352,,2.10816,13439,10577,549,12.614630200000192
13440,319.9442887046485,277602440355,1,8.1949047744274139,8.565,7.849472,1.8084,15899,0.0012799999999999999,3.1848959999999997,,0.039424,0.154368,0,0.1344,0.007168,0.010239999999999999,,0.0051199999999999996,,1.955328,13440,10578,549,12.622888800000055
13441,319.95234649943308,277602526005,1,8.0577945336699486,7.7154,8.178688,1.8054,16589,0.001024,3.1715839999999997,,0.040448,0.162304,0,0.13516799999999998,0.0076799999999999993,0.009472,,0.0038399999999999997,,2.439168,13441,10579,549,12.630991099999846
13442,319.96026070011334,277602603159,1,7.91420042514801,7.886,8.032,1.9262,15899,0.001024,3.2762879999999996,,0.040448,0.16383999999999999,0,0.143616,0.007424,0.011007999999999999,,0.004352,,1.746688,13442,10580,549,12.638830299999881
13443,319.96836630527207,277602682019,1,8.1056049093604088,8.193,7.910656,1.796,16387,0.001024,3.103488,,0.036608,0.155136,0,0.134656,0.0076799999999999993,0.0097279999999999988,,0.004096,,2.051328,13443,10581,549,12.64719070000001
13444,319.9765915036848,277602763949,1,8.2251988351345062,8.169,8.078848,1.7119,15899,0.001024,3.28448,,0.038655999999999996,0.16127999999999998,0,0.141568,0.004096,0.011007999999999999,,0.003584,,2.038272,13444,10582,549,12.656002000000171
13445,319.984434502551,277602845639,1,7.8429989516735077,7.7502,8.2112,2.4154,16387,0.001024,3.28448,,0.038655999999999996,0.16127999999999998,0,0.141568,0.004096,0.011007999999999999,,0.003584,,2.038272,13445,10583,549,12.662947599999825
13446,319.99243950538545,277602923141,1,8.00500251352787,8.4357,7.814656,1.7448,15899,0.001024,3.192576,,0.036095999999999996,0.158464,0.000256,0.13849599999999998,0.007424,0.009216,,0.0051199999999999996,,1.746688,13446,10584,549,12.670880099999977
13447,320.00014520266438,277603007498,1,7.7056973241269588,8.3286,7.991552,1.7934,16439,0.001024,3.1027199999999997,,0.041471999999999995,0.155392,0.000256,0.13568,0.0063999999999999994,0.0097279999999999988,,0.004352,,1.9409919999999998,13447,10585,549,12.678985399999874
13448,320.00831519982989,277603090784,1,8.1699974834918976,7.448,7.698944,1.6926,15899,0.001024,3.29088,,0.039168,0.160768,0,0.14207999999999998,0.006656,0.010239999999999999,,0.004096,,2.074112,13448,10586,549,12.687296600000082
13449,320.01622110260769,277603165264,1,7.9059023410081863,7.9156,8.13824,2.1192,16387,0.001024,3.292416,,0.039424,0.150272,0,0.13183999999999998,0.007936,0.0097279999999999988,,0.005632,,1.96864,13449,10587,549,12.69487590000017
13450,320.02417670068024,277603244420,1,7.9555977135896683,7.9021,7.887616,2.262,16094,0.001024,3.1818239999999998,,0.0384,0.161792,0.000256,0.142592,0.0076799999999999993,0.010496,,0.004096,,2.029824,13450,10588,549,12.702810100000079
13451,320.03217610544215,277603323441,1,7.9994043335318565,8.4604,7.94368,1.8246,16387,0.001024,3.292928,,0.03968,0.15923199999999998,0,0.137728,0.006144,0.009984,,0.0051199999999999996,,1.953792,13451,10589,549,12.710752999999841
13452,320.04033820153057,277603408045,1,8.16209614276886,7.5994,7.968512,1.7765,15899,0.0012799999999999999,3.173888,,0.040448,0.155136,0,0.135424,0.0076799999999999993,0.010239999999999999,,0.004352,,1.995264,13452,10590,549,12.71935110000004
13453,320.04824100056686,277603484039,1,7.9027991741895676,7.9471,8.112896,1.7624,16387,0.0012799999999999999,3.294208,,0.041215999999999996,0.160512,0,0.141312,0.007424,0.011007999999999999,,0.005632,,1.7489919999999999,13453,10591,549,12.726892300000145
13454,320.05645350056687,277603563510,1,8.2125002518296242,7.9647,7.930368,1.8446,16101,0.001024,3.2381439999999997,,0.044031999999999995,0.158976,0,0.137984,0.009216,0.002048,,0.012799999999999999,,1.944064,13454,10592,549,12.735017399999833
13455,320.06475080073693,277603643157,1,8.2972999662160873,8.567,8.200448,1.8053,16387,0.001024,3.19232,,0.036864,0.15795199999999998,0,0.13312,0.003328,0.009984,,0.004608,,2.389504,13455,10593,549,12.743371699999898
13456,320.07266850198414,277603728827,1,7.91770126670599,7.5639,8.275712,4.2245,15899,0.0012799999999999999,3.27168,,0.0384,0.16512,0.000256,0.145152,0.007424,0.012032,,0.005376,,1.7674239999999999,13456,10594,549,12.751235199999883
13457,320.080561699263,277603804466,1,7.893197238445282,8.0743,7.886336,1.8012,16387,0.001024,3.2332799999999997,,0.038655999999999996,0.16614399999999999,0,0.147968,0.004608,0.0097279999999999988,,0.0038399999999999997,,2.180096,13457,10595,549,12.759060700000191
13458,320.08844970238096,277603885209,1,7.8880032524466515,8.408,7.88224,1.7391,15899,0.001024,3.240704,,0.040448,0.15616,0,0.136704,0.0076799999999999993,0.009472,,0.005632,,1.9558399999999998,13458,10596,549,12.767497800000001
13459,320.09655340136055,277603969289,1,8.1036994233727455,7.8543,7.862016,2.2579,16387,0.001024,3.233536,,0.039424,0.161024,0.000256,0.140544,0.004608,0.010239999999999999,,0.0048639999999999994,,2.071552,13459,10597,549,12.775519300000269
13460,320.10479710175736,277604047832,1,8.2437004894018173,7.8439,8.057344,1.9492,15899,0.001024,3.187456,,0.039168,0.16819199999999998,0,0.14899199999999999,0.0084479999999999989,0.009472,,0.005632,,1.9676159999999998,13460,10598,549,12.783415299999888
13461,320.11292050028345,277604126271,1,8.1233987584710121,8.3715,8.252672,2.6694,16387,0.001024,3.1782399999999997,,0.039936,0.16358399999999998,0,0.143616,0.007424,0.011264,,0.005888,,2.075136,13461,10599,549,12.791482099999939
13462,320.12089690334466,277604209986,1,7.9764034599065781,8.0166,8.103936,1.7625,15899,0.001024,3.173888,,0.040192,0.153856,0.000256,0.1344,0.008192,0.0097279999999999988,,0.003584,,1.747712,13462,10600,549,12.799478200000067
13463,320.12908740079365,277604290152,1,8.1904977560043335,7.912,7.962624,1.79,16387,0.001024,3.234048,,0.040192,0.15488,0.000256,0.134656,0.007424,0.009472,,0.005376,,2.0352,13463,10601,549,12.807575100000122
13464,320.13707300170068,277604369272,1,7.9856012016534805,8.0892,8.167168,1.8116,15899,0.001024,3.2435199999999997,,0.041215999999999996,0.160768,0,0.141056,0.007424,0.010752,,0.005632,,1.7471999999999999,13464,10602,549,12.815508600000157
13465,320.14543669926303,277604450164,1,8.3636976778507233,8.0129,7.960064,1.7436,16387,0.0012799999999999999,3.287296,,0.040448,0.15923199999999998,0.000256,0.139008,0.0076799999999999993,0.011519999999999999,,0.004352,,2.000128,13465,10603,549,12.824354500000027
13466,320.15395359977322,277604530293,1,8.51690024137497,8.1249,8.356864,1.6964,16101,0.001024,3.287808,,0.037376,0.15462399999999998,0,0.135424,0.0076799999999999993,0.011776,,0.005376,,2.110208,13466,10604,549,12.832591200000024
13467,320.16194250283445,277604611542,1,7.9889027401804924,7.9067,8.499456,2.2364,16387,0.0012799999999999999,3.2133119999999997,,0.039424,0.167424,0.000256,0.146944,0.0076799999999999993,0.011776,,0.0038399999999999997,,1.746688,13467,10605,549,12.840367900000274
13468,320.169547002551,277604690609,1,7.604499813169241,8.8435,7.957504,1.7791,15899,0.001024,3.2345599999999997,,0.03328,0.15488,0,0.135936,0.004352,0.00896,,0.005888,,2.319104,13468,10606,549,12.848517100000208
13469,320.17781439909294,277604779044,1,8.2673961296677589,8.2382,7.584768,1.7512,16582,0.001024,3.294208,,0.03584,0.15231999999999998,0,0.132096,0.007936,0.010239999999999999,,0.004352,,1.959936,13469,10607,549,12.856774800000039
13470,320.18574010062355,277604861426,1,7.9257013276219368,7.8062,8.243456,2.1178,15899,0.001024,3.2737279999999997,,0.038911999999999995,0.15564799999999998,0,0.13644799999999999,0.011776,0.010752,,0.004096,,2.21568,13470,10608,549,12.864376900000025
13471,320.19395770266436,277604939488,1,8.2176020368933678,8.0814,7.911168,1.8675,16387,0.001024,3.175424,,0.040192,0.161792,0,0.138752,0.004352,0.0012799999999999999,,0.013824,,2.001152,13471,10609,549,12.872857299999851
13472,320.20188229875282,277605020302,1,7.9245958477258682,8.2861,8.19456,1.8198,15951,0.001024,3.174912,,0.044544,0.158208,0,0.136192,0.006912,0.00896,,0.005376,,2.436352,13472,10610,549,12.881037699999979
13473,320.21015340136051,277605103163,1,8.2711027935147285,7.5593,7.906048,1.978,16387,0.001024,3.235584,,0.043008,0.155392,0,0.134912,0.007936,0.009984,,0.005632,,1.747712,13473,10611,549,12.889248100000259
13474,320.21835809948976,277605178756,1,8.20469856262207,8.4688,8.249088,2.0392,15899,0.001024,3.2901119999999997,,0.041984,0.1536,0.000256,0.13312,0.0076799999999999993,0.0097279999999999988,,0.005376,,1.949952,13474,10612,549,12.89742010000009
13475,320.22671150085034,277605263444,1,8.3534009754657745,8.1655,8.181248,1.9894,16387,0.001024,3.2701439999999997,,0.043008,0.16127999999999998,0,0.137216,0.007936,0.0097279999999999988,,0.0051199999999999996,,1.9584,13475,10613,549,12.905380700000023
13476,320.23491240079363,277605345099,1,8.2008996978402138,8.2036,8.333312,1.9789,15899,0.001024,3.273472,,0.041471999999999995,0.155392,0.000256,0.134656,0.007936,0.009472,,0.005376,,1.9261439999999999,13476,10614,549,12.913464300000214
13477,320.24307940051017,277605427135,1,8.16699955612421,8.1626,8.180736,1.8561,16387,0.001024,3.2762879999999996,,0.040959999999999996,0.154368,0,0.1344,0.005632,0.010496,,0.0048639999999999994,,1.746688,13477,10615,549,12.921713199999886
13478,320.25109100056687,277605508761,1,8.0116000026464462,8.03,8.146944,1.8052,16101,0.003072,3.227392,,0.041728,0.150784,0,0.131584,0.0076799999999999993,0.009472,,0.004608,,1.933824,13478,10616,549,12.929811900000004
13479,320.25957840136056,277605589061,1,8.4874005988240242,8.0852,7.99488,1.909,16387,0.001024,3.27936,,0.039168,0.151808,0,0.13312,0.008192,0.009984,,0.0038399999999999997,,2.0405759999999997,13479,10617,549,12.938784599999963
13480,320.26732340561222,277605669913,1,7.7450042590498924,8.2041,8.466432,1.9379,15899,0.001024,3.2384,,0.041215999999999996,0.155136,0,0.13568,0.007424,0.009472,,0.004096,,1.7469439999999998,13480,10618,549,12.94601479999983
13481,320.27526590136051,277605751954,1,7.9424958676099777,8.0816,7.725568,1.9164,22171,0.001024,3.189504,,0.037632,0.152064,0,0.132608,0.007936,0.009984,,0.0038399999999999997,,1.9581439999999999,13481,10619,549,12.954254100000071
13482,320.28337170493194,277605832770,1,8.1058032810688019,9.0053,7.928064,1.8284,15899,0.0012799999999999999,3.2767999999999997,,0.0384,0.153856,0,0.133888,0.009472,0.009472,,0.005632,,1.9496959999999999,13482,10620,549,12.962255400000231
13483,320.29153610402494,277605922823,1,8.1643993034958839,7.2351,8.083712,1.938,16387,0.0012799999999999999,3.29344,,0.034816,0.15795199999999998,0,0.137728,0.009216,0.000768,,0.013312,,2.083072,13483,10621,549,12.970092399999885
13484,320.29978290107709,277605995174,1,8.2467971369624138,8.2694,8.15104,2.0193,15899,0.001024,3.278848,,0.040704,0.15923199999999998,0,0.13977599999999998,0.0076799999999999993,0.009472,,0.005376,,1.7469439999999998,13484,10622,549,12.978625300000203
13485,320.30746050170069,277606077868,1,7.6776007190346718,7.9661,8.222976,1.9728,16387,0.001024,3.1795199999999997,,0.038911999999999995,0.17024,0,0.150528,0.0038399999999999997,0.0097279999999999988,,0.0048639999999999994,,2.422528,13485,10623,549,12.986259100000098
13486,320.31539829931972,277606157529,1,7.9377973452210426,7.9026,7.65824,2.0599,15899,0.0012799999999999999,3.231744,,0.039424,0.163072,0,0.142848,0.0084479999999999989,0.009472,,0.005376,,1.746688,13486,10624,549,12.994110699999965
13487,320.32312040107706,277606236555,1,7.7221016399562359,8.3321,7.91552,2.0044,16387,0.001024,3.187712,,0.037632,0.17971199999999998,0.000256,0.154368,0.008192,0.009472,,0.004352,,2.0288,13487,10625,549,13.001747300000261
13488,320.33121510062358,277606319876,1,8.0946991220116615,7.8037,7.703552,1.8197,16094,0.001024,3.242496,,0.034816,0.158208,0,0.13977599999999998,0.003584,0.009984,,0.004608,,2.042624,13488,10626,549,13.010330200000226
13489,320.33941820436507,277606397913,1,8.2031041383743286,7.8118,8.072448,2.1406,16387,0.0012799999999999999,3.233536,,0.044544,0.159744,0,0.136704,0.0076799999999999993,0.009216,,0.004608,,1.997056,13489,10627,549,13.018492199999855
13490,320.34731070011338,277606476031,1,7.8924959525465965,7.6987,8.179968,2.1837,15899,0.001024,3.296512,,0.039168,0.155136,0,0.13568,0.008704,0,,0.038655999999999996,,2.1107199999999997,13490,10628,549,13.025989199999913
13491,320.35531300311789,277606553018,1,8.00230260938406,8.2715,7.875328,1.968,16734,0.19327999999999998,3.1032319999999998,,0.038911999999999995,0.158208,0,0.139008,0.007936,0.000256,,0.035584,,1.746432,13491,10629,549,13.033886799999891
13492,320.36292610544217,277606635733,1,7.6131024397909641,8.3532,7.980544,2.1295,15899,0.001024,3.23584,,0.03968,0.158976,0,0.138752,0.0084479999999999989,0,,0.037632,,2.0991999999999997,13492,10630,549,13.041463500000191
13493,320.37119670493195,277606719265,1,8.2705998793244362,7.5993,7.593216,2.2691,16387,0.001024,3.170048,,0.03456,0.15692799999999998,0,0.137984,0.003584,0.009984,,0.004096,,1.933824,13493,10631,549,13.04982310000014
13494,320.37904479875283,277606795258,1,7.848094217479229,7.9358,8.248576,2.1704,15899,0.001024,3.29088,,0.03968,0.15923199999999998,0,0.140544,0.005888,0.010239999999999999,,0.005376,,2.057216,13494,10632,549,13.05756990000009
13495,320.38676879960315,277606874616,1,7.7240010723471642,7.5182,7.850752,1.8754,16387,0.001024,3.2363519999999997,,0.036608,0.15462399999999998,0,0.13516799999999998,0.0076799999999999993,0.0097279999999999988,,0.005632,,1.7471999999999999,13495,10633,549,13.065287100000205
13496,320.39458810232424,277606949798,1,7.8193023800849915,8.3959,7.688704,2.0689,15899,0.001024,3.1764479999999997,,0.044544,0.17664,0,0.156672,0.006144,0.00896,,0.0048639999999999994,,1.932032,13496,10634,549,13.073306400000092
13497,320.40254580498868,277607033757,1,7.9577025026082993,7.7407,7.799552,1.7606,16439,0.001024,3.2319999999999998,,0.039168,0.155392,0.000256,0.134656,0.007424,0.0097279999999999988,,0.004352,,2.050048,13497,10635,549,13.08122719999983
13498,320.41059320436506,277607111164,1,8.04739911109209,7.7037,7.931904,1.7903,15899,0.0012799999999999999,3.232256,,0.041471999999999995,0.16025599999999998,0.000256,0.13952,0.003072,0.009472,,0.004096,,1.746688,13498,10636,549,13.089279400000123
13499,320.41825099914962,277607188201,1,7.6577947475016117,7.9868,8.031744,1.7802,16387,0.001024,3.2737279999999997,,0.040192,0.15564799999999998,0.000256,0.136192,0.003584,0.009984,,0.004608,,2.085376,13499,10637,549,13.096865600000001
13500,320.42636879960315,277607268069,1,8.1178005784749985,7.9968,7.643648,2.0551,15899,0.001024,3.1879679999999997,,0.038911999999999995,0.165632,0,0.146432,0.007936,0.009984,,0.0038399999999999997,,1.932032,13500,10638,549,13.105149299999994
13501,320.4340415036848,277607348037,1,7.6727042905986309,7.9871,8.095744,2.615,16387,0.001024,3.269376,,0.039936,0.154368,0,0.13516799999999998,0.008192,0.040704,,0.005376,,2.0085759999999997,13501,10639,549,13.113452399999915
13502,320.44201349914965,277607427908,1,7.971995510160923,7.5759,7.605504,1.8019,22533,0.001024,3.104256,,0.040704,0.153088,0,0.13414399999999999,0.0076799999999999993,0.009984,,0.004352,,2.08256,13502,10640,549,13.120493899999929
13503,320.45020480442173,277607503667,1,8.1913052126765251,8.3009,8.008448,2.1447,16589,0.001024,3.240192,,0.039168,0.181504,0,0.162816,0.004608,0,,0.014336,,1.936896,13503,10641,549,13.128798000000188
13504,320.45771740362812,277607586676,1,7.5125992298126221,7.6096,8.161024,1.8631,15899,0.001024,3.244288,,0.039936,0.15488,0,0.13568,0.007424,0.0097279999999999988,,0.0038399999999999997,,2.3615999999999997,13504,10642,549,13.136167900000146
13505,320.46553920068027,277607662772,1,7.8217973932623863,7.7703,7.493888,2.4947,16387,0.001024,3.098368,,0.040959999999999996,0.155904,0.000256,0.136192,0.007424,0.010239999999999999,,0.0048639999999999994,,1.7484799999999998,13505,10643,549,13.14406229999986
13506,320.47325140306123,277607740475,1,7.712202612310648,8.2446,7.801344,1.7601,15899,0.001024,3.180544,,0.039936,0.158208,0,0.13952,0.007424,0.010239999999999999,,0.004352,,2.031104,13506,10644,549,13.151694399999997
13507,320.48101879960313,277607822921,1,7.76739651337266,7.4331,7.691776,2.0787,16387,0.001024,3.2048639999999997,,0.038655999999999996,0.162048,0,0.142848,0.007424,0.0097279999999999988,,0.0038399999999999997,,2.056704,13507,10645,549,13.159541999999874
13508,320.488883404195,277607897252,1,7.8646047040820122,7.9168,7.757824,1.9452,16094,0.001024,3.099392,,0.038911999999999995,0.152576,0,0.132608,0.012799999999999999,0.010239999999999999,,0.005376,,1.926912,13508,10646,549,13.167635000000246
13509,320.49656349914966,277607976420,1,7.680094800889492,7.6048,7.833856,1.8013,16387,0.001024,3.202816,,0.043775999999999995,0.15231999999999998,0,0.132608,0.0076799999999999993,0.0097279999999999988,,0.004352,,1.9461119999999998,13509,10647,549,13.175516700000117
13510,320.50448700396822,277608052468,1,7.9235052689909935,7.8501,7.616512,1.8702,15899,0.001024,3.102464,,0.040448,0.161792,0,0.140544,0.0076799999999999993,0.009472,,0.005376,,1.747456,13510,10648,549,13.183083899999929
13511,320.51226529903624,277608130969,1,7.77829485014081,8.0345,7.946752,2.3775,16387,0.001024,3.271168,,0.038911999999999995,0.150784,0,0.131328,0.010239999999999999,0.011007999999999999,,0.0051199999999999996,,2.010112,13511,10649,549,13.190822000000026
13512,320.52029880243765,277608211314,1,8.0335037782788277,7.9419,7.765248,1.7959,15899,0.0012799999999999999,3.233536,,0.035584,0.155392,0,0.135936,0.0076799999999999993,0.0097279999999999988,,0.004096,,1.9578879999999999,13512,10650,549,13.198862100000042
13513,320.52839870323129,277608290733,1,8.099900558590889,7.5574,8.02176,2.1951,16387,0.001024,3.1027199999999997,,0.035328,0.153088,0,0.1344,0.003072,0.010239999999999999,,0.0051199999999999996,,1.7489919999999999,13513,10651,549,13.207124900000053
13514,320.53641130243761,277608366307,1,8.0125993117690086,7.7665,8.07168,1.8493,15899,0.001024,3.1057919999999997,,0.035072,0.15616,0,0.13747199999999998,0.0038399999999999997,0.0097279999999999988,,0.004608,,1.916928,13514,10652,549,13.214943999999832
13515,320.5442179988662,277608443972,1,7.8066964633762836,8.0215,7.9872,1.7668,16387,0.001024,3.2985599999999997,,0.03712,0.15334399999999998,0,0.133632,0.003328,0.0097279999999999988,,0.005632,,1.9558399999999998,13515,10653,549,13.223585400000047
13516,320.5523788052721,277608524187,1,8.1608062610030174,8.2902,7.793152,1.8017,16101,0.001024,3.286016,,0.03968,0.16025599999999998,0,0.141056,0.003072,0.010496,,0.004352,,2.114048,13516,10654,549,13.231029600000056
13517,320.56045899943308,277608607089,1,8.0801937729120255,7.772,8.1344,2.4219,16387,0.0012799999999999999,3.287296,,0.03584,0.18303999999999998,0.000256,0.162304,0.0084479999999999989,0.005376,,0.00896,,1.7489919999999999,13517,10655,549,13.239177500000096
13518,320.56812190334466,277608684809,1,7.6629039831459522,8.2492,8.068352,1.7853,15899,0.001024,3.24096,,0.041728,0.15795199999999998,0,0.13824,0.006656,0.0097279999999999988,,0.0038399999999999997,,2.108672,13518,10656,549,13.246668799999952
13519,320.57591560374146,277608767301,1,7.793700322508812,7.8581,7.638016,1.7709,16387,0.001024,3.098368,,0.038911999999999995,0.177152,0,0.157184,0.007936,0.00896,,0.0051199999999999996,,1.9775999999999998,13519,10657,549,13.254620400000022
13520,320.583898901644,277608845882,1,7.9832980409264565,8.1495,7.770368,2.326,15899,0.001024,3.23072,,0.03712,0.15744,0,0.13696,0.007424,0.00896,,0.004352,,1.953792,13520,10658,549,13.262664800000039
13521,320.59197340561224,277608927377,1,8.0745043233037,7.4914,7.96416,1.8346,16387,0.001024,3.293952,,0.039936,0.157184,0,0.138752,0.0076799999999999993,0.010496,,0.004096,,2.069504,13521,10659,549,13.270784599999843
13522,320.600189399093,277609002291,1,8.2159936428070068,7.9148,8.062976,1.7971,15899,0.001024,3.234816,,0.03968,0.159744,0.000256,0.13977599999999998,0.007424,0.0097279999999999988,,0.004608,,1.94048,13522,10660,549,13.279240100000152
13523,320.60843759920635,277609081439,1,8.2481997087597847,8.0452,8.19456,1.9147,16439,0.001024,3.23584,,0.040448,0.162048,0,0.139264,0.008192,0.009472,,0.0051199999999999996,,2.102016,13523,10661,549,13.287426500000038
13524,320.61618080357141,277609161891,1,7.743204478174448,8.1095,8.228864,2.1557,15899,0.001024,3.235328,,0.03968,0.170752,0,0.147456,0.0084479999999999989,0.009216,,0.005632,,1.750016,13524,10662,549,13.294795100000101
13525,320.62426270549884,277609242986,1,8.08190181851387,8.3665,7.712768,1.9796,16387,0.001024,3.232256,,0.038911999999999995,0.150784,0,0.132096,0.007936,0.010239999999999999,,0.003584,,2.03008,13525,10663,549,13.302934899999855
13526,320.63214150368481,277609326651,1,7.8787980601191521,8.3227,7.99616,1.8045,15899,0.001024,3.2895999999999996,,0.039424,0.16255999999999998,0.000256,0.142592,0.0076799999999999993,0.0097279999999999988,,0.003584,,2.016768,13526,10664,549,13.310928899999908
13527,320.63978660005665,277609409878,1,7.64509616419673,7.3457,7.92704,2.3598,16582,0.001024,3.1861759999999997,,0.039424,0.15488,0.000256,0.135424,0.007936,0.0097279999999999988,,0.005376,,1.9558399999999998,13527,10665,549,13.318506999999954
13528,320.64804469954646,277609483335,1,8.2580996677279472,8.1565,7.627264,1.9016,15899,0.0012799999999999999,3.099392,,0.035072,0.146432,0,0.127744,0.006656,0.010496,,0.0051199999999999996,,2.034688,13528,10666,549,13.326693200000136
13529,320.6563100056689,277609564900,1,8.2653062418103218,7.9535,8.241664,2.0995,30057,0.001024,3.2949759999999997,,0.0384,0.16025599999999998,0,0.1344,0.008192,0.0097279999999999988,,0.005632,,1.7469439999999998,13529,10667,549,13.335078099999919
13530,320.66405340136055,277609644435,1,7.7433958649635315,7.6347,8.235776,1.8333,15899,0.001024,3.2901119999999997,,0.043519999999999996,0.153088,0,0.1344,0.0076799999999999993,0.009984,,0.005376,,2.468864,13530,10668,549,13.342634800000269
13531,320.67213710317458,277609720782,1,8.083702065050602,8.0659,7.723776,1.9501,16387,0.001024,3.09888,,0.037376,0.158976,0,0.140032,0.007424,0.0097279999999999988,,0.003584,,2.1258239999999997,13531,10669,549,13.350653999999849
13532,320.68023190192741,277609801441,1,8.0947987735271454,8.3219,8.068608,1.811,15899,0.001024,3.2435199999999997,,0.039936,0.152832,0,0.13312,0.009984,0.0097279999999999988,,0.004608,,2.097152,13532,10670,549,13.358699299999898
13533,320.68810570436506,277609884660,1,7.8738024458289146,7.6926,8.08704,1.7678,16387,0.001024,3.295232,,0.040192,0.155904,0,0.136704,0.0076799999999999993,0.010752,,0.0048639999999999994,,2.0956159999999997,13533,10671,549,13.36672069999986
13534,320.69594340277774,277609961586,1,7.837698794901371,8.0481,7.8464,1.8994,15899,0.001024,3.182336,,0.041215999999999996,0.15872,0,0.13849599999999998,0.012032,0.009472,,0.004352,,2.245376,13534,10672,549,13.374654600000213
13535,320.70433390022674,277610042067,1,8.3904974162578583,8.0311,7.818496,1.808,16387,0.001024,3.23584,,0.041728,0.15564799999999998,0,0.135936,0.007936,0.0097279999999999988,,0.004352,,1.7489919999999999,13535,10673,549,13.382915799999864
13536,320.71201609977322,277610122378,1,7.682199589908123,7.942,8.368896,2.4446,21683,0.001024,3.296512,,0.03968,0.160768,0,0.140544,0.004352,0.011776,,0.004608,,1.7469439999999998,13536,10674,549,13.390557499999886
13537,320.7201732993197,277610201798,1,8.1571992486715317,8.0122,7.659008,1.7816,16387,0.001024,3.2332799999999997,,0.033791999999999996,0.15462399999999998,0.000256,0.136704,0.007424,0.010239999999999999,,0.0048639999999999994,,1.951488,13537,10675,549,13.39874379999992
13538,320.72820710034011,277610281920,1,8.03380087018013,8.2874,8.147968,1.8215,21828,0.001024,3.29088,,0.040704,0.156416,0,0.13696,0.007424,0.00896,,0.004352,,1.915136,13538,10676,549,13.406958399999894
13539,320.73635960175733,277610364794,1,8.1525016576051712,7.6236,8.004864,1.808,16387,0.001024,3.104768,,0.04224,0.153856,0,0.1344,0.007424,0.0097279999999999988,,0.0051199999999999996,,2.210048,13539,10677,549,13.415019500000199
13540,320.74463440334466,277610441030,1,8.2748020067811012,8.2245,8.13952,1.8273,57566,0.001024,3.23712,,0.038911999999999995,0.15334399999999998,0,0.1344,0.0076799999999999993,0.009472,,0.0038399999999999997,,2.096384,13540,10678,549,13.42349779999995
13541,320.752386699263,277610523275,1,7.7522960491478443,8.1189,8.255744,1.8429,17295,0.001024,3.190528,,0.042752,0.155904,0.000256,0.13568,0.007936,0.0097279999999999988,,0.003328,,2.0441599999999998,13541,10679,549,13.43107450000025
13542,320.76047620464851,277610604464,1,8.089505136013031,8.1467,7.724544,2.01,31180,0.001024,3.2962559999999996,,0.036351999999999995,0.16614399999999999,0,0.143872,0.008192,0.0097279999999999988,,0.0048639999999999994,,1.7469439999999998,13542,10680,549,13.439294300000256
13543,320.76838790391156,277610685931,1,7.9116988927125931,8.4306,8.078592,1.8092,16387,0.001024,3.294208,,0.038911999999999995,0.160512,0,0.141568,0.004096,0.009472,,0.004096,,2.073344,13543,10681,549,13.4469852000002
13544,320.77674620181403,277610770237,1,8.3582978695631027,7.6115,7.890688,1.7817,15899,0.158976,3.284992,,0.039424,0.162048,0.000256,0.143616,0.0076799999999999993,0.010239999999999999,,0.0038399999999999997,,1.983488,13544,10682,549,13.455488900000091
13545,320.7843838010204,277610846352,1,7.6375990174710751,8.1754,8.33408,1.8104,51529,0.001024,3.2888319999999998,,0.041984,0.1536,0.000256,0.13414399999999999,0.0076799999999999993,0.009472,,0.0048639999999999994,,2.090496,13545,10683,549,13.463224200000241
13546,320.79247830215417,277610928106,1,8.0945007503032684,7.7545,7.617792,2.4953,52188,0.001024,3.1014399999999998,,0.035328,0.15103999999999998,0,0.131584,0.007936,0.010496,,0.003584,,2.0303359999999997,13546,10684,549,13.471145399999841
13547,320.8003008999433,277611005651,1,7.822597399353981,8.4436,8.072704,1.8192,16387,0.001024,3.189504,,0.040448,0.163328,0,0.133632,0.008192,0.0097279999999999988,,0.004096,,2.104576,13547,10685,549,13.479236600000149
13548,320.80854180130382,277611090087,1,8.2409009337425232,7.7047,7.805184,2.0478,18500,0.001024,3.268608,,0.039168,0.16383999999999999,0,0.143872,0.012032,0.009472,,0.004352,,2.074112,13548,10686,549,13.48728489999985
13549,320.81654019982994,277611167134,1,7.9983985051512718,7.9812,8.224512,2.0257,16387,0.001024,3.0976,,0.03968,0.160512,0,0.141568,0.0076799999999999993,0.0097279999999999988,,0.005632,,1.74976,13549,10687,549,13.495166000000154
13550,320.82468280187072,277611246946,1,8.1426016986370087,8.027,7.97056,1.8681,15899,0.001024,3.237888,,0.037632,0.16025599999999998,0,0.141824,0.007424,0.009984,,0.004096,,2.11968,13550,10688,549,13.503125600000203
13551,320.83272760062357,277611327216,1,8.0447988584637642,8.0679,8.118784,2.3861,16387,0.001024,3.2350719999999997,,0.03968,0.165376,0.001792,0.144896,0.0076799999999999993,0.001792,,0.009984,,1.9914239999999999,13551,10689,549,13.511570199999824
13552,320.84082890447843,277611407895,1,8.1013040617108345,7.9338,8.022528,1.9882,15899,0.001024,3.17184,,0.045056,0.156672,0.000256,0.13516799999999998,0.0076799999999999993,0.0097279999999999988,,0.005376,,2.203392,13552,10690,549,13.519541099999969
13553,320.8488437003968,277611487233,1,8.0147963017225266,7.9563,8.089088,1.8809,16387,0.001024,3.195648,,0.041984,0.155392,0,0.13568,0.007424,0.009984,,0.0051199999999999996,,1.9494399999999998,13553,10691,549,13.527504799999861
13554,320.85679550028345,277611566796,1,7.9517997801303864,8.3713,7.996416,1.8167,16246,0.001024,3.272448,,0.037376,0.15616,0,0.13644799999999999,0.007424,0.0097279999999999988,,0.0048639999999999994,,2.02752,13554,10692,549,13.535607000000255
13555,320.86529530187073,277611650509,1,8.49980115890503,8.0235,7.931392,2.3363,33958,0.001024,3.2906239999999998,,0.038911999999999995,0.154112,0,0.134656,0.007424,0.010752,,0.005888,,1.918208,13555,10693,549,13.543963600000097
13556,320.87312080498867,277611730744,1,7.8255031257867813,8.0043,8.43648,1.8814,30284,0.001024,3.176192,,0.040448,0.152064,0,0.132608,0.0076799999999999993,0.0097279999999999988,,0.0051199999999999996,,2.076928,13556,10694,549,13.551599800000076
13557,320.88124010062359,277611810787,1,8.1192953512072563,8.0725,7.858432,1.8652,16387,0.001024,3.2919039999999997,,0.038911999999999995,0.17049599999999998,0,0.151552,0.007936,0.009984,,0.0048639999999999994,,2.109952,13557,10695,549,13.559879599999931
13558,320.88967720379816,277611891512,1,8.43710359185934,8.3237,8.09856,1.8753,15899,0.001024,3.274496,,0.044031999999999995,0.16,0.000256,0.135424,0.0076799999999999993,0.010496,,0.0051199999999999996,,1.9929599999999998,13558,10696,549,13.568818700000065
13559,320.897632603458,277611974749,1,7.9553993418812752,7.6524,8.403968,2.2459,16387,0.001024,3.2719359999999997,,0.038144,0.15564799999999998,0,0.13644799999999999,0.007936,0.0097279999999999988,,0.003584,,2.2399999999999998,13559,10697,549,13.576195999999982
13560,320.90600179988661,277612051273,1,8.3691962063312531,8.1941,7.948288,2.2848,33470,0.001024,3.242496,,0.03584,0.15616,0,0.136192,0.007424,0.011264,,0.0051199999999999996,,1.7456639999999999,13560,10698,549,13.584607499999947
13561,320.913585600907,277612133214,1,7.5838011689484119,9.0168,8.346624,1.7644,30772,0.001024,3.176704,,0.037632,0.162048,0.000256,0.142336,0.007424,0.009216,,0.0051199999999999996,,2.5912319999999998,13561,10699,549,13.59211890000006
13562,320.92153170351475,277612223382,1,7.9461028799414635,7.4096,7.56224,2.2265,15899,0.001024,3.237888,,0.038911999999999995,0.154368,0.000256,0.135936,0.007424,0.009984,,0.003328,,1.956864,13562,10700,549,13.600862499999948
13563,320.92984880243762,277612297478,1,8.3170989528298378,8.3356,7.872512,1.7823,16387,0.001024,3.2780799999999997,,0.039424,0.155392,0,0.133376,0.0076799999999999993,0.009984,,0.0048639999999999994,,2.071296,13563,10701,549,13.608366200000091
13564,320.93768620323129,277612380834,1,7.837400771677494,7.5865,8.306688,1.8709,15899,0.001024,3.29472,,0.036608,0.15334399999999998,0,0.13414399999999999,0.007424,0.010239999999999999,,0.0051199999999999996,,1.99168,13564,10702,549,13.617041099999824
13565,320.94551529903629,277612456699,1,7.8290961682796478,8.4758,7.858688,1.9136,23216,0.0012799999999999999,3.1892479999999996,,0.040192,0.156416,0,0.134656,0.004096,0.0097279999999999988,,0.004352,,1.95072,13565,10703,549,13.624510799999825
13566,320.95399260204078,277612541457,1,8.4773031994700432,7.7845,7.806208,2.0288,33672,0.001024,3.1759359999999996,,0.034816,0.162816,0,0.143872,0.003584,0.009984,,0.004352,,2.107392,13566,10704,549,13.632708900000125
13567,320.9617363024376,277612619302,1,7.7437004074454308,8.2644,8.454912,1.9246,30772,0.22144,3.2906239999999998,,0.041215999999999996,0.153856,0,0.134656,0.007424,0.0097279999999999988,,0.0038399999999999997,,2.067456,13567,10705,549,13.640447300000233
13568,320.97011110402491,277612701946,1,8.3748018369078636,7.828,7.727104,1.8488,138896,0.001024,3.1892479999999996,,0.041984,0.165632,0,0.142848,0.0076799999999999993,0.009984,,0.004352,,2.0392959999999998,13568,10706,549,13.650293300000158
13569,320.97820320294784,277612780226,1,8.0920988693833351,8.1435,8.361728,1.8029,125655,0.001024,3.289344,,0.038911999999999995,0.16153599999999999,0,0.142336,0.007424,0.0097279999999999988,,0.004352,,1.9893759999999998,13569,10707,549,13.657026200000018
13570,320.98620670351471,277612861661,1,8.0035002902150154,7.8202,8.070656,2.5195,51041,0.0012799999999999999,3.1897599999999997,,0.039424,0.155392,0,0.136192,0.0038399999999999997,0.010752,,0.0048639999999999994,,2.116608,13570,10708,549,13.664940399999978
13571,320.99406400226758,277612939863,1,7.8572984784841537,9.6069,7.984128,1.9721,46535,0.0012799999999999999,3.237376,,0.035584,0.151808,0,0.132352,0.0076799999999999993,0.009216,,0.0048639999999999994,,1.946624,13571,10709,549,13.672656300000199
13572,321.00215470521539,277613035932,1,8.0907028168439865,7.0002,7.838208,1.9009,33470,0.001024,3.173888,,0.039168,0.162816,0,0.14336,0.008192,0.009472,,0.004096,,2.092032,13572,10710,549,13.681038600000193
13573,321.0101295989229,277613105934,1,7.9748937860131264,7.819,8.07168,2.0201,30824,0.001024,3.233536,,0.037632,0.15616,0,0.13644799999999999,0.0076799999999999993,0.009472,,0.004608,,1.7518079999999998,13573,10711,549,13.688725800000157
13574,321.01820690192744,277613184124,1,8.077302947640419,7.7144,7.952896,1.9698,15899,0.001024,3.178496,,0.043775999999999995,0.158464,0,0.13747199999999998,0.007936,0.009472,,0.004352,,2.047488,13574,10712,549,13.696875399999954
13575,321.02608250425169,277613261268,1,7.8756026923656464,8.386,8.05632,1.8086,16387,0.0012799999999999999,3.100672,,0.039936,0.155136,0,0.13568,0.007424,0.0097279999999999988,,0.004352,,2.011904,13575,10713,549,13.704684100000122
13576,321.03403830073694,277613345128,1,7.9557960852980614,7.706,7.8592,1.7823,15899,0.001024,3.29216,,0.03968,0.16153599999999999,0.000256,0.141568,0.007424,0.0097279999999999988,,0.0048639999999999994,,1.9376639999999998,13576,10714,549,13.712552899999991
13577,321.04219250283444,277613422188,1,8.1542022526264191,8.1969,7.870208,1.8695,16387,0.001024,3.1764479999999997,,0.040448,0.15001599999999998,0,0.130048,0.007936,0.009984,,0.0051199999999999996,,2.031872,13577,10715,549,13.720736000000215
13578,321.05052580073692,277613504157,1,8.3332974463701248,7.8155,8.211456,1.8624,16101,0.0012799999999999999,3.298304,,0.040704,0.16486399999999998,0,0.140288,0.007424,0.010496,,0.005376,,1.923584,13578,10716,549,13.730942300000152
13579,321.05823700396826,277613582312,1,7.7112033031880856,7.8738,,2.0834,16387,0.001024,3.0960639999999997,,0.038655999999999996,0.15488,0,0.134912,0.0076799999999999993,0.010496,,0.004608,,2.5984,13579,10717,549,13.73877739999989
13580,321.07088090277779,277613661050,1,12.643898837268353,8.1841,7.710208,8.1841,15899,0.001024,3.234816,,0.035072,0.15795199999999998,0,0.137984,0.003328,0.011519999999999999,,0.0051199999999999996,,1.747456,13580,10718,549,13.751103500000227
13581,321.07942050028345,277613742891,1,8.5395975038409233,9.9853,7.894272,2.3472,16387,0.001024,3.1795199999999997,,0.0384,0.158464,0,0.138752,0.0076799999999999993,0.010752,,0.004352,,2.023936,13581,10719,549,13.75917870000012
13582,321.08742040107711,277613842744,1,7.9999007284641266,7.6418,8.520704,2.9607,15899,0.001024,3.234048,,0.04224,0.16,0.000256,0.140032,0.0076799999999999993,0.012032,,0.0038399999999999997,,2.055424,13582,10720,549,13.767655000000104
13583,321.09594199971656,277613919162,1,8.5215987637639046,12.4545,7.972608,2.2516,16582,0.001024,3.29216,,0.039424,0.150784,0.000256,0.131328,0.007424,0.009984,,0.004608,,1.948928,13583,10721,549,13.776393799999823
13584,321.10411889880953,277614043707,1,8.1768995150923729,8.1051,8.510464,2.5614,15899,0.001024,3.233536,,0.041215999999999996,0.15692799999999998,0,0.13747199999999998,0.005888,0.014336,,0.002816,,2.10304,13584,10722,549,13.78374870000016
13585,321.11204680413829,277614124758,1,7.9279057681560516,8.4001,8.146176,3.2425,33958,0.001024,3.1009279999999997,,0.041215999999999996,0.150784,0,0.130816,0.0076799999999999993,0.011776,,0.002816,,2.0308479999999998,13585,10723,549,13.791342200000145
13586,321.1207660005669,277614208759,1,8.719196543097496,8.7812,7.900416,2.8472,30284,0.001024,3.234304,,0.041984,0.151808,0.000256,0.133376,0.007424,0.011519999999999999,,0.002304,,2.041856,13586,10724,549,13.800275699999929
13587,321.12861429988664,277614296571,1,7.8482991084456444,7.2615,8.695552,2.1164,16387,0.001024,3.103744,,0.045312,0.158464,0,0.138752,0.0076799999999999993,0.0097279999999999988,,0.004352,,2.0894719999999998,13587,10725,549,13.809013699999923
13588,321.13691860119047,277614369186,1,8.3043016493320465,7.8102,7.828224,2.4395,15899,0.001024,3.188224,,0.035072,0.154368,0,0.13568,0.0076799999999999993,0.009984,,0.003584,,2.093056,13588,10726,549,13.816915100000188
13589,321.14466169926305,277614447288,1,7.7430978417396545,8.8147,8.28416,2.5368,16387,0.0012799999999999999,3.296,,0.039168,0.15488,0.000256,0.134912,0.007424,0.009984,,0.005888,,1.971712,13589,10727,549,13.823981000000003
13590,321.153125800737,277614535435,1,8.4641017019748688,8.6653,7.721216,2.2879,16101,0.001024,3.209984,,0.038655999999999996,0.153856,0,0.13516799999999998,0.007936,0.009984,,0.0051199999999999996,,2.15936,13590,10728,549,13.83400440000014
13591,321.16127320011338,277614622088,1,8.147398941218853,8.0939,8.437248,2.7652,16387,0.006144,3.295744,,0.03584,0.156672,0,0.13644799999999999,0.008192,0.014079999999999999,,0.002816,,1.7489919999999999,13591,10729,549,13.841324500000155
13592,321.16968790391155,277614703027,1,8.41470342129469,7.1882,8.132096,3.0439,21683,0.001024,3.1936,,0.038911999999999995,0.156416,0,0.136192,0.006912,0.011007999999999999,,0.005632,,2.1112319999999998,13592,10730,549,13.849048900000071
13593,321.17786850198411,277614774909,1,8.180597797036171,9.4991,8.385536,3.0958,16387,0.0012799999999999999,3.2913919999999997,,0.036351999999999995,0.161792,0,0.14079999999999998,0.0076799999999999993,0.011519999999999999,,0.0048639999999999994,,2.17984,13593,10731,549,13.856892799999969
13594,321.18584730017005,277614869900,1,7.9787978902459145,7.7011,8.118272,2.1838,15899,0.001024,3.1813119999999997,,0.039168,0.15564799999999998,0,0.135424,0.007936,0.011264,,0.005376,,2.09536,13594,10732,549,13.864771200000177
13595,321.19410890022675,277614946911,1,8.2616005092859268,7.7212,8.001024,2.318,16387,0.001024,3.23712,,0.043519999999999996,0.156416,0,0.136704,0.007424,0.012288,,0.002816,,2.001408,13595,10733,549,13.872938200000135
13596,321.20190880102041,277615024123,1,7.7999006025493145,8.0222,8.247296,2.2701,15899,0.001024,3.098624,,0.03968,0.153088,0,0.133376,0.0038399999999999997,0.009984,,0.004352,,2.112768,13596,10734,549,13.881016100000124
13597,321.20979720096369,277615104345,1,7.8883999958634377,7.8188,7.775744,1.958,16387,0.001024,3.2919039999999997,,0.037632,0.15616,0,0.13696,0.007424,0,,0.040704,,1.747968,13597,10735,549,13.888513400000193
13598,321.21777970521543,277615182533,1,7.9825045540928841,8.2171,7.870464,2.4168,15951,0.0012799999999999999,3.192576,,0.038655999999999996,0.157696,0,0.137984,0.0076799999999999993,0.012544,,0.003584,,1.9880959999999999,13598,10736,549,13.896878800000195
13599,321.22593150510204,277615264704,1,8.1517994403839111,8.0419,7.961856,1.8697,16387,0.001024,3.177984,,0.04224,0.15488,0,0.134656,0.007424,0.009984,,0.004096,,1.9578879999999999,13599,10737,549,13.90470520000008
13600,321.2345875,277615345123,1,8.65599513053894,7.5331,8.13056,1.9643,15899,0.001024,3.234304,,0.039168,0.15923199999999998,0,0.138752,0.0076799999999999993,0.010239999999999999,,0.004352,,1.961984,13600,10738,549,13.913466099999823
13601,321.24276519982993,277615420454,1,8.1776995211839676,8.2949,8.628224,1.8788,16387,0.001024,3.296,,0.040704,0.15564799999999998,0,0.135424,0.0076799999999999993,0.0097279999999999988,,0.004608,,2.181888,13601,10739,549,13.921257800000149
13602,321.25084520266438,277615503403,1,8.08000285178423,7.856,8.164608,2.0383,16441,0.001024,3.2714239999999997,,0.045056,0.158208,0.000256,0.13568,0.007936,0.009472,,0.005632,,1.932032,13602,10740,549,13.9296346000001
13603,321.2593908021542,277615581963,1,8.54559987783432,8.7455,8.04992,1.868,16387,0.0012799999999999999,3.177472,,0.040704,0.163328,0,0.143616,0.0076799999999999993,0.0097279999999999988,,0.0051199999999999996,,2.103808,13603,10741,549,13.938245199999983
13604,321.26739850481857,277615669418,1,8.00770241767168,7.8931,8.547328,2.0815,15899,0.199424,3.234304,,0.038655999999999996,0.155136,0.000256,0.135936,0.0076799999999999993,0.009472,,0.0038399999999999997,,1.747456,13604,10742,549,13.946288600000116
13605,321.27576860119046,277615748349,1,8.3700967952609062,8.3249,7.979776,1.818,16387,0.001024,3.305472,,0.043008,0.159488,0.000256,0.14079999999999998,0.0076799999999999993,0.011007999999999999,,0.0025599999999999998,,2.073088,13605,10743,549,13.954377300000033
13606,321.28356920351473,277615831598,1,7.8006023541092873,8.6336,8.348672,1.8563,15899,0.0012799999999999999,3.1879679999999997,,0.035584,0.181504,0.000256,0.162048,0.003584,0.009472,,0.0051199999999999996,,2.114048,13606,10744,549,13.962639400000171
13607,321.291496201814,277615917934,1,7.9269986599683762,8.0093,7.782144,1.8358,16387,0.001024,3.237632,,0.03456,0.17510399999999998,0,0.15129599999999999,0.0076799999999999993,0.009472,,0.004096,,2.148864,13607,10745,549,13.970031899999867
13608,321.299631505102,277615998027,1,8.1353029236197472,8.1333,7.909376,2.1141,15899,0.001024,3.238912,,0.039424,0.15462399999999998,0,0.13568,0.008192,0.011007999999999999,,0.005888,,1.746688,13608,10746,549,13.978289199999836
13609,321.3076401998299,277616079360,1,8.0086942762136459,8.2206,8.120832,1.9178,16387,0.001024,3.175424,,0.034816,0.18048,0,0.16153599999999999,0.0038399999999999997,0.009216,,0.006144,,2.387968,13609,10747,549,13.986309500000061
13610,321.31610269982991,277616161566,1,8.46249982714653,7.4346,7.993344,1.8701,15899,0.001024,3.1746559999999997,,0.040192,0.15616,0.000256,0.135936,0.004608,0.011007999999999999,,0.0038399999999999997,,2.3167999999999997,13610,10748,549,13.99473960000023
13611,321.32428280187071,277616235912,1,8.1801023334264755,8.1842,8.4416,2.1882,16387,0.001024,3.2980479999999996,,0.03968,0.155136,0.000256,0.131584,0.007936,0.009472,,0.005632,,2.08384,13611,10749,549,14.003033800000139
13612,321.33209199971657,277616317754,1,7.8091979958117008,8.035,8.09088,2.2531,15899,0.001024,3.2412159999999997,,0.036351999999999995,0.156672,0,0.135936,0.003328,0.009472,,0.004096,,2.070528,13612,10750,549,14.010814100000061
13613,321.34015809948977,277616398104,1,8.06610006839037,8.3939,7.854336,1.9737,16387,0.001024,3.268608,,0.043519999999999996,0.159744,0,0.138752,0.006656,0.001536,,0.013312,,1.956864,13613,10751,549,14.019346600000063
13614,321.34838250425167,277616482043,1,8.22440441697836,8.3853,8.044032,1.8691,15899,0.001024,3.2345599999999997,,0.040959999999999996,0.155136,0.000256,0.13568,0.007424,0.0097279999999999988,,0.004608,,1.7469439999999998,13614,10752,549,14.027205700000195
13615,321.35641560374148,277616565896,1,8.0330995842814445,7.7252,8.209152,1.9596,16589,0.001024,3.270912,,0.041984,0.183808,0,0.16383999999999999,0.007936,0.009472,,0.0038399999999999997,,1.919744,13615,10753,549,14.035400100000061
13616,321.36454660572559,277616643148,1,8.1310020759701729,8.5374,8.005376,1.8928,15899,0.001024,3.286016,,0.035584,0.16614399999999999,0.000256,0.14592,0.004096,0.009472,,0.0048639999999999994,,2.097664,13616,10754,549,14.043333800000255
13617,321.37262580073696,277616728522,1,8.0791953951120377,7.8593,8.11008,2.7134,16387,0.001024,3.296512,,0.040448,0.158464,0.000256,0.138752,0.007424,0.010239999999999999,,0.0038399999999999997,,1.948416,13617,10755,549,14.051313200000095
13618,321.38072260487525,277616807115,1,8.0968039110302925,8.2392,8.059648,2.1521,15899,0.001024,3.295232,,0.035072,0.162048,0,0.142848,0.007168,0.010239999999999999,,0.004608,,2.14144,13618,10756,549,14.059195700000146
13619,321.3888929988662,277616889507,1,8.1703942269086838,7.9354,8.07424,1.8413,16387,0.001024,3.291648,,0.041984,0.15795199999999998,0,0.137728,0.007424,0.0097279999999999988,,0.0048639999999999994,,1.933568,13619,10757,549,14.067387699999927
13620,321.39658650085033,277616968861,1,7.6935021206736565,8.0041,8.1536,2.0553,15899,0.001024,3.268608,,0.039936,0.15564799999999998,0,0.136192,0.011264,0.010239999999999999,,0.003584,,2.0864,13620,10758,549,14.075084999999945
13621,321.4043167020975,277617048902,1,7.7302013523876667,7.848,7.574272,1.979,16582,0.001024,3.2399359999999997,,0.036095999999999996,0.154112,0,0.134912,0.0076799999999999993,0.0097279999999999988,,0.004608,,1.748224,13621,10759,549,14.08285479999995
13622,321.41213090277779,277617127382,1,7.8142005950212479,8.2149,7.810304,2.2898,15899,0.001024,3.178752,,0.041471999999999995,0.158464,0,0.138752,0.0076799999999999993,0.010752,,0.004096,,2.0032,13622,10760,549,14.090586300000268
13623,321.419948901644,277617209531,1,7.81799852848053,7.6894,7.796224,1.7152,16439,0.001024,3.180544,,0.04224,0.152064,0,0.132352,0.005888,0.0097279999999999988,,0.004608,,1.926656,13623,10761,549,14.098531800000274
13624,321.4280281037415,277617286425,1,8.07920191437006,7.7931,7.79136,2.1111,15899,0.001024,3.101184,,0.039424,0.151808,0,0.131072,0.007936,0.009984,,0.0051199999999999996,,1.9463679999999999,13624,10762,549,14.106577399999878
13625,321.43584720096368,277617364356,1,7.819097489118576,7.6862,8.069376,2.0204,16387,0.0012799999999999999,3.2967679999999997,,0.040959999999999996,0.161024,0,0.141056,0.010752,0.009984,,0.004096,,2.02752,13625,10763,549,14.114398700000038
13626,321.44371330073693,277617441218,1,7.86609947681427,7.9415,7.808,1.9258,15899,0.001024,3.2327679999999996,,0.039424,0.158208,0.000256,0.138752,0.0076799999999999993,0.009472,,0.005632,,1.918208,13626,10764,549,14.122578800000156
13627,321.45178630243765,277617520633,1,8.0730020999908447,8.0524,7.837184,1.8466,23223,0.001024,3.2931839999999997,,0.039936,0.152576,0,0.13414399999999999,0.007936,0.009984,,0.0051199999999999996,,2.049792,13627,10765,549,14.130545900000016
13628,321.45985200538547,277617601157,1,8.0657033249735832,7.849,8.038656,2.4896,15899,0.0012799999999999999,3.234304,,0.03712,0.15488,0.000256,0.135424,0.008192,0.017664,,0.005888,,1.961984,13628,10766,549,14.138349599999856
13629,321.46749250283443,277617679647,1,7.6404972933232784,7.7611,8.066304,2.3088,16387,0.001024,3.1808,,0.038911999999999995,0.155904,0,0.13644799999999999,0.0076799999999999993,0.011264,,0.005376,,2.074112,13629,10767,549,14.145951200000127
13630,321.47530240221084,277617757258,1,7.8098992817103863,8.3857,7.613696,1.7443,15899,0.001024,3.269888,,0.039168,0.158208,0,0.140032,0.0076799999999999993,0.010239999999999999,,0.004096,,1.9310079999999998,13630,10768,549,14.154110899999978
13631,321.48324410430837,277617841115,1,7.9417023807764053,7.7707,7.786752,1.7952,16387,0.001024,3.234816,,0.038144,0.15872,0,0.13849599999999998,0.0076799999999999993,0.010752,,0.005632,,1.935104,13631,10769,549,14.161826399999882
13632,321.49130580357144,277617918822,1,8.0616995692253113,7.6367,7.92832,1.8532,15899,0.001024,3.175424,,0.039168,0.169984,0,0.150528,0.003072,0.009984,,0.004096,,2.130944,13632,10770,549,14.170028600000023
13633,321.49961230158726,277617995189,1,8.30649770796299,8.101,8.050176,1.8016,16387,0.001024,3.237888,,0.040704,0.159744,0.000256,0.13414399999999999,0.0076799999999999993,0.0097279999999999988,,0.004096,,1.74592,13633,10771,549,14.17804440000009
13634,321.50719450113377,277618076199,1,7.5821997597813606,7.7738,8.077568,1.7854,15899,0.001024,3.2888319999999998,,0.041215999999999996,0.15462399999999998,0.000256,0.134912,0.0076799999999999993,0.009984,,0.004608,,2.2527999999999997,13634,10772,549,14.185703699999976
13635,321.51531990504532,277618153937,1,8.12540389597416,8.1189,7.550976,2.4143,16387,0.0012799999999999999,3.170816,,0.03712,0.156672,0,0.137216,0.007424,0.010239999999999999,,0.004352,,1.9345919999999999,13635,10773,549,14.194044400000166
13636,321.52300910572563,277618235126,1,7.6892008073627949,8.1092,8.074752,1.9988,15899,0.001024,3.2381439999999997,,0.040704,0.1536,0,0.1344,0.0076799999999999993,0.009216,,0.005632,,2.01728,13636,10774,549,14.201451800000086
13637,321.5309683035714,277618316218,1,7.9591982066631317,7.6185,7.713024,1.7439,16387,0.001024,3.269376,,0.03584,0.15872,0.000256,0.140288,0.0051199999999999996,0.004096,,0.020735999999999997,,2.048,13637,10775,549,14.209378699999888
13638,321.5388202026644,277618392403,1,7.8518986701965332,8.3822,7.93856,1.8644,15899,0.001024,3.274496,,0.041471999999999995,0.155136,0,0.134912,0.0076799999999999993,0.009472,,0.0048639999999999994,,1.929984,13638,10776,549,14.217362200000025
13639,321.546856505102,277618476225,1,8.0363024026155472,7.3892,7.829504,1.8844,16387,0.001024,3.22816,,0.036608,0.155136,0,0.136192,0.007424,0.009984,,0.004352,,2.059776,13639,10777,549,14.225489400000242
13640,321.554994005102,277618550117,1,8.1374999135732651,7.9333,8.017408,1.8687,16296,0.001024,3.273472,,0.041215999999999996,0.15231999999999998,0,0.132352,0.0076799999999999993,0.010496,,0.004096,,1.7484799999999998,13640,10778,549,14.233521900000142
13641,321.56300880102037,277618629450,1,8.0147963017225266,7.9216,8.115968,1.8093,16387,0.19712,3.2870399999999997,,0.039424,0.15564799999999998,0,0.136192,0.0076799999999999993,0.009472,,0.0048639999999999994,,2.077184,13641,10779,549,14.241584899999907
13642,321.5712023030045,277618708666,1,8.193502202630043,8.1407,7.993856,2.2048,15899,0.001024,3.167744,,0.039168,0.15231999999999998,0,0.133888,0.0051199999999999996,0.010239999999999999,,0.004608,,2.249984,13642,10780,549,14.249784300000101
13643,321.57941280470521,277618790073,1,8.2105016335845,8.0553,8.17152,2.2675,16387,0.0012799999999999999,3.1813119999999997,,0.035328,0.16614399999999999,0,0.146176,0.008192,0.0097279999999999988,,0.004608,,2.189056,13643,10781,549,14.258288200000152
13644,321.58728180272107,277618870626,1,7.8689977526664734,8.0262,8.132096,1.9406,15899,0.001024,3.2368639999999997,,0.038911999999999995,0.172288,0.000256,0.141312,0.007936,0.009984,,0.0048639999999999994,,2.1056,13644,10782,549,14.265947700000197
13645,321.59512010345804,277618950888,1,7.8383004292845726,8.2368,7.904,1.8937,16387,0.001024,3.231744,,0.040704,0.16383999999999999,0,0.143616,0.007936,0.009984,,0.004608,,1.9327999999999999,13645,10783,549,14.273694500000147
13646,321.60306010487528,277619033256,1,7.9400017857551575,8.4489,7.819776,2.0303,15899,0.001024,3.233024,,0.035328,0.152064,0.000256,0.132608,0.003584,0.009984,,0.004352,,2.0736,13646,10784,549,14.28166790000023
13647,321.61124460034011,277619117745,1,8.1844953820109367,7.6917,7.922176,2.2075,16387,0.001024,3.2404479999999998,,0.040704,0.15129599999999999,0.000256,0.131072,0.0076799999999999993,0.0097279999999999988,,0.003584,,1.7469439999999998,13647,10785,549,14.289882999999918
13648,321.61942300170068,277619194662,1,8.1784017384052277,7.7864,8.159488,1.8501,15899,0.006144,3.187456,,0.04224,0.164608,0,0.13952,0.007168,0.010239999999999999,,0.005376,,2.10816,13648,10786,549,14.298307500000192
13649,321.62756850198411,277619272526,1,8.145499974489212,7.8715,8.137984,2.1063,16439,0.001024,3.2901119999999997,,0.039936,0.16,0.000256,0.141312,0.0038399999999999997,0.009216,,0.004608,,2.30016,13649,10787,549,14.306452199999967
13650,321.63554820011336,277619351241,1,7.9796984791755676,8.3214,8.148224,1.9548,15899,0.001024,3.281152,,0.035072,0.15488,0,0.135936,0.0076799999999999993,0.009984,,0.004096,,2.078208,13650,10788,549,14.314388100000087
13651,321.64389950396821,277619434455,1,8.35130363702774,8.3885,7.953664,1.9198,16387,0.001024,3.29216,,0.038911999999999995,0.179456,0.000256,0.140288,0.011519999999999999,0.0097279999999999988,,0.003584,,1.746432,13651,10789,549,14.322935799999868
13652,321.65180369897956,277619518340,1,7.9041952267289162,8.1932,8.33152,1.8554,16101,0.001024,3.230976,,0.035072,0.159744,0.000256,0.141312,0.008192,0.0097279999999999988,,0.004608,,2.4268799999999997,13652,10790,549,14.330726400000003
13653,321.65980080073695,277619600272,1,7.9971021041274071,7.8802,7.886336,2.28,16387,0.001024,3.2906239999999998,,0.042752,0.15231999999999998,0,0.130816,0.007936,0.0097279999999999988,,0.003584,,1.7487359999999998,13653,10791,549,14.33830160000025
13654,321.66765130385488,277619679074,1,7.8505035489797592,8.3366,7.979264,1.8717,15899,0.0012799999999999999,3.1014399999999998,,0.043008,0.163072,0,0.14310399999999998,0.009472,0.009472,,0.005632,,2.027776,13654,10792,549,14.34610819999989
13655,321.67533980300453,277619762440,1,7.6884990558028221,7.9966,7.832064,1.902,16387,0.0012799999999999999,3.2327679999999996,,0.038911999999999995,0.162048,0,0.143616,0.007936,0.009984,,0.004096,,2.109696,13655,10793,549,14.354053000000022
13656,321.68349370039681,277619842406,1,8.15389771014452,7.6196,7.668992,1.7188,15899,0.0012799999999999999,3.2368639999999997,,0.037376,0.162816,0.000256,0.142848,0.0038399999999999997,0.009216,,0.005376,,1.9563519999999999,13656,10794,549,14.362568900000042
13657,321.69128180272105,277619918602,1,7.7881021425127983,7.8031,8.132096,1.958,16387,0.001024,3.183872,,0.03584,0.164352,0.000256,0.144896,0.007168,0.010239999999999999,,0.004352,,2.2164479999999998,13657,10795,549,14.369740300000103
13658,321.69960240221087,277619996633,1,8.3205997943878174,7.9593,7.77728,1.7909,15899,0.001024,3.102464,,0.03968,0.157696,0,0.13849599999999998,0.00896,0.000768,,0.014336,,1.746432,13658,10796,549,14.378084400000262
13659,321.70721870039682,277620076226,1,7.6162982732057571,8.3785,8.297216,1.8866,16582,0.001024,3.291648,,0.041215999999999996,0.158464,0,0.137216,0.0076799999999999993,0.0097279999999999988,,0.0051199999999999996,,2.4317439999999997,13659,10797,549,14.385668899999928
13660,321.71554569869613,277620160011,1,8.3269979804754257,7.3391,7.593984,1.8121,15899,0.001024,3.177984,,0.036351999999999995,0.162048,0.000256,0.142848,0.009216,0.009216,,0.005376,,1.95712,13660,10798,549,14.394170900000063
13661,321.72341960034015,277620233402,1,7.8739020973443985,8.3011,8.306176,1.7905,16387,0.0012799999999999999,3.27168,,0.038911999999999995,0.1664,0.000256,0.146944,0.0076799999999999993,0.011519999999999999,,0.0051199999999999996,,2.066688,13661,10799,549,14.401968900000156
13662,321.73130920493196,277620316413,1,7.8896041959524155,7.6061,7.851776,2.1505,15899,0.001024,3.236096,,0.034816,0.154368,0,0.135424,0.008192,0.0097279999999999988,,0.005376,,2.1439999999999997,13662,10800,549,14.409952200000134
13663,321.73937320011339,277620392474,1,8.0639952793717384,8.4625,7.872,1.7574,16387,0.001024,3.185408,,0.040448,0.15334399999999998,0,0.133632,0.007424,0.0097279999999999988,,0.0038399999999999997,,1.9763199999999999,13663,10801,549,14.418134000000009
13664,321.747433404195,277620477099,1,8.0602038651704788,7.815,8.042752,2.0972,15899,0.001024,3.2714239999999997,,0.041215999999999996,0.161024,0.000256,0.141312,0.008704,0.009472,,0.004608,,2.029568,13664,10802,549,14.426177599999846
13665,321.7559299036281,277620555249,1,8.4964996203780174,7.8688,8.037376,2.0573,16589,0.001024,3.3003519999999997,,0.041471999999999995,0.155904,0,0.13644799999999999,0.0076799999999999993,0.009984,,0.0048639999999999994,,1.746432,13665,10803,549,14.434345199999825
13666,321.7641179988662,277620633937,1,8.1880949437618256,8.2792,8.481792,1.8014,15899,0.001024,3.177984,,0.039936,0.1536,0,0.134912,0.0076799999999999993,0.009984,,0.004352,,2.469376,13666,10804,549,14.442943600000035
13667,321.77198440334467,277620716729,1,7.8664040192961693,8.0556,8.162816,1.8938,16387,0.001024,3.292416,,0.044031999999999995,0.15795199999999998,0.000256,0.137216,0.0076799999999999993,0.0097279999999999988,,0.0048639999999999994,,1.7469439999999998,13667,10805,549,14.450730000000021
13668,321.77993360260768,277620797285,1,7.94919952750206,8.1868,7.85664,2.1188,21683,0.001024,3.212544,,0.035072,0.156672,0,0.137984,0.007424,0.010239999999999999,,0.004352,,2.136576,13668,10806,549,14.458511599999838
13669,321.78764670493194,277620879153,1,7.7131022699177265,8.5531,7.930624,1.8422,16387,0.001024,3.29088,,0.045312,0.15795199999999998,0.000256,0.13849599999999998,0.003328,0.009472,,0.004352,,1.952256,13669,10807,549,14.466183999999885
13670,321.79574430272106,277620964684,1,8.0975973978638649,7.8073,7.691776,2.0995,15899,0.001024,3.183872,,0.036351999999999995,0.15564799999999998,0,0.136704,0.0076799999999999993,0.010752,,0.0038399999999999997,,1.951488,13670,10808,549,14.474742800000058
13671,321.80399450113379,277621042757,1,8.25019832700491,7.7648,8.077312,2.468,16387,0.001024,3.287552,,0.040704,0.1664,0.000256,0.13849599999999998,0.003328,0.0097279999999999988,,0.005376,,1.7484799999999998,13671,10809,549,14.482472799999869
13672,321.81223150510203,277621120405,1,8.237004280090332,7.693,8.2368,1.8178,18448,0.001024,3.2985599999999997,,0.041728,0.152832,0,0.131584,0.007936,0.009216,,0.004352,,2.0671999999999997,13672,10810,549,14.490759300000263
13673,321.82035390447845,277621197335,1,8.12239944934845,8.4342,8.216832,1.9351,16387,0.001024,3.2381439999999997,,0.038911999999999995,0.163072,0,0.1344,0.0076799999999999993,0.010239999999999999,,0.004352,,2.47808,13673,10811,549,14.499259300000176
13674,321.82848830073692,277621281677,1,8.1343958154320717,7.88,8.102656,2.3183,15951,0.0012799999999999999,3.294464,,0.038911999999999995,0.16358399999999998,0.000256,0.143616,0.007424,0.010752,,0.004096,,1.7484799999999998,13674,10812,549,14.507149900000059
13675,321.8365773030045,277621360477,1,8.0890022218227386,8.2439,8.102144,2,16387,0.001024,3.242752,,0.038655999999999996,0.16025599999999998,0,0.141568,0.004352,0.009984,,0.003328,,2.363648,13675,10813,549,14.515137400000185
13676,321.84423399943307,277621442916,1,7.6566962525248528,8.4082,8.07296,1.8036,15899,0.001024,3.27424,,0.037376,0.158208,0,0.138752,0.0076799999999999993,0.009472,,0.004608,,2.102528,13676,10814,549,14.52273839999998
13677,321.85208870464851,277621526998,1,7.8547056764364243,7.9833,7.636992,2.0649,16734,0.001024,3.232512,,0.038911999999999995,0.154112,0.000256,0.13516799999999998,0.007424,0.010239999999999999,,0.0048639999999999994,,2.014208,13677,10815,549,14.530721600000106
13678,321.86011870039681,277621606831,1,8.0299954861402512,8.039,7.84512,2.3914,16094,0.001024,3.1777279999999997,,0.036864,0.15795199999999998,0,0.13849599999999998,0.007936,0.0097279999999999988,,0.005376,,1.7484799999999998,13678,10816,549,14.538588400000208
13679,321.86784340277774,277621687221,1,7.72470235824585,7.5085,8.016384,1.9486,16387,0.001024,3.189504,,0.040959999999999996,0.161024,0.000256,0.14079999999999998,0.0097279999999999988,0.0097279999999999988,,0.0038399999999999997,,2.0303359999999997,13679,10817,549,14.5462907000001
13680,321.87579060374151,277621762306,1,7.9472009092569351,7.9313,7.70176,2.1675,15899,0.001024,3.1879679999999997,,0.039168,0.15334399999999998,0,0.134656,0.008704,0.029696,,0.004352,,1.9479039999999999,13680,10818,549,14.554288799999995
13681,321.88413350340136,277621841619,1,8.34289938211441,7.9854,7.928832,1.8166,16387,0.0012799999999999999,3.2901119999999997,,0.036864,0.156416,0.000256,0.13696,0.0076799999999999993,0.010496,,0.0048639999999999994,,1.9458559999999998,13681,10819,549,14.563041200000043
13682,321.89208390022674,277621921473,1,7.9503972083330154,7.7327,8.32256,1.9459,15899,0.001024,3.294464,,0.036864,0.154368,0,0.134912,0.0076799999999999993,0.007936,,0.0076799999999999993,,2.195712,13682,10820,549,14.570684400000118
13683,321.90042980442178,277621998800,1,8.34590382874012,7.9557,7.940352,1.84,16387,0.001024,3.1982079999999997,,0.039424,0.160768,0,0.14079999999999998,0.008192,0.009472,,0.004352,,1.94176,13683,10821,549,14.579643900000065
13684,321.90871380385488,277622078357,1,8.2839997485280037,8.7642,8.330496,1.9559,15899,0.001024,3.286784,,0.042752,0.165632,0,0.146944,0.007936,0.009984,,0.005376,,2.5006079999999997,13684,10822,549,14.587225799999942
13685,321.91655850340135,277622165999,1,7.8446995466947556,7.6063,8.262144,1.9767,16387,0.001024,3.2762879999999996,,0.039424,0.15923199999999998,0,0.140288,0.004352,0.002304,,0.011776,,1.747456,13685,10823,549,14.595277500000066
13686,321.92456070011337,277622242062,1,8.0021964386105537,8.8752,7.820032,1.8518,15899,0.001024,3.295232,,0.037632,0.152064,0,0.133632,0.0076799999999999993,0.010239999999999999,,0.004352,,2.084608,13686,10824,549,14.603062799999861
13687,321.93285620039683,277622330814,1,8.29550065100193,7.6677,7.981312,1.8159,16387,0.0012799999999999999,3.287296,,0.040959999999999996,0.155904,0,0.135936,0.0063999999999999994,0.0097279999999999988,,0.004352,,1.9461119999999998,13687,10825,549,14.611506900000222
13688,321.94073660005665,277622407491,1,7.8803999349474907,8.0552,8.28032,1.747,15899,0.001024,3.2888319999999998,,0.039424,0.15564799999999998,0,0.13644799999999999,0.007936,0.010752,,0.004608,,2.1445119999999998,13688,10826,549,14.619693500000267
13689,321.94949790249433,277622488043,1,8.7613025680184364,7.7879,7.852288,1.8491,16387,0.001024,3.299584,,0.03968,0.153856,0,0.133888,0.003328,0.009472,,0.0048639999999999994,,1.746432,13689,10827,549,14.628299299999981
13690,321.95719430272106,277622565922,1,7.69640039652586,8.4835,8.741376,1.8844,22735,0.0012799999999999999,3.294208,,0.042752,0.160512,0,0.14079999999999998,0.0076799999999999993,0.009984,,0.005888,,2.39744,13690,10828,549,14.635748799999874
13691,321.96476240079363,277622650757,1,7.56809813901782,8.0756,7.68,1.7764,16387,0.001024,3.264,,0.038144,0.152576,0,0.132352,0.0038399999999999997,0.009472,,0.0051199999999999996,,1.916672,13691,10829,549,14.643301300000076
13692,321.97284370039682,277622731513,1,8.081299252808094,8.4006,7.545344,1.8524,15899,0.0012799999999999999,3.0947839999999998,,0.035584,0.16,0,0.14079999999999998,0.007936,0.009984,,0.004096,,1.9548159999999999,13692,10830,549,14.651376599999821
13693,321.98091490221088,277622815519,1,8.071201853454113,7.7173,8.065024,1.7922,16387,0.001024,3.1818239999999998,,0.037376,0.156672,0,0.137216,0.0076799999999999993,0.009984,,0.003328,,2.116864,13693,10831,549,14.659469799999897
13694,321.98909640022674,277622892692,1,8.1814983859658241,7.5711,8.0576,1.8287,15899,0.001024,3.182848,,0.041728,0.161792,0,0.13824,0.0076799999999999993,0.009216,,0.0048639999999999994,,1.970432,13694,10832,549,14.667790399999831
13695,321.99694270124718,277622968403,1,7.8463014215230942,8.0808,8.155392,1.8384,16387,0.001024,3.272448,,0.040959999999999996,0.15001599999999998,0,0.130048,0.0076799999999999993,0.009472,,0.0038399999999999997,,2.110464,13695,10833,549,14.675650199999836
13696,322.00501150085034,277623049211,1,8.06879997253418,8.11,7.823104,1.8283,15899,0.001024,3.278848,,0.039168,0.155904,0,0.136192,0.0076799999999999993,0.010239999999999999,,0.0051199999999999996,,1.747968,13696,10834,549,14.683505100000275
13697,322.01334680413834,277623130311,1,8.3353035151958466,8.2943,8.051456,2.3,16582,0.001024,3.2350719999999997,,0.0384,0.155136,0,0.134656,0.007424,0.010496,,0.0051199999999999996,,2.031616,13697,10835,549,14.691869300000235
13698,322.02146000566893,277623213254,1,8.1132017076015472,7.8857,8.315648,2.1703,15899,0.001024,3.181568,,0.043264,0.160512,0.000256,0.141056,0.004352,0.009216,,0.005376,,2.3767039999999997,13698,10836,549,14.700143000000025
13699,322.02935660430836,277623292111,1,7.8965984284877777,7.8184,8.092672,1.8467,17002,0.001024,3.2919039999999997,,0.036864,0.158976,0,0.13516799999999998,0.005376,0.0097279999999999988,,0.004608,,2.096384,13699,10837,549,14.707999600000221
13700,322.03652170493194,277623370295,1,7.1651004254817963,8.3973,7.87328,2.2582,50150,0.001024,3.2737279999999997,,0.036095999999999996,0.15744,0,0.137728,0.0076799999999999993,0.010496,,0.004352,,1.90976,13700,10838,549,14.714970500000163
13701,322.04365230300454,277623454268,1,7.1305981837213039,8.2615,7.142144,1.8108,16387,0.001024,3.2732159999999997,,0.033791999999999996,0.161024,0,0.142336,0.012032,0.010496,,0.0038399999999999997,,1.7469439999999998,13701,10839,549,14.722338000000036
13702,322.05289450113378,277623536883,1,9.2421984300017357,7.8647,7.10912,1.8969,16101,0.001024,3.270656,,0.033791999999999996,0.160512,0,0.142336,0.007936,0.009984,,0.003584,,1.7471999999999999,13702,10840,549,14.731692199999998
13703,322.06095279903627,277623615530,1,8.0582974478602409,6.9774,8.145152,2.189,16387,0.0012799999999999999,3.3021439999999997,,0.039168,0.158976,0,0.139008,0.0051199999999999996,0.011264,,0.0051199999999999996,,1.938944,13703,10841,549,14.739515700000084
13704,322.06876349914967,277623685304,1,7.8107002191245556,7.3018,8.029952,2.2432,15899,0.001024,3.177984,,0.039168,0.163328,0,0.14336,0.0076799999999999993,0.011519999999999999,,0.005632,,2.0907519999999997,13704,10842,549,14.747613000000001
13705,322.07698280187071,277623758322,1,8.2193026319146156,9.3386,7.794432,1.9744,16387,0.001024,3.2253439999999998,,0.035328,0.1536,0,0.133888,0.0076799999999999993,0.010239999999999999,,0.0048639999999999994,,1.9494399999999998,13705,10843,549,14.755563000000166
13706,322.08490920493193,277623851708,1,7.9264026135206223,7.877,8.190208,1.748,15899,0.001024,3.2337919999999998,,0.040959999999999996,0.15488,0,0.135936,0.007936,0.010752,,0.0038399999999999997,,2.0654079999999997,13706,10844,549,14.763466200000039
13707,322.0929685019841,277623930478,1,8.0592967569828033,7.834,7.912704,2.7159,16387,0.001024,3.1782399999999997,,0.03584,0.154368,0,0.1344,0.0076799999999999993,0.012544,,0.0025599999999999998,,1.7456639999999999,13707,10845,549,14.771469199999956
13708,322.10099760487526,277624008818,1,8.02910327911377,8.2512,8.030208,2.2836,15899,0.001024,3.268608,,0.043519999999999996,0.16153599999999999,0,0.141824,0.004608,0.000512,,0.014591999999999999,,2.0756479999999997,13708,10846,549,14.779704800000218
13709,322.10907679988662,277624091330,1,8.0791953951120377,7.8687,8.017152,1.8767,16757,0.001024,3.2363519999999997,,0.03328,0.162304,0,0.143616,0.008192,0.010239999999999999,,0.003584,,1.747456,13709,10847,549,14.787731100000201
13710,322.11686950113375,277624170017,1,7.7927014790475368,8.0317,8.023296,2.0646,15899,0.001024,3.1813119999999997,,0.03712,0.160768,0,0.14079999999999998,0.007424,0.0097279999999999988,,0.0051199999999999996,,1.7471999999999999,13710,10848,549,14.79556360000015
13711,322.12519890164396,277624250334,1,8.3294007927179337,8.1284,7.811584,1.8002,16387,0.001024,3.2931839999999997,,0.040448,0.160512,0,0.142336,0.0076799999999999993,0.009984,,0.004608,,2.0520959999999997,13711,10849,549,14.8037589999999
13712,322.13357620464853,277624331618,1,8.37730336934328,8.1087,8.303104,1.8611,15899,0.001024,3.2936959999999997,,0.040448,0.156416,0,0.135936,0.0076799999999999993,0.0097279999999999988,,0.005376,,2.235392,13712,10850,549,14.812117299999954
13713,322.14140340136055,277624412705,1,7.8271962702274323,7.7169,8.364032,2.3377,16387,0.001024,3.2949759999999997,,0.039424,0.161792,0,0.141568,0.008192,0.001536,,0.012032,,2.11456,13713,10851,549,14.819941199999903
13714,322.14937380243765,277624489874,1,7.9704010859131813,8.264,7.8144,2.1635,15899,0.0012799999999999999,3.181568,,0.040192,0.152064,0,0.133888,0.0076799999999999993,0.0097279999999999988,,0.004352,,1.746688,13714,10852,549,14.8280878999999
13715,322.15717130102041,277624572514,1,7.7974987216293812,8.4131,7.942144,2.056,29895,0.001024,3.292672,,0.040959999999999996,0.148224,0.000256,0.12825599999999998,0.007424,0.010239999999999999,,0.0025599999999999998,,2.0774399999999997,13715,10853,549,14.835825200000272
13716,322.16555120464852,277624656645,1,8.3799036219716072,7.8344,7.777536,2.1244,16094,0.001024,3.09504,,0.039424,0.156672,0.000256,0.13747199999999998,0.0097279999999999988,0.003584,,0.010496,,1.958912,13716,10854,549,14.844267400000263
13717,322.17338190192743,277624734989,1,7.8306971117854118,7.9845,8.359936,2.0321,16387,0.001024,3.271168,,0.039168,0.152832,0,0.133632,0.007424,0.009984,,0.005376,,1.748224,13717,10855,549,14.851856100000077
13718,322.18148170351475,277624814834,1,8.09980183839798,7.9056,7.809024,2.4378,15899,0.001024,3.276544,,0.038655999999999996,0.163072,0,0.143616,0.007936,0.009984,,0.003328,,2.048512,13718,10856,549,14.860276700000213
13719,322.18946439909297,277624893890,1,7.98269547522068,8.4035,8.08448,1.8829,16387,0.001024,3.277056,,0.03584,0.16358399999999998,0,0.14438399999999998,0.007424,0.0097279999999999988,,0.004352,,2.0019199999999997,13719,10857,549,14.86812000000009
13720,322.1975950042517,277624977925,1,8.1306053325533867,7.6489,7.964416,2.1754,15899,0.001024,3.234816,,0.03584,0.157696,0,0.13747199999999998,0.008192,0.012544,,0.004352,,2.036736,13720,10858,549,14.876557600000069
13721,322.20595920493196,277625054414,1,8.3642005920410156,8.3668,8.105728,1.8096,22171,0.001024,3.276544,,0.03584,0.15334399999999998,0.000256,0.1344,0.011519999999999999,0.0097279999999999988,,0.0051199999999999996,,1.746176,13721,10859,549,14.884895400000005
13722,322.21413060515874,277625138082,1,8.1714000552892685,7.8948,8.339968,1.7671,15899,0.001024,3.177984,,0.042496,0.164096,0,0.145152,0.0076799999999999993,0.009984,,0.003584,,2.5561599999999998,13722,10860,549,14.893174100000124
13723,322.22196699971653,277625217030,1,7.8363949432969093,8.2883,8.152576,2.3647,16387,0.001024,3.269376,,0.03968,0.16,0,0.140288,0.007424,0.011776,,0.0038399999999999997,,1.746176,13723,10861,549,14.900528499999837
13724,322.23027050028344,277625299913,1,8.3035007119178772,8.4522,7.8208,1.9131,21880,0.001024,3.1884799999999998,,0.038655999999999996,0.154368,0,0.135424,0.0051199999999999996,0.0097279999999999988,,0.003584,,2.124288,13724,10862,549,14.908925400000044
13725,322.23829400510203,277625384435,1,8.0235050991177559,8.1318,8.288256,1.7566,16387,0.19097599999999998,3.274752,,0.040448,0.158208,0,0.13849599999999998,0.0076799999999999993,0.012288,,0.003584,,2.020352,13725,10863,549,14.916970900000251
13726,322.24681529903626,277625465753,1,8.5212942212820053,7.4879,8.00256,2.0342,59803,0.001024,3.229184,,0.036864,0.15616,0,0.136192,0.003328,0.0097279999999999988,,0.0051199999999999996,,2.09408,13726,10864,549,14.926405700000032
13727,322.25505670351475,277625540632,1,8.24140477925539,8.3731,8.467456,2.022,16734,0.001024,3.239168,,0.041215999999999996,0.157696,0.000256,0.13644799999999999,0.006144,0.010496,,0.0051199999999999996,,1.9379199999999999,13727,10865,549,14.933702599999833
13728,322.26302840136054,277625624363,1,7.9716974869370461,8.0464,8.25472,1.9918,27612,0.001024,3.240192,,0.035584,0.161024,0,0.14079999999999998,0.007424,0.0097279999999999988,,0.006144,,2.086912,13728,10866,549,14.941770299999916
13729,322.27144630102038,277625704827,1,8.41789972037077,9.3777,7.955456,1.8654,16387,0.001024,3.2314879999999997,,0.03712,0.15462399999999998,0.000256,0.134912,0.0076799999999999993,0.0097279999999999988,,0.003584,,1.9530239999999999,13729,10867,549,14.950425900000027
13730,322.27952030187072,277625798604,1,8.0740004777908325,7.3338,8.39168,1.9162,15899,0.001024,3.2337919999999998,,0.040959999999999996,0.1536,0,0.133632,0.0076799999999999993,0.0097279999999999988,,0.003584,,2.191872,13730,10868,549,14.958294699999897
13731,322.2876075042517,277625871942,1,8.0872019752860069,8.0846,8.050176,2.298,22316,0.001024,3.2913919999999997,,0.041984,0.158464,0,0.139008,0.0051199999999999996,0.011519999999999999,,0.0048639999999999994,,1.7469439999999998,13731,10869,549,14.96632980000004
13732,322.29580130385489,277625952788,1,8.1937992945313454,8.6772,8.076288,2.1037,15899,0.001024,3.1751679999999998,,0.040448,0.155136,0,0.13516799999999998,0.004608,0,,0.036608,,2.0152319999999997,13732,10870,549,14.974389800000154
13733,322.303770904195,277626039560,1,7.969600148499012,7.8592,8.179456,2.1059,16387,0.001024,3.244288,,0.037888,0.15744,0,0.137728,0.0076799999999999993,0.010239999999999999,,0.0048639999999999994,,1.747968,13733,10871,549,14.982353299999886
13734,322.31184680413833,277626118152,1,8.0759003758430481,7.9987,7.94624,2.0772,15899,0.001024,3.182336,,0.039424,0.15488,0,0.13568,0.003584,0.009472,,0.004608,,2.008064,13734,10872,549,14.990325499999926
13735,322.3203,277626198139,1,8.4531959146261215,8.1064,8.062464,1.8873,16582,0.001024,3.272448,,0.035328,0.34559999999999996,0,0.137216,0.005376,0.0097279999999999988,,0.004352,,2.072064,13735,10873,549,14.99904800000013
13736,322.32805240221086,277626279203,1,7.7524022199213505,7.9628,8.270336,2.1452,15899,0.001024,3.29344,,0.039168,0.469504,0.000256,0.123648,0.033024,0.0097279999999999988,,0.004608,,1.749504,13736,10874,549,15.007018499999958
13737,322.33615780187074,277626358831,1,8.1054000183939934,7.9943,7.715072,1.8623,16387,0.001024,3.104256,,0.038655999999999996,0.165376,0,0.146432,0.0076799999999999993,0.010496,,0.004608,,2.1022719999999997,13737,10875,549,15.014768200000162
13738,322.34392350481858,277626438774,1,7.7657029032707214,8.7179,8.100096,2.2263,15899,0.001024,3.231744,,0.038911999999999995,0.152064,0,0.13286399999999998,0.0076799999999999993,0.010496,,0.0051199999999999996,,2.106368,13738,10876,549,15.022575100000267
13739,322.35173910147392,277626525953,1,7.8155966475605965,7.9536,7.737088,1.9893,16734,0.001024,3.291136,,0.039168,0.161792,0.000256,0.13747199999999998,0.005376,0.0025599999999999998,,0.011007999999999999,,2.028544,13739,10877,549,15.030546699999832
13740,322.35988129960316,277626605489,1,8.1421984359622,7.7737,7.778048,1.8744,15899,0.001024,3.0965759999999998,,0.039936,0.15488,0,0.135424,0.007424,0.009216,,0.005632,,1.7489919999999999,13740,10878,549,15.038387800000237
13741,322.36746889880953,277626683226,1,7.5875991024076939,7.7067,8.137216,2.0047,16387,0.001024,3.1884799999999998,,0.039936,0.180992,0,0.160768,0.008192,0.00896,,0.004608,,2.0792319999999997,13741,10879,549,15.045928600000025
13742,322.37535020549888,277626760293,1,7.8813070431351662,8.0818,7.572992,2.1106,15899,0.001024,3.2345599999999997,,0.039168,0.156416,0.000256,0.137984,0.0076799999999999993,0.009984,,0.0038399999999999997,,1.9363839999999999,13742,10880,549,15.054016999999931
13743,322.38349770408161,277626841111,1,8.1474985927343369,7.82,7.862272,1.8211,16387,0.001024,3.269888,,0.0384,0.15692799999999998,0,0.13696,0.003584,0.009984,,0.005376,,1.9363839999999999,13743,10881,549,15.06207970000014
13744,322.39146200396823,277626919311,1,7.9642999917268753,7.5626,8.13184,2.4173,15899,0.001024,3.269888,,0.035328,0.15616,0,0.136704,0.004352,0.010752,,0.0048639999999999994,,2.1445119999999998,13744,10882,549,15.070041100000253
13745,322.39965850340133,277626994937,1,8.1964991986751556,8.0325,7.95136,1.9134,16387,0.001024,3.278848,,0.040192,0.15795199999999998,0,0.137984,0.007424,0.0097279999999999988,,0.004352,,1.746432,13745,10883,549,15.078130800000054
13746,322.4073758999433,277627075262,1,7.7173965983092785,8.1108,7.979776,1.8707,15899,0.001024,3.193088,,0.038911999999999995,0.159744,0,0.140544,0.007936,0.009472,,0.004352,,2.242816,13746,10884,549,15.0860203000002
13747,322.41534510345804,277627156370,1,7.9692034050822258,7.9286,7.68384,2.506,16387,0.001024,3.229952,,0.036351999999999995,0.154368,0.000256,0.134656,0.007424,0.008704,,0.006144,,1.9596799999999999,13747,10885,549,15.093956700000035
13748,322.42306079931973,277627235656,1,7.7156960032880306,8.1255,7.9424,2.1116,15899,0.0012799999999999999,3.297024,,0.037376,0.162816,0,0.14310399999999998,0.008192,0.009472,,0.0051199999999999996,,2.023936,13748,10886,549,15.101614799999879
13749,322.431095904195,277627316911,1,8.0351047217845917,7.8383,7.708928,1.7677,16439,0.001024,3.272448,,0.035328,0.15231999999999998,0,0.133376,0.003328,0.010239999999999999,,0.004608,,2.053632,13749,10887,549,15.1095593
13750,322.4390792020975,277627395294,1,7.9832980409264565,8.002,8.016128,1.7401,15899,0.001024,3.2954879999999998,,0.041215999999999996,0.160512,0.000256,0.140544,0.0076799999999999993,0.010752,,0.005888,,1.934848,13750,10888,549,15.117802499999925
13751,322.44681789965983,277627475314,1,7.7386973425745964,7.6073,7.960576,1.8243,16387,0.001024,3.097088,,0.039424,0.156416,0,0.13696,0.0076799999999999993,0.00896,,0.005376,,2.0925439999999997,13751,10889,549,15.12531540000009
13752,322.45485860260771,277627551387,1,8.0407029017806053,7.9859,7.721984,1.7822,16101,0.001024,3.3003519999999997,,0.036864,0.156672,0.000256,0.137216,0.0076799999999999993,0.010239999999999999,,0.004608,,1.7471999999999999,13752,10890,549,15.133627900000192
13753,322.46321510062359,277627631246,1,8.356497623026371,8.2123,8.018688,1.7142,23021,0.001024,3.234048,,0.03968,0.35072,0,0.14464,0.009472,0.010752,,0.004096,,2.021888,13753,10891,549,15.141800400000193
13754,322.47131670209751,277627713369,1,8.1016011536121368,7.5469,8.247296,1.7872,16094,0.001024,3.2785919999999997,,0.038911999999999995,0.15564799999999998,0,0.13696,0.003584,0.009984,,0.004608,,1.9563519999999999,13754,10892,549,15.149903500000164
13755,322.47925549886622,277627788838,1,7.938796654343605,8.009,8.1792,1.7975,16387,0.001024,3.274496,,0.041471999999999995,0.163072,0,0.142592,0.009216,0.009984,,0.005632,,2.193408,13755,10893,549,15.157798400000047
13756,322.48703590561223,277627868928,1,7.7804066240787506,8.4751,7.885824,2.1094,15899,0.001024,3.27424,,0.036608,0.16512,0,0.145152,0.007936,0.00896,,0.0048639999999999994,,1.9276799999999998,13756,10894,549,15.165539300000091
13757,322.49504370039682,277627953679,1,8.0077946186065674,8.0597,7.783168,1.8635,16387,0.001024,3.231232,,0.036864,0.152832,0,0.13286399999999998,0.0076799999999999993,0.009984,,0.005376,,1.929984,13757,10895,549,15.173856299999898
13758,322.50291600056687,277628034276,1,7.87230022251606,7.9294,7.986688,1.8542,15899,0.001024,3.292928,,0.035584,0.158976,0,0.140032,0.007936,0.009984,,0.003584,,2.078208,13758,10896,549,15.181460900000275
13759,322.51095639880953,277628113570,1,8.0403983592987061,7.7449,7.831808,2.1062,16387,0.001024,3.1825919999999996,,0.035328,0.15462399999999998,0,0.13286399999999998,0.0051199999999999996,0.011007999999999999,,0.004352,,1.747456,13759,10897,549,15.189344800000072
13760,322.51865459892286,277628191019,1,7.6982001774013042,8.3286,8.03328,1.8403,15899,0.0012799999999999999,3.276032,,0.039168,0.15001599999999998,0,0.131072,0.003328,0.0097279999999999988,,0.004096,,2.0774399999999997,13760,10898,549,15.197211400000015
13761,322.52674820011339,277628274305,1,8.09360109269619,7.5793,7.680512,2.1061,16387,0.001024,3.232256,,0.039168,0.160768,0.000256,0.139264,0.0076799999999999993,0.009984,,0.0038399999999999997,,1.929984,13761,10899,549,15.20529230000011
13762,322.53447480158729,277628350098,1,7.7266013249754906,7.9158,8.0768,2.1141,15899,0.001024,3.183872,,0.038911999999999995,0.1536,0.000256,0.13516799999999998,0.003328,0.010239999999999999,,0.0048639999999999994,,2.144768,13762,10900,549,15.213121499999943
13763,322.54272380243765,277628429256,1,8.249000646173954,7.7909,7.70304,1.7625,16387,0.001024,3.197952,,0.03968,0.160512,0,0.14079999999999998,0.003328,0.0097279999999999988,,0.004352,,1.747456,13763,10901,549,15.221351300000151
13764,322.55069330357139,277628507165,1,7.9695014283061028,8.1505,8.233984,1.8829,15899,0.001024,3.2345599999999997,,0.040959999999999996,0.154112,0.000256,0.13516799999999998,0.007936,0.010752,,0.004608,,1.945344,13764,10902,549,15.229502099999991
13765,322.55892120181403,277628588670,1,8.2278978079557419,7.7676,7.954688,1.7196,16589,0.001024,3.22944,,0.036864,0.15564799999999998,0,0.13644799999999999,0.0076799999999999993,0.009984,,0.004352,,2.139904,13765,10903,549,15.237716800000271
13766,322.56671600056688,277628666346,1,7.7947988174855709,8.2631,8.214272,1.8313,15899,0.001024,3.177472,,0.040192,0.15564799999999998,0,0.13644799999999999,0.0076799999999999993,0.009472,,0.005888,,1.7469439999999998,13766,10904,549,15.245362300000124
13767,322.57472470238093,277628748977,1,8.0087017267942429,8.1202,7.756032,2.0648,16387,0.001024,3.2394239999999996,,0.038655999999999996,0.16255999999999998,0,0.144128,0.004608,0.010239999999999999,,0.0048639999999999994,,2.031616,13767,10905,549,15.253193099999862
13768,322.58297370323129,277628830179,1,8.249000646173954,8.2482,7.99744,1.7725,15899,0.001024,3.2327679999999996,,0.038911999999999995,0.15564799999999998,0.000256,0.136704,0.0076799999999999993,0.009472,,0.005632,,1.9509759999999998,13768,10906,549,15.262078799999927
13769,322.59067540391158,277628912661,1,7.7017005532979965,7.6466,8.23168,2.0094,16387,0.001024,3.186432,,0.041728,0.15872,0,0.13696,0.003072,0.009472,,0.004608,,2.107392,13769,10907,549,15.269386200000099
13770,322.59870040391155,277628989127,1,8.0249998718500137,7.8585,7.66976,1.8628,15899,0.0012799999999999999,3.23968,,0.038911999999999995,0.15923199999999998,0,0.140032,0.004608,0.002304,,0.012544,,1.746176,13770,10908,549,15.277639200000067
13771,322.60676740362811,277629067712,1,8.066999725997448,8.7596,8.012544,1.8266,16387,0.001024,3.290368,,0.041215999999999996,0.16,0.000256,0.13849599999999998,0.0076799999999999993,0.009984,,0.004096,,1.960192,13771,10909,549,15.285689199999979
13772,322.6153461026077,277629155308,1,8.5786990821361542,7.4215,8.057088,2.4827,15899,0.001024,3.2296959999999997,,0.04224,0.16153599999999999,0,0.141568,0.0076799999999999993,0.011264,,0.003584,,1.9159039999999998,13772,10910,549,15.293953299999885
13773,322.62307100340132,277629229523,1,7.7249007299542427,8.2029,8.535552,1.8403,16582,0.001024,3.2936959999999997,,0.041215999999999996,0.15795199999999998,0,0.137984,0.0063999999999999994,0.0097279999999999988,,0.004096,,1.7487359999999998,13773,10911,549,15.301549600000271
13774,322.63115610119047,277629311552,1,8.08509811758995,8.0512,7.725312,2.1484,15899,0.001024,3.232256,,0.03456,0.16255999999999998,0.000256,0.143872,0.0038399999999999997,0.009984,,0.004096,,2.031104,13774,10912,549,15.309715899999901
13775,322.63920690192742,277629392064,1,8.0508003011345863,8.2591,8.064768,1.8568,16439,0.001024,3.2954879999999998,,0.041984,0.154368,0,0.13183999999999998,0.0076799999999999993,0.009472,,0.004352,,2.017792,13775,10913,549,15.31782209999983
13776,322.647533404195,277629474655,1,8.32650251686573,7.6702,8.024832,2.031,15899,0.0012799999999999999,3.234304,,0.040448,0.153856,0,0.1344,0.007424,0.0097279999999999988,,0.004352,,2.0738559999999997,13776,10914,549,15.326134700000239
13777,322.65584980158729,277629551357,1,8.3163976669311523,8.0569,8.308736,1.7973,16589,0.0012799999999999999,3.284992,,0.040192,0.157696,0,0.13849599999999998,0.007424,0.011007999999999999,,0.0051199999999999996,,1.746176,13777,10915,549,15.334745300000122
13778,322.66344540107707,277629631926,1,7.5955996289849281,8.2036,8.299008,1.9264,15899,0.001024,3.1759359999999996,,0.03968,0.160512,0,0.141312,0.008192,0.010239999999999999,,0.005376,,2.492416,13778,10916,549,15.342064800000117
13779,322.67108610402494,277629713962,1,7.6407031156122684,8.2845,7.575808,1.7544,22171,0.001024,3.2319999999999998,,0.036608,0.156416,0,0.137216,0.006656,0.005888,,0.0076799999999999993,,1.9576319999999998,13779,10917,549,15.349718999999823
13780,322.67901660289112,277629796807,1,7.9304985702037811,8.3942,7.62112,1.7926,15899,0.001024,3.1892479999999996,,0.038911999999999995,0.15795199999999998,0,0.139008,0.003584,0.009472,,0.004608,,1.9714559999999999,13780,10918,549,15.357529700000214
13781,322.68707540391154,277629880749,1,8.0588012933731079,7.5364,7.93472,2.2858,16387,0.001024,3.17696,,0.042496,0.158464,0.000256,0.13849599999999998,0.0076799999999999993,0.011776,,0.0048639999999999994,,1.747712,13781,10919,549,15.365485799999988
13782,322.69515500283444,277629956113,1,8.0795986577868462,7.664,8.022272,1.9141,15899,0.001024,3.0991359999999997,,0.044031999999999995,0.15488,0,0.134912,0.00896,0.009472,,0.004096,,2.185728,13782,10920,549,15.373589199999969
13783,322.703376899093,277630032753,1,8.22189636528492,7.7708,8.065792,1.9276,16387,0.001024,3.236096,,0.039424,0.15564799999999998,0.000256,0.13644799999999999,0.006912,0.009984,,0.004608,,2.038016,13783,10921,549,15.381905700000061
13784,322.71120440051021,277630110461,1,7.8275017440319061,8.0227,8.190464,2.0486,15899,0.001024,3.30112,,0.041471999999999995,0.159488,0,0.136704,0.0076799999999999993,0.011776,,0.004096,,1.7484799999999998,13784,10922,549,15.389760900000056
13785,322.71925899943307,277630190688,1,8.0545991659164429,8.055,7.808256,1.883,16387,0.001024,3.2936959999999997,,0.039168,0.16486399999999998,0,0.142848,0.0076799999999999993,0.0097279999999999988,,0.005376,,2.075136,13785,10923,549,15.397991299999831
13786,322.72737460317461,277630271238,1,8.11560358852148,8.3678,8.048896,1.8939,15899,0.001024,3.2670719999999998,,0.039168,0.154112,0,0.13568,0.0076799999999999993,0.009984,,0.004608,,2.235904,13786,10924,549,15.405964099999892
13787,322.73542300170067,277630354916,1,8.048398420214653,7.808,8.08704,2.4979,16387,0.001024,3.2345599999999997,,0.039168,0.160512,0,0.140544,0.004096,0.011007999999999999,,0.005376,,2.107392,13787,10925,549,15.413924999999836
13788,322.74328600481857,277630432996,1,7.8630028292536736,8.0457,7.963136,1.6996,15899,0.001024,3.296,,0.039424,0.156672,0,0.13747199999999998,0.0076799999999999993,0.011264,,0.0048639999999999994,,1.7489919999999999,13788,10926,549,15.421820699999898
13789,322.75107560232425,277630513453,1,7.7895973809063435,8.1603,7.9232,2.1604,16532,0.001024,3.1728639999999997,,0.039168,0.164096,0,0.144128,0.0076799999999999993,0.010752,,0.0038399999999999997,,1.960448,13789,10927,549,15.429932800000188
13790,322.75926259920635,277630595056,1,8.1869969144463539,7.9881,7.75936,1.8234,16101,0.001024,3.1764479999999997,,0.033791999999999996,0.150272,0,0.130816,0.007936,0.010239999999999999,,0.0051199999999999996,,2.221824,13790,10928,549,15.438018499999998
13791,322.76704739937639,277630674937,1,7.7848001383244991,7.7805,8.169728,2.0491,16387,0.001024,3.298304,,0.046079999999999996,0.15103999999999998,0,0.131328,0.0076799999999999993,0.0097279999999999988,,0.0038399999999999997,,1.748224,13791,10929,549,15.44570479999993
13792,322.77496770124714,277630752742,1,7.9203015193343163,8.1927,7.762176,1.8142,16094,0.001024,3.2327679999999996,,0.039168,0.159488,0.000256,0.141056,0.005376,0.005632,,0.009984,,2.060032,13792,10930,549,15.453613499999847
13793,322.78310089994329,277630834669,1,8.13319906592369,8.0854,7.913216,1.8337,51529,0.001024,3.176704,,0.039936,0.15744,0,0.13696,0.0076799999999999993,0.0097279999999999988,,0.005376,,1.9391999999999998,13793,10931,549,15.462041100000079
13794,322.79123880385487,277630915523,1,8.1379041075706482,7.7072,8.104704,1.9217,46047,0.001024,3.2732159999999997,,0.040192,0.16153599999999999,0.000256,0.141568,0.003584,0.009472,,0.005376,,2.0810239999999998,13794,10932,549,15.469831500000055
13795,322.79912059948981,277630992595,1,7.8817959874868393,7.8273,8.130048,1.9739,16387,0.001024,3.2972799999999998,,0.03968,0.162048,0.000256,0.141824,0.0076799999999999993,0.009984,,0.004608,,1.747968,13795,10933,549,15.477795000000242
13796,322.80731550453515,277631070868,1,8.1949047744274139,8.4242,7.870464,1.8215,15899,0.001024,3.29216,,0.035584,0.15462399999999998,0,0.13568,0.007424,0.010496,,0.005632,,1.955584,13796,10934,549,15.485950199999934
13797,322.81534730017006,277631155110,1,8.0317957326769829,7.8433,8.168448,1.816,18936,0.001024,3.18464,,0.038144,0.16358399999999998,0,0.14336,0.007424,0.009984,,0.0048639999999999994,,2.127104,13797,10935,549,15.494086499999867
13798,322.823273901644,277631233543,1,7.92660191655159,7.9529,7.939584,2.0911,15899,0.001024,3.186432,,0.039168,0.16,0,0.139264,0.004608,0.003072,,0.012032,,2.0871679999999997,13798,10936,549,15.501837300000261
13799,322.83115770266437,277631313072,1,7.8838011249899864,8.1805,7.98336,2.102,16387,0.001024,3.294208,,0.034048,0.162304,0,0.14336,0.004352,0.0097279999999999988,,0.0038399999999999997,,1.9543039999999998,13799,10937,549,15.509820199999922
13800,322.83957720379817,277631394877,1,8.4195015951991081,8.1833,7.855616,1.8975,15951,0.001024,3.277312,,0.040448,0.153088,0,0.13312,0.0076799999999999993,0.0097279999999999988,,0.005376,,1.988608,13800,10938,549,15.518365599999925
13801,322.84794199971657,277631476710,1,8.3647957071661949,7.6782,8.40576,2.3553,16387,0.001024,3.1910399999999997,,0.03456,0.163072,0,0.143872,0.011264,0.009472,,0.005376,,2.216192,13801,10939,549,15.526375800000096
13802,322.85581090561226,277631553492,1,7.8689055517315865,7.9757999999999996,8.348672,2.1572,16101,0.001024,3.201536,,0.037376,0.161024,0,0.141056,0.0076799999999999993,0.013056,,0.004608,,1.7456639999999999,13802,10940,549,15.534204099999897
13803,322.86406470379819,277631633250,1,8.2537978887557983,8.5566,7.848704,1.8803,33958,0.0012799999999999999,3.29344,,0.034048,0.156416,0,0.137984,0.003584,0.011007999999999999,,0.004352,,2.065152,13803,10941,549,15.542629099999886
13804,322.87195390447846,277631718816,1,7.889200933277607,8.0784,8.23168,1.9665,30284,0.001024,3.289088,,0.035328,0.16025599999999998,0,0.141824,0.011776,0.009984,,0.0038399999999999997,,2.092032,13804,10942,549,15.550570700000208
13805,322.87987990362808,277631799600,1,7.9259993508458138,7.8159,7.853056,1.8832,16387,0.001024,3.1009279999999997,,0.038655999999999996,0.158976,0,0.139008,0.0076799999999999993,0.0097279999999999988,,0.004608,,2.123776,13805,10943,549,15.558372500000132
13806,322.88814520266436,277631877759,1,8.2652987912297249,8.3406,7.848448,1.9666,15899,0.001024,3.179264,,0.043264,0.16025599999999998,0.000256,0.137728,0.008192,0.009216,,0.004352,,1.9112959999999999,13806,10944,549,15.566733499999827
13807,322.89605290532876,277631961165,1,7.9077025875449181,7.9981,8.311296,1.855,16387,0.001024,3.2870399999999997,,0.040448,0.15872,0,0.138752,0.0038399999999999997,0.0097279999999999988,,0.0048639999999999994,,2.2159359999999997,13807,10945,549,15.574574100000063
13808,322.90405430130386,277632041146,1,8.001396432518959,7.8284,7.889408,1.7335,15899,0.001024,3.2762879999999996,,0.040704,0.15923199999999998,0,0.139008,0.007424,0.011007999999999999,,0.004608,,1.747456,13808,10946,549,15.582591100000172
13809,322.91201460459183,277632119430,1,7.9603036865592,8.3362,7.983104,2.0287,33958,0.001024,3.238912,,0.043008,0.15564799999999998,0,0.135936,0.007936,0.0097279999999999988,,0.004352,,2.024448,13809,10947,549,15.590660200000002
13810,322.91968700396825,277632202792,1,7.6723992824554443,7.8367,7.936768,1.757,30284,0.001024,3.2936959999999997,,0.035584,0.152832,0,0.13414399999999999,0.0076799999999999993,0.009984,,0.0051199999999999996,,2.072064,13810,10948,549,15.598366799999894
13811,322.9277351048753,277632281159,1,8.04810132831335,8.002,7.657472,1.9327,16582,0.001024,3.17696,,0.038655999999999996,0.16127999999999998,0,0.14310399999999998,0.0076799999999999993,0.009472,,0.004608,,1.956864,13811,10949,549,15.606317000000217
13812,322.93587329931972,277632361179,1,8.1381946802139282,7.9882,8.023808,1.7808,15899,0.001024,3.2762879999999996,,0.038911999999999995,0.15795199999999998,0,0.13952,0.0076799999999999993,0.010496,,0.004352,,2.066688,13812,10950,549,15.614404299999933
13813,322.94366740362813,277632441061,1,7.7941045165061951,7.706,8.125696,2.1413,16387,0.001024,3.2345599999999997,,0.039936,0.15129599999999999,0,0.132096,0.010496,0.009472,,0.004096,,1.9944959999999998,13813,10951,549,15.622232000000167
13814,322.95178669926304,277632518121,1,8.1192953512072563,8.0703,7.7696,1.738,16101,0.001024,3.233536,,0.039424,0.15872,0,0.13977599999999998,0.010496,0.0097279999999999988,,0.0048639999999999994,,2.0170239999999997,13814,10952,549,15.630378700000165
13815,322.96014580498866,277632598824,1,8.3591053262352943,8.0598,8.097792,2.0501,33958,0.001024,3.094016,,0.039936,0.155904,0,0.135936,0.0076799999999999993,0.010239999999999999,,0.0051199999999999996,,1.918464,13815,10953,549,15.639067399999931
13816,322.9677383999433,277632679422,1,7.5925951823592186,7.7806,8.324096,1.8183,36918,0.001024,3.294464,,0.040959999999999996,0.160512,0,0.140544,0.0076799999999999993,0.011007999999999999,,0.004096,,2.0925439999999997,13816,10954,549,15.646275999999943
13817,322.9756727040816,277632757228,1,7.93430395424366,8.1721,7.582976,2.0226,139384,0.0012799999999999999,3.173632,,0.038911999999999995,0.160512,0.000256,0.141312,0.007424,0.0097279999999999988,,0.004352,,1.9548159999999999,13817,10955,549,15.654700300000059
13818,322.98391510062356,277632838949,1,8.2423966377973557,8.3758,7.909376,1.7691,125150,0.001024,3.269888,,0.042752,0.157184,0,0.13747199999999998,0.0076799999999999993,0.009216,,0.004096,,1.9509759999999998,13818,10956,549,15.663235900000018
13819,322.99192520549883,277632922707,1,8.0101052299141884,7.5113,8.225792,2.0284,51529,0.001024,3.0978559999999997,,0.043264,0.15923199999999998,0,0.13977599999999998,0.005632,0.0097279999999999988,,0.004352,,2.2213119999999997,13819,10957,549,15.670568399999866
13820,323.00045780187071,277632997820,1,8.5325967520475388,8.0535,8.000768,2.2178,46064,0.001024,3.2737279999999997,,0.038911999999999995,0.155392,0,0.134912,0.003328,0.010239999999999999,,0.004608,,1.747456,13820,10958,549,15.679382599999826
13821,323.00824550028341,277633078355,1,7.7876984141767025,8.8159,8.502272,1.9598,48343,0.001024,3.277312,,0.037632,0.155392,0.000256,0.13568,0.007424,0.0097279999999999988,,0.003584,,2.553344,13821,10959,549,15.686948900000061
13822,323.01660120464851,277633166514,1,8.3557041361927986,7.4076,7.7504,1.8634,15899,0.001024,3.2404479999999998,,0.042496,0.15616,0,0.132608,0.0076799999999999993,0.009472,,0.0051199999999999996,,1.7484799999999998,13822,10960,549,15.695184000000154
13823,323.02450690192745,277633240590,1,7.9056974500417709,8.8145,8.132096,1.987,16387,0.001024,3.281152,,0.039168,0.494336,0,0.130304,0.009216,0.009472,,0.006144,,2.03136,13823,10961,549,15.702977100000226
13824,323.03284230442176,277633328735,1,8.3354022353887558,7.6018,7.872512,1.8105,15899,0.001024,3.2345599999999997,,0.03968,0.159488,0,0.139264,0.0076799999999999993,0.009472,,0.004352,,1.98528,13824,10962,549,15.711794499999996
13825,323.04062180413831,277633404753,1,7.7794995158910751,8.2288,8.3264,1.9976,16439,0.001024,3.2895999999999996,,0.038655999999999996,0.154112,0,0.134912,0.003584,0.0097279999999999988,,0.003584,,2.107904,13825,10963,549,15.719155600000249
13826,323.04876650368482,277633487041,1,8.1446999683976173,7.8549,7.757824,1.9315,15899,0.001024,3.298304,,0.039424,0.155136,0,0.135424,0.012288,0.009472,,0.004096,,1.749248,13826,10964,549,15.727663099999972
13827,323.05675350056686,277633565590,1,7.9869972541928291,8.7046,8.114944,1.9645,16589,0.001024,3.176192,,0.046848,0.159744,0,0.139264,0.0076799999999999993,0.0097279999999999988,,0.005632,,2.16064,13827,10965,549,15.735384500000237
13828,323.06490130385487,277633652636,1,8.1478031352162361,7.43,7.992832,2.3837,15899,0.001024,3.18336,,0.033791999999999996,0.15872,0,0.140032,0.003328,0.009984,,0.003584,,2.128128,13828,10966,549,15.74403459999985
13829,323.07325250141724,277633726936,1,8.3511974662542343,8.4418,8.1088,3.4697,16387,0.001024,3.23584,,0.039168,0.15795199999999998,0.002816,0.137984,0.007424,0.001024,,0.010239999999999999,,1.747968,13829,10967,549,15.75183270000025
13830,323.08111360544217,277633811354,1,7.8611038625240326,7.7818,8.346624,2.02,16094,0.001024,3.178752,,0.035072,0.154112,0,0.135424,0.007424,0.010496,,0.0051199999999999996,,2.212608,13830,10968,549,15.760176499999943
13831,323.08923740079365,277633889172,1,8.1237955018877983,8.5894,7.832064,1.9635,16387,0.001024,3.29088,,0.036608,0.17407999999999998,0,0.154368,0.011007999999999999,0.009472,,0.0051199999999999996,,1.983488,13831,10969,549,15.767986199999996
13832,323.09771390306122,277633975066,1,8.4765022620558739,7.8846,8.109056,2.4122,15899,0.001024,3.22816,,0.035328,0.158208,0,0.13849599999999998,0.003584,0.010752,,0.004352,,2.142208,13832,10970,549,15.777073700000074
13833,323.10605590277777,277634053912,1,8.3419997245073318,8.1572,8.46976,1.8823,16387,0.001024,3.276032,,0.040192,0.16127999999999998,0.000256,0.141824,0.0076799999999999993,0.007936,,0.005632,,1.7487359999999998,13833,10971,549,15.7853826999999
13834,323.11389090136055,277634135484,1,7.8349988907575607,7.9718,8.321536,1.9384,33470,0.001024,3.292416,,0.033791999999999996,0.156416,0.000256,0.13747199999999998,0.007936,0.009984,,0.004096,,2.235648,13834,10972,549,15.792714300000171
13835,323.12190700113376,277634215202,1,8.0161001533269882,8.889,7.810304,1.9104,30772,0.0012799999999999999,3.290368,,0.039168,0.153856,0,0.133632,0.009472,0.011007999999999999,,0.0048639999999999994,,1.74976,13835,10973,549,15.800945599999977
13836,323.1302066043084,277634304092,1,8.2996031269431114,8.3724,7.981824,1.9607,15899,0.001024,3.3052159999999997,,0.040704,0.162304,0,0.142592,0.00896,0.009984,,0.0051199999999999996,,2.0738559999999997,13836,10974,549,15.809039799999937
13837,323.13841750283444,277634387816,1,8.2108983770012856,7.3326,8.291072,2.0415,16387,0.001024,3.2363519999999997,,0.040192,0.16,0,0.14079999999999998,0.0076799999999999993,0.009472,,0.004096,,1.9525119999999998,13837,10975,549,15.817087299999912
13838,323.14668690476191,277634461142,1,8.26940219849348,8.3028,8.184832,1.8604,15899,0.001024,3.17312,,0.039168,0.16383999999999999,0,0.14464,0.007936,0.011776,,0.003584,,2.381312,13838,10976,549,15.825898200000211
13839,323.15471480300454,277634544170,1,8.0278981477022171,8.1416,8.20992,1.9595,16589,0.001024,3.2936959999999997,,0.036864,0.152576,0.000256,0.133376,0.003072,0.0097279999999999988,,0.005376,,1.746432,13839,10977,549,15.833290800000213
13840,323.16275170068025,277634625586,1,8.0368975177407265,8.0763,8.047104,1.9306,15899,0.001024,3.192064,,0.039168,0.16025599999999998,0,0.140288,0.0051199999999999996,0.011776,,0.004352,,2.054144,13840,10978,549,15.841419400000177
13841,323.17098470096369,277634706349,1,8.23300052434206,8.7955,8.017152,1.7946,16387,0.001024,3.288576,,0.040704,0.152576,0,0.132352,0.003584,0.0097279999999999988,,0.004352,,1.958656,13841,10979,549,15.849560399999973
13842,323.17946810515872,277634794304,1,8.48340429365635,7.4396,8.219392,1.8422,15899,0.001024,3.27296,,0.040704,0.15692799999999998,0,0.13312,0.0076799999999999993,0.009984,,0.0051199999999999996,,2.031872,13842,10980,549,15.858138800000233
13843,323.18736220238094,277634868700,1,7.8940968960523605,8.006,8.431104,2.165,16387,0.001024,3.2962559999999996,,0.043264,0.154368,0,0.1344,0.0076799999999999993,0.009472,,0.004608,,1.746688,13843,10981,549,15.865925300000072
