observation_frame,unscaled_time,frame_timing_timestamp,segment,"frame_interval_ms","cpu_frame_ms","gpu_frame_ms","cpu_render_thread_ms","gc_allocated_in_editor_frame_bytes","VSM.LayoutRemap_gpu_ms","VSM.Allocate_gpu_ms","VSM.InvalidateStatic_gpu_ms","VSM.ClearPhysicalPages_gpu_ms","VSM.StaticCasterCull_gpu_ms","VSM.DynamicCasterCull_gpu_ms","VSM.PageCull_gpu_ms","VSM.StaticRaster_gpu_ms","VSM.DynamicRaster_gpu_ms","VSM.UnityCompatibilityRaster_gpu_ms","VSM.FinalizePages_gpu_ms","VSM.ResetFeedback_gpu_ms","VSM.ResolveAndFeedback_gpu_ms",observed_camera_frame,observed_camera_serial,window_repaint_count,seconds_since_window_repaint
20089,373.50483630243764,278138051295,1,8.1527000293135643,8.1158,8.187392,2.3067,16387,0.001024,3.289088,,0.04224,0.164096,0,0.144128,0.007424,0.011519999999999999,,0.0051199999999999996,,2.10432,20089,17227,628,5.0858970000003865
20090,373.51273900226755,278138132453,1,7.9026995226740837,7.9062,8.116992,2.0651,15899,0.001024,3.201024,,0.035584,0.157696,0,0.13747199999999998,0.0076799999999999993,0.010752,,0.0048639999999999994,,1.7469439999999998,20090,17228,628,5.0944894000003842
20091,373.52086130243765,278138211515,1,8.1222997978329659,8.3559,7.89248,1.9995,16387,0.001024,3.288064,,0.035328,0.14976,0,0.13183999999999998,0.003328,0.010496,,0.0025599999999999998,,2.1808639999999997,20091,17229,628,5.1020045000000209
20092,373.52882540391153,278138295074,1,7.9641016200184822,7.6809,8.102912,2.106,16094,0.17536,3.2235519999999998,,0.038655999999999996,0.167424,0,0.148224,0.0076799999999999993,0.009984,,0.004352,,1.7484799999999998,20092,17230,628,5.1098486000000776
20093,373.53664280045348,278138371883,1,7.8173968940973282,8.4566,7.945728,1.945,16387,0.0012799999999999999,3.1825919999999996,,0.039936,0.151808,0,0.132352,0.008192,0.011007999999999999,,0.004096,,2.090496,20093,17231,628,5.1174779000002673
20094,373.54449389880949,278138456449,1,7.8510986641049385,7.5676,7.802368,2.0165,15899,0.001024,3.23584,,0.035584,0.15872,0.000256,0.139264,0.005376,0,,0.016128,,1.7469439999999998,20094,17232,628,5.12532500000043
20095,373.55251780045347,278138532125,1,8.0239018425345421,7.9131,7.821824,1.9496,16387,0.001024,3.175424,,0.035584,0.15795199999999998,0.000256,0.13952,0.014079999999999999,0,,0.03456,,2.135552,20095,17233,628,5.1334029000004193
20096,373.56041490221088,278138611256,1,7.89710134267807,7.6868,7.659776,2.0302,15899,0.001024,3.277056,,0.035328,0.15872,0,0.13977599999999998,0.0076799999999999993,0.010496,,0.004096,,1.746688,20096,17234,628,5.14221950000001
20097,373.56807430555551,278138688124,1,7.6594031415879726,7.8206,7.890432,1.9084,16387,0.001024,3.102976,,0.041215999999999996,0.16486399999999998,0,0.13747199999999998,0.0076799999999999993,0.0097279999999999988,,0.0048639999999999994,,1.747968,20097,17235,628,5.148990700000013
20098,373.576294005102,278138766330,1,8.2196993753314018,8.088,7.636992,2.1961,15899,0.001024,3.178496,,0.035072,0.155136,0.000256,0.137216,0.007424,0.010496,,0.0038399999999999997,,2.0236799999999997,20098,17236,628,5.1579690000003211
20099,373.58411609977321,278138847210,1,7.8220944851636887,8.6643,8.205824,1.9446,16589,0.001024,3.234048,,0.039424,0.17612799999999998,0,0.156416,0.007936,0.0097279999999999988,,0.005632,,2.036224,20099,17237,628,5.1659152000001995
20100,373.59176060090704,278138933853,1,7.64450104907155,6.9131,7.792128,2.1877,15951,0.001024,3.27296,,0.038911999999999995,0.15564799999999998,0,0.137216,0.007424,0.009984,,0.005376,,2.071552,20100,17238,628,5.1728258000002825
20101,373.60030899943308,278139002984,1,8.54839850217104,8.8661,7.629568,2.0467,16387,0.0012799999999999999,3.099904,,0.03968,0.156672,0,0.13696,0.0076799999999999993,0.010239999999999999,,0.005376,,1.746176,20101,17239,628,5.1816564000000653
20102,373.60858700396824,278139091645,1,8.2780048251152039,7.901,8.493312,2.0143,15899,0.001024,3.299584,,0.041471999999999995,0.156672,0,0.137216,0.0076799999999999993,0.009984,,0.006144,,2.1191679999999997,20102,17240,628,5.1901591000000735
20103,373.616523901644,278139170655,1,7.9368976876139641,7.0269,8.288,2.0888,16387,0.0012799999999999999,3.232256,,0.041215999999999996,0.16383999999999999,0,0.14438399999999998,0.0084479999999999989,0.0025599999999999998,,0.012799999999999999,,1.749504,20103,17241,628,5.197845000000143
20104,373.62424720096368,278139240924,1,7.7232993207871914,8.8658,7.900672,2.1549,15899,0.0012799999999999999,3.23584,,0.039424,0.155136,0,0.136704,0.0076799999999999993,0.011264,,0.004096,,2.02752,20104,17242,628,5.205132400000366
20105,373.63237210175737,278139329582,1,8.1249009817838669,8.3857,7.722752,2.0262,16387,0.001024,3.208704,,0.036608,0.16127999999999998,0,0.14336,0.003584,0.009216,,0.005376,,2.09536,20105,17243,628,5.2133600000001934
20106,373.64039420351475,278139413439,1,8.02210159599781,7.7674,8.110848,1.9227,15899,0.001024,3.2967679999999997,,0.041471999999999995,0.15692799999999998,0,0.137216,0.0051199999999999996,0.0097279999999999988,,0.0048639999999999994,,1.93152,20106,17244,628,5.2213260000003174
20107,373.64844119897958,278139491113,1,8.0469958484172821,7.3303,8.003328,2.0911,16387,0.001024,3.225856,,0.038911999999999995,0.156416,0,0.136704,0.0076799999999999993,0.010752,,0.0038399999999999997,,2.10432,20107,17245,628,5.2291959000003772
20108,373.65626169926304,278139564416,1,7.820500060915947,8.1477,8.02176,1.9404,15899,0.001024,3.278848,,0.037376,0.154112,0.000256,0.13516799999999998,0.0076799999999999993,0.0097279999999999988,,0.0048639999999999994,,1.746176,20108,17246,628,5.236956800000371
20109,373.66396420068025,278139645893,1,7.7025014907121658,8.0506,7.79136,1.8242,16387,0.001024,3.178752,,0.038911999999999995,0.179456,0,0.160512,0.007936,0.009472,,0.004352,,2.09792,20109,17247,628,5.2451015999999981
20110,373.67220740504536,278139726399,1,8.2432040944695473,7.8777,7.68384,1.8502,15899,0.001024,3.288064,,0.03968,0.15334399999999998,0.000256,0.13516799999999998,0.006144,0.009984,,0.003328,,1.928704,20110,17248,628,5.2531495000002906
20111,373.68011799886619,278139805176,1,7.9105934128165245,7.7605,8.229376,2.1878,16582,0.0012799999999999999,3.2704,,0.038655999999999996,0.176896,0,0.137984,0.007936,0.009984,,0.0038399999999999997,,2.049792,20111,17249,628,5.2616624000002048
20112,373.68798790391156,278139882781,1,7.8699048608541489,7.7712,7.867648,2.0271,16101,0.001024,3.180288,,0.039168,0.16383999999999999,0,0.144896,0.008192,0.00896,,0.005376,,2.061312,20112,17250,628,5.2693340000000717
20113,373.69583660005668,278139960493,1,7.8486958518624306,8.4285,7.865344,2.1893,16387,0.001024,3.234304,,0.03968,0.157184,0,0.137984,0.0048639999999999994,0.010239999999999999,,0.0051199999999999996,,1.928448,20113,17251,628,5.2769314000001941
20114,373.70386730442175,278140044778,1,8.0307042226195335,8.5404,7.825408,1.9271,21683,0.001024,3.266304,,0.038911999999999995,0.156416,0,0.137216,0.003584,0.010239999999999999,,0.0051199999999999996,,2.040832,20114,17252,628,5.2848979000000327
20115,373.71191330073697,278140130182,1,8.04599653929472,7.5805,8.018944,1.9997,16387,0.001024,3.2755199999999998,,0.039424,0.152832,0,0.13312,0.003584,0.010239999999999999,,0.0048639999999999994,,1.74976,20115,17253,628,5.2926041000000623
20116,373.7195901998299,278140205987,1,7.676898967474699,7.6985,8.01536,1.8431,15899,0.001024,3.289856,,0.039168,0.161792,0,0.14310399999999998,0.007936,0.009984,,0.0038399999999999997,,2.0774399999999997,20116,17254,628,5.3003045000000384
20117,373.72763830073694,278140282972,1,8.04810132831335,7.8926,7.665152,1.7669,16387,0.001024,3.2714239999999997,,0.039168,0.149504,0,0.131328,0.007424,0.010496,,0.0038399999999999997,,1.931776,20117,17255,628,5.3086457000003975
20118,373.73547260487527,278140361898,1,7.8343041241168976,7.7806,8.032256,1.8891,15899,0.001024,3.1679999999999997,,0.041215999999999996,0.15692799999999998,0.000256,0.13516799999999998,0.008192,0.0097279999999999988,,0.0038399999999999997,,2.098688,20118,17256,628,5.3167198000001008
20119,373.74378190192743,278140439704,1,8.3092972636222839,7.683,7.800576,1.9809,16387,0.0012799999999999999,3.2967679999999997,,0.038911999999999995,0.158976,0,0.140288,0.0076799999999999993,0.009984,,0.004096,,2.054144,20119,17257,628,5.3245153000002574
20120,373.75152149943307,278140516534,1,7.7395974658429623,8.3636,8.311296,1.9155,15899,0.0051199999999999996,3.231744,,0.035072,0.162816,0,0.142336,0.008192,0.009216,,0.005376,,1.944832,20120,17258,628,5.332347700000355
20121,373.75934510345803,278140600170,1,7.82360415905714,8.0536,7.714048,1.7466,16387,0.001024,3.231232,,0.039168,0.16153599999999999,0,0.142592,0.007424,0.0097279999999999988,,0.004096,,2.05824,20121,17259,628,5.3402532000000065
20122,373.7672732993197,278140680706,1,7.928195409476757,7.8276,7.805184,1.834,15899,0.001024,3.177472,,0.039936,0.16588799999999998,0,0.140544,0.007424,0.0097279999999999988,,0.004608,,1.748224,20122,17260,628,5.3480440000003
20123,373.77513849914965,278140758982,1,7.8651998192071915,7.7219,7.916288,1.7396,16387,0.001024,3.1808,,0.039168,0.15692799999999998,0.000256,0.13824,0.0076799999999999993,0.0097279999999999988,,0.004096,,2.034176,20123,17261,628,5.3559098000000631
20124,373.78305899943308,278140836201,1,7.9204998910427094,7.9813,7.838208,1.7566,15899,0.0012799999999999999,3.2701439999999997,,0.040448,0.15795199999999998,0,0.137984,0.0076799999999999993,0.009472,,0.004608,,1.9279359999999999,20124,17262,628,5.3637434000002031
20125,373.79066730442173,278140916014,1,7.60830519720912,7.7149,7.90272,1.7621,16734,0.001024,3.2678399999999996,,0.037376,0.15488,0,0.13568,0.0076799999999999993,0.009472,,0.004096,,1.93664,20125,17263,628,5.372382000000016
20126,373.79856619897959,278140993163,1,7.8988941386342049,7.9614,7.59296,1.8895,15951,0.001024,3.100416,,0.03968,0.16025599999999998,0,0.14207999999999998,0.009472,0.009472,,0.0051199999999999996,,2.10304,20126,17264,628,5.3793316000001141
20127,373.80668570011335,278141072777,1,8.1195011734962463,7.8031,7.887104,1.8483,16387,0.0012799999999999999,3.190528,,0.038655999999999996,0.158976,0,0.139264,0.0076799999999999993,0.010239999999999999,,0.0051199999999999996,,1.746432,20127,17265,628,5.3873953000002075
20128,373.81417769982994,278141150808,1,7.49199977144599,8.6366,8.094208,1.7202,15899,0.001024,3.29344,,0.045568,0.15872,0.000256,0.135424,0.0076799999999999993,0.009984,,0.003328,,2.28608,20128,17266,628,5.3948862000002009
20129,373.82181560374147,278141237174,1,7.6379040256142616,6.9279,7.476224,1.7489,16387,0.0012799999999999999,3.1715839999999997,,0.035328,0.149248,0,0.129792,0.007936,0.010239999999999999,,0.004352,,1.9325439999999998,20129,17267,628,5.4028148000002147
20130,373.82977440476191,278141306453,1,7.9588014632463455,8.115,7.620096,1.7616,15899,0.001024,3.0965759999999998,,0.039936,0.15692799999999998,0,0.137984,0.0076799999999999993,0.009984,,0.0051199999999999996,,1.945088,20130,17268,628,5.4109275000000707
20131,373.83764990079362,278141387603,1,7.8754955902695656,7.4465,7.928576,1.953,23216,0.001024,3.275264,,0.043519999999999996,0.155904,0,0.134912,0.007936,0.00896,,0.004608,,1.935616,20131,17269,628,5.4183750000001965
20132,373.84549220521541,278141462068,1,7.8423041850328445,7.9741,7.854848,1.7915,15899,0.0012799999999999999,3.2368639999999997,,0.040448,0.15744,0.000256,0.136704,0.0063999999999999994,0.009472,,0.005376,,1.9294719999999999,20132,17270,628,5.4266030000003411
20133,373.85343229875281,278141541809,1,7.9400939866900444,7.7135,7.831808,1.783,16387,0.001024,3.289344,,0.041215999999999996,0.153856,0,0.13414399999999999,0.009216,0.009984,,0.003328,,2.0538879999999997,20133,17271,628,5.4343683000001874
20134,373.86142230017003,278141618944,1,7.9900017008185387,7.833,7.912704,1.9258,15899,0.001024,3.175424,,0.040704,0.16255999999999998,0.000256,0.140032,0.0076799999999999993,0.009472,,0.0051199999999999996,,1.746176,20134,17272,628,5.44208320000007
20135,373.86918270266438,278141697274,1,7.7604022808372974,8.2108,7.977984,1.9599,16387,0.001024,3.275776,,0.038911999999999995,0.158464,0,0.139264,0.011264,0.009216,,0.0063999999999999994,,2.031104,20135,17273,628,5.4498376999999891
20136,373.8768670989229,278141779382,1,7.6843961142003536,7.7728,7.73504,1.8676,15899,0.001024,3.2332799999999997,,0.041215999999999996,0.150528,0.000256,0.13055999999999998,0.0076799999999999993,0.0097279999999999988,,0.005888,,1.9228159999999999,20136,17274,628,5.45752820000007
20137,373.88483480017004,278141857110,1,7.967701181769371,7.7195,7.674368,1.756,16387,0.0012799999999999999,3.2261119999999996,,0.042496,0.168704,0,0.146432,0.003584,0.009984,,0.003584,,1.9307519999999998,20137,17275,628,5.4655533000000105
20138,373.89291820436506,278141934305,1,8.083404041826725,7.7639,7.930368,1.7093,16101,0.001024,3.273472,,0.041984,0.157696,0,0.137728,0.003328,0.0097279999999999988,,0.004096,,2.0223999999999998,20138,17276,628,5.473576100000173
20139,373.90079460034013,278142011944,1,7.8763961791992188,7.6836,8.05888,1.8552,16387,0.001024,3.2417279999999997,,0.040448,0.152576,0,0.13286399999999998,0.007424,0.009472,,0.0048639999999999994,,1.9312639999999999,20139,17277,628,5.481476300000395
20140,373.90881650368482,278142088780,1,8.0219032242894173,8.0407,7.860992,1.7589,15899,0.001024,3.0965759999999998,,0.041471999999999995,0.15795199999999998,0,0.137728,0.0076799999999999993,0.0097279999999999988,,0.004352,,2.047744,20140,17278,628,5.4899253000003227
20141,373.91678820153061,278142169187,1,7.9716974869370461,7.9983,7.98976,1.8495,16387,0.001024,3.290368,,0.040959999999999996,0.155392,0,0.13568,0.007424,0.011264,,0.0051199999999999996,,1.7484799999999998,20141,17279,628,5.4975119000000632
20142,373.92455250141722,278142249170,1,7.7642998658120632,7.9239,7.967232,1.8723,15899,0.001024,3.296,,0.038911999999999995,0.164352,0.000256,0.14438399999999998,0.008192,0.009472,,0.005888,,2.033664,20142,17280,628,5.50555200000008
20143,373.93237290249431,278142328409,1,7.8204013407230377,8.4134,7.744,1.7315,16387,0.001024,3.291648,,0.041215999999999996,0.16255999999999998,0,0.142592,0.0076799999999999993,0.010239999999999999,,0.003584,,2.05056,20143,17281,628,5.5137392000001455
20144,373.94054829931969,278142412543,1,8.1753963604569435,7.6218,7.79776,2.0366,15899,0.001024,3.1866879999999997,,0.038911999999999995,0.15872,0,0.137728,0.007936,0.010239999999999999,,0.0051199999999999996,,1.938944,20144,17282,628,5.5216604000002008
20145,373.94834260204078,278142488761,1,7.7943028882145882,7.9971,8.16512,2.149,16387,0.001024,3.2332799999999997,,0.038911999999999995,0.160768,0,0.140288,0.004096,0.011264,,0.0038399999999999997,,2.03904,20145,17283,628,5.52903600000036
20146,373.95617300170068,278142568732,1,7.8304000198841095,8.2137,7.780864,2.1958,15899,0.0012799999999999999,3.242752,,0.0384,0.15488,0,0.134912,0.003584,0.011264,,0.005632,,1.7471999999999999,20146,17284,628,5.536833800000295
20147,373.96407959892286,278142650869,1,7.9065971076488495,7.9088,7.791104,1.7246,16387,0.001024,3.176704,,0.038911999999999995,0.152832,0.000256,0.13183999999999998,0.007936,0.009984,,0.004352,,2.0840959999999997,20147,17285,628,5.54489650000005
20148,373.97225629960315,278142729957,1,8.17670114338398,7.4108,7.89504,1.8225,15899,0.001024,3.287808,,0.039168,0.151808,0.000256,0.133632,0.003584,0.009984,,0.003584,,2.1626879999999997,20148,17286,628,5.5530256000001827
20149,373.98017910289116,278142804065,1,7.9228030517697334,7.7774,8.159488,1.8332,16387,0.001024,3.2750079999999997,,0.044031999999999995,0.16025599999999998,0,0.140544,0.007424,0.0097279999999999988,,0.003584,,2.183936,20149,17287,628,5.5608762000001661
20150,373.98802840136051,278142881839,1,7.8492984175682068,7.9098,7.912448,1.9659,16101,0.001024,3.194112,,0.038911999999999995,0.158208,0.000256,0.13977599999999998,0.007936,0.009216,,0.005632,,2.099968,20150,17288,628,5.5686964999999873
20151,373.99585089994332,278142960937,1,7.8224986791610718,8.273,7.82208,1.712,16582,0.001024,3.1744,,0.038911999999999995,0.15488,0,0.134912,0.007424,0.009472,,0.004096,,1.9325439999999998,20151,17289,628,5.5768239000003632
20152,374.00374479875279,278143043667,1,7.8938985243439674,7.8747,7.798784,1.7034,15951,0.001024,3.291648,,0.036864,0.158464,0,0.139264,0.0076799999999999993,0.010239999999999999,,0.004352,,2.046208,20152,17290,628,5.58499060000031
20153,374.01178460175737,278143122414,1,8.0398032441735268,7.7909,7.875584,1.9547,16387,0.001024,3.194112,,0.040704,0.155136,0.000256,0.13568,0.003584,0.0097279999999999988,,0.0048639999999999994,,1.747712,20153,17291,628,5.5926813000000948
20154,374.01950009920631,278143200323,1,7.7154976315796375,8.14,8.014848,1.8852,15899,0.001024,3.2737279999999997,,0.035072,0.155904,0.000256,0.136192,0.007424,0.010496,,0.0048639999999999994,,2.085376,20154,17292,628,5.6004645000002711
20155,374.0273165036848,278143281723,1,7.8164041042327881,8.1436,7.697664,1.7474,16387,0.001024,3.29088,,0.03968,0.15795199999999998,0,0.139264,0.011776,0.0097279999999999988,,0.004352,,1.9258879999999998,20155,17293,628,5.608043500000349
20156,374.03516590136053,278143363159,1,7.8493980690836906,7.7115,7.808512,1.8499,15899,0.001024,3.172352,,0.03968,0.15744,0,0.13747199999999998,0.015104,0.000256,,0.019968,,1.9456,20156,17294,628,5.6160679000004166
20157,374.04313110119045,278143440274,1,7.9651996493339539,7.7619,7.8208,1.7813,16387,0.001024,3.1831039999999997,,0.0384,0.156672,0,0.137728,0.0076799999999999993,0.0097279999999999988,,0.004096,,2.0792319999999997,20157,17295,628,5.62424910000027
20158,374.05113489937639,278143517893,1,8.0037983134388924,7.6028,7.927552,1.8494,15899,0.001024,3.1813119999999997,,0.040448,0.152832,0,0.13312,0.0076799999999999993,0.009472,,0.0051199999999999996,,1.9210239999999998,20158,17296,628,5.632151100000101
20159,374.05906000566893,278143593921,1,7.9251062124967575,7.9919,8,1.9439,16387,0.001024,3.228928,,0.039168,0.15616,0,0.13696,0.0076799999999999993,0.009984,,0.0038399999999999997,,2.052864,20159,17297,628,5.6402181000003111
20160,374.067026899093,278143673840,1,7.9668937250971794,8.1735,7.901184,2.0204,15899,0.001024,3.1759359999999996,,0.039936,0.160768,0.000256,0.141568,0.007168,0.009472,,0.004352,,1.747712,20160,17298,628,5.6477550000004157
20161,374.07488960459182,278143755575,1,7.8627057373523712,7.8162,7.944448,2.0587,16387,0.001024,3.278336,,0.039424,0.157696,0,0.13824,0.0076799999999999993,0.010496,,0.005376,,2.023168,20161,17299,628,5.6558199000000968
20162,374.08270120464852,278143833737,1,7.8115998767316341,8.1389,7.846656,1.8951,15899,0.001024,3.2719359999999997,,0.03968,0.15692799999999998,0,0.137216,0.0076799999999999993,0.009472,,0.005888,,1.938688,20162,17300,628,5.6638252000002467
20163,374.09070099914965,278143915126,1,7.99979455769062,7.5701,7.785728,1.8796,16589,0.001024,3.183872,,0.040704,0.156672,0,0.13747199999999998,0.004608,0.001792,,0.012032,,1.9330559999999999,20163,17301,628,5.6714041000000179
20164,374.09864520266439,278143990827,1,7.9442039132118225,8.0399,7.985408,2.273,15899,0.001024,3.172608,,0.038911999999999995,0.162048,0,0.142336,0.0076799999999999993,0.011264,,0.004352,,2.108672,20164,17302,628,5.6797319000002062
20165,374.10667320011339,278144071226,1,8.027997799217701,7.9495,7.926272,1.8919,16387,0.0063999999999999994,3.204096,,0.039936,0.153856,0,0.13414399999999999,0.0076799999999999993,0.010496,,0.004608,,1.746688,20165,17303,628,5.6879183000000921
20166,374.11415980017006,278144150721,1,7.4865999631583691,7.6877,8.007424,2.055,15899,0.001024,3.1782399999999997,,0.039168,0.155904,0.000256,0.137216,0.0063999999999999994,0.008704,,0.006656,,2.31552,20166,17304,628,5.6950808000001416
20167,374.1223523030045,278144227598,1,8.19250289350748,8.2609,7.458816,2.1338,16387,0.0012799999999999999,3.1818239999999998,,0.036095999999999996,0.159488,0,0.141056,0.0051199999999999996,0.009984,,0.0048639999999999994,,1.9143679999999998,20167,17305,628,5.70325240000011
20168,374.13016830357139,278144310207,1,7.81600084155798,8.2227,8.174848,1.903,15899,0.001024,3.2296959999999997,,0.039424,0.16127999999999998,0,0.142848,0.007424,0.0097279999999999988,,0.0048639999999999994,,2.0423679999999997,20168,17306,628,5.7109582000002774
20169,374.13792940051019,278144392434,1,7.7610970474779606,7.1042,7.793664,1.9491,16387,0.001024,3.101952,,0.03456,0.16,0,0.141056,0.0084479999999999989,0,,0.016895999999999998,,2.064896,20169,17307,628,5.7185816000001068
20170,374.146049199263,278144463476,1,8.1197991967201233,8.2226,7.757312,1.8957,15899,0.001024,3.173632,,0.036864,0.17843199999999998,0,0.1344,0.008192,0.009472,,0.004352,,1.931776,20170,17308,628,5.7279947000001812
20171,374.15425539965986,278144545702,1,8.2062007859349251,7.5946,8.090368,1.859,16582,0.001024,3.2332799999999997,,0.039168,0.152832,0,0.133376,0.007936,0.009984,,0.003328,,2.193408,20171,17309,628,5.7350722000001042
20172,374.16234780328796,278144621648,1,8.0924034118652344,7.7772,8.187904,1.9842,15899,0.0012799999999999999,3.1982079999999997,,0.041471999999999995,0.158464,0,0.138752,0.0076799999999999993,0.011007999999999999,,0.0048639999999999994,,1.7469439999999998,20172,17310,628,5.7430441999999857
20173,374.16999950396826,278144699420,1,7.6517006382346153,9.3496,8.070912,1.8387,16387,0.001024,3.235328,,0.041984,0.152832,0,0.132608,0.007936,0.010239999999999999,,0.0048639999999999994,,2.165504,20173,17311,628,5.750733400000172
20174,374.17831280470523,278144792916,1,8.3133010193705559,7.092,7.63136,1.8487,15899,0.001024,3.234048,,0.039424,0.160512,0,0.141824,0.00896,0.010239999999999999,,0.0048639999999999994,,1.937408,20174,17312,628,5.7591936000003443
20175,374.186206505102,278144863836,1,7.8937001526355743,8.001,8.300288,2.0296,16589,0.001024,3.2901119999999997,,0.040959999999999996,0.15488,0,0.132352,0.011007999999999999,0.009472,,0.004096,,2.192128,20175,17313,628,5.76686540000037
20176,374.19428740079366,278144943846,1,8.0808959901332855,7.6696,7.881472,2.001,15899,0.0012799999999999999,3.29472,,0.041471999999999995,0.150784,0.000256,0.131072,0.007424,0.0097279999999999988,,0.004096,,1.74464,20176,17314,628,5.7750404000003073
20177,374.20210080073696,278145020542,1,7.8133996576070786,8.4524,8.055552,1.7841,16387,0.001024,3.27168,,0.041471999999999995,0.15744,0,0.13824,0.007424,0.0097279999999999988,,0.005376,,1.926656,20177,17315,628,5.7828638000000865
20178,374.21042110260771,278145105066,1,8.32030177116394,7.7228,7.798528,1.7997,15951,0.001024,3.2732159999999997,,0.041728,0.16512,0.000256,0.142336,0.0076799999999999993,0.010239999999999999,,0.004608,,2.05056,20178,17316,628,5.79112780000014
20179,374.2182442035147,278145182294,1,7.823101244866848,8.1361,8.203776,1.8626,16387,0.001024,3.2954879999999998,,0.040959999999999996,0.155904,0.000256,0.135424,0.0076799999999999993,0.0097279999999999988,,0.004096,,1.9496959999999999,20179,17317,628,5.7989590000001954
20180,374.226119005102,278145263655,1,7.8748017549514771,7.8416,7.897344,1.8099,15899,0.001024,3.2750079999999997,,0.041984,0.15923199999999998,0,0.135424,0.003584,0.009984,,0.0051199999999999996,,2.03648,20180,17318,628,5.8069087000003492
20181,374.23446200396825,278145342071,1,8.3429990336298943,8.2666,7.866624,1.8508,16387,0.001024,3.293952,,0.041215999999999996,0.15744,0,0.137728,0.0076799999999999993,0.009984,,0.005376,,1.931776,20181,17319,628,5.8151124000000891
20182,374.242234502551,278145424737,1,7.7724987640976906,7.831,8.314624,2.0664,15899,0.0012799999999999999,3.2737279999999997,,0.040192,0.152576,0,0.133376,0.007424,0.0097279999999999988,,0.0038399999999999997,,2.219008,20182,17320,628,5.8230335000002924
20183,374.24992100340137,278145503047,1,7.6865009032189846,7.9134,7.772928,1.7601,16387,0.001024,3.1831039999999997,,0.041471999999999995,0.165632,0,0.142592,0.007424,0.009984,,0.005376,,1.748224,20183,17321,628,5.8305910000003678
20184,374.25815,278145582181,1,8.2289967685937881,8.2609,7.648768,1.7942,15899,0.001024,3.1902719999999998,,0.038911999999999995,0.17382399999999998,0,0.154112,0.010752,0.009472,,0.004096,,1.9292159999999998,20184,17322,628,5.8390880000001744
20185,374.26622520549887,278145664790,1,8.0752056092023849,7.8998,8.20736,1.844,16387,0.001024,3.2670719999999998,,0.036864,0.16255999999999998,0,0.141312,0.012799999999999999,0.009472,,0.0038399999999999997,,2.3385599999999998,20185,17323,628,5.8469277000003785
20186,374.27433190192744,278145743788,1,8.1066964194178581,7.5825,8.057344,1.8315,15899,0.001024,3.2327679999999996,,0.040959999999999996,0.154112,0,0.1344,0.0076799999999999993,0.0097279999999999988,,0.005376,,1.7489919999999999,20186,17324,628,5.85510050000039
20187,374.28198929988662,278145819613,1,7.6573980040848255,8.4169,8.095488,1.8662,22171,0.0012799999999999999,3.274496,,0.035072,0.154112,0,0.1344,0.0076799999999999993,0.009984,,0.004352,,2.08256,20187,17325,628,5.8627372000000832
20188,374.28962880527212,278145903782,1,7.6395054347813129,7.913,7.63392,1.7853,16246,0.001024,3.272192,,0.03712,0.174848,0,0.15488,0.010752,0.0097279999999999988,,0.0051199999999999996,,1.918208,20188,17326,628,5.87085130000014
20189,374.29756660289115,278145982912,1,7.9377973452210426,8.1426,7.614464,1.8455,16387,0.001024,3.093504,,0.043008,0.156416,0,0.13696,0.007168,0.008704,,0.004608,,2.0538879999999997,20189,17327,628,5.8783675000004223
20190,374.30575629960316,278146064338,1,8.1896968185901642,7.6695,7.918848,2.0387,16094,0.0012799999999999999,3.295744,,0.039168,0.166912,0.000256,0.142848,0.0038399999999999997,0.009216,,0.005888,,1.7489919999999999,20190,17328,628,5.8866724000004069
20191,374.313769005102,278146141033,1,8.0127054825425148,8.0719,8.169984,1.9011,16387,0.001024,3.235584,,0.040959999999999996,0.15564799999999998,0.000256,0.13644799999999999,0.0076799999999999993,0.0097279999999999988,,0.0038399999999999997,,2.055168,20191,17329,628,5.8944568000001709
20192,374.32187700538549,278146221752,1,8.10800027102232,7.5571,7.991552,1.7617,15899,0.001024,3.29216,,0.041215999999999996,0.155904,0,0.13568,0.007936,0.009984,,0.004608,,1.93408,20192,17330,628,5.9026160000003074
20193,374.329660600907,278146297323,1,7.783595472574234,8.0699,8.094976,1.8828,16387,0.0012799999999999999,3.188992,,0.039168,0.15564799999999998,0,0.137216,0.009216,0.010239999999999999,,0.003584,,2.142208,20193,17331,628,5.9103130000003148
20194,374.33755260062355,278146378022,1,7.8919995576143265,7.9813,7.753216,1.825,15899,0.001024,3.182336,,0.038911999999999995,0.164608,0,0.145152,0.007936,0.010239999999999999,,0.0038399999999999997,,2.063872,20194,17332,628,5.9184867000003578
20195,374.34591100481856,278146457835,1,8.3584040403366089,8.1695,7.884544,1.8166,23021,0.001024,3.281408,,0.041471999999999995,0.15334399999999998,0,0.133888,0.0076799999999999993,0.009472,,0.0048639999999999994,,1.93536,20195,17333,628,5.9265902000001915
20196,374.35357890447847,278146539530,1,7.66789959743619,7.7304,8.332032,1.7722,15899,0.001024,3.277824,,0.035072,0.159744,0,0.141568,0.0076799999999999993,0.009984,,0.0051199999999999996,,2.05056,20196,17334,628,5.9343370999999934
20197,374.3617100056689,278146616834,1,8.1311007961630821,7.8874,7.651584,1.7823,16387,0.001024,3.272448,,0.040704,0.156672,0,0.136192,0.007936,0.0097279999999999988,,0.004096,,1.746176,20197,17335,628,5.9428517000001193
20198,374.36972300170066,278146695708,1,8.0129960551857948,8.385,8.105984,1.7349,15899,0.001024,3.302656,,0.0384,0.160512,0,0.141568,0.0076799999999999993,0.010239999999999999,,0.004608,,2.08384,20198,17336,628,5.9508114000000205
20199,374.37902710459184,278146779558,1,9.3041025102138519,7.7253,7.988992,2.2091,16387,0.001024,3.2345599999999997,,0.038655999999999996,0.150272,0.000256,0.131584,0.008192,0.009216,,0.004096,,1.9962879999999998,20199,17337,628,5.9599607000000105
20200,374.38711390306122,278146856811,1,8.0867987126111984,8.328,9.214208,2.0305,16101,0.001024,3.17696,,0.040448,0.155392,0.000256,0.13516799999999998,0.007424,0.010752,,0.004608,,2.358272,20200,17338,628,5.96809790000043
20201,374.39597859977323,278146940091,1,8.8646970689296722,8.03,8.139008,1.8622,16387,0.0012799999999999999,3.29216,,0.041215999999999996,0.155392,0,0.135424,0.0076799999999999993,0.0097279999999999988,,0.0048639999999999994,,1.9427839999999998,20201,17339,628,5.9772428000001128
20202,374.40434100056689,278147020391,1,8.3624003455042839,9.2626,8.827136,2.2442,15899,0.001024,3.299072,,0.03968,0.15744,0.000256,0.137728,0.00896,0.009472,,0.005376,,2.7092479999999997,20202,17340,628,5.98558710000043
20203,374.41259310515869,278147113017,1,8.2521047443151474,8.0575,8.34304,2.0618,16439,0.006912,3.27936,,0.035328,0.175872,0,0.13644799999999999,0.011519999999999999,0.009216,,0.004608,,1.933568,20203,17341,628,5.9941044000001966
20204,374.42157030187076,278147193592,1,8.9771971106529236,9.1632,8.22912,1.9268,15899,0.001024,3.1902719999999998,,0.038911999999999995,0.161024,0,0.141824,0.008192,0.0097279999999999988,,0.0051199999999999996,,2.103808,20204,17342,628,6.0026488000003155
20205,374.42974870323127,278147285224,1,8.1784017384052277,8.2969,8.964608,2.3357,16387,0.001024,3.1075839999999997,,0.038655999999999996,0.151808,0,0.132096,0.0076799999999999993,0.009984,,0.003584,,2.2261759999999997,20205,17343,628,6.0106665000002977
20206,374.4379801020408,278147368193,1,8.2313986495137215,8.5614,8.150784,1.98,15899,0.001024,3.183616,,0.036351999999999995,0.156672,0,0.13696,0.006656,0.009216,,0.006144,,2.237184,20206,17344,628,6.0189658000003874
20207,374.44617380243761,278147453807,1,8.1937005743384361,8.4878,8.212736,1.9743,16387,0.20736,3.231744,,0.040704,0.15923199999999998,0,0.13952,0.0076799999999999993,0.009472,,0.005376,,1.952,20207,17345,628,6.027309200000218
20208,374.45509930555556,278147538685,1,8.9255031198263168,8.1037,8.173056,1.8603,15899,0.001024,3.233536,,0.037632,0.155904,0,0.136192,0.003584,0.009472,,0.004096,,2.116864,20208,17346,628,6.03595150000001
20209,374.46349910005665,278147619722,1,8.3997948095202446,8.2699,8.905728,2.0182,16582,0.001024,3.2954879999999998,,0.040959999999999996,0.15462399999999998,0.000256,0.13516799999999998,0.007424,0.011519999999999999,,0.004096,,1.9681279999999999,20209,17347,628,6.0446561000003385
20210,374.4719841057256,278147702421,1,8.4850052371621132,8.3593,8.37376,1.9638,15899,0.006144,3.2967679999999997,,0.03968,0.159488,0,0.140032,0.0076799999999999993,0.010239999999999999,,0.0048639999999999994,,2.03904,20210,17348,628,6.0537367000001723
20211,374.48022290249429,278147786014,1,8.2387970760464668,8.6531,8.477952,2.112,16387,0.001024,3.098368,,0.042496,0.159744,0.000256,0.13414399999999999,0.0076799999999999993,0.0097279999999999988,,0.005632,,2.0756479999999997,20211,17349,628,6.0617519000002176
20212,374.48875290532879,278147872545,1,8.5300030186772346,8.6586,8.218112,2.3244,16101,0.001024,3.280896,,0.038655999999999996,0.15616,0.000256,0.136704,0.007424,0.010239999999999999,,0.005632,,2.0556799999999997,20212,17350,628,6.0699720000002344
20213,374.49777410005669,278147959131,1,9.021194651722908,8.8951,8.507392,2.2738,16387,0.001024,3.2816639999999997,,0.039168,0.16,0,0.140544,0.009984,0.001536,,0.012544,,1.926656,20213,17351,628,6.07898890000024
20214,374.50638790391156,278148048082,1,8.6138034239411354,8.2129,8.959232,2.0981,15899,0.001024,3.1866879999999997,,0.041984,0.157696,0,0.137728,0.007936,0.012544,,0.004352,,1.972224,20214,17352,628,6.0873036000002685
20215,374.51499160289114,278148130211,1,8.6036985740065575,8.2109,8.63872,1.8877,16387,0.001024,3.288576,,0.041215999999999996,0.15564799999999998,0.000256,0.13568,0.007424,0.010239999999999999,,0.0048639999999999994,,2.101504,20215,17353,628,6.0963260000003174
20216,374.523170103458,278148212320,1,8.1785004585981369,9.0323,8.58112,1.918,15899,0.001024,3.2704,,0.040704,0.156416,0,0.13696,0.0038399999999999997,0.0097279999999999988,,0.004352,,2.017792,20216,17354,628,6.1041665000002467
20217,374.5311399022109,278148302643,1,7.9697985202074051,8.3238,8.156416,2.0834,16387,0.001024,3.177984,,0.03968,0.15923199999999998,0,0.138752,0.0076799999999999993,0.011264,,0.005376,,2.151424,20217,17355,628,6.1125440000000708
20218,374.53894450113376,278148385881,1,7.80459912493825,9.0756,7.951872,2.0417,15899,0.001024,3.1733759999999998,,0.043519999999999996,0.156672,0.000256,0.13696,0.007936,0.0097279999999999988,,0.003584,,1.9548159999999999,20218,17356,628,6.1197540000002846
20219,374.54681360544214,278148476637,1,7.8691039234399796,7.725,7.78112,1.995,16387,0.001024,3.185664,,0.039424,0.150784,0,0.131072,0.007936,0.0097279999999999988,,0.0038399999999999997,,1.949952,20219,17357,628,6.1281232000001182
20220,374.55488020124716,278148553887,1,8.0665955320000648,8.4041,7.857152,2.2172,15899,0.001024,3.26912,,0.040959999999999996,0.158976,0,0.137728,0.003584,0.009216,,0.004096,,1.7484799999999998,20220,17358,628,6.1357021000003442
20221,374.56275150226753,278148637928,1,7.8713009133934975,7.2484,8.052736,2.036,16387,0.001024,3.183616,,0.035072,0.164096,0,0.144128,0.0048639999999999994,0.012032,,0.005376,,1.7469439999999998,20221,17359,628,6.1435218999999961
20222,374.5706150014172,278148710412,1,7.8634992241859436,8.4371,7.853568,1.8025,15899,0.0012799999999999999,3.274752,,0.039936,0.157184,0,0.13824,0.007936,0.009984,,0.005632,,2.06208,20222,17360,628,6.1514098000002377
20223,374.57863390022675,278148794783,1,8.0188987776637077,7.534,7.838208,1.9194,16387,0.001024,3.1884799999999998,,0.039168,0.154112,0,0.134912,0.0076799999999999993,0.009984,,0.003584,,1.9427839999999998,20223,17361,628,6.1597572000000582
20224,374.58633939909294,278148870123,1,7.7054989524185658,7.8321,8.010752,1.7978,16101,0.001024,3.0991359999999997,,0.039168,0.158208,0,0.13414399999999999,0.0076799999999999993,0.0097279999999999988,,0.005632,,2.1094399999999998,20224,17362,628,6.1672160000002805
20225,374.594369005102,278148948444,1,8.0296061933040619,7.8892,7.672576,1.993,16387,0.001024,3.10784,,0.039936,0.14771199999999998,0,0.128,0.0076799999999999993,0.008704,,0.007168,,1.746688,20225,17363,628,6.1750678000003063
20226,374.60215940334467,278149027336,1,7.7903983183205128,8.3302,8.020992,1.8393,15899,0.001024,3.2732159999999997,,0.042752,0.162816,0,0.142848,0.007424,0.0097279999999999988,,0.005376,,1.922048,20226,17364,628,6.1831150000002708
20227,374.610395904195,278149110638,1,8.2365004345774651,7.4832,7.770624,1.8972,16387,0.0012799999999999999,3.173888,,0.033535999999999996,0.15334399999999998,0,0.134656,0.0076799999999999993,0.009984,,0.0038399999999999997,,2.2768639999999998,20227,17365,628,6.1912033000003248
20228,374.6184137046485,278149185470,1,8.0178007483482361,7.888,8.2048,1.9147,16146,0.001024,3.280896,,0.041728,0.1536,0,0.1344,0.0076799999999999993,0.0097279999999999988,,0.0051199999999999996,,1.746432,20228,17366,628,6.1990960000002815
20229,374.62609750566889,278149264350,1,7.6838009990751743,8.0223,8.0128,1.7086,16387,0.001024,3.200512,,0.043264,0.16255999999999998,0,0.141312,0.010239999999999999,0.009472,,0.005888,,2.084864,20229,17367,628,6.2074789000002966
20230,374.63436680130383,278149344573,1,8.2692960277199745,8.123,7.659264,1.9248,15899,0.001024,3.292672,,0.041471999999999995,0.155392,0,0.13568,0.0076799999999999993,0.0097279999999999988,,0.004096,,1.9246079999999999,20230,17368,628,6.2152119000002131
20231,374.64221220238096,278149425803,1,7.845400832593441,7.816,8.240384,1.8428,16387,0.001024,3.2319999999999998,,0.038655999999999996,0.180224,0,0.141312,0.007936,0.009472,,0.004096,,2.026496,20231,17369,628,6.2232210000001942
20232,374.64990790107709,278149503963,1,7.6956986449658871,8.3758,7.832576,1.7545,15899,0.001024,3.179264,,0.038911999999999995,0.154368,0,0.134656,0.007424,0.009472,,0.005376,,1.746688,20232,17370,628,6.2307865000002494
20233,374.65789400510204,278149587721,1,7.9861041158437729,7.7472,7.661056,1.7671,16387,0.001024,3.17184,,0.038911999999999995,0.15616,0,0.136704,0.007424,0.011007999999999999,,0.0051199999999999996,,1.933824,20233,17371,628,6.238719200000105
20234,374.66580420209749,278149665193,1,7.9101966693997383,8.0473,7.981824,1.9683,29367,0.001024,3.2017919999999997,,0.040192,0.161792,0,0.142336,0.003584,0.000256,,0.035584,,2.2865919999999997,20234,17372,628,6.2465070000002925
20235,374.67406709892288,278149745666,1,8.2628969103097916,7.565,7.890944,1.9116,16387,0.001024,3.2399359999999997,,0.037376,0.157696,0,0.13644799999999999,0.004608,0.002048,,0.012799999999999999,,1.749248,20235,17373,628,6.2547733000001244
20236,374.68173849914962,278149821316,1,7.6714004389941692,7.9119,8.246784,1.8185,15899,0.001024,3.2949759999999997,,0.035328,0.16127999999999998,0.000256,0.142592,0.007424,0.010496,,0.0051199999999999996,,2.093568,20236,17374,628,6.2626807999999983
20237,374.68957530470522,278149900435,1,7.8368056565523148,7.8011,7.651072,1.8197,16734,0.001024,3.1782399999999997,,0.03712,0.15564799999999998,0,0.13644799999999999,0.003328,0.0097279999999999988,,0.0048639999999999994,,1.921536,20237,17375,628,6.2703308000000106
20238,374.69742769982992,278149978446,1,7.8523950651288033,8.2983,7.806976,1.7696,15899,0.001024,3.231232,,0.035328,0.160512,0,0.140544,0.0076799999999999993,0.0097279999999999988,,0.004096,,2.0556799999999997,20238,17376,628,6.2783180000001266
20239,374.70547160572562,278150061429,1,8.0439057201147079,7.8816,7.835136,1.8956,16387,0.001024,3.23584,,0.040448,0.155392,0,0.136192,0.007424,0.009472,,0.0048639999999999994,,1.7487359999999998,20239,17377,628,6.2861975000000712
20240,374.7131341057256,278150140245,1,7.6624997891485691,7.6506,8.020736,1.754,15899,0.001024,3.237632,,0.042752,0.15692799999999998,0,0.13747199999999998,0.0076799999999999993,0.0097279999999999988,,0.0048639999999999994,,2.023168,20240,17378,628,6.2938496000001578
20241,374.72102230017003,278150216751,1,7.8881941735744476,7.8413,7.635968,1.8607,22171,0.001024,3.1744,,0.042496,0.155392,0,0.13696,0.007936,0.010239999999999999,,0.004096,,2.0454399999999997,20241,17379,628,6.30173300000024
20242,374.72903260345805,278150295164,1,8.0103036016225815,8.024,7.87584,1.777,15899,0.001024,3.173632,,0.039168,0.158976,0.000256,0.140544,0.0076799999999999993,0.009984,,0.0048639999999999994,,1.747968,20242,17380,628,6.3098079000001235
20243,374.736748100907,278150375404,1,7.7154976315796375,7.6369,7.947008,1.8637,22316,0.001024,3.23712,,0.041728,0.156416,0.000256,0.137728,0.007424,0.009984,,0.0038399999999999997,,2.088448,20243,17381,628,6.3174165000000357
20244,374.74502670068028,278150451773,1,8.2785999402403831,7.9218,7.752448,1.7576,15899,0.001024,3.23584,,0.040959999999999996,0.151552,0,0.132096,0.007936,0.0097279999999999988,,0.003584,,1.908736,20244,17382,628,6.3258042000002206
20245,374.75282730300449,278150530991,1,7.8006023541092873,8.0341,7.961344,1.7155,58615,0.001024,3.2714239999999997,,0.03968,0.1536,0,0.134656,0.007424,0.010239999999999999,,0.004608,,2.116352,20245,17383,628,6.3337366000000657
20246,374.76103190192742,278150611332,1,8.2045989111065865,7.6707,7.721216,1.9982,15899,0.001024,3.2345599999999997,,0.041471999999999995,0.152832,0,0.13312,0.0076799999999999993,0.009984,,0.004608,,1.747968,20246,17384,628,6.341700800000126
20247,374.7686505031179,278150688039,1,7.6186009682714939,8.2115,8.204288,1.8064,28440,0.001024,3.27936,,0.040959999999999996,0.154368,0.000256,0.134912,0.0076799999999999993,0.009472,,0.0038399999999999997,,2.077184,20247,17385,628,6.349456100000225
20248,374.77653770549887,278150770154,1,7.8872023150324821,8.0761,7.590656,1.747,15899,0.001024,3.273472,,0.039168,0.162304,0,0.144128,0.0076799999999999993,0.009984,,0.0038399999999999997,,1.932032,20248,17386,628,6.3572349000000941
20249,374.7846044005102,278150850915,1,8.0666951835155487,7.9439,7.874304,1.7784,16387,0.001024,3.274752,,0.037376,0.15129599999999999,0,0.132096,0.0038399999999999997,0.009472,,0.005632,,1.936896,20249,17387,628,6.3653764000000592
20250,374.79259930555554,278150930354,1,7.9949051141738892,7.7457,8.041984,1.9727,16246,0.001024,3.232512,,0.038655999999999996,0.16512,0,0.145152,0.007936,0.0097279999999999988,,0.004352,,2.146816,20250,17388,628,6.3733592000003227
20251,374.80027850056689,278151007811,1,7.6791951432824135,7.7561,7.983616,1.8951,22171,0.001024,3.182848,,0.040959999999999996,0.15923199999999998,0,0.13977599999999998,0.005632,0.0097279999999999988,,0.004096,,1.746688,20251,17389,628,6.3809931000000688
20252,374.80826450538547,278151085372,1,7.986004464328289,8.2026,7.61856,1.7916,15899,0.001024,3.1746559999999997,,0.036351999999999995,0.15616,0.000256,0.136192,0.0076799999999999993,0.010239999999999999,,0.0048639999999999994,,1.936896,20252,17390,628,6.3889395000001059
20253,374.81641259920633,278151167398,1,8.1480937078595161,7.9672,8.002048,1.7095,16387,0.0012799999999999999,3.236096,,0.036864,0.151808,0,0.132352,0.003584,0.009472,,0.005376,,1.9276799999999998,20253,17391,628,6.397208800000044
20254,374.82421560374149,278151247070,1,7.8030047006905079,7.6102,8.125696,1.7754,15951,0.001024,3.231744,,0.040448,0.168448,0.000256,0.146432,0.007424,0.010496,,0.0048639999999999994,,2.02624,20254,17392,628,6.4049036000001252
20255,374.83237840136053,278151323172,1,8.1627974286675453,7.9579,7.776768,1.8026,16387,0.001024,3.273472,,0.038911999999999995,0.158464,0,0.140032,0.003584,0.018175999999999998,,0.004096,,2.0840959999999997,20255,17393,628,6.4129972000000635
20256,374.84040740504531,278151402751,1,8.0290036275982857,8.2944,8.14592,1.7998,15899,0.0051199999999999996,3.27936,,0.039168,0.158208,0.000256,0.137728,0.009216,0.010496,,0.005376,,1.935616,20256,17394,628,6.4214562000001933
20257,374.84792050028341,278151485695,1,7.5130951590836048,7.6572,8.01664,1.867,23021,0.001024,3.17184,,0.039936,0.154112,0.000256,0.136192,0.007424,0.009984,,0.004608,,2.099712,20257,17395,628,6.4286957000003895
20258,374.85575680272109,278151562267,1,7.8363027423620224,8.1421,7.48672,1.813,15899,0.001024,3.104768,,0.040192,0.16025599999999998,0,0.132608,0.0076799999999999993,0.0097279999999999988,,0.005632,,1.750784,20258,17396,628,6.4367873000001055
20259,374.86366270549883,278151643688,1,7.9059023410081863,8.1593,7.81312,1.8695,16387,0.001024,3.19232,,0.046079999999999996,0.153088,0.000256,0.133376,0.007424,0.009984,,0.0038399999999999997,,2.013184,20259,17397,628,6.4445231000004242
20260,374.87164280045351,278151725281,1,7.9800952225923538,7.5237,7.886592,1.8912,15899,0.001024,3.2755199999999998,,0.046079999999999996,0.163328,0.000256,0.142336,0.0076799999999999993,0.009472,,0.004352,,1.939968,20260,17398,628,6.4527555000004213
20261,374.87938260345805,278151800518,1,7.739802822470665,8.0449,7.968,1.9592,16387,0.001024,3.1915519999999997,,0.035072,0.15334399999999998,0,0.134656,0.003584,0.009984,,0.0038399999999999997,,2.05056,20261,17399,628,6.4601402000002963
20262,374.8872705994898,278151880967,1,7.8879958018660545,7.7403,7.699968,1.914,16246,0.001024,3.245056,,0.038911999999999995,0.162048,0,0.142592,0.0076799999999999993,0.011519999999999999,,0.005376,,1.7471999999999999,20262,17400,628,6.4679215000001022
20263,374.89517170493195,278151958370,1,7.901105098426342,8.237,7.88736,1.7342,16387,0.001024,3.2350719999999997,,0.041215999999999996,0.153856,0,0.134656,0.007936,0.009472,,0.004096,,1.9243519999999998,20263,17401,628,6.4759252000003471
20264,374.90325310374146,278152040740,1,8.0813989043235779,7.4432,7.874304,1.7195,15899,0.001024,3.2883199999999997,,0.040959999999999996,0.15564799999999998,0,0.13568,0.0076799999999999993,0.0097279999999999988,,0.004608,,2.066944,20264,17402,628,6.4839474000000337
20265,374.91141330073697,278152115172,1,8.1601971760392189,7.7544,8.006912,1.9486,16387,0.001024,3.2919039999999997,,0.039936,0.15564799999999998,0,0.13414399999999999,0.011264,0.009472,,0.005888,,1.750784,20265,17403,628,6.4920520000000579
20266,374.91904720096369,278152192716,1,7.63390026986599,7.8954,8.200704,1.7197,16094,0.001024,3.292672,,0.040192,0.161792,0,0.141824,0.0076799999999999993,0.010496,,0.0038399999999999997,,2.0889599999999997,20266,17404,628,6.49991110000019
20267,374.92673010204078,278152271670,1,7.6829008758068085,8.1244,7.60704,1.8183,16387,0.0012799999999999999,3.2750079999999997,,0.039424,0.15488,0,0.136192,0.007424,0.009984,,0.0038399999999999997,,1.9292159999999998,20267,17405,628,6.5074402000000191
20268,374.93450960175733,278152352914,1,7.7794995158910751,8.1285,7.666432,1.8651,15899,0.001024,3.09504,,0.039168,0.162048,0,0.14207999999999998,0.012032,0.002304,,0.013056,,1.923328,20268,17406,628,6.5152126000002681
20269,374.9427361040249,278152434199,1,8.2265026867389679,7.8267,7.755264,1.869,16387,0.0012799999999999999,3.176704,,0.038911999999999995,0.165632,0,0.146944,0.007936,0.009216,,0.004352,,2.143744,20269,17407,628,6.5234769000003325
20270,374.95067970521541,278152512466,1,7.9436013475060463,7.5424,8.182784,1.8187,15899,0.001024,3.296,,0.039936,0.16896,0,0.14540799999999998,0.007424,0.010496,,0.0048639999999999994,,1.7456639999999999,20270,17408,628,6.5316413000000466
20271,374.958469005102,278152587890,1,7.7892998233437538,7.7654,7.947776,1.8009,51529,0.001024,3.294208,,0.03968,0.152064,0.000256,0.132352,0.009472,0.0097279999999999988,,0.0048639999999999994,,2.053632,20271,17409,628,6.5398425000003044
20272,374.966759502551,278152665544,1,8.2904975861310959,8.2828,7.778304,2.0876,46047,0.001024,3.210496,,0.036351999999999995,0.15564799999999998,0,0.136192,0.0076799999999999993,0.011007999999999999,,0.0051199999999999996,,1.9363839999999999,20272,17410,628,6.547760300000391
20273,374.97455390447846,278152748372,1,7.7944020740687847,8.1493,8.263936,1.8511,16387,0.001024,3.2931839999999997,,0.040959999999999996,0.153088,0.000256,0.133376,0.007168,0.009472,,0.0038399999999999997,,2.03264,20273,17411,628,6.5551872000000913
20274,374.98236230158727,278152829865,1,7.8083970583975315,8.0156,7.77344,1.839,15899,0.001024,3.2985599999999997,,0.042496,0.15744,0,0.13952,0.007936,0.009472,,0.0051199999999999996,,2.046976,20274,17412,628,6.563173900000038
20275,374.9903830994898,278152910021,1,8.0207977443933487,8.0931,7.791616,1.8181,16589,0.001024,3.178496,,0.039424,0.162048,0,0.14336,0.007424,0.010239999999999999,,0.004608,,1.9343359999999998,20275,17413,628,6.5716360000001259
20276,374.99816420068026,278152990952,1,7.7811013907194138,7.4557,8.00384,1.7725,15899,0.001024,3.287808,,0.041215999999999996,0.161792,0,0.141568,0.0038399999999999997,0.009472,,0.0038399999999999997,,2.02752,20276,17414,628,6.5790469000003213
20277,375.00588759920635,278153065509,1,7.7233985066413879,7.9001,7.745536,1.891,16387,0.001024,3.279616,,0.038911999999999995,0.167936,0.000256,0.143872,0.006656,0.002304,,0.011264,,1.746432,20277,17415,628,6.5865153000004284
20278,375.01370009920635,278153144510,1,7.8125,8.5456,7.709696,1.7417,15899,0.001024,3.10016,,0.038911999999999995,0.163072,0,0.14438399999999998,0.008704,0.009216,,0.005632,,2.011648,20278,17416,628,6.59438130000035
20279,375.02189930555556,278153229966,1,8.1992065533995628,7.3937,7.798016,1.8226,16387,0.0012799999999999999,3.266304,,0.041984,0.154368,0,0.1344,0.007424,0.009984,,0.004352,,1.9312639999999999,20279,17417,628,6.6027874000001248
20280,375.02980060232426,278153303903,1,7.9012969508767128,7.4926,8.187904,1.7381,15951,0.001024,3.234048,,0.040704,0.154112,0.000256,0.135424,0.0076799999999999993,0.009984,,0.0048639999999999994,,2.051328,20280,17418,628,6.610462500000267
20281,375.03767800453511,278153378829,1,7.8774020075798035,7.8387,7.869184,1.7477,33958,0.001024,3.1928319999999997,,0.040192,0.153856,0.000256,0.132608,0.007936,0.009984,,0.003328,,2.0490239999999997,20281,17419,628,6.6183791000003112
20282,375.04565160147393,278153457216,1,7.9735973849892616,8.3231,7.87072,1.7261,30284,0.001024,3.294464,,0.037888,0.158208,0,0.13849599999999998,0.007936,0.010496,,0.0048639999999999994,,1.924864,20282,17420,628,6.6268128000001525
20283,375.05347250566894,278153540447,1,7.82090425491333,7.7724,7.953152,1.8582,16387,0.001024,3.18336,,0.036864,0.15923199999999998,0,0.140032,0.004608,0.0097279999999999988,,0.003584,,2.2830079999999997,20283,17421,628,6.6343738000000485
20284,375.06134760487527,278153618171,1,7.8750988468527794,7.8801,7.79008,2.0173,15899,0.001024,3.2750079999999997,,0.039936,0.172032,0,0.129792,0.007936,0.009472,,0.0038399999999999997,,1.746432,20284,17422,628,6.6423866000000089
20285,375.07035260062355,278153696972,1,9.004996158182621,8.2879,7.873024,7.8338,16582,0.001024,3.291648,,0.034816,0.160768,0,0.14207999999999998,0.003328,0.012032,,0.0048639999999999994,,1.999104,20285,17423,628,6.6511773000001995
20286,375.07836770124715,278153779851,1,8.0151008442044258,7.7479,7.630848,2.0958,15899,0.001024,3.29088,,0.039424,0.165376,0.000256,0.145664,0.003072,0.010239999999999999,,0.0038399999999999997,,1.9343359999999998,20286,17424,628,6.6594237000003886
20287,375.08637570153059,278153857330,1,8.0080004408955574,7.9707,7.994624,2.085,33958,0.001024,3.2906239999999998,,0.03456,0.16486399999999998,0.000256,0.14592,0.0076799999999999993,0.0097279999999999988,,0.0051199999999999996,,2.093568,20287,17425,628,6.6671527000003152
20288,375.09482020266438,278153937037,1,8.4445010870695114,8.7901,7.992576,1.8055,30486,0.001024,3.279104,,0.040192,0.16588799999999998,0,0.14592,0.011776,0.009472,,0.004096,,1.74592,20288,17426,628,6.6760404000001472
20289,375.1028609056122,278154024938,1,8.0407029017806053,8.2182,8.420864,1.6758,16387,0.001024,3.296,,0.042752,0.15231999999999998,0,0.132608,0.007168,0.011264,,0.002816,,1.93024,20289,17427,628,6.6837722000000213
20290,375.11108800311791,278154107120,1,8.2270978018641472,7.7321,8.011776,2.4436,33470,0.001024,3.269888,,0.044544,0.15462399999999998,0,0.134912,0.004608,0.011519999999999999,,0.002816,,1.74976,20290,17428,628,6.6920618000003742
20291,375.11884029903626,278154184441,1,7.7522960491478443,8.7989,8.213248,2.0067,30772,0.001024,3.196672,,0.040704,0.164096,0,0.14336,0.007936,0.012288,,0.003072,,2.03008,20291,17429,628,6.6997874000003321
20292,375.12670520124715,278154272430,1,7.8649017959833145,7.8949,7.717376,2.032,15899,0.001024,3.2363519999999997,,0.038911999999999995,0.150784,0.000256,0.131584,0.00896,0.010239999999999999,,0.003328,,1.92896,20292,17430,628,6.7075097000001733
20293,375.13507560232426,278154351379,1,8.3704013377428055,8.215,7.856128,1.8801,16387,0.001024,3.1866879999999997,,0.044544,0.152576,0.000256,0.13312,0.007424,0.0097279999999999988,,0.005632,,1.9176959999999998,20293,17431,628,6.7159427000001415
20294,375.14327320011336,278154433529,1,8.1975981593132019,7.7938,8.349696,1.8672,138896,0.001024,3.2732159999999997,,0.040192,0.154368,0.000256,0.13516799999999998,0.009472,0.009984,,0.003584,,2.217216,20294,17432,628,6.72480510000014
20295,375.15153810232425,278154511467,1,8.2649020478129387,7.6888,8.168704,1.8104,125638,0.001024,3.297792,,0.041215999999999996,0.16153599999999999,0.000256,0.14207999999999998,0.011776,0.009472,,0.0038399999999999997,,1.918976,20295,17433,628,6.7326015000003281
20296,375.15920260062359,278154588355,1,7.6644984073936939,8.4577,8.075776,2.3236,68612,0.001024,3.095808,,0.043008,0.157696,0,0.137984,0.007424,0.009472,,0.004096,,2.386176,20296,17434,628,6.740056700000423
20297,375.16748700396823,278154672932,1,8.2844030112028122,8.6412,7.642112,1.9257,62298,0.001024,3.232256,,0.039424,0.15564799999999998,0.000256,0.13568,0.005376,0,,0.019968,,1.746688,20297,17435,628,6.7483664000001227
20298,375.17535780187075,278154759344,1,7.8707979992032051,8.0168,8.257024,1.873,15899,0.001024,3.248128,,0.039936,0.45055999999999996,0,0.143872,0.009472,0.009984,,0.004608,,2.118144,20298,17436,628,6.7567011000001
20299,375.18328570011334,278154839512,1,7.9278983175754547,7.3982,7.867136,1.924,16387,0.001024,3.272192,,0.04736,0.155392,0,0.135936,0.011519999999999999,0.0097279999999999988,,0.004352,,1.93024,20299,17437,628,6.7646194000003561
20300,375.19110819869616,278154913494,1,7.8224986791610718,8.3531,7.900672,1.9219,16101,0.001024,3.171328,,0.039936,0.159488,0,0.13977599999999998,0.003584,0.009472,,0.0048639999999999994,,1.960192,20300,17438,628,6.7720619000001534
20301,375.19907220096371,278154997025,1,7.9640019685029984,8.3254,7.803392,2.0239,16387,0.0012799999999999999,3.29216,,0.038911999999999995,0.1536,0,0.134912,0.007424,0.009984,,0.004096,,2.109952,20301,17439,628,6.7797612000003937
20302,375.20730930413833,278155080279,1,8.2371030002832413,7.9555,7.944192,1.8993,21683,0.001024,3.178496,,0.041471999999999995,0.152576,0,0.13286399999999998,0.0076799999999999993,0.0097279999999999988,,0.004352,,1.7469439999999998,20302,17440,628,6.7881162000003314
20303,375.21534019982994,278155159834,1,8.0308960750699043,7.401,8.209408,1.824,16387,0.001024,3.173888,,0.039168,0.15872,0,0.13977599999999998,0.0076799999999999993,0.010496,,0.004608,,2.412544,20303,17441,628,6.7961159000001317
20304,375.2232154053288,278155233844,1,7.87520594894886,7.7201,8.018944,1.9343,16094,0.001024,3.22944,,0.03712,0.154112,0,0.1344,0.0076799999999999993,0.009472,,0.004096,,1.749248,20304,17442,628,6.8041197000002285
20305,375.23105510204078,278155311045,1,7.8396964818239212,8.3381,7.85024,1.7905,16439,0.001024,3.299584,,0.040448,0.16153599999999999,0.000256,0.141824,0.007936,0.009984,,0.004608,,2.1306879999999997,20305,17443,628,6.8117992000002232
20306,375.239320904195,278155394426,1,8.2658017054200172,8.0525,7.785216,1.7488,15899,0.0012799999999999999,3.191808,,0.03968,0.174592,0.000256,0.15488,0.005888,0.009472,,0.005376,,1.950464,20306,17444,628,6.8201661000002787
20307,375.24699360119047,278155474951,1,7.672696840018034,7.9507,8.28672,1.8357,16387,0.001024,3.185152,,0.040959999999999996,0.17510399999999998,0,0.15616,0.008192,0.0097279999999999988,,0.0048639999999999994,,1.943552,20307,17445,628,6.828636600000209
20308,375.25468530328794,278155554458,1,7.6917018741369247,7.648,7.65312,1.8971,15899,0.001024,3.292416,,0.036351999999999995,0.15616,0.000256,0.13696,0.0076799999999999993,0.0097279999999999988,,0.005376,,1.748224,20308,17446,628,6.8354580000000169
20309,375.2626619047619,278155630938,1,7.9766018316149712,8.4122,7.666688,2.2268,16387,0.001024,3.177216,,0.036608,0.15692799999999998,0.000256,0.13747199999999998,0.0051199999999999996,0.011776,,0.004608,,1.928704,20309,17447,628,6.8436380000002828
20310,375.27041720521538,278155715060,1,7.7553004957735538,8.2102,7.950592,1.8111,33470,0.001024,3.27296,,0.039168,0.150528,0,0.131584,0.003584,0.009984,,0.004352,,2.0876799999999998,20310,17448,628,6.8512263000002349
20311,375.27851969954645,278155797162,1,8.1024942919611931,7.0763,7.742976,1.9696,30772,0.001024,3.2888319999999998,,0.039424,0.15692799999999998,0,0.13824,0.003584,0.010239999999999999,,0.0038399999999999997,,1.953536,20311,17449,628,6.8604162999999971
20312,375.28652760062357,278155867925,1,8.0079007893800735,7.9571,8.085248,1.9234,15899,0.001024,3.2913919999999997,,0.039424,0.15616,0,0.13696,0.007424,0.009984,,0.004096,,2.099968,20312,17450,628,6.86747030000015
20313,375.29489070294784,278155947496,1,8.363102562725544,7.705,7.97952,2.3188,16734,0.001024,3.2404479999999998,,0.039168,0.159744,0,0.13977599999999998,0.0048639999999999994,0.010496,,0.003584,,1.926912,20313,17451,628,6.87603530000024
20314,375.3025498015873,278156024546,1,7.6590985991060734,9.2598,8.340224,1.8709,15899,0.001024,3.289344,,0.040959999999999996,0.15744,0,0.137728,0.0076799999999999993,0.009472,,0.004352,,2.214912,20314,17452,628,6.88382350000029
20315,375.31036699971656,278156117144,1,7.8171985223889351,7.0505,7.643904,2.0682,16387,0.001024,3.231232,,0.584704,0.16588799999999998,0,0.14592,0.0076799999999999993,0.010496,,0.004096,,1.7489919999999999,20315,17453,628,6.8914761000000908
20316,375.318486699263,278156187649,1,8.11969954520464,8.41,7.762688,2.0727,15899,0.0012799999999999999,3.1831039999999997,,0.038144,0.155136,0,0.13516799999999998,0.007424,0.010752,,0.004096,,1.9376639999999998,20316,17454,628,6.8991407000003164
20317,375.32641450538546,278156271749,1,7.9278061166405678,7.968,8.120832,2.0329,16387,0.001024,3.234816,,0.03456,0.16716799999999998,0,0.148224,0.008192,0.009984,,0.004352,,2.1143039999999997,20317,17455,628,6.9072129000001041
20318,375.33455009920635,278156351429,1,8.1355934962630272,7.6774,7.917568,1.8959,15899,0.001024,3.294464,,0.041471999999999995,0.15231999999999998,0,0.132608,0.00896,0.0097279999999999988,,0.005632,,1.944064,20318,17456,628,6.9161891000003379
20319,375.34253660005669,278156428203,1,7.9865008592605591,7.6629,8.102912,1.8429,16387,0.001024,3.237632,,0.040959999999999996,0.157184,0,0.13747199999999998,0.004608,0.009472,,0.0038399999999999997,,2.191872,20319,17457,628,6.9234446000000389
20320,375.35071100481861,278156504832,1,8.174404501914978,7.9654,7.977984,2.2301,22533,0.001024,3.238912,,0.039168,0.156672,0,0.136704,0.011007999999999999,0.011007999999999999,,0.004608,,1.747712,20320,17458,628,6.9313691000002109
20321,375.3586657029478,278156584486,1,7.95469805598259,9.0708,8.145664,1.817,16387,0.001024,3.273984,,0.03968,0.16358399999999998,0.000256,0.144896,0.0051199999999999996,0.010239999999999999,,0.003328,,2.391296,20321,17459,628,6.9393860000000132
20322,375.36684870323126,278156675194,1,8.1830006092786789,7.0231,7.933696,1.8066,15899,0.001024,3.232256,,0.033535999999999996,0.15129599999999999,0,0.13286399999999998,0.0076799999999999993,0.0097279999999999988,,0.003328,,1.7487359999999998,20322,17460,628,6.94779600000038
20323,375.37457890447843,278156745425,1,7.7302013523876667,8.1677,8.163584,1.7885,16582,0.001024,3.267328,,0.040192,0.156672,0,0.136704,0.0076799999999999993,0.0097279999999999988,,0.005376,,2.083584,20323,17461,628,6.9552158000001327
20324,375.382370103458,278156827102,1,7.7911987900733948,8.0361,7.70944,1.9138,15899,0.001024,3.176192,,0.038655999999999996,0.16255999999999998,0,0.143872,0.0038399999999999997,0.010496,,0.005632,,2.0928,20324,17462,628,6.9633612000002358
20325,375.38993309948978,278156907463,1,7.5629958882927895,8.3873,7.777792,1.803,16589,0.001024,3.236608,,0.03968,0.154368,0.000256,0.13516799999999998,0.0076799999999999993,0.010239999999999999,,0.0051199999999999996,,1.9261439999999999,20325,17463,628,6.9706043000001046
20326,375.39779919926303,278156991336,1,7.86609947681427,7.439,7.541248,2.0284,15899,0.001024,3.094016,,0.03968,0.15744,0,0.137216,0.0076799999999999993,0.010496,,0.0038399999999999997,,1.9161599999999999,20326,17464,628,6.9785631000004287
20327,375.40598390022672,278157065726,1,8.1847012042999268,8.0118,7.820544,1.8845,16387,0.001024,3.182336,,0.040448,0.152576,0,0.13312,0.007424,0.0097279999999999988,,0.005888,,1.7471999999999999,20327,17465,628,6.9866142000000764
20328,375.41398000283448,278157145844,1,7.9961027950048447,7.3826,8.185344,1.8678,15899,0.001024,3.2762879999999996,,0.040959999999999996,0.150272,0.000256,0.130816,0.007424,0.009472,,0.0051199999999999996,,2.063872,20328,17466,628,6.9947855000000345
20329,375.42222900368478,278157219670,1,8.249000646173954,7.9462,7.980288,1.792,16387,0.001024,3.22944,,0.041471999999999995,0.157184,0,0.13747199999999998,0.003584,0.009472,,0.004352,,1.958656,20329,17467,628,7.0034956000004058
20330,375.43005570436509,278157299132,1,7.8267008066177368,8.0781,8.241664,1.8342,15899,0.001024,3.274752,,0.040959999999999996,0.157184,0,0.137216,0.003584,0.010752,,0.005376,,2.13888,20330,17468,628,7.01073630000019
20331,375.43856020408163,278157379913,1,8.5044996812939644,7.9913,7.794944,2.0161,16439,0.0012799999999999999,3.2084479999999997,,0.038655999999999996,0.151552,0,0.13312,0.009216,0.010496,,0.003584,,2.060288,20331,17469,628,7.019155899999987
20332,375.44637470238092,278157459826,1,7.8144986182451248,8.8873,8.488192,1.7237,15899,0.001024,3.2962559999999996,,0.038144,0.158208,0.000256,0.137216,0.0076799999999999993,0.010239999999999999,,0.004096,,2.38464,20332,17470,628,7.0271843000000445
20333,375.454384502551,278157548699,1,8.0097997561097145,7.1816,7.800832,1.8476,16387,0.0012799999999999999,3.2327679999999996,,0.303616,0.15564799999999998,0,0.13516799999999998,0.003328,0.009472,,0.004608,,2.199296,20333,17471,628,7.0350694000003386
20334,375.4620625,278157620515,1,7.677997462451458,8.475,7.9808,1.8344,15899,0.001024,3.2980479999999996,,0.043519999999999996,0.159744,0,0.140032,0.0076799999999999993,0.009472,,0.004352,,1.747712,20334,17472,628,7.0427569000003132
20335,375.4700444019274,278157705265,1,7.9819019883871078,8.0177,7.659776,1.698,16387,0.0012799999999999999,3.176704,,0.039424,0.156672,0,0.13696,0.007936,0.009984,,0.003328,,2.066688,20335,17473,628,7.0511593000001085
20336,375.47821290391153,278157785442,1,8.1685017794370651,7.8747,7.965952,1.82,15899,0.0012799999999999999,3.29216,,0.039424,0.149504,0,0.131328,0.003584,0.009984,,0.0038399999999999997,,1.9563519999999999,20336,17474,628,7.0590000000001965
20337,375.48619780328795,278157864189,1,7.9848989844322205,7.6993,8.1472,2.3335,16387,0.001024,3.2314879999999997,,0.038911999999999995,0.157696,0,0.13824,0.007424,0.0097279999999999988,,0.0048639999999999994,,2.39872,20337,17475,628,7.0675473000001148
20338,375.494120904195,278157941182,1,7.92310107499361,8.1683,7.968,1.8795,16101,0.001024,3.240704,,0.0448,0.152064,0,0.13286399999999998,0.007936,0.0097279999999999988,,0.0048639999999999994,,1.747712,20338,17476,628,7.07482280000022
20339,375.50213510487526,278158022865,1,8.0142002552747726,8.0484,7.8976,1.9249,16387,0.001024,3.2750079999999997,,0.039168,0.16153599999999999,0,0.141824,0.006912,0.003072,,0.012799999999999999,,1.9379199999999999,20339,17477,628,7.0828908000003139
20340,375.51052340561222,278158103349,1,8.38830042630434,8.4328,8.004352,1.802,15899,0.001024,3.2906239999999998,,0.039168,0.152064,0,0.13312,0.007424,0.009984,,0.005376,,2.188544,20340,17478,628,7.0914723000000777
20341,375.51841259920633,278158187677,1,7.88919348269701,7.3954,8.362496,1.7968,16387,0.001024,3.2998399999999997,,0.040704,0.161024,0.000256,0.14079999999999998,0.0076799999999999993,0.010496,,0.0051199999999999996,,1.932032,20341,17479,628,7.0990461000001233
20342,375.526295904195,278158261631,1,7.8833047300577164,8.067,7.86304,1.941,16094,0.001024,3.2386559999999998,,0.035584,0.164608,0.000256,0.144896,0.0048639999999999994,0.0025599999999999998,,0.011007999999999999,,2.017792,20342,17480,628,7.1070867000003091
20343,375.5342806051587,278158342301,1,7.9847006127238274,8.4082,7.866368,1.7741,16387,0.001024,3.234304,,0.041215999999999996,0.161024,0,0.141824,0.011519999999999999,0.010496,,0.005888,,1.9509759999999998,20343,17481,628,7.115117900000314
20344,375.54240040391153,278158426383,1,8.1197991967201233,7.7866,7.966464,1.7883,15899,0.001024,3.2732159999999997,,0.035584,0.154112,0,0.13516799999999998,0.0076799999999999993,0.010239999999999999,,0.004608,,2.089216,20344,17482,628,7.123293200000262
20345,375.55011760204081,278158504249,1,7.7171982266008854,7.9552,8.103168,1.8657,16387,0.001024,3.276544,,0.040704,0.157184,0,0.13696,0.0076799999999999993,0.00896,,0.005888,,1.747968,20345,17483,628,7.1308224000003975
20346,375.55796570294785,278158583801,1,7.8481007367372513,8.0754,7.698944,1.8624,15899,0.001024,3.18464,,0.038911999999999995,0.15334399999999998,0,0.1344,0.007936,0.00896,,0.006144,,2.05824,20346,17484,628,7.1390751000003547
20347,375.56618100198409,278158664555,1,8.2152988761663437,8.1795,7.808,1.8678,16387,0.001024,3.286784,,0.038655999999999996,0.16127999999999998,0,0.141824,0.007936,0.0097279999999999988,,0.0051199999999999996,,2.0526079999999998,20347,17485,628,7.1469452000001183
20348,375.57392790532879,278158746350,1,7.7469032257795334,7.547,8.216576,1.8906,15899,0.001024,3.294208,,0.035328,0.171008,0.000256,0.133888,0.0076799999999999993,0.009472,,0.004608,,2.0272639999999997,20348,17486,628,7.1546361000000616
20349,375.58183190192744,278158821820,1,7.9039968550205231,8.2204,7.719168,1.8305,16387,0.001024,3.180288,,0.038911999999999995,0.165376,0,0.145152,0.0076799999999999993,0.009984,,0.0051199999999999996,,2.088448,20349,17487,628,7.1627405000003819
20350,375.58970170068028,278158904024,1,7.8697986900806427,7.9047,7.885824,1.806,16101,0.001024,3.235584,,0.040959999999999996,0.157184,0,0.137728,0.007936,0.009984,,0.005376,,1.935616,20350,17488,628,7.1708442000003743
20351,375.59740099914967,278158983071,1,7.6992986723780632,7.6796,7.845632,1.8755,16387,0.001024,3.235328,,0.038911999999999995,0.158464,0,0.139264,0.006656,0.009216,,0.004608,,2.06336,20351,17489,628,7.1782473000002938
20352,375.60534280045351,278159059867,1,7.9418011009693146,8.1151,7.66848,1.8684,15899,0.001024,3.0991359999999997,,0.041728,0.155136,0,0.135936,0.005888,0.007168,,0.008192,,1.746432,20352,17490,628,7.1860373000004074
20353,375.61312499999997,278159141018,1,7.7821994200348854,8.0258,7.921408,1.771,16387,0.001024,3.2337919999999998,,0.043775999999999995,0.159744,0,0.140032,0.005632,0.000256,,0.014336,,2.016512,20353,17491,628,7.19388730000037
20354,375.62092840136052,278159221276,1,7.8034014441072941,7.4883,7.759104,1.738,15899,0.001024,3.273472,,0.038911999999999995,0.15462399999999998,0,0.136192,0.007936,0.009984,,0.003328,,2.096384,20354,17492,628,7.2016689000001861
20355,375.62892750141719,278159296159,1,7.9990997910499573,7.7618,7.785216,1.8497,16387,0.0012799999999999999,3.2767999999999997,,0.039424,0.16383999999999999,0.000256,0.145152,0.007424,0.010239999999999999,,0.0048639999999999994,,1.952,20355,17493,628,7.2098257000002377
20356,375.63680700113377,278159373777,1,7.8794993460178375,7.8809,7.979264,1.7528,15899,0.001024,3.100416,,0.039936,0.157696,0,0.139264,0.007424,0.009216,,0.0051199999999999996,,2.093568,20356,17494,628,7.2175179000000753
20357,375.64481390306122,278159452586,1,8.0069014802575111,7.751,7.860992,1.8066,16439,0.001024,3.294464,,0.041215999999999996,0.157184,0.000256,0.135936,0.0084479999999999989,0.0097279999999999988,,0.005888,,1.74464,20357,17495,628,7.2255146000002242
20358,375.652583404195,278159530096,1,7.7695013023912907,8.1828,7.99104,1.7361,15899,0.001024,3.230976,,0.039168,0.14592,0,0.12723199999999998,0.0076799999999999993,0.010496,,0.004352,,2.30016,20358,17496,628,7.2334131000002344
20359,375.66077170493196,278159611924,1,8.1883007660508156,7.6479,7.751936,1.7493,16387,0.001024,3.2919039999999997,,0.040448,0.15129599999999999,0,0.132096,0.0038399999999999997,0.009472,,0.004352,,1.746176,20359,17497,628,7.2415029000003415
20360,375.66873920068025,278159688403,1,7.967495359480381,8.058,8.160256,2.0091,15899,0.001024,3.2399359999999997,,0.042752,0.153088,0,0.133376,0.0076799999999999993,0.0097279999999999988,,0.004352,,2.067456,20360,17498,628,7.2494054000003416
20361,375.67662239937641,278159768983,1,7.88319855928421,7.8584,7.951872,1.7371,16582,0.001024,3.20256,,0.043008,0.155904,0,0.136704,0.008192,0.009216,,0.004608,,2.372608,20361,17499,628,7.257451200000105
20362,375.68467670068026,278159847567,1,8.0543011426925659,8.091,7.862784,1.9924,15899,0.001024,3.2829439999999996,,0.039168,0.157184,0,0.13747199999999998,0.007424,0.0097279999999999988,,0.005376,,1.9327999999999999,20362,17500,628,7.2658159000002343
20363,375.69286510062358,278159928477,1,8.1883994862437248,7.9086,8.037376,2.0263,16589,0.001024,3.2919039999999997,,0.035584,0.183296,0,0.164352,0.007936,0.009216,,0.004352,,2.1342719999999997,20363,17501,628,7.2734894000000168
20364,375.70099730017006,278160007563,1,8.1321997568011284,7.8242,8.167424,1.8906,15899,0.18073599999999998,3.288576,,0.039424,0.157696,0,0.137984,0.007424,0.0097279999999999988,,0.0051199999999999996,,1.746176,20364,17502,628,7.2816406000001734
20365,375.70855809948978,278160085805,1,7.5607993640005589,8.5773,8.107008,1.7447,16387,0.001024,3.2314879999999997,,0.036864,0.155904,0,0.13568,0.0076799999999999993,0.009984,,0.003328,,2.31936,20365,17503,628,7.2892242000002625
20366,375.71657480158729,278160171578,1,8.01670178771019,7.6968,7.554048,1.9059,15899,0.001024,3.174912,,0.037376,0.15334399999999998,0,0.133376,0.0076799999999999993,0.010752,,0.0038399999999999997,,1.9527679999999998,20366,17504,628,7.2973327000004247
20367,375.72422740221089,278160248546,1,7.6526007615029812,8.1316,7.952896,1.843,16387,0.001024,3.1759359999999996,,0.039936,0.162304,0,0.142848,0.007424,0.0097279999999999988,,0.005376,,2.0321279999999997,20367,17505,628,7.3052354000001287
20368,375.73235719954647,278160329862,1,8.12979694455862,7.6026,7.66976,1.7889,15899,0.001024,3.207168,,0.034048,0.16,0,0.14207999999999998,0.007936,0.009472,,0.005632,,2.063104,20368,17506,628,7.313008400000399
20369,375.7403067035147,278160405888,1,7.9495040699839592,8.0906,8.116736,1.79,16387,0.001024,3.291136,,0.040448,0.155392,0,0.13644799999999999,0.0076799999999999993,0.009984,,0.005632,,1.95712,20369,17507,628,7.32118730000002
20370,375.74802149943309,278160486794,1,7.7147958800196648,7.9321,7.927552,1.8006,15899,0.001024,3.1759359999999996,,0.03968,0.152832,0,0.13312,0.0076799999999999993,0.010239999999999999,,0.0048639999999999994,,2.095872,20370,17508,628,7.32881290000023
20371,375.756058404195,278160566115,1,8.0369049683213234,7.7534,7.685376,1.8944,16387,0.001024,3.241472,,0.039168,0.15564799999999998,0,0.133632,0.003328,0.0097279999999999988,,0.004608,,1.7469439999999998,20371,17509,628,7.3368810000001758
20372,375.76374270124717,278160643649,1,7.6842969283461571,8.1915,8.015104,1.7458,15899,0.0012799999999999999,3.295232,,0.03968,0.16025599999999998,0,0.139008,0.0076799999999999993,0.0097279999999999988,,0.0048639999999999994,,2.0608,20372,17510,628,7.3445111000000907
20373,375.77187730300454,278160725564,1,8.1346016377210617,7.6005,7.668224,1.7944,16387,0.001024,3.2870399999999997,,0.035328,0.157184,0,0.13824,0.003584,0.003328,,0.003328,,1.93536,20373,17511,628,7.35259780000024
20374,375.77994330357143,278160801569,1,8.0660004168748856,8.0972,8.12288,1.8792,15899,0.0012799999999999999,3.185152,,0.039424,0.157696,0.000256,0.13849599999999998,0.003584,0.010239999999999999,,0.004352,,2.048256,20374,17512,628,7.3606407000002037
20375,375.78781360544218,278160882541,1,7.8703016042709351,7.5378,8.041984,1.7853,22518,0.001024,3.277312,,0.039424,0.162048,0,0.14310399999999998,0.007936,0.009984,,0.003584,,2.048,20375,17513,628,7.36875050000026
20376,375.79561680130382,278160957919,1,7.8031960874795914,8.176,7.853056,1.8652,15899,0.001024,3.298816,,0.038655999999999996,0.151552,0,0.131584,0.007424,0.010496,,0.005376,,1.9279359999999999,20376,17514,628,7.3762685000001511
20377,375.80355750425167,278161039679,1,7.9407030716538429,7.9828,7.789312,1.8001,16387,0.001024,3.2314879999999997,,0.038655999999999996,0.159744,0,0.140544,0.007424,0.010752,,0.005376,,2.0369919999999997,20377,17515,628,7.3843020000003889
20378,375.81146619897959,278161119507,1,7.9086944460868835,8.1684,7.922944,1.8015,15899,0.001024,3.179008,,0.041215999999999996,0.15129599999999999,0,0.131584,0.010752,0.009472,,0.004352,,1.747456,20378,17516,628,7.3921368000001166
20379,375.81931390306119,278161201191,1,7.8477039933204651,7.4961,7.890176,1.7896,16387,0.001024,3.238912,,0.039936,0.14848,0,0.12928,0.007424,0.0097279999999999988,,0.0038399999999999997,,2.026496,20379,17517,628,7.4000618000000031
20380,375.82706879960318,278161276152,1,7.754896767437458,8.042,7.823872,1.8514,16094,0.001024,3.274496,,0.040704,0.151552,0.000256,0.13183999999999998,0.007424,0.009472,,0.004352,,1.936896,20380,17518,628,7.4078269999999975
20381,375.83505099914964,278161356572,1,7.9822000116109848,7.8292,7.747584,1.8081,16387,0.001024,3.289088,,0.03968,0.148224,0.000256,0.129024,0.007424,0.009984,,0.0038399999999999997,,1.960448,20381,17519,628,7.4163164999999935
20382,375.84320449971653,278161434864,1,8.1535009667277336,7.9511,7.961856,1.7943,15899,0.001024,3.2954879999999998,,0.041728,0.154112,0,0.134656,0.007424,0.0097279999999999988,,0.005376,,2.034688,20382,17520,628,7.4241762999999992
20383,375.85136969954647,278161514375,1,8.1652002409100533,7.7208,8.098816,1.9833,23073,0.001024,3.2949759999999997,,0.039168,0.17638399999999999,0,0.137216,0.007936,0.0097279999999999988,,0.004608,,1.9276799999999998,20383,17521,628,7.4321489000003567
20384,375.85916280470519,278161591583,1,7.7931052073836327,8.5222,8.16896,1.769,15899,0.001024,3.288576,,0.039936,0.15872,0,0.139008,0.0076799999999999993,0.009984,,0.003328,,2.3380479999999997,20384,17522,628,7.440114900000026
20385,375.86695330215417,278161676805,1,7.7904975041747093,7.5387,7.779584,1.8329,16387,0.001024,3.270656,,0.037888,0.155136,0,0.135424,0.0076799999999999993,0.009472,,0.0038399999999999997,,1.937152,20385,17523,628,7.4479180000003
20386,375.87458880385486,278161752192,1,7.635501679033041,8.1942,7.762176,1.951,15899,0.001024,3.102464,,0.038655999999999996,0.16768,0.002048,0.14771199999999998,0.007936,0.001792,,0.009984,,2.0272639999999997,20386,17524,628,7.4556557000000794
20387,375.88249460034012,278161834134,1,7.90579617023468,8.0356,7.616,1.8646,16387,0.001024,3.099904,,0.039168,0.1536,0,0.1344,0.0076799999999999993,0.010239999999999999,,0.004352,,2.054144,20387,17525,628,7.4632752000002256
20388,375.89052340561221,278161914490,1,8.0288052558898926,7.831,7.895296,1.868,16101,0.001024,3.2256,,0.039168,0.15872,0,0.140288,0.007936,0.0097279999999999988,,0.0048639999999999994,,1.9379199999999999,20388,17526,628,7.4716243000002578
20389,375.89856870039682,278161992800,1,8.04529432207346,7.6784,8.000768,1.9106,16387,0.001024,3.2913919999999997,,0.040704,0.154368,0,0.134912,0.0076799999999999993,0.009472,,0.0048639999999999994,,2.037248,20389,17527,628,7.4792872000002717
20390,375.90655960175735,278162069584,1,7.9909013584256172,7.623,8.027136,1.8615,15899,0.001024,3.1872,,0.041215999999999996,0.15488,0.000256,0.134656,0.007936,0.009216,,0.005632,,1.746432,20390,17528,628,7.4877840000003744
20391,375.91442100340134,278162145814,1,7.8614018857479095,8.3213,7.97184,1.8531,16387,0.001024,3.279104,,0.040704,0.15744,0,0.13824,0.0076799999999999993,0.009984,,0.0051199999999999996,,2.1831679999999998,20391,17529,628,7.4952460000004066
20392,375.92238370181406,278162229027,1,7.9626981168985367,7.7516,7.80032,1.8867,15899,0.001024,3.294464,,0.034816,0.16255999999999998,0.000256,0.14336,0.0076799999999999993,0.010752,,0.0038399999999999997,,1.9560959999999998,20392,17530,628,7.5031182000002445
20393,375.93046000566892,278162306543,1,8.0763036385178566,8.4686,7.995392,1.7859,16387,0.001024,3.2895999999999996,,0.03968,0.152576,0,0.133888,0.007936,0.009984,,0.003584,,2.06848,20393,17531,628,7.5110650000001442
20394,375.938674199263,278162391229,1,8.2141933962702751,7.4104,8.050688,1.8542,15899,0.001024,3.2798719999999997,,0.040959999999999996,0.15462399999999998,0.000256,0.1344,0.0076799999999999993,0.0097279999999999988,,0.0051199999999999996,,1.747456,20394,17532,628,7.5198361000002478
20395,375.94636480300454,278162465333,1,7.6906038448214531,7.9328,8.196352,1.912,16387,0.001024,3.290368,,0.040959999999999996,0.155136,0,0.134912,0.011776,0.009472,,0.005376,,2.318848,20395,17533,628,7.5271967000003315
20396,375.95407400085031,278162544661,1,7.7091977000236511,7.9735,7.673088,1.9271,15899,0.001024,3.1872,,0.038655999999999996,0.152064,0,0.13312,0.004352,0.009984,,0.0038399999999999997,,2.05312,20396,17534,628,7.534823000000415
20397,375.96201370464848,278162624396,1,7.9397037625312805,8.6208,7.687936,1.9038,16387,0.001024,3.24096,,0.0448,0.152576,0,0.13286399999999998,0.007936,0.0097279999999999988,,0.0048639999999999994,,1.746432,20397,17535,628,7.5426623000003019
20398,375.96972380243761,278162710604,1,7.710097823292017,7.4582,7.91936,1.7788,15899,0.001024,3.179008,,0.039424,0.156416,0.000256,0.137728,0.0076799999999999993,0.009984,,0.0038399999999999997,,2.0810239999999998,20398,17536,628,7.5508990000003
20399,375.97784340277775,278162785186,1,8.1195998936891556,7.6502,7.693312,1.8627,16582,0.001024,3.266304,,0.035328,0.161792,0,0.14336,0.007936,0.0097279999999999988,,0.004608,,1.945088,20399,17537,628,7.5588475000004109
20400,375.98552730300452,278162861688,1,7.6839001849293709,7.8383,8.088832,2.6002,15899,0.001024,3.230976,,0.038911999999999995,0.16358399999999998,0,0.14540799999999998,0.003584,0.010752,,0.004352,,2.094592,20400,17538,628,7.5674367000001439
20401,375.99365150226754,278162940071,1,8.1241996958851814,8.1535,7.662848,2.1104,16589,0.001024,3.1057919999999997,,0.035072,0.148736,0,0.129792,0.0076799999999999993,0.0097279999999999988,,0.003584,,2.049792,20401,17539,628,7.5743005000003905
20402,376.00138700396826,278163021606,1,7.7355015091598034,8.0445,8.104192,1.8561,15899,0.001024,3.279104,,0.038911999999999995,0.1536,0,0.133376,0.0076799999999999993,0.0084479999999999989,,0.006656,,2.056704,20402,17540,628,7.58212739999999
20403,376.00922210175736,278163102051,1,7.83509761095047,8.5448,7.722496,1.8364,16387,0.001024,3.2714239999999997,,0.035584,0.156416,0,0.13286399999999998,0.0084479999999999989,0.009984,,0.005632,,2.055168,20403,17541,628,7.5901063000001159
20404,376.01711370464852,278163187499,1,7.89160281419754,6.9282,7.816704,1.7485,15899,0.001024,3.230464,,0.036095999999999996,0.158208,0,0.139008,0.0076799999999999993,0.010496,,0.0048639999999999994,,1.747456,20404,17542,628,7.5980764000000818
20405,376.0248382015306,278163256781,1,7.7244970016181469,7.6871,7.858944,1.889,16387,0.001024,3.244032,,0.039168,0.157696,0,0.13849599999999998,0.007424,0.009984,,0.004096,,2.0436479999999997,20405,17543,628,7.6056272000000718
20406,376.03278000283444,278163333652,1,7.9418011009693146,7.9853,7.708928,1.8904,15899,0.001024,3.193088,,0.036864,0.15616,0.000256,0.136704,0.010752,0.0025599999999999998,,0.011519999999999999,,1.9261439999999999,20406,17544,628,7.613658100000066
20407,376.04065099914965,278163413505,1,7.8709963709115982,8.0571,7.922176,1.925,16387,0.001024,3.2883199999999997,,0.040448,0.154112,0,0.134656,0.0038399999999999997,0.009472,,0.004608,,1.950208,20407,17545,628,7.6216087000002517
20408,376.04865899943309,278163494076,1,8.0080004408955574,7.5142,7.846656,2.0511,15899,0.001024,3.291648,,0.044031999999999995,0.152576,0.000256,0.1344,0.0097279999999999988,0.003328,,0.021759999999999998,,2.0956159999999997,20408,17546,628,7.6300009999999929
20409,376.0569240008503,278163569218,1,8.2650016993284225,8.0216,7.99744,1.8852,16439,0.001024,3.2412159999999997,,0.043519999999999996,0.153856,0,0.1344,0.007424,0.009984,,0.004608,,1.7471999999999999,20409,17547,628,7.6387876000003416
20410,376.06464250283443,278163649434,1,7.7185020782053471,7.9523,8.238336,1.9219,15899,0.001024,3.2327679999999996,,0.038655999999999996,0.152576,0.000256,0.1344,0.007936,0.009984,,0.0038399999999999997,,2.4739839999999997,20410,17548,628,7.6456341000002794
20411,376.07257350481859,278163728957,1,7.9310024157166481,8.4202,7.7056,2.1647,16387,0.001024,3.2284159999999997,,0.035328,0.158464,0,0.13824,0.004352,0.010496,,0.004096,,1.9711999999999998,20411,17549,628,7.6534091000003173
20412,376.08037120181405,278163813159,1,7.7976970933377743,8.8002,7.907584,1.8797,15899,0.001024,3.20384,,0.039424,0.16512,0,0.14668799999999999,0.007936,0.0097279999999999988,,0.004352,,2.108416,20412,17550,628,7.66121480000038
20413,376.08828660005668,278163901161,1,7.9153981059789658,6.8158,7.790848,1.8507,16589,0.0012799999999999999,3.096832,,0.039936,0.155904,0,0.136192,0.008192,0.0097279999999999988,,0.005632,,1.7471999999999999,20413,17551,628,7.6689822000003005
20414,376.09598730158729,278163969319,1,7.7007017098367214,7.8322,7.889408,1.9574,15899,0.001024,3.235584,,0.037376,0.15616,0,0.136192,0.011007999999999999,0.0097279999999999988,,0.003584,,1.944064,20414,17552,628,7.6769712000000254
20415,376.10428650085032,278164047641,1,8.2991989329457283,7.7375,7.671552,1.8984,16387,0.001024,3.188992,,0.035328,0.15795199999999998,0,0.139264,0.007936,0.0097279999999999988,,0.004096,,2.1591039999999997,20415,17553,628,7.6851323000000775
20416,376.11227460317457,278164125016,1,7.9881027340888977,7.8393,8.276992,1.92,15899,0.006144,3.2381439999999997,,0.03712,0.156416,0,0.13696,0.011264,0.010239999999999999,,0.004608,,1.932032,20416,17554,628,7.6935150000003887
20417,376.11980040391154,278164203409,1,7.5258007273077965,7.9649,7.970304,1.815,16387,0.001024,3.2363519999999997,,0.036095999999999996,0.158208,0.000256,0.13952,0.007168,0.009984,,0.0038399999999999997,,2.083584,20417,17555,628,7.7008890000001884
20418,376.12803970379815,278164283058,1,8.23929999023676,8.1837,7.514112,1.9281,15899,0.001024,3.0965759999999998,,0.0384,0.16025599999999998,0,0.14079999999999998,0.007424,0.010239999999999999,,0.005376,,1.933568,20418,17556,628,7.7088990000002013
20419,376.13581180555553,278164364895,1,7.7721015550196171,8.3528,8.210688,2.2852,16582,0.001024,3.270912,,0.043264,0.155904,0.000256,0.13696,0.011519999999999999,0.009216,,0.004352,,2.050304,20419,17557,628,7.7164803000000575
20420,376.14406960034012,278164448423,1,8.257795125246048,7.3199,7.73888,1.821,15899,0.001024,3.101952,,0.045312,0.157696,0.000256,0.13747199999999998,0.007424,0.0097279999999999988,,0.004096,,1.746432,20420,17558,628,7.7249209999999948
20421,376.1521216057256,278164521622,1,8.0520054325461388,8.0606,8.251136,1.8328,16387,0.001024,3.3003519999999997,,0.036864,0.156672,0,0.136192,0.0076799999999999993,0.010239999999999999,,0.006144,,1.9394559999999998,20421,17559,628,7.7331466000000546
20422,376.16030980017007,278164602228,1,8.18819459527731,7.6257,8.020992,1.7279,29205,0.0012799999999999999,3.281408,,0.040704,0.152576,0.000256,0.133632,0.007936,0.009984,,0.0038399999999999997,,2.05312,20422,17560,628,7.7411827000000812
20423,376.1680035005669,278164678485,1,7.69370049238205,8.4228,8.144128,1.9909,16387,0.001024,3.2384,,0.041471999999999995,0.15692799999999998,0.000256,0.13312,0.007424,0.009472,,0.004608,,1.747456,20423,17561,628,7.7490548000000672
20424,376.17594580498866,278164762713,1,7.9423040151596069,8.1934,7.713536,1.9344,15899,0.001024,3.272704,,0.039168,0.163072,0,0.14438399999999998,0.004352,0.009472,,0.005376,,2.0236799999999997,20424,17562,628,7.7566349000003356
20425,376.1841779053288,278164844647,1,8.2320999354124069,8.028,7.928064,1.8964,16387,0.001024,3.2936959999999997,,0.039936,0.16486399999999998,0,0.144896,0.0084479999999999989,0.009216,,0.004608,,1.9530239999999999,20425,17563,628,7.7654637000000548
20426,376.19190080073696,278164924927,1,7.7228955924510956,7.9105,8.200704,1.8134,16246,0.001024,3.291648,,0.035584,0.151552,0.000256,0.132352,0.003328,0.010752,,0.0048639999999999994,,2.097664,20426,17564,628,7.7727617000000464
20427,376.19988630243762,278165004032,1,7.9855015501379967,7.5893,7.707904,1.8985,16387,0.001024,3.18464,,0.036608,0.16614399999999999,0,0.145664,0.012544,0.002304,,0.012032,,1.7469439999999998,20427,17565,628,7.7804924000001847
20428,376.20774000141722,278165079925,1,7.8536989167332649,8.7912,7.963648,1.78,15899,0.001024,3.2350719999999997,,0.041471999999999995,0.157696,0.000256,0.137728,0.007424,0.009472,,0.005632,,1.9527679999999998,20428,17566,628,7.7887346000002253
20429,376.21579000141719,278165167837,1,8.0500002950429916,7.2894,7.840512,1.7976,16387,0.001024,3.267328,,0.042496,0.159488,0.000256,0.13824,0.0076799999999999993,0.0097279999999999988,,0.004096,,2.042624,20429,17567,628,7.7965199000000212
20430,376.22386799886618,278165240731,1,8.0779977142810822,7.7926,8.029952,2.1676,21683,0.001024,3.1027199999999997,,0.03584,0.160768,0.000256,0.14207999999999998,0.0076799999999999993,0.0097279999999999988,,0.0051199999999999996,,1.9391999999999998,20430,17568,628,7.8045198000004348
20431,376.23177810374148,278165318657,1,7.9101044684648514,8.1901,8.049408,1.8484,21472,0.0012799999999999999,3.292928,,0.039424,0.150272,0,0.132096,0.010496,0.010239999999999999,,0.004608,,2.09664,20431,17569,628,7.8124055000002954
20432,376.2396411989796,278165400558,1,7.8630950301885605,7.7689,7.897856,1.7781,16743,0.182272,3.242752,,0.037632,0.16025599999999998,0,0.140544,0.0076799999999999993,0.010752,,0.004352,,1.933312,20432,17570,628,7.8206954000002042
20433,376.24731670209746,278165478247,1,7.67550291493535,8.0426,7.844096,1.7928,16387,0.001024,3.288576,,0.039424,0.15103999999999998,0,0.132096,0.0076799999999999993,0.0097279999999999988,,0.0038399999999999997,,2.05312,20433,17571,628,7.8281159000002845
20434,376.25513610402493,278165558673,1,7.8194020316004753,7.8807,7.649792,1.9149,66124,0.001024,3.0996479999999997,,0.040192,0.16,0,0.141056,0.0084479999999999989,0.008704,,0.0048639999999999994,,1.7469439999999998,20434,17572,628,7.8359022000004188
20435,376.26302700538548,278165637480,1,7.8909015282988548,8.2905,7.789568,1.8002,16439,0.001024,3.098112,,0.045824,0.155392,0.000256,0.135424,0.0076799999999999993,0.009472,,0.0038399999999999997,,1.74464,20435,17573,628,7.8436910000000353
20436,376.27089580498864,278165720385,1,7.86879938095808,7.4054,7.863808,1.7733,29205,0.001024,3.176192,,0.0384,0.158464,0,0.139264,0.011007999999999999,0.009216,,0.004608,,2.04288,20436,17574,628,7.8515908000003947
20437,376.27878540249429,278165794439,1,7.8895976766943932,7.7948,7.86944,1.7985,16387,0.0012799999999999999,3.233536,,0.039424,0.16153599999999999,0,0.142848,0.007936,0.010239999999999999,,0.0048639999999999994,,1.9609599999999998,20437,17575,628,7.8600411000002168
20438,376.28663939909296,278165872387,1,7.8539969399571419,7.8264,7.865856,1.7341,16239,0.0012799999999999999,3.180544,,0.03968,0.150784,0,0.13183999999999998,0.003328,0.010239999999999999,,0.0051199999999999996,,2.1040639999999997,20438,17576,628,7.8675082000004295
20439,376.294860303288,278165950651,1,8.2209045067429543,7.8632,7.812864,1.8502,16589,0.001024,3.095808,,0.035072,0.162048,0,0.142592,0.011007999999999999,0.011007999999999999,,0.0038399999999999997,,1.746688,20439,17577,628,7.8755704000000151
20440,376.302472002551,278166029283,1,7.6116994023323059,8.4757,8.228352,1.7756,21683,0.001024,3.270912,,0.045312,0.15564799999999998,0.000256,0.135936,0.007424,0.009984,,0.0038399999999999997,,2.2364159999999997,20440,17578,628,7.8832283000001553
20441,376.31038370181403,278166114040,1,7.9116988927125931,7.4194,7.595264,2.0306,16387,0.001024,3.0991359999999997,,0.041728,0.168704,0,0.134656,0.008192,0.009472,,0.0038399999999999997,,1.747712,20441,17579,628,7.8911323000002085
20442,376.31824919926305,278166188234,1,7.8654978424310684,8.0813,7.892736,1.7854,15899,0.001024,3.2936959999999997,,0.041984,0.153088,0,0.13312,0.007424,0.0097279999999999988,,0.0038399999999999997,,1.923584,20442,17580,628,7.8989035000004151
20443,376.32613710317457,278166269047,1,7.8879036009311676,7.6033,7.847424,1.8289,16387,0.001024,3.2332799999999997,,0.036095999999999996,0.153088,0,0.1344,0.007424,0.010752,,0.004608,,2.042624,20443,17581,628,7.9068732000000637
20444,376.33449350198413,278166345080,1,8.3563989028334618,8.0024,7.870464,1.7378,15899,0.001024,3.2931839999999997,,0.041215999999999996,0.150528,0,0.13055999999999998,0.007424,0.010496,,0.005376,,1.934848,20444,17582,628,7.91581830000041
20445,376.34238020124712,278166425104,1,7.88669940084219,7.7214,8.329472,1.8072,16387,0.001024,3.1872,,0.035584,0.15616,0,0.136704,0.007936,0.010239999999999999,,0.0048639999999999994,,2.212608,20445,17583,628,7.9231400000003305
20446,376.3506512046485,278166502318,1,8.2710031419992447,7.9633,7.865344,2.1718,15899,0.001024,3.1897599999999997,,0.038144,0.156416,0.000256,0.13696,0.007424,0.011007999999999999,,0.0051199999999999996,,1.747456,20446,17584,628,7.9316039000000274
20447,376.35818720238092,278166581951,1,7.5359977781772614,8.9126,8.24832,1.7798,23021,0.001024,3.17568,,0.048895999999999995,0.16,0,0.140288,0.0076799999999999993,0.0097279999999999988,,0.004096,,2.494976,20447,17585,628,7.9391056000004028
20448,376.36635430130383,278166671077,1,8.1670992076396942,7.4074,7.517184,1.7887,15899,0.0012799999999999999,3.092736,,0.038911999999999995,0.151808,0.000256,0.13312,0.007936,0.009472,,0.004096,,1.9594239999999998,20448,17586,628,7.9471462999999858
20449,376.374124199263,278166745151,1,7.7698980458080769,8.1796,8.148224,2.4119,16387,0.001024,3.176192,,0.038144,0.155392,0,0.13516799999999998,0.004608,0.010752,,0.0038399999999999997,,1.747968,20449,17587,628,7.9548495000003641
20450,376.38235050311789,278166826947,1,8.2263043150305748,7.7472,7.74784,1.8836,15899,0.001024,3.28448,,0.040704,0.157696,0,0.137216,0.007936,0.009984,,0.0038399999999999997,,2.051584,20450,17588,628,7.9631060000001526
20451,376.39007220096369,278166904419,1,7.72169791162014,8.0566,8.208384,1.7808,16734,0.001024,3.178496,,0.044544,0.152064,0.000256,0.13183999999999998,0.007424,0.009472,,0.004096,,2.062592,20451,17589,628,7.9708210000003419
20452,376.39773650085033,278166984985,1,7.6643000356853008,7.6928,7.708928,1.8924,15899,0.001024,3.1710719999999997,,0.033535999999999996,0.44416,0,0.140032,0.011007999999999999,0.009216,,0.005888,,2.091264,20452,17590,628,7.9789490000002843
20453,376.40581500141724,278167061913,1,8.0785006284713745,8.2471,7.580416,1.866,16387,0.001024,3.241984,,0.042752,0.15564799999999998,0,0.13644799999999999,0.006144,0.0097279999999999988,,0.004352,,1.747456,20453,17591,628,7.9864173000000847
20454,376.41362329931974,278167144384,1,7.808297872543335,7.7405,8.114944,1.8217,15899,0.001024,3.178496,,0.037888,0.161792,0,0.140544,0.0048639999999999994,0.0025599999999999998,,0.011007999999999999,,2.077696,20454,17592,628,7.994482600000083
20455,376.42186699971654,278167221789,1,8.2437004894018173,8.1109,7.787008,1.7847,16387,0.001024,3.27296,,0.03968,0.150528,0,0.131072,0.003584,0.010239999999999999,,0.004096,,1.9159039999999998,20455,17593,628,8.00253180000027
20456,376.42966480300453,278167302898,1,7.79780326411128,7.503,8.23296,1.7313,15899,0.001024,3.291136,,0.039424,0.14976,0.000256,0.131584,0.007424,0.009984,,0.003328,,2.0907519999999997,20456,17594,628,8.01085170000033
20457,376.43753180272108,278167377928,1,7.8670000657439232,8.0018,7.773952,1.7023,16582,0.001024,3.277568,,0.03968,0.14899199999999999,0,0.130816,0.007424,0.009984,,0.004352,,2.084352,20457,17595,628,8.0181007000001046
20458,376.44528700396825,278167457946,1,7.7552013099193573,8.0824,7.851008,1.6995,15899,0.0012799999999999999,3.2394239999999996,,0.037632,0.16255999999999998,0,0.142848,0.0076799999999999993,0.001792,,0.012288,,1.93408,20458,17596,628,8.0261165000001711
20459,376.45307210175736,278167538770,1,7.7850976958870888,8.2995,7.73504,1.7438,16387,0.001024,3.095552,,0.039424,0.15103999999999998,0,0.132096,0.007424,0.010239999999999999,,0.004096,,2.042112,20459,17597,628,8.0339963000001262
20460,376.46102480158731,278167621765,1,7.9526994377374649,7.3048,7.760384,1.8695,15899,0.001024,3.185408,,0.039168,0.154112,0,0.134656,0.007936,0.009472,,0.005632,,1.7489919999999999,20460,17598,628,8.0416781000003539
20461,376.46861670209751,278167694813,1,7.5919004157185555,7.7898,7.945728,1.8622,16439,0.001024,3.276544,,0.039424,0.178176,0.000256,0.133888,0.007936,0.0097279999999999988,,0.005632,,2.0288,20461,17599,628,8.0493057000003319
20462,376.47628489937642,278167772711,1,7.6681971549987793,8.1019,7.571456,1.7071,15899,0.001024,3.236608,,0.039936,0.152576,0.000256,0.13312,0.007936,0.009984,,0.003584,,1.9563519999999999,20462,17600,628,8.0573737000004257
20463,376.48466780045351,278167853730,1,8.38290061801672,7.6546,7.643392,1.7576,16387,0.001024,3.187456,,0.040192,0.15334399999999998,0.000256,0.133888,0.007424,0.0097279999999999988,,0.004096,,1.916672,20463,17601,628,8.065802800000256
20464,376.49262480158728,278167930276,1,7.9570012167096138,7.6337,8.358912,2.2276,16101,0.001024,3.286016,,0.034816,0.172544,0,0.14464,0.008192,0.00896,,0.005376,,2.230528,20464,17602,628,8.0736180000003515
20465,376.50101040249433,278168006613,1,8.38560052216053,7.7964,7.94368,1.9992,16387,0.001024,3.101184,,0.03968,0.163072,0,0.142848,0.004096,0.00896,,0.0048639999999999994,,1.7469439999999998,20465,17603,628,8.0816826000000219
20466,376.50919490504532,278168084577,1,8.1845028325915337,8.6268,8.16384,1.8546,15899,0.001024,3.270656,,0.041215999999999996,0.153856,0,0.133632,0.0076799999999999993,0.0097279999999999988,,0.004608,,2.371584,20466,17604,628,8.0899954000001344
20467,376.51748370181406,278168170845,1,8.288796991109848,7.8668,8.160256,1.9316,16387,0.001024,3.233536,,0.040448,0.1536,0,0.133888,0.007936,0.009984,,0.005376,,1.9310079999999998,20467,17605,628,8.0982539999999972
20468,376.52539970238092,278168249513,1,7.916000671684742,8.0992,8.273152,1.8782,15899,0.001024,3.242752,,0.040704,0.15488,0,0.13516799999999998,0.0076799999999999993,0.0097279999999999988,,0.005376,,2.07616,20468,17606,628,8.1060492000001432
20469,376.533259502551,278168330505,1,7.8598000109195709,8.2833,7.897088,1.8445,16387,0.001024,3.273984,,0.040959999999999996,0.155392,0.000256,0.13568,0.007168,0.009216,,0.005376,,1.9363839999999999,20469,17607,628,8.113991800000349
20470,376.5410514030612,278168413338,1,7.7919005416333675,8.2404,7.83616,1.7647,15899,0.001024,3.23072,,0.037632,0.155392,0,0.136192,0.007936,0.009472,,0.004352,,1.9525119999999998,20470,17608,628,8.1218677000001662
20471,376.54921429988661,278168495742,1,8.16289708018303,7.8166,7.769088,1.7658,16387,0.001024,3.236608,,0.0384,0.16383999999999999,0,0.14464,0.0084479999999999989,0.009216,,0.005888,,2.10688,20471,17609,628,8.129800200000318
20472,376.55730639880949,278168573908,1,8.0920988693833351,7.9635,8.15616,1.9518,15899,0.001024,3.300096,,0.040959999999999996,0.158464,0.000256,0.13849599999999998,0.009984,0.009984,,0.005376,,1.74592,20472,17610,628,8.1379414000002726
20473,376.56557980442176,278168653543,1,8.2734059542417526,7.8614,8.05504,1.7409,16387,0.001024,3.180288,,0.039168,0.155904,0,0.13644799999999999,0.0076799999999999993,0.009984,,0.0051199999999999996,,2.2144,20473,17611,628,8.146500300000298
20474,376.57344150368482,278168732157,1,7.8616989776492119,7.9604,8.270848,2.0041,15899,0.0012799999999999999,3.106816,,0.040448,0.15692799999999998,0,0.137728,0.007936,0.0097279999999999988,,0.0048639999999999994,,1.7484799999999998,20474,17612,628,8.1541965000001255
20475,376.58165340136054,278168811761,1,8.211897686123848,8.1073,7.835648,1.7461,16387,0.001024,3.297792,,0.03968,0.16153599999999999,0,0.142592,0.007936,0.0097279999999999988,,0.005632,,2.10816,20475,17613,628,8.16228880000017
20476,376.58963219954649,278168892834,1,7.9787978902459145,8.5807,8.198656,1.7463,16296,0.001024,3.3016319999999997,,0.035584,0.156416,0.000256,0.135936,0.0076799999999999993,0.010752,,0.005632,,2.048,20476,17614,628,8.17032590000008
20477,376.59748330498866,278168978641,1,7.8511051833629608,7.6785,7.953152,1.7683,16387,0.001024,3.2967679999999997,,0.033535999999999996,0.155392,0.000256,0.13696,0.003584,0.0097279999999999988,,0.003584,,2.09792,20477,17615,628,8.1782085000004372
20478,376.60563780470522,278169055426,1,8.1544993445277214,8.1164,7.83488,1.8489,15899,0.001024,3.2368639999999997,,0.040448,0.155392,0,0.135424,0.007424,0.0097279999999999988,,0.0051199999999999996,,1.7484799999999998,20478,17616,628,8.1862687000002552
20479,376.61353360260767,278169136590,1,7.8957974910736084,8.0151,8.128512,1.8185,16387,0.001024,3.236608,,0.039424,0.157696,0,0.137984,0.007936,0.009472,,0.004096,,2.078464,20479,17617,628,8.1945040000000517
20480,376.62187490079361,278169216741,1,8.3412984386086464,7.9169,7.876864,1.781,15899,0.001024,3.29216,,0.041728,0.162816,0,0.142848,0.007936,0.0097279999999999988,,0.0038399999999999997,,1.917184,20480,17618,628,8.2026293000003534
20481,376.62972640306123,278169295910,1,7.851501926779747,8.0333,8.331008,1.7902,16387,0.001024,3.27168,,0.042752,0.16153599999999999,0.000256,0.142336,0.007936,0.009472,,0.004608,,2.140416,20481,17619,628,8.2103196000002754
20482,376.63752490079361,278169376243,1,7.7984975650906563,8.0181,7.82208,1.7216,15899,0.001024,3.2368639999999997,,0.035584,0.152064,0,0.13312,0.007936,0.010496,,0.003584,,2.079744,20482,17620,628,8.2182534000003216
20483,376.64527160572561,278169456424,1,7.74670485407114,8.3329,7.77472,1.8186,16387,0.001024,3.18336,,0.040448,0.153856,0,0.133888,0.007424,0.0097279999999999988,,0.0038399999999999997,,1.93152,20483,17621,628,8.2259853000000476
20484,376.65307940051019,278169539753,1,7.8077949583530426,7.7221,7.72992,1.7649,15899,0.001024,3.177216,,0.039424,0.169216,0,0.136704,0.003584,0.0097279999999999988,,0.003584,,2.063104,20484,17622,628,8.2338301000004321
20485,376.66095940334463,278169616974,1,7.8800031915307045,7.8667,7.782912,1.8137,16387,0.001024,3.17696,,0.03968,0.155392,0,0.135936,0.010752,0.009216,,0.005376,,1.7484799999999998,20485,17623,628,8.24153090000027
20486,376.66868590561222,278169695641,1,7.726502139121294,7.6708,7.867392,1.7667,15899,0.001024,3.192576,,0.037632,0.15334399999999998,0,0.133376,0.007424,0.009472,,0.004096,,2.0272639999999997,20486,17624,628,8.24926140000025
20487,376.67656979875284,278169772349,1,7.8838933259248734,7.9542,7.711488,1.7502,16439,0.0012799999999999999,3.295232,,0.03584,0.153088,0.000256,0.1344,0.007424,0.010239999999999999,,0.004608,,1.94816,20487,17625,628,8.2572223000001941
20488,376.68465400368478,278169851891,1,8.0842049792408943,7.7312,7.866368,1.7236,15899,0.0012799999999999999,3.292928,,0.039424,0.150784,0,0.131328,0.003584,0.010496,,0.0038399999999999997,,1.9327999999999999,20488,17626,628,8.26552830000037
20489,376.69265520124713,278169929203,1,8.0011971294879913,7.6952,8.059136,1.8294,16589,0.001024,3.273984,,0.037632,0.14976,0.000256,0.130048,0.010752,0.009472,,0.0038399999999999997,,2.187264,20489,17627,628,8.2733035000001109
20490,376.70052580073695,278170006155,1,7.870599627494812,7.9435,7.987968,1.8601,15899,0.001024,3.274496,,0.041471999999999995,0.15564799999999998,0,0.135936,0.0076799999999999993,0.009472,,0.0038399999999999997,,1.744384,20490,17628,628,8.2811361000003672
20491,376.708060600907,278170085590,1,7.5348000973463058,8.3221,7.862528,1.7353,22171,0.001024,3.0978559999999997,,0.04224,0.16153599999999999,0,0.14310399999999998,0.007936,0.009984,,0.004352,,2.260992,20491,17629,628,8.2888803000000735
20492,376.7163020053855,278170168811,1,8.24140477925539,7.7908,7.50464,1.8069,15899,0.001024,3.0973439999999997,,0.038911999999999995,0.162816,0,0.14438399999999998,0.007936,0.009472,,0.006144,,2.086912,20492,17630,628,8.2969535000002
20493,376.72401030328797,278170246719,1,7.7082980424165726,7.8148,8.226048,1.8618,16387,0.001024,3.29344,,0.040959999999999996,0.154368,0,0.13414399999999999,0.007424,0.009216,,0.0051199999999999996,,2.022912,20493,17631,628,8.3046293000002152
20494,376.73185910572562,278170324867,1,7.8488020226359367,7.7569,7.678976,1.7687,15899,0.001024,3.177472,,0.038911999999999995,0.160512,0,0.141824,0.003328,0.010239999999999999,,0.0048639999999999994,,2.086144,20494,17632,628,8.3125074000004133
20495,376.73977859977322,278170402436,1,7.9194940626621246,8.0677,7.837952,1.7218,16582,0.001024,3.2936959999999997,,0.040959999999999996,0.162048,0,0.140544,0.006912,0.0097279999999999988,,0.004608,,1.9578879999999999,20495,17633,628,8.3206463999999869
20496,376.74781429988661,278170483113,1,8.035699836909771,7.7073,7.892736,1.6595,15899,0.001024,3.27424,,0.036095999999999996,0.16,0,0.13977599999999998,0.0076799999999999993,0.009984,,0.003584,,2.099456,20496,17634,628,8.328675100000055
20497,376.75581810515871,278170560186,1,8.0038048326969147,7.8474,7.938304,1.806,16387,0.0012799999999999999,3.240704,,0.035584,0.15103999999999998,0.000256,0.13183999999999998,0.003328,0.0097279999999999988,,0.005888,,1.747968,20497,17635,628,8.3364006000001609
20498,376.76357610544216,278170638660,1,7.7580003999173641,8.1495,8.066304,1.8012,15899,0.0012799999999999999,3.186432,,0.045568,0.152832,0,0.133376,0.007424,0.009472,,0.004608,,2.06848,20498,17636,628,8.34419760000037
20499,376.77192599914963,278170720155,1,8.3498936146497726,7.9947,7.747328,1.7239,16387,0.001024,3.18336,,0.041215999999999996,0.16358399999999998,0.000256,0.143616,0.0076799999999999993,0.009984,,0.005632,,1.9136,20499,17637,628,8.352592800000366
20500,376.77984690334466,278170800102,1,7.9209040850400925,7.7772,8.332032,1.853,15899,0.001024,3.2901119999999997,,0.041984,0.15488,0,0.1344,0.0076799999999999993,0.009216,,0.0048639999999999994,,2.1409279999999997,20500,17638,628,8.3604670000004262
20501,376.78773650085031,278170877874,1,7.8895976766943932,7.7678,7.884288,1.7185,16734,0.001024,3.294208,,0.039168,0.151552,0,0.13286399999999998,0.007424,0.009984,,0.0038399999999999997,,2.09024,20501,17639,628,8.3683458000000428
20502,376.79554479875281,278170955552,1,7.808297872543335,8.4113,7.88352,1.7935,15899,0.001024,3.24096,,0.040448,0.162048,0,0.141568,0.003584,0.009472,,0.005376,,1.9325439999999998,20502,17640,628,8.3763520000002245
20503,376.80354540107709,278171039665,1,8.000602014362812,7.8623,7.7824,1.6942,16387,0.0012799999999999999,3.229184,,0.039424,0.159744,0.000256,0.14079999999999998,0.0076799999999999993,0.009984,,0.004608,,2.026752,20503,17641,628,8.3845158000003721
20504,376.81144860402492,278171118288,1,7.9032033681869507,7.896,7.979776,1.8374,15899,0.0012799999999999999,3.289344,,0.039424,0.15488,0,0.13568,0.009984,0.011264,,0.004352,,1.7484799999999998,20504,17642,628,8.3920866000003116
20505,376.81932560232423,278171197248,1,7.876998744904995,7.9611,7.892992,1.7291,16387,0.001024,3.275776,,0.039168,0.172544,0.000256,0.150784,0.008192,0.0097279999999999988,,0.0038399999999999997,,2.030592,20505,17643,628,8.4001563000001624
20506,376.82715189909294,278171276859,1,7.8262966126203537,8.1856,7.835904,1.7892,15899,0.0012799999999999999,3.174144,,0.040192,0.15564799999999998,0,0.13644799999999999,0.007936,0.009472,,0.0038399999999999997,,1.93408,20506,17644,628,8.4077576000004228
20507,376.83523990221084,278171358715,1,8.0880029127001762,7.5577,7.820544,1.7447,16387,0.001024,3.2883199999999997,,0.041984,0.154112,0,0.13414399999999999,0.003584,0.009984,,0.004352,,1.955584,20507,17645,628,8.41608670000005
20508,376.84309070294785,278171434292,1,7.8508006408810616,8.0767,8.064768,1.7996,15899,0.001024,3.231232,,0.039936,0.152576,0,0.13312,0.0076799999999999993,0.00896,,0.0048639999999999994,,2.0689919999999997,20508,17646,628,8.4237632000003941
20509,376.85104660572563,278171515059,1,7.9559031873941422,7.6033,7.847424,1.7514,16387,0.001024,3.098112,,0.041215999999999996,0.15923199999999998,0,0.137984,0.007424,0.010752,,0.005632,,2.111488,20509,17647,628,8.4322744000000966
20510,376.85902320011337,278171591092,1,7.9765943810343742,8.3307,7.92448,1.7327,22533,0.001024,3.098112,,0.041215999999999996,0.15923199999999998,0,0.137984,0.007424,0.010752,,0.005632,,2.111488,20510,17648,628,8.4399399000003541
20511,376.86695620039683,278171674399,1,7.9330001026391983,7.6579,7.957504,1.7618,16387,0.001024,3.0978559999999997,,0.043775999999999995,0.15001599999999998,0,0.130816,0.007424,0.009984,,0.005376,,1.747456,20511,17649,628,8.4475561000003836
20512,376.8748494047619,278171750978,1,7.8932046890258789,8.0909,7.908096,1.7735,15899,0.001024,3.240704,,0.041728,0.162304,0,0.142336,0.007936,0.010239999999999999,,0.004352,,2.036736,20512,17650,628,8.4555777000000489
20513,376.88255240221088,278171831887,1,7.7029974199831486,8.0702,7.885056,1.8086,16439,0.001024,3.297792,,0.042752,0.15488,0,0.135424,0.008192,0.010496,,0.003584,,1.952256,20513,17651,628,8.4633297000000312
20514,376.89077499999996,278171912589,1,8.2225976511836052,7.6791,7.673856,1.6842,16296,0.001024,3.175424,,0.036351999999999995,0.160768,0,0.141568,0.0076799999999999993,0.009984,,0.0048639999999999994,,1.94816,20514,17652,628,8.4715298000000985
20515,376.8987526006236,278171989380,1,7.977600209414959,7.9409,8.203264,1.9608,16387,0.0012799999999999999,3.1777279999999997,,0.039424,0.16358399999999998,0.000256,0.144128,0.007424,0.010239999999999999,,0.0048639999999999994,,2.222336,20515,17653,628,8.4793584000003648
20516,376.90658110119045,278172068789,1,7.8285001218318939,7.7052,7.959808,1.8313,15899,0.001024,3.103488,,0.041215999999999996,0.150528,0,0.131328,0.011007999999999999,0.0097279999999999988,,0.005632,,1.7469439999999998,20516,17654,628,8.48721020000039
20517,376.91413410572562,278172145841,1,7.5530046597123146,8.2501,7.800832,1.8111,16387,0.001024,3.27424,,0.03584,0.163328,0,0.145152,0.0076799999999999993,0.009984,,0.0051199999999999996,,2.189056,20517,17655,628,8.49476040000036
20518,376.92230790107709,278172228342,1,8.17379541695118,7.9047,7.535872,1.8052,15899,0.001024,3.0978559999999997,,0.03968,0.159488,0,0.13952,0.003328,0.0097279999999999988,,0.004096,,1.94816,20518,17656,628,8.5030158000004121
20519,376.93010830498866,278172307389,1,7.8004039824008942,7.8222,8.16512,1.7739,16387,0.001024,3.292672,,0.035584,0.15231999999999998,0.000256,0.13286399999999998,0.0038399999999999997,0.010496,,0.004096,,2.139392,20519,17657,628,8.510708500000419
20520,376.93810690192743,278172385611,1,7.9985968768596649,7.5285,7.770624,1.8295,15899,0.0012799999999999999,3.103488,,0.038911999999999995,0.15795199999999998,0.000256,0.139008,0.0076799999999999993,0.009472,,0.0038399999999999997,,2.057728,20520,17658,628,8.518723300000147
20521,376.94599930555552,278172460896,1,7.89240375161171,8.2832,7.981056,1.7245,16387,0.001024,3.275264,,0.040704,0.16512,0,0.144896,0.005888,0.0097279999999999988,,0.004352,,1.916672,20521,17659,628,8.5266394000000219
20522,376.95423990221087,278172543728,1,8.2405963912606239,7.7154,7.872768,1.7696,15899,0.0012799999999999999,3.093248,,0.041728,0.154112,0,0.133888,0.0076799999999999993,0.0097279999999999988,,0.004096,,2.195456,20522,17660,628,8.5350631000001158
20523,376.96199670493195,278172620882,1,7.7568027190864086,7.9917,8.222976,1.813,16387,0.001024,3.274752,,0.041728,0.165376,0,0.14079999999999998,0.0076799999999999993,0.011007999999999999,,0.004096,,1.7484799999999998,20523,17661,628,8.5426380000003519
20524,376.96975279903626,278172700799,1,7.7560939826071262,7.8895,7.735296,1.7717,51041,0.001024,3.2345599999999997,,0.035328,0.160768,0,0.14207999999999998,0.008192,0.009984,,0.0051199999999999996,,2.087936,20524,17662,628,8.5505293000001075
20525,376.97798210034011,278172779694,1,8.2293013110756874,8.3916,7.735296,1.9481,46535,0.0012799999999999999,3.202048,,0.041215999999999996,0.153088,0.000256,0.1344,0.007424,0.010239999999999999,,0.003584,,1.9563519999999999,20525,17663,628,8.5589875000000575
20526,376.985608404195,278172863610,1,7.6263039372861385,7.6459,8.195328,1.8586,15899,0.001024,3.175424,,0.040959999999999996,0.15462399999999998,0,0.13516799999999998,0.0076799999999999993,0.009472,,0.0048639999999999994,,2.1911039999999997,20526,17664,628,8.5663304000004246
20527,376.99380970096371,278172940069,1,8.201296441257,7.7682,7.624448,2.0569,16589,0.001024,3.186944,,0.03584,0.15616,0,0.13747199999999998,0.004608,0.010496,,0.003584,,2.112,20527,17665,628,8.5746488000004319
20528,377.00171550453513,278173017751,1,7.9058036208152771,8.5383,8.17536,1.7461,15899,0.193024,3.27296,,0.038911999999999995,0.15744,0,0.13747199999999998,0.011776,0.010239999999999999,,0.004352,,1.944832,20528,17666,628,8.5825429999999869
20529,377.00986490221089,278173103134,1,8.1493975594639778,7.3674,7.89376,1.8186,16387,0.001024,3.288064,,0.039168,0.165376,0,0.146432,0.006656,0.009984,,0.0051199999999999996,,2.0943359999999998,20529,17667,628,8.59070900000006
20530,377.01780369897955,278173176808,1,7.938796654343605,8.3223,8.11392,1.9687,15899,0.0012799999999999999,3.2327679999999996,,0.040192,0.152576,0,0.13312,0.0076799999999999993,0.0097279999999999988,,0.003584,,1.9327999999999999,20530,17668,628,8.598551900000075
20531,377.0256040036848,278173260031,1,7.8003047965466976,7.855,7.92448,1.8445,16387,0.0012799999999999999,3.2936959999999997,,0.036351999999999995,0.159744,0,0.140288,0.007936,0.010239999999999999,,0.005632,,2.020352,20531,17669,628,8.6064394
20532,377.03334230442175,278173338581,1,7.73830059915781,8.1591,7.795456,1.759,32216,0.001024,3.1959039999999996,,0.036095999999999996,0.151808,0,0.132096,0.0076799999999999993,0.0097279999999999988,,0.004608,,1.9527679999999998,20532,17670,628,8.6142121000002589
20533,377.04125890022675,278173420172,1,7.9165957868099213,7.88,7.707392,1.862,35079,0.001024,3.2901119999999997,,0.039424,0.15334399999999998,0,0.1344,0.008704,0.009216,,0.005888,,1.960192,20533,17671,628,8.6223711000002368
20534,377.04952149943307,278173498972,1,8.2625988870859146,7.8914,7.89376,1.7587,47855,0.0012799999999999999,3.204608,,0.039424,0.177152,0,0.15744,0.003584,0.0097279999999999988,,0.005888,,1.9345919999999999,20534,17672,628,8.6305913000001055
20535,377.05754970238092,278173577886,1,8.0282026901841164,7.7464,8.244736,2.2424,16387,0.001024,3.294464,,0.03968,0.15692799999999998,0,0.137728,0.012288,0.000256,,0.036351999999999995,,1.746688,20535,17673,628,8.6385055000000648
20536,377.06537890447845,278173655350,1,7.829202339053154,8.0835,8.005376,2.1806,15899,0.001024,3.1843839999999997,,0.035072,0.151552,0,0.13312,0.007936,0.009984,,0.004096,,2.3101439999999998,20536,17674,628,8.64668150000034
20537,377.07333430413831,278173736185,1,7.9553993418812752,8.236,7.81696,1.9467,16387,0.001024,3.195392,,0.041215999999999996,0.158976,0,0.13977599999999998,0.0076799999999999993,0.011007999999999999,,0.004608,,1.93024,20537,17675,628,8.6546147000003657
20538,377.08146240079361,278173818545,1,8.1280963495373726,7.8781,7.9232,1.8764,15899,0.001024,3.3024,,0.03968,0.157696,0,0.137728,0.0076799999999999993,0.011007999999999999,,0.0048639999999999994,,2.100736,20538,17676,628,8.6623003000004246
20539,377.08922020266436,278173897326,1,7.757802028208971,8.2188,8.117504,1.893,34340,0.001024,3.288576,,0.038911999999999995,0.164096,0,0.14438399999999998,0.0084479999999999989,0.010239999999999999,,0.005376,,1.938688,20539,17677,628,8.6702175000000352
20540,377.09720300453512,278173979514,1,7.9828016459941864,7.9995,7.726848,1.7923,30284,0.001024,3.095808,,0.041728,0.15795199999999998,0,0.137984,0.005888,0,,0.016128,,2.035968,20540,17678,628,8.6781356999999844
20541,377.1050304988662,278174059509,1,7.8274942934513092,7.6609,7.965184,1.8465,16387,0.001024,3.272704,,0.039936,0.158464,0.000256,0.1344,0.007936,0.009472,,0.004352,,1.93152,20541,17679,628,8.6857879000003777
20542,377.11289490504532,278174136118,1,7.8644063323736191,7.8372,7.806976,1.9281,16101,0.001024,3.193856,,0.038655999999999996,0.158464,0,0.13286399999999998,0.010496,0.009472,,0.004352,,1.9276799999999998,20542,17680,628,8.6936306000002332
20543,377.12082160572561,278174214490,1,7.9267006367444992,7.9263,7.846912,1.7895,33958,0.001024,3.100416,,0.039424,0.1664,0,0.146944,0.011264,0.0038399999999999997,,0.014079999999999999,,2.110976,20543,17681,628,8.70185360000005
20544,377.12885459892289,278174293753,1,8.0329934135079384,7.7402,7.910144,1.8544,32404,0.164352,3.287552,,0.038911999999999995,0.15334399999999998,0,0.134656,0.007424,0.010239999999999999,,0.003584,,1.9545599999999999,20544,17682,628,8.7106863000003614
20545,377.13692050028345,278174371155,1,8.0659016966819763,7.8534,8.013824,1.9139,16387,0.001024,3.235584,,0.0384,0.163328,0,0.143616,0.007936,0.00896,,0.004608,,2.098688,20545,17683,628,8.717650500000218
20546,377.14510030470518,278174449689,1,8.1798043102025986,8.1454,8.04352,1.9808,15899,0.001024,3.2064,,0.0384,0.15488,0,0.134656,0.004608,0.010752,,0.004608,,1.747712,20546,17684,628,8.7259263000000828
20547,377.15286529903625,278174531143,1,7.7649941667914391,8.8648,8.167168,1.7603,139384,0.001024,3.273984,,0.039424,0.1536,0.000256,0.134912,0.0076799999999999993,0.0097279999999999988,,0.0038399999999999997,,2.392832,20547,17685,628,8.7348188000000846
20548,377.16093430413832,278174619791,1,8.0690048635005951,7.0045,7.708672,2.0845,125150,0.001024,3.233536,,0.041728,0.155136,0,0.136192,0.0076799999999999993,0.010239999999999999,,0.004608,,1.7484799999999998,20548,17686,628,8.741934300000139
20549,377.1686413052721,278174689836,1,7.7070011757314205,8.1674,8.079616,2.5574,69100,0.0012799999999999999,3.1800319999999997,,0.039424,0.16025599999999998,0.000256,0.13977599999999998,0.007424,0.010496,,0.005376,,2.055936,20549,17687,628,8.74950220000028
20550,377.17650200538549,278174771510,1,7.8606996685266495,8.7659,7.70432,1.8655,61844,0.001024,3.2980479999999996,,0.038655999999999996,0.148736,0,0.130816,0.007424,0.009984,,0.004352,,1.9509759999999998,20550,17688,628,8.75723700000026
20551,377.18437080498865,278174859169,1,7.86879938095808,7.3504,7.834368,2.0038,16387,0.001024,3.233536,,0.036608,0.173056,0,0.153088,0.0076799999999999993,0.009472,,0.0051199999999999996,,1.95328,20551,17689,628,8.7650414000004275
20552,377.19237970521539,278174932673,1,8.008900098502636,7.5407,7.844864,1.8648,16296,0.001024,3.095552,,0.035584,0.18176,0,0.14592,0.007936,0.009984,,0.005632,,2.149888,20552,17690,628,8.7731158000001415
20553,377.20043579931973,278175008080,1,8.0560939386487,7.7392,7.99744,1.8825,16387,0.001024,3.1861759999999997,,0.040192,0.155392,0,0.134656,0.0076799999999999993,0.009472,,0.004096,,1.7454079999999998,20553,17691,628,8.7812346000000616
20554,377.20811570294785,278175085472,1,7.6799034141004086,7.8667,8.04224,1.758,15899,0.001024,3.1902719999999998,,0.046591999999999995,0.161024,0,0.141824,0.007936,0.010496,,0.004096,,2.304,20554,17692,628,8.7889220000001842
20555,377.21629150368477,278175164139,1,8.1758005544543266,8.0407,7.647744,1.7845,16387,0.001024,3.171328,,0.034304,0.431616,0,0.41215999999999997,0.0084479999999999989,0.010239999999999999,,0.003328,,2.0538879999999997,20555,17693,628,8.796965900000032
20556,377.224033404195,278175244546,1,7.7419006265699863,8.1088,8.161536,1.8567,15899,0.001024,3.271168,,0.040448,0.156416,0,0.13644799999999999,0.0076799999999999993,0.0097279999999999988,,0.004352,,2.02496,20556,17694,628,8.80463520000012
20557,377.23201180555554,278175325634,1,7.9784011468291283,7.704,7.710976,1.8015,16387,0.001024,3.2381439999999997,,0.035328,0.16358399999999998,0,0.141824,0.003328,0.0097279999999999988,,0.003328,,2.08,20557,17695,628,8.8126601000003575
20558,377.23990729875283,278175402674,1,7.8954929485917091,8.0562,7.972352,1.7689,15899,0.0012799999999999999,3.1879679999999997,,0.040959999999999996,0.15334399999999998,0,0.133888,0.011776,0.009472,,0.0038399999999999997,,1.9325439999999998,20558,17696,628,8.8205952000002981
20559,377.24761600056689,278175483236,1,7.7087017707526684,7.6713,7.87328,1.707,16387,0.001024,3.2919039999999997,,0.038655999999999996,0.15001599999999998,0,0.13183999999999998,0.0076799999999999993,0.009984,,0.003328,,2.053376,20559,17697,628,8.82841550000012
20560,377.25561799886617,278175559949,1,8.00199806690216,8.0396,7.67616,1.8,15899,0.001024,3.10016,,0.039424,0.15795199999999998,0,0.135936,0.0076799999999999993,0.009984,,0.0051199999999999996,,1.7471999999999999,20560,17698,628,8.8362702000004
20561,377.26332380243764,278175640345,1,7.705803494900465,7.8504,7.98976,1.711,16387,0.001024,3.272192,,0.040704,0.15564799999999998,0.000256,0.13568,0.007936,0.009472,,0.004352,,2.027776,20561,17699,628,8.8440726000003451
20562,377.27152370323125,278175718849,1,8.1999003887176514,7.8711,7.697152,1.7561,15899,0.001024,3.2332799999999997,,0.035584,0.163328,0.000256,0.143616,0.0048639999999999994,0.009984,,0.0051199999999999996,,2.043392,20562,17700,628,8.8522220000004381
20563,377.27954050453513,278175797560,1,8.0168014392256737,7.8615,8.17536,1.8563,33958,0.001024,3.2895999999999996,,0.03968,0.15488,0,0.13644799999999999,0.012032,0.009984,,0.005632,,1.9363839999999999,20563,17701,628,8.8604459000002862
20564,377.28751070011339,278175876175,1,7.9701952636241913,7.8143,7.9872,1.7835,227620,0.001024,3.2412159999999997,,0.036608,0.15564799999999998,0.000256,0.136704,0.0076799999999999993,0.009472,,0.004096,,2.08512,20564,17702,628,8.868198200000279
20565,377.29539750566892,278175954318,1,7.886805571615696,8.1411,7.958784,2.1066,16786,0.001024,3.295232,,0.045568,0.155392,0,0.134912,0.0076799999999999993,0.009472,,0.004608,,1.950464,20565,17703,628,8.8762980999999854
20566,377.30341220238091,278176035729,1,8.0146966502070427,8.1259,7.870208,1.774,15899,0.001024,3.2895999999999996,,0.039424,0.158208,0,0.13952,0.0076799999999999993,0.009984,,0.003584,,2.083072,20566,17704,628,8.8845925000000534
20567,377.31120080073697,278176116988,1,7.7885985374450684,7.8483,7.99104,1.9623,16387,0.001024,3.291136,,0.041471999999999995,0.15231999999999998,0,0.133632,0.0076799999999999993,0.009984,,0.004096,,1.749248,20567,17705,628,8.891831600000387
20568,377.31910260062358,278176195471,1,7.9017998650670052,8.011,7.782144,1.8087,15899,0.001024,3.179008,,0.039168,0.163072,0,0.144896,0.006144,0.010239999999999999,,0.0048639999999999994,,2.024448,20568,17706,628,8.8996893000003183
20569,377.32688970379814,278176275581,1,7.7871032990515232,8.3739,7.873024,1.8158,16387,0.001024,3.2719359999999997,,0.041728,0.159488,0.000256,0.139008,0.0038399999999999997,0.009472,,0.0038399999999999997,,1.9325439999999998,20569,17707,628,8.9074801000001571
20570,377.3349961026077,278176359320,1,8.1063983961939812,7.269,7.766272,1.7897,15899,0.001024,3.288576,,0.03968,0.15129599999999999,0,0.133376,0.0076799999999999993,0.009984,,0.003584,,1.9576319999999998,20570,17708,628,8.9158833000001323
20571,377.34297080498862,278176432010,1,7.9747019335627556,7.8455,8.097536,1.806,16582,0.001024,3.272448,,0.03968,0.157696,0,0.137728,0.007424,0.0097279999999999988,,0.0048639999999999994,,2.033664,20571,17709,628,8.923630900000262
20572,377.35110880102042,278176510465,1,8.1379963085055351,7.7958,7.963904,2.0124,15899,0.001024,3.2732159999999997,,0.03968,0.154112,0,0.13414399999999999,0.007424,0.009984,,0.0051199999999999996,,1.7471999999999999,20572,17710,628,8.93241420000004
20573,377.35877190334463,278176588423,1,7.6631023548543453,8.3331,8.116224,1.7517,23021,0.001024,3.1782399999999997,,0.041471999999999995,0.155904,0.000256,0.135936,0.007936,0.010239999999999999,,0.004096,,2.308864,20573,17711,628,8.939447900000232
20574,377.3666558035714,278176671754,1,7.8838998451828957,7.8321,7.636224,1.806,15899,0.001024,3.269888,,0.042752,0.154368,0,0.134656,0.007424,0.009472,,0.004608,,1.747968,20574,17712,628,8.9476699000001645
20575,377.37433049886619,278176750075,1,7.6746954582631588,8.2636,7.8336,1.9011,16387,0.001024,3.1746559999999997,,0.046079999999999996,0.15564799999999998,0,0.13568,0.004352,0.0097279999999999988,,0.005632,,2.0254719999999997,20575,17713,628,8.9549923000004128
20576,377.38248390022676,278176832711,1,8.15340131521225,7.5445,7.681024,1.9092,15899,0.001024,3.190784,,0.040448,0.15488,0,0.13644799999999999,0.011264,0.009984,,0.005376,,2.052352,20576,17714,628,8.96317930000032
20577,377.39065770266438,278176908156,1,8.1738028675317764,8.2054,8.133376,1.7667,16589,0.002304,3.18336,,0.041215999999999996,0.159488,0,0.13977599999999998,0.0076799999999999993,0.010752,,0.004352,,1.923584,20577,17715,628,8.9713087000000087
20578,377.39871519982989,278176990210,1,8.0574974417686462,7.3452,8.155392,1.9115,15899,0.001024,3.289856,,0.040959999999999996,0.162304,0.000256,0.142592,0.005376,0.0097279999999999988,,0.0051199999999999996,,2.1977599999999997,20578,17716,628,8.97940490000019
20579,377.40665310374146,278177063662,1,7.9379035159945488,8.0972,8.032256,1.7275,16387,0.001024,3.2998399999999997,,0.041471999999999995,0.162816,0,0.14336,0.006144,0.010496,,0.004096,,1.746176,20579,17717,628,8.98729960000037
20580,377.41449950396822,278177144634,1,7.8464001417160034,8.2306,7.914496,1.7482,15899,0.001024,3.1759359999999996,,0.044544,0.146944,0.000256,0.127488,0.007936,0.009984,,0.0051199999999999996,,2.217984,20580,17718,628,8.9951886000003469
20581,377.42250809948979,278177226940,1,8.0085955560207367,8.0671,7.836416,1.8606,16387,0.001024,3.227648,,0.038911999999999995,0.164096,0,0.145664,0.0038399999999999997,0.009216,,0.004608,,1.952,20581,17719,628,9.0034777000000759
20582,377.43039010062358,278177307611,1,7.8820008784532547,7.8957,7.97696,1.7965,15899,0.0012799999999999999,3.188736,,0.037632,0.156672,0,0.13747199999999998,0.0076799999999999993,0.009984,,0.0048639999999999994,,2.050048,20582,17720,628,9.0111429000003227
20583,377.43823550170066,278177386568,1,7.845400832593441,7.871,7.8592,1.7767,16387,0.001024,3.297536,,0.040959999999999996,0.16,0,0.140544,0.0076799999999999993,0.0097279999999999988,,0.0051199999999999996,,1.746176,20583,17721,628,9.0190906000002542
20584,377.44602660147393,278177465278,1,7.7910996042191982,8.1414,7.826944,1.898,15899,0.001024,3.292928,,0.037632,0.155136,0,0.135936,0.0076799999999999993,0.009984,,0.004608,,1.94688,20584,17722,628,9.02693760000011
20585,377.45410179988659,278177546692,1,8.075198158621788,7.8232,7.775488,1.833,16387,0.001024,3.187712,,0.035328,0.162816,0,0.144128,0.004352,0.009984,,0.003328,,2.091008,20585,17723,628,9.0348234000002776
20586,377.46205750425167,278177624924,1,7.9557048156857491,7.9692,7.988992,1.8316,15899,0.001024,3.2384,,0.043008,0.16127999999999998,0,0.13952,0.007936,0.0097279999999999988,,0.004096,,1.7489919999999999,20586,17724,628,9.0430300000002717
20587,377.46980980017,278177704616,1,7.7522960491478443,7.8068,8.009728,1.8602,16387,0.001024,3.2919039999999997,,0.039936,0.153088,0,0.134656,0.006144,0.010239999999999999,,0.004352,,2.067456,20587,17725,628,9.0504186000002846
20588,377.47759950396824,278177782684,1,7.7897040173411369,7.923,7.728128,1.8474,15899,0.001024,3.294464,,0.03968,0.15872,0.000256,0.140288,0.008192,0.0097279999999999988,,0.005376,,1.956608,20588,17726,628,9.0583554000004369
20589,377.4853487032313,278177861914,1,7.7491994015872478,8.1695,7.764736,1.8552,16387,0.001024,3.232512,,0.038911999999999995,0.153856,0,0.135424,0.0076799999999999993,0.010239999999999999,,0.005376,,1.93152,20589,17727,628,9.0663248000000749
20590,377.49353920068023,278177943609,1,8.1904977560043335,7.427,7.64288,1.8312,16296,0.001024,3.1884799999999998,,0.041471999999999995,0.1536,0,0.133632,0.006144,0.0097279999999999988,,0.004352,,1.9261439999999999,20590,17728,628,9.0743452000001525
20591,377.50165179988659,278178017879,1,8.112599141895771,7.8929,8.252416,1.8091,16439,0.001024,3.296,,0.040704,0.155392,0,0.13312,0.0076799999999999993,0.0097279999999999988,,0.004352,,1.933824,20591,17729,628,9.0829509000000144
20592,377.50981230158726,278178096808,1,8.1605017185211182,7.9319,8.097792,1.849,15899,0.001024,3.270656,,0.040704,0.15923199999999998,0.000256,0.140032,0.011776,0.0097279999999999988,,0.004096,,2.120192,20592,17730,628,9.09123240000008
20593,377.51794370039681,278178176127,1,8.1313988193869591,8.0753,8.131328,2.2697,16387,0.001024,3.293952,,0.039168,0.173312,0,0.132352,0.0076799999999999993,0.009984,,0.004608,,1.935616,20593,17731,628,9.0986832000003233
20594,377.5258281037415,278178256880,1,7.8844036906957626,8.4121,8.118016,2.0222,15899,0.001024,3.298816,,0.039424,0.165632,0,0.145664,0.003328,0.010752,,0.004352,,2.084608,20594,17732,628,9.1065170000001672
20595,377.53409469954647,278178341001,1,8.2665961235761642,8.4681,7.867136,1.7392,16387,0.001024,3.10016,,0.041215999999999996,0.152064,0,0.132352,0.007424,0.009472,,0.004096,,1.9548159999999999,20595,17733,628,9.1148422000001119
20596,377.542070904195,278178425682,1,7.976205088198185,7.4532,8.246784,1.8126,15899,0.001024,3.290368,,0.040959999999999996,0.15616,0,0.13644799999999999,0.005376,0.010239999999999999,,0.0038399999999999997,,2.1058559999999997,20596,17734,628,9.12279030000036
20597,377.55022130102037,278178500214,1,8.15039686858654,7.8367,7.957504,1.7809,16387,0.001024,3.2381439999999997,,0.041471999999999995,0.158464,0,0.13849599999999998,0.0076799999999999993,0.0097279999999999988,,0.0051199999999999996,,1.933312,20597,17735,628,9.1310198000001037
20598,377.55805570436507,278178578581,1,7.8344037756323814,8.3367,8.12672,1.7615,15899,0.0012799999999999999,3.289088,,0.041471999999999995,0.161024,0,0.141568,0.007424,0.009984,,0.004352,,2.086656,20598,17736,628,9.1388114000001224
20599,377.56629209892287,278178661948,1,8.2363942638039589,7.9494,7.816192,1.8881,16387,0.001024,3.2870399999999997,,0.038655999999999996,0.155392,0,0.134912,0.007936,0.009216,,0.0048639999999999994,,1.92,20599,17737,628,9.1469316000002436
20600,377.57399199971655,278178741442,1,7.6999007724225521,8.2528,8.21888,1.7702,15899,0.001024,3.202816,,0.03712,0.15462399999999998,0,0.135424,0.003072,0.010752,,0.0038399999999999997,,1.748224,20600,17738,628,9.1546256000001449
20601,377.58185560515869,278178823970,1,7.86360539495945,7.6394,7.676672,1.8004,16387,0.001024,3.202048,,0.035584,0.15462399999999998,0,0.13644799999999999,0.007936,0.0097279999999999988,,0.0038399999999999997,,2.093568,20601,17739,628,9.1625657000004139
20602,377.58959160289112,278178900364,1,7.7359979040920734,8.2615,7.850752,1.7702,16101,0.001024,3.271168,,0.040448,0.16716799999999998,0,0.14668799999999999,0.0076799999999999993,0.010496,,0.004352,,1.95712,20602,17740,628,9.1703242000003229
20603,377.5976735048186,278178982979,1,8.08190181851387,7.6736,7.708672,1.8015,16387,0.001024,3.182848,,0.039168,0.156416,0,0.136704,0.007936,0.009984,,0.0048639999999999994,,2.051072,20603,17741,628,9.1787988000000951
20604,377.605823100907,278179059715,1,8.1495959311723709,7.9508,8.061696,1.8705,15899,0.001024,3.29088,,0.039936,0.16153599999999999,0.000256,0.142336,0.007424,0.009984,,0.003328,,1.9394559999999998,20604,17742,628,9.186477400000058
20605,377.61362040107707,278179139223,1,7.7973003499209881,7.7416,8.134912,1.8782,16387,0.0012799999999999999,3.295232,,0.036351999999999995,0.16025599999999998,0,0.14079999999999998,0.008704,0.009472,,0.004352,,2.064896,20605,17743,628,9.1942424000003484
20606,377.62176780045348,278179216639,1,8.147398941218853,8.403,7.769856,1.7841,15899,0.001024,3.2762879999999996,,0.039424,0.158976,0,0.139264,0.008192,0.009984,,0.0038399999999999997,,1.908992,20606,17744,628,9.2024828000003254
20607,377.62953950538548,278179300669,1,7.7717048116028309,7.7604,8.137984,1.9119,16387,0.001024,3.1777279999999997,,0.038911999999999995,0.161792,0,0.14310399999999998,0.007424,0.010239999999999999,,0.005376,,2.08128,20607,17745,628,9.2102207000002636
20608,377.63732220096369,278179378273,1,7.7826953493058681,7.7899,7.740416,1.7697,15899,0.001024,3.239168,,0.038911999999999995,0.154112,0,0.13644799999999999,0.0076799999999999993,0.010239999999999999,,0.003328,,2.086656,20608,17746,628,9.2179672000002029
20609,377.64544730017008,278179456172,1,8.12509935349226,8.2071,7.773952,1.7742,16582,0.001024,3.099904,,0.040448,0.15692799999999998,0,0.137728,0.0076799999999999993,0.0097279999999999988,,0.0048639999999999994,,2.04672,20609,17747,628,9.2262027000001581
20610,377.65321529903628,278179538243,1,7.7679990790784359,7.7669,8.09984,1.7625,15899,0.001024,3.29344,,0.03968,0.15462399999999998,0,0.135424,0.003328,0.009984,,0.003328,,2.391296,20610,17748,628,9.2338490000001912
20611,377.66172360402493,278179615912,1,8.5083050653338432,7.7182,7.739392,1.8561,29838,0.001024,3.092224,,0.038911999999999995,0.153856,0,0.13414399999999999,0.0076799999999999993,0.009984,,0.004608,,2.2079999999999997,20611,17749,628,9.2423992000003636
20612,377.66943870464848,278179693094,1,7.715100422501564,8.2538,8.490752,1.7936,15899,0.0012799999999999999,3.246336,,0.038911999999999995,0.163328,0,0.141312,0.003328,0.010239999999999999,,0.004352,,2.084864,20612,17750,628,9.250120600000173
20613,377.67710710034009,278179775632,1,7.6683955267071724,7.6357,7.688448,1.7025,16387,0.0012799999999999999,3.234048,,0.040192,0.151808,0,0.13286399999999998,0.0076799999999999993,0.010239999999999999,,0.004352,,2.056448,20613,17751,628,9.2577160000000731
20614,377.68508770549886,278179851989,1,7.9806055873632431,8.5401,7.656192,1.7547,15899,0.001024,3.2852479999999997,,0.043264,0.159744,0,0.140032,0.009984,0.001792,,0.013568,,1.921792,20614,17752,628,9.2658939000002647
20615,377.6929343041383,278179937390,1,7.8465985134243965,7.691,7.949312,1.7506,16734,0.001024,3.099392,,0.038911999999999995,0.15488,0,0.136192,0.0076799999999999993,0.010239999999999999,,0.0051199999999999996,,2.120192,20615,17753,628,9.2735398000004352
20616,377.70107460317456,278180014300,1,8.14029946923256,7.6539,7.835904,1.8846,15899,0.001024,3.2816639999999997,,0.040192,0.158208,0.000256,0.13849599999999998,0.0076799999999999993,0.0097279999999999988,,0.004096,,1.747456,20616,17754,628,9.2816852000000836
20617,377.70877450396824,278180090839,1,7.6999007724225521,8.1642,8.128512,1.7454,16439,0.001024,3.29216,,0.039424,0.156416,0.000256,0.135424,0.007936,0.0097279999999999988,,0.005632,,2.291968,20617,17755,628,9.2897357000001648
20618,377.716956505102,278180172481,1,8.1820013001561165,7.6626,7.678208,1.8805,21683,0.001024,3.29088,,0.040448,0.15231999999999998,0,0.13286399999999998,0.007936,0.0097279999999999988,,0.004352,,1.747456,20618,17756,628,9.2977190000001428
20619,377.72492340561223,278180249107,1,7.9669002443552017,8.1126,8.154368,1.936,16387,0.001024,3.2337919999999998,,0.044031999999999995,0.15103999999999998,0.000256,0.131072,0.0076799999999999993,0.009472,,0.0038399999999999997,,2.04928,20619,17757,628,9.3055372000003445
20620,377.7325575042517,278180330233,1,7.6340986415743828,8.0938,7.947264,1.7512,21828,0.001024,3.2931839999999997,,0.039936,0.15923199999999998,0,0.13952,0.007424,0.0097279999999999988,,0.005632,,2.044672,20620,17758,628,9.313489699999991
20621,377.74038579931971,278180411171,1,7.8282952308654785,7.9491,7.614464,1.7561,16387,0.001024,3.245824,,0.039936,0.155904,0,0.134912,0.007936,0.009984,,0.0048639999999999994,,1.9558399999999998,20621,17759,628,9.3213212000000567
20622,377.74819000141724,278180490662,1,7.8042019158601761,7.8541,7.814144,2.0391,15899,0.001024,3.269888,,0.038911999999999995,0.15334399999999998,0,0.1344,0.007424,0.009984,,0.004352,,2.102016,20622,17760,628,9.3292437000000064
20623,377.75618020124716,278180569203,1,7.9902000725269318,7.7668,7.778048,1.9833,66595,0.001024,3.0996479999999997,,0.035584,0.158208,0,0.13747199999999998,0.003584,0.011519999999999999,,0.004096,,1.9276799999999998,20623,17761,628,9.3375361000003068
20624,377.7641202026644,278180646871,1,7.9400017857551575,7.9547,7.971328,1.882,15899,0.001024,3.237888,,0.042752,0.15872,0,0.13952,0.0076799999999999993,0.009984,,0.004352,,1.9476479999999998,20624,17762,628,9.34519470000032
20625,377.77216930272107,278180726418,1,8.0490997061133385,7.8966,7.924736,2.0079,29693,0.0012799999999999999,3.096832,,0.042752,0.157696,0,0.13747199999999998,0.004608,0.010239999999999999,,0.005376,,1.747456,20625,17763,628,9.3533769000000575
20626,377.78024250283443,278180805384,1,8.0732004716992378,8.2249,8.028928,1.9866,15899,0.0012799999999999999,3.170816,,0.040448,0.15334399999999998,0,0.133632,0.0076799999999999993,0.010239999999999999,,0.004352,,2.197248,20626,17764,628,9.3616783000002215
20627,377.78782149943311,278180887633,1,7.5789964757859707,7.7023,8.048128,2.0298,16387,0.001024,3.2732159999999997,,0.038655999999999996,0.15923199999999998,0.000256,0.141056,0.0076799999999999993,0.009984,,0.003328,,2.054912,20627,17765,628,9.3688400000000911
20628,377.79589160289112,278180964656,1,8.0701038241386414,8.0474,7.570944,2.1147,22242,0.001024,3.189504,,0.035072,0.16383999999999999,0.000256,0.144128,0.007424,0.009984,,0.004096,,1.920512,20628,17766,628,9.3774054000000433
20629,377.80382670068025,278181045130,1,7.9350974410772324,8.4455,8.04736,2.0494,16387,0.001024,3.227392,,0.038911999999999995,0.158464,0.000256,0.138752,0.0076799999999999993,0.009472,,0.0051199999999999996,,2.0659199999999998,20629,17767,628,9.3853664000002937
20630,377.81200930413831,278181129585,1,8.1826038658618927,7.1802,7.914496,2.2219,15899,0.001024,3.2949759999999997,,0.039168,0.157184,0,0.137216,0.004608,0.010752,,0.003584,,1.749248,20630,17768,628,9.3930150000001049
20631,377.81985890022673,278181201387,1,7.8495964407920837,8.455,8.15616,2.1084,16387,0.001024,3.2913919999999997,,0.038655999999999996,0.160512,0,0.141568,0.0076799999999999993,0.009984,,0.004096,,2.0840959999999997,20631,17769,628,9.4007837000003747
20632,377.82805490362813,278181285937,1,8.19600373506546,7.9739,7.82848,1.9338,15899,0.001024,3.275776,,0.038911999999999995,0.16153599999999999,0,0.142848,0.007936,0.010239999999999999,,0.004352,,2.066176,20632,17770,628,9.40918690000035
20633,377.83576609977325,278181365676,1,7.7111963182687759,7.7453,8.174848,2.2254,16387,0.0012799999999999999,3.2883199999999997,,0.03968,0.154112,0.000256,0.13414399999999999,0.007936,0.010496,,0.004608,,2.150144,20633,17771,628,9.41674630000034
20634,377.84365750425167,278181443129,1,7.8914044424891472,7.6919,7.69152,1.9778,15899,0.001024,3.2435199999999997,,0.035328,0.1536,0.000256,0.134912,0.0076799999999999993,0.009984,,0.003328,,2.049536,20634,17772,628,9.4247987000003377
20635,377.85142959892289,278181520048,1,7.7720945701003075,8.4911,7.87584,1.8599,16387,0.001024,3.193088,,0.03968,0.162048,0,0.141824,0.011007999999999999,0,,0.018432,,2.03264,20635,17773,628,9.4325729000001957
20636,377.85927820294785,278181604959,1,7.8486036509275436,7.5632,7.748352,1.8447,22533,0.001024,3.291136,,0.039168,0.161792,0,0.14310399999999998,0.007424,0.0097279999999999988,,0.004096,,2.0574719999999997,20636,17774,628,9.4401086000002579
20637,377.86748309948979,278181680591,1,8.2048969343304634,8.0199,7.820288,1.9584,16387,0.0012799999999999999,3.1910399999999997,,0.040448,0.160512,0,0.13696,0.0076799999999999993,0.0097279999999999988,,0.004096,,1.748224,20637,17775,628,9.4482811000002584
20638,377.87538500566893,278181760790,1,7.9019060358405113,7.4332,8.186112,1.9386,15899,0.001024,3.297024,,0.038911999999999995,0.14976,0.000256,0.131072,0.007936,0.010496,,0.003328,,2.106368,20638,17776,628,9.4560035000004063
20639,377.88304690334468,278181835122,1,7.66189768910408,7.8923,7.887616,1.8534,16387,0.001024,3.272448,,0.040959999999999996,0.159744,0.000256,0.140032,0.010239999999999999,0.009472,,0.005376,,1.9494399999999998,20639,17777,628,9.464023300000008
20640,377.89123160430836,278181914045,1,8.1847012042999268,8.2311,7.65184,1.7605,16246,0.001024,3.095296,,0.03968,0.153856,0,0.13414399999999999,0.0076799999999999993,0.009216,,0.005632,,1.947136,20640,17778,628,9.4720467000001918
20641,377.89928530328797,278181996356,1,8.05369857698679,7.7062,8.161792,2.0039,16387,0.001024,3.289088,,0.03968,0.17177599999999998,0,0.134656,0.012288,0.009984,,0.005632,,2.1094399999999998,20641,17779,628,9.4799401000000216
20642,377.90764950396823,278182073418,1,8.3642005920410156,8.0198,8.030208,1.7597,15899,0.19455999999999998,3.2319999999999998,,0.040704,0.158464,0,0.136192,0.0076799999999999993,0.009984,,0.0038399999999999997,,1.747712,20642,17780,628,9.4885491
20643,377.9156660997732,278182153616,1,8.0165956169366837,8.0157,8.346112,1.8059,16439,0.001024,3.29216,,0.044288,0.162304,0.000256,0.142592,0.007424,0.010239999999999999,,0.004352,,2.432,20643,17781,628,9.4963670000001912
20644,377.92351720521543,278182233773,1,7.8511051833629608,7.9398,7.990272,1.941,15899,0.001024,3.1808,,0.03968,0.15744,0,0.136192,0.004352,0.000256,,0.013312,,1.750016,20644,17782,628,9.5042198000001
20645,377.93142180413832,278182313171,1,7.9045984894037247,8.4858,7.829504,1.8482,16387,0.001024,3.288576,,0.039424,0.152576,0,0.133888,0.007936,0.009984,,0.003328,,2.13632,20645,17783,628,9.5121565000004011
20646,377.93929479875283,278182398029,1,7.872994989156723,7.9202,7.880448,1.7311,15899,0.001024,3.1075839999999997,,0.03712,0.157696,0,0.13824,0.007424,0.010496,,0.0038399999999999997,,2.057728,20646,17784,628,9.5201314000000821
20647,377.94722859977321,278182477231,1,7.9338010400533676,7.8445,7.866624,1.7699,16582,0.001024,3.2888319999999998,,0.039168,0.173056,0.000256,0.144128,0.003328,0.009984,,0.004352,,2.180096,20647,17785,628,9.5281462000002648
20648,377.955445904195,278182555676,1,8.21730401366949,7.9706,7.908864,1.9435,15899,0.001024,3.2337919999999998,,0.041984,0.154112,0.000256,0.1344,0.007424,0.0097279999999999988,,0.0051199999999999996,,1.747968,20648,17786,628,9.5360641000002033
20649,377.96317149943309,278182635382,1,7.7255950309336185,7.9279,8.199168,1.8415,16387,0.001024,3.293952,,0.040448,0.157184,0,0.137728,0.0076799999999999993,0.0097279999999999988,,0.005376,,2.07488,20649,17787,628,9.5437602000001789
20650,377.97129199971653,278182714661,1,8.1205004826188087,8.0327,7.703808,1.748,15899,0.001024,3.230464,,0.038911999999999995,0.15488,0,0.136704,0.0038399999999999997,0.009984,,0.003328,,2.101248,20650,17788,628,9.5518982000003234
20651,377.97937329931972,278182794988,1,8.081299252808094,7.9215,8.105728,1.7377,16387,0.001024,3.29088,,0.041471999999999995,0.160512,0,0.141056,0.007424,0.009984,,0.004352,,1.9310079999999998,20651,17789,628,9.5600376000002143
20652,377.98728730158729,278182874203,1,7.9140020534396172,7.7227,8.05376,1.7786,15899,0.0012799999999999999,3.1045119999999997,,0.038911999999999995,0.162048,0,0.142848,0.0076799999999999993,0.009216,,0.0038399999999999997,,2.2243839999999997,20652,17790,628,9.5678823000002922
20653,377.99523480017007,278182951430,1,7.9474989324808121,8.1033,7.898624,1.7412,16589,0.001024,3.278848,,0.041471999999999995,0.15334399999999998,0.000256,0.13312,0.0063999999999999994,0.009472,,0.004096,,1.943296,20653,17791,628,9.57584160000033
20654,378.00302589994328,278183032463,1,7.7910996042191982,8.1605,7.922176,1.7333,15899,0.001024,3.179008,,0.040704,0.15616,0.000256,0.136704,0.007424,0.00896,,0.0051199999999999996,,2.1964799999999998,20654,17792,628,9.5838249000003088
20655,378.01105490362812,278183114068,1,8.0290036275982857,7.8368,7.778304,1.8099,16387,0.001024,3.1728639999999997,,0.03968,0.157184,0.000256,0.13849599999999998,0.0076799999999999993,0.0097279999999999988,,0.003584,,1.75104,20655,17793,628,9.5917059000003064
20656,378.01876780045347,278183192436,1,7.7128969132900238,7.9342,8.009472,1.7209,15899,0.0012799999999999999,3.2750079999999997,,0.041215999999999996,0.15488,0,0.133632,0.0076799999999999993,0.0097279999999999988,,0.0038399999999999997,,2.013184,20656,17794,628,9.59971940000014
20657,378.02656850198412,278183271778,1,7.8007015399634838,7.9786,7.68512,1.7624,16387,0.001024,3.097088,,0.03968,0.152576,0,0.133888,0.007936,0.010496,,0.0048639999999999994,,2.0152319999999997,20657,17795,628,9.6072977000003448
20658,378.03464850481856,278183351564,1,8.08000285178423,7.9277,7.787264,1.8339,15899,0.001024,3.177472,,0.039424,0.158208,0.000256,0.138752,0.003584,0.009472,,0.0048639999999999994,,1.955072,20658,17796,628,9.6155217000000448
20659,378.04238880385486,278183430841,1,7.740299217402935,7.9728,8.057344,1.8931,16387,0.001024,3.1759359999999996,,0.039168,0.15923199999999998,0,0.140288,0.0076799999999999993,0.011007999999999999,,0.0051199999999999996,,2.099456,20659,17797,628,9.62328430000025
20660,378.05041630527211,278183510569,1,8.0275014042854309,7.5105,7.745024,1.7157,15899,0.001024,3.179776,,0.038655999999999996,0.172032,0,0.130816,0.0097279999999999988,0.010239999999999999,,0.004608,,1.74592,20660,17798,628,9.6311877000002823
20661,378.05841820436507,278183585674,1,8.0018993467092514,8.2847,7.985408,1.9025,16387,0.001024,3.291136,,0.038911999999999995,0.167936,0.000256,0.14899199999999999,0.0038399999999999997,0.0097279999999999988,,0.003584,,2.171904,20661,17799,628,9.6391349000000446
20662,378.06649370039679,278183668521,1,8.075496181845665,7.7516,7.979264,1.9557,15899,0.001024,3.229952,,0.040448,0.14976,0,0.13055999999999998,0.007424,0.0097279999999999988,,0.0048639999999999994,,1.9345919999999999,20662,17800,628,9.6474633000002541
20663,378.07447910289113,278183746037,1,7.9854028299450874,7.8881,8.064,1.9681,16387,0.001024,3.2337919999999998,,0.037632,0.155392,0,0.136192,0.007424,0.009984,,0.004608,,2.083584,20663,17801,628,9.65521630000012
20664,378.08210089994327,278183824918,1,7.6217972673475742,7.9875,7.96544,1.8084,15899,0.001024,3.1902719999999998,,0.038655999999999996,0.15001599999999998,0,0.131584,0.004096,0.010752,,0.004608,,2.196224,20664,17802,628,9.6627888000002713
20665,378.08989029903626,278183904793,1,7.78939900919795,8.2951,7.593216,1.8637,16589,0.001024,3.098112,,0.039936,0.16255999999999998,0,0.142592,0.008192,0.009216,,0.004352,,1.938944,20665,17803,628,9.67063700000017
20666,378.09800590277774,278183987744,1,8.11560358852148,7.7946,7.764224,1.8811,16094,0.001024,3.1751679999999998,,0.038655999999999996,0.16255999999999998,0,0.14336,0.007936,0.0097279999999999988,,0.0048639999999999994,,2.090496,20666,17804,628,9.68001940000022
20667,378.10615680272105,278184065690,1,8.1508997827768326,7.5509,8.091136,1.8065,16387,0.001024,3.204608,,0.036608,0.157696,0,0.137984,0.0076799999999999993,0.0097279999999999988,,0.0051199999999999996,,1.928704,20667,17805,628,9.6871676000000662
20668,378.11377030187072,278184141199,1,7.61349918320775,7.8572,8.137728,2.0127,15899,0.001024,3.23712,,0.038911999999999995,0.151552,0,0.133632,0.007424,0.010239999999999999,,0.0048639999999999994,,2.249216,20668,17806,628,9.6947286000004169
20669,378.12167260487524,278184219771,1,7.9023027792572975,9.1145,7.603712,2.0168,16439,0.001024,3.1744,,0.038911999999999995,0.162048,0,0.14310399999999998,0.004096,0.009984,,0.003584,,1.955328,20669,17807,628,9.7032167000002119
20670,378.12975980017006,278184310916,1,8.0871954560279846,7.4026,7.881216,2.0549,15899,0.001024,3.2701439999999997,,0.037376,0.161792,0,0.14336,0.007936,0.009984,,0.004352,,1.9476479999999998,20670,17808,628,9.7106429000000389
20671,378.13765369897959,278184384942,1,7.8938985243439674,7.5162,7.862016,1.9585,16387,0.001024,3.2980479999999996,,0.03968,0.155392,0,0.135424,0.007936,0.011776,,0.005632,,1.746688,20671,17809,628,9.7184100000004037
20672,378.14549379960317,278184460104,1,7.8401006758213043,8.468,7.86304,1.8436,15899,0.0012799999999999999,3.2384,,0.039936,0.172288,0.000256,0.149504,0.0084479999999999989,0.009472,,0.0048639999999999994,,1.965056,20672,17810,628,9.726358700000219
20673,378.15350700113379,278184544784,1,8.0132018774747849,7.4717,7.817728,1.8387,16387,0.001024,3.094016,,0.039168,0.157184,0,0.137728,0.008704,0.0012799999999999999,,0.012544,,2.142976,20673,17811,628,9.7342806000001474
20674,378.16165020549886,278184619501,1,8.1432042643427849,7.8152,7.987712,1.9734,15899,0.001024,3.272704,,0.039424,0.160512,0,0.139008,0.007936,0.009472,,0.004352,,1.9294719999999999,20674,17812,628,9.7424732000004042
20675,378.16950330215417,278184697653,1,7.8530963510274887,7.902,8.124416,1.9656,16387,0.001024,3.290368,,0.040192,0.152832,0.000256,0.133888,0.0076799999999999993,0.009472,,0.004352,,2.0928,20675,17813,628,9.75040510000008
20676,378.1772125,278184776673,1,7.7091977000236511,7.9639,7.837952,1.9904,15899,0.001024,3.2919039999999997,,0.039168,0.15872,0,0.139264,0.008704,0.002304,,0.012288,,1.9545599999999999,20676,17814,628,9.7580643000001146
20677,378.18527110260771,278184856312,1,8.0586029216647148,8.1661,7.689216,1.967,16387,0.001024,3.183616,,0.039424,0.15872,0,0.137984,0.008704,0.0097279999999999988,,0.0048639999999999994,,1.955584,20677,17815,628,9.7662010000003647
20678,378.19324040532877,278184937973,1,7.96930305659771,7.9368,8.038144,1.9927,16101,0.001024,3.270912,,0.035584,0.177152,0.000256,0.13568,0.007936,0.009472,,0.005632,,1.932288,20678,17816,628,9.7740944000001946
20679,378.20174550028344,278185017341,1,8.5050947964191437,7.649,7.949568,1.9963,16387,0.0012799999999999999,3.240192,,0.046591999999999995,0.149504,0.000256,0.12953599999999998,0.007424,0.009472,,0.0048639999999999994,,1.941504,20679,17817,628,9.7825731000002634
20680,378.2096554988662,278185093831,1,7.9099982976913452,8.1554,8.494848,1.9347,21683,0.001024,3.2296959999999997,,0.042496,0.174592,0,0.13516799999999998,0.007936,0.009472,,0.004352,,2.41024,20680,17818,628,9.7906977000002371
20681,378.21756230158729,278185175385,1,7.9068029299378395,7.8162,7.8784,1.8613,16387,0.001024,3.2895999999999996,,0.040704,0.15564799999999998,0,0.135936,0.0076799999999999993,0.0097279999999999988,,0.004608,,1.9325439999999998,20681,17819,628,9.7982699000003777
20682,378.22544569869615,278185253547,1,7.8833969309926033,8.5395,7.8784,2.1639,15899,0.001024,3.1928319999999997,,0.039168,0.1536,0.000256,0.133376,0.0076799999999999993,0.009984,,0.005632,,2.02624,20682,17820,628,9.8063566000000719
20683,378.2331904053288,278185338942,1,7.7447067014873028,8.0955,7.870208,1.7863,16387,0.001024,3.231232,,0.045056,0.158208,0.000256,0.135424,0.012799999999999999,0.009472,,0.0038399999999999997,,1.9560959999999998,20683,17821,628,9.8138989000003676
20684,378.24118920068025,278185419897,1,7.998795248568058,7.6551,7.725824,1.8441,15899,0.001024,3.287808,,0.03968,0.15744,0,0.136704,0.0076799999999999993,0.010239999999999999,,0.0051199999999999996,,1.9207679999999998,20684,17822,628,9.82215690000021
20685,378.24965470521539,278185496448,1,8.46550427377224,8.0106,7.978496,1.9061,16582,0.001024,3.234816,,0.039424,0.15872,0.000256,0.141056,0.0076799999999999993,0.009984,,0.004608,,2.0925439999999997,20685,17823,628,9.83059000000003
20686,378.25734760487529,278185576554,1,7.69289955496788,7.5633,8.439296,1.8924,15899,0.0012799999999999999,3.277568,,0.039424,0.154368,0,0.134656,0.007424,0.009472,,0.0048639999999999994,,1.747712,20686,17824,628,9.8380892000000131
20687,378.26514880243764,278185652187,1,7.8011974692344666,8.2794,7.673856,1.7687,16387,0.001024,3.1843839999999997,,0.036608,0.16025599999999998,0.000256,0.141824,0.011007999999999999,0.009984,,0.0048639999999999994,,2.188544,20687,17825,628,9.8461048000003757
20688,378.27314940476191,278185734981,1,8.000602014362812,8.4532,7.779328,2.0292,15899,0.001024,3.274752,,0.039424,0.151552,0,0.13312,0.003584,0.009984,,0.003328,,1.9276799999999998,20688,17826,628,9.8539084000003641
20689,378.28100670351472,278185819513,1,7.8572984784841537,7.4141,7.980544,1.8252,16387,0.001024,3.279104,,0.034816,0.161024,0,0.141056,0.0038399999999999997,0.009472,,0.004096,,2.095872,20689,17827,628,9.8620074000000386
20690,378.28870970096369,278185893654,1,7.7029974199831486,8.0689,7.833856,1.814,15899,0.001024,3.098368,,0.03968,0.155136,0.000256,0.135424,0.0076799999999999993,0.0097279999999999988,,0.0051199999999999996,,1.950464,20690,17828,628,9.8694230000000971
20691,378.29668590561221,278185974343,1,7.976205088198185,7.8168,7.690496,1.8005,16734,0.001024,3.232256,,0.039936,0.156672,0.000256,0.13696,0.0076799999999999993,0.0097279999999999988,,0.0038399999999999997,,1.9525119999999998,20691,17829,628,9.8778814000002058
20692,378.30437120181404,278186052511,1,7.6852962374687195,8.1182,7.955456,1.9042,15899,0.001024,3.289856,,0.03968,0.16486399999999998,0.000256,0.146176,0.007424,0.010239999999999999,,0.003584,,2.052864,20692,17830,628,9.8853640000002088
20693,378.31261280470522,278186133693,1,8.2416031509637833,7.3645,7.659264,1.9639,16387,0.001024,3.108352,,0.03456,0.15692799999999998,0,0.137216,0.011007999999999999,0.011776,,0.0048639999999999994,,1.93152,20693,17831,628,9.8933203000001413
20694,378.32025390447842,278186207338,1,7.6410998590290546,8.4158,8.217856,1.8731,15899,0.0012799999999999999,3.190528,,0.040959999999999996,0.155136,0.000256,0.13516799999999998,0.0076799999999999993,0.009984,,0.0038399999999999997,,2.206464,20694,17832,628,9.9013577000000623
20695,378.32843240504536,278186291496,1,8.1785004585981369,7.5086,7.639296,1.7865,16439,0.0012799999999999999,3.2296959999999997,,0.035584,0.162048,0,0.143616,0.012032,0.009984,,0.003584,,1.9563519999999999,20695,17833,628,9.9091809000001376
20696,378.33641349914967,278186366582,1,7.9810945317149162,8.0294,8.147456,2.1493,15899,0.0012799999999999999,3.288064,,0.04224,0.158208,0.000256,0.138752,0.0051199999999999996,0.001792,,0.011776,,2.184192,20696,17834,628,9.9174166000002515
20697,378.34467620464852,278186446876,1,8.26270505785942,8.008,7.96928,1.9925,16387,0.0012799999999999999,3.237888,,0.040704,0.15231999999999998,0,0.132608,0.0076799999999999993,0.009984,,0.0048639999999999994,,1.7454079999999998,20697,17835,628,9.9258182000003217
20698,378.35223950538546,278186526956,1,7.563300896435976,7.8031,8.235264,1.9152,15899,0.001024,3.18592,,0.043775999999999995,0.158208,0.000256,0.13849599999999998,0.0038399999999999997,0.0097279999999999988,,0.005632,,2.336,20698,17836,628,9.933227700000316
20699,378.36021160005669,278186604987,1,7.9720942303538322,8.2508,7.542784,2.21,23021,0.001024,3.177216,,0.035328,0.155392,0,0.13747199999999998,0.007424,0.009984,,0.003584,,2.046208,20699,17837,628,9.9409247000003234
20700,378.36814500425169,278186687495,1,7.9334042966365814,8.3256,7.97184,1.8707,15899,0.001024,3.2399359999999997,,0.041215999999999996,0.151808,0,0.132096,0.007424,0.009472,,0.004096,,1.9376639999999998,20700,17838,628,9.948845600000368
20701,378.375947002551,278186770751,1,7.8019984066486359,7.2295,7.89248,1.8689,16387,0.001024,3.2737279999999997,,0.039168,0.164352,0,0.14592,0.007936,0.011264,,0.003584,,2.0357119999999997,20701,17839,628,9.9566478000001553
20702,378.38372460317458,278186843046,1,7.7776005491614342,7.9799,7.794688,1.8534,15899,0.001024,3.2363519999999997,,0.043775999999999995,0.155136,0,0.13568,0.0076799999999999993,0.009984,,0.0048639999999999994,,1.9445759999999999,20702,17840,628,9.96444270000029
20703,378.39182769982989,278186922845,1,8.10309685766697,7.9026,7.750144,1.7109,16589,0.001024,3.2350719999999997,,0.038655999999999996,0.1536,0,0.133888,0.0076799999999999993,0.009984,,0.003328,,2.057216,20703,17841,628,9.972559000000274
20704,378.39994710175733,278187001871,1,8.1194015219807625,7.7882999999999996,8.081664,2.007,16094,0.001024,3.2936959999999997,,0.045824,0.151552,0,0.13183999999999998,0.007936,0.0097279999999999988,,0.0048639999999999994,,1.94048,20704,17842,628,9.9806139000002077
20705,378.40785320294782,278187079754,1,7.9061016440391541,7.7809,8.08704,1.8598,16387,0.001024,3.2394239999999996,,0.03712,0.157696,0,0.137728,0.0076799999999999993,0.0097279999999999988,,0.0051199999999999996,,1.955072,20705,17843,628,9.9886092000001554
20706,378.41610639880952,278187157563,1,8.2531962543725967,8.1862,7.8912,1.8164,15899,0.001024,3.2895999999999996,,0.041215999999999996,0.159744,0.000256,0.140288,0.0076799999999999993,0.0097279999999999988,,0.0051199999999999996,,2.0925439999999997,20706,17844,628,9.996870900000431
20707,378.42410700113379,278187239425,1,8.000602014362812,8.0176,8.24064,1.8089,16387,0.001024,3.3518079999999997,,0.040959999999999996,0.155392,0.000256,0.135424,0.0076799999999999993,0.010496,,0.005632,,2.006272,20707,17845,628,10.004706000000169
20708,378.43236320153062,278187319601,1,8.2562007009983063,7.9538,7.972096,1.8189,15899,0.0012799999999999999,3.2368639999999997,,0.038911999999999995,0.163328,0,0.14464,0.007424,0.0097279999999999988,,0.004096,,2.219008,20708,17846,628,10.013230800000201
20709,378.43995510204081,278187399139,1,7.5919004157185555,8.2959,8.247296,2.4304,16387,0.0012799999999999999,3.193856,,0.041984,0.16,0.000256,0.140288,0.007424,0.009472,,0.004352,,2.054656,20709,17847,628,10.020800300000246
20710,378.44766820436507,278187482098,1,7.7131022699177265,7.8735,7.568384,1.9206,15899,0.001024,3.0947839999999998,,0.034048,0.14592,0,0.12723199999999998,0.007936,0.010239999999999999,,0.0051199999999999996,,2.11712,20710,17848,628,10.028284600000006
20711,378.45574800170067,278187560833,1,8.07979702949524,8.455,7.691264,1.9203,16387,0.001024,3.182336,,0.036351999999999995,0.18073599999999998,0,0.14079999999999998,0.007936,0.009984,,0.005376,,1.747456,20711,17849,628,10.036323700000139
20712,378.46367040107708,278187645383,1,7.9223997890949249,7.6193,8.0576,1.7769,15899,0.001024,3.295232,,0.040448,0.158208,0,0.13849599999999998,0.007424,0.0097279999999999988,,0.0048639999999999994,,2.033408,20712,17850,628,10.044385600000169
20713,378.47173740079364,278187721576,1,8.066999725997448,7.4888,7.90784,1.7782,16387,0.001024,3.290368,,0.036608,0.156416,0.000256,0.136192,0.0076799999999999993,0.0097279999999999988,,0.004352,,1.916672,20713,17851,628,10.052695800000038
20714,378.47946070011335,278187796464,1,7.7232993207871914,8.0626,8.04224,1.8264,15899,0.001024,3.2913919999999997,,0.041984,0.159488,0.000256,0.13977599999999998,0.007424,0.009984,,0.004608,,1.9264,20714,17852,628,10.060326100000111
20715,378.48747329931973,278187877090,1,8.0125993117690086,8.0377,7.676672,1.9395,16387,0.001024,3.2186879999999998,,0.03968,0.165632,0,0.146176,0.0084479999999999989,0.002304,,0.012032,,1.7471999999999999,20715,17853,628,10.068288200000097
20716,378.49534209892289,278187957467,1,7.86879938095808,8.2817,8.007424,1.8403,16101,0.0012799999999999999,3.295232,,0.040704,0.154368,0,0.1344,0.007424,0.009984,,0.004608,,1.9412479999999999,20716,17854,628,10.076184800000192
20717,378.503361401644,278188040284,1,8.01930297166109,7.6211,7.849984,1.7994,16387,0.001024,3.227392,,0.040704,0.158976,0.000256,0.140288,0.0076799999999999993,0.009984,,0.005632,,2.1329919999999998,20717,17855,628,10.084561500000291
20718,378.51150189909293,278188116495,1,8.1404978409409523,7.9976,7.988736,1.8145,15899,0.001024,3.100416,,0.040959999999999996,0.14848,0,0.128768,0.007424,0.0097279999999999988,,0.004608,,1.934848,20718,17856,628,10.09214510000038
20719,378.519475,278188196471,1,7.9731009900569916,7.7851,8.131584,2.0425,16387,0.001024,3.1872,,0.039936,0.190464,0.000256,0.170752,0.008192,0.000256,,0.014591999999999999,,1.9642879999999998,20719,17857,628,10.101033600000392
20720,378.52774999999997,278188274322,1,8.2750003784894943,8.5031,7.954688,1.7299,15899,0.001024,3.2368639999999997,,0.043775999999999995,0.155904,0,0.135936,0.007424,0.0097279999999999988,,0.005888,,1.9327999999999999,20720,17858,628,10.108840000000328
20721,378.535873100907,278188359353,1,8.1231007352471352,7.5624,8.2496,1.9592,16439,0.001024,3.286784,,0.037376,0.17971199999999998,0,0.159744,0.004096,0.009216,,0.0051199999999999996,,1.9312639999999999,20721,17859,628,10.116520700000365
20722,378.54386339994329,278188434977,1,7.990298792719841,8.555,8.094976,1.8529,15899,0.0012799999999999999,3.278848,,0.040704,0.152832,0,0.13312,0.007424,0.009984,,0.004608,,1.748224,20722,17860,628,10.124504600000364
20723,378.55186860119045,278188520527,1,8.0052008852362633,8.1199,7.986176,1.7961,16582,0.001024,3.1825919999999996,,0.038911999999999995,0.158976,0,0.138752,0.006656,0.0097279999999999988,,0.005376,,1.94048,20723,17861,628,10.1328838000004
20724,378.56015960175733,278188601726,1,8.2910005003213882,7.7248,7.978752,1.7636,15899,0.0012799999999999999,3.2865279999999997,,0.037376,0.154112,0.000256,0.133632,0.007424,0.011519999999999999,,0.005376,,2.10432,20724,17862,628,10.140996000000086
20725,378.56788440334464,278188678974,1,7.7248015441000462,7.963,8.247808,1.9635,16387,0.001024,3.2327679999999996,,0.040959999999999996,0.15231999999999998,0.000256,0.13286399999999998,0.0076799999999999993,0.009472,,0.005632,,1.7471999999999999,20725,17863,628,10.148524900000211
20726,378.5759161989796,278188758604,1,8.0317957326769829,8.3404,7.723264,1.7929,15899,0.001024,3.2895999999999996,,0.039168,0.16153599999999999,0.000256,0.142848,0.010752,0.009472,,0.0038399999999999997,,2.029568,20726,17864,628,10.156611200000043
20727,378.58397630385485,278188842008,1,8.06010514497757,8.1039,8.022784,2.0165,16387,0.001024,3.294208,,0.040959999999999996,0.15462399999999998,0,0.134656,0.007936,0.011264,,0.004608,,1.95712,20727,17865,628,10.164721500000269
20728,378.59162550311788,278188923047,1,7.6491991057991982,7.5638,8.034816,1.6895,16101,0.001024,3.185152,,0.040959999999999996,0.16255999999999998,0,0.142848,0.0076799999999999993,0.0097279999999999988,,0.0051199999999999996,,2.088192,20728,17866,628,10.172737100000177
20729,378.59935210459184,278188998685,1,7.7266013249754906,8.097,7.556352,2.0738,16387,0.001024,3.18464,,0.044288,0.15231999999999998,0,0.132096,0.007936,0.009472,,0.004096,,1.7484799999999998,20729,17867,628,10.179934200000389
20730,378.60760330215419,278189079655,1,8.2511976361274719,7.9863,7.776256,1.8021,15899,0.001024,3.190784,,0.040448,0.15564799999999998,0.000256,0.13568,0.0076799999999999993,0.010239999999999999,,0.004096,,1.748224,20730,17868,628,10.188356500000282
20731,378.61539240362811,278189159518,1,7.7891014516353607,8.0991,8.0768,1.7831,16387,0.001024,3.272704,,0.041471999999999995,0.152832,0.000256,0.1344,0.010496,0.216576,,0.004096,,2.0858879999999997,20731,17869,628,10.196155200000248
20732,378.6235191043084,278189240509,1,8.126700296998024,7.2507,7.7696,1.8977,15899,0.001024,3.176704,,0.042752,0.160768,0,0.142336,0.0048639999999999994,0.009984,,0.0051199999999999996,,1.7489919999999999,20732,17870,628,10.204147000000376
20733,378.63143450255103,278189313016,1,7.9153981059789658,8.3462,8.094208,1.7345,16387,0.001024,3.283712,,0.038655999999999996,0.154112,0,0.13568,0.0076799999999999993,0.009984,,0.004608,,2.098688,20733,17871,628,10.21213650000027
20734,378.639297002551,278189396478,1,7.8624999150633812,7.8733,7.906304,1.7027,15899,0.001024,3.2332799999999997,,0.03712,0.16,0,0.140032,0.0051199999999999996,0.011264,,0.005376,,2.041088,20734,17872,628,10.220139100000324
20735,378.64687450396826,278189475211,1,7.5775012373924255,7.9872,7.839488,1.7852,16387,0.001024,3.2688639999999998,,0.038655999999999996,0.153088,0,0.134656,0.0097279999999999988,0.010239999999999999,,0.004608,,2.188544,20735,17873,628,10.227853200000027
20736,378.65512490079362,278189555083,1,8.2503966987133026,7.9948,7.555072,1.9834,15899,0.001024,3.095552,,0.040704,0.163328,0,0.144128,0.010239999999999999,0.009472,,0.0038399999999999997,,1.7471999999999999,20736,17874,628,10.235726100000193
20737,378.663283404195,278189635031,1,8.1585031002759933,7.9689,8.224768,1.9316,16387,0.001024,3.23968,,0.041728,0.153856,0.000256,0.13414399999999999,0.0076799999999999993,0.0097279999999999988,,0.0048639999999999994,,1.746432,20737,17875,628,10.244017600000006
20738,378.670811699263,278189714720,1,7.528295274823904,7.7472,8.139264,1.7267,15899,0.001024,3.289856,,0.036864,0.162048,0,0.14336,0.0076799999999999993,0.009984,,0.004608,,2.415104,20738,17876,628,10.251496900000348
20739,378.67865490362811,278189792192,1,7.8432047739624977,7.863,7.512576,1.7061,16387,0.001024,3.236608,,0.03456,0.15616,0,0.13516799999999998,0.004608,0.008704,,0.005888,,1.926912,20739,17877,628,10.259513500000139
20740,378.6867466057256,278189870822,1,8.0917021259665489,8.3102,7.82208,1.7403,15899,0.001024,3.291136,,0.035328,0.16255999999999998,0.000256,0.14438399999999998,0.0076799999999999993,0.010239999999999999,,0.0051199999999999996,,2.132736,20740,17878,628,10.267420900000161
20741,378.69448630243761,278189953924,1,7.7396966516971588,7.4285,8.06272,1.7624,16589,0.001024,3.1009279999999997,,0.037376,0.156416,0,0.135936,0.003328,0.0097279999999999988,,0.0048639999999999994,,1.7469439999999998,20741,17879,628,10.275120800000423
20742,378.70223579931974,278190028209,1,7.7494969591498375,8.0722,7.73376,1.6925,16094,0.001024,3.2919039999999997,,0.040192,0.15488,0.000256,0.135424,0.0076799999999999993,0.009984,,0.0051199999999999996,,1.9496959999999999,20742,17880,628,10.282991400000355
20743,378.71025610119045,278190108931,1,8.0203022807836533,7.8897,7.728128,1.7498,16387,0.001024,3.2296959999999997,,0.040704,0.16025599999999998,0,0.140032,0.007936,0.009472,,0.004352,,1.95072,20743,17881,628,10.290946600000098
20744,378.71803630243761,278190187828,1,7.7802012674510479,7.706,8.009728,1.7538,15899,0.001024,3.194368,,0.040704,0.15872,0.000256,0.139008,0.007424,0.0097279999999999988,,0.0051199999999999996,,1.747456,20744,17882,628,10.298652000000402
20745,378.726073901644,278190264888,1,8.0375988036394119,7.8552,7.74656,1.8751,16387,0.001024,3.2962559999999996,,0.039168,0.161024,0,0.142592,0.007424,0.010239999999999999,,0.003584,,2.03008,20745,17883,628,10.3067987000004
20746,378.73409350198409,278190343440,1,8.0196000635623932,7.978,8.02944,1.6843,15899,0.001024,3.2319999999999998,,0.040704,0.157696,0,0.13849599999999998,0.007424,0.011264,,0.005376,,2.051072,20746,17884,628,10.314747300000363
20747,378.7416737032313,278190423220,1,7.5802011415362358,7.6831,8.000512,1.8079,16439,0.001024,3.1733759999999998,,0.039168,0.19225599999999998,0,0.172288,0.004352,0.007936,,0.005632,,2.236928,20747,17885,628,10.322367800000393
20748,378.7497216057256,278190500051,1,8.0479029566049576,8.18,7.533312,1.8489,15899,0.001024,3.1039999999999996,,0.043008,0.15462399999999998,0,0.134656,0.0076799999999999993,0.0097279999999999988,,0.004608,,1.746688,20748,17886,628,10.330300700000407
20749,378.75753650085034,278190581851,1,7.814895361661911,7.913,8.05504,1.7922,16387,0.001024,3.29088,,0.043264,0.155904,0,0.135424,0.003328,0.010752,,0.0038399999999999997,,2.022144,20749,17887,628,10.338247300000148
20750,378.76594910005667,278190660981,1,8.4125995635986328,7.6478,7.79008,1.7473,15899,0.0012799999999999999,3.1848959999999997,,0.038911999999999995,0.322816,0,0.304384,0.004096,0.009984,,0.0048639999999999994,,2.04032,20750,17888,628,10.346566900000198
20751,378.77372910289114,278190737459,1,7.7800028957426548,7.9061,8.401664,1.7672,16387,0.001024,3.2363519999999997,,0.035072,0.158464,0.000256,0.138752,0.007424,0.010752,,0.0051199999999999996,,1.746688,20751,17889,628,10.354306000000179
20752,378.78170160147391,278190816520,1,7.9724984243512154,7.8972,7.749376,1.7407,21683,0.001024,3.2755199999999998,,0.039936,0.15564799999999998,0.000256,0.13696,0.0076799999999999993,0.009472,,0.005376,,2.092288,20752,17890,628,10.362309800000276
20753,378.78937640306123,278190895492,1,7.674801629036665,8.3745,7.961344,1.6853,16387,0.0012799999999999999,3.295232,,0.0384,0.15795199999999998,0,0.13824,0.007424,0.010239999999999999,,0.004352,,2.051328,20753,17891,628,10.370050200000151
20754,378.79735250141721,278190979237,1,7.9760979861021042,7.7628,7.649536,1.7557,16246,0.001024,3.2337919999999998,,0.036095999999999996,0.147968,0.000256,0.12953599999999998,0.007936,0.0097279999999999988,,0.003328,,2.044928,20754,17892,628,10.37816870000006
20755,378.80542589994332,278191056865,1,8.0733988434076309,7.9795,7.960576,1.9036,16387,0.001024,3.232256,,0.040192,0.1536,0,0.1344,0.008192,0.010239999999999999,,0.003584,,1.747712,20755,17893,628,10.386008200000106
20756,378.81333570011338,278191136660,1,7.9097999259829521,7.6559,8.047616,1.7519,15899,0.001024,3.179008,,0.044544,0.151552,0,0.13183999999999998,0.011007999999999999,0.0097279999999999988,,0.004352,,2.079744,20756,17894,628,10.393934200000331
20757,378.82100910572564,278191213219,1,7.6734055764973164,8.2066,7.895296,1.7143,16387,0.001024,3.2750079999999997,,0.039424,0.16025599999999998,0.000256,0.141824,0.0076799999999999993,0.009984,,0.0048639999999999994,,2.19264,20757,17895,628,10.401675300000079
20758,378.82910760345806,278191295285,1,8.0984979867935181,7.8468,7.653632,1.764,15899,0.001024,3.2737279999999997,,0.039168,0.159744,0.000256,0.141568,0.007424,0.009984,,0.003584,,1.933568,20758,17896,628,10.410089400000288
20759,378.8371812003968,278191373753,1,8.073597215116024,7.9116,8.022272,1.8549,16387,0.0012799999999999999,3.275776,,0.039936,0.152832,0,0.134656,0.0076799999999999993,0.009984,,0.004352,,2.145024,20759,17897,628,10.417820699999993
20760,378.8451928004535,278191452869,1,8.0116000026464462,7.7453,8.115712,1.711,15899,0.0012799999999999999,3.238912,,0.042752,0.152832,0,0.133376,0.007424,0.0097279999999999988,,0.0048639999999999994,,1.959936,20760,17898,628,10.425860700000158
20761,378.85302810374151,278191530322,1,7.83530343323946,8.4131,7.982336,1.6799,16582,0.001024,3.177984,,0.036864,0.154112,0.000256,0.135424,0.0076799999999999993,0.009984,,0.004608,,2.080768,20761,17899,628,10.434140700000171
20762,378.86097779903628,278191614453,1,7.9496949911117554,7.7555,7.815424,1.8834,22533,0.001024,3.1057919999999997,,0.039168,0.153856,0,0.13414399999999999,0.007168,0.009984,,0.0051199999999999996,,1.9307519999999998,20762,17900,628,10.441649600000346
20763,378.86857920209746,278191692008,1,7.6014031656086445,7.9732,7.922688,1.7489,16387,0.001024,3.279104,,0.041984,0.153088,0,0.133632,0.00896,0.009216,,0.004096,,2.024448,20763,17901,628,10.44927030000008
20764,378.87652620464848,278191771740,1,7.947002537548542,7.9357,7.593472,1.8022,15899,0.001024,3.289344,,0.035584,0.150784,0,0.13312,0.0076799999999999993,0.009984,,0.005376,,1.9476479999999998,20764,17902,628,10.457379200000105
20765,378.88451050170067,278191851097,1,7.9842973500490189,7.8826,7.927552,1.8777,16387,0.001024,3.2895999999999996,,0.040192,0.157696,0,0.137216,0.0076799999999999993,0.009472,,0.004096,,1.9512319999999999,20765,17903,628,10.465214100000139
20766,378.89211690051019,278191929923,1,7.6063987798988819,7.6193,7.96288,1.8222,16101,0.001024,3.231232,,0.03584,0.162304,0.000256,0.142592,0.007936,0.010496,,0.0038399999999999997,,2.086144,20766,17904,628,10.47280340000043
20767,378.9001859056122,278192006116,1,8.0690048635005951,8.0991,7.58656,1.7732,16387,0.001024,3.103744,,0.040448,0.150528,0,0.131328,0.007936,0.0097279999999999988,,0.005376,,1.747968,20767,17905,628,10.480886400000145
20768,378.90775750425166,278192087107,1,7.5715985149145126,7.8343,8.052224,1.7942,15899,0.001024,3.2430079999999997,,0.042496,0.159488,0,0.140544,0.003328,0.011264,,0.005376,,2.13376,20768,17906,628,10.488714600000094
20769,378.9161196003401,278192165450,1,8.3620958030223846,7.592,7.554048,1.8644,16387,0.001024,3.186432,,0.040448,0.152832,0,0.134656,0.004096,0.021759999999999998,,0.004608,,2.054912,20769,17907,628,10.496875600000294
20770,378.9239113024376,278192241370,1,7.7917021699249744,8.1276,8.34304,2.0001,15899,0.001024,3.2962559999999996,,0.03968,0.158464,0,0.137728,0.0076799999999999993,0.010239999999999999,,0.005376,,1.74976,20770,17908,628,10.504634900000383
20771,378.93190099914966,278192322646,1,7.9896971583366394,7.7796,7.763968,1.9948,16387,0.001024,3.2399359999999997,,0.039168,0.16,0,0.141568,0.010752,0.010239999999999999,,0.005376,,2.07872,20771,17909,628,10.512605500000063
20772,378.93958300028345,278192400442,1,7.68200121819973,8.114,7.976192,1.8327,15899,0.001024,3.2319999999999998,,0.036608,0.152832,0,0.133376,0.003328,0.0097279999999999988,,0.004608,,1.961984,20772,17910,628,10.520380100000239
20773,378.94755980017004,278192481582,1,7.9768002033233643,7.8117,7.65184,1.789,16439,0.001024,3.092224,,0.035072,0.17407999999999998,0.000256,0.155392,0.008192,0.008704,,0.0048639999999999994,,2.097664,20773,17911,628,10.528330600000118
20774,378.95574340277778,278192559699,1,8.18360224366188,7.9969,7.96928,1.963,15899,0.001024,3.22944,,0.040704,0.152576,0,0.13312,0.003328,0.0097279999999999988,,0.003584,,1.9294719999999999,20774,17912,628,10.536311000000296
20775,378.96391210317461,278192639668,1,8.1687001511454582,7.7487,8.151552,1.7851,16387,0.0012799999999999999,3.199744,,0.042752,0.16358399999999998,0,0.13952,0.0076799999999999993,0.0097279999999999988,,0.004352,,2.055936,20775,17913,628,10.544702600000164
20776,378.97186180555553,278192717155,1,7.9497024416923523,7.9968,8.151552,1.7993,15899,0.001024,3.231744,,0.039424,0.158464,0,0.140032,0.006656,0.009984,,0.004096,,2.4166399999999997,20776,17914,628,10.552664200000436
20777,378.98006000566892,278192797123,1,8.1981997936964035,7.9605,7.93856,1.7235,51529,0.001024,3.177216,,0.042496,0.165632,0,0.14079999999999998,0.007936,0.009472,,0.0051199999999999996,,1.7505279999999999,20777,17915,628,10.560790600000018
20778,378.988058404195,278192876728,1,7.9983985051512718,8.2842,8.182272,1.8305,46064,0.001024,3.1933439999999997,,0.040448,0.15334399999999998,0,0.13414399999999999,0.007424,0.010239999999999999,,0.0051199999999999996,,2.09792,20778,17916,628,10.568730800000139
20779,378.99589440192744,278192959570,1,7.8359972685575485,7.9824,7.977728,1.9189,16589,0.0012799999999999999,3.3024,,0.041471999999999995,0.15462399999999998,0.000256,0.132352,0.0076799999999999993,0.010239999999999999,,0.005888,,1.936896,20779,17917,628,10.576795900000434
20780,379.00379389880953,278193039394,1,7.8994967043399811,8.1262,7.816448,1.7862,16094,0.001024,3.170816,,0.041471999999999995,0.15564799999999998,0.000256,0.135424,0.007424,0.009472,,0.005632,,2.102016,20780,17918,628,10.584546100000352
20781,379.01180009920631,278193120656,1,8.0062001943588257,8.0114,7.880448,1.8433,16387,0.001024,3.23712,,0.041471999999999995,0.153088,0,0.132352,0.003328,0.009472,,0.0038399999999999997,,1.748224,20781,17919,628,10.592387200000303
20782,379.01981789965987,278193200770,1,8.0178007483482361,8.085,7.986944,1.7593,15899,0.001024,3.2834559999999997,,0.036608,0.15334399999999998,0,0.134912,0.007424,0.009984,,0.004352,,2.0157439999999998,20782,17920,628,10.600744900000336
20783,379.02740580357141,278193281620,1,7.58790411055088,7.7339,7.997952,1.7924,16387,0.001024,3.177472,,0.039936,0.158208,0,0.13824,0.008192,0.009472,,0.005888,,2.235648,20783,17921,628,10.608013400000345
20784,379.03545170068026,278193358959,1,8.0458968877792358,7.8697,7.567872,1.9836,15899,0.001024,3.1964159999999997,,0.040959999999999996,0.155136,0.000256,0.134912,0.007424,0.010239999999999999,,0.004352,,1.9264,20784,17922,628,10.616565400000127
20785,379.0432955994898,278193437656,1,7.8438986092805862,8.2687,8.014592,1.7984,16387,0.001024,3.275776,,0.040959999999999996,0.158464,0,0.13849599999999998,0.0076799999999999993,0.010752,,0.005376,,1.939968,20785,17923,628,10.624126400000023
20786,379.05148590561225,278193520343,1,8.1903059035539627,7.3418,7.826688,1.8361,33470,0.001024,3.17696,,0.036864,0.156672,0,0.13644799999999999,0.0063999999999999994,0,,0.031487999999999995,,1.913856,20786,17924,628,10.632700600000135
20787,379.05934580498865,278193593761,1,7.8598996624350548,8.516,8.180224,1.7056,30772,0.001024,3.292928,,0.03584,0.15564799999999998,0,0.13568,0.0076799999999999993,0.009984,,0.003584,,2.414848,20787,17925,628,10.640181100000063
20788,379.067322803288,278193678921,1,7.9769985750317574,7.5526,7.846656,2.2341,15899,0.001024,3.099392,,0.039424,0.156672,0,0.136192,0.00896,0,,0.022528,,1.747968,20788,17926,628,10.648064299999987
20789,379.07533180272105,278193754447,1,8.00899975001812,8.4342,7.942656,1.8491,16387,0.001024,3.1831039999999997,,0.037888,0.153088,0,0.13286399999999998,0.0076799999999999993,0.041984,,0.005376,,2.0925439999999997,20789,17927,628,10.656061399999999
20790,379.08316560374146,278193838789,1,7.8338012099266052,7.6182,7.98976,1.746,15899,0.001024,3.2919039999999997,,0.045568,0.15692799999999998,0,0.13747199999999998,0.007936,0.009472,,0.005632,,1.9276799999999998,20790,17928,628,10.664157800000339
20791,379.09079000141719,278193914971,1,7.6243975199759007,7.9118,7.807488,1.7286,16589,0.001024,3.2883199999999997,,0.037376,0.15488,0,0.13568,0.0048639999999999994,0.0097279999999999988,,0.0048639999999999994,,1.940736,20791,17929,628,10.671973700000308
20792,379.09880130385488,278193994089,1,8.01130197942257,8.0407,7.617792,1.9605,33470,0.001024,3.0960639999999997,,0.034816,0.160512,0.000256,0.14207999999999998,0.0076799999999999993,0.009984,,0.0038399999999999997,,2.104832,20792,17930,628,10.679761300000337
20793,379.10676290391154,278194074496,1,7.961600087583065,8.0384,7.980288,1.9536,30772,0.001024,3.095552,,0.041728,0.16896,0,0.14899199999999999,0.009216,0.009472,,0.004096,,2.045184,20793,17931,628,10.688690400000269
20794,379.11484780328794,278194154880,1,8.0848997458815575,7.8122,7.940352,1.8017,15899,0.001024,3.230976,,0.039168,0.152576,0.000256,0.13312,0.007936,0.0097279999999999988,,0.0038399999999999997,,2.055424,20794,17932,628,10.711484600000404
20795,379.1337931051587,278194233002,1,18.945300951600075,7.7235,8.07168,1.8421,48343,0.001024,3.230976,,0.039168,0.152576,0.000256,0.13312,0.007936,0.0097279999999999988,,0.0038399999999999997,,2.055424,20795,17933,628,10.714486800000032
20796,379.13678900226756,278194310237,1,2.9958970844745636,8.471,7.811584,1.7775,15899,0.001024,3.181568,,0.03968,0.152832,0.000256,0.13414399999999999,0.0076799999999999993,0.0097279999999999988,,0.003584,,2.056192,20796,17934,628,10.717362600000342
20797,379.14472380243762,278194394947,1,7.93480034917593,7.4301,8.043776,1.7798,15899,0.001024,3.26912,,0.038911999999999995,0.166656,0.000256,0.1472,0.0038399999999999997,0.010752,,0.0048639999999999994,,1.747712,20797,17935,628,10.725353200000427
20798,379.1524713010204,278194469248,1,7.747498806566,18.9297,7.133184,1.7997,16439,0.001024,3.09888,,0.033535999999999996,0.161024,0,0.142336,0.0076799999999999993,0.0097279999999999988,,0.0051199999999999996,,1.9430399999999999,20798,17936,628,10.733183300000292
20799,379.16086480300453,278194658545,1,8.3935018628835678,2.9021,7.723008,1.6881,152252,0.001024,3.28576,,0.040192,0.176896,0,0.137728,0.004096,0.009472,,0.005888,,2.109184,20799,17937,628,10.74248340000031
20800,379.16865430130383,278194687566,1,7.7894981950521469,7.9232,8.378368,1.7147,125721,0.001024,3.23072,,0.039424,0.15744,0,0.137728,0.007168,0.011007999999999999,,0.0048639999999999994,,2.028288,20800,17938,628,10.749319500000183
20801,379.17673610402494,278194766798,1,8.081803098320961,7.8756,7.76448,1.8737,68612,0.0012799999999999999,3.291136,,0.03584,0.152064,0,0.13312,0.0076799999999999993,0.011007999999999999,,0.002048,,1.9494399999999998,20801,17939,628,10.757878800000071
20802,379.18500719954648,278194845554,1,8.2710953429341316,9.0545,8.063232,2.485,62066,0.001024,3.27424,,0.042752,0.15231999999999998,0,0.13312,0.0076799999999999993,0.012288,,0.0025599999999999998,,1.943808,20802,17940,628,10.766007500000342
20803,379.19291709892286,278194936099,1,7.909899577498436,7.0619,8.242688,2.148,16246,0.001024,3.23968,,0.035328,0.15462399999999998,0,0.13568,0.007936,0.009984,,0.003584,,2.090496,20803,17941,628,10.773877300000095
20804,379.20091460459184,278195006718,1,7.9975053668022156,8.4441,7.891712,1.8712,16387,0.001024,3.098112,,0.040192,0.15692799999999998,0,0.136704,0.004608,0.002304,,0.012799999999999999,,1.7469439999999998,20804,17942,628,10.781534800000372
20805,379.20904289965983,278195091159,1,8.1282947212457657,8.2405,7.982592,1.8163,15899,0.001024,3.2350719999999997,,0.03712,0.153856,0,0.13516799999999998,0.008704,0.009216,,0.006144,,2.056448,20805,17943,628,10.7898452000004
20806,379.21700340136056,278195173564,1,7.9605020582675934,7.8618,8.099072,1.8472,22171,0.001024,3.2972799999999998,,0.039424,0.157184,0.000256,0.137216,0.0076799999999999993,0.010752,,0.004608,,1.7469439999999998,20806,17944,628,10.797738100000061
20807,379.2246705994898,278195252182,1,7.6671983115375042,7.7034,7.940864,1.8571,15899,0.0012799999999999999,3.297536,,0.03968,0.147456,0,0.128768,0.0076799999999999993,0.009984,,0.003584,,2.0339199999999997,20807,17945,628,10.805410300000403
20808,379.23246590136051,278195329216,1,7.7953017316758633,8.2125,7.648512,1.8089,22316,0.001024,3.187456,,0.03584,0.157696,0.000256,0.13952,0.008704,0.0097279999999999988,,0.005632,,2.045184,20808,17946,628,10.813050500000372
20809,379.24045830498864,278195411341,1,7.992403581738472,7.9453,7.783936,1.7264,15899,0.0012799999999999999,3.2319999999999998,,0.039424,0.15462399999999998,0,0.136192,0.0076799999999999993,0.009984,,0.004096,,1.957376,20809,17947,628,10.821193700000094
20810,379.24821660289115,278195490794,1,7.7582979574799538,7.6744,7.963648,1.7824,16387,0.001024,3.27168,,0.038144,0.15462399999999998,0,0.133888,0.007936,0.0097279999999999988,,0.003584,,2.036736,20810,17948,628,10.82902920000015
20811,379.25619320436505,278195567538,1,7.9766018316149712,7.6768,7.736576,2.0009,66090,0.001024,3.10528,,0.041728,0.158208,0,0.138752,0.006144,0.009472,,0.004608,,1.74592,20811,17949,628,10.8368588000003
20812,379.26392890447846,278195644306,1,7.7356998808681965,8.0936,7.955968,1.8093,16387,0.001024,3.178752,,0.03968,0.16,0,0.141056,0.007936,0.0097279999999999988,,0.004352,,2.080256,20812,17950,628,10.844625400000041
20813,379.27156609977322,278195725242,1,7.6371952891349792,7.8751,7.725056,1.8488,29205,0.001024,3.289344,,0.039424,0.16255999999999998,0.000256,0.144128,0.007424,0.009984,,0.0038399999999999997,,1.963264,20813,17951,628,10.852312299999994
20814,379.2793580994898,278195803993,1,7.7919997274875641,7.8128,7.617536,1.8943,16387,0.001024,3.0960639999999997,,0.041215999999999996,0.1536,0,0.132608,0.0076799999999999993,0.009984,,0.003584,,1.923328,20814,17952,628,10.860303900000417
20815,379.28738640164397,278195882121,1,8.0283023416996,7.7456,7.757568,1.7578,33470,0.001024,3.297792,,0.03712,0.15103999999999998,0,0.132352,0.004608,0.009984,,0.0048639999999999994,,1.746688,20815,17953,628,10.868273300000055
20816,379.29526510062357,278195959577,1,7.8786993399262428,7.7111,8.011264,1.8797,31119,0.001024,3.241472,,0.038655999999999996,0.17792,0,0.13516799999999998,0.0076799999999999993,0.0097279999999999988,,0.004096,,1.952,20816,17954,628,10.876319700000295
20817,379.30318839994328,278196036688,1,7.9232994467020035,7.9971,7.871744,1.7984,21749,0.001024,3.273984,,0.038911999999999995,0.164352,0.000256,0.131072,0.0076799999999999993,0.009984,,0.003584,,2.0925439999999997,20817,17955,628,10.884054600000127
20818,379.31108939909296,278196116659,1,7.9009989276528358,7.8534,7.898624,1.8362,16582,0.0012799999999999999,3.2714239999999997,,0.03968,0.160512,0,0.14079999999999998,0.0048639999999999994,0.0097279999999999988,,0.004096,,1.7471999999999999,20818,17956,628,10.891690900000413
20819,379.31863510487528,278196195193,1,7.5457058846950531,8.0194,7.885568,1.75,15899,0.001024,3.180544,,0.039424,0.17740799999999998,0,0.137216,0.007936,0.009472,,0.0038399999999999997,,2.028288,20819,17957,628,10.899272500000279
20820,379.3266857993197,278196275387,1,8.05069413036108,7.7955,7.514624,1.8052,16387,0.001024,3.0965759999999998,,0.039424,0.16947199999999998,0,0.1472,0.0076799999999999993,0.0097279999999999988,,0.004608,,2.0103679999999997,20820,17958,628,10.907399300000179
20821,379.33480099914965,278196353342,1,8.1151993945240974,7.7301,8.045824,1.9047,15899,0.001024,3.269376,,0.040192,0.156672,0,0.13747199999999998,0.003584,0.010239999999999999,,0.0048639999999999994,,2.053632,20821,17959,628,10.915455900000325
20822,379.34256010487525,278196430643,1,7.7591058798134327,7.561,7.796736,1.8047,16387,0.001024,3.2780799999999997,,0.0384,0.155136,0.000256,0.13696,0.007168,0.009984,,0.004096,,2.09536,20822,17960,628,10.923231600000236
20823,379.35057230017003,278196506253,1,8.0121951177716255,8.1259,7.745792,1.8182,15899,0.001024,3.1866879999999997,,0.036864,0.152064,0,0.132608,0.007424,0.009472,,0.005376,,1.7469439999999998,20823,17961,628,10.931398600000193
20824,379.35834850481859,278196587512,1,7.7762044966220856,8.0502,7.986688,1.7557,16439,0.001024,3.177216,,0.037632,0.154112,0.000256,0.13568,0.003328,0.010239999999999999,,0.004352,,2.35264,20824,17962,628,10.939210000000003
20825,379.3662213010204,278196668014,1,7.87279661744833,7.7904,7.754496,1.7318,22533,0.001024,3.286784,,0.043519999999999996,0.157696,0.000256,0.136704,0.006144,0.009472,,0.0048639999999999994,,1.94688,20825,17963,628,10.947100500000033
20826,379.37414900085031,278196745918,1,7.9276999458670616,8.0634,7.860736,1.7632,16387,0.0012799999999999999,3.171328,,0.040959999999999996,0.15334399999999998,0.000256,0.133888,0.008192,0.009472,,0.004352,,1.9246079999999999,20826,17964,628,10.954837100000077
20827,379.38215340136054,278196826552,1,8.0044008791446686,7.6582,7.899392,1.9555,15899,0.001024,3.177472,,0.036095999999999996,0.163072,0.005376,0.143872,0.003328,0.003328,,0.0048639999999999994,,2.08512,20827,17965,628,10.962817900000118
20828,379.38993020124713,278196903134,1,7.7768000774085522,8.137,7.990528,1.814,16734,0.001024,3.2931839999999997,,0.039424,0.158976,0,0.13824,0.0076799999999999993,0.009984,,0.004352,,1.9397119999999999,20828,17966,628,10.971055299999989
20829,379.39805130385486,278196984504,1,8.121103048324585,7.7467,7.750656,1.8468,15899,0.001024,3.1764479999999997,,0.038911999999999995,0.162048,0,0.13747199999999998,0.010752,0.009984,,0.003584,,2.091264,20829,17967,628,10.978969100000086
20830,379.40592640306119,278197061971,1,7.8750988468527794,7.9694,8.096256,2.2408,16387,0.001024,3.2967679999999997,,0.043008,0.15334399999999998,0.000256,0.131072,0.007936,0.0097279999999999988,,0.004352,,1.7471999999999999,20830,17968,628,10.986567700000251
20831,379.41353330498862,278197141665,1,7.6069021597504616,8.1527,7.85792,1.9725,15899,0.001024,3.2043519999999996,,0.035072,0.172288,0,0.153856,0.007936,0.009216,,0.0048639999999999994,,2.021632,20831,17969,628,10.9941716000003
20832,379.42180210459185,278197223192,1,8.2687996327877045,8.0049,7.58784,1.7079,16387,0.001024,3.095296,,0.041215999999999996,0.175872,0.000256,0.134912,0.0076799999999999993,0.010496,,0.003584,,1.9136,20832,17970,628,11.002473900000041
20833,379.42965009920636,278197303241,1,7.8479945659637451,7.6086,8.256768,1.8031,15899,0.001024,3.2931839999999997,,0.039168,0.162304,0.000256,0.143616,0.007424,0.010239999999999999,,0.003584,,2.0823039999999997,20833,17971,628,11.010280200000125
20834,379.43759060374146,278197379327,1,7.94050469994545,7.5929,7.819264,1.7842,16387,0.001024,3.245056,,0.038144,0.16255999999999998,0.000256,0.144128,0.0076799999999999993,0.0097279999999999988,,0.0038399999999999997,,2.087424,20834,17972,628,11.01842250000027
20835,379.44549580498864,278197455256,1,7.9052010551095009,8.3296,7.931904,1.7787,15899,0.0012799999999999999,3.237376,,0.040448,0.161024,0.000256,0.141568,0.0076799999999999993,0.010496,,0.004352,,1.949952,20835,17973,628,11.026188000000275
20836,379.45328110119044,278197538552,1,7.7852960675954819,7.7629,7.8778879999999996,1.8275,16387,0.0012799999999999999,3.269376,,0.043775999999999995,0.15462399999999998,0.000256,0.1344,0.003328,0.009984,,0.004096,,2.097664,20836,17974,628,11.033956500000386
20837,379.46100580357142,278197616181,1,7.72470235824585,8.1633,7.764224,1.8721,15899,0.001024,3.1782399999999997,,0.039424,0.158464,0,0.13977599999999998,0.0076799999999999993,0.009472,,0.005376,,1.747712,20837,17975,628,11.041731100000106
20838,379.46870530045351,278197697814,1,7.6994970440864563,7.7408,7.699712,1.8171,16582,0.001024,3.1782399999999997,,0.041471999999999995,0.157696,0,0.13747199999999998,0.007936,0.009472,,0.004352,,1.9343359999999998,20838,17976,628,11.049551600000086
20839,379.47675279903626,278197775222,1,8.0474987626075745,7.8162,7.691776,1.8135,15899,0.001024,3.17696,,0.039424,0.14976,0,0.13183999999999998,0.007424,0.009472,,0.004608,,2.016,20839,17977,628,11.057470300000205
20840,379.48476519982989,278197853384,1,8.0124009400606155,7.7302,8.024832,1.8222,16387,0.001024,3.291648,,0.038144,0.157184,0.000256,0.13747199999999998,0.0076799999999999993,0.009472,,0.0051199999999999996,,1.953792,20840,17978,628,11.065643900000396
20841,379.49277750141721,278197930686,1,8.0123012885451317,7.82,7.992576,1.8961,16101,0.0012799999999999999,3.176704,,0.041984,0.156416,0,0.133376,0.0076799999999999993,0.0097279999999999988,,0.003584,,2.1964799999999998,20841,17979,628,11.073582700000316
20842,379.50096360544217,278198008886,1,8.1861037760972977,7.9244,8.001024,1.8073,16387,0.0012799999999999999,3.2954879999999998,,0.040704,0.152064,0,0.13183999999999998,0.007424,0.010239999999999999,,0.005376,,1.7451519999999998,20842,17980,628,11.081793700000162
20843,379.50883139880949,278198088130,1,7.8677935525774956,8.1619,8.163584,1.7697,15899,0.001024,3.1897599999999997,,0.034816,0.17792,0,0.15923199999999998,0.010752,0.009984,,0.004096,,2.4890879999999997,20843,17981,628,11.089819600000283
20844,379.51698440334468,278198169749,1,8.1530045717954636,7.9139,7.851008,1.8892,16387,0.001024,3.29088,,0.03968,0.15334399999999998,0,0.13286399999999998,0.008704,0.009984,,0.005632,,1.943552,20844,17982,628,11.097804200000155
20845,379.52516370464849,278198248888,1,8.1793013960123062,8.2169,8.113664,1.8124,15899,0.0012799999999999999,3.2913919999999997,,0.046335999999999995,0.15564799999999998,0.000256,0.136192,0.012544,0.009984,,0.0051199999999999996,,1.937408,20845,17983,628,11.105892500000209
20846,379.53340490362808,278198331057,1,8.2411989569664,8.027,8.152832,1.9929,16387,0.001024,3.186432,,0.036608,0.15231999999999998,0,0.132096,0.003072,0.010496,,0.0048639999999999994,,1.9092479999999998,20846,17984,628,11.114105900000141
20847,379.54166270549882,278198411327,1,8.25780164450407,8.0144,8.238336,1.8407,15899,0.0012799999999999999,3.288064,,0.040959999999999996,0.158464,0,0.13849599999999998,0.003584,0.0097279999999999988,,0.004096,,2.093568,20847,17985,628,11.122469400000227
20848,379.54997509920634,278198491471,1,8.31239391118288,8.0842,8.194304,1.8974,16387,0.001024,3.1902719999999998,,0.045568,0.155392,0.000256,0.134912,0.007424,0.009216,,0.005376,,2.2062079999999997,20848,17986,628,11.130700800000341
20849,379.55767610544217,278198572313,1,7.7010062523186207,8.1968,8.33792,1.8995,15899,0.001024,3.09888,,0.045056,0.161024,0,0.141312,0.007424,0.009984,,0.004608,,2.320128,20849,17987,628,11.13864330000024
20850,379.56587890447844,278198654281,1,8.2027986645698547,8.3776,7.674624,1.7155,16439,0.001024,3.2888319999999998,,0.034816,0.155904,0,0.137216,0.0076799999999999993,0.009984,,0.005376,,2.098688,20850,17988,628,11.14697840000008
20851,379.57393100198414,278198738057,1,8.0520976334810257,8.2743,8.192768,2.0007,15899,0.001024,3.1879679999999997,,0.041471999999999995,0.15231999999999998,0,0.132608,0.007424,0.00896,,0.004608,,1.7720319999999998,20851,17989,628,11.154895300000135
20852,379.58298190192744,278198820800,1,9.0509001165628433,7.8347,8.02816,1.9298,16387,0.0012799999999999999,3.1032319999999998,,0.035072,0.155136,0,0.13644799999999999,0.003072,0.010239999999999999,,0.0051199999999999996,,2.1578239999999997,20852,17990,628,11.163941300000261
20853,379.59112890447847,278198899147,1,8.1470021978020668,8.2762,9.032448,1.9104,16101,0.001024,3.209472,,0.03584,0.164096,0,0.144896,0.0076799999999999993,0.013312,,0.004096,,1.9358719999999998,20853,17991,628,11.171989100000246
20854,379.59944090136054,278198981909,1,8.3119971677660942,7.902,8.116736,1.8821,16387,0.0012799999999999999,3.180288,,0.041984,0.15564799999999998,0.000256,0.13644799999999999,0.0084479999999999989,0.009472,,0.0038399999999999997,,2.029824,20854,17992,628,11.180538600000091
20855,379.60768500566894,278199060929,1,8.2441046833992,9.1771,8.297984,2.0417,15899,0.001024,3.101952,,0.039424,0.16358399999999998,0.000256,0.14464,0.007936,0.009472,,0.005376,,2.2079999999999997,20855,17993,628,11.188864000000194
20856,379.61628210034013,278199152700,1,8.5970945656299591,7.9804,8.220928,1.9062,16387,0.001024,3.29216,,0.040448,0.15488,0.000256,0.13516799999999998,0.0076799999999999993,0.0097279999999999988,,0.005376,,2.028032,20856,17994,628,11.197404500000175
20857,379.62433510487529,278199232504,1,8.0530047416687012,8.5803,8.576,1.9558,16094,0.001024,3.275264,,0.03968,0.154112,0,0.13568,0.0076799999999999993,0.010752,,0.004352,,1.974016,20857,17995,628,11.205301899999995
20858,379.63275040391153,278199318307,1,8.4152994677424431,8.1615,8.041728,2.1915,16387,0.001024,3.0991359999999997,,0.038911999999999995,0.154368,0,0.13286399999999998,0.003072,0.009472,,0.003584,,2.107392,20858,17996,628,11.21366850000004
20859,379.64094230442174,278199399922,1,8.1919003278017044,8.6205,8.401664,1.9146,15899,0.001024,3.177984,,0.043264,0.152064,0,0.132608,0.007424,0.009472,,0.0051199999999999996,,1.9494399999999998,20859,17997,628,11.221943400000328
20860,379.64932430555552,278199486127,1,8.3820009604096413,7.974,8.160768,2.062,16387,0.001024,3.1933439999999997,,0.040704,0.158976,0,0.136704,0.0076799999999999993,0.010239999999999999,,0.0048639999999999994,,2.054912,20860,17998,628,11.230262300000049
20861,379.65782550311792,278199565867,1,8.5011972114443779,8.398,8.363008,1.9027,15899,0.001024,3.195648,,0.037632,0.15564799999999998,0,0.135936,0.007424,0.009984,,0.005376,,1.7469439999999998,20861,17999,628,11.238825500000075
20862,379.66616050170069,278199649847,1,8.3349989727139473,8.2111,8.480512,1.9335,16387,0.001024,3.17184,,0.038911999999999995,0.15334399999999998,0,0.13414399999999999,0.0076799999999999993,0.0097279999999999988,,0.004608,,1.9125759999999998,20862,18000,628,11.247164200000043
20863,379.674622002551,278199731958,1,8.4615005180239677,8.3889,8.318464,2.1215,15899,0.0012799999999999999,3.2919039999999997,,0.039168,0.15795199999999998,0.000256,0.13312,0.005632,0.0097279999999999988,,0.005376,,2.193408,20863,18001,628,11.255548200000248
20864,379.68265420209747,278199815847,1,8.032199926674366,8.5077,8.24704,1.9381,16387,0.001024,3.1910399999999997,,0.034816,0.154112,0,0.13516799999999998,0.004352,0.010752,,0.004352,,2.092032,20864,18002,628,11.263567300000432
20865,379.69101030328795,278199900924,1,8.3561008796095848,8.3842,8.001536,1.9301,16101,0.001024,3.2399359999999997,,0.044031999999999995,0.158976,0,0.136192,0.0038399999999999997,0.009984,,0.005632,,1.9545599999999999,20865,18003,628,11.271857300000192
20866,379.69928800311789,278199984766,1,8.2777002826333046,8.3447,8.340224,2.0212,16387,0.001024,3.2832,,0.039936,0.158464,0,0.13849599999999998,0.0076799999999999993,0.010239999999999999,,0.0048639999999999994,,2.1076479999999997,20866,18004,628,11.279987000000347
20867,379.7070753047052,278200068213,1,7.7873016707599163,8.0625,8.251648,1.8923,21683,0.001024,3.186432,,0.040192,0.151808,0,0.131584,0.007936,0.0097279999999999988,,0.003584,,2.153216,20867,18005,628,11.287914200000159
20868,379.71527980442175,278200148838,1,8.2044992595911026,8.2878,7.76704,2.0173,16387,0.001024,3.236096,,0.039168,0.152576,0,0.133888,0.0076799999999999993,0.008704,,0.0048639999999999994,,2.0321279999999997,20868,18006,628,11.29673750000029
20869,379.72350359977321,278200231716,1,8.22379533201456,8.1786,8.196608,1.8596,15899,0.0012799999999999999,3.1946239999999997,,0.036095999999999996,0.151552,0,0.132096,0.0076799999999999993,0.009984,,0.004352,,1.96224,20869,18007,628,11.30454490000011
20870,379.73224739937638,278200313502,1,8.7437992915511131,7.8956,8.187136,2.0855,16387,0.001024,3.214848,,0.038655999999999996,0.155392,0,0.135936,0.004608,0.0097279999999999988,,0.0038399999999999997,,2.0756479999999997,20870,18008,628,11.313379700000041
20871,379.7402036989796,278200392458,1,7.9562999308109283,8.7607,8.726272,2.1557,15899,0.183808,3.2319999999999998,,0.040704,0.155392,0.000256,0.135936,0.007936,0.011007999999999999,,0.004096,,1.95328,20871,18009,628,11.321004600000379
20872,379.74897069869616,278200480065,1,8.76699946820736,7.7654,7.954432,1.8992,16387,0.001024,3.197952,,0.0384,0.153856,0,0.133888,0.003328,0.010752,,0.0051199999999999996,,2.061824,20872,18010,628,11.32970400000022
20873,379.75681609977323,278200557719,1,7.845400832593441,8.8835,8.736256,1.8951,15899,0.001024,3.1933439999999997,,0.035328,0.154368,0,0.133888,0.0076799999999999993,0.010239999999999999,,0.005376,,2.186752,20873,18011,628,11.337613500000316
20874,379.76503070436507,278200646554,1,8.2146050408482552,7.6701,7.82208,1.9398,16387,0.001024,3.237376,,0.039168,0.15923199999999998,0,0.13952,0.008704,0.009472,,0.0051199999999999996,,2.031872,20874,18012,628,11.345829900000354
20875,379.77345819869612,278200723255,1,8.4274942055344582,8.74,8.197376,1.7886,15951,0.17177599999999998,3.2785919999999997,,0.039168,0.15462399999999998,0.000256,0.133376,0.003328,0.009216,,0.004608,,1.9491839999999998,20875,18013,628,11.354195700000218
20876,379.78170160147391,278200810655,1,8.24340246617794,7.872,8.411904,1.898,16582,0.001024,3.195648,,0.040704,0.15564799999999998,0.000256,0.136192,0.005376,0.009472,,0.005376,,2.104576,20876,18014,628,11.36280190000025
20877,379.78956470379819,278200889375,1,7.8631024807691574,8.2404,8.22912,1.7905,15899,0.0012799999999999999,3.2384,,0.040704,0.158976,0.000256,0.138752,0.007424,0.011519999999999999,,0.005632,,1.9560959999999998,20877,18015,628,11.370219600000382
20878,379.79754040532879,278200971779,1,7.975701242685318,8.34,7.848448,1.9961,16734,0.001024,3.233536,,0.038911999999999995,0.155904,0.000256,0.13644799999999999,0.0076799999999999993,0.011007999999999999,,0.005376,,2.0943359999999998,20878,18016,628,11.378184300000157
20879,379.80562700538547,278201055179,1,8.0866003409028053,8.6595,7.949568,1.8794,15899,0.001024,3.288576,,0.039168,0.15795199999999998,0,0.13849599999999998,0.007168,0.009472,,0.005376,,1.9343359999999998,20879,18017,628,11.3862522000004
20880,379.81327949971654,278201141774,1,7.6524941250681877,7.3682,8.073984,1.8418,16387,0.001024,3.2363519999999997,,0.041984,0.16025599999999998,0,0.140032,0.007424,0.010496,,0.004608,,1.747968,20880,18018,628,11.393957300000238
20881,379.82130220379815,278201215456,1,8.0227041617035866,8.0187,7.623936,1.8265,15899,0.001024,3.17312,,0.035584,0.15616,0,0.136704,0.003328,0.010239999999999999,,0.0048639999999999994,,2.047488,20881,18019,628,11.401933700000427
20882,379.82903020124718,278201295643,1,7.7279973775148392,8.0307,7.986944,1.7691,16387,0.001024,3.243264,,0.039424,0.15616,0,0.13568,0.0076799999999999993,0.010496,,0.005376,,1.923584,20882,18020,628,11.409895100000085
20883,379.83717720379815,278201375950,1,8.1470021978020668,7.7415,7.721216,1.7758,15899,0.0012799999999999999,3.2386559999999998,,0.039168,0.15129599999999999,0.000256,0.13312,0.0076799999999999993,0.0097279999999999988,,0.005376,,2.055424,20883,18021,628,11.417996399999993
20884,379.84514820011339,278201453365,1,7.9709962010383606,7.9478,8.128256,1.8163,16387,0.001024,3.2337919999999998,,0.03968,0.150784,0,0.131328,0.007424,0.009472,,0.0038399999999999997,,2.083328,20884,18022,628,11.42607420000013
20885,379.85315240221087,278201532843,1,8.0042025074362755,7.9663,7.952128,1.7437,15899,0.001024,3.3016319999999997,,0.040448,0.156416,0.000256,0.13644799999999999,0.011519999999999999,0.0097279999999999988,,0.0038399999999999997,,1.95072,20885,18023,628,11.433950600000117
20886,379.861370904195,278201612506,1,8.2185016945004463,8.0869,7.979008,1.9184,16387,0.001024,3.2913919999999997,,0.043264,0.15564799999999998,0,0.136192,0.006656,0.0097279999999999988,,0.004352,,1.9548159999999999,20886,18024,628,11.442311600000266
20887,379.86897190334463,278201693375,1,7.6009989716112614,8.0596,8.151552,1.8318,22533,0.001024,3.2368639999999997,,0.03712,0.150528,0,0.131328,0.007424,0.009472,,0.004352,,2.075392,20887,18025,628,11.449823100000231
20888,379.87737650226757,278201773971,1,8.4045985713601112,7.9095,7.640064,1.7394,16387,0.001024,3.273984,,0.039424,0.157696,0,0.140032,0.007424,0.009984,,0.003584,,1.967104,20888,18026,628,11.457974600000398
20889,379.885320103458,278201853066,1,7.9436013475060463,8.0845,8.118272,1.8973,15899,0.001024,3.2732159999999997,,0.037376,0.152576,0,0.13286399999999998,0.011776,0.009984,,0.0051199999999999996,,2.239744,20889,18027,628,11.465936000000056
20890,379.89327059948977,278201933911,1,7.9504959285259247,7.7874,7.726848,1.8202,16589,0.001024,3.098112,,0.038911999999999995,0.165376,0,0.14668799999999999,0.0038399999999999997,0.0097279999999999988,,0.005632,,2.221824,20890,18028,628,11.473880300000019
20891,379.90123579931969,278202011785,1,7.9651996493339539,8.1676,7.932672,1.8323,15899,0.001024,3.235328,,0.040959999999999996,0.15872,0.000256,0.13952,0.010752,0.010239999999999999,,0.0048639999999999994,,1.9358719999999998,20891,18029,628,11.481860700000198
20892,379.90915629960318,278202093461,1,7.9204998910427094,7.9345,7.932672,1.7052,16387,0.001024,3.2732159999999997,,0.041215999999999996,0.160512,0,0.14079999999999998,0.0076799999999999993,0.009472,,0.005632,,2.132736,20892,18030,628,11.489895400000023
20893,379.9168442035147,278202172806,1,7.6879039406776428,7.9809,7.915264,1.7538,15899,0.001024,3.2319999999999998,,0.039936,0.15616,0,0.136192,0.0076799999999999993,0.010239999999999999,,0.003584,,1.9225599999999998,20893,18031,628,11.497503700000379
20894,379.92462430555554,278202252615,1,7.7801020815968513,7.9386,7.664384,1.7048,16387,0.001024,3.1866879999999997,,0.039168,0.15564799999999998,0.000256,0.136192,0.004096,0.009984,,0.004352,,1.929984,20894,18032,628,11.505209500000092
20895,379.93222970521538,278202332001,1,7.6053994707763195,8.0444,7.758336,1.7881,16094,0.001024,3.277312,,0.040192,0.16255999999999998,0,0.143872,0.007424,0.009984,,0.003328,,2.0774399999999997,20895,18033,628,11.512847500000134
20896,379.94032069869615,278202412445,1,8.0909933894872665,7.6037,7.592448,1.7673,16387,0.001024,3.181056,,0.039424,0.160768,0,0.142848,0.0076799999999999993,0.010239999999999999,,0.0051199999999999996,,1.9358719999999998,20896,18034,628,11.521035000000211
20897,379.94816169926304,278202488482,1,7.8410003334283829,7.742,8.057856,1.7835,15899,0.001024,3.235584,,0.038911999999999995,0.152832,0,0.133376,0.0076799999999999993,0.010239999999999999,,0.004096,,2.029568,20897,18035,628,11.529153700000279
20898,379.95631120323128,278202565902,1,8.149503730237484,7.6151,7.810816,1.8945,16387,0.001024,3.280896,,0.039936,0.152832,0.000256,0.133376,0.0076799999999999993,0.009472,,0.004096,,1.93536,20898,18036,628,11.536925600000359
20899,379.9643795989229,278202642053,1,8.0683957785367966,8.1909,8.13952,1.763,15899,0.001024,3.176192,,0.03584,0.16358399999999998,0,0.14207999999999998,0.007936,0.009984,,0.0038399999999999997,,2.273536,20899,18037,628,11.545094000000063
20900,379.97203960459183,278202723962,1,7.6600057072937489,8.0854,8.056064,1.8281,16387,0.001024,3.1715839999999997,,0.036864,0.160512,0,0.140288,0.003328,0.0097279999999999988,,0.004352,,1.926912,20900,18038,628,11.55264440000019
20901,379.98008319869615,278202804816,1,8.0435937270522118,7.8196,7.643904,1.789,15951,0.001024,3.22944,,0.041471999999999995,0.155136,0,0.132352,0.007424,0.0097279999999999988,,0.004096,,1.931776,20901,18039,628,11.560732700000244
20902,379.98813510487525,278202883012,1,8.0519057810306549,8.0745,8.015616,1.7611,16387,0.001024,3.188736,,0.037632,0.14976,0,0.13055999999999998,0.007424,0.0097279999999999988,,0.004608,,2.2763519999999997,20902,18040,628,11.56878560000041
20903,379.99607340561221,278202963757,1,7.93830119073391,7.6229,8.034048,1.8868,16101,0.001024,3.292416,,0.040448,0.153088,0,0.133376,0.007936,0.0097279999999999988,,0.0038399999999999997,,2.07616,20903,18041,628,11.577012300000206
20904,380.00405390447844,278203039986,1,7.9804984852671623,8.0889,7.911424,1.7752,16387,0.0012799999999999999,3.183872,,0.0384,0.161024,0,0.142592,0.010752,0.009984,,0.003584,,2.086144,20904,18042,628,11.58468270000003
20905,380.01193929988659,278203120875,1,7.8853955492377281,8.058,7.972608,1.863,15899,0.001024,3.272192,,0.037888,0.15488,0,0.134912,0.003584,0.009472,,0.004352,,1.931776,20905,18043,628,11.592704700000013
20906,380.0196813988095,278203201455,1,7.7420989982783794,8.2104,7.856128,1.749,16387,0.0012799999999999999,3.291136,,0.039168,0.16127999999999998,0.000256,0.142336,0.007424,0.010239999999999999,,0.004608,,2.0423679999999997,20906,18044,628,11.600358800000322
20907,380.0278776998299,278203283559,1,8.1963008269667625,7.687,7.724544,1.7663,15899,0.001024,3.29088,,0.039168,0.157184,0,0.13824,0.0076799999999999993,0.010239999999999999,,0.0038399999999999997,,1.9394559999999998,20907,18045,628,11.608596100000341
20908,380.03578380102039,278203360429,1,7.9061016440391541,7.9414,8.175872,1.8808,16387,0.001024,3.2688639999999998,,0.041215999999999996,0.16025599999999998,0.000256,0.141056,0.003328,0.009472,,0.004608,,1.927168,20908,18046,628,11.616464300000189
20909,380.04378010204078,278203439843,1,7.9963011667132378,7.7493,7.888384,1.9094,15899,0.001024,3.297792,,0.039424,0.158976,0.000256,0.139008,0.007424,0.010752,,0.0038399999999999997,,2.050304,20909,18047,628,11.624455300000136
20910,380.05161330073696,278203517336,1,7.833198644220829,8.1727,7.980544,1.8248,16387,0.0012799999999999999,3.23968,,0.043008,0.154368,0.000256,0.133888,0.0076799999999999993,0.0097279999999999988,,0.004352,,1.929984,20910,18048,628,11.632661800000278
20911,380.059472803288,278203599063,1,7.8595029190182686,7.8775,7.804416,1.7189,15899,0.001024,3.26912,,0.039936,0.164608,0,0.14592,0.0076799999999999993,0.009984,,0.0038399999999999997,,2.0608,20911,18049,628,11.640474600000289
20912,380.06722180413828,278203677838,1,7.7490010298788548,8.0155,7.847168,1.8276,16387,0.001024,3.175424,,0.03584,0.16,0,0.141056,0.0038399999999999997,0.009216,,0.004352,,1.918464,20912,18050,628,11.647918699999991
20913,380.074735303288,278203757993,1,7.5134993530809879,8.2002,7.730944,2.0132,15899,0.001024,3.1861759999999997,,0.035072,0.15231999999999998,0,0.133376,0.007936,0.010496,,0.004608,,1.933568,20913,18051,628,11.655436800000189
20914,380.0823860048186,278203839995,1,7.6507013291120529,7.7882,7.491072,1.8484,16582,0.001024,3.098368,,0.038911999999999995,0.162048,0,0.142592,0.007424,0.009984,,0.0048639999999999994,,2.045184,20914,18052,628,11.663079900000412
20915,380.09069029903628,278203917877,1,8.30429419875145,7.4697,7.634944,1.9099,16101,0.001024,3.23584,,0.04224,0.154368,0,0.135424,0.0076799999999999993,0.009984,,0.004096,,1.908736,20915,18053,628,11.671493100000134
20916,380.0985679988662,278203992574,1,7.87770003080368,7.5115,8.289792,1.9272,16387,0.0012799999999999999,3.288064,,0.036351999999999995,0.16025599999999998,0,0.135424,0.0076799999999999993,0.0097279999999999988,,0.0051199999999999996,,2.0290559999999997,20916,18054,628,11.679351000000224
20917,380.1064996031746,278204067689,1,7.93160405009985,7.6765,7.849984,1.9073,15899,0.001024,3.29472,,0.03968,0.159488,0,0.139008,0.007936,0.009984,,0.004096,,1.937408,20917,18055,628,11.68730960000039
20918,380.11449040532881,278204144454,1,7.9908017069101334,8.384,7.918592,1.872,16387,0.001024,3.100672,,0.036095999999999996,0.15462399999999998,0,0.134912,0.007424,0.0097279999999999988,,0.0051199999999999996,,2.111744,20918,18056,628,11.695172500000353
20919,380.12228910147388,278204228294,1,7.7986959367990494,7.8624,7.89888,2.0348,15899,0.001024,3.0965759999999998,,0.04224,0.165376,0,0.142336,0.010496,0.009472,,0.004096,,1.9627519999999998,20919,18057,628,11.703033500000402
20920,380.13003090277778,278204306918,1,7.74180144071579,7.8799,7.842304,1.8489,16387,0.001024,3.2701439999999997,,0.040704,0.152832,0,0.132608,0.007936,0.0097279999999999988,,0.0048639999999999994,,1.922048,20920,18058,628,11.710745300000326
20921,380.13797230017008,278204385717,1,7.9413978382945061,7.9649,7.723776,1.8214,15899,0.001024,3.098624,,0.040704,0.1536,0.000256,0.133376,0.011007999999999999,0.009472,,0.003584,,1.9558399999999998,20921,18059,628,11.718613000000005
20922,380.14617679988663,278204465366,1,8.2044992595911026,7.8072,7.915776,1.8181,16387,0.001024,3.100672,,0.038911999999999995,0.153856,0,0.13414399999999999,0.007424,0.0097279999999999988,,0.0048639999999999994,,1.9456,20922,18060,628,11.726870500000132
20923,380.15422940051019,278204543438,1,8.0526005476713181,7.7623,8.184064,1.8447,15899,0.001024,3.269376,,0.040959999999999996,0.15872,0,0.138752,0.007936,0.0097279999999999988,,0.005376,,2.195712,20923,18061,628,11.735046100000091
20924,380.16228229875281,278204621061,1,8.052898570895195,7.857,8.034304,1.8135,16387,0.001024,3.277568,,0.041984,0.15744,0,0.136704,0.007936,0.009984,,0.004608,,1.932032,20924,18062,628,11.742910800000118
20925,380.17004850481857,278204699631,1,7.7662062831223011,8.2708,8.041216,1.7156,15899,0.001024,3.2350719999999997,,0.04224,0.161024,0,0.14079999999999998,0.003328,0.009984,,0.0048639999999999994,,2.175744,20925,18063,628,11.750805300000138
20926,380.17820500283443,278204782339,1,8.1564979627728462,8.0903,7.70816,1.8257,16387,0.001024,3.2670719999999998,,0.039936,0.160512,0,0.141312,0.0076799999999999993,0.010239999999999999,,0.0051199999999999996,,1.9558399999999998,20926,18064,628,11.758884200000011
20927,380.18617460317461,278204863242,1,7.969600148499012,7.959,8.182272,1.7429,15951,0.001024,3.2755199999999998,,0.039936,0.162048,0.000256,0.142592,0.007936,0.009984,,0.0038399999999999997,,2.057216,20927,18065,628,11.766791200000171
20928,380.1938779053288,278204942832,1,7.7033019624650478,7.8418,7.95264,1.7234,16589,0.001024,3.105024,,0.041984,0.159488,0.000256,0.140032,0.0076799999999999993,0.011007999999999999,,0.005632,,1.747968,20928,18066,628,11.774458600000344
20929,380.20173740079366,278205021250,1,7.8594954684376717,8.1199,7.67616,1.7726,15899,0.001024,3.17568,,0.037888,0.154112,0,0.13414399999999999,0.0076799999999999993,0.009216,,0.004352,,1.955584,20929,18067,628,11.782470200000262
20930,380.20947970521541,278205102449,1,7.7423043549060822,7.9053,7.84384,1.73,16387,0.0012799999999999999,3.2678399999999996,,0.035584,0.157184,0.000256,0.137984,0.00896,0.009216,,0.005632,,2.0864,20930,18068,628,11.790352900000016
20931,380.21752980442176,278205181502,1,8.0500990152359,7.6886,7.7184,1.9972,15899,0.001024,3.100416,,0.040704,0.154112,0,0.133376,0.0076799999999999993,0.009472,,0.0038399999999999997,,1.747968,20931,18069,628,11.798146800000268
20932,380.22547830215416,278205258388,1,7.9484973102808,7.9296,7.852032,1.7492,16387,0.001024,3.0978559999999997,,0.039168,0.158464,0,0.140032,0.007424,0.009984,,0.0051199999999999996,,2.12736,20932,18070,628,11.806067800000164
20933,380.23319230442178,278205337684,1,7.7140023931860924,7.9619,7.932672,1.8094,16094,0.001024,3.2652799999999997,,0.041215999999999996,0.159488,0.000256,0.139264,0.0076799999999999993,0.009472,,0.0051199999999999996,,1.92512,20933,18071,628,11.817144100000405
20934,380.2410494047619,278205417303,1,7.8571001067757607,7.771,7.675136,1.7432,16387,0.001024,3.2652799999999997,,0.041215999999999996,0.159488,0.000256,0.139264,0.0076799999999999993,0.009472,,0.0051199999999999996,,1.92512,20934,18072,628,11.82177350000029
20935,380.24903660005668,278205495013,1,7.9871956259012222,7.941,7.84768,1.8064,15899,0.001024,3.2302079999999997,,0.039424,0.158208,0,0.13977599999999998,0.004352,0.0097279999999999988,,0.005376,,2.198272,20935,18073,628,11.830090300000393
20936,380.25700320294783,278205574423,1,7.9666031524538994,7.9307,7.97952,1.9609,16387,0.001024,3.104256,,0.039168,0.155904,0,0.136704,0.007424,0.009216,,0.006144,,1.7454079999999998,20936,18074,628,11.837828000000172
20937,380.26492550311792,278205653730,1,7.9223001375794411,7.7616,7.948544,1.8916,15899,0.001024,3.234816,,0.035584,0.157696,0,0.139008,0.008192,0.009472,,0.004608,,2.212352,20937,18075,628,11.845872800000052
20938,380.27737640306123,278205731346,1,12.450899928808212,8.2161,7.892736,1.7318,16387,0.001024,3.231744,,0.041728,0.148224,0.000256,0.128768,0.003328,0.0097279999999999988,,0.005632,,1.932032,20938,18076,628,11.858351500000026
20939,380.28082560232423,278205813507,1,3.4491992555558681,7.7545,7.9104,1.8175,17913,0.001024,3.258368,,0.037888,0.153856,0,0.1344,0.003328,0.009472,,0.0038399999999999997,,2.103552,20939,18077,628,11.861909000000196
20940,380.28939310515869,278205891052,1,8.5675027221441269,7.987,7.963392,1.8719,20157,0.001024,3.23584,,0.038911999999999995,0.157184,0,0.13849599999999998,0.0076799999999999993,0.011776,,0.004352,,1.97376,20940,18078,628,11.870170099999996
20941,380.29734670493195,278205970922,1,7.9536000266671181,12.4301,8.31232,1.7967,16734,0.001024,3.297536,,0.039936,0.16896,0,0.149248,0.004608,0.009472,,0.0038399999999999997,,1.9496959999999999,20941,18079,628,11.878078100000039
20942,380.30537760062356,278206095223,1,8.0308960750699043,3.6894,7.9232,1.9707,15899,0.001024,3.2883199999999997,,0.040448,0.146944,0.000256,0.127488,0.007424,0.010752,,0.0025599999999999998,,1.749504,20942,18080,628,11.886017700000139
20943,380.31355080073695,278206132117,1,8.173200301826,8.2312,8.014592,1.8739,16387,0.001024,3.295744,,0.036864,0.162048,0,0.142592,0.003328,0.0097279999999999988,,0.005632,,2.0241919999999998,20943,18081,628,11.894169900000179
20944,380.32184490504534,278206214429,1,8.2941045984625816,8.0014,7.977216,1.5568,15899,0.001024,3.2714239999999997,,0.039424,0.153088,0,0.134912,0.0076799999999999993,0.011007999999999999,,0.002304,,2.0459519999999998,20944,18082,628,11.902583600000071
20945,380.33006110402494,278206294443,1,8.2161985337734222,7.9276,8.2624,1.633,16387,0.001024,3.233024,,0.037888,0.154112,0,0.133888,0.007424,0.012288,,0.0025599999999999998,,2.009856,20945,18083,628,11.910652500000197
20946,380.33824360119047,278206373719,1,8.1824967637658119,8.1629,8.193024,1.7299,15899,0.001024,3.297536,,0.039936,0.150272,0.000256,0.132096,0.0076799999999999993,0.012288,,0.002304,,2.217984,20946,18084,628,11.918840900000305
20947,380.34627069869612,278206455348,1,8.0270972102880478,8.3366,8.167168,1.8095,16387,0.001024,3.204608,,0.04736,0.16,0,0.140288,0.0076799999999999993,0.009472,,0.0048639999999999994,,1.934848,20947,18085,628,11.926953700000013
20948,380.354222002551,278206538714,1,7.9513043165206909,8.162,8.014848,1.7277,15899,0.001024,3.299584,,0.035328,0.154368,0.000256,0.135936,0.007424,0.009984,,0.004352,,2.0956159999999997,20948,18086,628,11.934977400000207
20949,380.36187710459183,278206620334,1,7.6551018282771111,8.1672,7.928832,1.8257,16387,0.001024,3.1063039999999997,,0.040959999999999996,0.154112,0.000256,0.135424,0.0076799999999999993,0.010239999999999999,,0.0048639999999999994,,1.747456,20949,18087,628,11.942769100000078
20950,380.36973920068027,278206702006,1,7.8620957210659981,8.1002,7.636736,1.7235,22533,0.001024,3.17568,,0.039424,0.153856,0,0.134912,0.0076799999999999993,0.0097279999999999988,,0.004096,,2.084352,20950,18088,628,11.95090670000036
20951,380.37801470379816,278206783008,1,8.2755032926797867,8.0368,7.840256,1.817,16387,0.001024,3.2302079999999997,,0.039168,0.157184,0,0.1344,0.0076799999999999993,0.009984,,0.0048639999999999994,,1.931776,20951,18089,628,11.958904800000255
20952,380.38576400226754,278206863376,1,7.7492985874414444,7.5276,8.253696,2.0128,16146,0.001024,3.272448,,0.036095999999999996,0.15872,0,0.139264,0.008192,0.002048,,0.012799999999999999,,2.08128,20952,18090,628,11.966403400000218
20953,380.39375670351473,278206938652,1,7.9927016049623489,8.3586,7.727872,1.9654,16589,0.001024,3.19616,,0.038655999999999996,0.155136,0,0.136704,0.0038399999999999997,0.010239999999999999,,0.003584,,2.097664,20953,18091,628,11.974326000000019
20954,380.40143319869611,278207022238,1,7.6764952391386032,8.0601,7.975936,1.7579,15899,0.001024,3.2035839999999998,,0.041215999999999996,0.159488,0,0.13977599999999998,0.0076799999999999993,0.0097279999999999988,,0.0051199999999999996,,2.034432,20954,18092,628,11.982111400000122
20955,380.40939430272107,278207102839,1,7.961103692650795,7.4748,7.645184,1.7296,16387,0.001024,3.229184,,0.03968,0.15564799999999998,0,0.137216,0.007424,0.010239999999999999,,0.004608,,2.056192,20955,18093,628,11.9900832000003
20956,380.41737700538545,278207177587,1,7.9827029258012772,7.9432,7.95648,1.7973,15899,0.001024,3.233024,,0.0384,0.151552,0,0.131584,0.007936,0.009216,,0.0038399999999999997,,1.749248,20956,18094,628,11.998102100000324
20957,380.42520510204082,278207257019,1,7.8280968591570854,7.689,7.956224,1.7158,16387,0.001024,3.276032,,0.040959999999999996,0.1536,0,0.134656,0.0076799999999999993,0.009216,,0.004352,,2.029568,20957,18095,628,12.005974800000331
20958,380.43303190192745,278207333909,1,7.8267995268106461,8.0457,7.801344,1.9041,15899,0.001024,3.292416,,0.040448,0.15564799999999998,0,0.136192,0.0076799999999999993,0.0097279999999999988,,0.005376,,1.913856,20958,18096,628,12.013748900000337
20959,380.44103049886621,278207414366,1,7.9985968768596649,7.9469,7.814912,1.8329,16387,0.001024,3.2302079999999997,,0.043008,0.161792,0,0.141056,0.007424,0.009472,,0.0048639999999999994,,1.929984,20959,18097,628,12.02206120000028
20960,380.44932779903627,278207493835,1,8.2972999662160873,7.9647,7.982848,1.7913,15899,0.001024,3.174144,,0.039168,0.154368,0,0.1344,0.007424,0.009984,,0.0038399999999999997,,2.086144,20960,18098,628,12.029925600000297
20961,380.45751120323126,278207573482,1,8.1834038719534874,7.6496,8.280832,1.837,16387,0.001024,3.243776,,0.040704,0.1536,0,0.132352,0.007424,0.010752,,0.005632,,1.7451519999999998,20961,18099,628,12.038265200000296
20962,380.46536690051016,278207649978,1,7.85569753497839,8.3775,8.159744,1.7602,15899,0.001024,3.236608,,0.039168,0.151552,0,0.133376,0.0076799999999999993,0.009984,,0.0051199999999999996,,2.495488,20962,18100,628,12.046007500000087
20963,380.47310470521541,278207733753,1,7.7378046698868275,7.9093,7.839488,1.9236,16387,0.001024,3.27296,,0.035328,0.162048,0,0.14336,0.00896,0.008704,,0.006144,,1.747456,20963,18101,628,12.05380200000036
20964,380.48149060374146,278207812846,1,8.385898545384407,8.2893,7.716608,1.7698,15899,0.0012799999999999999,3.279616,,0.03968,0.15231999999999998,0,0.133888,0.003584,0.009984,,0.004608,,2.103552,20964,18102,628,12.062458900000365
20965,380.48978020124713,278207895739,1,8.2895979285240173,7.7922,8.365568,1.7974,16589,0.0012799999999999999,3.276032,,0.036608,0.155136,0,0.13568,0.007936,0.010239999999999999,,0.0051199999999999996,,2.209024,20965,18103,628,12.070771900000182
20966,380.49831070011334,278207973661,1,8.53049848228693,7.7836,8.25856,2.0582,15899,0.001024,3.190016,,0.040704,0.15462399999999998,0.000256,0.1344,0.0076799999999999993,0.010239999999999999,,0.004352,,2.11968,20966,18104,628,12.079739000000245
20967,380.50607580073694,278208051497,1,7.7651008032262325,8.5737,8.5056,1.9726,16387,0.0012799999999999999,3.2985599999999997,,0.040448,0.152832,0,0.13312,0.0076799999999999993,0.0097279999999999988,,0.0048639999999999994,,2.140672,20967,18105,628,12.087110100000245
20968,380.514369005102,278208137234,1,8.2932040095329285,8.3166,7.747072,1.922,15899,0.001024,3.177472,,0.036608,0.156416,0.000256,0.13696,0.007424,0.0097279999999999988,,0.004096,,2.0303359999999997,20968,18106,628,12.095353900000191
20969,380.52273360260767,278208220400,1,8.3645973354578018,8.8174,8.276992,1.9555,16387,0.0012799999999999999,3.299328,,0.03968,0.154368,0.000256,0.13568,0.0076799999999999993,0.0097279999999999988,,0.004096,,1.9479039999999999,20969,18107,628,12.103603900000053
20970,380.53136730442174,278208308574,1,8.63370206207037,7.5978,8.344576,2.0133,15899,0.0012799999999999999,3.176192,,0.039936,0.155904,0.000256,0.136704,0.007424,0.0097279999999999988,,0.004096,,2.053632,20970,18108,628,12.112544900000103
20971,380.53978570011338,278208384552,1,8.41839611530304,8.162,8.612608,1.9165,16582,0.0012799999999999999,3.192064,,0.043264,0.15692799999999998,0,0.136704,0.0076799999999999993,0.009984,,0.004608,,1.940736,20971,18109,628,12.120548900000358
20972,380.54842160572559,278208466172,1,8.63590557128191,8.2661,8.39936,2.0019,15899,0.001024,3.2906239999999998,,0.03968,0.162048,0,0.142336,0.0084479999999999989,0.009472,,0.005632,,2.1076479999999997,20972,18110,628,12.129258500000105
20973,380.55697790532878,278208548833,1,8.5562998428940773,8.9855,8.611072,1.9131,16387,0.001024,3.291136,,0.040704,0.151552,0.000256,0.13183999999999998,0.0076799999999999993,0.0097279999999999988,,0.004096,,2.190336,20973,18111,628,12.137818200000311
20974,380.56500680272109,278208638688,1,8.02889745682478,7.9882,8.54912,1.8231,15899,0.001024,3.237632,,0.041215999999999996,0.154112,0,0.13414399999999999,0.007424,0.0097279999999999988,,0.0048639999999999994,,2.190848,20974,18112,628,12.145907900000111
20975,380.57327580073695,278208718570,1,8.2689980044960976,8.6788,8,1.9497,16387,0.001024,3.1982079999999997,,0.040959999999999996,0.157184,0,0.136704,0.003328,0.009472,,0.0038399999999999997,,1.9545599999999999,20975,18113,628,12.15410060000022
20976,380.5818512046485,278208805358,1,8.5754040628671646,8.6292,8.251136,1.7797,15899,0.0012799999999999999,3.190784,,0.03968,0.15462399999999998,0.000256,0.1344,0.0076799999999999993,0.009216,,0.004608,,2.2049279999999998,20976,18114,628,12.162720300000274
20977,380.58984630102037,278208891650,1,7.9950960353016853,8.0204,8.562944,1.7778,16641,0.001024,3.299584,,0.035328,0.156416,0.000256,0.136704,0.007424,0.010496,,0.0051199999999999996,,1.9512319999999999,20977,18115,628,12.171520300000338
20978,380.59815790107706,278208971854,1,8.311600424349308,8.2106,7.963904,1.8922,15899,0.001024,3.19232,,0.03456,0.161024,0,0.14207999999999998,0.008192,0.00896,,0.0063999999999999994,,2.09536,20978,18116,628,12.179263300000002
20979,380.60661650368479,278209053960,1,8.4586022421717644,8.6381,8.285952,2.1866,16387,0.001024,3.27296,,0.038911999999999995,0.162304,0,0.142592,0.007936,0.011776,,0.004352,,1.9612159999999998,20979,18117,628,12.187668300000041
20980,380.615308404195,278209140341,1,8.691900409758091,8.696,8.440576,1.9433,15899,0.001024,3.2780799999999997,,0.041215999999999996,0.158208,0,0.139264,0.0076799999999999993,0.0097279999999999988,,0.004608,,2.102016,20980,18118,628,12.196157300000323
20981,380.62402050028345,278209227301,1,8.7120961397886276,7.7727,8.683008,2.254,16387,0.001024,3.0947839999999998,,0.0384,0.361984,0.000256,0.13414399999999999,0.003328,0.009984,,0.0048639999999999994,,1.765888,20981,18119,628,12.204847000000427
20982,380.63289090136055,278209305028,1,8.870401419699192,8.2886,8.691968,1.8772,15899,0.001024,3.298816,,0.041215999999999996,0.14976,0,0.130048,0.0076799999999999993,0.009472,,0.0051199999999999996,,2.06976,20982,18120,628,12.214035700000295
20983,380.64098060515869,278209387914,1,8.0897035077214241,8.6448,8.838656,1.9777,16387,0.0012799999999999999,3.2913919999999997,,0.0448,0.15231999999999998,0.000256,0.132352,0.0076799999999999993,0.0097279999999999988,,0.005632,,2.0956159999999997,20983,18121,628,12.221982600000047
20984,380.65000060232427,278209474362,1,9.0199969708919525,8.7559,8.072704,2.0664,15899,0.001024,3.179008,,0.038655999999999996,0.161024,0,0.141568,0.007424,0.010752,,0.0051199999999999996,,2.139392,20984,18122,628,12.230911400000423
20985,380.65847679988661,278209561921,1,8.4761977195739746,9.1002,8.689664,1.8653,16387,0.001024,3.2972799999999998,,0.041728,0.15488,0.000256,0.135936,0.007424,0.009472,,0.004608,,2.418176,20985,18123,628,12.239523900000222
20986,380.6668424036281,278209652923,1,8.3656040951609612,8.0327,8.460032,1.8611,29205,0.001024,3.276544,,0.038144,0.154112,0.000256,0.13568,0.007424,0.0097279999999999988,,0.004352,,2.33728,20986,18124,628,12.247922100000324
20987,380.67543810232422,278209733250,1,8.59569851309061,8.8511,8.34176,2.1126,16387,0.001024,3.10656,,0.039168,0.16614399999999999,0.000256,0.146944,0.007936,0.0097279999999999988,,0.005632,,2.23744,20987,18125,628,12.2567310000004
20988,380.68356830357141,278209821761,1,8.1302011385560036,8.6643,8.571904,2.069,15899,0.001024,3.298304,,0.045568,0.15795199999999998,0,0.138752,0.0076799999999999993,0.010239999999999999,,0.004352,,1.9548159999999999,20988,18126,628,12.264791200000218
20989,380.69239630102038,278209908404,1,8.8279973715543747,8.2879,8.11264,2.1606,16929,0.001024,3.230464,,0.039424,0.163072,0,0.14310399999999998,0.010239999999999999,0.012544,,0.0048639999999999994,,1.972224,20989,18127,628,12.273466000000099
20990,380.70033440334464,278209991283,1,7.9381018877029419,8.9337,8.786176,1.9734,15899,0.001024,3.242496,,0.040959999999999996,0.15231999999999998,0.000256,0.13312,0.0076799999999999993,0.0097279999999999988,,0.005632,,2.118656,20990,18128,628,12.281410100000357
20991,380.70919299886617,278210080620,1,8.8585959747433662,8.0337,7.916032,1.8946,16387,0.001024,3.097088,,0.043008,0.15616,0,0.136192,0.0076799999999999993,0.010496,,0.0038399999999999997,,2.160128,20991,18129,628,12.290050300000075
20992,380.71740009920632,278210160957,1,8.2071004435420036,8.6591,8.83328,1.9193,21700,0.001024,3.232256,,0.042752,0.16025599999999998,0,0.140032,0.0076799999999999993,0.0097279999999999988,,0.004096,,1.747712,20992,18130,628,12.298566200000096
20993,380.72573030045351,278210247548,1,8.3302007988095284,7.9047,8.18816,1.9565,16387,0.0012799999999999999,3.24096,,0.039168,0.16,0,0.140032,0.0097279999999999988,0,,0.017408,,1.970176,20993,18131,628,12.306713300000411
20994,380.73454930555556,278210326595,1,8.8190054520964622,8.7162,8.317696,2.017,21845,0.001024,3.2719359999999997,,0.035072,0.173568,0,0.1536,0.008192,0.009472,,0.0038399999999999997,,2.173184,20994,18132,628,12.3158241000001
20995,380.7424607993197,278210413757,1,7.9114940017461777,8.4169,8.796928,1.9546,16387,0.001024,3.2430079999999997,,0.041215999999999996,0.15462399999999998,0.000256,0.130816,0.007936,0.0097279999999999988,,0.0048639999999999994,,2.0943359999999998,20995,18133,628,12.324483000000328
20996,380.75042530470517,278210497926,1,7.9645058140158653,8.2562,7.88864,2.1096,16044,0.001024,3.236096,,0.039936,0.150528,0,0.130816,0.003328,0.012544,,0.0048639999999999994,,1.95072,20996,18134,628,12.333865400000377
20997,380.75844930555553,278210580488,1,8.0240005627274513,8.938,7.943168,2.5523,67949,0.001024,3.236096,,0.039936,0.150528,0,0.130816,0.003328,0.012544,,0.0048639999999999994,,1.95072,20997,18135,628,12.340066400000069
20998,380.76677350481856,278210669868,1,8.3241993561387062,8.4212,8.001792,2.7423,15899,0.001024,3.289344,,0.039424,0.160512,0,0.140544,0.007936,0.010239999999999999,,0.004096,,2.047744,20998,18136,628,12.348417800000334
20999,380.7745246031746,278210754080,1,7.7510983683168888,8.5458,8.295168,2.3375,29838,0.006144,3.289088,,0.03584,0.16153599999999999,0.000256,0.140544,0.008192,0.011264,,0.004096,,2.013184,20999,18137,628,12.356687400000283
21000,380.78272980442176,278210839538,1,8.2052014768123627,7.3392,7.72608,2.5553,15899,0.001024,3.2368639999999997,,0.034816,0.15231999999999998,0.000256,0.133376,0.00896,0.010496,,0.0048639999999999994,,2.0459519999999998,21000,18138,628,12.364860000000135
21001,380.79090819869612,278210912930,1,8.17839428782463,8.1216,8.180224,3.3539,16786,0.001024,3.19232,,0.03968,0.15462399999999998,0,0.1344,0.007936,0.010752,,0.0051199999999999996,,1.9742719999999998,21001,18139,628,12.37297800000033
21002,380.799158404195,278210994146,1,8.2502057775855064,8.4341,8.160512,2.3468,21683,0.001024,3.2919039999999997,,0.035584,0.163328,0,0.14336,0.0076799999999999993,0.011007999999999999,,0.004608,,2.056192,21002,18140,628,12.381000500000027
21003,380.80724150368479,278211078487,1,8.0830994993448257,8.1625,8.215808,2.3846,16387,0.0025599999999999998,3.274752,,0.038144,0.159488,0,0.140288,0.008704,0.010752,,0.0051199999999999996,,2.009856,21003,18141,628,12.389725500000168
21004,380.81503740079364,278211160112,1,7.79589731246233,8.1272,8.068352,2.3164,15899,0.001024,3.234048,,0.040192,0.155136,0,0.135424,0.011519999999999999,0.011519999999999999,,0.002816,,2.085376,21004,18142,628,12.396099500000219
21005,380.82320620039678,278211241384,1,8.1687998026609421,7.8313,7.779072,2.4602,16387,0.001024,3.173632,,0.038911999999999995,0.153856,0,0.134912,0.0076799999999999993,0.010239999999999999,,0.0051199999999999996,,1.970176,21005,18143,628,12.407377200000155
21006,380.83177320011339,278211319697,1,8.5669998079538345,8.9772,8.14336,2.0481,16387,0.001024,3.234816,,0.03968,0.16127999999999998,0,0.142336,0.008192,0.010496,,0.003072,,2.0938239999999997,21006,18144,628,12.415268200000355
21007,380.83951699971652,278211409469,1,7.7437995932996273,6.4259,8.556032,3.3789,16094,0.36607999999999996,3.287808,,0.035584,0.15616,0,0.136192,0.008192,0.012032,,0.0038399999999999997,,1.9765759999999999,21007,18145,628,12.422297600000093
21008,380.84792830215417,278211473728,1,8.4113022312521935,10.4639,7.713792,3.1718,16387,0.001024,3.173632,,0.03584,0.154368,0.000256,0.13414399999999999,0.007936,0.011007999999999999,,0.0051199999999999996,,1.9430399999999999,21008,18146,628,12.42949660000022
21009,380.85604090136053,278211578367,1,8.112599141895771,8.375,8.278784,2.5323,15899,0.001024,3.2350719999999997,,0.039424,0.160512,0,0.140544,0.0076799999999999993,0.010496,,0.004096,,1.9345919999999999,21009,18147,628,12.437482200000431
21010,380.86410110544216,278211662117,1,8.0602038651704788,7.1431,8.208384,2.0791,16387,0.001024,3.291136,,0.039168,0.15795199999999998,0,0.137728,0.0076799999999999993,0.010752,,0.004352,,1.9509759999999998,21010,18148,628,12.445378100000198
21011,380.8721317035147,278211733548,1,8.0305980518460274,7.4047,8.03584,2.2562,22533,0.001024,3.169536,,0.03584,0.15488,0,0.1344,0.0048639999999999994,0.0097279999999999988,,0.004608,,1.9146239999999999,21011,18149,628,12.45313090000036
21012,380.88017830215421,278211807595,1,8.0465991050004959,7.9174,8.014848,1.8524,16387,0.001024,3.231232,,0.040192,0.153856,0,0.134656,0.0076799999999999993,0.0097279999999999988,,0.003584,,1.970688,21012,18150,628,12.46101630000021
21013,380.88808810232428,278211886769,1,7.9097999259829521,7.7426,8.041728,1.9952,15899,0.001024,3.1800319999999997,,0.041728,0.161024,0,0.14079999999999998,0.007424,0.012544,,0.002816,,1.747712,21013,18151,628,12.468947300000309
21014,380.89606979875282,278211964195,1,7.9816961660981178,8.0064,7.87712,1.9818,16734,0.0012799999999999999,3.2363519999999997,,0.040448,0.167424,0,0.14771199999999998,0.008192,0.0097279999999999988,,0.0048639999999999994,,1.955584,21014,18152,628,12.476818400000411
21015,380.90405610119046,278212044259,1,7.986302487552166,7.8772,7.94752,1.835,15899,0.001024,3.2870399999999997,,0.0384,0.155904,0,0.136704,0.008704,0.006912,,0.006912,,2.120192,21015,18153,628,12.48488400000042
21016,380.91201380385485,278212123031,1,7.9577025026082993,7.9395,7.972608,1.8932,16387,0.001024,3.19488,,0.036864,0.156672,0,0.136704,0.003328,0.009472,,0.0051199999999999996,,1.928448,21016,18154,628,12.492676300000312
21017,380.91973080357144,278212202426,1,7.7169998548924923,7.917,7.929088,1.7843,15899,0.001024,3.276544,,0.039168,0.153088,0,0.1344,0.0076799999999999993,0.009984,,0.005376,,2.073344,21017,18155,628,12.500440800000433
21018,380.92780830498867,278212281596,1,8.0775013193488121,8.0179,7.698432,1.8926,16387,0.001024,3.2688639999999998,,0.037376,0.168704,0,0.14310399999999998,0.007936,0.010752,,0.004608,,1.9642879999999998,21018,18156,628,12.508440200000223
21019,380.93569710175734,278212361775,1,7.8887967392802238,7.8631,8.05632,1.8957,15899,0.001024,3.271168,,0.040959999999999996,0.16127999999999998,0,0.141568,0.0076799999999999993,0.0097279999999999988,,0.004096,,1.9264,21019,18157,628,12.516507600000295
21020,380.943632603458,278212440406,1,7.9355016350746155,7.746,7.877376,1.8431,16387,0.001024,3.2962559999999996,,0.039168,0.152576,0,0.133632,0.0076799999999999993,0.009984,,0.005376,,2.050048,21020,18158,628,12.524254700000256
21021,380.95143510487526,278212517866,1,7.8025013208389282,8.0215,7.919616,1.7426,15899,0.001024,3.19616,,0.041471999999999995,0.155392,0.000256,0.133888,0.0076799999999999993,0.009472,,0.0048639999999999994,,1.9312639999999999,21021,18159,628,12.532486800000243
21022,380.95952949971655,278212598081,1,8.0943945795297623,8.0388,7.758848,1.8089,16387,0.001024,3.233024,,0.039168,0.158208,0,0.13824,0.010752,0.009984,,0.0048639999999999994,,2.0858879999999997,21022,18160,628,12.540316200000234
21023,380.96714270124716,278212678469,1,7.6132016256451607,7.7808,8.101632,1.844,15899,0.001024,3.289088,,0.040448,0.157184,0,0.137216,0.0076799999999999993,0.009216,,0.005888,,1.9194879999999999,21023,18161,628,12.547992400000112
21024,380.97488770549887,278212756277,1,7.7450042590498924,8.088,7.587584,1.8482,16387,0.001024,3.182336,,0.043008,0.153088,0.000256,0.13414399999999999,0.009216,0.009472,,0.0048639999999999994,,1.9294719999999999,21024,18162,628,12.555657200000041
21025,380.98287949971655,278212837157,1,7.9917944967746735,7.9456,7.715072,1.9657,51041,0.001024,3.1866879999999997,,0.038911999999999995,0.162048,0,0.14336,0.0076799999999999993,0.010239999999999999,,0.0048639999999999994,,2.091008,21025,18163,628,12.565359000000171
21026,380.99075539965986,278212916613,1,7.8758997842669487,7.5838,7.973376,1.8795,46984,0.001024,3.231232,,0.040704,0.158464,0,0.13952,0.0038399999999999997,0.009984,,0.003328,,1.953792,21026,18164,628,12.571919900000012
21027,380.99880120464849,278212992451,1,8.0458046868443489,7.7297,7.856384,2.3026,15899,0.001024,3.1843839999999997,,0.039168,0.152064,0,0.132352,0.0076799999999999993,0.010752,,0.004608,,2.040064,21027,18165,628,12.579699000000346
21028,381.00650060232425,278213069748,1,7.69939785823226,9.3104,8.037376,2.0872,16387,0.001024,3.239168,,0.039424,0.155904,0.000256,0.135424,0.008192,0.001024,,0.012544,,1.746688,21028,18166,628,12.587268700000095
21029,381.0143026998299,278213162852,1,7.8020975925028324,6.9711,7.670528,1.958,15899,0.001024,3.1744,,0.039168,0.15744,0,0.13849599999999998,0.010239999999999999,0.0097279999999999988,,0.003584,,2.0526079999999998,21029,18167,628,12.595020000000204
21030,381.02225,278213232563,1,7.947300560772419,7.7548,7.787264,1.8766,16387,0.0063999999999999994,3.266304,,0.038655999999999996,0.15334399999999998,0,0.134912,0.008192,0.009984,,0.0038399999999999997,,1.9358719999999998,21030,18168,628,12.602956800000356
21031,381.02992260487525,278213310111,1,7.6726051047444344,7.6149,7.930624,1.8762,15899,0.001024,3.232512,,0.039168,0.16127999999999998,0.000256,0.142848,0.0076799999999999993,0.009984,,0.0051199999999999996,,1.923584,21031,18169,628,12.610605200000009
21032,381.03802200255103,278213386260,1,8.0993976444005966,7.6966,7.64032,1.8278,16387,0.001024,3.197952,,0.039424,0.178176,0,0.13568,0.0048639999999999994,0.009472,,0.003584,,1.959936,21032,18170,628,12.618612300000223
21033,381.04588030045352,278213463226,1,7.8582977876067162,7.9905,8.081408,1.8329,15899,0.001024,3.238912,,0.040448,0.152576,0.000256,0.133376,0.009216,0.0097279999999999988,,0.004352,,1.947392,21033,18171,628,12.626739100000123
21034,381.05378370181404,278213543131,1,7.9034017398953438,7.6438,7.832576,1.7497,16387,0.001024,3.287296,,0.039168,0.15744,0,0.139008,0.0076799999999999993,0.010239999999999999,,0.0048639999999999994,,2.079744,21034,18172,628,12.634623700000247
21035,381.06157110260767,278213619569,1,7.7874008566141129,8.0384,7.905536,1.8537,33470,0.001024,3.1897599999999997,,0.03968,0.15334399999999998,0,0.133888,0.0076799999999999993,0.0097279999999999988,,0.005888,,1.911808,21035,18173,628,12.642426500000056
21036,381.07027300170068,278213699953,1,8.7018990889191628,8.0551,7.771904,7.4244,30772,0.001024,3.2936959999999997,,0.034816,0.15923199999999998,0.000256,0.140032,0.003072,0.012288,,0.004352,,2.005248,21036,18174,628,12.651159200000166
21037,381.07819770408162,278213780504,1,7.9247020184993744,7.9183,7.651072,1.9227,15899,0.001024,3.226368,,0.039168,0.15692799999999998,0.000256,0.13849599999999998,0.0076799999999999993,0.009984,,0.003584,,1.956864,21037,18175,628,12.65889130000005
21038,381.085983404195,278213859687,1,7.785700261592865,7.6605,7.907072,2.2998,16387,0.001024,3.184128,,0.039168,0.157184,0,0.137216,0.0076799999999999993,0.0097279999999999988,,0.004096,,1.9379199999999999,21038,18176,628,12.666707900000347
21039,381.09418759920635,278213936292,1,8.2041947171092033,8.8077,7.769856,1.6942,16101,0.001024,3.1848959999999997,,0.040959999999999996,0.15744,0,0.13824,0.0038399999999999997,0.009472,,0.0051199999999999996,,1.9261439999999999,21039,18177,628,12.674905400000171
21040,381.10227670068025,278214024369,1,8.0891018733382225,7.7923,8.180736,1.6342,16387,0.001024,3.290368,,0.04224,0.15334399999999998,0.000256,0.13414399999999999,0.007424,0.011519999999999999,,0.002816,,1.946624,21040,18178,628,12.68317210000032
21041,381.11101169926303,278214102292,1,8.7349982932209969,7.7892,8.069632,1.7609,33470,0.001024,3.290368,,0.037376,0.15231999999999998,0,0.131584,0.008192,0.011519999999999999,,0.0025599999999999998,,2.10816,21041,18179,628,12.691936000000169
21042,381.11898170351475,278214180184,1,7.9700043424963951,8.2013,8.706304,1.8767,32892,0.001024,3.2750079999999997,,0.044031999999999995,0.152064,0,0.13183999999999998,0.007424,0.011007999999999999,,0.0025599999999999998,,1.748224,21042,18180,628,12.699987000000419
21043,381.12694829931974,278214262197,1,7.9665957018733025,8.2924,7.953408,1.8708,15899,0.001024,3.274752,,0.039168,0.155904,0,0.13696,0.0076799999999999993,0.010496,,0.003584,,2.0206079999999997,21043,18181,628,12.708030400000098
21044,381.13493970379818,278214345121,1,7.99140427261591,8.6565,7.945728,1.8925,16387,0.001024,3.17312,,0.035328,0.15488,0,0.135424,0.013056,0,,0.014848,,1.9584,21044,18182,628,12.716022300000077
21045,381.14297050028341,278214431686,1,8.03079642355442,8.0852,7.979776,1.9388,33665,0.001024,3.179008,,0.040448,0.154112,0,0.13414399999999999,0.0076799999999999993,0.010496,,0.0051199999999999996,,2.130176,21045,18183,628,12.723734600000171
21046,381.15131910430836,278214512538,1,8.34860373288393,8.1013,8.022016,1.9366,30772,0.001024,3.198976,,0.038911999999999995,0.181248,0,0.137216,0.007936,0.009984,,0.0051199999999999996,,1.747456,21046,18184,628,12.732096100000035
21047,381.15930719954645,278214593551,1,7.9880952835083008,8.0294,8.321792,1.8144,15899,0.001024,3.277056,,0.040959999999999996,0.154368,0.000256,0.134656,0.0076799999999999993,0.009472,,0.0048639999999999994,,2.17984,21047,18185,628,12.740129800000432
21048,381.1673163052721,278214673845,1,8.009105920791626,7.6635,7.951872,1.8969,139384,0.001024,3.191808,,0.043008,0.15462399999999998,0,0.134912,0.007936,0.009984,,0.0048639999999999994,,1.7484799999999998,21048,18186,628,12.748562100000072
21049,381.17526090561222,278214750480,1,7.9446006566286087,8.354,8.00128,1.8145,125316,0.001024,3.2832,,0.0448,0.155904,0.000256,0.136192,0.003328,0.009984,,0.0048639999999999994,,2.081536,21049,18187,628,12.75643940000009
21050,381.18291660289117,278214834020,1,7.6556974090635777,8.0661,7.91808,2.2902,69100,0.001024,3.2906239999999998,,0.036351999999999995,0.15462399999999998,0,0.134912,0.0076799999999999993,0.0097279999999999988,,0.0038399999999999997,,1.9558399999999998,21050,18188,628,12.763817600000039
21051,381.19107140022675,278214914681,1,8.1547973677515984,8.1386,7.650304,1.7444,62029,0.001024,3.22688,,0.041728,0.154368,0,0.1344,0.0048639999999999994,0.010752,,0.005376,,1.9107839999999998,21051,18189,628,12.771986000000197
21052,381.19915520124715,278214996067,1,8.0838007852435112,8.1604,8.136704,1.9481,16439,0.0012799999999999999,3.234816,,0.039424,0.167424,0,0.13977599999999998,0.0076799999999999993,0.010496,,0.003328,,2.058496,21052,18190,628,12.77980000000025
21053,381.20714960317457,278215077671,1,7.9944021999835968,7.2334,8.054272,1.9356,21683,0.0012799999999999999,3.27936,,0.0384,0.15564799999999998,0,0.13568,0.0076799999999999993,0.0097279999999999988,,0.004096,,1.7469439999999998,21053,18191,628,12.787753400000383
21054,381.21463770549883,278215150005,1,7.4881021864712238,8.3283,7.98208,1.8755,16387,0.0012799999999999999,3.186432,,0.038655999999999996,0.175616,0,0.14310399999999998,0.0076799999999999993,0.010496,,0.0038399999999999997,,2.300672,21054,18192,628,12.795501100000365
21055,381.22259790249433,278215233288,1,7.9601965844631195,7.8343,7.465984,1.7632,15899,0.001024,3.1879679999999997,,0.038144,0.161792,0,0.14310399999999998,0.011519999999999999,0.009984,,0.004096,,1.922304,21055,18193,628,12.8032647
21056,381.23063080357139,278215311631,1,8.0329012125730515,7.946,7.948288,1.7994,16387,0.001024,3.098368,,0.036095999999999996,0.158464,0,0.139264,0.0076799999999999993,0.009984,,0.0048639999999999994,,2.09408,21056,18194,628,12.811289300000226
21057,381.2389454010771,278215391091,1,8.31459742039442,7.6889,8.012544,1.8407,15899,0.001024,3.2985599999999997,,0.040959999999999996,0.152576,0,0.13286399999999998,0.009472,0.009216,,0.004608,,1.752832,21057,18195,628,12.81958910000003
21058,381.2466985048186,278215467980,1,7.7531039714813232,7.8226,8.29056,1.7174,16387,0.001024,3.2901119999999997,,0.040959999999999996,0.15692799999999998,0,0.137728,0.007424,0.0097279999999999988,,0.004352,,2.38592,21058,18196,628,12.82738210000025
21059,381.25450790107709,278215546206,1,7.8093963675200939,8.0232,7.729664,1.8915,15899,0.001024,3.289088,,0.038911999999999995,0.151552,0.000256,0.13312,0.010752,0.0097279999999999988,,0.005376,,2.0538879999999997,21059,18197,628,12.835257000000183
21060,381.26273980300454,278215626438,1,8.2319015637040138,8.234,7.789312,1.8278,16387,0.001024,3.3039359999999998,,0.040704,0.150784,0,0.130816,0.007936,0.009984,,0.0048639999999999994,,1.932288,21060,18198,628,12.843600100000003
21061,381.27046770124713,278215708778,1,7.7278981916606426,7.8389,8.207872,1.8131,15899,0.001024,3.2919039999999997,,0.03584,0.15462399999999998,0.000256,0.13568,0.007424,0.010239999999999999,,0.004608,,2.189056,21061,18199,628,12.851464800000031
21062,381.27859060374146,278215787167,1,8.1229023635387421,7.864,7.730176,1.8067,16387,0.001024,3.295232,,0.03712,0.153088,0,0.134656,0.010496,0.010239999999999999,,0.004608,,1.956864,21062,18200,628,12.859319600000163
21063,381.28674550028342,278215865807,1,8.1548960879445076,8.3743,8.094976,2.092,15899,0.001024,3.26912,,0.039168,0.15923199999999998,0,0.140544,0.0097279999999999988,0.002048,,0.012799999999999999,,2.191616,21063,18201,628,12.867572500000279
21064,381.2946797052154,278215949550,1,7.9342052340507507,7.5609,8.064768,1.9545,49013,0.001024,3.288576,,0.04224,0.154112,0.000256,0.134656,0.0076799999999999993,0.0097279999999999988,,0.005376,,1.7469439999999998,21064,18202,628,12.875444800000423
21065,381.30278120039679,278216025159,1,8.10149498283863,8.0985,7.974656,1.7547,15899,0.001024,3.229184,,0.038911999999999995,0.156416,0.000256,0.136192,0.0051199999999999996,0.001792,,0.011776,,2.2376959999999997,21065,18203,628,12.884030900000198
21066,381.31097059948979,278216106144,1,8.1893987953662872,8.2779,8.088832,1.8095,16387,0.001024,3.1746559999999997,,0.034048,0.46336,0,0.141568,0.0097279999999999988,0.009216,,0.005376,,2.208256,21066,18204,628,12.891731200000322
21067,381.31858100198411,278216188923,1,7.6104025356471539,7.921,8.163072,1.9662,15899,0.001024,3.275264,,0.038911999999999995,0.165376,0,0.144896,0.0076799999999999993,0.010752,,0.0038399999999999997,,2.077952,21067,18205,628,12.899689300000318
21068,381.3263952026644,278216268133,1,7.8142005950212479,8.572,7.593984,1.7081,16387,0.001024,3.200512,,0.042496,0.162304,0,0.143872,0.0038399999999999997,0.009216,,0.004352,,2.020864,21068,18206,628,12.907344100000046
21069,381.33472670068028,278216353853,1,8.3314981311559677,7.7228,7.800576,1.8329,15899,0.001024,3.233024,,0.039424,0.17049599999999998,0,0.13055999999999998,0.0076799999999999993,0.0097279999999999988,,0.0048639999999999994,,1.9143679999999998,21069,18207,628,12.91581670000005
21070,381.34265030470522,278216431081,1,7.9236039891839027,7.8572,8.31488,1.7052,16387,0.001024,3.173632,,0.03968,0.152576,0,0.133888,0.007168,0.010752,,0.005376,,2.21696,21070,18208,628,12.923612300000059
21071,381.35097410005665,278216509653,1,8.3237951621413231,7.4667,7.903744,1.8262,15899,0.001024,3.292416,,0.039936,0.174336,0,0.137984,0.007936,0.009216,,0.005888,,1.7469439999999998,21071,18209,628,12.932122200000322
21072,381.3586183035714,278216584320,1,7.6442034915089607,8.7033,8.303616,1.7155,16387,0.001024,3.1872,,0.038911999999999995,0.15923199999999998,0,0.139264,0.0084479999999999989,0.000768,,0.013312,,2.592256,21072,18210,628,12.93927020000001
21073,381.36659640022674,278216671353,1,7.978096604347229,7.8143,7.611904,1.9908,15899,0.001024,3.188992,,0.040192,0.158208,0,0.138752,0.006912,0.009984,,0.0051199999999999996,,2.0254719999999997,21073,18211,628,12.948074900000393
21074,381.3744795989229,278216749496,1,7.88319855928421,8.4216,7.968256,1.7592,23021,0.001024,3.188992,,0.040192,0.158208,0,0.138752,0.006912,0.009984,,0.0051199999999999996,,2.0254719999999997,21074,18212,628,12.955252600000222
21075,381.382456505102,278216833712,1,7.97690637409687,7.2686,7.853312,1.7368,15899,0.001024,3.187712,,0.040704,0.152576,0,0.133376,0.003584,0.010239999999999999,,0.004352,,2.056704,21075,18213,628,12.963278400000036
21076,381.39061830357139,278216906398,1,8.1617981195449829,8.2149,7.968768,1.7691,16387,0.001024,3.23968,,0.041728,0.16,0.000256,0.137984,0.007424,0.0097279999999999988,,0.005376,,1.954048,21076,18214,628,12.971497400000317
21077,381.39906830357143,278216988547,1,8.4499996155500412,7.7616,8.139776,1.8417,16101,0.001024,3.290368,,0.041471999999999995,0.156672,0.000256,0.136704,0.0076799999999999993,0.009984,,0.0051199999999999996,,2.19008,21077,18215,628,12.979947900000298
21078,381.40677270408162,278217066163,1,7.7044004574418068,7.9404,8.436224,1.7353,16439,0.182528,3.2919039999999997,,0.040448,0.157184,0,0.137216,0.007424,0.0097279999999999988,,0.0048639999999999994,,1.746176,21078,18216,628,12.987601300000279
21079,381.41469019982992,278217145567,1,7.917495444417,8.2833,7.681792,1.7544,15899,0.0012799999999999999,3.272704,,0.034048,0.155136,0,0.13644799999999999,0.005888,0.009984,,0.004352,,2.013184,21079,18217,628,12.995591800000057
21080,381.42256780045352,278217228400,1,7.8776003792881966,8.4561,7.899648,1.6944,16387,0.0012799999999999999,3.18208,,0.038911999999999995,0.16255999999999998,0,0.144128,0.007936,0.0097279999999999988,,0.0051199999999999996,,2.133504,21080,18218,628,13.003528800000367
21081,381.43045890022677,278217312961,1,7.8910999000072479,7.6586,7.86048,1.7753,15899,0.001024,3.192576,,0.038911999999999995,0.169216,0,0.150272,0.0076799999999999993,0.009984,,0.005632,,2.034176,21081,18219,628,13.011259400000199
21082,381.438247803288,278217389547,1,7.7889030799269676,7.9679,7.868416,1.6931,16387,0.0012799999999999999,3.292416,,0.037632,0.151808,0,0.13183999999999998,0.007424,0.0097279999999999988,,0.005376,,1.74592,21082,18220,628,13.018897400000242
21083,381.44610300453513,278217469226,1,7.85520114004612,7.8222,7.76576,1.6891,16094,0.001024,3.2762879999999996,,0.046848,0.15872,0,0.139008,0.0076799999999999993,0.009984,,0.0048639999999999994,,1.928704,21083,18221,628,13.026962300000378
21084,381.45410189909296,278217547448,1,7.9988949000835419,7.8708,7.836928,1.6632,16387,0.001024,3.292928,,0.038144,0.150272,0,0.130816,0.003584,0.0097279999999999988,,0.0048639999999999994,,2.048256,21084,18222,628,13.03495490000023
21085,381.4620873015873,278217626156,1,7.9854028299450874,7.6329,7.981312,1.833,15899,0.001024,3.2368639999999997,,0.040959999999999996,0.153856,0,0.133376,0.007424,0.0097279999999999988,,0.0038399999999999997,,1.747456,21085,18223,628,13.042784900000242
21086,381.46982490079364,278217702485,1,7.7375993132591248,8.0315,7.963904,1.683,16387,0.001024,3.2319999999999998,,0.039936,0.16486399999999998,0.000256,0.142848,0.0076799999999999993,0.009984,,0.0051199999999999996,,2.081792,21086,18224,628,13.0509591
21087,381.47772030187076,278217782800,1,7.8954007476568222,8.0365,7.713536,1.7706,15899,0.006144,3.170304,,0.040704,0.16153599999999999,0,0.140032,0.0076799999999999993,0.009984,,0.0038399999999999997,,1.956864,21087,18225,628,13.058524200000193
21088,381.48575500283442,278217863165,1,8.0347005277872086,7.8262,7.88608,1.8355,16387,0.0012799999999999999,3.18464,,0.03968,0.192768,0,0.17279999999999998,0.008192,0.00896,,0.004608,,1.9325439999999998,21088,18226,628,13.066425299999992
21089,381.49370089994329,278217941427,1,7.9458970576524734,7.9235,8.006912,2.0187,16101,0.0012799999999999999,3.298304,,0.039424,0.153856,0,0.134912,0.003328,0.009984,,0.0048639999999999994,,2.048512,21089,18227,628,13.0746994000001
21090,381.50177080498867,278218020662,1,8.0699054524302483,7.7434,7.9296,1.8344,16387,0.001024,3.193088,,0.040704,0.149504,0,0.129792,0.0076799999999999993,0.008192,,0.005888,,1.940736,21090,18228,628,13.082828000000063
21091,381.5098047052154,278218098096,1,8.0339005216956139,7.9705,8.05504,1.7312,15899,0.001024,3.286272,,0.03968,0.187392,0,0.160512,0.0084479999999999989,0.009472,,0.004096,,2.209024,21091,18229,628,13.090820200000053
21092,381.51757850056686,278218177801,1,7.7737951651215553,8.221,8.015872,1.7683,16387,0.001024,3.236096,,0.04224,0.151552,0.000256,0.128768,0.0076799999999999993,0.009472,,0.0051199999999999996,,1.9258879999999998,21092,18230,628,13.098642400000244
21093,381.52567360402492,278218260011,1,8.0951033160090446,8.1835,7.74656,1.8886,15899,0.0012799999999999999,3.232512,,0.041215999999999996,0.15872,0.000256,0.139264,0.003072,0.009472,,0.004352,,1.9584,21093,18231,628,13.107652700000017
21094,381.53378790391156,278218341846,1,8.1142997369170189,7.9202,8.082688,1.8132,16387,0.0012799999999999999,3.232512,,0.041215999999999996,0.15872,0.000256,0.139264,0.003072,0.009472,,0.004352,,1.9584,21094,18232,628,13.114605200000369
21095,381.54178950538545,278218421048,1,8.0016013234853745,7.7383,8.094976,1.9311,15899,0.0012799999999999999,3.232256,,0.039936,0.161792,0.000256,0.141824,0.007424,0.010496,,0.005376,,1.9594239999999998,21095,18233,628,13.122571900000366
21096,381.5497639030612,278218498431,1,7.9743973910808563,8.5764,7.9424,1.8287,16387,0.0012799999999999999,3.2097279999999997,,0.038144,0.154112,0.000256,0.1344,0.0076799999999999993,0.009472,,0.0038399999999999997,,1.746688,21096,18234,628,13.130437500000426
21097,381.55815740504534,278218584195,1,8.3935018628835678,7.3894,8.00256,1.7045,15899,0.001024,3.2737279999999997,,0.041471999999999995,0.15744,0,0.137728,0.007424,0.010496,,0.004608,,2.546176,21097,18235,628,13.139593100000184
21098,381.56611720521539,278218658089,1,7.9597998410463333,8.1235,8.365824,1.6844,16387,0.001024,3.2737279999999997,,0.041471999999999995,0.15744,0,0.137728,0.007424,0.010496,,0.004608,,2.546176,21098,18236,628,13.146930700000212
21099,381.57420650510204,278218739324,1,8.0893002450466156,7.8551,7.94752,1.7049,15899,0.001024,3.17568,,0.042496,0.154112,0.000256,0.132096,0.0076799999999999993,0.0097279999999999988,,0.005376,,1.748224,21099,18237,628,13.154980600000272
21100,381.58172170493197,278218817875,1,7.5151999481022358,8.78,8.071936,1.7056,16387,0.001024,3.178752,,0.039168,0.160512,0.000256,0.14207999999999998,0.010752,0.009984,,0.0048639999999999994,,2.175488,21100,18238,628,13.162408099999993
21101,381.58951720521543,278218905675,1,7.7955001033842564,7.7237,7.494144,1.7302,15899,0.001024,3.099904,,0.036864,0.156672,0,0.136704,0.0051199999999999996,0.001536,,0.013312,,1.932032,21101,18239,628,13.17056810000031
21102,381.59749580498863,278218982912,1,7.9785995185375214,8.046,7.769344,1.6862,16784,0.0012799999999999999,3.17312,,0.035328,0.154112,0,0.134656,0.003584,0.010239999999999999,,0.004608,,2.1058559999999997,21102,18240,628,13.178618800000095
21103,381.60563270266437,278219063372,1,8.1368973478674889,7.4582,7.95776,1.7639,15899,0.001024,3.225856,,0.040959999999999996,0.153856,0,0.13414399999999999,0.007936,0.009472,,0.004608,,1.7484799999999998,21103,18241,628,13.186355600000297
21104,381.61332970521539,278219137954,1,7.6970024965703487,7.9103,8.117504,1.7323,16439,0.001024,3.235584,,0.03584,0.15744,0,0.137984,0.0051199999999999996,0.002304,,0.011776,,2.0792319999999997,21104,18242,628,13.194105000000036
21105,381.62160680272109,278219217057,1,8.2770977169275284,8.1918,7.673856,1.7047,15899,0.001024,3.09888,,0.038655999999999996,0.16716799999999998,0.000256,0.14848,0.0038399999999999997,0.0097279999999999988,,0.004608,,2.09408,21105,18243,628,13.202363100000184
21106,381.6294632015306,278219298975,1,7.8563988208770752,7.7968,8.265728,1.6991,16387,0.001024,3.29344,,0.041215999999999996,0.157184,0,0.137984,0.004352,0.009472,,0.0038399999999999997,,1.749504,21106,18244,628,13.210174100000131
21107,381.63738420493195,278219376943,1,7.9210037365555763,7.7809,7.832832,1.7422,15899,0.001024,3.300096,,0.039936,0.155136,0.000256,0.13696,0.007936,0.009984,,0.004096,,2.139904,21107,18245,628,13.218112900000051
21108,381.6454773030045,278219454752,1,8.0930981785058975,8.2543,7.908096,1.6784,16387,0.001024,3.2368639999999997,,0.040448,0.151552,0,0.131584,0.008704,0.009472,,0.0048639999999999994,,1.94816,21108,18246,628,13.226162800000111
21109,381.65313810232425,278219537295,1,7.6607991941273212,7.8199,8.065792,1.6852,15899,0.001024,3.181568,,0.039168,0.155904,0,0.137216,0.007424,0.009984,,0.004096,,2.37568,21109,18247,628,13.234216700000161
21110,381.66112840136054,278219615494,1,7.990298792719841,7.8931,7.626496,1.9021,16387,0.001024,3.184128,,0.040704,0.17740799999999998,0.000256,0.131328,0.007936,0.0097279999999999988,,0.005632,,1.748224,21110,18248,628,13.241817200000241
21111,381.66872530470522,278219694425,1,7.59690348058939,8.0073,7.981568,1.9181,15899,0.001024,3.295744,,0.03968,0.16,0,0.140032,0.0051199999999999996,0.002816,,0.012544,,2.02496,21111,18249,628,13.249562200000128
21112,381.67657550311787,278219774498,1,7.8501980751752853,8.0788,7.588352,1.8159,16387,0.001024,3.294208,,0.035072,0.16153599999999999,0.000256,0.141056,0.007936,0.0097279999999999988,,0.0051199999999999996,,1.9261439999999999,21112,18250,628,13.257401100000152
21113,381.68457430555554,278219855286,1,7.9988026991486549,7.6499,7.822848,1.7618,15899,0.001024,3.2337919999999998,,0.037632,0.161792,0.000256,0.141824,0.004096,0.009472,,0.004352,,1.933568,21113,18251,628,13.265427400000135
21114,381.69254420351473,278219931785,1,7.9698981717228889,7.7373,7.975168,1.8944,16589,0.001024,3.29088,,0.03968,0.15795199999999998,0.000256,0.1344,0.011264,0.009984,,0.004096,,2.092032,21114,18252,628,13.273227000000134
21115,381.700495103458,278220009158,1,7.9509001225233078,7.6936,7.95776,1.8388,15899,0.001024,3.2980479999999996,,0.040448,0.153856,0.000256,0.134656,0.0076799999999999993,0.009984,,0.004096,,1.7471999999999999,21115,18253,628,13.281611400000202
21116,381.70825089994332,278220086094,1,7.7557964250445366,8.1023,7.942656,1.7269,16387,0.001024,3.2048639999999997,,0.036864,0.15129599999999999,0.000256,0.131584,0.0076799999999999993,0.010239999999999999,,0.0048639999999999994,,2.260736,21116,18254,628,13.289068300000054
21117,381.71660440051016,278220167117,1,8.3535006269812584,7.8976,7.718144,1.7359,15899,0.001024,3.2688639999999998,,0.297472,0.15744,0.000256,0.137216,0.004608,0.010239999999999999,,0.0048639999999999994,,2.055424,21117,18255,628,13.297500300000138
21118,381.72436470379819,278220246093,1,7.7603030949831009,8.1639,8.334848,1.7791,16387,0.001024,3.236096,,0.040192,0.156672,0.000256,0.13696,0.0076799999999999993,0.009472,,0.0038399999999999997,,1.747456,21118,18256,628,13.305100300000049
21119,381.73211650368478,278220327732,1,7.7517996542155743,7.6628,7.73632,1.7073,15899,0.001024,3.292928,,0.03584,0.148736,0,0.13055999999999998,0.0038399999999999997,0.00896,,0.005632,,2.051072,21119,18257,628,13.312825100000282
21120,381.73994610260769,278220404360,1,7.82959908246994,8.3678,7.742976,1.8135,16387,0.001024,3.101696,,0.035328,0.155392,0,0.135936,0.013056,0,,0.013824,,1.9509759999999998,21120,18258,628,13.320627700000387
21121,381.74794960317456,278220488038,1,8.0035002902150154,7.6849,7.808768,1.6839,16094,0.001024,3.2350719999999997,,0.038144,0.156672,0,0.137216,0.004096,0.009984,,0.004096,,2.0943359999999998,21121,18259,628,13.328801500000282
21122,381.7557875,278220564887,1,7.8378971666097641,7.6667,7.94112,1.8209,16387,0.001024,3.2919039999999997,,0.036608,0.160512,0,0.141824,0.0076799999999999993,0.010496,,0.0051199999999999996,,1.747712,21122,18260,628,13.336500300000353
21123,381.76357059948975,278220641554,1,7.7830995433032513,7.8153,7.865088,1.7381,15899,0.001024,3.1879679999999997,,0.0384,0.159488,0.000256,0.141056,0.008192,0.009984,,0.0048639999999999994,,2.0352,21123,18261,628,13.344697900000028
21124,381.77160089994328,278220719707,1,8.03030002862215,8.1609,7.77088,1.8244,16387,0.001024,3.1848959999999997,,0.038655999999999996,0.18048,0.000256,0.141056,0.0076799999999999993,0.009472,,0.005376,,1.9614719999999999,21124,18262,628,13.352579700000206
21125,381.77960330215416,278220801316,1,8.0024022608995438,7.7428,8.002048,1.801,15899,0.001024,3.232256,,0.039424,0.156416,0,0.13747199999999998,0.007936,0.0097279999999999988,,0.004352,,1.75104,21125,18263,628,13.360396400000354
21126,381.78793970379814,278220878744,1,8.3364015445113182,7.9117,7.977216,1.836,22171,0.001024,3.277312,,0.039168,0.156416,0,0.13747199999999998,0.0048639999999999994,0,,0.032512,,2.077184,21126,18264,628,13.36874250000028
21127,381.7960204010771,278220957861,1,8.0806976184248924,8.1286,8.331008,2.1207,16246,0.0025599999999999998,3.29472,,0.040448,0.15564799999999998,0,0.135936,0.007424,0.009472,,0.004352,,1.940736,21127,18265,628,13.376991900000121
21128,381.80387370323126,278221039147,1,7.8533021733164787,7.8202,8.05248,1.6947,16387,0.315392,3.1897599999999997,,0.03328,0.158976,0,0.140288,0.007936,0.010752,,0.003584,,2.046464,21128,18266,628,13.384579800000211
21129,381.81190330215418,278221117349,1,8.029598742723465,8.3684,7.839744,2.147,15899,0.001024,3.235328,,0.039168,0.15923199999999998,0,0.13977599999999998,0.005632,0.010752,,0.004352,,2.0520959999999997,21129,18267,628,13.393168900000092
21130,381.82051390306123,278221201033,1,8.6106006056070328,8.2289,7.993856,1.8585,16439,0.001024,3.2471039999999998,,0.039424,0.157184,0,0.138752,0.0076799999999999993,0.009984,,0.003328,,2.052352,21130,18268,628,13.401348800000051
21131,381.828914399093,278221283322,1,8.40049609541893,7.6083,8.617984,1.9317,15899,0.001024,3.2412159999999997,,0.041471999999999995,0.151552,0,0.132352,0.0038399999999999997,0.012799999999999999,,0.004352,,1.975808,21131,18269,628,13.410022400000344
21132,381.83731799886618,278221359405,1,8.4036001935601234,8.4508,8.360448,2.3933,16387,0.001024,3.0976,,0.043264,0.159488,0,0.137984,0.0076799999999999993,0.009472,,0.004352,,2.132224,21132,18270,628,13.418488100000104
21133,381.84569739937638,278221443913,1,8.3794007077813148,8.2914,8.396032,1.8783,15899,0.0012799999999999999,3.17696,,0.036864,0.15616,0,0.136192,0.007936,0.010239999999999999,,0.0048639999999999994,,2.1831679999999998,21133,18271,628,13.426621400000386
21134,381.85425880102036,278221526827,1,8.5614016279578209,8.5434,8.359424,1.9356,16387,0.001024,3.193856,,0.039168,0.153856,0.000256,0.132096,0.008704,0.0097279999999999988,,0.005376,,2.223616,21134,18272,628,13.435065000000122
21135,381.86274209892287,278221612261,1,8.483298122882843,8.5555,8.520448,1.9803,15899,0.215808,3.285504,,0.041215999999999996,0.160768,0,0.140544,0.0076799999999999993,0.011007999999999999,,0.0038399999999999997,,1.9860479999999998,21135,18273,628,13.44370760000038
21136,381.87095850340137,278221697816,1,8.2164043560624123,8.1038,8.480768,1.9054,16387,0.001024,3.2755199999999998,,0.040704,0.154112,0,0.1344,0.0076799999999999993,0.0097279999999999988,,0.005632,,2.2110719999999997,21136,18274,628,13.45205390000001
21137,381.87939019982991,278221778854,1,8.4316963329911232,8.542,8.204032,1.9222,22533,0.001024,3.177472,,0.03968,0.158208,0,0.135936,0.005632,0.010752,,0.004608,,1.975296,21137,18275,628,13.460828900000251
21138,381.88805160147393,278221864274,1,8.6614014580845833,8.5811,8.399616,1.9797,16387,0.001024,3.282432,,0.040959999999999996,0.153856,0,0.1344,0.007424,0.009472,,0.005376,,2.207744,21138,18276,628,13.468855400000393
21139,381.89615940334465,278221950085,1,8.1078018993139267,8.0997,8.646144,1.9678,16101,0.001024,3.2737279999999997,,0.041471999999999995,0.155136,0.000256,0.135424,0.0076799999999999993,0.009472,,0.004096,,1.9558399999999998,21139,18277,628,13.477121000000352
21140,381.90516030328797,278222031082,1,9.0009002014994621,8.9977,8.096512,1.9722,16582,0.001024,3.2665599999999997,,0.037376,0.16025599999999998,0.000256,0.141056,0.010239999999999999,0.008704,,0.005632,,2.1112319999999998,21140,18278,628,13.48608430000013
21141,381.91349950396824,278222121059,1,8.3392011001706123,8.0889,8.976896,2.0039,15899,0.219392,3.0978559999999997,,0.036608,0.1536,0.000256,0.133888,0.003072,0.009984,,0.004352,,2.1409279999999997,21141,18279,628,13.494417700000213
21142,381.92169109977323,278222201948,1,8.1915957853198051,8.2271,8.306944,1.9041,16387,0.001024,3.2913919999999997,,0.04224,0.159744,0,0.141568,0.008192,0.009984,,0.0038399999999999997,,2.494976,21142,18280,628,13.5026469000004
21143,381.93051570294784,278222284219,1,8.8246036320924759,8.9036,8.177152,2.253,15899,0.001024,3.187712,,0.039936,0.158976,0.000256,0.139264,0.0084479999999999989,0.009472,,0.004608,,1.74592,21143,18281,628,13.511444200000369
21144,381.9386569019274,278222373255,1,8.1411991268396378,8.389,8.801024,1.9605,16387,0.001024,3.309568,,0.037888,0.15564799999999998,0.000256,0.137728,0.0076799999999999993,0.009472,,0.0038399999999999997,,2.0928,21144,18282,628,13.51969440000039
21145,381.94697290249434,278222457145,1,8.3160009235143661,8.2765,8.128512,1.8353,15899,0.001024,3.287552,,0.040959999999999996,0.16127999999999998,0,0.141312,0.011519999999999999,0.009472,,0.005632,,1.935616,21145,18283,628,13.528068200000234
21146,381.95557340561226,278222539910,1,8.6005032062530518,8.7514,8.28544,2.1398,16387,0.0012799999999999999,3.3003519999999997,,0.035584,0.15795199999999998,0.000256,0.139008,0.004352,0.002816,,0.011264,,2.039808,21146,18284,628,13.536345500000152
21147,381.96351180555553,278222627424,1,7.9383999109268188,8.1598,8.590848,1.9237,15899,0.001024,3.195648,,0.0448,0.15616,0,0.13696,0.007424,0.009216,,0.004608,,2.187776,21147,18285,628,13.544441400000323
21148,381.97181979875285,278222709022,1,8.3079934120178223,8.4667,7.913216,1.8213,16387,0.001024,3.172096,,0.038911999999999995,0.159488,0.000256,0.140032,0.008192,0.0097279999999999988,,0.0048639999999999994,,2.036736,21148,18286,628,13.552766800000427
21149,381.97979100056688,278222793689,1,7.9712020233273506,8.3226,8.290816,2.3156,15899,0.001024,3.24096,,0.039168,0.171008,0,0.136704,0.007936,0.009984,,0.0051199999999999996,,1.988864,21149,18287,628,13.560791300000346
21150,381.9879875,278222876915,1,8.1964991986751556,8.0847,7.944192,1.9405,16387,0.0012799999999999999,3.298304,,0.035328,0.16588799999999998,0,0.14592,0.0076799999999999993,0.011776,,0.005376,,2.045184,21150,18288,628,13.568758800000069
21151,381.9959267998866,278222957762,1,7.9392995685338974,8.2814,8.179456,2.0416,16101,0.001024,3.295232,,0.03712,0.15488,0,0.13516799999999998,0.0076799999999999993,0.0097279999999999988,,0.0038399999999999997,,1.944832,21151,18289,628,13.576922400000058
21152,382.00393839994331,278223040576,1,8.0116000026464462,7.908,7.91552,1.8913,16387,0.001024,3.2337919999999998,,0.040192,0.156416,0,0.13644799999999999,0.009984,0.002304,,0.012288,,2.0810239999999998,21152,18290,628,13.5848704
21153,382.01207230017008,278223119656,1,8.1339003518223763,8.069,8,1.8119,15899,0.001024,3.23584,,0.03584,0.15462399999999998,0,0.135424,0.007424,0.0097279999999999988,,0.005632,,1.962496,21153,18291,628,13.59308480000027
21154,382.01989440192744,278223200346,1,7.8221019357442856,8.2041,8.10496,1.7242,16387,0.001024,3.29216,,0.039168,0.16512,0.000256,0.14592,0.0038399999999999997,0.009984,,0.004608,,2.109952,21154,18292,628,13.600897900000291
21155,382.02784370039683,278223282387,1,7.9492982476949692,7.9676,7.80544,1.7845,15951,0.001024,3.19232,,0.047872,0.154112,0,0.1344,0.007424,0.009472,,0.0051199999999999996,,1.948928,21155,18293,628,13.608722700000271
21156,382.03556820436506,278223362063,1,7.7245039865374565,8.1523,7.936768,1.8194,51201,0.001024,3.288576,,0.042752,0.158976,0,0.137216,0.007936,0.0097279999999999988,,0.004096,,1.964032,21156,18294,628,13.616328700000395
21157,382.04353330498867,278223443586,1,7.9651009291410446,7.7704,7.707136,1.8341,15899,0.001024,3.0991359999999997,,0.040192,0.180224,0,0.158464,0.007936,0.00896,,0.006144,,1.9307519999999998,21157,18295,628,13.624273900000389
21158,382.05172990362809,278223521290,1,8.19659885019064,7.88,7.939328,1.7411,16387,0.001024,3.2954879999999998,,0.041471999999999995,0.157184,0,0.137728,0.007424,0.009472,,0.004608,,1.9456,21158,18296,628,13.632584000000406
21159,382.0595987032313,278223600090,1,7.86879938095808,7.6612,8.1856,1.8226,16094,0.001024,3.194368,,0.040959999999999996,0.16358399999999998,0,0.13055999999999998,0.007936,0.009984,,0.004608,,2.2092799999999997,21159,18297,628,13.640497500000038
21160,382.06749820011339,278223676702,1,7.8994967043399811,7.938,7.867648,1.9832,16387,0.001024,3.098368,,0.034816,0.178176,0,0.158464,0.003584,0.00896,,0.0048639999999999994,,1.9110399999999998,21160,18298,628,13.648253000000295
21161,382.0753803004535,278223756082,1,7.8821005299687386,8.2896,7.862784,2.0001,15899,0.001024,3.19488,,0.035328,0.159488,0,0.140288,0.007936,0.0097279999999999988,,0.005888,,2.082816,21161,18299,628,13.656370100000004
21162,382.08313229875284,278223838978,1,7.7519984915852547,7.914,7.851264,1.7818,16387,0.001024,3.2350719999999997,,0.040959999999999996,0.157184,0,0.13696,0.0076799999999999993,0.0097279999999999988,,0.004352,,1.959168,21162,18300,628,13.663853800000197
21163,382.09111870039681,278223918118,1,7.9864012077450752,7.726,7.743488,1.9045,16067,0.001024,3.290368,,0.039168,0.155904,0,0.136192,0.010752,0.010752,,0.004352,,1.9136,21163,18301,628,13.672469000000092
21164,382.09903290107707,278223995378,1,7.91420042514801,8.1654,7.963392,2.0106,16421,0.001024,3.271168,,0.038911999999999995,0.15462399999999998,0,0.136704,0.008192,0.009472,,0.005632,,2.099456,21164,18302,628,13.679968900000404
21165,382.10718410572559,278224077032,1,8.1512043252587318,7.5117,7.895552,2.0324,16101,0.001024,3.2803839999999997,,0.035328,0.161024,0,0.141312,0.005376,0.011007999999999999,,0.005376,,1.90848,21165,18303,628,13.688007600000219
21166,382.11492560232426,278224152149,1,7.7414964325726032,8.5543,8.137728,1.8225,16387,0.0012799999999999999,3.2337919999999998,,0.039168,0.16358399999999998,0,0.141312,0.0076799999999999993,0.010239999999999999,,0.004608,,2.073088,21166,18304,628,13.69566420000001
21167,382.1230246031746,278224237692,1,8.09900090098381,7.5133,7.721984,2.2062,15899,0.001024,3.273984,,0.038655999999999996,0.151552,0.000256,0.132608,0.007424,0.009984,,0.004352,,1.9596799999999999,21167,18305,628,13.703753300000244
21168,382.13123090277776,278224312825,1,8.2062995061278343,8.0263,8.043264,1.8155,16387,0.0012799999999999999,3.233536,,0.039424,0.152832,0.000256,0.133376,0.007936,0.009984,,0.0038399999999999997,,2.09024,21168,18306,628,13.7119445000003
21169,382.139361699263,278224393088,1,8.1307962536811829,7.7059,8.192,1.9681,15899,0.001024,3.294208,,0.038144,0.15462399999999998,0,0.1344,0.007424,0.00896,,0.0051199999999999996,,1.93024,21169,18307,628,13.7204227000002
21170,382.14736000566893,278224470147,1,7.9983063042163849,8.0513,8.139008,1.8333,16387,0.001024,3.234816,,0.040959999999999996,0.15616,0,0.136192,0.007936,0.009472,,0.0038399999999999997,,2.082816,21170,18308,628,13.728390500000387
21171,382.15517890447842,278224550660,1,7.818899117410183,8.2448,7.983872,1.7503,15899,0.0012799999999999999,3.274752,,0.040959999999999996,0.15692799999999998,0,0.135936,0.011519999999999999,0.0097279999999999988,,0.004352,,1.9343359999999998,21171,18309,628,13.735925200000111
21172,382.16315750425167,278224633108,1,7.9785995185375214,8.2279,7.8016,1.7456,29693,0.001024,3.237888,,0.03712,0.157696,0,0.137984,0.010496,0.002048,,0.013568,,1.9258879999999998,21172,18310,628,13.743929200000366
21173,382.17105490362809,278224715387,1,7.897399365901947,8.2035,7.950336,1.7291,15899,0.001024,3.233536,,0.039168,0.151808,0.000256,0.132352,0.003328,0.0097279999999999988,,0.0038399999999999997,,2.034688,21173,18311,628,13.751874600000065
21174,382.17929340277777,278224797422,1,8.23849905282259,7.5038,7.897344,1.8761,16387,0.0012799999999999999,3.273472,,0.03584,0.155392,0.000256,0.133888,0.007936,0.010752,,0.003328,,1.953536,21174,18312,628,13.76015630000029
21175,382.1871255031179,278224872460,1,7.8321006149053574,8.0266,8.167424,1.8176,15899,0.0012799999999999999,3.29472,,0.03584,0.155136,0,0.13644799999999999,0.007936,0.009984,,0.004608,,2.220288,21175,18313,628,13.767871200000172
21176,382.19502410005668,278224952726,1,7.8985970467329025,7.9249,7.857152,1.8946,16734,0.0012799999999999999,3.095296,,0.042752,0.16153599999999999,0,0.14207999999999998,0.008192,0.009216,,0.004352,,1.9443199999999998,21176,18314,628,13.775955800000247
21177,382.20345500283446,278225031975,1,8.43090284615755,8.2928,7.881728,1.7284,15899,0.001024,3.174144,,0.041215999999999996,0.154112,0,0.131328,0.0076799999999999993,0.009472,,0.0038399999999999997,,2.215168,21177,18315,628,13.784213800000089
21178,382.21128080357141,278225114903,1,7.8258011490106583,7.707,8.309248,1.8918,16582,0.001024,3.2785919999999997,,0.040192,0.160768,0,0.141312,0.003328,0.010239999999999999,,0.006144,,1.932288,21178,18316,628,13.791957600000387
21179,382.2189400014172,278225191973,1,7.65919778496027,7.8314,7.912448,1.7218,21683,0.001024,3.177216,,0.040704,0.163072,0.000256,0.143872,0.0063999999999999994,0.0097279999999999988,,0.004096,,1.915136,21179,18317,628,13.799739500000214
21180,382.22682230017006,278225270287,1,7.8822989016771317,8.5254,7.635968,1.7371,16387,0.001024,3.29088,,0.036095999999999996,0.155904,0.000256,0.13696,0.0076799999999999993,0.009984,,0.0048639999999999994,,2.0792319999999997,21180,18318,628,13.807454100000086
21181,382.23494530187071,278225355541,1,8.1230020150542259,7.7525,7.860224,1.8557,21880,0.001024,3.23584,,0.045824,0.158464,0,0.13824,0.007424,0.00896,,0.005376,,1.956864,21181,18319,628,13.815720200000214
21182,382.24294230442177,278225433066,1,7.9970024526119232,7.7852,8.104192,1.9004,16387,0.001024,3.179008,,0.041471999999999995,0.15872,0,0.135424,0.003584,0.009472,,0.0038399999999999997,,2.219776,21182,18320,628,13.823763800000052
21183,382.25101889880949,278225510918,1,8.0765942111611366,7.6748,7.96928,1.8138,15899,0.001024,3.3003519999999997,,0.040959999999999996,0.154112,0,0.134656,0.007424,0.009984,,0.005632,,1.9274239999999998,21183,18321,628,13.831704900000204
21184,382.25904119897956,278225587666,1,8.0222999677062035,8.263,8.058112,1.7474,58760,0.001024,3.180544,,0.040704,0.15462399999999998,0.000256,0.13312,0.0076799999999999993,0.009472,,0.004352,,2.20288,21184,18322,628,13.840383600000223
21185,382.26696590136055,278225670296,1,7.9247020184993744,8.1003,7.99616,1.9606,15899,0.001024,3.289088,,0.041215999999999996,0.15462399999999998,0,0.134656,0.011519999999999999,0.0097279999999999988,,0.0048639999999999994,,1.9261439999999999,21185,18323,628,13.847772700000405
21186,382.27490940334468,278225751299,1,7.9435016959905624,7.9067,7.920128,1.936,29855,0.001024,3.19488,,0.034816,0.15744,0,0.13849599999999998,0.007424,0.009984,,0.0038399999999999997,,2.03776,21186,18324,628,13.855964500000027
21187,382.28315300453511,278225830366,1,8.2436008378863335,8.5589,7.931136,1.7641,15899,0.001024,3.27296,,0.03584,0.153088,0.000256,0.133376,0.005888,0.010752,,0.0048639999999999994,,1.9456,21187,18325,628,13.864092800000435
21188,382.29111100481856,278225915955,1,7.9580005258321762,7.4943,8.216576,1.9556,16387,0.0012799999999999999,3.23072,,0.036351999999999995,0.158464,0,0.13849599999999998,0.0076799999999999993,0.009984,,0.0051199999999999996,,2.081536,21188,18326,628,13.871859500000028
21189,382.29935350056689,278225990898,1,8.2424953579902649,8.2445,7.9424,2.005,22030,0.001024,3.2936959999999997,,0.038911999999999995,0.15795199999999998,0,0.13977599999999998,0.010496,0.009984,,0.004096,,2.196224,21189,18327,628,13.880177600000025
21190,382.307258404195,278226073343,1,7.9049039632081985,8.0322,8.227328,1.9042,16387,0.001024,3.207424,,0.03968,0.156672,0,0.136192,0.007424,0.009984,,0.0048639999999999994,,1.747968,21190,18328,628,13.888059700000213
21191,382.31523350340137,278226153665,1,7.9750996083021164,7.859,7.87072,1.9218,15899,0.001024,3.2319999999999998,,0.038911999999999995,0.171264,0,0.139264,0.008192,0.009984,,0.0051199999999999996,,2.097664,21191,18329,628,13.895967200000086
21192,382.32310210459184,278226232255,1,7.8686010092496872,8.2449,7.959296,2.3058,16387,0.001024,3.2816639999999997,,0.035328,0.16486399999999998,0,0.146432,0.0076799999999999993,0.009984,,0.004096,,1.938432,21192,18330,628,13.904211000000032
21193,382.33094450113379,278226314704,1,7.8423963859677315,7.9664,7.835136,1.9155,15899,0.001024,3.237888,,0.043264,0.159744,0,0.14079999999999998,0.007424,0.009984,,0.0048639999999999994,,2.0520959999999997,21193,18331,628,13.911815500000102
21194,382.33895960175738,278226394368,1,8.0151008442044258,7.884,7.842816,1.8437,16387,0.001024,3.101184,,0.039168,0.182272,0,0.162816,0.0084479999999999989,0.000256,,0.014079999999999999,,1.948928,21194,18332,628,13.919871300000068
21195,382.34677320011338,278226473208,1,7.8135980293154716,8.2127,7.988992,1.8045,15899,0.001024,3.235328,,0.039168,0.158464,0,0.139264,0.0084479999999999989,0.0025599999999999998,,0.012288,,2.226944,21195,18333,628,13.927702800000134
21196,382.35508660005667,278226555335,1,8.3133997395634651,7.5907,7.780352,1.7659,16387,0.001024,3.1764479999999997,,0.03968,0.16614399999999999,0.000256,0.13747199999999998,0.0038399999999999997,0.010239999999999999,,0.0048639999999999994,,2.054656,21196,18334,628,13.935768600000301
21197,382.36328200113377,278226631242,1,8.195401169359684,7.8577,8.305664,1.854,16094,0.001024,3.190528,,0.039168,0.157696,0,0.13183999999999998,0.008192,0.010496,,0.0048639999999999994,,1.928448,21197,18335,628,13.944196200000079
21198,382.37073910147393,278226709819,1,7.4571003206074238,8.0431,8.170752,1.8367,16387,0.001024,3.289088,,0.035584,0.15462399999999998,0,0.134656,0.012544,0.009984,,0.003328,,2.46528,21198,18336,628,13.952171100000214
21199,382.37861339994328,278226790250,1,7.8742988407611847,8.105,7.4432,2.1221,22533,0.0012799999999999999,3.1795199999999997,,0.038655999999999996,0.150528,0,0.13183999999999998,0.007936,0.010239999999999999,,0.004352,,1.9092479999999998,21199,18337,628,13.960078600000088
21200,382.38685130385488,278226871300,1,8.23790393769741,8.3812,7.855872,1.8114,16387,0.001024,3.292416,,0.040704,0.152064,0,0.133376,0.0038399999999999997,0.009984,,0.005632,,2.13632,21200,18338,628,13.967546900000343
21201,382.395108404195,278226955112,1,8.2571003586053848,7.712,8.21632,1.7292,16246,0.001024,3.194368,,0.038655999999999996,0.15692799999999998,0.000256,0.137216,0.0076799999999999993,0.009472,,0.005632,,1.747712,21201,18339,628,13.976038600000265
21202,382.40294220521542,278227032232,1,7.8338012099266052,7.9739,8.230656,1.7168,16387,0.001024,3.2936959999999997,,0.040192,0.15616,0,0.135424,0.0076799999999999993,0.009472,,0.004608,,2.3736319999999997,21202,18340,628,13.984093600000051
21203,382.41088780470523,278227111971,1,7.9455990344285965,7.7122,7.812352,2.1045,15899,0.001024,3.29088,,0.039168,0.182528,0,0.163072,0.009216,0.0025599999999999998,,0.011776,,1.747968,21203,18341,628,13.99161550000008
21204,382.41899600340133,278227189093,1,8.1081986427307129,8.4316,7.922176,2.2461,16387,0.001024,3.2417279999999997,,0.035328,0.156416,0,0.136704,0.0076799999999999993,0.011264,,0.005376,,2.019072,21204,18342,628,13.999798100000135
21205,382.42669070294784,278227273409,1,7.6946993358433247,8.1312,8.101632,1.7329,15899,0.001024,3.292928,,0.035328,0.163072,0,0.144896,0.0076799999999999993,0.010239999999999999,,0.003584,,2.422528,21205,18343,628,14.00748990000011
21206,382.43488129960315,278227354721,1,8.1905964761972427,7.4616,7.668224,1.9625,16387,0.001024,3.1879679999999997,,0.036095999999999996,0.16,0,0.140288,0.0051199999999999996,0.0097279999999999988,,0.005888,,1.92896,21206,18344,628,14.016033600000355
21207,382.44287580073694,278227429337,1,7.994500920176506,8.2179,8.16384,1.9736,15951,0.001024,3.2936959999999997,,0.040192,0.15872,0,0.135424,0.0076799999999999993,0.0097279999999999988,,0.0038399999999999997,,2.196224,21207,18345,628,14.023545800000193
21208,382.45118350340135,278227511516,1,8.3077028393745422,7.5986,7.979264,2.1654,16387,0.001024,3.2399359999999997,,0.040959999999999996,0.158976,0,0.139264,0.0048639999999999994,0.0048639999999999994,,0.029183999999999998,,1.746176,21208,18346,628,14.032617300000311
21209,382.459022002551,278227587502,1,7.8384988009929657,8.6212,8.271104,1.9176,15899,0.001024,3.2345599999999997,,0.039168,0.156416,0.000256,0.13696,0.007424,0.009984,,0.004096,,2.4686079999999997,21209,18347,628,14.039963200000329
21210,382.46696730442176,278227673714,1,7.9453019425272942,7.5098,7.78496,1.8594,16387,0.001024,3.288576,,0.040192,0.181504,0,0.13977599999999998,0.007936,0.0097279999999999988,,0.0051199999999999996,,1.747712,21210,18348,628,14.047750300000189
21211,382.47468020124717,278227748812,1,7.7128969132900238,8.9437,7.981824,2.1434,15899,0.0012799999999999999,3.09632,,0.03968,0.159744,0,0.139264,0.006912,0.003072,,0.011519999999999999,,2.092032,21211,18349,628,14.055411600000298
21212,382.48268790391154,278227838249,1,8.00770241767168,7.4973,7.690496,1.8125,16387,0.001024,3.19872,,0.039168,0.155136,0,0.13696,0.007936,0.009216,,0.0051199999999999996,,2.09792,21212,18350,628,14.063640100000157
21213,382.49069770408164,278227913222,1,8.0097997561097145,7.7946,7.982848,1.8504,15899,0.001024,3.292416,,0.041215999999999996,0.154368,0,0.13516799999999998,0.0076799999999999993,0.0097279999999999988,,0.0048639999999999994,,1.988352,21213,18351,628,14.071573300000182
21214,382.4987933035714,278227991168,1,8.0955997109413147,7.6377,8.001792,2.0755,16589,0.001024,3.275264,,0.038655999999999996,0.169216,0,0.14976,0.0084479999999999989,0.009472,,0.004608,,2.033664,21214,18352,628,14.080009000000246
21215,382.50676650368479,278228067545,1,7.9731997102499008,8.186,8.079616,1.9193,15899,0.001024,3.297536,,0.039936,0.157184,0,0.137216,0.0076799999999999993,0.010496,,0.0048639999999999994,,1.7451519999999998,21215,18353,628,14.087628200000381
21216,382.51454970238092,278228149405,1,7.7831987291574478,7.9594,7.947264,2.1521,16582,0.001024,3.2384,,0.035072,0.155136,0,0.135936,0.007936,0.009984,,0.005376,,2.207744,21216,18354,628,14.09571700000015
21217,382.5227452026644,278228228999,1,8.1954998895525932,8.4253,7.721984,1.8121,15899,0.001024,3.2670719999999998,,0.0384,0.14668799999999999,0,0.128512,0.004096,0.009984,,0.0038399999999999997,,1.747712,21217,18355,628,14.10419710000042
21218,382.53081770124714,278228313252,1,8.0724982544779778,7.6505,8.213504,1.8031,16387,0.001024,3.29472,,0.036351999999999995,0.163328,0,0.144896,0.00896,0.0084479999999999989,,0.005632,,2.326016,21218,18356,628,14.112143000000287
21219,382.53889950396825,278228389757,1,8.081803098320961,8.0607,8.051712,2.2571,15899,0.001024,3.234816,,0.039168,0.15692799999999998,0,0.13747199999999998,0.007424,0.010239999999999999,,0.004352,,1.7471999999999999,21219,18357,628,14.120104000000083
21220,382.54719469954648,278228470364,1,8.2951951771974564,8.4323,8.059392,2.2403,16387,0.001024,3.188736,,0.041728,0.15692799999999998,0,0.136192,0.007424,0.009984,,0.005376,,1.943552,21220,18358,628,14.128169800000251
21221,382.55534569869616,278228554687,1,8.1509994342923164,8.0388,8.274176,1.8922,15899,0.001024,3.19872,,0.038655999999999996,0.15462399999999998,0.000256,0.134912,0.0076799999999999993,0.0097279999999999988,,0.005632,,1.935104,21221,18359,628,14.136176200000136
21222,382.563322002551,278228635075,1,7.9763038083910942,7.7009,8.12672,2.2836,16387,0.001024,3.101696,,0.039424,0.155904,0,0.13644799999999999,0.007936,0.010496,,0.004096,,1.7451519999999998,21222,18360,628,14.144277100000181
21223,382.570984502551,278228712084,1,7.6624997891485691,8.2652,7.952896,1.8501,15899,0.001024,3.1782399999999997,,0.035072,0.1536,0,0.135424,0.007424,0.010752,,0.0048639999999999994,,2.310912,21223,18361,628,14.151899700000286
21224,382.57909559948979,278228794736,1,8.1110969185829163,8.0412,7.613696,1.7427,16387,0.001024,3.2332799999999997,,0.038655999999999996,0.159744,0,0.141056,0.007936,0.010239999999999999,,0.004096,,1.9584,21224,18362,628,14.160135600000103
21225,382.58718950538548,278228875148,1,8.09390563517809,8.1128,8.127744,1.7553,15899,0.001024,3.177984,,0.038911999999999995,0.174592,0.000256,0.13747199999999998,0.007936,0.009984,,0.004096,,2.208768,21225,18363,628,14.167953600000146
21226,382.59547350481859,278228956276,1,8.2839997485280037,7.5327,8.084224,1.8471,16589,0.006144,3.188736,,0.037632,0.150272,0,0.130816,0.007424,0.009472,,0.004352,,1.950208,21226,18364,628,14.176530400000047
21227,382.60334630102039,278229031603,1,7.87279661744833,8.3395,7.911424,1.8853,15899,0.001024,3.177984,,0.0384,0.1664,0.000256,0.142336,0.0084479999999999989,0.000512,,0.013312,,2.20416,21227,18365,628,14.184413500000119
21228,382.61142599914962,278229114998,1,8.07969830930233,7.7733,7.843072,1.8156,16387,0.001024,3.239168,,0.039168,0.16716799999999998,0,0.13286399999999998,0.007936,0.010239999999999999,,0.0051199999999999996,,1.9294719999999999,21228,18366,628,14.192185300000347
21229,382.61903380102041,278229192731,1,7.60780181735754,8.6092,8.058624,1.823,15899,0.001024,3.235328,,0.039936,0.165632,0,0.145664,0.004096,0.009472,,0.004608,,1.7471999999999999,21229,18367,628,14.199779500000204
21230,382.62680070153061,278229278823,1,7.7669005841016769,7.8276,7.59296,1.9368,16387,0.001024,3.174144,,0.038911999999999995,0.155392,0,0.136704,0.007936,0.009216,,0.005632,,1.9578879999999999,21230,18368,628,14.207680299999993
21231,382.63479820011338,278229357099,1,7.9974988475441933,7.8053,7.754496,2.1118,15899,0.0012799999999999999,3.232512,,0.035584,0.15692799999999998,0,0.136704,0.0076799999999999993,0.012544,,0.0051199999999999996,,1.9330559999999999,21231,18369,628,14.215687400000206
21232,382.642656505102,278229435152,1,7.8583052381873131,7.5614,7.968,1.8194,16387,0.001024,3.292672,,0.039936,0.152064,0.000256,0.132608,0.0038399999999999997,0.009984,,0.003328,,2.094592,21232,18370,628,14.223436600000241
21233,382.65128600481859,278229510766,1,8.6294999346137047,7.9659,7.860224,1.7374,15951,0.001024,3.190528,,0.036864,0.15334399999999998,0,0.133632,0.0076799999999999993,0.0097279999999999988,,0.004096,,1.746176,21233,18371,628,14.23268730000018
21234,382.65943139880949,278229590425,1,8.1453938037157059,7.9576,8.603136,1.7276,16387,0.001024,3.293952,,0.038144,0.16153599999999999,0,0.141568,0.0076799999999999993,0.009984,,0.004096,,1.9548159999999999,21234,18372,628,14.240248600000086
21235,382.66804070294785,278229670001,1,8.609304204583168,7.7996,8.129792,2.0824,16094,0.001024,3.177216,,0.041728,0.154112,0.000256,0.13414399999999999,0.005632,0,,0.03584,,2.005248,21235,18373,628,14.249099000000115
21236,382.67628330498866,278229747997,1,8.2426024600863457,9.1102,8.577024,1.9347,16387,0.0012799999999999999,3.19488,,0.041215999999999996,0.154368,0,0.13516799999999998,0.007424,0.009472,,0.0051199999999999996,,2.08128,21236,18374,628,14.257293200000277
21237,382.6848214994331,278229839099,1,8.5381940007209778,7.688,8.23296,2.0944,15899,0.001024,3.0965759999999998,,0.040192,0.159744,0,0.13977599999999998,0.004608,0.011519999999999999,,0.004608,,2.1680639999999998,21237,18375,628,14.265993299999991
21238,382.69334240362809,278229915979,1,8.5209039971232414,8.7702,8.506112,1.9256,16589,0.0012799999999999999,3.274752,,0.036095999999999996,0.158976,0,0.138752,0.0076799999999999993,0.0097279999999999988,,0.0048639999999999994,,2.25664,21238,18376,628,14.274377700000059
21239,382.70162679988658,278230003681,1,8.28439649194479,8.152,8.507392,1.8721,15899,0.001024,3.1057919999999997,,0.040448,0.150528,0,0.131328,0.0076799999999999993,0.0097279999999999988,,0.0051199999999999996,,1.94048,21239,18377,628,14.282760500000222
21240,382.71013790391157,278230085201,1,8.5111036896705627,8.7431,8.260096,1.8148,22171,0.001024,3.24224,,0.039936,0.176896,0,0.136704,0.0076799999999999993,0.010239999999999999,,0.0038399999999999997,,2.2031359999999998,21240,18378,628,14.291154100000313
21241,382.7178982993197,278230172632,1,7.7603952959179878,8.4465,8.488704,1.9941,15899,0.0012799999999999999,3.2017919999999997,,0.038911999999999995,0.181248,0,0.162304,0.008704,0,,0.014079999999999999,,2.158848,21241,18379,628,14.298866700000417
21242,382.7265288052721,278230257097,1,8.63050576299429,8.3515,7.74144,1.8065,16387,0.001024,3.232256,,0.038911999999999995,0.153856,0,0.13414399999999999,0.0076799999999999993,0.011007999999999999,,0.004352,,1.975296,21242,18380,628,14.307702200000222
21243,382.73479190051017,278230340612,1,8.2630952820181847,8.4091,8.608512,2.1604,15899,0.006144,3.280896,,0.041728,0.158208,0,0.13849599999999998,0.007424,0.00896,,0.004608,,1.9560959999999998,21243,18381,628,14.31601210000008
21244,382.74358260345804,278230424703,1,8.7907025590538979,7.6306,8.252416,1.8758,16387,0.001024,3.183616,,0.0448,0.159488,0,0.13952,0.007936,0.0097279999999999988,,0.004352,,2.143488,21244,18382,628,14.324861300000066
21245,382.75197660147393,278230501009,1,8.3939982578158379,8.9191,8.763904,1.9739,15899,0.001024,3.2962559999999996,,0.040704,0.155392,0,0.13516799999999998,0.007936,0.0097279999999999988,,0.004352,,2.252288,21245,18383,628,14.332938000000013
21246,382.76047069869611,278230590200,1,8.49409680813551,8.2421,8.38528,1.9263,16387,0.285952,3.272704,,0.036351999999999995,0.153088,0,0.13414399999999999,0.0038399999999999997,0.009984,,0.005376,,2.109696,21246,18384,628,14.341593800000282
21247,382.76876850198408,278230672621,1,8.29780288040638,8.8718,8.477696,1.883,15899,0.001024,3.247616,,0.041471999999999995,0.155904,0,0.135936,0.0076799999999999993,0.010752,,0.0051199999999999996,,1.983488,21247,18385,628,14.349644800000078
21248,382.77726560374145,278230761339,1,8.4971021860837936,8.0513,8.273664,2.0051,16387,0.001024,3.289856,,0.042496,0.157184,0,0.137728,0.007936,0.008704,,0.004352,,2.045696,21248,18386,628,14.358211100000062
21249,382.7854966057256,278230841852,1,8.2310019060969353,8.7217,8.483584,1.9694,15899,0.001024,3.292416,,0.038144,0.15872,0,0.138752,0.0076799999999999993,0.010752,,0.0038399999999999997,,1.958656,21249,18387,628,14.366347200000291
21250,382.79367730300453,278230929069,1,8.1806974485516548,8.0477,8.190464,1.8474,16734,0.001024,3.2350719999999997,,0.038655999999999996,0.155904,0,0.13568,0.0076799999999999993,0.009984,,0.005376,,2.0441599999999998,21250,18388,628,14.374565100000382
21251,382.802059502551,278231009546,1,8.3821993321180344,8.5526,8.17664,1.8323,15899,0.001024,3.101952,,0.040959999999999996,0.155136,0.000256,0.135424,0.0076799999999999993,0.0097279999999999988,,0.0038399999999999997,,2.01344,21251,18389,628,14.382816300000286
21252,382.81029860402492,278231095072,1,8.2391016185283661,8.1577,8.348672,1.8191,16387,0.001024,3.288576,,0.03584,0.152576,0,0.133376,0.012544,0.0097279999999999988,,0.0038399999999999997,,2.2144,21252,18390,628,14.391142800000125
21253,382.81811609977325,278231176649,1,7.8174956142902374,8.2048,8.221696,1.9915,16094,0.001024,3.2350719999999997,,0.041471999999999995,0.15616,0,0.13696,0.0051199999999999996,0.0097279999999999988,,0.0051199999999999996,,2.052864,21253,18391,628,14.399127500000304
21254,382.82634019982993,278231258697,1,8.22409987449646,8.2742,7.788544,1.7737,16387,0.0012799999999999999,3.289088,,0.041984,0.15616,0,0.136192,0.007424,0.0097279999999999988,,0.004096,,2.014976,21254,18392,628,14.40700330000027
21255,382.83477880527209,278231341439,1,8.4386058151721954,8.356,8.21504,2.5179,15899,0.001024,3.292672,,0.040704,0.165632,0,0.145152,0.007424,0.010496,,0.0048639999999999994,,1.955328,21255,18393,628,14.415609900000163
21256,382.84304730017004,278231424999,1,8.2684950903058052,7.9538,8.416256,1.9165,16387,0.001024,3.279616,,0.039424,0.15564799999999998,0,0.13696,0.007424,0.010239999999999999,,0.005376,,2.225408,21256,18394,628,14.424001800000042
21257,382.85124460034012,278231504537,1,8.197300136089325,7.8887,8.248576,1.7945,15951,0.001024,3.280896,,0.041215999999999996,0.154112,0.000256,0.133632,0.010239999999999999,0.009472,,0.004608,,1.747456,21257,18395,628,14.432316300000366
21258,382.85929760487528,278231583424,1,8.0530047416687012,8.5984,8.176896,1.7556,16387,0.001024,3.293952,,0.041728,0.16127999999999998,0.000256,0.13849599999999998,0.007936,0.0097279999999999988,,0.005376,,2.200832,21258,18396,628,14.440052800000103
21259,382.86693330498866,278231669408,1,7.6357000507414341,8.3223,8.040704,1.7608,15899,0.001024,3.182336,,0.043008,0.157696,0.000256,0.138752,0.007424,0.0097279999999999988,,0.004608,,2.0024319999999998,21259,18397,628,14.447624400000223
21260,382.87486349914963,278231752631,1,7.9301940277218819,8.1858,7.61472,1.9766,16387,0.001024,3.1045119999999997,,0.038911999999999995,0.154368,0.000256,0.13568,0.007424,0.009984,,0.004608,,2.01728,21260,18398,628,14.456208300000071
21261,382.883360303288,278231834489,1,8.4968041628599167,7.9743,7.905536,1.6997,22533,0.001024,3.2381439999999997,,0.03968,0.164096,0,0.145664,0.007424,0.009984,,0.004096,,2.23616,21261,18399,628,14.46422849999999
21262,382.89133049886618,278231914232,1,7.9701952636241913,7.5545,8.475648,2.0411,16387,0.001024,3.2696319999999996,,0.040192,0.15488,0.000256,0.134912,0.009472,0.000768,,0.013056,,2.1808639999999997,21262,18400,628,14.472290500000327
21263,382.89960980017,278231989777,1,8.2793012261390686,8.2775,7.954688,1.7321,16101,0.001024,3.234816,,0.039424,0.15001599999999998,0,0.131584,0.0076799999999999993,0.009984,,0.005376,,2.2399999999999998,21263,18401,628,14.480526199999986
21264,382.90752120181406,278232072552,1,7.9114018008112907,8.3094,8.26752,1.7489,16387,0.002304,3.1014399999999998,,0.041215999999999996,0.151552,0,0.13183999999999998,0.0076799999999999993,0.009472,,0.005376,,1.7471999999999999,21264,18402,628,14.4883619000002
21265,382.91515260062357,278232155646,1,7.6313987374305725,8.077,7.885312,1.9613,15899,0.001024,3.098624,,0.038655999999999996,0.15564799999999998,0.000256,0.137216,0.003584,0.0097279999999999988,,0.004096,,2.306304,21265,18403,628,14.495811800000411
21266,382.92320600198411,278232236416,1,8.0534014850854874,8.2404,7.623424,2.1493,16387,0.0012799999999999999,3.1764479999999997,,0.039168,0.159488,0,0.141056,0.0084479999999999989,0.009472,,0.004352,,1.7487359999999998,21266,18404,628,14.504154700000072
21267,382.93122250566893,278232318820,1,8.0165034160017967,7.7929,8.027136,1.8555,15899,0.001024,3.284224,,0.039168,0.158464,0,0.1344,0.0076799999999999993,0.009984,,0.0038399999999999997,,2.079488,21267,18405,628,14.511972300000252
21268,382.93889250283445,278232396749,1,7.6699969358742237,7.4765,7.941632,1.7317,16387,0.001024,3.0978559999999997,,0.039936,0.153856,0,0.1344,0.007424,0.009472,,0.005632,,1.95328,21268,18406,628,14.519793800000116
21269,382.94707630385489,278232471514,1,8.1838006153702736,8.2861,7.712256,1.9248,15899,0.001024,3.22688,,0.038911999999999995,0.16383999999999999,0.000256,0.14438399999999998,0.008192,0.002304,,0.011264,,1.945088,21269,18407,628,14.527876999999989
21270,382.95527190334468,278232554375,1,8.1955995410680771,7.8773,8.154368,1.8081,16387,0.001024,3.268608,,0.036864,0.159488,0.000256,0.13977599999999998,0.007936,0.010239999999999999,,0.004352,,1.7489919999999999,21270,18408,628,14.536344500000268
21271,382.96351050170068,278232633148,1,8.2385987043380737,7.6504,8.169472,1.7509,15899,0.001024,3.296,,0.040959999999999996,0.178944,0,0.159744,0.007936,0.0097279999999999988,,0.004608,,1.9458559999999998,21271,18409,628,14.544556700000157
21272,382.97210920493194,278232709652,1,8.59870295971632,8.2301,8.228352,1.8021,16582,0.001024,3.23072,,0.036864,0.155904,0,0.13312,0.011776,0.0097279999999999988,,0.004096,,2.10176,21272,18410,628,14.552973400000155
21273,382.980349199263,278232791953,1,8.2399947568774223,8.2828,8.574208,1.8661,15899,0.001024,3.2417279999999997,,0.040448,0.154112,0.000256,0.133888,0.007424,0.010496,,0.005888,,1.9711999999999998,21273,18411,628,14.561281900000267
21274,382.98893870464849,278232874781,1,8.5895052179694176,8.3257,8.191232,1.8005,16387,0.001024,3.180288,,0.039936,0.156672,0.000256,0.13696,0.0076799999999999993,0.0097279999999999988,,0.0038399999999999997,,2.098176,21274,18412,628,14.569883699999991
21275,382.99733700396825,278232958038,1,8.3982991054654121,8.467,8.598272,2.1718,51243,0.0012799999999999999,3.1825919999999996,,0.041984,0.16025599999999998,0,0.140032,0.007424,0.010496,,0.004096,,1.955584,21275,18413,628,14.579543700000158
21276,383.00573770549886,278233042708,1,8.40070191770792,8.2787,8.38912,1.8909,46535,0.0012799999999999999,3.272192,,0.041984,0.158464,0,0.13849599999999998,0.0076799999999999993,0.009216,,0.006144,,1.975808,21276,18414,628,14.586718000000019
21277,383.01399890164396,278233125495,1,8.2611963152885437,8.5947,8.362752,2.1168,15899,0.001024,3.178496,,0.03968,0.15616,0,0.135936,0.007424,0.0097279999999999988,,0.004096,,2.2336,21277,18415,628,14.595284500000162
21278,383.0229937003968,278233211442,1,8.9947991073131561,9.3882,8.250112,1.9905,16387,0.001024,3.235328,,0.037632,0.153088,0,0.133376,0.0076799999999999993,0.009216,,0.004096,,2.034688,21278,18416,628,14.604045600000063
21279,383.0319551020408,278233305324,1,8.9614018797874451,7.4812,8.942848,1.9916,15899,0.001024,3.2302079999999997,,0.039424,0.155136,0,0.136192,0.007424,0.009472,,0.0038399999999999997,,1.766144,21279,18417,628,14.613098799999989
21280,383.04039170209751,278233380136,1,8.4365997463464737,8.5185,8.96896,2.1478,16387,0.001024,3.292416,,0.043264,0.15462399999999998,0,0.13516799999999998,0.007424,0.009472,,0.004608,,2.192128,21280,18418,628,14.621256700000231
21281,383.04906510062358,278233465321,1,8.67339875549078,8.7831,8.427264,2.2765,15899,0.001024,3.296512,,0.039168,0.169984,0,0.149504,0.004608,0.012288,,0.005888,,2.242304,21281,18419,628,14.630664800000432
21282,383.05740500283446,278233553152,1,8.3399023860692978,9.0715,8.645888,2.126,16439,0.001024,3.300608,,0.040704,0.15129599999999999,0,0.131328,0.007424,0.009472,,0.004352,,2.2399999999999998,21282,18420,628,14.638412400000107
21283,383.06576830357142,278233643867,1,8.3633009344339371,8.194,8.329472,2.0316,33470,0.001024,3.180544,,0.035072,0.162048,0.000256,0.142848,0.003584,0.0097279999999999988,,0.004096,,2.1729279999999997,21283,18421,628,14.646843100000297
21284,383.0738104024943,278233725807,1,8.0420989543199539,9.2743,8.342016,4.1488,30772,0.001024,3.2919039999999997,,0.044544,0.15334399999999998,0.000256,0.133632,0.010496,0.009472,,0.0038399999999999997,,2.216704,21284,18422,628,14.655310400000417
21285,383.08302610544217,278233818550,1,9.2157032340765,7.84,8.013056,1.9818,15899,0.001024,3.1075839999999997,,0.034816,0.16255999999999998,0,0.14336,0.008192,0.009984,,0.004096,,2.1107199999999997,21285,18423,628,14.664155600000413
21286,383.09163520408163,278233896950,1,8.609098382294178,8.361,8.856832,1.8994,16387,0.001024,3.30112,,0.041215999999999996,0.162048,0,0.141824,0.0076799999999999993,0.009984,,0.004608,,2.093568,21286,18424,628,14.672750300000189
21287,383.09965719954647,278233980560,1,8.0219954252243042,8.3372,8.598016,2.2787,16101,0.001024,3.098112,,0.035328,0.15488,0.000256,0.13644799999999999,0.007424,0.010496,,0.005632,,2.3447039999999997,21287,18425,628,14.681032000000414
21288,383.10780279903628,278234063932,1,8.1455996260046959,9.0561,7.993344,1.9302,33958,0.001024,3.233536,,0.039424,0.157696,0.000256,0.13696,0.004096,0.003328,,0.033791999999999996,,2.002944,21288,18426,628,14.689235100000133
21289,383.11604430272109,278234154493,1,8.2415034994483,8.6316,8.115712,1.928,30301,0.001024,3.2345599999999997,,0.040192,0.169984,0,0.150528,0.008192,0.000256,,0.013312,,2.03648,21289,18427,628,14.697328600000219
21290,383.12394130527207,278234240809,1,7.8970026224851608,8.1764,8.220416,2.149,16582,0.001024,3.277312,,0.039424,0.160512,0,0.140288,0.011264,0.011776,,0.0051199999999999996,,2.0416,21290,18428,628,14.704879100000198
21291,383.13215690192743,278234322573,1,8.21559689939022,8.2104,7.885824,2.3779,15899,0.001024,3.239168,,0.040959999999999996,0.16025599999999998,0,0.140288,0.0076799999999999993,0.011007999999999999,,0.005376,,2.078208,21291,18429,628,14.713018200000079
21292,383.14035179988662,278234404677,1,8.1948982551693916,8.1656,8.188416,1.9799,33958,0.001024,3.230464,,0.040959999999999996,0.153856,0,0.13414399999999999,0.012032,0.009472,,0.004096,,1.956864,21292,18430,628,14.721104100000048
21293,383.1484623015873,278234486333,1,8.110501803457737,7.5268,8.191744,2.2847,30284,0.001024,3.1744,,0.039424,0.16153599999999999,0.000256,0.141824,0.005376,0.011264,,0.0038399999999999997,,2.22592,21293,18431,628,14.729346400000395
21294,383.156634502551,278234561601,1,8.1722009927034378,8.1621,8.062976,2.1042,16387,0.001024,3.1936,,0.041471999999999995,0.150784,0,0.130304,0.0076799999999999993,0.0097279999999999988,,0.003584,,1.9425279999999998,21294,18432,628,14.737579200000255
21295,383.1643657029478,278234643222,1,7.7312001958489418,8.0972,8.173056,2.1603,15899,0.001024,3.2931839999999997,,0.039936,0.16,0.000256,0.140032,0.005632,0.0025599999999999998,,0.012544,,2.190336,21295,18433,628,14.745031600000402
21296,383.17254119897956,278234724194,1,8.1754960119724274,8.2427,7.710464,1.7054,121813,0.17536,3.093248,,0.040959999999999996,0.163072,0,0.144128,0.003584,0.010239999999999999,,0.0051199999999999996,,1.7471999999999999,21296,18434,628,14.753854800000227
21297,383.18065040391156,278234806621,1,8.1092044711112976,8.2838,8.148736,2.0944,109387,0.001024,3.244544,,0.039168,0.151808,0.000256,0.132096,0.007168,0.009984,,0.0048639999999999994,,2.1475839999999997,21297,18435,628,14.762023900000258
21298,383.18853080357144,278234889459,1,7.8803999349474907,7.424,8.11136,2.0685,86671,0.001024,3.2737279999999997,,0.040704,0.16153599999999999,0,0.13183999999999998,0.007936,0.009472,,0.0038399999999999997,,1.747968,21298,18436,628,14.769340199999988
21299,383.19634360119045,278234963699,1,7.812798023223877,8.429,7.845632,2.134,77775,0.001024,3.286272,,0.039424,0.151808,0,0.132096,0.007168,0.010239999999999999,,0.003584,,2.033664,21299,18437,628,14.777241700000104
21300,383.20424550028343,278235047989,1,7.901899516582489,8.2981,7.796736,1.9178,16387,0.001024,3.2696319999999996,,0.038911999999999995,0.156672,0,0.13849599999999998,0.007936,0.009216,,0.005632,,2.0805119999999997,21300,18438,628,14.785002400000394
21301,383.21242730300452,278235130970,1,8.1818029284477234,7.4934,7.882752,2.0773,15899,0.0012799999999999999,3.1933439999999997,,0.043008,0.15488,0,0.135424,0.004608,0.002304,,0.012288,,1.9312639999999999,21301,18439,628,14.793498
21302,383.22015020549884,278235205904,1,7.7229025773704052,7.9942,8.142592,1.7649,16387,0.001024,3.234304,,0.03584,0.16153599999999999,0,0.142592,0.007424,0.009984,,0.0051199999999999996,,2.2092799999999997,21302,18440,628,14.80110650000006
21303,383.22790380527209,278235285846,1,7.753599900752306,7.7679,7.610624,1.9817,15899,0.0012799999999999999,3.18592,,0.035328,0.151808,0,0.13286399999999998,0.0076799999999999993,0.009984,,0.004352,,1.9530239999999999,21303,18441,628,14.809231000000182
21304,383.23573849914965,278235363525,1,7.8346934169530869,8.4672,7.838464,1.6967,16387,0.001024,3.2652799999999997,,0.041215999999999996,0.154368,0,0.135424,0.003584,0.009472,,0.004352,,1.9312639999999999,21304,18442,628,14.816512100000182
21305,383.24362509920633,278235448197,1,7.8865997493267059,7.4376,7.819776,1.8177,15899,0.0012799999999999999,3.23968,,0.03584,0.157696,0,0.138752,0.0076799999999999993,0.011007999999999999,,0.004608,,1.9274239999999998,21305,18443,628,14.824527600000238
21306,383.25219029903627,278235522573,1,8.5651995614171028,8.1148,7.867648,1.8451,16387,0.001024,3.240704,,0.041471999999999995,0.15231999999999998,0,0.132608,0.007424,0.009472,,0.0048639999999999994,,1.93152,21306,18444,628,14.832843200000298
21307,383.26039490504536,278235603721,1,8.2046063616871834,7.5085,8.553728,1.7411,15951,0.001024,3.271168,,0.040192,0.165376,0,0.13568,0.007936,0.010239999999999999,,0.0048639999999999994,,2.218496,21307,18445,628,14.841605300000083
21308,383.26807599914963,278235678806,1,7.6810941100120544,8.0099,8.134144,1.8344,16387,0.001024,3.294464,,0.040959999999999996,0.156672,0,0.136704,0.007424,0.0097279999999999988,,0.0038399999999999997,,1.9276799999999998,21308,18446,628,14.848760500000026
21309,383.27595009920634,278235758905,1,7.8741004690527916,8.2964,7.696896,1.9828,16094,0.001024,3.292928,,0.040704,0.163072,0,0.14438399999999998,0.007424,0.0097279999999999988,,0.004096,,2.021376,21309,18447,628,14.857245500000317
21310,383.28419440192744,278235841869,1,8.2443030551075935,8.7275,7.8592,1.9707,22171,0.001024,3.290368,,0.040448,0.15616,0,0.135936,0.0076799999999999993,0.010239999999999999,,0.0038399999999999997,,1.9491839999999998,21310,18448,628,14.865207199999986
21311,383.2925407029478,278235929144,1,8.3463005721569061,7.2186,8.218368,2.3165,33945,0.001024,3.289856,,0.038911999999999995,0.15616,0,0.137216,0.003328,0.010239999999999999,,0.005376,,2.089728,21311,18449,628,14.873499900000297
21312,383.30042640306118,278236001330,1,7.8857000917196274,8.0582,8.336128,1.9212,30772,0.001024,3.185152,,0.040448,0.160512,0,0.140544,0.0076799999999999993,0.009984,,0.0051199999999999996,,1.9276799999999998,21312,18450,628,14.881570300000021
21313,383.30825690192745,278236081912,1,7.8304987400770187,8.3736,7.868416,2.14,15899,0.001024,3.27296,,0.039168,0.154112,0,0.1344,0.003584,0.007168,,0.006912,,2.077952,21313,18451,628,14.890060300000187
21314,383.31600660430837,278236165648,1,7.74970231577754,8.2484,7.804928,1.7225,16387,0.001024,3.173632,,0.036608,0.16153599999999999,0,0.141056,0.008192,0.009216,,0.005888,,1.9525119999999998,21314,18452,628,14.896872500000427
21315,383.32403790391157,278236248132,1,8.0312993377447128,7.8934,7.724544,1.9079,15899,0.001024,3.100416,,0.040192,0.160768,0,0.141056,0.0076799999999999993,0.011264,,0.0048639999999999994,,1.949952,21315,18453,628,14.904929500000435
21316,383.33219430272106,278236327066,1,8.156399242579937,8.2591,8.0064,1.9361,16387,0.001024,3.2737279999999997,,0.039424,0.155904,0,0.134656,0.0038399999999999997,0.009984,,0.004608,,2.1040639999999997,21316,18454,628,14.913588300000356
21317,383.34047850056686,278236409657,1,8.2841981202363968,7.2287,8.144128,1.9388,15899,0.001024,3.29344,,0.041215999999999996,0.15795199999999998,0,0.13824,0.007424,0.0097279999999999988,,0.0038399999999999997,,2.156288,21317,18455,628,14.921296700000312
21318,383.34858180272107,278236481944,1,8.1033017486333847,8.0469,8.260864,1.8262,16387,0.001536,3.242496,,0.042496,0.164352,0.000256,0.144896,0.0038399999999999997,0.009472,,0.004096,,2.109696,21318,18456,628,14.929333800000222
21319,383.35709170209748,278236562413,1,8.5098994895815849,8.4211,8.085504,1.7805,15899,0.001024,3.1124479999999997,,0.041984,0.157184,0,0.13696,0.007424,0.009472,,0.0048639999999999994,,1.9742719999999998,21319,18457,628,14.938871500000005
21320,383.36546290391158,278236646624,1,8.3712022751569748,7.9606,8.489216,2.1465,16387,0.001024,3.27296,,0.040448,0.159744,0,0.140032,0.006656,0.009984,,0.0051199999999999996,,2.219008,21320,18458,628,14.946346300000187
21321,383.37396490221084,278236726230,1,8.5019981488585472,8.0536,8.354048,1.9314,15899,0.001024,3.105024,,0.036608,0.157184,0,0.13696,0.0076799999999999993,0.0097279999999999988,,0.0048639999999999994,,1.764864,21321,18459,628,14.955591200000072
21322,383.3824843041383,278236806766,1,8.5194017738103867,9.0371,8.47488,1.9786,16387,0.001024,3.2980479999999996,,0.040959999999999996,0.15872,0.000256,0.13824,0.006656,0.009472,,0.005888,,2.1952,21322,18460,628,14.96359960000018
21323,383.39103500566893,278236897137,1,8.5507016628980637,7.9776,8.505344,2.2862,22533,0.001024,3.281152,,0.03968,0.16153599999999999,0,0.141568,0.009472,0.001792,,0.012032,,1.9043839999999999,21323,18461,628,14.972322800000256
21324,383.40019940476191,278236976913,1,9.1643994674086571,9.1229,8.52864,1.7774,16589,0.0012799999999999999,3.3003519999999997,,0.044031999999999995,0.16512,0,0.145664,0.0076799999999999993,0.010496,,0.0051199999999999996,,2.2412799999999997,21324,18462,628,14.981274700000085
21325,383.40821190476191,278237068142,1,8.0124996602535248,7.8749,9.16096,2.0251,15899,0.001024,3.1057919999999997,,0.038911999999999995,0.162816,0,0.143872,0.0084479999999999989,0.009472,,0.004608,,2.2464,21325,18463,628,14.988970000000336
21326,383.41673280187075,278237146891,1,8.52089747786522,8.8998,7.990016,2.2486,16387,0.001024,3.2647679999999997,,0.036864,0.15692799999999998,0,0.13824,0.0048639999999999994,0.010239999999999999,,0.0051199999999999996,,2.1022719999999997,21326,18464,628,14.997678300000189
21327,383.42447100340132,278237235889,1,7.7382014133036137,9.0212,8.43136,2.0179,15899,0.001024,3.102208,,0.039424,0.14976,0,0.131328,0.004096,0.009984,,0.0051199999999999996,,2.187776,21327,18465,628,15.005494400000316
21328,383.43294040532879,278237326101,1,8.4694018587470055,7.6857,7.77344,2.2184,16582,0.0012799999999999999,3.2319999999999998,,0.035328,0.154368,0,0.135424,0.003328,0.009984,,0.004096,,2.043136,21328,18466,628,15.01380300000028
21329,383.4410536989796,278237402958,1,8.1132939085364342,8.6962,8.448512,1.7874,15899,0.001024,3.239168,,0.03968,0.154368,0,0.134656,0.0063999999999999994,0.010752,,0.0051199999999999996,,1.9512319999999999,21329,18467,628,15.021734900000411
21330,383.44949260204078,278237489920,1,8.4389029070734978,7.8088,8.095232,1.8812,16387,0.0012799999999999999,3.24096,,0.041471999999999995,0.15872,0,0.13849599999999998,0.0076799999999999993,0.0097279999999999988,,0.004096,,1.957376,21330,18468,628,15.030261000000337
21331,383.45765120464853,278237568008,1,8.1586027517914772,8.2749,8.419584,2.1272,15899,0.001024,3.2980479999999996,,0.041215999999999996,0.159488,0.000256,0.140032,0.0076799999999999993,0.0097279999999999988,,0.0038399999999999997,,2.1831679999999998,21331,18469,628,15.039146600000095
21332,383.46601740362809,278237650757,1,8.36619921028614,7.9979,8.144896,2.0073,16439,0.0012799999999999999,3.2345599999999997,,0.040448,0.15564799999999998,0,0.136704,0.007424,0.009472,,0.0051199999999999996,,2.039808,21332,18470,628,15.046806700000161
21333,383.47476300311791,278237730736,1,8.7455995380878448,8.5169,8.336128,1.9465,15899,0.001024,3.176704,,0.038655999999999996,0.153088,0,0.13286399999999998,0.0097279999999999988,0.0097279999999999988,,0.0051199999999999996,,1.749248,21333,18471,628,15.055737399999998
21334,383.48283540249429,278237815905,1,8.0723995342850685,8.8307,8.722432,1.8345,16387,0.001024,3.277568,,0.040448,0.164096,0,0.143872,0.003584,0.009472,,0.004096,,2.463232,21334,18472,628,15.063634500000262
21335,383.49049000141724,278237904212,1,7.6545989140868187,7.7563,8.067328,1.8233,15899,0.001024,3.092736,,0.044288,0.16,0,0.140288,0.008192,0.0097279999999999988,,0.0048639999999999994,,1.955328,21335,18473,628,15.0714696
21336,383.4983080994898,278237981775,1,7.8180981799960136,8.8889,7.621632,2.1032,16589,0.001024,3.106816,,0.038655999999999996,0.15488,0.000256,0.13568,0.007936,0.009984,,0.0038399999999999997,,2.106112,21336,18474,628,15.07952830000022
21337,383.50661090561221,278238070664,1,8.3028059452772141,7.9131,7.80032,1.7747,15899,0.001024,3.183616,,0.038655999999999996,0.17740799999999998,0,0.137216,0.007936,0.009984,,0.005376,,1.9274239999999998,21337,18475,628,15.087434300000041
