observation_frame,unscaled_time,frame_timing_timestamp,segment,"frame_interval_ms","cpu_frame_ms","gpu_frame_ms","cpu_render_thread_ms","gc_allocated_in_editor_frame_bytes","VSM.LayoutRemap_gpu_ms","VSM.Allocate_gpu_ms","VSM.InvalidateStatic_gpu_ms","VSM.ClearPhysicalPages_gpu_ms","VSM.StaticCasterCull_gpu_ms","VSM.DynamicCasterCull_gpu_ms","VSM.PageCull_gpu_ms","VSM.StaticRaster_gpu_ms","VSM.DynamicRaster_gpu_ms","VSM.UnityCompatibilityRaster_gpu_ms","VSM.FinalizePages_gpu_ms","VSM.ResetFeedback_gpu_ms","VSM.ResolveAndFeedback_gpu_ms",observed_camera_frame,observed_camera_serial,window_repaint_count,seconds_since_window_repaint
23857,403.662825,278439625663,1,7.8615006059408188,8.2889,7.882752,1.9192,15899,0.001024,3.2394239999999996,,0.036608,0.16153599999999999,0,0.14207999999999998,0.007936,0.009984,,0.0038399999999999997,,1.7469439999999998,23857,20995,696,0.810035599999992
23858,403.6706625,278439708552,1,7.8375004231929779,8.5496,7.840768,1.711,16387,0.001024,3.179264,,0.039168,0.155136,0,0.136704,0.0076799999999999993,0.009984,,0.003328,,2.162944,23858,20996,696,0.81815240000014455
23859,403.678869005102,278439794048,1,8.2065053284168243,7.6077,7.825152,1.8188,16094,0.001024,3.2883199999999997,,0.039168,0.155904,0,0.137216,0.007424,0.009984,,0.004096,,2.054912,23859,20997,696,0.82628079999994952
23860,403.68677650226755,278439870125,1,7.907496765255928,7.8105,8.18816,2.0107,16387,0.001024,3.274496,,0.042496,0.166656,0,0.131328,0.007936,0.0097279999999999988,,0.003584,,2.256128,23860,20998,696,0.83395250000012311
23861,403.69436259920633,278439948230,1,7.5860968790948391,8.0952,7.886592,2.0456,15899,0.001024,3.18336,,0.044031999999999995,0.155136,0,0.13568,0.007424,0.009984,,0.004352,,1.74976,23861,20999,696,0.84153340000011667
23862,403.70231280470517,278440029182,1,7.9502053558826447,8.1647,7.560704,1.767,16387,0.001024,3.095808,,0.039424,0.153088,0,0.13312,0.007424,0.00896,,0.0048639999999999994,,1.935104,23862,21000,696,0.84962919999998121
23863,403.71057480158731,278440110829,1,8.261997252702713,7.6865,7.934464,1.752,22175,0.001024,3.172096,,0.035584,0.15616,0,0.137216,0.0076799999999999993,0.009984,,0.0038399999999999997,,2.217984,23863,21001,696,0.85822180000013759
23864,403.71851000566892,278440187694,1,7.9352045431733131,7.5504,8.233984,1.9471,16387,0.001024,3.190784,,0.035584,0.158976,0.000256,0.140288,0.004096,0.008704,,0.005632,,2.1875199999999997,23864,21002,696,0.86710829999992711
23865,403.72672830215419,278440263198,1,8.2182968035340309,8.0423,7.918592,1.9547,15899,0.001024,3.190784,,0.035584,0.158976,0.000256,0.140288,0.004096,0.008704,,0.005632,,2.1875199999999997,23865,21003,696,0.87414040000021487
23866,403.73522350481858,278440343621,1,8.4952022880315781,8.562,8.209408,1.887,16387,0.001024,3.17568,,0.03968,0.16025599999999998,0,0.140032,0.005888,0.03584,,0.004352,,1.9456,23866,21004,696,0.882840700000088
23867,403.7430693027211,278440429241,1,7.8457975760102272,8.4633,8.472832,1.8963,15899,0.001024,3.241472,,0.035584,0.15334399999999998,0,0.1344,0.007424,0.0097279999999999988,,0.005376,,2.292992,23867,21005,696,0.89044530000001032
23868,403.75064100056687,278440513874,1,7.5716977007687092,7.4713,7.815424,1.7554,16387,0.001024,3.179008,,0.045312,0.152576,0.000256,0.130816,0.007936,0.0097279999999999988,,0.0048639999999999994,,1.7469439999999998,23868,21006,696,0.89812720000008994
23869,403.75871330073693,278440588587,1,8.0722998827695847,8.7928,7.555584,1.8087,15899,0.001024,3.098368,,0.035584,0.1792,0,0.159744,0.007936,0.009216,,0.0048639999999999994,,1.926912,23869,21007,696,0.90602519999993092
23870,403.76686810515872,278440676515,1,8.1548048183321953,7.5725,8.060416,1.9594,16387,0.001024,3.1744,,0.043008,0.153088,0,0.133888,0.0076799999999999993,0.010239999999999999,,0.005376,,1.9358719999999998,23870,21008,696,0.91436299999986659
23871,403.77485830498864,278440752240,1,7.9902000725269318,7.7032,8.138752,1.7961,15899,0.001024,3.294208,,0.041984,0.16255999999999998,0,0.141056,0.0076799999999999993,0.010496,,0.004352,,1.7502719999999998,23871,21009,696,0.92238290000022971
23872,403.7831246031746,278440829272,1,8.2662981003522873,7.8713,7.963392,1.901,16387,0.0012799999999999999,3.234304,,0.035328,0.156672,0,0.13824,0.007168,0.00896,,0.005888,,2.21696,23872,21010,696,0.93031269999983124
23873,403.79100279903628,278440907985,1,7.8781954944133759,8.3841,8.242688,1.8528,15951,0.001024,3.179008,,0.039424,0.17152,0,0.12928,0.0076799999999999993,0.0097279999999999988,,0.005632,,2.04672,23873,21011,696,0.93820559999994657
23874,403.79862740221085,278440991826,1,7.6246033422648907,7.9969,7.858432,1.8245,16387,0.001024,3.276032,,0.037376,0.154112,0,0.134912,0.0076799999999999993,0.009984,,0.0048639999999999994,,2.191616,23874,21012,696,0.94605959999989864
23875,403.80656889880953,278441071795,1,7.9414965584874153,7.9291,7.602432,1.845,15899,0.001024,3.24224,,0.03968,0.156416,0,0.137216,0.007424,0.0097279999999999988,,0.004352,,1.7484799999999998,23875,21013,696,0.95413700000017343
23876,403.81456930272105,278441151086,1,8.0004036426544189,7.8861,7.917568,1.7392,16589,0.0012799999999999999,3.2967679999999997,,0.035328,0.150784,0,0.132096,0.007424,0.0097279999999999988,,0.004608,,2.008064,23876,21014,696,0.96173910000015894
23877,403.82269800170064,278441229947,1,8.1286989152431488,7.853,7.984128,1.9141,15899,0.001024,3.23584,,0.040448,0.156672,0,0.137216,0.0076799999999999993,0.0097279999999999988,,0.0048639999999999994,,1.928704,23877,21015,696,0.97030499999982567
23878,403.83082740221084,278441308477,1,8.1294002011418343,8.0534,8.120576,1.899,16582,0.001024,3.1697919999999997,,0.040704,0.16127999999999998,0,0.141568,0.0076799999999999993,0.009472,,0.004608,,2.091008,23878,21016,696,0.97797959999979867
23879,403.83889950396826,278441389011,1,8.0721015110611916,7.6425,8.101888,1.7845,15899,0.001024,3.195648,,0.23449599999999998,0.154112,0,0.134912,0.0076799999999999993,0.0097279999999999988,,0.004608,,2.1155839999999997,23879,21017,696,0.9861679999999069
23880,403.84692520549885,278441465436,1,8.0257011577487,8.5586,8.048896,1.6957,16387,0.001024,3.28064,,0.043519999999999996,0.160512,0,0.140288,0.0076799999999999993,0.009472,,0.0051199999999999996,,1.9363839999999999,23880,21018,696,0.99413279999998849
23881,403.85478229875281,278441551022,1,7.8570935875177383,7.6816,8.006912,1.839,15899,0.001024,3.2901119999999997,,0.03584,0.15488,0,0.135936,0.003584,0.010239999999999999,,0.004352,,2.0974079999999997,23881,21019,696,1.0020269000001463
23882,403.86280459892288,278441627838,1,8.0222999677062035,8.1782,7.815936,1.8215,44761,0.001024,3.1872,,0.03968,0.152576,0.000256,0.13312,0.0076799999999999993,0.009216,,0.004608,,1.74976,23882,21020,697,0.0030204000004232512
23883,403.87047180413833,278441709620,1,7.6672052964568138,7.9786,8.032,1.7972,44273,0.001024,3.2906239999999998,,0.042496,0.161024,0.000256,0.141312,0.007424,0.0097279999999999988,,0.004608,,2.076928,23883,21021,698,0.0030778000000282191
23884,403.87883500566892,278441789406,1,8.3632012829184532,7.8553,7.644416,0.4584,16387,0.001024,3.288576,,0.038655999999999996,0.15923199999999998,0,0.140288,0.007424,0.009984,,0.003328,,1.915648,23884,21022,698,0.010976900000059686
23885,403.88678390022676,278441867959,1,7.9488949850201607,8.6936,0.033024,0.4161,15899,0.001024,3.273984,,0.038911999999999995,0.15334399999999998,0,0.13414399999999999,0.007168,0.011007999999999999,,0.005888,,2.161152,23885,21023,698,0.018659000000297965
23886,403.89486180555554,278441954895,1,8.0779055133461952,7.6632999999999996,0.035072,2.0448,16387,0.001024,3.178752,,0.041215999999999996,0.16,0,0.133888,0.0048639999999999994,0.009472,,0.005376,,1.750784,23886,21024,698,0.0266884000002392
23887,403.90290359977325,278442031528,1,8.0417944118380547,7.9757,8.050432,1.8143,15899,0.001024,3.273472,,0.041984,0.15923199999999998,0,0.139264,0.003328,0.0097279999999999988,,0.0051199999999999996,,2.113024,23887,21025,698,0.034879000000273663
23888,403.91102930130381,278442111285,1,8.1257019191980362,7.6559,8.028672,1.7965,16589,0.0012799999999999999,3.244288,,0.033535999999999996,0.74726399999999993,0,0.144896,0.0097279999999999988,0.013568,,0.004608,,1.747968,23888,21026,698,0.042971400000169524
23889,403.91867250566889,278442187844,1,7.6432041823863983,8.0552,8.066048,1.8352,15899,0.001024,3.300864,,0.041984,0.155392,0,0.13644799999999999,0.007424,0.009472,,0.004352,,1.746432,23889,21027,698,0.050871800000095391
23890,403.92677250566891,278442268396,1,8.1000002101063728,8.1495,7.657472,1.8008,16387,0.001024,3.246336,,0.038144,0.151808,0,0.13312,0.0076799999999999993,0.009984,,0.003584,,2.040832,23890,21028,698,0.058982999999898311
23891,403.93473870464851,278442349891,1,7.9661989584565163,8.1091,8.073728,1.8436,15899,0.001024,3.2762879999999996,,0.036608,0.15692799999999998,0,0.134912,0.007424,0.00896,,0.0051199999999999996,,2.048512,23891,21029,698,0.066650400000071386
23892,403.94241680130386,278442430982,1,7.6780966483056545,7.8886,7.959296,1.7951,16387,0.001024,3.189504,,0.038911999999999995,0.175872,0,0.13644799999999999,0.007936,0.009984,,0.0051199999999999996,,2.1027839999999998,23892,21030,698,0.074466500000198721
23893,403.9501151998299,278442509868,1,7.6983985491096973,8.0852,7.652096,1.8747,15899,0.0012799999999999999,3.300608,,0.03968,0.164096,0,0.145152,0.007424,0.010752,,0.0038399999999999997,,1.747968,23893,21031,698,0.0819405000002007
23894,403.95829490504536,278442590720,1,8.17970559000969,7.7015,7.68768,1.8657,16387,0.001024,3.0996479999999997,,0.035072,0.16025599999999998,0,0.14079999999999998,0.005632,0.007424,,0.006144,,1.928192,23894,21032,698,0.090558800000053452
23895,403.96633890306123,278442667735,1,8.0439979210495949,7.7928,8.155392,1.7502,15899,0.001024,3.27168,,0.038911999999999995,0.15462399999999998,0.000256,0.135424,0.011776,0.010496,,0.0038399999999999997,,2.4051199999999997,23895,21033,698,0.0982243000003109
23896,403.97418080357141,278442745663,1,7.841900922358036,7.5055,7.742976,2.0417,16387,0.001024,3.292928,,0.039168,0.174592,0,0.15334399999999998,0.007936,0.009984,,0.003584,,1.75104,23896,21034,698,0.1060061000002861
23897,403.9819735048186,278442820718,1,7.7927014790475368,8.5634,7.811328,1.7405,16094,0.001024,3.294208,,0.039424,0.152832,0,0.133632,0.004096,0.010239999999999999,,0.004352,,2.101504,23897,21035,698,0.11380860000008397
23898,403.98954150368479,278442906352,1,7.5679989531636238,7.6975,7.780608,1.7083,16387,0.001024,3.237632,,0.039168,0.158208,0,0.13824,0.0076799999999999993,0.010752,,0.005632,,1.9243519999999998,23898,21036,698,0.12133470000026136
23899,403.9975775014172,278442983327,1,8.0359978601336479,7.8047,7.544064,1.7784,15951,0.001024,3.09376,,0.040704,0.15129599999999999,0,0.132096,0.007424,0.0097279999999999988,,0.0038399999999999997,,1.9279359999999999,23899,21037,698,0.12950660000024072
23900,404.00570080073692,278443061374,1,8.1232991069555283,7.799,8.01664,1.8966,16387,0.001024,3.188992,,0.043008,0.15744,0,0.137216,0.007424,0.009984,,0.004352,,1.751296,23900,21038,698,0.13756680000005872
23901,404.01356990504536,278443139364,1,7.8691039234399796,7.524,8.097792,1.7728,16101,0.001024,3.18208,,0.0448,0.155136,0,0.135936,0.0076799999999999993,0.011007999999999999,,0.0048639999999999994,,2.062848,23901,21039,698,0.14569310000024416
23902,404.02130340136051,278443214604,1,7.7334963716566563,8.1728,7.854336,1.7599,23021,0.001024,3.232512,,0.044288,0.15616,0.000256,0.137728,0.0076799999999999993,0.010239999999999999,,0.004352,,2.189568,23902,21040,698,0.15330300000005082
23903,404.02931000566889,278443296332,1,8.0066043883562088,8.0893,7.712512,1.7639,15899,0.001024,3.2913919999999997,,0.039424,0.15795199999999998,0,0.137728,0.0076799999999999993,0.010239999999999999,,0.004608,,1.933312,23903,21041,698,0.16136090000009062
23904,404.03732400085033,278443377225,1,8.0139953643083572,7.8248,7.992832,1.7791,16387,0.001024,3.239168,,0.039168,0.161792,0,0.14336,0.0076799999999999993,0.0097279999999999988,,0.0038399999999999997,,2.128128,23904,21042,698,0.16919250000000829
23905,404.04521879960316,278443455473,1,7.8947991132736206,7.8932,7.977472,1.8803,15899,0.004352,3.09504,,0.040192,0.152576,0.000256,0.132096,0.0076799999999999993,0.0097279999999999988,,0.003584,,1.74976,23905,21043,698,0.17725210000025982
23906,404.05289240362811,278443534405,1,7.6736039482057095,8.0312,7.835648,1.7804,16387,0.001024,3.276032,,0.043008,0.158208,0,0.133632,0.0048639999999999994,0.009984,,0.004608,,1.9330559999999999,23906,21044,698,0.18489150000004884
23907,404.06123300028344,278443614717,1,8.3405962213873863,7.8689,7.70432,1.9169,15899,0.001024,3.1764479999999997,,0.039168,0.16153599999999999,0.000256,0.142848,0.005376,0.0097279999999999988,,0.0038399999999999997,,2.208768,23907,21045,698,0.19315310000001773
23908,404.0689020053855,278443693406,1,7.6690050773322582,7.9658,8.303872,1.887,16387,0.001024,3.1872,,0.041728,0.15462399999999998,0,0.135424,0.006912,0.009472,,0.0038399999999999997,,1.747456,23908,21046,698,0.20113519999995333
23909,404.07690230300454,278443773064,1,8.0002974718809128,7.7042,7.668992,2.3264,15899,0.001024,3.234304,,0.038911999999999995,0.157696,0,0.138752,0.004096,0.010752,,0.003584,,2.039808,23909,21047,698,0.20921989999988
23910,404.08511550453511,278443850106,1,8.21320153772831,8.2499,7.97184,1.9864,16387,0.001024,3.294464,,0.042496,0.15488,0,0.132352,0.0084479999999999989,0.0097279999999999988,,0.004608,,1.938944,23910,21048,698,0.21731249999993452
23911,404.09304750566889,278443932605,1,7.9320007935166359,8.0048,8.19712,1.9589,15899,0.001024,3.289856,,0.035072,0.171264,0,0.133888,0.011519999999999999,0.009472,,0.004096,,2.0938239999999997,23911,21049,698,0.22495780000008381
23912,404.10083650085033,278444012653,1,7.7889952808618546,8.0074,7.910656,1.8044,16387,0.001024,3.2998399999999997,,0.03968,0.1536,0.000256,0.13414399999999999,0.003328,0.009216,,0.005888,,1.749248,23912,21050,698,0.23330080000005182
23913,404.10886580215418,278444092727,1,8.0293016508221626,8.1604,7.747328,1.7499,16101,0.001024,3.1751679999999998,,0.039424,0.146432,0.000256,0.127744,0.007424,0.010239999999999999,,0.0051199999999999996,,1.93152,23913,21051,698,0.24107899999989968
23914,404.11705120464853,278444174331,1,8.1854024901986122,7.6344,8.034048,1.8365,16387,0.001024,3.288576,,0.043775999999999995,0.15923199999999998,0.000256,0.13824,0.007424,0.009472,,0.004096,,1.929984,23914,21052,698,0.24899200000027122
23915,404.12526810515874,278444250675,1,8.2169007509946823,8.1786,8.167168,1.9783,15899,0.001024,3.2762879999999996,,0.040192,0.15872,0,0.13849599999999998,0.005888,0.009984,,0.005888,,1.920256,23915,21053,698,0.25712759999987611
23916,404.13310470521543,278444332461,1,7.8365998342633247,7.9452,8.208128,1.7899,16582,0.001024,3.176704,,0.03584,0.164096,0,0.141568,0.003328,0.0097279999999999988,,0.004096,,2.0416,23916,21054,698,0.265049099999942
23917,404.14110809948977,278444411913,1,8.00339411944151,7.9409,7.807744,1.7482,15899,0.001024,3.29216,,0.047104,0.16768,0,0.143616,0.007424,0.009472,,0.005376,,1.9292159999999998,23917,21055,698,0.27363990000003469
23918,404.14921780045347,278444491322,1,8.1097008660435677,8.1067,7.986432,1.8468,16387,0.001024,3.29344,,0.039168,0.154368,0,0.134656,0.003584,0.009984,,0.004608,,2.089984,23918,21056,698,0.281253800000286
23919,404.15737769982991,278444572389,1,8.1598991528153419,7.8734,8.086784,1.8954,15899,0.0012799999999999999,3.245056,,0.03584,0.159488,0,0.13977599999999998,0.0076799999999999993,0.009472,,0.004096,,1.744896,23919,21057,698,0.28922899999997753
23920,404.16487610544215,278444651123,1,7.4984054081141949,8.5386,8.141056,1.8018,16387,0.001024,3.290368,,0.035584,0.15462399999999998,0,0.13516799999999998,0.007424,0.009984,,0.0038399999999999997,,2.302208,23920,21058,698,0.29733140000007552
23921,404.17247350481858,278444736509,1,7.5973994098603725,7.7215,7.479296,1.7194,15899,0.001024,3.230464,,0.035072,0.14899199999999999,0,0.131328,0.007424,0.009984,,0.004352,,1.920512,23921,21059,698,0.3043880000000172
23922,404.18025380527212,278444813724,1,7.7803004533052444,7.977,7.574784,1.8992,16387,0.0012799999999999999,3.2314879999999997,,0.038911999999999995,0.14976,0,0.131584,0.0076799999999999993,0.009984,,0.0051199999999999996,,1.9128319999999999,23922,21060,698,0.31346919999987222
23923,404.18845110544214,278444893494,1,8.197300136089325,8.0883,7.761152,1.8223,15899,0.001024,3.24096,,0.041471999999999995,0.163072,0,0.143872,0.0076799999999999993,0.0097279999999999988,,0.0051199999999999996,,1.9192319999999998,23923,21061,698,0.32060099999989689
23924,404.19643770549885,278444974377,1,7.9866005107760429,7.0921,8.179712,1.9165,16387,0.001024,3.295232,,0.040959999999999996,0.15923199999999998,0,0.139008,0.0076799999999999993,0.010752,,0.004352,,1.9325439999999998,23924,21062,698,0.32864550000022064
23925,404.20425310374151,278445045298,1,7.8153982758522034,8.5914,7.961088,1.8514,15951,0.202752,3.2829439999999996,,0.039936,0.15231999999999998,0,0.133888,0.007424,0.009984,,0.0038399999999999997,,2.051072,23925,21063,698,0.336275999999998
23926,404.21224170209751,278445131212,1,7.9885981976985931,7.5646,7.802112,1.9773,16589,0.001024,3.17696,,0.039936,0.15488,0,0.135424,0.003328,0.009472,,0.004096,,1.747968,23926,21064,698,0.34414719999995214
23927,404.22006130243761,278445206858,1,7.8196004033088684,8.0707,7.964928,1.803,15899,0.001024,3.29216,,0.039424,0.161792,0,0.136704,0.0076799999999999993,0.0097279999999999988,,0.003584,,2.053632,23927,21065,698,0.3519360999998753
23928,404.22794730017006,278445287565,1,7.8859981149435043,7.6422,7.802624,1.8753,16387,0.001024,3.273984,,0.039424,0.158208,0,0.13824,0.0076799999999999993,0.009472,,0.0048639999999999994,,1.9345919999999999,23928,21066,698,0.3599515999999312
23929,404.235559502551,278445363987,1,7.6122023165225983,7.914,7.871744,1.8836,15899,0.001024,3.1861759999999997,,0.040192,0.160768,0,0.13952,0.006912,0.0097279999999999988,,0.005376,,1.9376639999999998,23929,21067,698,0.3677946000002521
23930,404.24336370464852,278445443127,1,7.8042019158601761,7.72,7.584,1.7848,16387,0.001024,3.2110079999999996,,0.039424,0.152576,0,0.13312,0.0076799999999999993,0.010239999999999999,,0.005632,,1.747968,23930,21068,698,0.37539349999997285
23931,404.25148160430837,278445520327,1,8.1178992986679077,8.0244,7.784448,1.7365,15899,0.001024,3.183872,,0.03968,0.162816,0,0.14207999999999998,0.0084479999999999989,0.009216,,0.005632,,1.747712,23931,21069,698,0.38338010000006761
23932,404.25937000425171,278445600571,1,7.8883999958634377,7.8583,8.108544,1.7917,16387,0.001024,3.2314879999999997,,0.041984,0.17382399999999998,0,0.141056,0.012032,0.009984,,0.004096,,2.05952,23932,21070,698,0.39139870000008159
23933,404.26742149943311,278445679154,1,8.05149506777525,7.6267,7.849216,1.8404,15899,0.001024,3.2337919999999998,,0.043775999999999995,0.15795199999999998,0.000256,0.137984,0.0076799999999999993,0.0097279999999999988,,0.004352,,1.7489919999999999,23933,21071,698,0.39943140000013955
23934,404.27536799886622,278445755421,1,7.94649962335825,7.9417,8.037888,1.9927,16387,0.001024,3.179776,,0.039424,0.163328,0,0.137984,0.007936,0.0097279999999999988,,0.0038399999999999997,,2.075136,23934,21072,698,0.40723680000019158
23935,404.28300330215416,278445834838,1,7.6353033073246479,8.0559,7.92448,1.881,16094,0.0012799999999999999,3.2350719999999997,,0.035072,0.16716799999999998,0,0.146432,0.008192,0.009216,,0.005888,,2.28096,23935,21073,698,0.4148776000001817
23936,404.29096940192744,278445915397,1,7.966100238263607,8.0165,7.620352,1.7849,22171,0.001024,3.103488,,0.043519999999999996,0.154112,0,0.134656,0.007424,0.009472,,0.005376,,1.925376,23936,21074,698,0.4230744000001323
23937,404.29885800028342,278445995562,1,7.8885983675718307,7.8072,7.946752,1.8076,15899,0.001024,3.234304,,0.037888,0.156416,0,0.13286399999999998,0.007936,0.0097279999999999988,,0.004096,,2.026752,23937,21075,698,0.43077140000013969
23938,404.30692450396822,278446073634,1,8.0665033310651779,7.6434,7.860224,1.8215,16387,0.001024,3.244032,,0.041728,0.15872,0.000256,0.13849599999999998,0.007424,0.010239999999999999,,0.004096,,1.749504,23938,21076,698,0.43883980000009615
23939,404.31471150085031,278446150068,1,7.78699666261673,8.1958,8.045568,1.7392,16246,0.001024,3.236608,,0.036095999999999996,0.16127999999999998,0,0.141824,0.007424,0.009984,,0.004096,,2.08256,23939,21077,698,0.44657649999999194
23940,404.32259040532875,278446232026,1,7.8789042308926582,7.6928,7.779072,1.8193,16387,0.0012799999999999999,3.287296,,0.03712,0.15231999999999998,0,0.133888,0.007424,0.009984,,0.0038399999999999997,,2.0587519999999997,23940,21078,698,0.45450530000016443
23941,404.33064080215416,278446308954,1,8.0503970384597778,8.0733,7.859968,1.8263,15899,0.001024,3.1843839999999997,,0.039424,0.163072,0.000256,0.144128,0.0076799999999999993,0.009984,,0.003584,,2.0538879999999997,23941,21079,698,0.46255060000021331
23942,404.33854460034013,278446389687,1,7.90379848331213,7.7053,8.02432,1.8104,16387,0.001024,3.179008,,0.041215999999999996,0.15692799999999998,0,0.137984,0.0076799999999999993,0.009984,,0.0038399999999999997,,2.049792,23942,21080,698,0.47060229999988223
23943,404.346325,278446466740,1,7.780399639159441,7.9769,7.884288,1.9041,15899,0.001024,3.2417279999999997,,0.041215999999999996,0.153088,0,0.133632,0.007936,0.009984,,0.004608,,1.95328,23943,21081,698,0.47826359999999113
23944,404.35412689909293,278446546509,1,7.8018992207944393,8.0068,7.757568,1.7636,16387,0.001024,3.272704,,0.036608,0.169728,0,0.145664,0.0076799999999999993,0.009984,,0.0038399999999999997,,2.0823039999999997,23944,21082,698,0.48684869999988223
23945,404.36210080073693,278446626577,1,7.9739019274711609,8.0812,7.783936,1.8061,15899,0.001024,3.19232,,0.040192,0.15103999999999998,0.000256,0.131328,0.0076799999999999993,0.009472,,0.0048639999999999994,,1.749504,23945,21083,698,0.49428190000026007
23946,404.37005989937643,278446707389,1,7.9590985551476479,7.6235,7.94752,1.964,16387,0.001024,3.292416,,0.034816,0.16,0.000256,0.140288,0.007936,0.009984,,0.004608,,2.03264,23946,21084,698,0.50196080000023358
23947,404.37786010487525,278446783624,1,7.8002056106925011,8.5697,7.93728,2.0199,15899,0.001024,3.27424,,0.041471999999999995,0.15334399999999998,0,0.133376,0.007936,0.009472,,0.004352,,1.935104,23947,21085,698,0.50988940000024741
23948,404.38576730442173,278446869321,1,7.9071996733546257,7.4281,7.785728,1.7658,16387,0.0012799999999999999,3.23072,,0.037888,0.153088,0,0.133632,0.007424,0.009984,,0.0051199999999999996,,1.95072,23948,21086,698,0.51796250000006694
23949,404.39358160430839,278446943602,1,7.8143002465367317,7.7331,7.888384,1.7591,15899,0.0012799999999999999,3.236608,,0.03712,0.155136,0.000256,0.135424,0.0051199999999999996,0.009472,,0.0048639999999999994,,2.0241919999999998,23949,21087,698,0.5258673000003
23950,404.40149109977324,278447020933,1,7.9094953835010529,7.8618,7.81312,1.8163,16387,0.001024,3.207168,,0.039168,0.159744,0,0.140032,0.011007999999999999,0.009472,,0.004608,,1.7489919999999999,23950,21088,698,0.53387560000010126
23951,404.4099429988662,278447099551,1,8.4518995136022568,8.1296,7.879424,1.9305,16153,0.001024,3.107072,,0.03968,0.161792,0,0.142848,0.007424,0.010496,,0.0048639999999999994,,2.23616,23951,21089,698,0.54231140000001687
23952,404.41792970521539,278447180847,1,7.9867066815495491,7.7691,8.031232,2.1295,16387,0.001024,3.301376,,0.040959999999999996,0.162048,0.000256,0.142848,0.0076799999999999993,0.009472,,0.0038399999999999997,,1.947136,23952,21090,698,0.5500173000000359
23953,404.42586600056688,278447258538,1,7.9362951219081879,7.9796,7.95776,2.0676,15899,0.0012799999999999999,3.2430079999999997,,0.035328,0.158208,0.000256,0.137728,0.0076799999999999993,0.011007999999999999,,0.004096,,2.035968,23953,21091,698,0.55820590000030279
23954,404.43360660430835,278447338334,1,7.7406037598848343,8.5064,7.922176,2.0008,16582,0.182528,3.269888,,0.041471999999999995,0.15334399999999998,0,0.133888,0.0076799999999999993,0.0097279999999999988,,0.004352,,1.93152,23954,21092,698,0.56641660000013871
23955,404.441582603458,278447423398,1,7.9759992659091949,7.7741,7.736832,2.1364,15899,0.0012799999999999999,3.095552,,0.036095999999999996,0.15462399999999998,0,0.133376,0.0038399999999999997,0.009472,,0.0048639999999999994,,1.96224,23955,21093,698,0.5743385999999191
23956,404.45063970379817,278447501139,1,9.0570999309420586,7.9987,7.953664,2.3176,22963,0.001024,3.280128,,0.040959999999999996,0.16153599999999999,0,0.142848,0.005376,0.009984,,0.004096,,2.079744,23956,21094,698,0.58404139999993276
23957,404.45871280470521,278447581126,1,8.073100820183754,8.3149,9.025792,1.8709,17955,0.001024,3.289088,,0.041471999999999995,0.16025599999999998,0,0.14079999999999998,0.007424,0.010496,,0.0051199999999999996,,1.938944,23957,21095,698,0.59227719999989858
23958,404.46695539965987,278447664275,1,8.2425950095057487,7.5095,8.053504,0.3589,19243,0.001024,3.26912,,0.035584,0.16,0.000256,0.140544,0.007424,0.011007999999999999,,0.0038399999999999997,,1.91488,23958,21096,698,0.60001370000009047
23959,404.4746611040249,278447739370,1,7.7057043090462685,9.84,0.045056,0.26,18731,0.001024,3.1795199999999997,,0.040448,0.165632,0,0.146176,0.0076799999999999993,0.010239999999999999,,0.0048639999999999994,,2.0725759999999998,23959,21097,698,0.607753700000103
23960,404.48274569869614,278447837770,1,8.0845942720770836,8.2662,0.046592,0.2418,18523,0.004096,3.098368,,0.03968,0.155904,0,0.137216,0.007424,0.010239999999999999,,0.0048639999999999994,,2.089216,23960,21098,698,0.61577370000031806
23961,404.490597002551,278447920432,1,7.8513035550713539,7.8009,0.0448,0.276,18907,0.001024,3.291648,,0.035584,0.15334399999999998,0,0.133632,0.0076799999999999993,0.009984,,0.005376,,1.922048,23961,21099,698,0.62395569999989675
23962,404.49855290532878,278447998441,1,7.9559031873941422,7.761,0.043264,0.2384,18987,0.001024,3.173632,,0.036095999999999996,0.179968,0.000256,0.160512,0.003584,0.010239999999999999,,0.003328,,2.048512,23962,21100,698,0.63161620000028051
23963,404.50656760204078,278448076051,1,8.0146966502070427,7.9073,0.043008,0.2258,19379,0.001024,3.1831039999999997,,0.039168,0.158464,0,0.138752,0.009216,0.010752,,0.004096,,1.7487359999999998,23963,21101,698,0.63990880000028483
23964,404.51457610544219,278448155124,1,8.00850335508585,7.903,0.041472,0.226,18837,0.001024,3.303168,,0.042496,0.151552,0,0.132608,0.009984,0.010752,,0.0051199999999999996,,2.015488,23964,21102,698,0.64820800000006784
23965,404.52295989937642,278448234154,1,8.3837937563657761,8.0726,0.04224,0.2474,24261,0.001024,3.2865279999999997,,0.039424,0.156672,0.000256,0.137216,0.007168,0.009472,,0.0048639999999999994,,1.9461119999999998,23965,21103,698,0.65580399999998917
23966,404.53106580215416,278448314880,1,8.1059029325842857,7.9195,0.043776,0.2314,17635,0.002048,3.23584,,0.038911999999999995,0.163328,0,0.144896,0.007424,0.010752,,0.0051199999999999996,,2.052864,23966,21104,698,0.66340850000005958
23967,404.53885230300455,278448394075,1,7.786500733345747,8.3124,0.043264,0.2547,15899,0.001024,3.241984,,0.03968,0.160768,0.000256,0.14079999999999998,0.0076799999999999993,0.010752,,0.005632,,1.747456,23967,21105,698,0.67115960000001
23968,404.54672859977325,278448477199,1,7.8762965276837349,7.9462,0.043776,1.804,16387,0.001024,3.234816,,0.045056,0.157184,0,0.137216,0.007936,0.0097279999999999988,,0.004352,,1.9376639999999998,23968,21106,698,0.67904709999993429
23969,404.55502810374151,278448556661,1,8.2995044067502022,7.6581,7.801088,2.1775,15899,0.001024,3.23072,,0.03456,0.155904,0,0.136192,0.010752,0.009984,,0.004608,,1.747968,23969,21107,698,0.68754600000011123
23970,404.56283900226754,278448633242,1,7.8108985908329487,7.611,8.265728,1.9464,16387,0.001024,3.297536,,0.040959999999999996,0.155136,0,0.134656,0.009984,0.009472,,0.004096,,1.747968,23970,21108,698,0.69518300000027011
23971,404.57090480442173,278448709352,1,8.0658020451664925,7.9839,7.802624,1.8161,15899,0.001024,3.1915519999999997,,0.039424,0.16127999999999998,0.000256,0.138752,0.007936,0.010239999999999999,,0.004352,,2.071552,23971,21109,698,0.70358970000006593
23972,404.57904860402493,278448789191,1,8.1437993794679642,8.2446,8.04096,1.7333,16387,0.001024,3.231232,,0.045312,0.153856,0,0.133632,0.0076799999999999993,0.0097279999999999988,,0.0038399999999999997,,2.053376,23972,21110,698,0.71122000000013941
23973,404.58693900226757,278448871637,1,7.8903986141085625,7.8916,8.12416,2.0681,16094,0.001024,3.2895999999999996,,0.036608,0.16025599999999998,0.000256,0.13747199999999998,0.0097279999999999988,0.001536,,0.012032,,2.197248,23973,21111,698,0.71921270000029836
23974,404.59456830357141,278448950553,1,7.6293013989925385,8.133,7.871744,2.0019,16387,0.001024,3.19488,,0.040959999999999996,0.16153599999999999,0,0.141568,0.003584,0.0097279999999999988,,0.0048639999999999994,,1.747456,23974,21112,698,0.72661569999991116
23975,404.60254100056687,278449031883,1,7.9726967960596085,7.933,7.604992,1.8578,15899,0.001024,3.172608,,0.046591999999999995,0.160512,0,0.141056,0.0076799999999999993,0.009472,,0.005376,,1.923072,23975,21113,698,0.73509450000028664
23976,404.61100600198409,278449111213,1,8.4650013595819473,7.8339,7.960064,1.7893,16641,0.001024,3.2319999999999998,,0.036095999999999996,0.151808,0.000256,0.133632,0.0076799999999999993,0.009472,,0.004352,,2.2243839999999997,23976,21114,698,0.7433976000002076
23977,404.61871210317457,278449189552,1,7.7061010524630547,7.6034,8.407296,1.7841,15899,0.001024,3.1915519999999997,,0.043775999999999995,0.151808,0.000256,0.133376,0.009216,0,,0.027392,,2.083328,23977,21115,698,0.751883700000235
23978,404.6266567035147,278449265586,1,7.9446006566286087,8.3223,7.71584,1.8621,16387,0.001024,3.1915519999999997,,0.043775999999999995,0.151808,0.000256,0.133376,0.009216,0,,0.027392,,2.083328,23978,21116,698,0.75890800000024683
23979,404.63488500566893,278449348809,1,8.228302001953125,8.2802,7.925504,1.9698,15899,0.0063999999999999994,3.187712,,0.04224,0.17510399999999998,0.000256,0.131328,0.007936,0.009472,,0.004608,,1.9240959999999998,23979,21117,698,0.767281400000229
23980,404.64304190051018,278449431611,1,8.1568947061896324,7.995,8.198144,1.9596,16387,0.001024,3.2913919999999997,,0.039424,0.16025599999999998,0,0.141568,0.008192,0.0097279999999999988,,0.003584,,2.10688,23980,21118,698,0.77518600000030347
23981,404.65116830357141,278449511561,1,8.1264032050967216,7.5782,8.163328,1.8898,15899,0.0012799999999999999,3.19488,,0.040959999999999996,0.159488,0,0.13952,0.007168,0.009984,,0.004096,,1.747968,23981,21119,698,0.78332610000006753
23982,404.65952239937639,278449587343,1,8.3540957421064377,8.1772,8.091136,1.8515,16387,0.001024,3.2719359999999997,,0.037632,0.154112,0,0.133888,0.007936,0.009472,,0.004096,,2.127872,23982,21120,698,0.79200670000000173
23983,404.66749280045349,278449669115,1,7.9704010859131813,8.1746,8.291328,1.9463,29205,0.001024,3.098112,,0.039424,0.16383999999999999,0,0.14438399999999998,0.004096,0.009472,,0.0038399999999999997,,2.09024,23983,21121,698,0.80009360000030938
23984,404.67545600198412,278449750861,1,7.9632019624114037,8.0472,8.002304,2.0037,16387,0.001024,3.098112,,0.039424,0.16383999999999999,0,0.14438399999999998,0.004096,0.009472,,0.0038399999999999997,,2.09024,23984,21122,698,0.8078998999999385
23985,404.6833391014739,278449831333,1,7.883099839091301,8.6035,7.944448,1.7093,15899,0.0012799999999999999,3.2901119999999997,,0.03712,0.15744,0,0.13824,0.0076799999999999993,0.0097279999999999988,,0.006144,,1.920256,23985,21123,698,0.81630240000004051
23986,404.69141570294784,278449917368,1,8.0766016617417336,8.015,7.866624,1.7401,16387,0.0012799999999999999,3.2901119999999997,,0.03712,0.15744,0,0.13824,0.0076799999999999993,0.0097279999999999988,,0.006144,,1.920256,23986,21124,698,0.82386540000015884
23987,404.69940600198413,278449997518,1,7.990298792719841,7.9453,8.057344,1.6872,15899,0.001024,3.187456,,0.04224,0.15923199999999998,0.000256,0.137216,0.0076799999999999993,0.011007999999999999,,0.0048639999999999994,,2.1964799999999998,23987,21125,698,0.8315069999998741
23988,404.70740520124713,278450076971,1,7.9991994425654411,7.7722,7.968512,1.9115,16387,0.001024,3.186944,,0.041215999999999996,0.16,0,0.141056,0.007424,0.010239999999999999,,0.0048639999999999994,,2.310912,23988,21126,698,0.84017149999999674
23989,404.71511540532879,278450154693,1,7.7102039940655231,8.1064,7.976192,1.8818,16246,0.001024,3.186944,,0.041215999999999996,0.16,0,0.141056,0.007424,0.010239999999999999,,0.0048639999999999994,,2.310912,23989,21127,698,0.84724039999991874
23990,404.72314970238091,278450235757,1,8.0342972651124,7.806,7.70176,1.6978,19531,0.001024,3.236096,,0.042752,0.158976,0,0.13977599999999998,0.007424,0.009216,,0.0048639999999999994,,2.10048,23990,21128,698,0.855612100000144
23991,404.73115989937639,278450313817,1,8.0101974308490753,7.9999,8.009472,1.8497,21683,0.001024,3.236096,,0.042752,0.158976,0,0.13977599999999998,0.007424,0.009216,,0.0048639999999999994,,2.10048,23991,21129,698,0.8632580000003145
23992,404.7391181051587,278450393816,1,7.9582054167985916,7.6779,7.991552,1.7959,22511,0.001024,3.2919039999999997,,0.043008,0.15564799999999998,0,0.135936,0.007424,0.0097279999999999988,,0.005376,,1.7471999999999999,23992,21130,698,0.87148720000004687
23993,404.74710310374149,278450470595,1,7.9849986359477043,8.2239,7.945216,1.8058,15899,0.001024,3.275264,,0.041471999999999995,0.158464,0.000256,0.13747199999999998,0.007424,0.00896,,0.0051199999999999996,,1.9327999999999999,23993,21131,698,0.87928020000026663
23994,404.755144005102,278450552834,1,8.0409012734889984,7.8664,7.968512,1.8341,16387,0.001024,3.27296,,0.041215999999999996,0.150528,0.000256,0.131584,0.003328,0.009984,,0.003328,,2.0608,23994,21132,698,0.88749390000020867
23995,404.76317530470521,278450631498,1,8.0312993377447128,8.0429,8.018432,1.9136,68545,0.001024,3.187456,,0.041471999999999995,0.156416,0,0.136192,0.007424,0.0097279999999999988,,0.0048639999999999994,,1.9307519999999998,23995,21133,698,0.89578590000019176
23996,404.77075600198413,278450711927,1,7.5806970708072186,7.9123,8.010496,1.8584,16532,0.001024,3.1872,,0.039168,0.150528,0,0.13183999999999998,0.0076799999999999993,0.010496,,0.0038399999999999997,,1.933568,23996,21134,698,0.90371970000023794
23997,404.77888420493196,278450791050,1,8.1282025203108788,8.065,7.56736,0.1694,29855,0.001024,3.1872,,0.039168,0.150528,0,0.13183999999999998,0.0076799999999999993,0.010496,,0.0038399999999999997,,1.933568,23997,21135,698,0.91124179999997068
23998,404.78680920493196,278450871700,1,7.9250000417232513,8.2336,0.032512,2.0571,16387,0.001024,3.2319999999999998,,0.040192,0.156416,0,0.13516799999999998,0.007936,0.0097279999999999988,,0.003584,,2.0823039999999997,23998,21136,698,0.9188970000000154
23999,404.79485330215419,278450954036,1,8.0440975725650787,7.4643,7.913728,0.1402,15899,0.001024,3.252736,,0.039424,0.158464,0,0.139264,0.007424,0.010752,,0.005376,,1.7484799999999998,23999,21137,698,0.92694370000026538
24000,404.80289199971656,278451028679,1,8.0386977642774582,8.233,0.027136,1.8441,22316,0.001024,3.1744,,0.040192,0.158208,0,0.138752,0.0076799999999999993,0.0097279999999999988,,0.004096,,2.132224,24000,21138,698,0.93527480000011565
24001,404.81112410005665,278451111009,1,8.2320999354124069,7.7181,8.02048,1.8464,16298,0.001024,3.245824,,0.033535999999999996,0.324864,0,0.137216,0.008192,0.009984,,0.004352,,2.14912,24001,21139,698,0.94372470000007525
24002,404.81879739937642,278451188190,1,7.67329940572381,8.0184,8.204544,1.7974,16387,0.001024,3.294208,,0.041215999999999996,0.156416,0,0.136704,0.007424,0.010752,,0.004352,,1.747968,24002,21140,698,0.95106780000014624
24003,404.826934502551,278451268374,1,8.1371031701564789,8.2701,7.661312,1.7879,15899,0.001024,3.238912,,0.037632,0.16512,0,0.14079999999999998,0.010496,0.00896,,0.006144,,2.029568,24003,21141,698,0.959037200000239
24004,404.83485510204082,278451351075,1,7.9205995425581932,8.257,8.111104,1.7031,16387,0.001024,3.275776,,0.044288,0.157696,0.000256,0.13747199999999998,0.004352,0.009472,,0.004352,,2.05184,24004,21142,698,0.96693409999988944
24005,404.84239199971654,278451433645,1,7.5368979014456272,7.5379,7.902464,1.9864,15899,0.001024,3.188992,,0.044031999999999995,0.150528,0.000256,0.13055999999999998,0.007424,0.0097279999999999988,,0.004608,,2.0961279999999998,24005,21143,698,0.97474899999997433
24006,404.85017959892286,278451509024,1,7.787599228322506,8.0028,7.517952,1.8718,16387,0.001024,3.184128,,0.040192,0.152576,0,0.133632,0.007424,0.0097279999999999988,,0.005376,,1.748224,24006,21144,698,0.98223490000009406
24007,404.85838270266436,278451589052,1,8.2031041383743286,7.9357,7.769088,1.8299,15899,0.001024,3.185408,,0.048128,0.15923199999999998,0,0.140288,0.003328,0.009984,,0.0051199999999999996,,2.518272,24007,21145,698,0.99097040000015113
24008,404.86621060090704,278451668409,1,7.8278984874486923,7.5738,8.187648,1.7973,45453,0.001024,3.185408,,0.048128,0.15923199999999998,0,0.140288,0.003328,0.009984,,0.0051199999999999996,,2.518272,24008,21146,699,0.0032661000000189233
24009,404.87409660572558,278451744147,1,7.8860046342015266,7.745,7.811584,1.8091,15899,0.001024,3.1027199999999997,,0.041471999999999995,0.15564799999999998,0,0.13568,0.0076799999999999993,0.009984,,0.0048639999999999994,,1.751552,24009,21147,699,0.010194899999987683
24010,404.88211140164395,278451821597,1,8.0147963017225266,8.4715,7.860224,0.4556,16387,0.001024,3.242496,,0.0384,0.155904,0,0.137216,0.007424,0.009984,,0.0038399999999999997,,2.1893119999999997,24010,21148,699,0.018251899999995658
24011,404.89007959892291,278451906312,1,7.9681975767016411,8.2948,0.035072,1.6937,16094,0.001024,3.2785919999999997,,0.043519999999999996,0.156672,0,0.136704,0.007424,0.010496,,0.0051199999999999996,,1.9261439999999999,24011,21149,699,0.026243499999964115
24012,404.89802080498862,278451989260,1,7.9412059858441353,7.1453,7.962368,1.828,16387,0.001024,3.269888,,0.041471999999999995,0.154112,0,0.1344,0.007424,0.0097279999999999988,,0.0051199999999999996,,1.747712,24012,21150,699,0.11441909999985
24013,404.98127720379819,278452060713,1,83.256401121616364,8.0527,7.917568,2.1686,254981,0.001024,3.269888,,0.041471999999999995,0.154112,0,0.1344,0.007424,0.0097279999999999988,,0.0051199999999999996,,1.747712,24013,21151,699,0.12094040000010864
24014,404.98777300170065,278452141240,1,6.4957980066537857,7.9097,7.80032,1.9906,15963,0.0012799999999999999,3.177216,,0.041215999999999996,0.158208,0,0.13747199999999998,0.0076799999999999993,0.011264,,0.0051199999999999996,,1.746176,24014,21152,699,0.12498129999994489
24015,404.99709019982993,278452220337,1,9.31719783693552,8.3087,8.217856,3.4284,16387,0.0012799999999999999,3.2368639999999997,,0.043264,0.156672,0,0.136704,0.0076799999999999993,0.009984,,0.0038399999999999997,,1.7589759999999999,24015,21153,699,0.1333466999999473
24016,405.00552130102039,278452303424,1,8.4311012178659439,86.0012,7.911936,1.7911,15899,0.001024,3.172096,,0.032768,0.152832,0,0.135424,0.007936,0.0097279999999999988,,0.0048639999999999994,,2.380544,24016,21154,699,0.14217629999984638
24017,405.01551540532876,278453163436,1,9.9941045045852661,4.4339,8.400128,1.823,16641,0.001024,3.27168,,0.041215999999999996,0.151808,0,0.132096,0.0076799999999999993,0.012288,,0.0025599999999999998,,1.747968,24017,21155,699,0.15205000000014479
24018,405.02492980442173,278453207775,1,9.414399042725563,8.4387,9.966592,1.6797,15899,0.001024,3.2931839999999997,,0.043264,0.157696,0,0.13747199999999998,0.007168,0.011776,,0.002816,,2.19136,24018,21156,699,0.1616319999998268
24019,405.03271510062359,278453292162,1,7.7852960675954819,8.7241,9.39904,1.6851,23021,0.001024,3.2931839999999997,,0.043264,0.157696,0,0.13747199999999998,0.007168,0.011776,,0.002816,,2.19136,24019,21157,699,0.16928689999986091
24020,405.04148990221086,278453379403,1,8.7748011574149132,9.9748,7.766016,1.6616,16094,0.001024,3.2755199999999998,,0.040192,0.15231999999999998,0,0.132608,0.004096,0.010752,,0.003072,,1.9312639999999999,24020,21158,699,0.17820810000011988
24021,405.04942810374149,278453479151,1,7.9382015392184258,9.1792,8.753408,1.8839,16387,0.001024,3.290368,,0.20377599999999998,0.156416,0,0.13568,0.007424,0.011264,,0.002816,,1.7484799999999998,24021,21159,699,0.18575319999990825
24022,405.05817460317456,278453570943,1,8.7464991956949234,7.758,7.915264,1.8264,15899,0.001024,3.18592,,0.043775999999999995,0.151552,0,0.132096,0.007424,0.010496,,0.004352,,1.74592,24022,21160,699,0.19469200000003184
24023,405.06730230300451,278453648523,1,9.12769977003336,8.9302,8.738816,1.9453,51529,0.0012799999999999999,3.2936959999999997,,0.038655999999999996,0.14848,0.000256,0.12928,0.004096,0.0097279999999999988,,0.0038399999999999997,,2.74048,24023,21161,699,0.2036524999998619
24024,405.07598520408163,278453737825,1,8.6829010397195816,7.8334,9.10464,3.8039,46047,0.001024,3.234048,,0.04224,0.1536,0,0.134912,0.007424,0.0097279999999999988,,0.004352,,2.493696,24024,21162,699,0.21336289999999281
24025,405.08468970379818,278453816159,1,8.70449934154749,8.8922,8.659968,1.9688,16387,0.001024,3.234048,,0.04224,0.1536,0,0.134912,0.007424,0.0097279999999999988,,0.004352,,2.493696,24025,21163,699,0.22132220000003144
24026,405.093186699263,278453905081,1,8.4969950839877129,8.9438,8.679424,2.0916,15899,0.001024,3.2430079999999997,,0.03968,0.157696,0,0.139008,0.007936,0.0097279999999999988,,0.0038399999999999997,,1.747712,24026,21164,699,0.23006149999991976
24027,405.10190989937638,278453994519,1,8.723200298845768,8.9064,8.48384,1.9826,16387,0.001024,3.177472,,0.045312,0.15488,0.000256,0.13516799999999998,0.007424,0.009472,,0.004608,,2.6915839999999998,24027,21165,699,0.23927390000017112
24028,405.11006450538548,278454083583,1,8.1546064466238022,8.5426,8.699136,1.8864,16101,0.001024,3.177472,,0.045312,0.15488,0.000256,0.13516799999999998,0.007424,0.009472,,0.004608,,2.6915839999999998,24028,21166,699,0.24717980000013995
24029,405.119749199263,278454169009,1,9.68469399958849,8.4351,8.128,1.9762,16387,0.0012799999999999999,3.1808,,0.040704,0.16,0,0.139264,0.005376,0.011519999999999999,,0.004352,,2.5018879999999997,24029,21167,699,0.2574018000000251
24030,405.12818399943308,278454253360,1,8.4348004311323166,9.1732,9.67168,1.9348,514918,0.0012799999999999999,3.1808,,0.040704,0.16,0,0.139264,0.005376,0.011519999999999999,,0.004352,,2.5018879999999997,24030,21168,699,0.26823190000004615
24031,405.1369391014739,278454345092,1,8.7551018223166466,8.209,8.423424,1.8551,31486,0.001024,3.1861759999999997,,0.036864,0.357632,0,0.33792,0.010752,0.009472,,0.005632,,2.06976,24031,21169,699,0.27368329999990237
24032,405.14573980300452,278454427182,1,8.80070123821497,9.6567,8.732416,0.6657,15899,0.001024,3.098624,,0.038655999999999996,0.161792,0,0.14310399999999998,0.0076799999999999993,0.009984,,0.004096,,2.138624,24032,21170,699,0.28244499999982509
24033,405.1542113024376,278454523749,1,8.47149919718504,11.2224,0.031744,0.1444,16387,0.001024,3.242496,,0.039424,0.161792,0.000256,0.141056,0.004352,0.012799999999999999,,0.004352,,2.670848,24033,21171,699,0.290827100000115
24034,405.16287620464851,278454635973,1,8.6649022996425629,5.6428,0.027904,1.9857,15899,0.001024,3.2919039999999997,,0.040959999999999996,0.15231999999999998,0,0.132608,0.007424,0.0097279999999999988,,0.0048639999999999994,,1.908992,24034,21172,699,0.29951380000011341
24035,405.1716157029478,278454692401,1,8.7394984439015388,8.6364,8.652544,2.0416,33958,0.001024,3.196672,,0.03712,0.1536,0,0.13312,0.007424,0.009472,,0.004352,,2.106112,24035,21173,699,0.30847039999980552
24036,405.17981910430836,278454778765,1,8.203401230275631,8.4477,8.714496,1.9787,30284,0.001024,3.2399359999999997,,0.041215999999999996,0.15129599999999999,0,0.13183999999999998,0.003328,0.009216,,0.004352,,1.7471999999999999,24036,21174,699,0.3174365999998372
24037,405.18789999999996,278454863242,1,8.0808959901332855,8.6849,8.180736,2.0758,16387,0.001024,3.2399359999999997,,0.041215999999999996,0.15129599999999999,0,0.13183999999999998,0.003328,0.009216,,0.004352,,1.7471999999999999,24037,21175,699,0.32458520000000135
24038,405.19684670493194,278454950091,1,8.9467046782374382,9.01,8.062208,1.8873,16094,0.001024,3.1910399999999997,,0.035328,0.16153599999999999,0,0.141568,0.007936,0.010752,,0.005376,,2.0520959999999997,24038,21176,699,0.33345049999979892
24039,405.205574199263,278455040191,1,8.72749462723732,8.477,8.922368,2.0811,36078,0.001024,3.2084479999999997,,0.03968,0.156672,0,0.135424,0.008192,0.009472,,0.005376,,2.575872,24039,21177,699,0.34209310000005644
24040,405.214034204932,278455124961,1,8.46000574529171,7.6969,8.721152,1.8336,36415,0.001024,3.285504,,0.037376,0.162048,0,0.142336,0.007936,0.010752,,0.0038399999999999997,,1.746176,24040,21178,699,0.35059469999987414
24041,405.22222000425171,278455201930,1,8.1857992336153984,8.7526,8.431616,1.8909,16439,0.001024,3.275264,,0.041215999999999996,0.15462399999999998,0.000256,0.134912,0.0076799999999999993,0.0097279999999999988,,0.003584,,1.7489919999999999,24041,21179,699,0.35910680000006323
24042,405.2313786989796,278455289456,1,9.1586951166391373,8.7176,8.168448,1.9928,1080163,0.001024,3.19744,,0.039168,0.15488,0,0.135424,0.007936,0.011519999999999999,,0.0051199999999999996,,1.911552,24042,21180,699,0.37569669999993494
24043,405.24255350056688,278455376632,1,11.174801737070084,8.4217,9.139968,1.8883,112988,0.001024,3.19744,,0.039168,0.15488,0,0.135424,0.007936,0.011519999999999999,,0.0051199999999999996,,1.911552,24043,21181,699,0.38001619999977265
24044,405.24818759920635,278455460849,1,5.6340987794101238,8.1936,8.6976,1.9843,90263,0.0012799999999999999,3.097088,,0.036351999999999995,0.16588799999999998,0,0.144896,0.004608,0.002304,,0.012799999999999999,,2.8536319999999997,24044,21182,699,0.38651919999983875
24045,405.25846290391155,278455542785,1,10.275304317474365,16.3709,7.70944,0.2776,81085,0.001024,3.1866879999999997,,0.035584,0.156416,0,0.135936,0.003584,0.00896,,0.005376,,1.747968,24045,21183,699,0.396395400000074
24046,405.26693229875281,278455706494,1,8.4693944081664085,4.968,0.036352,0.1391,18923,0.001024,3.17312,,0.033535999999999996,0.151552,0.000256,0.133376,0.007424,0.010239999999999999,,0.004096,,2.294016,24046,21184,699,0.40442380000013145
24047,405.27523330498866,278455756174,1,8.3010066300630569,6.3445,0.36864,0.214,19219,0.001024,3.23968,,0.041728,0.159744,0,0.13977599999999998,0.007424,0.010752,,0.0048639999999999994,,2.021376,24047,21185,699,0.41281130000015764
24048,405.28403520408159,278455819619,1,8.8018989190459251,9.442,0.038656,0.2313,18379,0.001024,3.2719359999999997,,0.037632,0.156672,0.000256,0.13849599999999998,0.009472,0.010496,,0.002304,,2.070016,24048,21186,699,0.42148510000015449
24049,405.29188990221087,278455914039,1,7.8546982258558273,8.5514,0.042752,0.2436,19987,0.002048,3.292672,,0.036608,0.158464,0,0.13824,0.0076799999999999993,0.011519999999999999,,0.004608,,2.075136,24049,21187,699,0.42964230000006864
24050,405.30010940334466,278455999553,1,8.2195010036230087,8.2727,0.041728,0.2173,18443,0.0012799999999999999,3.2750079999999997,,0.038655999999999996,0.152832,0,0.13414399999999999,0.011007999999999999,0.009984,,0.0051199999999999996,,1.747712,24050,21188,699,0.43738309999980629
24051,405.3086035005669,278456082280,1,8.49409680813551,8.7247,0.044032,0.2258,19853,0.0012799999999999999,3.2363519999999997,,0.039936,0.15564799999999998,0.000256,0.13644799999999999,0.0076799999999999993,0.0097279999999999988,,0.005632,,1.7489919999999999,24051,21189,699,0.44688219999989087
24052,405.31731850198412,278456169527,1,8.7150018662214279,8.1636,0.043264,0.239,19067,0.001024,3.296512,,0.033535999999999996,0.16255999999999998,0,0.143872,0.0084479999999999989,0.010496,,0.0051199999999999996,,2.206464,24052,21190,699,0.454585699999825
24053,405.32530719954644,278456251163,1,7.988697849214077,7.7499,0.04224,0.2856,17635,0.001024,3.2394239999999996,,0.03968,0.15462399999999998,0,0.134656,0.007424,0.010752,,0.004352,,2.0677119999999998,24053,21191,699,0.46238679999987653
24054,405.33402930130381,278456328662,1,8.7221013382077217,9.422,0.045568,0.2409,17147,0.0012799999999999999,3.2327679999999996,,0.034816,0.159744,0,0.141056,0.007424,0.0097279999999999988,,0.005376,,1.7456639999999999,24054,21192,699,0.47120379999978468
24055,405.34195060232423,278456422882,1,7.9213008284568787,8.079,0.045056,0.2215,33958,0.001024,3.27936,,0.03968,0.152576,0.000256,0.132352,0.007424,0.009472,,0.004096,,2.170112,24055,21193,699,0.47917569999981424
24056,405.35043090277776,278456503672,1,8.4803001955151558,7.7443,0.042496,0.1724,30496,0.001024,3.105024,,0.039424,0.15923199999999998,0,0.140288,0.007424,0.009984,,0.0051199999999999996,,1.747968,24056,21194,699,0.48725669999976162
24057,405.35851370464849,278456581115,1,8.0828014761209488,8.5444,0.043776,2.4502,16387,0.001024,3.186944,,0.040704,0.160768,0.000256,0.140544,0.007424,0.010496,,0.004096,,1.746176,24057,21195,699,0.49542979999978343
24058,405.36706600056687,278456666559,1,8.5522960871458054,8.242,8.056832,1.9728,15899,0.001024,3.289856,,0.033791999999999996,0.160512,0,0.141824,0.007936,0.011007999999999999,,0.0048639999999999994,,2.172672,24058,21196,699,0.50370199999997567
24059,405.37507450396822,278456748979,1,8.00850335508585,7.8534,8.53376,1.9706,16387,0.001024,3.1759359999999996,,0.041215999999999996,0.16768,0.000256,0.147456,0.008192,0.009984,,0.0051199999999999996,,2.03264,24059,21197,699,0.51144979999980933
24060,405.3826536989796,278456827513,1,7.5791948474943638,8.3528,7.980032,2.148,15899,0.001024,3.185152,,0.042752,0.163328,0,0.14438399999999998,0.007936,0.011007999999999999,,0.0051199999999999996,,1.747712,24060,21198,699,0.519651900000099
24061,405.39155660430839,278456911041,1,8.9029055088758469,8.3771,7.565568,2.074,16387,0.001024,3.2363519999999997,,0.039168,0.152832,0.000256,0.132608,0.003328,0.010239999999999999,,0.004608,,1.7456639999999999,24061,21199,699,0.5297722000000249
24062,405.40036349914965,278456994812,1,8.8068945333361626,7.7903,8.870144,2.3778,15899,0.001024,3.177472,,0.038655999999999996,0.16025599999999998,0,0.141568,0.008192,0.009984,,0.004352,,2.053376,24062,21200,699,0.5372707999999875
24063,405.40882710459181,278457072715,1,8.4636053070425987,8.0058,8.791296,2.2762,16589,0.001024,3.2798719999999997,,0.039168,0.156416,0.000256,0.13644799999999999,0.011519999999999999,0.011519999999999999,,0.004352,,2.0121599999999997,24063,21201,699,0.54636089999985415
24064,405.41732290249433,278457152773,1,8.495798334479332,9.913,8.438784,1.9062,15899,0.001024,3.2972799999999998,,0.033535999999999996,0.42879999999999996,0.000256,0.144128,0.005376,0.012799999999999999,,0.0038399999999999997,,2.2146559999999997,24064,21202,699,0.5541017999998985
24065,405.42500240221085,278457251903,1,7.6794996857643127,7.6179,8.4928,2.2086,16439,0.0012799999999999999,3.292672,,0.038911999999999995,0.15488,0,0.135424,0.012032,0.010752,,0.005376,,2.0121599999999997,24065,21203,699,0.562018099999932
24066,405.43311770124717,278457328082,1,8.1152990460395813,9.3487,7.650304,1.932,15899,0.001024,3.09888,,0.035328,0.153856,0,0.134912,0.003072,0.0097279999999999988,,0.004352,,1.746688,24066,21204,699,0.56985080000004018
24067,405.44211560374146,278457421569,1,8.9979022741317749,7.6107,8.106752,1.9843,16387,0.0012799999999999999,3.2919039999999997,,0.037888,0.155392,0,0.135424,0.0038399999999999997,0.0097279999999999988,,0.005376,,1.748224,24067,21205,699,0.57843869999987874
24068,405.45051490221084,278457497676,1,8.3992984145879745,7.8446,8.976896,2.0512,15899,0.001024,3.300096,,0.326656,0.16153599999999999,0,0.141824,0.007168,0.009472,,0.0038399999999999997,,1.928448,24068,21206,699,0.587049499999921
24069,405.458859502551,278457576122,1,8.3445999771356583,7.9364,8.38016,1.991,16387,0.001024,3.2767999999999997,,0.041215999999999996,0.15744,0,0.13747199999999998,0.0076799999999999993,0.010239999999999999,,0.0051199999999999996,,2.0157439999999998,24069,21207,699,0.59516419999999925
24070,405.4674516014739,278457655486,1,8.5920989513397217,8.7393,8.32512,1.8407,15899,0.001024,3.1733759999999998,,0.033535999999999996,0.16025599999999998,0,0.141568,0.009216,0.010239999999999999,,0.0051199999999999996,,2.198272,24070,21208,699,0.60396080000009533
24071,405.47588270266436,278457742879,1,8.4311012178659439,8.5895,8.575488,1.8296,16387,0.001024,3.284224,,0.03968,0.152064,0.000256,0.13286399999999998,0.0076799999999999993,0.010496,,0.004096,,2.089216,24071,21209,699,0.61222150000003239
24072,405.48446699971652,278457828774,1,8.5842972621321678,8.0929,8.399616,1.889,15899,0.39936,3.292416,,0.039168,0.15462399999999998,0,0.134656,0.0076799999999999993,0.009984,,0.004608,,2.023936,24072,21210,699,0.62066880000020319
24073,405.49224029903627,278457909703,1,7.7732992358505726,8.8086,8.56448,1.8041,16387,0.0012799999999999999,3.286784,,0.044288,0.152832,0,0.133632,0.0076799999999999993,0.010496,,0.0051199999999999996,,2.023168,24073,21211,699,0.62903899999992063
24074,405.49949150368479,278457997789,1,7.2512044571340084,8.2844,7.688448,1.9626,15899,0.0012799999999999999,3.279104,,0.041984,0.155136,0,0.135424,0.007424,0.009984,,0.0051199999999999996,,1.748224,24074,21212,699,0.63639430000012
24075,405.50896640447843,278458080633,1,9.4749005511403084,8.4294,7.296512,1.8885,16784,0.001024,3.3034239999999997,,0.305664,0.153088,0,0.132608,0.010752,0.009216,,0.004352,,2.349824,24075,21213,699,0.646550699999807
24076,405.51727520549883,278458164927,1,8.3088008686900139,8.4044,9.412352,1.9412,15899,0.001024,3.3034239999999997,,0.305664,0.153088,0,0.132608,0.010752,0.009216,,0.004352,,2.349824,24076,21214,699,0.65357099999982893
24077,405.52460310374147,278458248971,1,7.3278984054923058,7.2413,8.29056,1.9227,16387,0.001024,3.2345599999999997,,0.038655999999999996,0.16255999999999998,0,0.142336,0.0076799999999999993,0.009216,,0.005632,,2.050048,24077,21215,699,0.66094400000019959
24078,405.53366400226759,278458321384,1,9.0608987957239151,9.6277,7.328768,1.999,15899,0.001024,3.1751679999999998,,0.033535999999999996,0.16,0,0.141056,0.0076799999999999993,0.009984,,0.004608,,1.7451519999999998,24078,21216,699,0.67035510000005161
24079,405.54132850056686,278458417661,1,7.6644984073936939,7.608,9.037312,1.9464,23021,0.001024,3.2803839999999997,,0.036608,0.160512,0,0.14079999999999998,0.007936,0.009984,,0.0048639999999999994,,1.747456,24079,21217,699,0.67761040000004868
24080,405.54888170351472,278458493741,1,7.5532030314207077,7.3774,7.646464,1.8799,15899,0.001024,3.097088,,0.039168,0.15744,0,0.137984,0.0076799999999999993,0.0097279999999999988,,0.003584,,1.749504,24080,21218,699,0.68531239999992977
24081,405.55777800453512,278458567515,1,8.8963005691766739,9.0225,7.530752,2.2446,16387,0.0012799999999999999,3.19872,,0.03968,0.15872,0,0.13824,0.010496,0.011264,,0.004096,,1.7471999999999999,24081,21219,699,0.69430770000008124
24082,405.56508830073693,278458657740,1,7.3102964088320732,7.6463,8.476928,1.9555,15899,0.001024,3.2998399999999997,,0.035584,0.154112,0,0.135936,0.007936,0.0097279999999999988,,0.004096,,2.796544,24082,21220,699,0.70137119999981223
24083,405.57375080073695,278458734203,1,8.66250041872263,7.7055,7.30496,1.96,16387,0.001024,3.174144,,0.035072,0.158208,0,0.13952,0.0076799999999999993,0.009984,,0.0038399999999999997,,1.751296,24083,21221,699,0.71029980000002979
24084,405.58184379960318,278458811258,1,8.0929985269904137,8.9662,8.630528,1.8381,15899,0.001024,3.304192,,0.038911999999999995,0.158976,0,0.140288,0.0076799999999999993,0.010752,,0.0038399999999999997,,2.109952,24084,21222,699,0.71822579999980007
24085,405.59044490504533,278458900920,1,8.601105771958828,7.066,8.05504,1.9988,16387,0.001024,3.276544,,0.041471999999999995,0.161024,0.000256,0.140544,0.0076799999999999993,0.009984,,0.0051199999999999996,,1.746176,24085,21223,699,0.72698029999992286
24086,405.59789220521543,278458971580,1,7.4473000131547451,8.9962,8.586496,1.924,15899,0.001024,3.2701439999999997,,0.041728,0.162304,0,0.13849599999999998,0.0051199999999999996,0.009472,,0.004096,,2.228736,24086,21224,699,0.73470769999994445
24087,405.60657710459179,278459061542,1,8.6848996579647064,7.8959,7.42144,1.8964,16387,0.001024,3.2363519999999997,,0.038911999999999995,0.157696,0,0.137984,0.0076799999999999993,0.010239999999999999,,0.005632,,1.7471999999999999,24087,21225,699,0.74300050000010742
24088,405.61509100056685,278459140501,1,8.51389579474926,8.7132,8.67456,2.1425,16101,0.001024,3.177472,,0.035328,0.157184,0,0.137216,0.008704,0.011264,,0.004352,,2.178816,24088,21226,699,0.75139110000009168
24089,405.62313540249431,278459227633,1,8.044402115046978,7.7701,8.440064,1.9778,16387,0.001024,3.230464,,0.035328,0.159744,0.000256,0.140288,0.0076799999999999993,0.009984,,0.003584,,2.159872,24089,21227,699,0.75933619999977964
24090,405.63067280328795,278459305334,1,7.53740081563592,8.3195,8.076288,1.7926,15951,0.001024,3.233536,,0.04224,0.163072,0,0.14336,0.007424,0.009984,,0.0051199999999999996,,2.08128,24090,21228,699,0.76720639999985
24091,405.63945269982992,278459388529,1,8.7798964232206345,8.3253,7.524864,1.9864,16387,0.001024,3.179776,,0.033791999999999996,0.150272,0.000256,0.13183999999999998,0.0076799999999999993,0,,0.356608,,1.917184,24091,21229,699,0.7757541000000856
24092,405.64734829931973,278459471782,1,7.8955991193652153,8.021,8.76032,1.8149,15899,0.001024,3.1969279999999998,,0.042496,0.152576,0.000256,0.132608,0.010752,0.010496,,0.004352,,2.4135679999999997,24092,21230,699,0.78370929999982764
24093,405.65634840561222,278459551992,1,9.00010671466589,7.7985,7.870976,2.04,16387,0.001024,3.2913919999999997,,0.039424,0.159744,0,0.141568,0.0084479999999999989,0.0097279999999999988,,0.005376,,1.7484799999999998,24093,21231,699,0.79253669999980048
24094,405.66413410572562,278459629977,1,7.785700261592865,8.5639,8.991488,1.873,16094,0.001024,3.3003519999999997,,0.040704,0.158464,0,0.138752,0.0076799999999999993,0.010239999999999999,,0.005376,,1.747712,24094,21232,699,0.80031310000003941
24095,405.67275459892289,278459715616,1,8.6204931139945984,7.9498,7.763456,1.9741,16387,0.001024,3.179264,,0.033535999999999996,0.155136,0,0.135936,0.009216,0.010496,,0.003328,,2.097152,24095,21233,699,0.80913890000010724
24096,405.680386699263,278459795114,1,7.6321004889905453,8.8764,8.608512,1.9024,15899,0.001024,3.24224,,0.041471999999999995,0.157184,0,0.13824,0.009216,0.009216,,0.0048639999999999994,,2.203904,24096,21234,699,0.81666390000009415
24097,405.68939530187072,278459883878,1,9.0086022391915321,7.771,7.603712,1.9878,16387,0.001024,3.102464,,0.037888,0.157696,0.000256,0.13952,0.0076799999999999993,0.009984,,0.0038399999999999997,,1.747968,24097,21235,699,0.82561940000005052
24098,405.69717059948977,278459961588,1,7.77529738843441,8.8262,8.996864,1.939,15899,0.001024,3.300608,,0.036095999999999996,0.156672,0,0.136704,0.006912,0.009472,,0.004608,,2.441728,24098,21236,699,0.8333954999998241
24099,405.70523470096373,278460049850,1,8.0641014501452446,7.4911,7.751424,1.9847,16387,0.001024,3.292928,,0.03968,0.157184,0,0.138752,0.009216,0.009216,,0.004352,,1.7487359999999998,24099,21237,699,0.841439100000116
24100,405.71285490362811,278460124761,1,7.6202028430998325,8.9901,8.046336,1.8664,16101,0.0012799999999999999,3.2829439999999996,,0.036608,0.16588799999999998,0,0.145664,0.006144,0.010752,,0.0048639999999999994,,1.746432,24100,21238,699,0.84907040000007328
24101,405.72186879960316,278460214662,1,9.0138958767056465,7.7667,7.605248,1.8503,16387,0.001024,3.192064,,0.033791999999999996,0.156672,0,0.13824,0.004608,0.010239999999999999,,0.004352,,2.127872,24101,21239,699,0.85841759999993883
24102,405.730583404195,278460292329,1,8.7146041914820671,8.072,9.00608,1.8117,15899,0.001024,3.28064,,0.0384,0.15692799999999998,0.000256,0.13824,0.0076799999999999993,0.009984,,0.0048639999999999994,,1.746688,24102,21240,699,0.86685450000004494
24103,405.73889610260767,278460373049,1,8.31269845366478,7.6107,8.690944,1.9215,16387,0.001024,3.239168,,0.034816,0.172288,0,0.153088,0.007936,0.009984,,0.004352,,1.9128319999999999,24103,21241,699,0.87529589999985546
24104,405.7466267998866,278460449156,1,7.7306972816586494,9.3607,8.291328,1.7925,15899,0.001024,3.2737279999999997,,0.0384,0.153856,0,0.133632,0.0076799999999999993,0.00896,,0.006144,,2.1306879999999997,24104,21242,699,0.88279359999978624
24105,405.75431120323128,278460542763,1,7.6844035647809505,8.4104,7.705344,1.8592,16387,0.001024,3.09504,,0.034048,0.16358399999999998,0,0.14464,0.003584,0.010239999999999999,,0.005632,,2.093312,24105,21243,699,0.89055700000017168
24106,405.7619579010771,278460626867,1,7.6466980390250683,8.4914,7.662848,1.8292,15899,0.001024,3.296,,0.041471999999999995,0.16588799999999998,0,0.141056,0.0076799999999999993,0.010496,,0.005376,,1.746176,24106,21244,699,0.89813880000019708
24107,405.77073010204077,278460711781,1,8.7722009047865868,7.474,7.609344,1.8308,16387,0.0012799999999999999,3.0978559999999997,,0.039424,0.160768,0.000256,0.141312,0.0076799999999999993,0.009984,,0.003584,,1.926912,24107,21245,699,0.90718969999988985
24108,405.77889209892288,278460786521,1,8.161996491253376,7.7824,8.774144,1.8064,15899,0.001024,3.298304,,0.03968,0.157184,0.000256,0.137216,0.0076799999999999993,0.009984,,0.003584,,1.7471999999999999,24108,21246,699,0.915230099999917
24109,405.78705140306118,278460864345,1,8.1593040376901627,7.5619,8.146176,1.9936,22171,0.001024,3.2678399999999996,,0.039424,0.15334399999999998,0,0.13414399999999999,0.0076799999999999993,0.0097279999999999988,,0.005376,,2.076416,24109,21247,699,0.92314559999977064
24110,405.79536130243764,278460939964,1,8.30989982932806,9.023,8.134144,2.0513,15899,0.0012799999999999999,3.278336,,0.03968,0.177152,0,0.133888,0.007936,0.0097279999999999988,,0.0038399999999999997,,1.746176,24110,21248,699,0.93147739999994883
24111,405.80282470238092,278461030194,1,7.4633997865021229,8.0835,8.301824,1.764,16387,0.001024,3.291648,,0.040959999999999996,0.152064,0,0.132352,0.0076799999999999993,0.010239999999999999,,0.004608,,2.522624,24111,21249,699,0.93925529999978608
24112,405.81129790249429,278461111029,1,8.4731997922062874,7.9306,7.44064,1.8277,16246,0.001024,3.2883199999999997,,0.03328,0.44467199999999996,0,0.145664,0.010239999999999999,0.012032,,0.0051199999999999996,,1.7484799999999998,24112,21250,699,0.94738610000013068
24113,405.81942030187071,278461190335,1,8.12239944934845,8.3142,8.439552,1.9084,16582,0.001024,3.1825919999999996,,0.040959999999999996,0.159744,0,0.140288,0.0076799999999999993,0.011007999999999999,,0.0048639999999999994,,2.019328,24113,21251,699,0.95549570000002859
24114,405.82725719954647,278461273477,1,7.8368978574872017,7.7999,8.119552,1.81,15899,0.001024,3.197184,,0.033535999999999996,0.15923199999999998,0,0.140544,0.008192,0.010752,,0.0048639999999999994,,2.132224,24114,21252,699,0.96346859999994194
24115,405.83524199971652,278461351476,1,7.9848002642393112,8.1195,7.80416,1.8409,16439,0.001024,3.29344,,0.040448,0.155392,0,0.13644799999999999,0.007168,0.010239999999999999,,0.005376,,1.748224,24115,21253,699,0.97165919999997641
24116,405.84418740079366,278461432671,1,8.9454008266329765,8.1215,7.960832,1.8736,15899,0.001024,3.240192,,0.03328,0.154112,0.000256,0.13568,0.007936,0.009984,,0.004096,,2.280704,24116,21254,699,0.980390400000033
24117,405.85206000566893,278461513886,1,7.8726047649979591,7.8492,8.928256,1.873,16387,0.001024,3.30496,,0.039936,0.15744,0.000256,0.13747199999999998,0.007424,0.010752,,0.0048639999999999994,,1.746432,24117,21255,699,0.98842719999993278
24118,405.86003039965982,278461592378,1,7.9703936353325844,8.2672,7.853824,1.8365,15899,0.001024,3.188736,,0.033791999999999996,0.164608,0.000256,0.146176,0.006144,0.009984,,0.003584,,2.507776,24118,21256,699,0.996604699999807
24119,405.86736310232425,278461675050,1,7.33270263299346,8.7138,7.946752,1.967,260537,0.001024,3.177984,,0.044031999999999995,0.154112,0,0.133376,0.007424,0.010752,,0.005376,,1.747712,24119,21257,700,0.0031479000003855617
24120,405.87636990504535,278461762188,1,9.006802923977375,7.8361,7.321856,1.8354,15899,0.001024,3.1884799999999998,,0.033791999999999996,0.1536,0,0.13516799999999998,0.008192,0.009984,,0.0048639999999999994,,1.7489919999999999,24120,21258,700,0.011074800000187679
24121,405.88507599914965,278461840549,1,8.70609376579523,8.3076,8.98432,0.6551,16387,0.001024,3.2821759999999998,,0.03968,0.15564799999999998,0,0.135424,0.007424,0.009984,,0.005632,,2.12992,24121,21259,700,0.01971750000029715
24122,405.89307720379816,278461923625,1,8.0012045800685883,8.2544,0.039424,1.8725,15899,0.001024,3.2870399999999997,,0.407296,0.15564799999999998,0.000256,0.13568,0.0097279999999999988,0.009472,,0.004608,,2.0864,24122,21260,700,0.027753800000027695
24123,405.90090340136055,278462006169,1,7.8261978924274445,7.9198,7.982848,1.8161,16387,0.001024,3.182848,,0.040704,0.15564799999999998,0,0.135936,0.0076799999999999993,0.009984,,0.0038399999999999997,,1.746688,24123,21261,700,0.036076300000331685
24124,405.90921160005666,278462085367,1,8.3081983029842377,8.6276,7.81056,1.8717,16101,0.001024,3.290368,,0.039168,0.178944,0,0.158976,0.007936,0.009472,,0.004096,,2.1125119999999997,24124,21262,700,0.043813000000227476
24125,405.91732480158731,278462171643,1,8.1132017076015472,8.0507,8.280064,1.7863,16387,0.001024,3.2852479999999997,,0.041215999999999996,0.32716799999999996,0,0.136704,0.389632,0.009472,,0.0038399999999999997,,1.7487359999999998,24125,21263,700,0.05188399999997273
24126,405.9256598993764,278462252150,1,8.3350976929068565,8.1627,8.0512,1.8459,15899,0.001024,3.1045119999999997,,0.040448,0.15462399999999998,0.000256,0.134912,0.0076799999999999993,0.009472,,0.004608,,1.747968,24126,21264,700,0.060276100000010047
24127,405.93432980442174,278462333777,1,8.6699053645133972,7.9014,8.370176,1.8138,18936,0.0012799999999999999,3.182336,,0.03968,0.159488,0,0.13952,0.003584,0.0097279999999999988,,0.005376,,2.140672,24127,21265,700,0.069071700000222336
24128,405.94209690334463,278462412791,1,7.76709895581007,8.0845,8.638464,1.8703,15899,0.001024,3.1866879999999997,,0.046335999999999995,0.150528,0.000256,0.131072,0.007424,0.0097279999999999988,,0.005376,,2.424832,24128,21266,700,0.077484600000389037
24129,405.95012580073694,278462493636,1,8.02889745682478,8.3834,7.745536,1.9212,16387,0.001024,3.23584,,0.041471999999999995,0.15488,0,0.135936,0.007936,0.009984,,0.005376,,1.7484799999999998,24129,21267,700,0.084946800000125222
24130,405.95912840136054,278462577470,1,9.00260079652071,8.8281,8.011776,2.0006,15899,0.001024,3.234816,,0.043008,0.158464,0.000256,0.138752,0.007424,0.010496,,0.005632,,1.747712,24130,21268,700,0.093997000000399566
24131,405.96666529903626,278462665751,1,7.5368979014456272,8.3876,8.980736,1.8552,16387,0.001024,3.190528,,0.038911999999999995,0.155904,0,0.137216,0.0038399999999999997,0.010239999999999999,,0.003584,,1.748224,24131,21269,700,0.10136870000042109
24132,405.97556169926304,278462749627,1,8.8964002206921577,7.465,7.525376,2.0745,16094,0.001024,3.234816,,0.03968,0.16819199999999998,0,0.14771199999999998,0.007424,0.010752,,0.005376,,1.747968,24132,21270,700,0.11016890000018975
24133,405.98390120464853,278462824277,1,8.3395056426525116,9.0145,8.877312,1.8465,16387,0.001024,3.27936,,0.038655999999999996,0.15103999999999998,0,0.132352,0.0076799999999999993,0.010496,,0.003584,,2.27968,24133,21271,700,0.11843550000003233
24134,405.99168700396825,278462914422,1,7.7857994474470615,7.3638,8.305664,1.9246,15899,0.001024,3.286272,,0.041215999999999996,0.156672,0,0.1344,0.005632,0.0097279999999999988,,0.005632,,2.032384,24134,21272,700,0.12642300000015894
24135,405.99974289965985,278462988060,1,8.0558955669403076,8.7846,7.775488,1.7728,16387,0.0012799999999999999,3.2906239999999998,,0.03584,0.15692799999999998,0,0.13824,0.007424,0.010496,,0.0051199999999999996,,1.747456,24135,21273,700,0.13425460000007661
24136,406.00784450113377,278463075906,1,8.1016011536121368,8.3363,8.038912,1.7763,15899,0.0012799999999999999,3.299072,,0.045312,0.156416,0,0.135424,0.008192,0.011007999999999999,,0.005376,,1.7456639999999999,24136,21274,700,0.1424896000003173
24137,406.01633860544217,278463159269,1,8.4941042587161064,7.8866,8.082688,1.8732,16589,0.001024,3.238912,,0.038911999999999995,0.153088,0,0.134912,0.008192,0.009984,,0.003584,,1.934848,24137,21275,700,0.15091130000018893
24138,406.02468669926304,278463238135,1,8.3480933681130409,7.939,8.477184,1.9314,15899,0.001024,3.1848959999999997,,0.039424,0.163072,0.000256,0.14464,0.0076799999999999993,0.010239999999999999,,0.0051199999999999996,,1.7489919999999999,24138,21276,700,0.15930640000033236
24139,406.03257900368482,278463317525,1,7.8923041000962257,8.2125,8.333312,1.8931,16387,0.001024,3.1951359999999998,,0.03968,0.15795199999999998,0.000256,0.140032,0.0076799999999999993,0.009984,,0.0038399999999999997,,2.0991999999999997,24139,21277,700,0.16718020000007527
24140,406.04121860119045,278463399650,1,8.6395973339676857,8.4244,7.864576,1.8965,15951,0.001024,3.1032319999999998,,0.421376,0.15488,0.000256,0.135424,0.0076799999999999993,0.010239999999999999,,0.004608,,2.171648,24140,21278,700,0.17671170000039638
24141,406.04861510062358,278463483894,1,7.3964996263384819,8.394,8.617472,1.8334,23021,0.001024,3.1032319999999998,,0.421376,0.15488,0.000256,0.135424,0.0076799999999999993,0.010239999999999999,,0.004608,,2.171648,24141,21279,700,0.18373160000010103
24142,406.05772610544216,278463567834,1,9.1110048815608025,7.8135,7.390208,1.9419,15899,0.001024,3.28448,,0.039168,0.15872,0,0.137984,0.004096,0.002048,,0.011776,,1.746688,24142,21280,700,0.19297180000012304
24143,406.06620290532879,278463645969,1,8.47680028527975,8.6757,9.07776,1.9647,16387,0.001024,3.106048,,0.039936,0.151552,0,0.13183999999999998,0.007424,0.009984,,0.005376,,2.235392,24143,21281,700,0.20084170000018275
24144,406.07416660289113,278463732726,1,7.9636974260210991,7.9209,8.468224,2.1161,15899,0.001024,3.2701439999999997,,0.045824,0.15564799999999998,0,0.135936,0.007936,0.0097279999999999988,,0.005632,,1.748224,24144,21282,700,0.20921790000011242
24145,406.08159450113379,278463811935,1,7.4278982356190681,8.8984,7.939584,1.943,16387,0.001024,3.281408,,0.039168,0.15616,0,0.137728,0.007936,0.0097279999999999988,,0.005376,,2.235136,24145,21283,700,0.21633120000024064
24146,406.09054029903626,278463900919,1,8.9457975700497627,8.2092,7.411968,1.8759,15899,0.001024,3.2345599999999997,,0.039936,0.158976,0.000256,0.13849599999999998,0.0076799999999999993,0.009472,,0.005376,,1.747712,24146,21284,700,0.22527800000034404
24147,406.09843680555554,278463983011,1,7.8965062275528908,8.2467,8.920576,1.9331,16387,0.001024,3.2972799999999998,,0.036095999999999996,0.161792,0.000256,0.142592,0.0076799999999999993,0.011264,,0.003584,,2.027776,24147,21285,700,0.23360960000036357
24148,406.10725200538548,278464065478,1,8.8152000680565834,7.1788,7.881728,2.0273,15899,0.0012799999999999999,3.27168,,0.040704,0.15616,0,0.13644799999999999,0.007936,0.0097279999999999988,,0.005632,,1.747456,24148,21286,700,0.24208600000019942
24149,406.1154586026077,278464137266,1,8.2065975293517113,8.988,8.799488,1.9987,16589,0.0012799999999999999,3.278336,,0.043008,0.159744,0,0.13952,0.0038399999999999997,0.010496,,0.0051199999999999996,,2.725888,24149,21287,700,0.250155800000357
24150,406.12343540249429,278464227146,1,7.9768002033233643,8.3311,8.177664,1.914,15899,0.001024,3.172096,,0.041984,0.182784,0,0.13644799999999999,0.0076799999999999993,0.0097279999999999988,,0.003584,,1.9107839999999998,24150,21288,700,0.25821610000002693
24151,406.131236699263,278464310457,1,7.8012966550886631,8.4209,7.958016,2.0035,16582,0.001024,3.187712,,0.039424,0.155136,0,0.13644799999999999,0.004352,0.0097279999999999988,,0.0038399999999999997,,2.028544,24151,21289,700,0.26586390000011306
24152,406.13916860119048,278464394666,1,7.9319020733237267,8.1478,7.79264,1.9559,15899,0.001024,3.1866879999999997,,0.038911999999999995,0.18048,0.000256,0.160512,0.008192,0.0097279999999999988,,0.005376,,1.7469439999999998,24152,21290,700,0.27406480000036026
24153,406.14776600056689,278464476144,1,8.5973991081118584,8.0276,7.896576,1.941,16387,0.001024,3.1813119999999997,,0.038911999999999995,0.157696,0,0.13824,0.0076799999999999993,0.0097279999999999988,,0.005632,,1.7469439999999998,24153,21291,700,0.28253750000021682
24154,406.15532810374145,278464556420,1,7.5621032156050205,7.704,8.578304,1.9655,15899,0.001024,3.2296959999999997,,0.038911999999999995,0.159744,0,0.140032,0.007424,0.0097279999999999988,,0.004352,,1.747968,24154,21292,700,0.28986980000036056
24155,406.16444070294784,278464633460,1,9.1125993058085442,8.1216,7.552256,1.8301,29693,0.001024,3.29472,,0.036608,0.16127999999999998,0,0.14207999999999998,0.008192,0.009472,,0.005376,,1.7487359999999998,24155,21293,700,0.2991479000002073
24156,406.17281879960314,278464714676,1,8.3780968561768532,8.4994,9.089792,1.7913,15899,0.001024,3.244032,,0.305664,0.16588799999999998,0,0.146176,0.007424,0.011264,,0.004096,,2.539776,24156,21294,700,0.30738540000038483
24157,406.18107949971653,278464799670,1,8.2606999203562737,7.3961,8.050176,2.0321,16387,0.001024,3.170048,,0.03968,0.152576,0,0.132096,0.0076799999999999993,0.009472,,0.005376,,2.0608,24157,21295,700,0.31560980000040217
24158,406.18858880385488,278464873631,1,7.5093042105436325,9.2131,8.246784,1.8108,15899,0.001024,3.2412159999999997,,0.039424,0.152576,0,0.1344,0.005632,0.009984,,0.004352,,1.7471999999999999,24158,21296,700,0.32317430000011882
24159,406.19694730017005,278464965762,1,8.3584962412714958,8.288,7.478528,1.9202,16387,0.001024,3.288064,,0.037632,0.154368,0,0.134912,0.0076799999999999993,0.009984,,0.005632,,1.746688,24159,21297,700,0.33143150000023525
24160,406.20446090561222,278465048642,1,7.5136055238544941,8.2529,8.168192,1.771,15899,0.0012799999999999999,3.1831039999999997,,0.0384,0.15103999999999998,0,0.130304,0.010752,0.009216,,0.005376,,1.7520639999999998,24160,21298,700,0.34528220000038345
24161,406.21373060515873,278465131171,1,9.2696994543075562,7.5461,7.494912,1.8544,16734,0.0012799999999999999,3.1831039999999997,,0.0384,0.15103999999999998,0,0.130304,0.010752,0.009216,,0.005376,,1.7520639999999998,24161,21299,700,0.34897140000020954
24162,406.22204620181407,278465206632,1,8.315596729516983,8.2777,8.788224,1.8573,15899,0.001024,3.2972799999999998,,0.040448,0.164608,0,0.145152,0.0076799999999999993,0.009984,,0.005632,,2.106368,24162,21300,700,0.35859879999998157
24163,406.22998860544214,278465289409,1,7.9424036666750908,8.0015,8.753664,2.3888,28100,0.001024,3.23072,,0.038144,0.151808,0.000256,0.13312,0.006144,0.009984,,0.0051199999999999996,,2.502912,24163,21301,700,0.37272840000014185
24164,406.24117880527211,278465369424,1,11.190200224518776,9.3211,7.92448,2.4038,16439,0.001024,3.282688,,0.03968,0.161024,0,0.14079999999999998,0.0038399999999999997,0.0097279999999999988,,0.004352,,1.947136,24164,21302,700,0.37655690000019604
24165,406.2497741000567,278465462635,1,8.5952943190932274,9.5867,8.210944,2.2517,15899,0.001024,3.236608,,0.038655999999999996,0.15488,0,0.135424,0.007424,0.012544,,0.005376,,1.938944,24165,21303,700,0.38462890000027983
24166,406.25830549886621,278465558502,1,8.5313990712165833,14.1873,7.946496,1.9728,69077,0.001024,3.270656,,0.040448,0.159744,0,0.13952,0.004608,0.00896,,0.005888,,2.515456,24166,21304,700,0.3942575000000943
24167,406.2666848993764,278465700375,1,8.3794007077813148,3.9611,8.506624,1.9778,15899,0.001024,3.270656,,0.040448,0.159744,0,0.13952,0.004608,0.00896,,0.005888,,2.515456,24167,21305,700,0.40161190000026181
24168,406.27500449971654,278465739986,1,8.319600485265255,8.0512,8.364032,2.2228,28245,0.001024,3.237376,,0.039168,0.155392,0.000256,0.135936,0.003584,0.0097279999999999988,,0.0051199999999999996,,1.928704,24168,21306,700,0.40970080000033704
24169,406.28322390164396,278465820498,1,8.2194022834301,8.7837,8.306944,1.7546,16094,0.001024,3.178752,,0.040704,0.157184,0,0.13747199999999998,0.0084479999999999989,0.0097279999999999988,,0.004352,,2.085376,24169,21307,700,0.41788800000040283
24170,406.2920003047052,278465908335,1,8.7764030322432518,8.1937,8.193536,1.9518,16387,0.001024,3.2714239999999997,,0.037632,0.150272,0,0.129792,0.0076799999999999993,0.011519999999999999,,0.002816,,1.9327999999999999,24170,21308,700,0.42689990000008038
24171,406.3005660005669,278465990272,1,8.5656959563493729,8.1511,8.765952,1.8989,21828,0.001024,3.1969279999999998,,0.0384,0.149248,0.000256,0.13055999999999998,0.0076799999999999993,0.010239999999999999,,0.004096,,2.354176,24171,21309,700,0.43542310000020734
24172,406.30886850198414,278466071783,1,8.3025014027953148,8.1749,8.537856,1.993,16734,0.001024,3.272192,,0.041215999999999996,0.155904,0,0.13644799999999999,0.007424,0.012288,,0.0025599999999999998,,1.9412479999999999,24172,21310,700,0.44372580000026574
24173,406.31741259920631,278466153532,1,8.5440976545214653,9.0274,8.290816,1.9854,15899,0.001024,3.291136,,0.041215999999999996,0.155136,0,0.135936,0.007936,0.0097279999999999988,,0.005888,,2.170368,24173,21311,700,0.45253660000025775
24174,406.32538669926305,278466243806,1,7.974100299179554,8.4579,8.51968,1.9149,16387,0.198144,3.09888,,0.040959999999999996,0.156672,0.000256,0.13644799999999999,0.0038399999999999997,0.009984,,0.004352,,2.126848,24174,21312,700,0.45999910000000455
24175,406.33307190334466,278466328385,1,7.6852040365338326,8.3831,7.9552,1.9593,15899,0.001024,3.0965759999999998,,0.038655999999999996,0.153856,0.000256,0.134656,0.003584,0.009984,,0.004608,,2.322688,24175,21313,700,0.46776859999999942
24176,406.341323901644,278466412216,1,8.2519985735416412,8.7423,7.66464,1.8359,16387,0.001024,3.2345599999999997,,0.038911999999999995,0.164608,0,0.14336,0.0076799999999999993,0.0097279999999999988,,0.0038399999999999997,,1.955328,24176,21314,700,0.47599420000005921
24177,406.3494806051587,278466499639,1,8.1567037850618362,7.5313,8.2304,2.0495,15899,0.001024,3.098112,,0.038655999999999996,0.15795199999999998,0,0.13849599999999998,0.0076799999999999993,0.0097279999999999988,,0.005376,,2.084352,24177,21315,700,0.48417060000019774
24178,406.35809540107709,278466574952,1,8.6147962138056755,7.706,8.149248,1.813,16387,0.001024,3.18464,,0.0384,0.158208,0,0.138752,0.0076799999999999993,0.0097279999999999988,,0.004608,,1.746176,24178,21316,700,0.49257480000005671
24179,406.36629530187071,278466652012,1,8.1999003887176514,8.2953,8.585984,1.8787,15899,0.001024,3.1782399999999997,,0.041728,0.15616,0,0.13568,0.0076799999999999993,0.00896,,0.0048639999999999994,,2.56,24179,21317,700,0.5009396000000379
24180,406.37457880527211,278466734965,1,8.2835033535957336,8.1485,8.182528,1.9487,16387,0.006144,3.1080959999999997,,0.041471999999999995,0.15564799999999998,0,0.134656,0.007424,0.010496,,0.004352,,1.942016,24180,21318,700,0.50904810000020007
24181,406.382784502551,278466816450,1,8.2056969404220581,8.4373,8.261888,1.8706,15899,0.001024,3.1759359999999996,,0.038655999999999996,0.156672,0,0.137216,0.007424,0.009472,,0.004608,,2.359296,24181,21319,700,0.51775120000002062
24182,406.39111349914964,278466900823,1,8.32899659872055,8.3157,8.198912,1.7893,16387,0.0012799999999999999,3.2332799999999997,,0.041984,0.152064,0.000256,0.132608,0.009472,0.011264,,0.0051199999999999996,,1.93024,24182,21320,700,0.52561730000024909
24183,406.39943160430835,278466983980,1,8.3181047812104225,8.1605,8.300288,1.946,15899,0.001024,3.271168,,0.043519999999999996,0.15616,0.001792,0.13312,0.007936,0.001536,,0.009984,,2.0677119999999998,24183,21321,700,0.53435230000013689
24184,406.40782190334465,278467065585,1,8.3902990445494652,8.6502,8.29952,1.863,16387,0.001024,3.240192,,0.041215999999999996,0.15231999999999998,0.000256,0.13312,0.007424,0.011776,,0.004608,,1.747968,24184,21322,700,0.542569100000037
24185,406.41585970096372,278467152087,1,8.037797175347805,7.917,8.365056,1.7507,16101,0.001024,3.188224,,0.038655999999999996,0.15564799999999998,0.000256,0.136192,0.003584,0.009472,,0.004352,,2.369024,24185,21323,700,0.550613500000054
24186,406.42392290249433,278467231257,1,8.063201792538166,8.5553,8.015616,1.9646,16387,0.001024,3.101184,,0.040959999999999996,0.15616,0,0.136704,0.007424,0.0097279999999999988,,0.005632,,1.7505279999999999,24186,21324,700,0.55851330000041344
24187,406.43203620323129,278467316810,1,8.1133004277944565,8.3701,7.65568,1.9386,15899,0.001024,3.111424,,0.03968,0.156672,0,0.13824,0.182784,0.0097279999999999988,,0.003584,,2.049792,24187,21325,700,0.56687720000036279
24188,406.44010320294785,278467400511,1,8.066999725997448,8.0463,8.090112,1.8401,16582,0.001024,3.172352,,0.042752,0.15462399999999998,0,0.135424,0.007424,0.012032,,0.004608,,1.9476479999999998,24188,21326,700,0.57466530000010607
24189,406.44843890306123,278467480974,1,8.3357002586126328,7.9186,8.050176,1.9304,15951,0.001024,3.182848,,0.040192,0.15616,0,0.136704,0.007936,0.009472,,0.005376,,1.953536,24189,21327,700,0.58325230000036754
24190,406.4568240008503,278467560160,1,8.3850976079702377,8.3388,8.275968,1.925,16387,0.001024,3.2719359999999997,,0.041984,0.157696,0.000256,0.132608,0.0076799999999999993,0.009984,,0.005376,,2.3301119999999997,24190,21328,700,0.59162010000000009
24191,406.46512100340135,278467643548,1,8.297002874314785,7.791,8.407552,1.826,15899,0.001024,3.29472,,0.041984,0.152576,0.000256,0.13286399999999998,0.0076799999999999993,0.009472,,0.005632,,2.07616,24191,21329,700,0.59970560000010664
24192,406.47298070436506,278467721458,1,7.8597012907266617,8.5973,8.25472,1.9363,16387,0.001024,3.234048,,0.037632,0.155136,0,0.13516799999999998,0.003328,0.009472,,0.004608,,1.959936,24192,21330,700,0.60751840000011725
24193,406.4810711026077,278467807431,1,8.0903982743620872,8.3485,7.86176,1.8,15899,0.001024,3.170816,,0.039168,0.153088,0.000256,0.13414399999999999,0.0076799999999999993,0.0097279999999999988,,0.004096,,1.93536,24193,21331,700,0.61561640000036277
24194,406.48889550028343,278467890916,1,7.8243976458907127,8.0692,8.092928,1.7574,16387,0.001024,3.1808,,0.041728,0.15334399999999998,0,0.133376,0.007936,0.009216,,0.005632,,1.747712,24194,21332,700,0.62333790000002409
24195,406.49677949971652,278467971608,1,7.8839994966983795,7.8609,7.78368,2.1474,15899,0.001024,3.175424,,0.039168,0.159488,0,0.1344,0.007424,0.0097279999999999988,,0.005376,,1.9560959999999998,24195,21333,700,0.631688600000416
24196,406.50487990362808,278468050217,1,8.1004034727811813,8.0775,7.873024,1.7937,16387,0.001024,3.287552,,0.044544,0.16358399999999998,0,0.143616,0.007424,0.010752,,0.005376,,1.952,24196,21334,700,0.639579600000161
24197,406.51311930272107,278468130992,1,8.2393987104296684,7.7576,8.076288,2.0936,16101,0.0012799999999999999,3.297536,,0.039936,0.17868799999999999,0,0.1344,0.003328,0.0097279999999999988,,0.005632,,1.9358719999999998,24197,21335,700,0.64770880000014586
24198,406.52117120181407,278468208568,1,8.0518992617726326,8.2978,8.219648,2.3098,16387,0.0012799999999999999,3.240192,,0.037632,0.161024,0,0.141568,0.0084479999999999989,0.009472,,0.004608,,2.1022719999999997,24198,21336,700,0.65628820000029009
24199,406.5293900014172,278468291546,1,8.2187997177243233,7.8757,8.046848,1.758,15899,0.001024,3.237632,,0.040959999999999996,0.15872,0,0.13952,0.0076799999999999993,0.010496,,0.004608,,1.957376,24199,21337,700,0.66411670000024969
24200,406.53741640447845,278468370303,1,8.02640337496996,8.1418,8.190208,1.8554,16387,0.001024,3.192064,,0.039424,0.159488,0,0.140544,0.0084479999999999989,0.009472,,0.004352,,2.0810239999999998,24200,21338,700,0.67194610000024113
24201,406.54581390306123,278468451721,1,8.3974981680512428,8.5606,8.000256,1.8886,15899,0.001024,3.2931839999999997,,0.040704,0.156416,0,0.136704,0.007424,0.0097279999999999988,,0.0051199999999999996,,1.749504,24201,21339,700,0.68075590000034936
24202,406.55350300453512,278468537327,1,7.6891016215085983,7.8652,7.98592,1.7111,23021,0.001024,3.2327679999999996,,0.039936,0.159488,0,0.13977599999999998,0.007936,0.009984,,0.0048639999999999994,,2.241792,24202,21340,700,0.688318700000309
24203,406.56140809948977,278468615979,1,7.9050948843359947,7.862,7.658496,1.9402,15899,0.0012799999999999999,3.236608,,0.041984,0.153856,0,0.133632,0.0076799999999999993,0.009984,,0.0038399999999999997,,1.7505279999999999,24203,21341,700,0.69611740000027567
24204,406.56902869897959,278468694599,1,7.6205995865166187,8.3394,7.90656,1.8837,16387,0.001024,3.217408,,0.040704,0.165376,0,0.144896,0.008192,0.009472,,0.004352,,2.030592,24204,21342,700,0.70351550000032148
24205,406.57721740362808,278468777993,1,8.1887049600481987,7.9805,7.595008,1.8632,15899,0.001024,3.185408,,0.03584,0.160768,0.002304,0.142336,0.003328,0.002304,,0.009984,,2.029568,24205,21343,700,0.71202149999999165
24206,406.58518849914964,278468857798,1,7.9710958525538445,7.8209,8.175872,1.7637,16387,0.001024,3.239168,,0.039424,0.15462399999999998,0,0.135424,0.0076799999999999993,0.010496,,0.0051199999999999996,,2.034176,24206,21344,700,0.71975830000019414
24207,406.59319860402491,278468936007,1,8.0101052299141884,7.4149,7.944448,1.9539,16094,0.001024,3.291648,,0.035584,0.161792,0,0.14310399999999998,0.003584,0.009984,,0.0038399999999999997,,2.107392,24207,21345,700,0.72769860000016706
24208,406.60127030187073,278469010156,1,8.0716982483863831,8.4243,7.999232,1.7774,16387,0.001024,3.293952,,0.041215999999999996,0.1536,0,0.133632,0.008192,0.009984,,0.004096,,1.7489919999999999,24208,21346,700,0.73599970000032044
24209,406.60887610544216,278469094399,1,7.6058036647737026,7.8155,8.052736,1.7701,15899,0.001024,3.099904,,0.037376,0.152576,0,0.13286399999999998,0.0076799999999999993,0.009472,,0.0048639999999999994,,2.436864,24209,21347,700,0.7436798000003364
24210,406.61700050311788,278469172554,1,8.1243980675935745,7.9372,7.588352,1.7534,16589,0.001024,3.177472,,0.036351999999999995,0.15488,0,0.13644799999999999,0.008704,0.000256,,0.030976,,2.046208,24210,21348,700,0.75173700000004828
24211,406.62496740362809,278469251926,1,7.9669002443552017,8.2865,8.094976,1.8329,15899,0.001024,3.230976,,0.040192,0.1536,0,0.1344,0.007424,0.010239999999999999,,0.0048639999999999994,,2.016768,24211,21349,700,0.75947200000018711
24212,406.63278390022674,278469334791,1,7.816496305167675,7.68,7.951616,1.7833,16387,0.001024,3.2762879999999996,,0.035584,0.162304,0,0.143872,0.003328,0.010239999999999999,,0.003328,,2.089984,24212,21350,700,0.76731880000033925
24213,406.64060449971652,278469411591,1,7.8205997124314308,8.0753,7.793664,1.753,15899,0.001024,3.179776,,0.040192,0.154368,0,0.13516799999999998,0.0076799999999999993,0.0097279999999999988,,0.005376,,1.9563519999999999,24213,21351,700,0.77526720000014393
24214,406.64845089994327,278469492344,1,7.8464001417160034,7.7271,7.80032,1.7907,16439,0.001024,3.2337919999999998,,0.040704,0.15923199999999998,0,0.140032,0.0076799999999999993,0.010496,,0.0051199999999999996,,2.10048,24214,21352,700,0.783042800000203
24215,406.65627580073692,278469569615,1,7.8249005600810051,7.8456,7.822848,1.7556,15899,0.001024,3.238912,,0.039424,0.156416,0,0.13516799999999998,0.007424,0.0097279999999999988,,0.004096,,1.748224,24215,21353,700,0.79074430000036955
24216,406.66401330073694,278469648071,1,7.7375001274049282,7.9377,7.803904,1.7667,16387,0.0012799999999999999,3.0960639999999997,,0.036864,0.15334399999999998,0,0.133888,0.010496,0.00896,,0.0051199999999999996,,2.0157439999999998,24216,21354,700,0.79847760000029666
24217,406.672375,278469727448,1,8.3616990596055984,7.8102,7.727104,1.7494,15899,0.001024,3.1744,,0.040959999999999996,0.152832,0,0.13414399999999999,0.0076799999999999993,0.009984,,0.0038399999999999997,,2.0454399999999997,24217,21355,700,0.80688989999998739
24218,406.6802079010771,278469805550,1,7.8329006209969521,7.6921,8.346624,1.6925,16387,0.001024,3.234304,,0.043519999999999996,0.157184,0,0.137728,0.007424,0.010752,,0.005376,,1.751552,24218,21356,700,0.81520990000035454
24219,406.68812110260768,278469882471,1,7.9132011160254478,7.716,7.798784,1.8136,15899,0.0012799999999999999,3.1866879999999997,,0.03712,0.162304,0.000256,0.143872,0.003584,0.0097279999999999988,,0.0048639999999999994,,2.185216,24219,21357,700,0.82257220000019515
24220,406.6963535997732,278469959631,1,8.2324976101517677,8.4113,7.899904,1.8181,16387,0.001024,3.2384,,0.03968,0.17510399999999998,0.000256,0.132608,0.007936,0.0097279999999999988,,0.004608,,1.933312,24220,21358,700,0.83091790000025867
24221,406.70441290391153,278470043744,1,8.0593042075634,8.2676,8.22272,1.7295,15899,0.001024,3.287808,,0.03968,0.151808,0.000256,0.132608,0.0076799999999999993,0.009984,,0.004096,,2.422784,24221,21359,700,0.83896670000012818
24222,406.71263590561222,278470126420,1,8.2230018451809883,7.4317,8.030208,1.8244,22518,0.001024,3.236608,,0.04224,0.15462399999999998,0.000256,0.13568,0.004608,0.011007999999999999,,0.004608,,1.749248,24222,21360,700,0.847085600000355
24223,406.72057210175734,278470200737,1,7.9361964017152786,8.2724,8.205568,1.773,15899,0.001024,3.1892479999999996,,0.038655999999999996,0.156416,0,0.13824,0.0076799999999999993,0.010496,,0.0048639999999999994,,2.186752,24223,21361,700,0.85522520000040458
24224,406.72873360260769,278470283461,1,8.16150102764368,8.1091,7.754752,1.8006,16387,0.001024,3.2386559999999998,,0.035584,0.154368,0,0.135424,0.0076799999999999993,0.009984,,0.004608,,2.137088,24224,21362,700,0.8634119000003011
24225,406.73651210317456,278470364552,1,7.7785006724298,8.1473,8.136704,1.9258,15899,0.001024,3.2319999999999998,,0.041215999999999996,0.15744,0.000256,0.137728,0.007936,0.010239999999999999,,0.0048639999999999994,,2.0290559999999997,24225,21363,700,0.8713303000004089
24226,406.74450710034012,278470446025,1,7.9949973151087761,8.0515,7.75808,1.8006,16582,0.001024,3.204608,,0.035328,0.163072,0,0.14464,0.0076799999999999993,0.010239999999999999,,0.003584,,2.04928,24226,21364,700,0.87902860000031069
24227,406.75259029903629,278470526540,1,8.08319915086031,8.2339,7.97952,1.8171,15899,0.001024,3.2394239999999996,,0.038144,0.157696,0,0.139008,0.0076799999999999993,0.0097279999999999988,,0.0038399999999999997,,1.9563519999999999,24227,21365,700,0.88716300000032788
24228,406.76075989937641,278470608879,1,8.1696007400751114,7.8802,8.065536,1.7738,16387,0.001024,3.2895999999999996,,0.040959999999999996,0.15488,0,0.134656,0.011264,0.009472,,0.005376,,2.203648,24228,21366,700,0.89569000000028609
24229,406.76870520124714,278470687681,1,7.9453019425272942,7.762,8.143872,1.9166,15899,0.15923199999999998,3.27424,,0.041471999999999995,0.15692799999999998,0,0.137984,0.003328,0.011264,,0.0051199999999999996,,2.025728,24229,21367,700,0.903214900000421
24230,406.776545904195,278470765301,1,7.8407032415270805,8.1014,7.924736,2.0623,16387,0.001024,3.237376,,0.0384,0.154112,0,0.1344,0.007424,0.010752,,0.0051199999999999996,,2.049536,24230,21368,700,0.91100560000040787
24231,406.7847273030045,278470846315,1,8.18139873445034,8.5416,7.82336,1.7819,15899,0.001024,3.1746559999999997,,0.040959999999999996,0.157696,0,0.137728,0.007424,0.009472,,0.005632,,1.9107839999999998,24231,21369,700,0.91951240000025791
24232,406.79243370181405,278470931731,1,7.7063986100256443,7.5374,8.162816,1.7993,16387,0.001024,3.2319999999999998,,0.040704,0.150528,0,0.13055999999999998,0.011007999999999999,0.009472,,0.004096,,2.075136,24232,21370,700,0.92706510000016351
24233,406.80053280187076,278471007105,1,8.09909962117672,7.8095,7.683072,1.8606,15899,0.001024,3.2998399999999997,,0.036864,0.151808,0.000256,0.132096,0.007424,0.009472,,0.0051199999999999996,,1.749504,24233,21371,700,0.935082500000135
24234,406.80864320436507,278471085200,1,8.1104021519422531,8.4323,8.080896,1.7943,16387,0.001024,3.235328,,0.040704,0.156416,0,0.13644799999999999,0.0076799999999999993,0.009472,,0.004352,,2.162432,24234,21372,700,0.94315050000022893
24235,406.81680870181407,278471169523,1,8.1654973328113556,7.6069,8.099072,1.8916,16101,0.001024,3.287808,,0.034048,0.15231999999999998,0.000256,0.133888,0.007936,0.010496,,0.004608,,2.399488,24235,21373,700,0.95177280000007158
24236,406.82455480442178,278471245592,1,7.7461027540266514,7.9585,8.140288,1.8142,16387,0.001024,3.29216,,0.040704,0.152064,0,0.132352,0.007424,0.010496,,0.004096,,1.750784,24236,21374,700,0.95901230000026771
24237,406.83246040249429,278471325177,1,7.9055977985262871,8.0831,7.712,1.9133,15899,0.001024,3.1027199999999997,,0.042496,0.157184,0,0.13849599999999998,0.007424,0.009984,,0.004096,,2.186496,24237,21375,700,0.96698630000037156
24238,406.84037190334465,278471406008,1,7.9115005210042,8.6359,7.885312,1.7584,16387,0.0012799999999999999,3.293952,,0.040192,0.15923199999999998,0,0.13977599999999998,0.007424,0.011007999999999999,,0.0051199999999999996,,1.931776,24238,21376,700,0.97504980000030628
24239,406.8482544005102,278471492367,1,7.8824972733855247,7.2909,7.90016,1.7786,15899,0.001024,3.271168,,0.035072,0.160768,0.000256,0.14207999999999998,0.0076799999999999993,0.010496,,0.004608,,2.05952,24239,21377,700,0.98299720000022717
24240,406.85638440334463,278471565276,1,8.13000276684761,7.9552,7.871488,1.8556,16439,0.001024,3.23584,,0.036095999999999996,0.15462399999999998,0.000256,0.135424,0.0076799999999999993,0.0097279999999999988,,0.004352,,1.7484799999999998,24240,21378,700,0.99083440000003975
24241,406.8641063988095,278471644828,1,7.72199546918273,8.0573,8.109568,1.9638,15899,0.001024,3.231744,,0.039936,0.160512,0.000256,0.140032,0.0076799999999999993,0.0097279999999999988,,0.004608,,2.065664,24241,21379,700,0.99873460000026171
24242,406.87241619897958,278471725401,1,8.3098001778125763,7.9382,7.709952,1.7892,45517,0.001024,3.1866879999999997,,0.039168,0.16127999999999998,0.000256,0.142592,0.007424,0.010496,,0.0051199999999999996,,2.101504,24242,21380,701,0.003099000000020169
24243,406.88021380385487,278471804783,1,7.7976048924028873,7.8709,8.29312,1.8312,15899,0.175616,3.171328,,0.041728,0.15129599999999999,0,0.13183999999999998,0.007168,0.0097279999999999988,,0.003584,,2.028032,24243,21381,701,0.010384300000168878
24244,406.88830089994332,278471883492,1,8.0870958045125,7.8745,7.757824,0.4492,16387,0.001024,3.2368639999999997,,0.039168,0.151552,0.000256,0.13286399999999998,0.0051199999999999996,0.0097279999999999988,,0.004352,,2.13632,24244,21382,701,0.01860339999984717
24245,406.89687020266439,278471962237,1,8.5693029686808586,8.9266,0.033792,1.8889,16094,0.001024,3.2381439999999997,,0.041728,0.155904,0,0.135936,0.0076799999999999993,0.0097279999999999988,,0.004608,,1.942016,24245,21383,701,0.027336099999956787
24246,406.90486020408161,278472051503,1,7.9900017008185387,7.25,8.562944,2.101,16387,0.001024,3.185664,,0.035328,0.158464,0,0.139264,0.003584,0.011007999999999999,,0.004608,,2.4637439999999997,24246,21384,701,0.035364800000024843
24247,406.91275940334464,278472124003,1,7.8991996124386787,8.1759,7.95136,2.0234,16101,0.001024,3.2368639999999997,,0.036864,0.157696,0,0.137984,0.004352,0.000768,,0.012544,,1.95712,24247,21385,701,0.042957900000146765
24248,406.9204650014172,278472205762,1,7.7055981382727623,8.7241,7.898112,2.0934,16387,0.001024,3.273984,,0.03968,0.157184,0,0.13747199999999998,0.0076799999999999993,0.010239999999999999,,0.004608,,2.0736,24248,21386,701,0.050804999999854772
24249,406.92880350056686,278472293003,1,8.3384988829493523,8.1116,7.691264,1.8203,15899,0.001024,3.27296,,0.039168,0.162048,0,0.143872,0.0076799999999999993,0.0097279999999999988,,0.005888,,1.9558399999999998,24249,21387,701,0.059346399999867572
24250,406.93672030187071,278472374119,1,7.9168016090989113,7.5055,8.309248,1.9749,18936,0.001024,3.1872,,0.041215999999999996,0.164352,0,0.135936,0.007936,0.010752,,0.0038399999999999997,,2.2679039999999997,24250,21388,701,0.06673899999987043
24251,406.94467410005666,278472449174,1,7.9537983983755112,7.8302,7.905792,1.8833,15899,0.001024,3.2949759999999997,,0.047872,0.154112,0,0.13414399999999999,0.0076799999999999993,0.0097279999999999988,,0.005632,,1.74976,24251,21389,701,0.07468879999987621
24252,406.95304890164397,278472527476,1,8.3748018369078636,8.3474,7.921408,2.1076,16387,0.001024,3.290368,,0.039936,0.159488,0,0.140032,0.008704,0.009472,,0.004096,,1.938688,24252,21390,701,0.083105600000180857
24253,406.96136550453514,278472610950,1,8.3166025578975677,7.702,8.361472,1.8287,15899,0.001024,3.183616,,0.03968,0.157696,0,0.139264,0.007424,0.0097279999999999988,,0.005376,,2.056192,24253,21391,701,0.091397799999867857
24254,406.9691545989229,278472687970,1,7.7890944667160511,7.9135,8.241408,1.9006,16387,0.001024,3.1080959999999997,,0.041984,0.152064,0,0.132352,0.0076799999999999993,0.0097279999999999988,,0.004352,,1.946624,24254,21392,701,0.0990907000000334
24255,406.97716770124714,278472767105,1,8.013102225959301,8.4275,7.830784,1.7961,15899,0.001024,3.2696319999999996,,0.04224,0.157696,0,0.137216,0.0076799999999999993,0.009216,,0.005376,,1.9264,24255,21393,701,0.10721169999987978
24256,406.9852389030612,278472851380,1,8.071201853454113,8.2585,7.999488,1.7815,16387,0.001024,3.2913919999999997,,0.041728,0.157184,0,0.13747199999999998,0.006912,0.009472,,0.005632,,1.9427839999999998,24256,21394,701,0.11536239999986719
24257,406.99309649943308,278472933965,1,7.8575965017080307,7.7599,8.037376,2.0229,15899,0.001024,3.290368,,0.043264,0.155904,0,0.135936,0.0076799999999999993,0.009984,,0.0038399999999999997,,2.13888,24257,21395,701,0.12304949999997916
24258,407.00090680272109,278473011564,1,7.8103034757077694,8.0385,7.85792,1.868,16387,0.001024,3.193088,,0.039936,0.1536,0,0.134656,0.007424,0.0097279999999999988,,0.004096,,1.7484799999999998,24258,21396,701,0.13125619999982518
24259,407.00900130385486,278473091949,1,8.0945007503032684,8.2316,7.794432,1.7284,15899,0.001024,3.2750079999999997,,0.03968,0.163328,0,0.143872,0.0076799999999999993,0.009984,,0.0038399999999999997,,1.9330559999999999,24259,21397,701,0.13921080000000075
24260,407.01697270408164,278473174265,1,7.9714003950357437,7.6626,8.081152,1.8381,16589,0.009984,3.2847359999999997,,0.040192,0.157184,0,0.137984,0.0076799999999999993,0.010496,,0.0051199999999999996,,1.9376639999999998,24260,21398,701,0.14691720000018904
24261,407.02466820436507,278473250891,1,7.695500273257494,8.1839,7.952896,1.8897,15899,0.001024,3.0942719999999997,,0.046079999999999996,0.16,0,0.13824,0.0076799999999999993,0.0097279999999999988,,0.0051199999999999996,,2.0175359999999998,24261,21399,701,0.15460350000012113
24262,407.03271200396824,278473332730,1,8.0437995493412018,7.9546,7.663872,1.8083,16950,0.0012799999999999999,3.1946239999999997,,0.040959999999999996,0.150784,0,0.132608,0.0076799999999999993,0.009472,,0.0038399999999999997,,2.080256,24262,21400,701,0.1626882000000478
24263,407.040708404195,278473412276,1,7.996399886906147,7.7499,8.026112,1.7704,50150,0.0012799999999999999,3.1808,,0.040704,0.15872,0,0.137728,0.007424,0.0097279999999999988,,0.005632,,2.1391359999999997,24263,21401,701,0.17070839999996679
24264,407.04865650510203,278473489775,1,7.9481005668640137,7.6764,7.958528,1.7051,16582,0.001024,3.23712,,0.038911999999999995,0.15103999999999998,0.000256,0.13286399999999998,0.0076799999999999993,0.0097279999999999988,,0.0048639999999999994,,2.101504,24264,21402,701,0.1789784000002328
24265,407.05685490362811,278473566539,1,8.1983981654047966,8.114,7.952128,1.824,22585,0.001024,3.297536,,0.041728,0.158208,0,0.139264,0.003328,0.009472,,0.005888,,1.9274239999999998,24265,21403,701,0.18681920000017271
24266,407.06475320294783,278473647679,1,7.8982990235090256,7.9728,8.173824,1.8087,16387,0.0012799999999999999,3.17568,,0.04224,0.16383999999999999,0.000256,0.139264,0.0076799999999999993,0.009984,,0.004096,,2.3872,24266,21404,701,0.19480179999982283
24267,407.07316630527208,278473727407,1,8.4131024777889252,8.0167,7.8848,1.8415,51041,0.001024,3.23072,,0.041215999999999996,0.160512,0,0.141312,0.003328,0.0097279999999999988,,0.0048639999999999994,,1.928192,24267,21405,701,0.20338020000008328
24268,407.081034502551,278473807574,1,7.8681968152523041,8.0949,8.382976,1.9599,46535,0.001024,3.2936959999999997,,0.041215999999999996,0.16358399999999998,0,0.143872,0.007936,0.009984,,0.005632,,2.105344,24268,21406,701,0.21110820000012609
24269,407.08891630527211,278473888523,1,7.8818025067448616,7.92,7.8592,1.9911,15899,0.001024,3.2919039999999997,,0.044544,0.154112,0,0.13312,0.007936,0.0097279999999999988,,0.004352,,1.9527679999999998,24269,21407,701,0.21899040000016612
24270,407.09709450113377,278473967723,1,8.1781959161162376,8.5219,7.84896,1.8818,16387,0.001024,3.1782399999999997,,0.041215999999999996,0.15334399999999998,0.000256,0.133888,0.0076799999999999993,0.010239999999999999,,0.0051199999999999996,,1.929984,24270,21408,701,0.22736170000007405
24271,407.10515710034014,278474052942,1,8.06259922683239,7.8843,8.169984,1.8659,15899,0.001024,3.2870399999999997,,0.035584,0.163072,0,0.143616,0.0076799999999999993,0.010239999999999999,,0.003584,,2.1056,24271,21409,701,0.23536409999996977
24272,407.11297520549886,278474131785,1,7.8181046992540359,7.8497,8.025344,2.077,16959,0.001024,3.281152,,0.035072,0.175616,0,0.13568,0.007936,0.0097279999999999988,,0.004096,,1.7487359999999998,24272,21410,701,0.24291270000003351
24273,407.12122300170068,278474210282,1,8.2477964460849762,8.3583,7.801856,1.8346,15899,0.001024,3.1928319999999997,,0.038911999999999995,0.164352,0,0.146432,0.007936,0.009472,,0.0048639999999999994,,2.097664,24273,21411,701,0.25119910000012169
24274,407.12925340136053,278474293865,1,8.0303996801376343,8.0191,8.205312,1.7549,16387,0.001024,3.288576,,0.03968,0.15488,0.000256,0.13516799999999998,0.009984,0.0097279999999999988,,0.004608,,2.052352,24274,21412,701,0.25954319999982545
24275,407.13722630385485,278474374056,1,7.9729026183485985,7.5597,8.02816,1.7863,33470,0.001024,3.2919039999999997,,0.043008,0.15231999999999998,0,0.133376,0.0076799999999999993,0.0097279999999999988,,0.0051199999999999996,,2.098176,24275,21413,701,0.26745059999984733
24276,407.14505009920634,278474449653,1,7.8237950801849365,8.268,7.96544,1.9019,30772,0.001024,3.297792,,0.044544,0.154368,0,0.134656,0.007424,0.009216,,0.005376,,1.7471999999999999,24276,21414,701,0.27553859999989072
24277,407.15310899943307,278474532333,1,8.0589000135660172,8.1936,7.80416,1.9437,15899,0.001024,3.1746559999999997,,0.03968,0.163072,0,0.143872,0.004096,0.0097279999999999988,,0.0051199999999999996,,1.9330559999999999,24277,21415,701,0.28399440000021059
24278,407.16145860260769,278474614269,1,8.3496030420064926,7.9734,8.036608,2.1082,16387,0.001024,3.289856,,0.041471999999999995,0.160512,0,0.140544,0.007424,0.011007999999999999,,0.005632,,2.0587519999999997,24278,21416,701,0.29166269999996075
24279,407.1696943027211,278474694003,1,8.23570042848587,8.1904,8.325632,2.11,15899,0.001024,3.100672,,0.039936,0.15872,0,0.13824,0.007424,0.010496,,0.004608,,2.074112,24279,21417,701,0.29994630000010147
24280,407.17759640022672,278474775907,1,7.9020978882908821,8.3347,8.213248,1.9987,33958,0.001024,3.2737279999999997,,0.034816,0.15692799999999998,0,0.137984,0.010496,0.009216,,0.006144,,2.079744,24280,21418,701,0.30780090000007476
24281,407.1854843041383,278474859254,1,7.8879036009311676,7.767,7.885312,1.9124,30284,0.001024,3.298304,,0.036608,0.158976,0,0.139264,0.011264,0.010752,,0.0048639999999999994,,2.0544,24281,21419,701,0.31570770000007542
24282,407.19355350056685,278474936924,1,8.0691967159509659,8.2468,7.870464,1.8592,16387,0.001024,3.098112,,0.038655999999999996,0.15923199999999998,0,0.140032,0.012288,0.0063999999999999994,,0.007424,,2.1578239999999997,24282,21420,701,0.32351670000025479
24283,407.20188010204078,278475019392,1,8.32660123705864,7.8495,8.04992,1.8348,16094,0.001024,3.274752,,0.041215999999999996,0.157184,0,0.137216,0.007424,0.009984,,0.004096,,1.7505279999999999,24283,21421,701,0.33187670000006619
24284,407.2094544005102,278475097887,1,7.5742984190583229,7.9368,8.315648,1.8008,33958,0.001024,3.17568,,0.039936,0.161792,0,0.141824,0.004096,0.0097279999999999988,,0.003584,,2.28736,24284,21422,701,0.33951079999997091
24285,407.21741920351474,278475177255,1,7.9648029059171677,7.8516,7.537408,1.8504,30614,0.001024,3.1782399999999997,,0.037376,0.155392,0,0.136192,0.0076799999999999993,0.009472,,0.004352,,1.7505279999999999,24285,21423,701,0.34739119999994728
24286,407.22521640447843,278475255771,1,7.7972011640667915,8.3185,7.941376,1.8998,16387,0.001024,3.2949759999999997,,0.040448,0.163072,0.000256,0.142592,0.0076799999999999993,0.009472,,0.005376,,2.027008,24286,21424,701,0.355137200000172
24287,407.23324569869612,278475338956,1,8.0292942002415657,7.6461,7.780608,1.8355,15899,0.001024,3.234048,,0.035584,0.156416,0,0.135936,0.003328,0.010496,,0.0048639999999999994,,2.05056,24287,21425,701,0.36322500000005675
24288,407.241186401644,278475415417,1,7.9407030716538429,7.8966,8.007936,1.7203,121813,0.001024,3.295232,,0.045568,0.16127999999999998,0.000256,0.140544,0.007424,0.010239999999999999,,0.004352,,1.9361279999999998,24288,21426,701,0.37177109999993263
24289,407.24924620181406,278475494383,1,8.05980060249567,7.7661,7.91936,1.866,109438,0.001024,3.09632,,0.04224,0.162816,0.000256,0.141824,0.0076799999999999993,0.009472,,0.005376,,2.187008,24289,21427,701,0.37925730000006297
24290,407.25736030328795,278475572044,1,8.1141013652086258,8.0108,8.045824,2.0957,86723,0.001024,3.3003519999999997,,0.036864,0.186112,0.000256,0.165376,0.008192,0.009472,,0.0051199999999999996,,1.744896,24290,21428,701,0.38754329999983383
24291,407.26535980017007,278475652152,1,7.9994965344667435,8.4375,8.085504,1.8178,77573,0.001024,3.2767999999999997,,0.039936,0.155904,0,0.136704,0.007424,0.010239999999999999,,0.004608,,2.306816,24291,21429,701,0.39554249999991953
24292,407.27324160289112,278475736527,1,7.8818025067448616,7.6463,7.976192,1.8936,16387,0.001024,3.27168,,0.03968,0.33433599999999997,0,0.14464,0.011264,0.008704,,0.004608,,1.959168,24292,21430,701,0.40322419999984049
24293,407.28105330215419,278475812990,1,7.8116990625858307,8.1988,7.867136,1.8427,15899,0.001024,3.177984,,0.03584,0.156672,0,0.135936,0.007936,0.009472,,0.004096,,2.052864,24293,21431,701,0.41137400000025082
24294,407.28884320436504,278475894978,1,7.78990238904953,8.0634,7.80288,1.9031,22171,0.001024,3.272704,,0.040704,0.151808,0,0.132608,0.0076799999999999993,0.0097279999999999988,,0.0051199999999999996,,1.747456,24294,21432,701,0.41878700000006575
24295,407.29664330357139,278475975612,1,7.8000989742577076,7.7082,7.765504,2.2331,15899,0.001024,3.231744,,0.039936,0.15462399999999998,0,0.135424,0.014336,0,,0.020479999999999998,,1.930496,24295,21433,701,0.42751869999983683
24296,407.30467140022677,278476052694,1,8.02809651941061,8.1305,7.78112,1.7826,16387,0.001024,3.2296959999999997,,0.037888,0.16025599999999998,0,0.139264,0.0076799999999999993,0.010239999999999999,,0.0048639999999999994,,2.051072,24296,21434,701,0.43467379999992772
24297,407.31265510204082,278476133999,1,7.98370223492384,7.451,8.009728,1.8854,16246,0.0012799999999999999,3.2967679999999997,,0.036608,0.15564799999999998,0,0.134912,0.007424,0.0097279999999999988,,0.0038399999999999997,,1.7487359999999998,24297,21435,701,0.44282890000022235
24298,407.32049469954649,278476208509,1,7.839597761631012,8.4995,7.958784,1.8232,16387,0.001024,3.237376,,0.03968,0.152064,0.000256,0.132096,0.0076799999999999993,0.010239999999999999,,0.004096,,2.0925439999999997,24298,21436,701,0.45109920000004422
24299,407.32881600056686,278476293504,1,8.3213010802865028,7.3964,7.828736,2.0443,15899,0.001024,3.29344,,0.039936,0.155136,0,0.135936,0.007936,0.010239999999999999,,0.004096,,1.947392,24299,21437,701,0.45920549999982541
24300,407.33677830215419,278476367468,1,7.9623013734817505,8.0904,8.309248,1.7712,16387,0.0012799999999999999,3.29088,,0.040959999999999996,0.15923199999999998,0,0.13952,0.003072,0.011007999999999999,,0.004096,,2.049536,24300,21438,701,0.46673009999994974
24301,407.34456500141721,278476448372,1,7.78669910505414,7.9017,7.942144,2.0067,15899,0.001024,3.189504,,0.041728,0.16358399999999998,0,0.143872,0.008192,0.0084479999999999989,,0.006144,,1.7487359999999998,24301,21439,701,0.47450340000023061
24302,407.35239520266441,278476527389,1,7.8302016481757164,8.495,7.766272,1.8286,34153,0.001024,3.1777279999999997,,0.041215999999999996,0.158208,0,0.13747199999999998,0.0038399999999999997,0.009984,,0.0051199999999999996,,1.9409919999999998,24302,21440,701,0.48241749999988315
24303,407.36069170209748,278476612339,1,8.296499028801918,7.5539,7.804416,1.7725,30284,0.001024,3.0976,,0.046591999999999995,0.157696,0,0.137216,0.011007999999999999,0.009216,,0.004608,,2.110464,24303,21441,701,0.490831099999923
24304,407.36860089994332,278476687878,1,7.9091982915997505,7.7663,8.28416,1.8724,16387,0.001024,3.1848959999999997,,0.040959999999999996,0.164608,0,0.14464,0.007936,0.010752,,0.005376,,1.747968,24304,21442,701,0.49856630000022051
24305,407.37690760345805,278476765541,1,8.30670353025198,7.839,7.878912,1.9115,15899,0.001024,3.2368639999999997,,0.036095999999999996,0.15795199999999998,0,0.138752,0.009216,0.001792,,0.025856,,2.0288,24305,21443,701,0.5073155999998562
24306,407.38510230300454,278476843931,1,8.1946998834609985,8.4849,8.287232,1.7756,16387,0.001024,3.299328,,0.040192,0.15744,0,0.133888,0.007936,0.010496,,0.003584,,1.9479039999999999,24306,21444,701,0.51531950000025972
24307,407.39298390022674,278476928780,1,7.8815976157784462,7.7431,8.177152,2.014,15899,0.001024,3.2750079999999997,,0.034816,0.16819199999999998,0,0.14848,0.003328,0.0097279999999999988,,0.005632,,2.087424,24307,21445,701,0.52338950000012119
24308,407.4006505031179,278477006211,1,7.6666027307510376,8.552,7.84896,1.772,16387,0.001024,3.2998399999999997,,0.03968,0.153088,0,0.133632,0.0076799999999999993,0.009472,,0.004096,,1.749504,24308,21446,701,0.53060959999993429
24309,407.4082554988662,278477091731,1,7.6049957424402237,8.2028,7.656704,1.9283,15899,0.0012799999999999999,3.1884799999999998,,0.040704,0.15564799999999998,0,0.136192,0.004608,0.000256,,0.013312,,1.9358719999999998,24309,21447,701,0.53821640000023763
24310,407.41608540249433,278477173759,1,7.8299036249518394,7.8257,7.588096,1.8915,16589,0.001024,3.1744,,0.039168,0.160512,0,0.141312,0.009472,0.009216,,0.004352,,2.087936,24310,21448,701,0.54601809999985562
24311,407.42410030470518,278477252016,1,8.0149024724960327,7.4639,7.801856,1.9712,15899,0.001024,3.234816,,0.035584,0.161792,0,0.138752,0.0076799999999999993,0.009984,,0.004096,,1.74976,24311,21449,701,0.554034799999954
24312,407.4319240008503,278477326655,1,7.8236963599920273,7.5479,7.994112,1.8832,16387,0.006144,3.19744,,0.038911999999999995,0.159744,0.000256,0.13568,0.0076799999999999993,0.010239999999999999,,0.003328,,2.082048,24312,21450,701,0.56186179999986052
24313,407.43965590277776,278477402134,1,7.7319019474089146,7.8831,7.807488,1.8504,15899,0.001024,3.180544,,0.041215999999999996,0.151552,0.000256,0.13183999999999998,0.003328,0.009472,,0.004096,,1.9443199999999998,24313,21451,701,0.56964920000018537
24314,407.44774970238092,278477480965,1,8.093799464404583,7.9886,7.712256,1.79,16387,0.001024,3.2652799999999997,,0.039424,0.15231999999999998,0,0.13286399999999998,0.007424,0.009984,,0.004352,,1.930496,24314,21452,701,0.57814520000010816
24315,407.45589820011338,278477560851,1,8.1484979018569,7.847,8.06656,2.2761,15899,0.001024,3.272192,,0.042752,0.157696,0.000256,0.139008,0.0076799999999999993,0.0097279999999999988,,0.005632,,1.7505279999999999,24315,21453,701,0.58588460000009945
24316,407.46407679988658,278477639321,1,8.17860011011362,7.6881,8.132096,1.8652,16439,0.001024,3.2368639999999997,,0.03968,0.17868799999999999,0,0.13824,0.007936,0.00896,,0.0048639999999999994,,2.064896,24316,21454,701,0.59402399999999034
24317,407.47164739937642,278477716202,1,7.5705996714532375,8.5757,8.159232,1.8235,15899,0.001024,3.2767999999999997,,0.03968,0.158208,0,0.138752,0.0076799999999999993,0.009984,,0.0038399999999999997,,2.4069119999999997,24317,21455,701,0.60174569999981031
24318,407.4798163052721,278477801959,1,8.1689059734344482,7.7285,7.546368,1.8433,16387,0.001024,3.237888,,0.043775999999999995,0.16512,0,0.142336,0.007936,0.009472,,0.0048639999999999994,,1.936896,24318,21456,701,0.61070400000016889
24319,407.48787930130385,278477879244,1,8.062995970249176,8.1596,8.113152,1.8525,15899,0.001024,3.235328,,0.039424,0.15692799999999998,0,0.137984,0.007424,0.009984,,0.003584,,2.128896,24319,21457,701,0.61821839999993244
24320,407.49574460034012,278477960840,1,7.8652994707226753,7.6951,8.089344,2.2114,16387,0.002304,3.22944,,0.039168,0.158208,0,0.13824,0.007424,0.010496,,0.0051199999999999996,,1.92,24320,21458,701,0.625682500000039
24321,407.50365560515871,278478037791,1,7.9110050573945045,8.9641,7.839744,1.8936,16094,0.001024,3.237376,,0.03712,0.15616,0,0.13696,0.0048639999999999994,0.0076799999999999993,,0.007168,,2.057984,24321,21459,701,0.63378090000014708
24322,407.51166020408164,278478127432,1,8.0045992508530617,7.4809,7.892224,1.9198,16589,0.001024,3.2701439999999997,,0.038911999999999995,0.159488,0,0.139264,0.0076799999999999993,0.009472,,0.0051199999999999996,,1.749504,24322,21460,701,0.64167219999990266
24323,407.51926709892291,278478202241,1,7.6068947091698647,7.5015,7.98336,1.8188,15899,0.001024,3.279616,,0.040704,0.15231999999999998,0,0.132608,0.007424,0.009472,,0.004608,,2.0288,24323,21461,701,0.64935719999994035
24324,407.52708100198413,278478277256,1,7.8139035031199455,8.071,7.584256,1.8148,16387,0.001024,3.272192,,0.03584,0.15692799999999998,0,0.13849599999999998,0.0076799999999999993,0.009984,,0.003584,,1.9210239999999998,24324,21462,701,0.6573684999998477
24325,407.53520530045353,278478357966,1,8.12429841607809,7.9495,7.79776,1.7962,15899,0.001024,3.172352,,0.041215999999999996,0.153856,0,0.1344,0.007424,0.009472,,0.0038399999999999997,,1.9358719999999998,24325,21463,701,0.66541319999987536
24326,407.54300780187071,278478437461,1,7.8025013208389282,7.6183,8.111104,1.9269,16387,0.001024,3.177984,,0.036095999999999996,0.160512,0,0.141056,0.0076799999999999993,0.010239999999999999,,0.005376,,2.098944,24326,21464,701,0.67297450000023673
24327,407.5508857993197,278478513644,1,7.8779971227049828,8.0205,7.778304,1.7995,15899,0.001024,3.1733759999999998,,0.040959999999999996,0.153088,0,0.133888,0.007936,0.009472,,0.0038399999999999997,,2.195712,24327,21465,701,0.68169010000019625
24328,407.55853100198414,278478593849,1,7.6452028006315231,8.074,7.86688,1.8047,23021,0.001024,3.1733759999999998,,0.040959999999999996,0.153088,0,0.133888,0.007936,0.009472,,0.0038399999999999997,,2.195712,24328,21466,701,0.68845310000006066
24329,407.56682160572558,278478674589,1,8.2906037569046021,7.5795,7.6288,1.8169,15899,0.0012799999999999999,3.289344,,0.038911999999999995,0.15488,0,0.136192,0.008192,0.009984,,0.0051199999999999996,,2.046464,24329,21467,701,0.69732040000008055
24330,407.57465089994332,278478750384,1,7.8292945399880409,8.2025,8.276992,1.7649,16387,0.001024,3.2327679999999996,,0.043519999999999996,0.15616,0,0.137216,0.007424,0.011007999999999999,,0.004352,,1.749504,24330,21468,701,0.70452410000007148
24331,407.58244090136054,278478832409,1,7.7900015749037266,7.2576,7.802112,1.9086,15899,0.001024,3.28064,,0.0384,0.162304,0,0.142848,0.0038399999999999997,0.009984,,0.0038399999999999997,,2.0928,24331,21469,701,0.71254390000012791
24332,407.59030899943309,278478904985,1,7.8680980950593948,8.8654,7.765504,1.6795,16387,0.001024,3.1795199999999997,,0.041471999999999995,0.159488,0,0.139264,0.003584,0.010239999999999999,,0.004352,,1.931776,24332,21470,701,0.72029710000015257
24333,407.59802880527207,278478993639,1,7.7198059298098087,7.2209,7.848448,1.8148,15899,0.001024,3.288576,,0.036095999999999996,0.150784,0.001792,0.131584,0.007424,0.001536,,0.009984,,2.05312,24333,21471,701,0.72799680000025546
24334,407.6060102040816,278479065848,1,7.9813990741968155,8.0182,7.691008,1.8487,16387,0.001024,3.1728639999999997,,0.039424,0.15872,0.000256,0.140288,0.0076799999999999993,0.0097279999999999988,,0.004096,,1.7505279999999999,24334,21472,701,0.73593410000012227
24335,407.6140373015873,278479146030,1,8.0270972102880478,7.7464,7.974144,1.9004,16101,0.001024,3.100672,,0.041728,0.158208,0.000256,0.13849599999999998,0.003072,0.009472,,0.005376,,2.064384,24335,21473,701,0.743990500000109
24336,407.62149340277779,278479223494,1,7.4561010114848614,7.6985,8.003584,1.7422,16387,0.001024,3.178752,,0.03584,0.159488,0,0.14079999999999998,0.007424,0.010239999999999999,,0.004608,,2.417408,24336,21474,701,0.75159369999983028
24337,407.62927490079363,278479300479,1,7.7814981341362,7.9412,7.441152,1.7975,15899,0.001024,3.1744,,0.041728,0.157184,0,0.13849599999999998,0.0076799999999999993,0.010496,,0.005632,,1.925632,24337,21475,701,0.75932190000003175
24338,407.63778360260767,278479379891,1,8.50870180875063,8.0495,7.75552,1.779,16387,0.001024,3.177984,,0.035072,0.162816,0,0.14438399999999998,0.007936,0.0097279999999999988,,0.004352,,2.1391359999999997,24338,21476,701,0.76767100000006394
24339,407.64571879960317,278479460386,1,7.9351970925927162,7.6143,8.493056,1.7737,15899,0.001024,3.23968,,0.040192,0.154368,0.000256,0.134656,0.0076799999999999993,0.011264,,0.004608,,1.9379199999999999,24339,21477,701,0.77567829999998139
24340,407.65376150085035,278479536529,1,8.04270152002573,7.69,7.919104,1.7587,16387,0.001024,3.291136,,0.03968,0.149504,0,0.130816,0.0076799999999999993,0.0097279999999999988,,0.004096,,2.051072,24340,21478,701,0.78378040000006877
24341,407.66174280045351,278479613429,1,7.9812994226813316,8.4033,8.018176,2.0783,16094,0.001024,3.288576,,0.039424,0.152832,0,0.133376,0.007936,0.009984,,0.004096,,1.861888,24341,21479,701,0.79168470000013258
24342,407.66927419926304,278479697462,1,7.53139890730381,7.9308,7.959552,1.74,29600,0.001024,3.237632,,0.040448,0.15462399999999998,0,0.13414399999999999,0.0076799999999999993,0.009472,,0.004096,,2.036736,24342,21480,701,0.79921620000004623
24343,407.67727000425168,278479776770,1,7.9958047717809677,8.1764,7.514112,1.8185,15899,0.001024,3.18592,,0.041984,0.155904,0.000256,0.13747199999999998,0.007424,0.010496,,0.0048639999999999994,,1.9327999999999999,24343,21481,701,0.80724370000007184
24344,407.6851804988662,278479858534,1,7.9104946926236153,7.8767,7.976448,1.7628,16387,0.001024,3.292672,,0.040448,0.152064,0,0.132096,0.004352,0.00896,,0.004352,,1.9425279999999998,24344,21482,701,0.81539849999990111
24345,407.693157603458,278479937301,1,7.9771047458052635,7.5517,7.891712,1.8063,15899,0.001024,3.176192,,0.036095999999999996,0.15129599999999999,0,0.132352,0.003328,0.009984,,0.0048639999999999994,,2.07872,24345,21483,701,0.823192199999994
24346,407.70115620039678,278480012818,1,7.9985968768596649,7.9626,7.952128,1.8084,16387,0.001024,3.2762879999999996,,0.040192,0.150272,0,0.130048,0.0076799999999999993,0.0097279999999999988,,0.005632,,1.750016,24346,21484,701,0.83165009999993345
24347,407.70895189909294,278480092444,1,7.7956984750926495,8.1934,8.000256,1.6891,15899,0.001024,3.188992,,0.041215999999999996,0.1536,0,0.134656,0.007424,0.0097279999999999988,,0.003584,,2.305024,24347,21485,701,0.838983399999961
24348,407.71737880527212,278480174378,1,8.4269065409898758,7.7962,7.766784,1.7862,16734,0.001024,3.2901119999999997,,0.039424,0.15923199999999998,0,0.14079999999999998,0.0076799999999999993,0.011264,,0.0048639999999999994,,2.055168,24348,21486,701,0.84735090000003765
24349,407.72520269982994,278480252340,1,7.82389473170042,8.4503,8.377856,1.7221,15899,0.17843199999999998,3.177472,,0.041215999999999996,0.155136,0.000256,0.135424,0.007424,0.011007999999999999,,0.0048639999999999994,,2.051584,24349,21487,701,0.85525959999995393
24350,407.73361020408163,278480336843,1,8.4075042977929115,7.3051,7.830528,1.7811,22171,0.001024,3.23584,,0.035072,0.166912,0,0.14899199999999999,0.003072,0.010239999999999999,,0.004608,,2.214912,24350,21488,701,0.863687900000059
24351,407.74144730017008,278480409894,1,7.8370962291955948,8.4361,8.388608,1.8598,21828,0.001024,3.270912,,0.039168,0.165632,0.000256,0.14464,0.0076799999999999993,0.009984,,0.004608,,2.402816,24351,21489,701,0.87183559999994031
24352,407.74948390022672,278480494255,1,8.0366004258394241,7.8204,7.829248,1.8837,16387,0.001024,3.231744,,0.035328,0.16025599999999998,0,0.141824,0.007936,0.009984,,0.003328,,2.1608959999999997,24352,21490,701,0.87941360000013447
24353,407.75734320436504,278480572459,1,7.8593045473098755,8.4795,8.006656,1.9072,65096,0.001024,3.3003519999999997,,0.039168,0.172032,0,0.134656,0.008192,0.009472,,0.005376,,1.747456,24353,21491,701,0.88820010000017646
24354,407.76498250425169,278480657254,1,7.63930007815361,8.147,7.828992,1.8272,16387,0.001024,3.179776,,0.0384,0.156416,0,0.137728,0.007424,0.010496,,0.004096,,2.1027839999999998,24354,21492,701,0.8953388999998424
24355,407.77315530045348,278480738724,1,8.1727961078286171,7.5857,7.638528,2.0948,29384,0.001024,3.1861759999999997,,0.038144,0.149248,0,0.13055999999999998,0.003584,0.010239999999999999,,0.0051199999999999996,,1.9543039999999998,24355,21493,701,0.90371240000013131
24356,407.78097790532877,278480814581,1,7.8226048499345779,8.6973,8.144128,1.8997,16387,0.001024,3.291136,,0.035584,0.153856,0,0.134912,0.003328,0.009984,,0.004608,,2.141952,24356,21494,701,0.9121552999999949
24357,407.78893910147389,278480901554,1,7.9611958935856819,7.2263,7.80416,2.0059,15899,0.001024,3.2412159999999997,,0.038911999999999995,0.14848,0,0.12928,0.0076799999999999993,0.009984,,0.003328,,2.053632,24357,21495,701,0.91899969999985842
24358,407.79690800028345,278480973817,1,7.9688988626003265,8.2837,7.935232,1.9104,16387,0.001024,3.1777279999999997,,0.039424,0.152064,0.000256,0.132608,0.0076799999999999993,0.010496,,0.003584,,1.95328,24358,21496,701,0.92697640000005777
24359,407.80508630243764,278481056654,1,8.1783020868897438,8.1687,7.94752,1.9027,21828,0.001024,3.1861759999999997,,0.039424,0.17536,0,0.15564799999999998,0.007168,0.0097279999999999988,,0.003584,,2.109952,24359,21497,701,0.93540650000022652
24360,407.81290140306123,278481138341,1,7.8151002526283264,7.1882,8.159232,1.906,16929,0.001024,3.2798719999999997,,0.037376,0.15462399999999998,0.000256,0.134656,0.0076799999999999993,0.0097279999999999988,,0.004352,,1.748224,24360,21498,701,0.94284329999982219
24361,407.8206781037415,278481210223,1,7.7767008915543556,7.9985,7.792128,1.8861,15899,0.006144,3.233024,,0.040192,0.162048,0,0.144128,0.007936,0.009984,,0.003584,,1.93408,24361,21499,701,0.95141719999992347
24362,407.82877859977322,278481290208,1,8.1004956737160683,8.4174,7.711744,1.8772,16387,0.006144,3.233024,,0.040192,0.162048,0,0.144128,0.007936,0.009984,,0.003584,,1.93408,24362,21500,701,0.95879809999996723
24363,407.8367241000567,278481374382,1,7.9455003142356873,7.4749,8.131328,1.825,15899,0.001024,3.232512,,0.039168,0.163072,0,0.143872,0.0076799999999999993,0.009984,,0.0051199999999999996,,2.0472319999999997,24363,21501,701,0.96676440000010189
24364,407.84455220379817,278481449131,1,7.8281033784151077,8.1082,7.9168,1.9103,16387,0.001024,3.297536,,0.040704,0.15488,0,0.135424,0.0076799999999999993,0.009472,,0.004608,,1.749504,24364,21502,701,0.97449980000010328
24365,407.8524514030612,278481530213,1,7.8991996124386787,7.794,7.812096,1.7659,15899,0.001024,3.277824,,0.0448,0.154368,0,0.13414399999999999,0.007936,0.0097279999999999988,,0.003584,,1.921792,24365,21503,701,0.98244500000009793
24366,407.86046680130386,278481608153,1,8.0153979361057281,7.9898,7.879936,1.8809,16387,0.001024,3.287808,,0.039424,0.1664,0,0.14668799999999999,0.003328,0.010496,,0.0038399999999999997,,2.05824,24366,21504,701,0.99092000000018743
24367,407.868422002551,278481688051,1,7.9552009701728821,7.7045,7.995136,2.0433,15899,0.001024,3.188736,,0.044288,0.15103999999999998,0,0.130816,0.007424,0.009472,,0.004608,,1.7471999999999999,24367,21505,701,0.9984668000001875
24368,407.87625750425167,278481765096,1,7.8355018049478531,7.9474,7.934464,2.1195,45505,0.001024,3.275776,,0.039936,0.17177599999999998,0.000256,0.134656,0.007936,0.0097279999999999988,,0.0048639999999999994,,2.0369919999999997,24368,21506,702,0.003129999999600841
24369,407.88390200538549,278481844570,1,7.64450104907155,8.203,7.761408,1.8248,15899,0.001024,3.188736,,0.040192,0.160768,0.000256,0.14079999999999998,0.007424,0.009472,,0.004608,,1.9246079999999999,24369,21507,702,0.0098625999999057967
24370,407.8917781037415,278481926600,1,7.8760981559753418,7.7951,7.68256,0.4774,16387,0.001024,3.268608,,0.03968,0.157696,0,0.13747199999999998,0.009984,0.009984,,0.004608,,1.9128319999999999,24370,21508,702,0.018325600000025588
24371,407.89989050453511,278482004551,1,8.1124007701873779,8.7319,0.035072,1.7141,15899,0.001024,3.295744,,0.040959999999999996,0.15103999999999998,0,0.131584,0.007424,0.009984,,0.003584,,2.082048,24371,21509,702,0.025897299999996903
24372,407.90782470238094,278482091870,1,7.9341977834701538,6.7534,8.07936,1.9643,16387,0.001024,3.1057919999999997,,0.041984,0.163072,0,0.14310399999999998,0.0084479999999999989,0.009472,,0.005632,,1.747968,24372,21510,702,0.035245499999746244
24373,407.91591130243762,278482159404,1,8.0866003409028053,8.4752,7.917312,1.7987,16101,0.001024,3.2883199999999997,,0.036095999999999996,0.15334399999999998,0,0.134656,0.007424,0.009984,,0.0051199999999999996,,2.118912,24373,21511,702,0.042379999999866413
24374,407.92403399943311,278482244156,1,8.122696541249752,7.5231,8.057856,2.1487,16387,0.001024,3.181056,,0.035328,0.157184,0,0.13824,0.0076799999999999993,0.011007999999999999,,0.0051199999999999996,,2.025984,24374,21512,702,0.050137499999891588
24375,407.93220359977323,278482319387,1,8.1696007400751114,9.2985,8.10752,2.0267,15899,0.001024,3.243264,,0.03584,0.162048,0.000256,0.141312,0.009472,0.007424,,0.007168,,2.087936,24375,21513,702,0.058259299999917857
24376,407.94015300453515,278482412372,1,7.9494044184684753,7.1322,8.148224,1.875,18936,0.298496,3.2327679999999996,,0.040704,0.156672,0,0.136704,0.0051199999999999996,0.011007999999999999,,0.005632,,1.938176,24376,21514,702,0.066218999999819061
24377,407.94816879960314,278482483694,1,8.0157946795225143,7.8633,7.931648,1.8096,15899,0.001024,3.1710719999999997,,0.037632,0.15462399999999998,0,0.13414399999999999,0.008704,0.009984,,0.004352,,2.099456,24377,21515,702,0.074219099999936589
24378,407.95617970521539,278482562327,1,8.0109052360057831,8.0748,8.001536,2.0268,16387,0.001024,3.287552,,0.040192,0.15616,0,0.13516799999999998,0.010496,0.009984,,0.004608,,1.940736,24378,21516,702,0.082199099999797909
24379,407.9643633999433,278482643075,1,8.1836944445967674,7.9872,7.979776,1.8551,16094,0.001024,3.234816,,0.040959999999999996,0.156416,0.000256,0.13696,0.007424,0.009984,,0.005376,,1.9456,24379,21517,702,0.090326399999867135
24380,407.97271699971651,278482722947,1,8.3535993471741676,7.9839,8.17152,1.8241,16387,0.001024,3.2701439999999997,,0.041471999999999995,0.15692799999999998,0.000256,0.13696,0.0076799999999999993,0.009472,,0.004096,,1.921536,24380,21518,702,0.0987463999999818
24381,407.98074060374148,278482802786,1,8.0236038193106651,8.0104,8.329728,1.8879,15899,0.001024,3.295744,,0.040448,0.151552,0,0.131584,0.007424,0.0097279999999999988,,0.005632,,1.945344,24381,21519,702,0.10675039999978253
24382,407.98845150226754,278482882890,1,7.710898295044899,8.0926,,1.818,16387,0.001024,3.295744,,0.040448,0.151552,0,0.131584,0.007424,0.0097279999999999988,,0.005632,,1.945344,24382,21520,702,0.11514249999981985
24383,408.00095110544214,278482963816,1,12.499603442847729,8.4524,7.674368,8.4524,15899,0.001024,3.101696,,0.037888,0.15692799999999998,0.000256,0.13696,0.0076799999999999993,0.010239999999999999,,0.005632,,1.933312,24383,21521,702,0.12793059999967227
24384,408.00868890306123,278483048340,1,7.7377976849675179,7.9901,7.615744,1.5526,16387,0.001024,3.232256,,0.03968,0.15744,0.000256,0.13747199999999998,0.007424,0.009472,,0.004352,,1.9358719999999998,24384,21522,702,0.13474079999969035
24385,408.01672620464853,278483128241,1,8.03730171173811,8.1686,7.71584,1.8588,16101,0.001024,3.243776,,0.038911999999999995,0.155136,0,0.13644799999999999,0.003584,0.0097279999999999988,,0.004352,,2.138368,24385,21523,702,0.14295809999975972
24386,408.02506580215419,278483209927,1,8.3395978435873985,12.7134,8.000256,1.8239,16387,0.001024,3.19744,,0.039424,0.15744,0.000256,0.139264,0.0076799999999999993,0.009984,,0.004096,,1.9292159999999998,24386,21524,702,0.15099109999982829
24387,408.03310570436508,278483337061,1,8.039901964366436,7.0566,8.13952,1.6702,15899,0.0012799999999999999,3.193088,,0.03968,0.153088,0,0.133888,0.007424,0.011264,,0.0025599999999999998,,2.1191679999999997,24387,21525,702,0.15937910000002375
24388,408.04137910289114,278483407627,1,8.2733985036611557,8.1849,8.010496,1.7872,16387,0.001024,3.27424,,0.041471999999999995,0.15231999999999998,0,0.13286399999999998,0.0076799999999999993,0.011776,,0.002816,,1.948672,24388,21526,702,0.16739769999958298
24389,408.0494744047619,278483489476,1,8.0953016877174377,8.1408,8.092672,1.9694,15899,0.001024,3.187712,,0.040192,0.152576,0,0.13414399999999999,0.0038399999999999997,0.011007999999999999,,0.003328,,2.086144,24389,21527,702,0.17641239999966274
24390,408.05725449971652,278483570884,1,7.7800950966775417,8.3151,8.06528,1.9018,16387,0.001024,3.2430079999999997,,0.03968,0.152064,0,0.13286399999999998,0.009472,0.009984,,0.0038399999999999997,,1.7469439999999998,24390,21528,702,0.1838354999999865
24391,408.06515940334464,278483654035,1,7.9049039632081985,8.0821,7.760128,2.1469,22533,0.001024,3.174912,,0.038911999999999995,0.157184,0.000256,0.13824,0.007936,0.010496,,0.004608,,1.924864,24391,21529,702,0.19149649999963003
24392,408.07333250425171,278483734856,1,8.1731006503105164,8.8904,7.8848,4.6991,16387,0.001024,3.229184,,0.035072,0.162048,0,0.142592,0.003072,0.009472,,0.004608,,1.939968,24392,21530,702,0.19933149999997113
24393,408.08111339994332,278483823760,1,7.7808955684304237,7.2238,8.158464,1.9484,15951,0.001024,3.269888,,0.037888,0.17740799999999998,0,0.15795199999999998,0.007936,0.009984,,0.005888,,2.080256,24393,21531,702,0.20732520000001387
24394,408.08917740221085,278483895998,1,8.0640027299523354,7.9474,7.775488,1.8622,16387,0.001024,3.096832,,0.037376,0.156416,0,0.137216,0.0076799999999999993,0.0097279999999999988,,0.005376,,1.746688,24394,21532,702,0.21544519999997647
24395,408.09724070294783,278483975472,1,8.0633005127310753,7.8509,8.039168,1.869,15899,0.001024,3.236608,,0.037632,0.151808,0,0.131328,0.0076799999999999993,0.009984,,0.0048639999999999994,,2.142464,24395,21533,702,0.22335229999998774
24396,408.10525470521543,278484053981,1,8.01400188356638,7.908,8.038912,1.9602,16387,0.001024,3.27424,,0.038655999999999996,0.157184,0,0.136704,0.008192,0.009984,,0.003328,,2.0520959999999997,24396,21534,702,0.23132159999977375
24397,408.113249199263,278484133061,1,7.9944944009184837,8.1707,8.003584,1.948,16101,0.001024,3.297792,,0.034816,0.16255999999999998,0.000256,0.14310399999999998,0.008192,0.009472,,0.004352,,1.7489919999999999,24397,21535,702,0.23953749999964202
24398,408.1210521045918,278484214768,1,7.8029055148363113,7.919,7.967488,1.8771,16582,0.001024,3.277568,,0.039424,0.326912,0.000256,0.30848,0.0051199999999999996,0.0097279999999999988,,0.0048639999999999994,,2.075904,24398,21536,702,0.24744819999978063
24399,408.12923440334464,278484293958,1,8.1822983920574188,7.9878,7.796224,1.9343,15899,0.001024,3.2906239999999998,,0.038911999999999995,0.163072,0,0.140288,0.013056,0.009984,,0.004096,,1.93536,24399,21537,702,0.25571829999989859
24400,408.13720600198411,278484373836,1,7.9715987667441368,8.1744,8.150528,2.1193,16387,0.0012799999999999999,3.1969279999999998,,0.038911999999999995,0.15564799999999998,0,0.13644799999999999,0.012544,0.0097279999999999988,,0.004608,,2.10048,24400,21538,702,0.26343369999995048
24401,408.14532000425169,278484455580,1,8.1140026450157166,7.8915,7.950336,1.9865,15899,0.001024,3.277056,,0.03968,0.16025599999999998,0,0.141056,0.004608,0.001536,,0.013312,,1.7484799999999998,24401,21539,702,0.27232579999963491
24402,408.15316079931972,278484534495,1,7.8407954424619675,8.244,8.088832,1.9387,16387,0.001024,3.181056,,0.03968,0.162816,0.000256,0.142848,0.008192,0.009472,,0.004096,,2.140672,24402,21540,702,0.27960739999980433
24403,408.16137440476189,278484616935,1,8.2136057317256927,7.788,7.82336,2.2204,15899,0.001024,3.0991359999999997,,0.033791999999999996,0.33024,0,0.311808,0.007424,0.010239999999999999,,0.0051199999999999996,,2.04672,24403,21541,702,0.28828119999980117
24404,408.16903520408164,278484694815,1,7.6607991941273212,8.6034,8.18304,2.1726,16387,0.001024,3.187712,,0.039168,0.162304,0,0.142336,0.008192,0.009472,,0.004608,,1.7484799999999998,24404,21542,702,0.29560159999982716
24405,408.17725290532877,278484780849,1,8.2177016884088516,7.5088,7.634944,2.2304,15899,0.001024,3.102976,,0.041984,0.160512,0,0.141824,0.0038399999999999997,0.0097279999999999988,,0.0051199999999999996,,2.020096,24405,21543,702,0.30370129999982964
24406,408.18503460175737,278484855937,1,7.781696505844593,8.5598,8.208128,2.0425,16387,0.001024,3.272192,,0.038655999999999996,0.15462399999999998,0,0.1344,0.007424,0.0097279999999999988,,0.006656,,2.0526079999999998,24406,21544,702,0.31170569999994768
24407,408.1929321003401,278484941535,1,7.8974990174174309,7.4748,7.757824,2.0866,15899,0.001024,3.270656,,0.03456,0.155904,0,0.136704,0.007424,0.009984,,0.0038399999999999997,,2.10176,24407,21545,702,0.31915479999997842
24408,408.20074350198411,278485016283,1,7.811401505023241,8.0609,7.603968,2.02,16387,0.001024,3.187456,,0.038911999999999995,0.159488,0,0.139264,0.0076799999999999993,0.011519999999999999,,0.0038399999999999997,,1.7484799999999998,24408,21546,702,0.32682389999990846
24409,408.20849690334467,278485096892,1,7.7534015290439129,8.0227,7.872768,1.9092,21828,0.001024,3.270656,,0.035328,0.182784,0,0.164096,0.008704,0.001792,,0.012544,,1.930496,24409,21547,702,0.33489289999988614
24410,408.21627350481856,278485177119,1,7.7766017057001591,7.4799,7.725568,1.9678,16589,0.001024,3.2913919999999997,,0.042496,0.16153599999999999,0.000256,0.142848,0.0076799999999999993,0.009984,,0.004608,,2.086656,24410,21548,702,0.34232829999973546
24411,408.22431110402493,278485251918,1,8.0375988036394119,7.7066,7.757824,1.8682,15899,0.001024,3.286272,,0.039168,0.161024,0,0.142592,0.008192,0.009472,,0.0051199999999999996,,1.930496,24411,21549,702,0.35032939999973678
24412,408.23229479875283,278485328984,1,7.9836947843432426,8.0228,8.009728,1.8136,16387,0.001024,3.2985599999999997,,0.036351999999999995,0.15564799999999998,0.000256,0.13644799999999999,0.007424,0.010239999999999999,,0.004096,,2.089216,24412,21550,702,0.35843279999971855
24413,408.24029940476191,278485409212,1,8.004605770111084,7.4992,7.968,1.7821,15899,0.001024,3.237632,,0.044031999999999995,0.155904,0,0.135936,0.007424,0.009472,,0.004608,,1.93536,24413,21551,702,0.36633789999996225
24414,408.24838510487524,278485484204,1,8.0856997519731522,7.952,7.990272,1.9166,16387,0.001024,3.2895999999999996,,0.036095999999999996,0.17407999999999998,0,0.141568,0.007936,0.010752,,0.004608,,2.0587519999999997,24414,21552,702,0.37455269999964
24415,408.25638000283448,278485563724,1,7.9948976635932922,8.1288,8.06144,1.7833,15899,0.178176,3.2919039999999997,,0.037632,0.16127999999999998,0,0.141568,0.008192,0.011007999999999999,,0.0038399999999999997,,1.7489919999999999,24415,21553,702,0.38243839999995544
24416,408.26393110119045,278485645012,1,7.5510982424020767,7.863,7.969024,1.7642,16387,0.001024,3.294464,,0.045056,0.154112,0,0.13414399999999999,0.007424,0.0097279999999999988,,0.005632,,2.031872,24416,21554,702,0.38995799999975134
24417,408.27194140447847,278485723642,1,8.0103036016225815,8.274,7.53152,1.7459,16094,0.001024,3.093504,,0.041728,0.155904,0,0.137728,0.006656,0.007936,,0.017664,,2.040832,24417,21555,702,0.39814019999994343
24418,408.28014119897955,278485806382,1,8.1997942179441452,7.8196,7.988736,1.755,16387,0.001024,3.234304,,0.039168,0.154112,0,0.134912,0.003328,0.0097279999999999988,,0.005632,,1.9327999999999999,24418,21556,702,0.40649529999973311
24419,408.288051899093,278485884578,1,7.9107005149126053,7.5754,8.180736,1.9425,15951,0.001024,3.2412159999999997,,0.046591999999999995,0.16153599999999999,0,0.142592,0.003584,0.009984,,0.004352,,2.219008,24419,21557,702,0.41408319999982268
24420,408.295920904195,278485960332,1,7.86900520324707,8.1459,7.889408,1.8343,16387,0.001024,3.177984,,0.03968,0.176896,0,0.13644799999999999,0.003584,0.009472,,0.005632,,1.9161599999999999,24420,21558,702,0.42234109999981229
24421,408.30375910572559,278486041791,1,7.8382017090916634,8.361,7.860992,1.7393,15899,0.001024,3.230976,,0.041728,0.156672,0.000256,0.136704,0.007424,0.009472,,0.004352,,2.109184,24421,21559,702,0.43001699999967968
24422,408.31186950113374,278486125401,1,8.11039563268423,7.6096,7.81952,2.1238,16589,0.001024,3.270656,,0.036864,0.151552,0,0.131328,0.007936,0.0097279999999999988,,0.0038399999999999997,,1.7502719999999998,24422,21560,702,0.43792829999983951
24423,408.31949630102037,278486201497,1,7.6267998665571213,8.1056,8.081408,1.8436,15899,0.001024,3.1818239999999998,,0.044544,0.153088,0,0.133376,0.012032,0.0097279999999999988,,0.005376,,1.74976,24423,21561,702,0.44551959999989776
24424,408.32730850340135,278486282553,1,7.81220244243741,7.8351,7.613696,1.9492,16387,0.001024,3.2931839999999997,,0.039424,0.162048,0,0.139008,0.0038399999999999997,0.009216,,0.0051199999999999996,,1.932288,24424,21562,702,0.45339709999961997
24425,408.33529050453512,278486360904,1,7.9820007085800171,7.9442,7.793152,1.735,15899,0.001024,3.2931839999999997,,0.041471999999999995,0.15129599999999999,0,0.131328,0.003328,0.011264,,0.0038399999999999997,,1.9327999999999999,24425,21563,702,0.46198569999978645
24426,408.34333319869614,278486440346,1,8.0426940694451332,7.5203,7.967232,1.9224,16387,0.0012799999999999999,3.27168,,0.035584,0.158976,0,0.138752,0.007424,0.009984,,0.003584,,2.077696,24426,21564,702,0.46948389999988649
24427,408.3516172052154,278486515549,1,8.284006267786026,7.8684,8.016128,2.2954,15899,0.001024,3.2163839999999997,,0.039424,0.15795199999999998,0.000256,0.137728,0.006912,0.010239999999999999,,0.0048639999999999994,,1.7469439999999998,24427,21565,702,0.47759429999996428
24428,408.3591785997732,278486594233,1,7.5613944791257381,8.2039,8.258816,1.9089,16387,0.001024,3.23584,,0.037376,0.158976,0,0.135424,0.0076799999999999993,0.009984,,0.004096,,2.3772159999999998,24428,21566,702,0.48518769999964206
24429,408.36741040249433,278486676272,1,8.2318028435111046,7.943,7.547136,1.8592,15899,0.001024,3.17312,,0.037376,0.153088,0,0.133888,0.010752,0,,0.020735999999999997,,1.94816,24429,21567,702,0.49338499999976193
24430,408.37520459892289,278486755702,1,7.7941962517797947,8.0766,8.200448,1.8596,16387,0.001024,3.294208,,0.041215999999999996,0.15923199999999998,0.000256,0.139264,0.003584,0.010752,,0.0048639999999999994,,2.0241919999999998,24430,21568,702,0.50110150000000431
24431,408.3829994047619,278486836468,1,7.7948058024048805,7.608,7.785216,1.812,15899,0.001024,3.2931839999999997,,0.039424,0.158208,0,0.13952,0.0076799999999999993,0.010239999999999999,,0.0038399999999999997,,2.078208,24431,21569,702,0.5089176999999836
24432,408.39134209892291,278486912548,1,8.342694491147995,8.2172,7.7696,1.7887,16387,0.0012799999999999999,3.096832,,0.036351999999999995,0.158464,0.000256,0.138752,0.007424,0.009216,,0.005376,,1.922304,24432,21570,702,0.5176195999997617
24433,408.39928600481858,278486994720,1,7.9439058899879456,7.7309,8.333312,1.7734,15899,0.001024,3.289344,,0.039168,0.154112,0.000256,0.135424,0.003584,0.009472,,0.0038399999999999997,,2.2261759999999997,24433,21571,702,0.52518599999984872
24434,408.40724690334463,278487072029,1,7.96089880168438,7.7769,7.920896,1.8263,16387,0.001024,3.304192,,0.046079999999999996,0.15488,0,0.13414399999999999,0.007424,0.0097279999999999988,,0.005632,,1.7487359999999998,24434,21572,702,0.53324309999970865
24435,408.41516470379815,278487149798,1,7.9178009182214737,8.7487,7.93472,1.8209,16101,0.001024,3.102208,,0.039168,0.1792,0,0.13696,0.007936,0.0097279999999999988,,0.004608,,2.309376,24435,21573,702,0.54114759999993112
24436,408.42310750425167,278487237285,1,7.942800410091877,7.5242,7.881472,1.8164,16582,0.001024,3.2327679999999996,,0.037888,0.153088,0,0.1344,0.0076799999999999993,0.009984,,0.003584,,1.750016,24436,21574,702,0.54907009999988077
24437,408.43105279903625,278487312527,1,7.9452944919466972,8.0794,7.940864,1.8468,15899,0.001024,3.1915519999999997,,0.039168,0.151808,0.000256,0.13286399999999998,0.0076799999999999993,0.009984,,0.0038399999999999997,,2.040064,24437,21575,702,0.556992999999693
24438,408.43888640164397,278487393321,1,7.8336028382182121,7.8918,7.927296,1.7896,16387,0.001024,3.307776,,0.040959999999999996,0.156672,0,0.137216,0.0076799999999999993,0.0097279999999999988,,0.005376,,1.7456639999999999,24438,21576,702,0.56472189999976763
24439,408.44675899943309,278487472239,1,7.8725982457399368,7.9562,7.821824,1.757,15899,0.001024,3.29088,,0.043775999999999995,0.153856,0,0.134656,0.0076799999999999993,0.010496,,0.004608,,1.9560959999999998,24439,21577,702,0.57265149999966525
24440,408.45484559948977,278487551801,1,8.0866003409028053,7.8808,7.850496,1.7288,16387,0.001024,3.2913919999999997,,0.039168,0.157696,0,0.138752,0.0038399999999999997,0.009984,,0.0051199999999999996,,2.0472319999999997,24440,21578,702,0.58098410000002332
24441,408.46281330073697,278487630609,1,7.967701181769371,7.7675,8.021504,1.7483,15899,0.001024,3.2386559999999998,,0.039424,0.15744,0,0.137984,0.007168,0.010496,,0.004096,,1.9276799999999998,24441,21579,702,0.58926049999990937
24442,408.47070490362808,278487708284,1,7.89160281419754,7.9079,7.981056,1.8848,16387,0.001024,3.172352,,0.038911999999999995,0.159744,0.000256,0.137984,0.008192,0.009984,,0.003584,,2.077696,24442,21580,702,0.5971479999998337
24443,408.47898020124717,278487787363,1,8.2752974703907967,8.3309,7.828992,1.8588,15899,0.001024,3.177984,,0.036095999999999996,0.159744,0,0.140032,0.004608,0.002816,,0.012544,,1.933312,24443,21581,702,0.60494089999974676
24444,408.48688160430839,278487870672,1,7.901403121650219,8.2311,8.312576,2.0829,16387,0.0012799999999999999,3.292416,,0.046335999999999995,0.16383999999999999,0.000256,0.142336,0.011519999999999999,0.0097279999999999988,,0.0048639999999999994,,2.200064,24444,21582,702,0.612904399999934
24445,408.49463600481857,278487952983,1,7.754400372505188,7.6395,7.883008,1.792,15951,0.001024,3.297024,,0.042496,0.15872,0.000256,0.139264,0.007424,0.010496,,0.005376,,1.749504,24445,21583,702,0.62058260000003429
24446,408.50267230017005,278488029378,1,8.03629495203495,8.0759,7.727872,1.8127,16387,0.001024,3.2931839999999997,,0.041471999999999995,0.152576,0.000256,0.132608,0.007936,0.009472,,0.004096,,1.933824,24446,21584,702,0.62855739999986326
24447,408.5111496031746,278488110137,1,8.4773031994700432,7.9869,8.025088,1.7745,16101,0.001024,3.2319999999999998,,0.041984,0.159744,0,0.141568,0.0076799999999999993,0.009472,,0.004096,,2.205696,24447,21585,702,0.637205399999857
24448,408.51877920209751,278488190006,1,7.6295989565551281,7.6569,8.442624,1.8439,16387,0.001024,3.2780799999999997,,0.041984,0.15923199999999998,0,0.13849599999999998,0.0076799999999999993,0.0097279999999999988,,0.004608,,1.7469439999999998,24448,21586,702,0.64467619999959425
24449,408.52660740504535,278488266575,1,7.8282030299305916,7.9957,7.62112,1.7657,15899,0.001024,3.17696,,0.039168,0.158464,0,0.140544,0.007936,0.009984,,0.0038399999999999997,,2.027776,24449,21587,702,0.65250589999959629
24450,408.53473170351475,278488346532,1,8.12429841607809,8.6062,7.801856,1.7155,16387,0.001024,3.1009279999999997,,0.040959999999999996,0.15231999999999998,0.000256,0.13286399999999998,0.007424,0.009472,,0.005376,,2.058496,24450,21588,702,0.66114489999972648
24451,408.542461699263,278488432594,1,7.7299955300986767,7.4852,8.106496,1.8087,15899,0.0012799999999999999,3.236096,,0.037888,0.16486399999999998,0,0.14592,0.007936,0.0097279999999999988,,0.004608,,2.367744,24451,21589,702,0.66953929999999673
24452,408.55037140022677,278488507446,1,7.9097012057900429,7.8456,7.71584,1.7913,16387,0.001024,3.1032319999999998,,0.039424,0.16127999999999998,0,0.141568,0.0084479999999999989,0.0097279999999999988,,0.004352,,1.747456,24452,21590,702,0.67964119999987815
24453,408.560035600907,278488585902,1,9.6642002463340759,8.5975,7.887872,1.8907,16387,0.001024,3.1674879999999996,,0.20838399999999999,0.16025599999999998,0,0.14207999999999998,0.007424,0.010752,,0.0051199999999999996,,2.068736,24453,21591,702,0.68759049999971467
24454,408.56764360119047,278488671877,1,7.6080001890659332,8.398,7.93728,2.0782,22533,0.001024,3.1674879999999996,,0.20838399999999999,0.16025599999999998,0,0.14207999999999998,0.007424,0.010752,,0.0051199999999999996,,2.068736,24454,21592,702,0.69388570000000982
24455,408.57474630102041,278488755857,1,7.10269995033741,10.0994,8.20352,1.9816,16582,0.001024,3.289344,,0.0384,0.158208,0,0.137984,0.0076799999999999993,0.011007999999999999,,0.004608,,1.76768,24455,21593,702,0.70077149999997346
24456,408.58276500141721,278488856851,1,8.0187004059553146,7.5546,8.005632,1.7483,15899,0.001024,3.236096,,0.038655999999999996,0.15334399999999998,0,0.13516799999999998,0.005888,0.009984,,0.0038399999999999997,,2.214144,24456,21594,702,0.70933739999964018
24457,408.59505860260771,278488932397,1,12.293601408600807,6.5389,8.003584,1.8425,16387,0.001024,3.230464,,0.03712,0.160768,0,0.141312,0.0076799999999999993,0.009472,,0.004096,,1.918208,24457,21595,702,0.72122909999961848
24458,408.59862370323128,278488997786,1,3.5651007201522589,7.0262,7.971328,1.8991,16387,0.001024,3.232256,,0.037888,0.16025599999999998,0.000256,0.13977599999999998,0.004608,0.0025599999999999998,,0.013056,,2.13376,24458,21596,702,0.72459929999968153
24459,408.60642509920632,278489068048,1,7.80139584094286,8.3454,7.817728,1.8362,15899,0.001024,3.23584,,0.03584,0.155904,0,0.136704,0.0076799999999999993,0.011519999999999999,,0.005888,,1.7671679999999999,24459,21597,702,0.73232439999992494
24460,408.61442920209748,278489151502,1,8.0041028559207916,12.0799,7.716096,1.8301,16589,0.0012799999999999999,3.1104,,0.03968,0.16127999999999998,0,0.13824,0.007936,0.010239999999999999,,0.004608,,2.018304,24460,21598,702,0.74028759999964677
24461,408.62294209892286,278489272301,1,8.5128964856266975,3.4954,7.988224,1.7063,15899,0.001024,3.23712,,0.040448,0.1536,0,0.133376,0.0076799999999999993,0.0097279999999999988,,0.005376,,1.930496,24461,21599,702,0.749030799999673
24462,408.63115790107707,278489307255,1,8.215801790356636,7.6729,8.494592,1.7157,16387,0.001024,3.2919039999999997,,0.041471999999999995,0.1536,0,0.1344,0.007168,0.013312,,0.002816,,2.18496,24462,21600,702,0.75705410000000484
24463,408.63915520124715,278489383984,1,7.9973004758358,7.9942,8.003328,1.6015,15899,0.001024,3.295744,,0.036351999999999995,0.150784,0,0.132608,0.003072,0.012288,,0.0025599999999999998,,2.105088,24463,21601,702,0.76545059999989462
24464,408.64747779903627,278489463926,1,8.3225974813103676,8.7196,7.961344,1.7879,16387,0.001024,3.234304,,0.045056,0.151552,0,0.13183999999999998,0.0076799999999999993,0.011264,,0.002816,,1.9279359999999999,24464,21602,702,0.773685199999818
24465,408.65611349914963,278489551122,1,8.63569974899292,8.0308,8.297984,2.0027,15899,0.001024,3.2865279999999997,,0.036095999999999996,0.146176,0,0.127488,0.007424,0.011007999999999999,,0.0025599999999999998,,2.038272,24465,21603,702,0.78228059999992183
24466,408.66399790249432,278489631430,1,7.8844036906957626,8.2946,8.617216,1.8474,16387,0.001024,3.27424,,0.041984,0.157696,0,0.13644799999999999,0.0076799999999999993,0.010496,,0.0038399999999999997,,2.058496,24466,21604,702,0.79051559999970777
24467,408.67228810232427,278489714376,1,8.2901995629072189,8.3309,7.872,1.9127,15899,0.001024,3.277824,,0.038655999999999996,0.16768,0,0.148736,0.0076799999999999993,0.0097279999999999988,,0.003584,,2.091776,24467,21605,702,0.79835709999997562
24468,408.68005330215419,278489797685,1,7.7651999890804291,8.5342,8.268288,1.9776,16387,0.161792,3.173632,,0.040959999999999996,0.1536,0,0.133888,0.007424,0.009472,,0.004608,,1.75104,24468,21606,702,0.80619149999984074
24469,408.68832949971653,278489883027,1,8.2761971279978752,8.0307,7.746816,1.9547,15899,0.001024,3.196672,,0.039168,0.16025599999999998,0,0.141568,0.0084479999999999989,0.0097279999999999988,,0.0038399999999999997,,2.120192,24469,21607,702,0.81427940000003218
24470,408.696111401644,278489963334,1,7.7819018624722958,8.043,8.268032,1.8252,16439,0.18662399999999998,3.17312,,0.040192,0.15488,0,0.133888,0.007936,0.009472,,0.004608,,1.935104,24470,21608,702,0.82206279999991239
24471,408.70393430413833,278490043764,1,7.8229028731584549,7.8601,7.748608,1.8178,15899,0.001024,3.289088,,0.03968,0.153856,0,0.13414399999999999,0.0076799999999999993,0.010239999999999999,,0.004608,,2.059776,24471,21609,702,0.82992489999969621
24472,408.71190629960319,278490122365,1,7.971995510160923,8.1021,7.80928,1.8918,16589,0.001024,3.2302079999999997,,0.040448,0.15744,0,0.137984,0.0076799999999999993,0.009984,,0.0048639999999999994,,1.7502719999999998,24472,21610,702,0.83778679999977612
24473,408.71953200113376,278490203386,1,7.6257013715803623,7.7358,7.948032,1.7948,15899,0.001024,3.27936,,0.041471999999999995,0.152832,0,0.13286399999999998,0.0076799999999999993,0.0097279999999999988,,0.0038399999999999997,,2.03136,24473,21611,702,0.84540249999963635
24474,408.72741490221085,278490280744,1,7.8829014673829079,7.9186,7.608064,1.8107,16582,0.0012799999999999999,3.29344,,0.03968,0.158976,0,0.140544,0.0076799999999999993,0.009984,,0.0051199999999999996,,1.9312639999999999,24474,21612,702,0.85355339999978241
24475,408.73541740362811,278490359930,1,8.002500981092453,7.906,7.858432,1.6691,15899,0.0012799999999999999,3.2696319999999996,,0.040959999999999996,0.15795199999999998,0.000256,0.13824,0.0076799999999999993,0.012288,,0.0048639999999999994,,1.9358719999999998,24475,21613,702,0.86140909999994619
24476,408.74324389880951,278490438990,1,7.8264949843287468,7.5913,7.992832,1.8173,16387,0.001024,3.1728639999999997,,0.043264,0.160768,0,0.13977599999999998,0.0076799999999999993,0.0097279999999999988,,0.0048639999999999994,,2.094592,24476,21614,702,0.86921309999979712
24477,408.75088350340133,278490514903,1,7.6396046206355095,8.1459,7.805696,1.7668,15899,0.0012799999999999999,3.2399359999999997,,0.037376,0.152576,0,0.133376,0.0076799999999999993,0.009472,,0.004352,,1.747712,24477,21615,702,0.87680030000001352
24478,408.75929670493196,278490596362,1,8.4132011979818344,7.8595,7.61472,1.7861,16387,0.001024,3.1915519999999997,,0.041215999999999996,0.15744,0,0.13824,0.0076799999999999993,0.009984,,0.003328,,1.937152,24478,21616,702,0.88517959999990126
24479,408.76747410005669,278490674957,1,8.1773949787020683,7.795,8.384512,1.8405,15899,0.001024,3.2261119999999996,,0.041471999999999995,0.15231999999999998,0.000256,0.132608,0.007424,0.0097279999999999988,,0.005888,,2.247168,24479,21617,702,0.893551899999693
24480,408.77531990504531,278490752907,1,7.8458050265908241,7.5786,8.15616,1.7917,16387,0.001024,3.2906239999999998,,0.040448,0.156416,0,0.13644799999999999,0.003584,0.010752,,0.004608,,2.082048,24480,21618,702,0.90118179999990389
24481,408.78364209892288,278490828693,1,8.3221942186355591,8.4029,7.83104,1.7844,15899,0.001024,3.2919039999999997,,0.039168,0.161792,0.000256,0.13952,0.007936,0.009984,,0.003328,,2.1143039999999997,24481,21619,702,0.90984170000001541
24482,408.79152149943309,278490912722,1,7.8794006258249283,8.3685,8.319488,1.7503,22171,0.0012799999999999999,3.272192,,0.040704,0.15795199999999998,0,0.136704,0.0076799999999999993,0.00896,,0.004352,,2.404864,24482,21620,702,0.91758759999993345
24483,408.79954840561226,278490996407,1,8.0269062891602516,7.64,7.85024,1.763,15899,0.0012799999999999999,3.289856,,0.03968,0.15231999999999998,0.000256,0.1344,0.0076799999999999993,0.009984,,0.0038399999999999997,,2.074112,24483,21621,702,0.92545010000003458
24484,408.80738579931972,278491072807,1,7.8373933210968971,8.5471,8.006144,1.8275,16387,0.001024,3.2384,,0.040448,0.152832,0,0.133632,0.011007999999999999,0.009472,,0.004096,,1.74592,24484,21622,702,0.93363319999980376
24485,408.81533280187074,278491158278,1,7.947002537548542,7.8638,7.821568,1.8522,16246,0.001024,3.237376,,0.040704,0.160512,0,0.141312,0.0076799999999999993,0.010496,,0.0051199999999999996,,2.082048,24485,21623,702,0.94145019999996293
24486,408.8232488024376,278491236916,1,7.916000671684742,7.834,7.925504,1.7177,16387,0.001024,3.2865279999999997,,0.03456,0.17177599999999998,0,0.15334399999999998,0.007936,0.0097279999999999988,,0.0048639999999999994,,1.9376639999999998,24486,21624,702,0.94923369999969509
24487,408.8310758999433,278491315256,1,7.827097550034523,8.2117,7.90144,1.8393,15899,0.001024,3.2368639999999997,,0.039936,0.154112,0.000256,0.132608,0.007424,0.009984,,0.004096,,2.073088,24487,21625,702,0.95697810000001482
24488,408.83921050170068,278491397373,1,8.1346016377210617,7.7801,7.814144,1.8464,16387,0.0012799999999999999,3.269376,,0.040192,0.157696,0,0.13824,0.007424,0.0097279999999999988,,0.005376,,1.746176,24488,21626,702,0.96510609999995722
24489,408.84719379960313,278491475174,1,7.9832980409264565,7.7859,8.115456,1.7824,15899,0.001024,3.292416,,0.041471999999999995,0.158208,0,0.138752,0.0076799999999999993,0.011264,,0.004096,,2.139392,24489,21627,702,0.97313829999984591
24490,408.8552133999433,278491553033,1,8.0196000635623932,7.7457,7.959552,1.7681,16387,0.0012799999999999999,3.1808,,0.038911999999999995,0.158976,0.000256,0.140032,0.0076799999999999993,0.010239999999999999,,0.004608,,2.053632,24490,21628,702,0.98142189999998664
24491,408.863136699263,278491630490,1,7.9232994467020035,8.1159,7.988224,1.8892,15899,0.001024,3.298816,,0.041215999999999996,0.1536,0,0.133376,0.007424,0.010752,,0.004352,,1.7487359999999998,24491,21629,702,0.98905199999990145
24492,408.87135390447844,278491711649,1,8.2172052934765816,8.035,7.909888,1.8383,16387,0.001024,3.275264,,0.039168,0.15692799999999998,0,0.137984,0.0084479999999999989,0.0097279999999999988,,0.19327999999999998,,2.065152,24492,21630,702,0.99749229999997624
24493,408.87928350340133,278491791999,1,7.9295989125967026,8.2989,8.193024,1.7596,45160,0.001024,3.23712,,0.038655999999999996,0.15103999999999998,0.000256,0.13312,0.007936,0.010239999999999999,,0.004608,,1.9527679999999998,24493,21631,703,0.0030784000000494416
24494,408.88719040532879,278491874988,1,7.9069016501307487,7.6333,7.912192,1.7673,16387,0.001024,3.23712,,0.042752,0.15744,0,0.13849599999999998,0.0076799999999999993,0.009984,,0.0048639999999999994,,2.102016,24494,21632,703,0.010322300000098039
24495,408.89520629960316,278491951321,1,8.0158943310379982,8.4107,7.881728,0.452,15899,0.001024,3.235584,,0.0384,0.16,0,0.14079999999999998,0.003328,0.010239999999999999,,0.004352,,1.747712,24495,21633,703,0.01825619999999617
24496,408.90304680413828,278492035428,1,7.8405048698186874,8.3991,0.036608,1.7705,16439,0.001024,3.176704,,0.040959999999999996,0.15795199999999998,0.000256,0.137984,0.007424,0.0097279999999999988,,0.005632,,1.938688,24496,21634,703,0.026444800000263058
24497,408.91123470096369,278492119419,1,8.1878965720534325,7.2991,7.813888,1.762,16101,0.001024,3.1872,,0.034816,0.162048,0,0.143872,0.004608,0.009472,,0.005632,,2.294016,24497,21635,703,0.034334500000113621
24498,408.9189115008503,278492192410,1,7.6767997816205025,7.912,8.164608,1.9403,16387,0.001024,3.297792,,0.040704,0.15795199999999998,0.000256,0.137984,0.007424,0.009472,,0.004096,,1.747968,24498,21636,703,0.041935900000225956
24499,408.92665020549885,278492271530,1,7.7387047931551933,8.231,7.65824,1.8159,15899,0.0012799999999999999,3.272448,,0.03968,0.15564799999999998,0.000256,0.137728,0.0084479999999999989,0.009984,,0.004096,,2.021888,24499,21637,703,0.04971190000014758
24500,408.93465130385488,278492353840,1,8.0010984092950821,7.85,7.717376,1.9943,16387,0.0012799999999999999,3.1782399999999997,,0.042496,0.15692799999999998,0,0.13286399999999998,0.007936,0.009472,,0.004352,,1.93536,24500,21638,703,0.057762300000376854
24501,408.94252170493195,278492432340,1,7.8704012557864189,7.6304,7.982592,1.8336,18448,0.001024,3.2762879999999996,,0.039424,0.15616,0.000256,0.13747199999999998,0.0076799999999999993,0.010239999999999999,,0.005376,,2.082816,24501,21639,703,0.065817500000321161
24502,408.950597002551,278492508644,1,8.0752978101372719,7.7431,7.842048,1.9089,16387,0.001024,3.2962559999999996,,0.040959999999999996,0.155392,0,0.135936,0.0076799999999999993,0.009984,,0.005376,,1.747712,24502,21640,703,0.073935500000061438
24503,408.95836339994327,278492586075,1,7.7663972042500973,8.0767,8.05248,1.8431,15899,0.001024,3.236096,,0.040959999999999996,0.1536,0,0.133632,0.007936,0.009472,,0.0051199999999999996,,1.9276799999999998,24503,21641,703,0.081644300000334624
24504,408.96663510487525,278492666842,1,8.2717053592205048,8.0358,7.756288,1.8512,16387,0.001024,3.174912,,0.038911999999999995,0.154368,0,0.133888,0.0048639999999999994,0.009472,,0.004608,,2.0608,24504,21642,703,0.090001200000187964
24505,408.97468660005666,278492747200,1,8.05149506777525,8.0919,8.257536,1.9719,15899,0.001024,3.292928,,0.039936,0.155904,0,0.136704,0.003584,0.010239999999999999,,0.004352,,1.9663359999999999,24505,21643,703,0.0978133000003254
24506,408.98270560515874,278492828119,1,8.0190049484372139,7.5797,8.027904,1.8559,16387,0.001024,3.205376,,0.03968,0.161024,0,0.14079999999999998,0.010239999999999999,0.009472,,0.005632,,2.197504,24506,21644,703,0.10609140000042316
24507,408.99105570436507,278492903916,1,8.3500994369387627,8.5074,8.004864,1.8382,15899,0.001024,3.234304,,0.041215999999999996,0.153856,0,0.1344,0.0076799999999999993,0.0097279999999999988,,0.0051199999999999996,,1.9176959999999998,24507,21645,703,0.11445390000017142
24508,408.99926889880953,278492988990,1,8.2131940871477127,7.8043,8.336384,1.8756,16387,0.001024,3.269888,,0.043008,0.15334399999999998,0,0.13414399999999999,0.007424,0.0097279999999999988,,0.004096,,2.2079999999999997,24508,21646,703,0.12234300000000076
24509,409.00732370323129,278493067033,1,8.0548040568828583,8.2547,8.19072,1.935,15899,0.001024,3.299584,,0.041984,0.153856,0.000256,0.1344,0.007424,0.009216,,0.005632,,1.750016,24509,21647,703,0.13063610000017434
24510,409.01531290391154,278493149580,1,7.9892007634043694,8.3918,8.02688,1.8463,16589,0.001024,3.190528,,0.041215999999999996,0.152576,0,0.131584,0.003328,0.0097279999999999988,,0.004352,,2.2896639999999997,24510,21648,703,0.13838850000001912
24511,409.02344620181407,278493233498,1,8.1332977861166,7.9233,7.964928,1.7973,15899,0.001024,3.2913919999999997,,0.041984,0.15564799999999998,0,0.13286399999999998,0.0076799999999999993,0.009984,,0.0038399999999999997,,1.7520639999999998,24511,21649,703,0.14669309999999314
24512,409.03145910572562,278493312731,1,8.0129038542509079,8.2505,8.114944,1.8064,16582,0.001024,3.294208,,0.03968,0.155136,0.000256,0.136192,0.007424,0.010239999999999999,,0.0051199999999999996,,2.10176,24512,21650,703,0.15450660000033167
24513,409.03907340561221,278493395236,1,7.6142996549606323,7.7815,8.001792,1.8398,15899,0.001024,3.289088,,0.041728,0.1536,0,0.13414399999999999,0.003072,0.009984,,0.005632,,1.9292159999999998,24513,21651,703,0.16248610000002373
24514,409.04722480158728,278493473051,1,8.1513961777091026,8.2747,7.59168,1.8137,16387,0.001024,3.0976,,0.043519999999999996,0.159488,0,0.13977599999999998,0.007936,0.009472,,0.0048639999999999994,,1.9261439999999999,24514,21652,703,0.17099590000043463
24515,409.05493800311791,278493555798,1,7.7132014557719231,7.848,8.145664,1.9333,15899,0.0012799999999999999,3.2284159999999997,,0.036351999999999995,0.160512,0,0.14079999999999998,0.004608,0.001792,,0.014079999999999999,,2.2932479999999997,24515,21653,703,0.17836110000007466
24516,409.06320809948977,278493634278,1,8.27009603381157,7.9236,7.676416,2.0551,16387,0.0012799999999999999,3.185664,,0.038911999999999995,0.158208,0,0.138752,0.0038399999999999997,0.012032,,0.0051199999999999996,,1.7469439999999998,24516,21654,703,0.18663550000019313
24517,409.07102970521538,278493713514,1,7.8216055408120155,8.495,8.257024,1.8639,57675,0.001024,3.27296,,0.040192,0.15462399999999998,0.000256,0.13516799999999998,0.003328,0.009984,,0.004608,,2.1813759999999998,24517,21655,703,0.19473250000010012
24518,409.07930330215419,278493798464,1,8.2735968753695488,7.3856,7.799296,1.8025,46535,0.0012799999999999999,3.27424,,0.041215999999999996,0.150528,0,0.13183999999999998,0.003584,0.009984,,0.003328,,1.955328,24518,21656,703,0.20256460000018706
24519,409.08720200538545,278493872320,1,7.8987032175064087,8.0037,8.261376,2.0663,15899,0.001024,3.1800319999999997,,0.039424,0.159744,0.000256,0.140032,0.0084479999999999989,0.0025599999999999998,,0.012032,,2.198016,24519,21657,703,0.21046970000043075
24520,409.09488380102039,278493952357,1,7.6817958615720272,8.252,7.873024,1.9826,16387,0.001024,3.23968,,0.041471999999999995,0.16127999999999998,0,0.141312,0.005888,0.009472,,0.005632,,1.749504,24520,21658,703,0.21806100000003426
24521,409.10322970521543,278494034877,1,8.34590382874012,7.946,7.663104,1.812,15899,0.001024,3.170816,,0.037632,0.165632,0,0.146432,0.0084479999999999989,0.002816,,0.010752,,1.943296,24521,21659,703,0.22658020000017132
24522,409.11135980017008,278494114337,1,8.1300949677824974,7.9408,8.321024,1.8577,16641,0.001024,3.2030719999999997,,0.039168,0.1536,0,0.135424,0.007424,0.010496,,0.003584,,2.1977599999999997,24522,21660,703,0.23447860000032961
24523,409.11935430130382,278494193745,1,7.994500920176506,7.5458,8.109824,1.9368,15899,0.001024,3.23968,,0.046335999999999995,0.155136,0,0.1344,0.007424,0.0097279999999999988,,0.0051199999999999996,,1.747968,24523,21661,703,0.24250150000034409
24524,409.12693900226753,278494269203,1,7.5847008265554905,8.5081,7.974144,1.832,16387,0.001024,3.2767999999999997,,0.038911999999999995,0.151552,0,0.13312,0.007424,0.009216,,0.004352,,2.020352,24524,21662,703,0.25040040000021691
24525,409.13508860544215,278494354284,1,8.1496033817529678,7.9822,7.572992,1.8758,33470,0.001024,3.1759359999999996,,0.040704,0.171264,0,0.151808,0.008192,0.009472,,0.004352,,1.9294719999999999,24525,21663,703,0.25861130000021149
24526,409.14311070011337,278494434106,1,8.0220950767397881,7.9701,8.125952,1.9974,30772,0.001024,3.0973439999999997,,0.040448,0.154368,0,0.134912,0.0076799999999999993,0.009472,,0.005632,,2.0520959999999997,24526,21664,703,0.26618810000036319
24527,409.15079610260767,278494513807,1,7.6854024082422256,7.8591,8.002304,1.9652,15899,0.001024,3.2954879999999998,,0.043775999999999995,0.15334399999999998,0,0.1344,0.007936,0.0097279999999999988,,0.005632,,1.747968,24527,21665,703,0.27469490000021324
24528,409.15884430272109,278494592398,1,8.04820004850626,8.1676,7.661312,1.8501,16387,0.001024,3.1014399999999998,,0.038655999999999996,0.172544,0,0.154368,0.008192,0.00896,,0.0048639999999999994,,2.135552,24528,21666,703,0.28208050000012008
24529,409.16676799886619,278494674074,1,7.92369619011879,7.7002,8.026368,1.8398,29222,0.001024,3.22816,,0.0384,0.158976,0.000256,0.138752,0.008192,0.009984,,0.004096,,2.272256,24529,21667,703,0.29041730000017196
24530,409.17479559948976,278494751076,1,8.0276010558009148,8.1482,7.896832,1.9663,16387,0.001024,3.096832,,0.037376,0.159488,0,0.140032,0.004352,0.001792,,0.012799999999999999,,1.9307519999999998,24530,21668,703,0.29789330000039627
24531,409.18295600198411,278494832558,1,8.1604020670056343,7.6228,8.010752,1.9314,33665,0.001024,3.2785919999999997,,0.038911999999999995,0.16255999999999998,0.000256,0.143616,0.004608,0.009984,,0.004352,,2.213376,24531,21669,703,0.30608660000007148
24532,409.190748100907,278494908786,1,7.7920989133417606,8.3964,8.144384,1.8538,30402,0.001024,3.099904,,0.037632,0.15564799999999998,0,0.136192,0.0076799999999999993,0.0097279999999999988,,0.0048639999999999994,,2.041088,24532,21670,703,0.31380580000040936
24533,409.1985125,278494992750,1,7.76439905166626,7.5106,7.778816,1.7937,15899,0.001024,3.268608,,0.228096,0.16588799999999998,0,0.141312,0.007424,0.009984,,0.0051199999999999996,,2.204672,24533,21671,703,0.3218248000002859
24534,409.20648900226757,278495067856,1,7.9765021800994873,8.1778,7.754752,1.868,16387,0.001024,3.281152,,0.03968,0.151552,0.000256,0.131072,0.007424,0.0097279999999999988,,0.0038399999999999997,,1.7487359999999998,24534,21672,703,0.32956500000000233
24535,409.21431370464853,278495149634,1,7.824702188372612,7.7465,7.945472,1.7399,33817,0.001024,3.2319999999999998,,0.036095999999999996,0.153856,0,0.1344,0.0076799999999999993,0.009472,,0.0048639999999999994,,2.024448,24535,21673,703,0.33746490000021367
24536,409.22261270549888,278495227099,1,8.2990005612373352,8.0162,7.806976,1.7925,30402,0.001024,3.188224,,0.040192,0.15334399999999998,0,0.133632,0.0051199999999999996,0.0097279999999999988,,0.004608,,1.9143679999999998,24536,21674,703,0.34578810000039084
24537,409.23055350056688,278495307261,1,7.94079527258873,7.7546,8.285696,1.8304,21683,0.001024,3.2350719999999997,,0.040959999999999996,0.155392,0.000256,0.13568,0.0076799999999999993,0.009472,,0.0048639999999999994,,1.7487359999999998,24537,21675,703,0.35367540000015651
24538,409.23853080357139,278495384807,1,7.9773031175136566,7.8289,7.913728,1.8754,22316,0.001024,3.1848959999999997,,0.044288,0.155904,0,0.134656,0.008192,0.009472,,0.004608,,2.088192,24538,21676,703,0.36164860000008048
24539,409.24636180555552,278495463096,1,7.8310016542673111,8.4072,7.959552,1.8134,121325,0.001024,3.277056,,0.041471999999999995,0.163072,0.000256,0.143616,0.007424,0.010752,,0.0038399999999999997,,1.932032,24539,21677,703,0.37003880000020217
24540,409.25434860402493,278495547168,1,7.986798882484436,7.8387,7.812608,1.7895,112061,0.0012799999999999999,3.290368,,0.041471999999999995,0.162816,0,0.143616,0.0076799999999999993,0.009216,,0.004096,,2.034688,24540,21678,703,0.37749240000039208
24541,409.26232210175738,278495625555,1,7.9734977334737778,7.9982,7.967744,1.9427,136572,0.001024,3.2368639999999997,,0.039936,0.155904,0.000256,0.135936,0.0076799999999999993,0.00896,,0.0048639999999999994,,1.749248,24541,21679,703,0.38566780000019207
24542,409.27015449971651,278495705537,1,7.83239770680666,8.1302,7.954432,1.7568,78095,0.001024,3.2949759999999997,,0.03968,0.1536,0,0.13312,0.012799999999999999,0.009472,,0.003584,,2.031872,24542,21680,703,0.39331600000014078
24543,409.27782970521542,278495786839,1,7.6752053573727608,7.7299,7.813376,1.9532,27757,0.001024,3.294464,,0.040192,0.154368,0,0.1344,0.0076799999999999993,0.009472,,0.0038399999999999997,,1.932032,24543,21681,703,0.40103520000002391
24544,409.28599190051017,278495864138,1,8.1621948629617691,8.0328,7.66208,1.8368,16387,0.001024,3.2319999999999998,,0.035328,0.161024,0.000256,0.142336,0.007424,0.010239999999999999,,0.004608,,1.950208,24544,21682,703,0.40949460000001636
24545,409.29374880243762,278495944466,1,7.7569019049406052,7.7431,8.146944,1.9949,15899,0.001024,3.234048,,0.03712,0.154368,0.000256,0.13414399999999999,0.005376,0.009472,,0.004352,,2.101248,24545,21683,703,0.41688199999998687
24546,409.30187779903628,278496021897,1,8.1289969384670258,7.6727,7.7312,1.9967,22316,0.001024,3.10528,,0.039936,0.15923199999999998,0.000256,0.138752,0.0076799999999999993,0.010752,,0.005376,,1.747712,24546,21684,703,0.42517750000024535
24547,409.30966320153061,278496098624,1,7.7854027040302753,8.5479,7.917824,1.784,16246,0.0012799999999999999,3.095808,,0.039936,0.175872,0,0.155136,0.003584,0.00896,,0.006144,,2.277632,24547,21685,703,0.43293210000001636
24548,409.31764170209749,278496184103,1,7.9785007983446121,7.3721,7.744512,1.9703,16439,0.001024,3.29088,,0.037376,0.15795199999999998,0,0.13747199999999998,0.0076799999999999993,0.009216,,0.004352,,1.746688,24548,21686,703,0.44123310000031779
24549,409.32550400368478,278496257824,1,7.8623015433549881,8.1868,7.969792,1.9095,15899,0.001024,3.277312,,0.0384,0.150784,0,0.131584,0.007424,0.009472,,0.004608,,2.034176,24549,21687,703,0.44859000000042215
24550,409.33330880102039,278496339692,1,7.8047974966466427,7.8427,7.85792,1.7673,16582,0.001024,3.2350719999999997,,0.03584,0.151808,0,0.132608,0.0076799999999999993,0.009984,,0.0048639999999999994,,1.9376639999999998,24550,21688,703,0.45650830000022324
24551,409.34134460034011,278496418119,1,8.0357994884252548,8.0959,7.775744,1.7695,15899,0.001024,3.179776,,0.043519999999999996,0.15334399999999998,0.000256,0.133632,0.003584,0.0097279999999999988,,0.005376,,1.9391999999999998,24551,21689,703,0.46460880000040561
24552,409.34934860402495,278496499078,1,8.0040041357278824,7.5814,8.018432,1.9406,33958,0.001024,3.1746559999999997,,0.042752,0.16383999999999999,0.000256,0.139264,0.011264,0.009472,,0.004352,,2.198784,24552,21690,703,0.47291320000022097
24553,409.35717000425166,278496574892,1,7.8214006498456,7.8731,7.976192,1.9247,30284,0.001024,3.244544,,0.040959999999999996,0.158464,0,0.13849599999999998,0.007424,0.0097279999999999988,,0.004352,,1.74592,24553,21691,703,0.48055659999999989
24554,409.36523630243761,278496653623,1,8.0662984400987625,8.1635,7.798784,2.0286,16387,0.001024,3.0991359999999997,,0.038655999999999996,0.16255999999999998,0,0.14310399999999998,0.007424,0.0097279999999999988,,0.0051199999999999996,,2.2079999999999997,24554,21692,703,0.48889790000021094
24555,409.37337540391155,278496735258,1,8.1391017884016037,8.2068,8.05888,1.8414,15899,0.001024,3.292928,,0.034816,0.16947199999999998,0,0.13183999999999998,0.0076799999999999993,0.009984,,0.0051199999999999996,,1.748224,24555,21693,703,0.49645580000014888
24556,409.38125160147393,278496817326,1,7.8761978074908257,7.6873,8.120576,1.8978,16387,0.001024,3.231232,,0.035328,0.162816,0,0.136704,0.00896,0.0025599999999999998,,0.012799999999999999,,2.20032,24556,21694,703,0.50450960000034684
24557,409.38898790391153,278496894199,1,7.7363024465739727,8.371,7.861504,1.8277,15899,0.001024,3.295744,,0.041215999999999996,0.15564799999999998,0,0.135424,0.0076799999999999993,0.012288,,0.005376,,1.746432,24557,21695,703,0.512054000000262
24558,409.39670330215415,278496977909,1,7.715398445725441,7.5495,7.712768,1.8615,16387,0.001024,3.1751679999999998,,0.042752,0.158208,0,0.13747199999999998,0.0076799999999999993,0.0097279999999999988,,0.005376,,1.9276799999999998,24558,21696,703,0.51988370000026407
24559,409.40467970521541,278497053404,1,7.9764034599065781,8.0875,7.69536,1.7967,15899,0.001024,3.170304,,0.038655999999999996,0.156416,0,0.132608,0.0048639999999999994,0.009984,,0.0038399999999999997,,2.049792,24559,21697,703,0.527900800000225
24560,409.41272700538548,278497134279,1,8.0473003908991814,7.5216,7.95392,1.8561,16589,0.001024,3.236608,,0.036608,0.15462399999999998,0,0.134656,0.003584,0.0097279999999999988,,0.0038399999999999997,,1.751552,24560,21698,703,0.5358342000004086
24561,409.42038380102036,278497209495,1,7.6567954383790493,7.8712,8.029184,1.7534,15899,0.001024,3.296,,0.03968,0.16,0,0.137984,0.004096,0.009472,,0.004608,,2.083328,24561,21699,703,0.54343530000005558
24562,409.4283047052154,278497288207,1,7.9209040850400925,7.9917,7.64672,1.7683,16387,0.001024,3.291136,,0.040959999999999996,0.158208,0,0.140288,0.007424,0.009984,,0.005376,,1.932032,24562,21700,703,0.55164770000010321
24563,409.43622949971655,278497368124,1,7.9247942194342613,7.9353,7.891968,1.872,15899,0.001024,3.092736,,0.041984,0.152576,0,0.132352,0.007424,0.00896,,0.005888,,2.022656,24563,21701,703,0.55954430000019784
24564,409.44409580498865,278497447477,1,7.86630529910326,7.5981,7.901952,1.8825,16387,0.001024,3.299072,,0.039168,0.164096,0,0.14592,0.007936,0.009984,,0.004352,,2.089984,24564,21702,703,0.56770970000025045
24565,409.45212370323128,278497523458,1,8.0278981477022171,8.2319,7.84896,1.8475,15899,0.0012799999999999999,3.1936,,0.042752,0.155904,0,0.133632,0.007936,0.009472,,0.004096,,2.0090879999999998,24565,21703,703,0.575306200000341
24566,409.45972120181403,278497605777,1,7.5974985957145691,7.8831,8.013568,1.9105,16387,0.001024,3.268608,,0.042496,0.15564799999999998,0,0.137216,0.008192,0.0097279999999999988,,0.0051199999999999996,,2.2515199999999997,24566,21704,703,0.58355430000028718
24567,409.46778039965983,278497684608,1,8.0591980367898941,8.1856,7.575296,1.8537,15899,0.001024,3.175424,,0.037376,0.159488,0.000256,0.140032,0.007424,0.009472,,0.006144,,1.747968,24567,21705,703,0.59166050000021642
24568,409.4756882015306,278497766464,1,7.9078022390604019,7.4376,8.03584,1.8553,16387,0.001024,3.2972799999999998,,0.040704,0.15462399999999998,0,0.134656,0.006144,0,,0.033535999999999996,,2.023424,24568,21706,703,0.5989797000002
24569,409.48356210317456,278497840840,1,7.8739020973443985,8.3639,7.892224,1.9138,16094,0.001024,3.234048,,0.036095999999999996,0.158208,0.001792,0.137728,0.0038399999999999997,0.001024,,0.0097279999999999988,,1.9363839999999999,24569,21707,703,0.606847800000196
24570,409.49169730017007,278497924479,1,8.135196752846241,8.0824,7.859968,1.9136,16387,0.0012799999999999999,3.2919039999999997,,0.041984,0.15462399999999998,0,0.134656,0.0038399999999999997,0.009984,,0.005376,,1.9246079999999999,24570,21708,703,0.61509540000042762
24571,409.49966699971651,278498005303,1,7.9696998000144958,7.3044,8.106496,2.0718,15899,0.001024,3.237376,,0.035072,0.176896,0.000256,0.133632,0.0076799999999999993,0.0097279999999999988,,0.005376,,2.190592,24571,21709,703,0.62299440000015238
24572,409.50793370181407,278498078347,1,8.26670229434967,7.8473,7.950592,2.0412,16387,0.001024,3.18464,,0.044544,0.153856,0,0.1344,0.007936,0.009472,,0.004096,,1.746688,24572,21710,703,0.63104510000039227
24573,409.51575150226756,278498156820,1,7.8178001567721367,8.2838,8.246784,1.978,16101,0.001024,3.1777279999999997,,0.036095999999999996,0.155136,0,0.13568,0.00896,0.036864,,0.004352,,2.522624,24573,21711,703,0.63893730000017968
24574,409.52387460317459,278498239658,1,8.1231007352471352,7.8706,7.796224,1.8702,16439,0.001024,3.289088,,0.040192,0.158208,0,0.13849599999999998,0.007424,0.009472,,0.005376,,1.955584,24574,21712,703,0.647107600000254
24575,409.53167900368481,278498318364,1,7.8044002875685692,8.1079,8.101632,1.85,15899,0.001024,3.278848,,0.040959999999999996,0.16025599999999998,0,0.141056,0.0076799999999999993,0.009472,,0.0038399999999999997,,2.196224,24575,21713,703,0.65473930000007385
24576,409.53958170351473,278498399443,1,7.9026995226740837,7.8129,7.788544,1.8809,16387,0.001024,3.1744,,0.041215999999999996,0.153856,0,0.133632,0.007424,0.009472,,0.004096,,1.9112959999999999,24576,21714,703,0.66270240000039848
24577,409.54760210459182,278498477572,1,8.0204010009765625,8.2279,7.881984,1.7537,15899,0.001024,3.285504,,0.041471999999999995,0.16588799999999998,0,0.145152,0.0076799999999999993,0.010496,,0.0038399999999999997,,1.924864,24577,21715,703,0.67075760000034279
24578,409.55570610119048,278498559851,1,8.1039965152740479,7.6695,8.007168,1.9031,16387,0.001024,3.292672,,0.035584,0.152576,0,0.133888,0.003072,0.0097279999999999988,,0.005888,,2.056448,24578,21716,703,0.67875590000039665
24579,409.56374379960317,278498636546,1,8.0376984551548958,7.8842,8.075776,1.8459,15899,0.001024,3.2435199999999997,,0.041215999999999996,0.155136,0.000256,0.13516799999999998,0.007424,0.009216,,0.004352,,1.746432,24579,21717,703,0.68717170000036276
24580,409.57130809948978,278498715388,1,7.5642997398972511,8.1228,8.018432,1.7877,23021,0.001024,3.17568,,0.039168,0.15564799999999998,0,0.13644799999999999,0.004608,0.009984,,0.003584,,2.291712,24580,21718,703,0.69438400000035472
24581,409.579024199263,278498796616,1,7.7160997316241264,8.0038,7.542272,1.9514,15899,0.001024,3.2327679999999996,,0.039424,0.162816,0,0.143616,0.0076799999999999993,0.009984,,0.004096,,1.9261439999999999,24581,21719,703,0.70245050000039555
24582,409.58724170209751,278498876654,1,8.2175023853778839,8.1107,7.695872,1.8664,16387,0.0012799999999999999,3.175424,,0.03584,0.148224,0.000256,0.12928,0.007936,0.009984,,0.003584,,2.0871679999999997,24582,21720,703,0.7103570000003856
24583,409.5951258999433,278498957761,1,7.8841978684067726,7.4843,8.203776,1.9724,15899,0.001024,3.2368639999999997,,0.0384,0.15692799999999998,0.000256,0.137728,0.0076799999999999993,0.009984,,0.0051199999999999996,,1.748224,24583,21721,703,0.7182159000003594
24584,409.60287530470521,278499032604,1,7.7494047582149506,8.0569,7.859712,1.7894,16387,0.001024,3.272448,,0.041471999999999995,0.158976,0,0.139264,0.0076799999999999993,0.010239999999999999,,0.005888,,1.935616,24584,21722,703,0.72642550000000483
24585,409.61128129960315,278499113173,1,8.40599462389946,7.9639,7.729664,1.7618,16101,0.001024,3.2327679999999996,,0.039168,0.15616,0.000256,0.13568,0.011264,0.011007999999999999,,0.004608,,2.190336,24585,21723,703,0.7344849000000977
24586,409.61898780470517,278499192812,1,7.7065052464604378,7.8308,8.388608,1.7818,16387,0.001024,3.296512,,0.041728,0.160512,0,0.13696,0.0076799999999999993,0.010239999999999999,,0.004608,,1.747456,24586,21724,703,0.74232230000006894
24587,409.62697320011335,278499271120,1,7.9853953793644905,8.2375,7.685888,1.7685,15899,0.001024,3.2399359999999997,,0.037888,0.164096,0,0.14207999999999998,0.0038399999999999997,0.009984,,0.0038399999999999997,,2.0423679999999997,24587,21725,703,0.750524100000348
24588,409.63515369897959,278499353495,1,8.1804990768432617,8.0363,7.965952,2.018,16582,0.001024,3.29344,,0.040448,0.15462399999999998,0.000256,0.1344,0.0076799999999999993,0.009472,,0.004352,,1.9327999999999999,24588,21726,703,0.75846940000019458
24589,409.64295770266438,278499433858,1,7.804003544151783,7.8664,8.16384,1.918,15899,0.001024,3.276032,,0.039168,0.150784,0,0.131072,0.010752,0.009472,,0.0038399999999999997,,2.0907519999999997,24589,21727,703,0.76609990000042671
24590,409.65074479875284,278499512522,1,7.7870963141322136,8.0134,7.779584,1.8149,16387,0.001024,3.190784,,0.043775999999999995,0.15564799999999998,0.000256,0.13644799999999999,0.012799999999999999,0.0097279999999999988,,0.004608,,1.746176,24590,21728,703,0.77380880000009711
24591,409.65850490362811,278499592656,1,7.7601047232747078,8.0938,7.770368,1.8424,15899,0.001024,3.291648,,0.038144,0.15872,0,0.138752,0.007424,0.010496,,0.004608,,1.936896,24591,21729,703,0.78175860000010289
24592,409.66671660289114,278499673594,1,8.2116993144154549,7.6358,7.74016,1.7519,16387,0.001024,3.289344,,0.039424,0.15462399999999998,0,0.135936,0.0076799999999999993,0.009984,,0.003584,,2.052352,24592,21730,703,0.79005740000002334
24593,409.67451439909297,278499749952,1,7.7977962791919708,7.74,8.206848,1.8537,15899,0.0012799999999999999,3.0996479999999997,,0.03968,0.155136,0,0.135936,0.003328,0.0097279999999999988,,0.0038399999999999997,,1.7505279999999999,24593,21731,703,0.79755470000009154
24594,409.68232740221089,278499827352,1,7.8130029141902924,7.879,7.763968,1.9375,16387,0.001024,3.278336,,0.03968,0.15872,0.000256,0.140032,0.0076799999999999993,0.009984,,0.005376,,2.1009919999999997,24594,21732,703,0.80534660000012082
24595,409.69018620323129,278499906142,1,7.8588007017970085,8.3509,7.797248,1.8388,15899,0.001024,3.235584,,0.039168,0.15795199999999998,0,0.137984,0.0076799999999999993,0.0097279999999999988,,0.0038399999999999997,,1.9312639999999999,24595,21733,703,0.8133311000001413
24596,409.69812110260767,278499989651,1,7.9348990693688393,7.4977,7.83744,1.75,16387,0.001024,3.268096,,0.037888,0.160768,0,0.141824,0.0076799999999999993,0.010239999999999999,,0.004608,,2.0587519999999997,24596,21734,703,0.82124910000038653
24597,409.70632050028343,278500064628,1,8.199397474527359,7.8172,7.919616,1.9661,15899,0.001024,3.232512,,0.03968,0.152064,0,0.132352,0.005376,0.009472,,0.004352,,1.747968,24597,21735,703,0.82942820000016582
24598,409.71411270549885,278500142800,1,7.7922050841152668,7.9105,8.176128,1.9308,22518,0.001024,3.272192,,0.041728,0.160512,0.000256,0.140288,0.007424,0.010752,,0.004608,,2.064384,24598,21736,703,0.837196600000425
24599,409.72233880385488,278500221905,1,8.2260984927415848,7.9631,7.771904,1.9039,15899,0.001024,3.272704,,0.04224,0.161792,0,0.14336,0.003584,0.0097279999999999988,,0.003328,,2.0894719999999998,24599,21737,703,0.84554610000031971
24600,409.73011259920634,278500301536,1,7.7737951651215553,8.1288,8.212736,1.8505,16439,0.0012799999999999999,3.175424,,0.041471999999999995,0.158976,0,0.138752,0.007424,0.0097279999999999988,,0.004096,,1.747456,24600,21738,703,0.85322830000041
24601,409.73809569869616,278500382824,1,7.9830996692180634,7.8215,7.746048,1.9014,15899,0.001024,3.18464,,0.038655999999999996,0.15795199999999998,0.000256,0.13952,0.0076799999999999993,0.010239999999999999,,0.005376,,2.1373439999999997,24601,21739,703,0.86162640000020474
24602,409.74611860119046,278500461039,1,8.02290253341198,8.3283,7.96288,1.782,16387,0.001024,3.191296,,0.040192,0.159488,0,0.13952,0.0076799999999999993,0.009472,,0.0048639999999999994,,1.918208,24602,21740,703,0.86934100000007675
24603,409.75388730158727,278500544322,1,7.7687003649771214,7.7187,8.015616,1.8188,15899,0.001024,3.29344,,0.038655999999999996,0.15692799999999998,0,0.13824,0.005632,0.009216,,0.005376,,2.27712,24603,21741,703,0.87712720000035915
24604,409.7618246031746,278500621509,1,7.9373018816113472,8.3634,7.744768,1.871,16387,0.0012799999999999999,3.171328,,0.041471999999999995,0.150528,0,0.131072,0.010239999999999999,0.0097279999999999988,,0.004608,,1.7487359999999998,24604,21742,703,0.884994700000334
24605,409.76945890022677,278500705143,1,7.6342970132827759,7.5769,7.917824,1.7699,15899,0.001024,3.234304,,0.039936,0.15923199999999998,0,0.139264,0.007424,0.009472,,0.0038399999999999997,,2.021376,24605,21743,703,0.89278360000025714
24606,409.77745780187075,278500780912,1,7.9989014193415642,7.9245,7.612672,1.7778,16387,0.001024,3.27168,,0.038144,0.152576,0,0.133888,0.011264,0.009984,,0.004352,,1.9394559999999998,24606,21744,703,0.90070950000017547
24607,409.785431505102,278500860157,1,7.9737035557627678,7.9171,7.977216,1.9083,16094,0.001024,3.237632,,0.0384,0.161792,0.000256,0.13696,0.0076799999999999993,0.0097279999999999988,,0.0038399999999999997,,1.9376639999999998,24607,21745,703,0.90866450000021359
24608,409.7934413052721,278500939328,1,8.0097997561097145,7.5759,7.958272,1.8746,16387,0.001024,3.2368639999999997,,0.036095999999999996,0.17049599999999998,0,0.150784,0.0076799999999999993,0.0097279999999999988,,0.003584,,2.0991999999999997,24608,21746,703,0.9165581000002021
24609,409.80171360544216,278501015087,1,8.2723004743456841,8.113,7.990528,1.9002,15899,0.196608,3.243776,,0.03968,0.158976,0,0.13977599999999998,0.0076799999999999993,0.011519999999999999,,0.0038399999999999997,,1.748224,24609,21747,703,0.924828300000172
24610,409.80962230017008,278501096217,1,7.9086944460868835,7.9272,8.260352,1.6962,16387,0.001024,3.2719359999999997,,0.03968,0.1536,0,0.1344,0.007936,0.010239999999999999,,0.0051199999999999996,,2.24384,24610,21748,703,0.93285250000008091
24611,409.81794780328795,278501175489,1,8.3255032077431679,7.9421,7.821056,1.8703,16101,0.001024,3.174912,,0.039936,0.169216,0,0.149504,0.008192,0.009216,,0.005376,,1.958656,24611,21749,703,0.94126360000018394
24612,409.82581529903626,278501254910,1,7.8674955293536186,8.2093,8.360704,1.8353,16387,0.001024,3.2980479999999996,,0.041728,0.1536,0.000256,0.134656,0.011007999999999999,0.009472,,0.004096,,2.080768,24612,21750,703,0.94887650000009671
24613,409.83365710034013,278501337003,1,7.8418012708425522,8.0582,7.846144,1.9768,15899,0.0012799999999999999,3.236608,,0.042496,0.17152,0.000256,0.13414399999999999,0.0076799999999999993,0.009472,,0.0048639999999999994,,1.938944,24613,21751,703,0.95683750000034706
24614,409.84147280328796,278501417585,1,7.8157028183341026,8.3803,7.823872,1.785,16387,0.001024,3.2688639999999998,,0.045056,0.16486399999999998,0,0.14464,0.0076799999999999993,0.011007999999999999,,0.005376,,1.922048,24614,21752,703,0.96483550000039031
24615,409.849475,278501501388,1,8.0021964386105537,7.6408,7.7888,1.8785,15899,0.001024,3.09632,,0.0384,0.16896,0,0.136704,0.003328,0.009984,,0.003584,,2.077696,24615,21753,703,0.97256450000031691
24616,409.85761190476188,278501577796,1,8.1369047984480858,7.9186,7.98336,1.7414,16387,0.001024,3.181568,,0.037888,0.155136,0.000256,0.134912,0.007424,0.009472,,0.005376,,1.7454079999999998,24616,21754,703,0.98080330000038884
24617,409.86507250566893,278501656982,1,7.4606006965041161,8.026,8.121344,1.7522,15899,0.001024,3.2719359999999997,,0.040192,0.154368,0,0.135424,0.0076799999999999993,0.0097279999999999988,,0.003584,,2.2932479999999997,24617,21755,703,0.98848490000000311
24618,409.87252760062358,278501737242,1,7.4550951831042767,7.7545,7.443712,1.7105,16387,0.001024,3.17312,,0.035072,0.153856,0,0.135424,0.0084479999999999989,0.030719999999999997,,0.004608,,1.923072,24618,21756,703,0.99577330000010988
24619,409.88039100056687,278501814787,1,7.86339957267046,8.2285,7.4368,1.7874,44965,0.001024,3.094016,,0.037888,0.1536,0.000256,0.134912,0.007424,0.009984,,0.004608,,1.918464,24619,21757,704,0.0030771000001550419
24620,409.888431505102,278501897072,1,8.0405045300722122,7.6871,7.843584,1.809,16387,0.001024,3.27936,,0.042496,0.153856,0.000256,0.1344,0.007424,0.0097279999999999988,,0.0051199999999999996,,1.9192319999999998,24620,21758,704,0.01056460000017978
24621,409.896345904195,278501973943,1,7.9143987968564034,7.3077,8.02048,0.4484,15899,0.004352,3.23712,,0.039424,0.150528,0,0.131072,0.003328,0.009984,,0.004096,,1.9330559999999999,24621,21759,704,0.018330599999899277
24622,409.90439990079363,278502047020,1,8.0539966002106667,8.3699,0.036096,1.734,16387,0.0012799999999999999,3.227392,,0.039424,0.15616,0.000256,0.137984,0.007424,0.0097279999999999988,,0.0038399999999999997,,2.071808,24622,21760,704,0.026510400000006484
24623,409.91230899943309,278502130719,1,7.9090986400842667,7.5543,8.033536,1.8821,16101,0.001024,3.235584,,0.040959999999999996,0.159488,0,0.13977599999999998,0.0076799999999999993,0.009472,,0.005376,,1.933824,24623,21761,704,0.034550299999864365
24624,409.92019620181406,278502206262,1,7.8872023150324821,7.663,7.881984,1.8007,16387,0.001024,3.273984,,0.040192,0.15231999999999998,0,0.133632,0.003328,0.009984,,0.003584,,2.04288,24624,21762,704,0.042359200000191777
24625,409.9281625,278502282892,1,7.966298609972,8.2832,7.867648,1.7052,15899,0.001024,3.27424,,0.041728,0.157184,0,0.13747199999999998,0.006144,0.009984,,0.0051199999999999996,,1.9343359999999998,24625,21763,704,0.05052830000022368
24626,409.93586160005668,278502365724,1,7.6990998350083828,7.8134,7.954688,2.2516,16634,0.001024,3.229952,,0.039168,0.16768,0,0.148224,0.007936,0.009984,,0.003584,,1.9279359999999999,24626,21764,704,0.057912400000077469
24627,409.94370940334466,278502443858,1,7.8478036448359489,7.9948,7.662592,2.0717,18448,0.001024,3.2363519999999997,,0.037632,0.182528,0,0.16255999999999998,0.008192,0.0097279999999999988,,0.005632,,1.747456,24627,21765,704,0.066158999999970547
24628,409.95186230158731,278502523806,1,8.1528984010219574,8.1365,7.850752,1.8618,16387,0.001024,3.2384,,0.043008,0.15744,0,0.137728,0.007424,0.009472,,0.004352,,1.933312,24628,21766,704,0.073907099999814818
24629,409.95968810232426,278502605171,1,7.8258011490106583,7.4402,7.93472,1.8032,15899,0.001024,3.200256,,0.039424,0.147968,0,0.128768,0.0076799999999999993,0.009984,,0.004608,,2.243328,24629,21767,704,0.0822121999999581
24630,409.96784730017004,278502679573,1,8.1591978669166565,8.2002,7.777792,1.7778,16387,0.001024,3.292928,,0.041728,0.152576,0,0.13286399999999998,0.007424,0.0097279999999999988,,0.004608,,1.7487359999999998,24630,21768,704,0.0898840999998356
24631,409.97593420493195,278502761575,1,8.0869048833847046,7.7706,8.15616,1.9323,15899,0.001024,3.2980479999999996,,0.03968,0.15923199999999998,0,0.13824,0.013312,0,,0.014079999999999999,,2.079744,24631,21769,704,0.098284900000180642
24632,409.98385850340134,278502839281,1,7.9242987558245659,8.2239,8.078848,1.7996,16387,0.001024,3.274752,,0.041471999999999995,0.158976,0.000256,0.13516799999999998,0.0051199999999999996,0.010496,,0.0038399999999999997,,1.9363839999999999,24632,21770,704,0.10588790000019799
24633,409.99207980442173,278502921520,1,8.22130125015974,7.7622,7.90144,1.9825,15899,0.001024,3.1733759999999998,,0.036864,0.16512,0,0.14540799999999998,0.0084479999999999989,0.0097279999999999988,,0.0048639999999999994,,1.942016,24633,21771,704,0.11444930000016029
24634,410.00046960034012,278502999142,1,8.3897961303591728,8.3617,8.199936,1.8874,16387,0.001024,3.2737279999999997,,0.040448,0.154112,0.000256,0.133376,0.007424,0.009472,,0.004352,,2.114048,24634,21772,704,0.12241390000008323
24635,410.00854320436508,278503082759,1,8.0736037343740463,7.6534,8.365312,1.7994,15899,0.001024,3.295232,,0.040959999999999996,0.156672,0,0.137216,0.0076799999999999993,0.009472,,0.005632,,1.920256,24635,21773,704,0.13095070000008491
24636,410.01663929988661,278503159293,1,8.09609517455101,8.5457,8.049664,1.9674,16589,0.001024,3.2350719999999997,,0.040959999999999996,0.157184,0,0.13696,0.007424,0.0097279999999999988,,0.005376,,2.088192,24636,21774,704,0.13871580000022732
24637,410.02462920209751,278503244750,1,7.9899020493030548,7.9947,8.081664,1.9055,15899,0.001024,3.231744,,0.037376,0.15488,0,0.13568,0.0076799999999999993,0.0097279999999999988,,0.004608,,1.9530239999999999,24637,21775,704,0.14663169999994352
24638,410.03241280470519,278503324697,1,7.7836024574935436,8.4261,7.97312,1.8241,16387,0.001024,3.240192,,0.039424,0.155136,0.000256,0.136704,0.003584,0.010496,,0.0051199999999999996,,2.133248,24638,21776,704,0.15438189999986207
24639,410.040310600907,278503408958,1,7.8977961093187332,7.83,7.767552,1.7783,15899,0.0012799999999999999,3.18592,,0.044031999999999995,0.152832,0,0.13312,0.007424,0.009472,,0.004352,,1.931776,24639,21777,704,0.1624787999999171
24640,410.04819880243764,278503487258,1,7.8882016241550446,7.896,7.881216,1.7846,16387,0.001024,3.1751679999999998,,0.03968,0.16153599999999999,0,0.142592,0.007424,0.009984,,0.003584,,2.058496,24640,21778,704,0.17037840000011784
24641,410.05608170351474,278503566218,1,7.8829014673829079,7.801,7.875328,1.9624,15899,0.001024,3.2936959999999997,,0.041215999999999996,0.158976,0,0.139264,0.0076799999999999993,0.0097279999999999988,,0.003584,,1.748224,24641,21779,704,0.17845059999990553
24642,410.06425290532877,278503644228,1,8.1712016835808754,8.0628,7.8592,1.9098,16387,0.001024,3.228928,,0.034304,0.160768,0,0.142336,0.003328,0.013312,,0.004608,,2.404352,24642,21780,704,0.1871184000001449
24643,410.07180449971656,278503724856,1,7.5515941716730595,7.8926,8.141824,6.1642,22533,0.001024,3.228928,,0.034304,0.160768,0,0.142336,0.003328,0.013312,,0.004608,,2.404352,24643,21781,704,0.19391210000003412
24644,410.08012830215415,278503803782,1,8.32380261272192,8.0318,7.538944,2.017,16387,0.0012799999999999999,3.178496,,0.039424,0.152576,0,0.133376,0.0076799999999999993,0.009984,,0.004608,,1.942272,24644,21782,704,0.20240019999982906
24645,410.0879161989796,278503884100,1,7.7878967858850956,8.1083,8.293376,1.8403,16094,0.001024,3.2363519999999997,,0.039168,0.14976,0,0.13055999999999998,0.003584,0.010239999999999999,,0.003584,,2.19392,24645,21783,704,0.21034270000018296
24646,410.0958753047052,278503965183,1,7.9591060057282448,7.3495,7.775488,2.0527,16387,0.001024,3.1818239999999998,,0.036351999999999995,0.160768,0,0.140544,0.005632,0.000256,,0.030976,,1.9310079999999998,24646,21784,704,0.21807970000008936
24647,410.10376050170066,278504038678,1,7.885197177529335,8.5314,7.93856,1.8279,15899,0.001024,3.274752,,0.039168,0.156672,0,0.137216,0.009472,0.002048,,0.013312,,2.1160959999999998,24647,21785,704,0.22627109999984896
24648,410.112058701814,278504123992,1,8.29820055514574,7.9378,7.870464,2.1208,16589,0.001024,3.289856,,0.039424,0.157696,0,0.13849599999999998,0.0076799999999999993,0.0097279999999999988,,0.003584,,1.7505279999999999,24648,21786,704,0.23429720000012821
24649,410.11962270408162,278504203370,1,7.5640021823346615,7.648,8.273664,1.8742,15899,0.001024,3.278848,,0.040704,0.15462399999999998,0,0.134912,0.007424,0.0097279999999999988,,0.004608,,2.0520959999999997,24649,21787,704,0.24168229999986579
24650,410.12737970521539,278504279850,1,7.7570010907948017,8.2771,7.544576,1.9033,16387,0.0012799999999999999,3.177216,,0.038655999999999996,0.162048,0.000256,0.14310399999999998,0.0076799999999999993,0.009984,,0.004352,,1.9307519999999998,24650,21788,704,0.2493398999999954
24651,410.135422002551,278504362621,1,8.042297326028347,7.9424,7.748096,1.8681,15899,0.001024,3.2345599999999997,,0.03968,0.154112,0,0.133888,0.003328,0.0097279999999999988,,0.004096,,1.9343359999999998,24651,21789,704,0.25757849999990867
24652,410.14342930130385,278504442045,1,8.0072991549968719,7.4821,8.010496,1.8249,16439,0.001024,3.292928,,0.039424,0.150272,0.001792,0.131584,0.007424,0.000768,,0.009984,,2.08512,24652,21790,704,0.26540269999986776
24653,410.15179649943309,278504516866,1,8.3671985194087029,7.6767,7.992576,1.8213,15899,0.001024,3.1831039999999997,,0.040959999999999996,0.155392,0,0.135424,0.007936,0.009472,,0.0048639999999999994,,1.7456639999999999,24653,21791,704,0.273814499999844
24654,410.1595450042517,278504593633,1,7.7485046349465847,8.2326,8.156416,1.7554,16387,0.001024,3.235328,,0.040704,0.158976,0,0.13849599999999998,0.007424,0.010239999999999999,,0.005632,,2.231296,24654,21792,704,0.28153689999999187
24655,410.16754610260767,278504675959,1,8.0010984092950821,7.8725,7.720448,1.9439,15899,0.001024,3.2714239999999997,,0.042496,0.15795199999999998,0,0.138752,0.0097279999999999988,0.009472,,0.0051199999999999996,,1.751552,24655,21793,704,0.28975179999997636
24656,410.17512080498864,278504754684,1,7.574702613055706,8.3888,7.975168,1.9106,16387,0.001024,3.298304,,0.0384,0.156416,0,0.136192,0.003328,0.0097279999999999988,,0.004096,,2.0236799999999997,24656,21794,704,0.297103700000207
24657,410.18351000566889,278504838572,1,8.3892010152339935,7.7197,7.561984,1.862,15899,0.001024,3.0960639999999997,,0.038655999999999996,0.150784,0,0.132608,0.004096,0.010496,,0.0048639999999999994,,2.05824,24657,21795,704,0.30560319999995045
24658,410.19122040107709,278504915769,1,7.7103953808546066,8.1783,8.370176,1.7958,16387,0.001024,3.179776,,0.041215999999999996,0.152064,0,0.132096,0.007424,0.009472,,0.004352,,2.1306879999999997,24658,21796,704,0.31326720000015484
24659,410.19892230017007,278504997552,1,7.70189892500639,7.4016,7.702784,1.8611,15899,0.001024,3.2337919999999998,,0.038911999999999995,0.15616,0.000256,0.137728,0.003584,0.009472,,0.005376,,2.0871679999999997,24659,21797,704,0.32111759999997957
24660,410.20687679988663,278505071568,1,7.9544996842741966,8.3763,7.664384,1.8673,16387,0.001024,3.298816,,0.03968,0.15564799999999998,0,0.136192,0.0076799999999999993,0.0097279999999999988,,0.0051199999999999996,,1.747968,24660,21798,704,0.32880530000011277
24661,410.21492520549884,278505155331,1,8.04840587079525,7.785,7.943168,1.7298,16101,0.001024,3.238912,,0.036608,0.15564799999999998,0,0.13644799999999999,0.0076799999999999993,0.009472,,0.0038399999999999997,,2.0223999999999998,24661,21799,704,0.33719280000013896
24662,410.22311140164396,278505233181,1,8.1861959770321846,7.8129,8.023296,1.8188,16387,0.001024,3.2913919999999997,,0.040704,0.15564799999999998,0,0.135936,0.007424,0.009472,,0.0038399999999999997,,2.066944,24662,21800,704,0.34538560000009966
24663,410.231085600907,278505311310,1,7.9741990193724632,7.7367,8.178944,1.9346,15899,0.001024,3.277056,,0.038655999999999996,0.169216,0,0.135424,0.007936,0.009984,,0.0048639999999999994,,2.25792,24663,21801,704,0.35324600000012651
24664,410.23941410147393,278505388677,1,8.32850020378828,8.3471,7.945984,2.0428,16582,0.001024,3.230464,,0.035328,0.161024,0,0.141312,0.007424,0.010496,,0.003584,,2.055168,24664,21802,704,0.36138110000001689
24665,410.2472121031746,278505472148,1,7.7980016358196735,8.2315,8.320512,1.8593,15899,0.19455999999999998,3.284992,,0.040448,0.151552,0,0.132096,0.007424,0.009472,,0.005632,,1.9212799999999999,24665,21803,704,0.36926020000009885
24666,410.25540539965982,278505554463,1,8.193296380341053,7.7643,7.766016,1.99,16387,0.001024,3.234048,,0.037888,0.160512,0.000256,0.141568,0.003328,0.010239999999999999,,0.0048639999999999994,,2.1941759999999997,24666,21804,704,0.377434699999867
24667,410.26340510204079,278505632106,1,7.9997023567557335,8.227,8.171264,1.8946,15899,0.201728,3.284224,,0.041215999999999996,0.156672,0,0.13696,0.0076799999999999993,0.011264,,0.004608,,1.7484799999999998,24667,21805,704,0.385392199999842
24668,410.27107440476186,278505714376,1,7.6693026348948479,7.8254,7.978496,1.8104,16387,0.001024,3.274752,,0.039424,0.152576,0.000256,0.13414399999999999,0.0076799999999999993,0.010239999999999999,,0.003584,,2.208512,24668,21806,704,0.39332789999980378
24669,410.27912810374147,278505792630,1,8.05369857698679,8.2213,7.652608,1.8595,15899,0.001024,3.2931839999999997,,0.039168,0.156416,0.000256,0.137984,0.005888,0.009984,,0.0051199999999999996,,1.9294719999999999,24669,21807,704,0.40126529999997729
24670,410.28714180130385,278505874843,1,8.01369734108448,7.9311,8.0384,1.9995,22171,0.001024,3.1746559999999997,,0.039936,0.164608,0,0.14438399999999998,0.008192,0.009472,,0.0051199999999999996,,2.1959679999999997,24670,21808,704,0.40918629999987388
24671,410.29515660430837,278505954154,1,8.0148028209805489,7.9434,7.99744,1.8736,15899,0.0012799999999999999,3.2767999999999997,,0.041215999999999996,0.15564799999999998,0,0.13516799999999998,0.003072,0.009472,,0.004608,,1.7489919999999999,24671,21809,704,0.41740770000023986
24672,410.30303770549887,278506033588,1,7.8811012208461761,7.8097,7.992576,1.7467,16387,0.001024,3.292416,,0.041215999999999996,0.152832,0,0.13286399999999998,0.003328,0.009472,,0.004352,,2.153216,24672,21810,704,0.42499779999980092
24673,410.31128340419497,278506111685,1,8.2456991076469421,8.0371,7.863552,1.8683,16246,0.001024,3.22816,,0.043775999999999995,0.16025599999999998,0.000256,0.142336,0.0076799999999999993,0.009984,,0.0038399999999999997,,2.049536,24673,21811,704,0.43362459999980274
24674,410.31890320294781,278506192056,1,7.6197986491024494,8.1449,8.224256,1.7816,16387,0.001024,3.294464,,0.040192,0.16255999999999998,0.000256,0.142592,0.0076799999999999993,0.010752,,0.005376,,1.746432,24674,21812,704,0.44084509999993315
24675,410.3267964994331,278506273505,1,7.8932968899607658,7.6887,7.597824,1.8432,15899,0.001024,3.210496,,0.038911999999999995,0.16,0.000256,0.14079999999999998,0.004352,0.009984,,0.0038399999999999997,,2.013184,24675,21813,704,0.44907509999984541
24676,410.33480930413833,278506350392,1,8.0128051340579987,8.6181,7.872,1.7662,16387,0.001024,3.175424,,0.039424,0.161024,0,0.141056,0.007424,0.010752,,0.004608,,1.932032,24676,21814,704,0.45689080000011018
24677,410.34286609977323,278506436573,1,8.0567952245473862,7.224,7.996928,1.9505,15899,0.001024,3.175424,,0.038911999999999995,0.151808,0,0.13312,0.0076799999999999993,0.009984,,0.0051199999999999996,,2.099456,24677,21815,704,0.46499780000021929
24678,410.35085449971655,278506508813,1,7.9883998259902,8.0836,8.030208,1.863,16439,0.001024,3.279616,,0.041728,0.160768,0,0.14079999999999998,0.011776,0.0097279999999999988,,0.006144,,1.953536,24678,21816,704,0.4728015000000596
24679,410.3585908021542,278506589649,1,7.7363024465739727,7.9491,7.972096,1.8406,15899,0.0012799999999999999,3.29344,,0.041728,0.15616,0,0.136192,0.0076799999999999993,0.009472,,0.004352,,1.933312,24679,21817,704,0.48066770000014003
24680,410.3667437003968,278506669140,1,8.1528984010219574,8.1028,7.714816,1.8393,16387,0.001024,3.170048,,0.041215999999999996,0.15923199999999998,0,0.135424,0.007936,0.0097279999999999988,,0.0038399999999999997,,2.044672,24680,21818,704,0.48886570000013307
24681,410.37473280187072,278506750168,1,7.9891011118888855,7.835,8.148992,1.9502,15899,0.001024,3.2394239999999996,,0.039424,0.15692799999999998,0,0.13849599999999998,0.007424,0.009984,,0.003584,,1.749504,24681,21819,704,0.49668789999986984
24682,410.38255520124716,278506828518,1,7.8223990276455879,7.7795,7.96032,1.7962,16387,0.001024,3.1946239999999997,,0.035328,0.153088,0.000256,0.13414399999999999,0.0038399999999999997,0.010496,,0.0051199999999999996,,2.2248959999999998,24682,21820,704,0.50451329999987138
24683,410.390289399093,278506906313,1,7.7341976575553417,8.2658,7.816704,1.7518,16094,0.001024,3.190528,,0.041471999999999995,0.16025599999999998,0.000256,0.134656,0.0076799999999999993,0.009472,,0.004352,,1.9240959999999998,24683,21821,704,0.51236800000015137
24684,410.39815920493197,278506988971,1,7.86980614066124,7.8351,7.7056,1.8375,16387,0.001024,3.0858239999999997,,0.035328,0.15462399999999998,0,0.134912,0.004608,0.0012799999999999999,,0.012544,,2.1112319999999998,24684,21822,704,0.5204276999998001
24685,410.40631370464848,278507067322,1,8.1544993445277214,7.8188,7.856896,1.7298,15899,0.001024,3.2913919999999997,,0.038655999999999996,0.148224,0,0.129024,0.0076799999999999993,0.010239999999999999,,0.004608,,1.7505279999999999,24685,21823,704,0.528263600000173
24686,410.41414170209748,278507145510,1,7.8279972076416016,7.8089,8.128256,1.9216,16589,0.001024,3.278336,,0.041728,0.161024,0,0.141312,0.005376,0.0097279999999999988,,0.0048639999999999994,,2.038016,24686,21824,704,0.53606579999996029
24687,410.42250830498864,278507223599,1,8.3666024729609489,8.1088,7.80544,1.7468,15899,0.001024,3.1946239999999997,,0.039424,0.161792,0,0.14336,0.007424,0.010239999999999999,,0.005376,,2.048256,24687,21825,704,0.54445480000003954
24688,410.43037630385487,278507304687,1,7.867998443543911,7.81,8.353024,1.8501,16387,0.001024,3.185664,,0.041728,0.152576,0.000256,0.13286399999999998,0.0076799999999999993,0.009216,,0.004608,,1.7489919999999999,24688,21826,704,0.552277199999935
24689,410.43835470521543,278507382787,1,7.9784011468291283,7.8426,7.839744,1.893,15899,0.001024,3.241472,,0.039168,0.15462399999999998,0.000256,0.135936,0.0076799999999999993,0.010496,,0.003584,,2.1808639999999997,24689,21827,704,0.56050120000008974
24690,410.44599379960317,278507461213,1,7.63909425586462,8.3761,7.959552,1.7763,16387,0.001024,3.23584,,0.04224,0.157696,0,0.13644799999999999,0.007424,0.009984,,0.004608,,2.060288,24690,21828,704,0.56799159999991389
24691,410.45408700396825,278507544974,1,8.0932043492794037,7.8301,7.629312,1.8218,15899,0.001024,3.09632,,0.034304,0.16127999999999998,0.000256,0.142592,0.007168,0.0097279999999999988,,0.004096,,2.109696,24691,21829,704,0.576154299999871
24692,410.46211220238092,278507623275,1,8.0251982435584068,8.2146,8.02176,1.9205,16387,0.0063999999999999994,3.205632,,0.040192,0.155392,0,0.134912,0.007936,0.011007999999999999,,0.0048639999999999994,,1.75104,24692,21830,704,0.58413740000014513
24693,410.46970570436508,278507705421,1,7.5935018248856068,7.4073,8.052736,1.8434,15899,0.001024,3.17568,,0.041728,0.15129599999999999,0,0.131584,0.011776,0.0097279999999999988,,0.005632,,2.072064,24693,21831,704,0.59170769999991535
24694,410.4776035997732,278507779494,1,7.8978957608342171,8.2119,7.574528,1.8466,16387,0.001024,3.270912,,0.039424,0.15744,0,0.139008,0.0076799999999999993,0.009472,,0.0038399999999999997,,1.9297279999999999,24694,21832,704,0.59967289999985951
24695,410.48572720379815,278507861613,1,8.1236036494374275,8.0342,7.87968,1.7883,15899,0.006144,3.2386559999999998,,0.041471999999999995,0.156416,0,0.136192,0.008192,0.010496,,0.005376,,1.9179519999999999,24695,21833,704,0.60985930000015287
24696,410.49354720096369,278507941955,1,7.8199971467256546,7.5089,7.906816,1.8886,16387,0.001024,3.17312,,0.03584,0.161024,0.000256,0.14207999999999998,0.007424,0.009984,,0.0051199999999999996,,2.154496,24696,21834,704,0.616787800000111
24697,410.50130320294784,278508017044,1,7.7560017816722393,7.9705,7.988992,2.7594,15899,0.001024,3.280128,,0.040448,0.16127999999999998,0,0.141312,0.007424,0.011264,,0.005632,,1.76512,24697,21835,704,0.626134699999966
24698,410.50954350198413,278508096749,1,8.2402992993593216,9.7885,7.724544,2.2662,16589,0.001024,3.236096,,0.039168,0.152576,0,0.133376,0.0076799999999999993,0.0097279999999999988,,0.0048639999999999994,,1.9711999999999998,24698,21836,704,0.63548660000014934
24699,410.51742949971651,278508194634,1,7.8859981149435043,7.1344,8.225024,2.7691,15899,0.001024,3.174912,,0.039168,0.153088,0,0.133632,0.010239999999999999,0.010496,,0.0051199999999999996,,1.979136,24699,21837,704,0.6412147000000914
24700,410.52561180555551,278508265978,1,8.1823058426380157,9.1624,7.766528,2.9974,16387,0.001024,3.2327679999999996,,0.038655999999999996,0.155904,0,0.13644799999999999,0.011519999999999999,0.011776,,0.004608,,1.9210239999999998,24700,21838,704,0.64844970000012836
24701,410.53372050028344,278508357602,1,8.1086950376629829,9.4444,7.871744,3.1115,15899,0.0012799999999999999,3.295744,,0.039936,0.16,0,0.141056,0.007936,0.009984,,0.003584,,2.048512,24701,21839,704,0.65669170000001031
24702,410.5417266014739,278508452046,1,8.0061014741659164,5.9022,8.094464,2.2181,16582,0.166912,3.265024,,0.03968,0.162304,0,0.141568,0.003328,0.012288,,0.004352,,1.9297279999999999,24702,21840,704,0.66474610000022949
24703,410.54972030187071,278508511068,1,7.9936999827623367,7.2189,7.98336,2.4411,15899,0.001024,3.289856,,0.039168,0.155904,0,0.136192,0.003584,0.010752,,0.004352,,1.94688,24703,21841,704,0.67266209999979765
24704,410.55819710175734,278508583257,1,8.47680028527975,8.2087,7.963392,1.8683,16439,0.001024,3.210496,,0.039168,0.160512,0,0.14079999999999998,0.0076799999999999993,0.011264,,0.005376,,1.744384,24704,21842,704,0.681197500000053
24705,410.56644270124713,278508665344,1,8.2455994561314583,8.0742,8.463872,2.3586,15899,0.001024,3.1800319999999997,,0.038911999999999995,0.1536,0,0.134656,0.007936,0.012544,,0.002304,,2.135296,24705,21843,704,0.68931269999984579
24706,410.5746191043084,278508746086,1,8.1764031201601028,7.6999,8.226816,2.4374,23021,0.001024,3.1936,,0.035328,0.161792,0,0.14207999999999998,0.0038399999999999997,0.006912,,0.00896,,1.74976,24706,21844,704,0.6980914999999186
24707,410.58244840561224,278508823085,1,7.8293010592460632,8.578,8.148736,1.9961,15899,0.0012799999999999999,3.107328,,0.041471999999999995,0.163328,0,0.14438399999999998,0.007424,0.010496,,0.003584,,2.205952,24707,21845,704,0.70669510000016089
24708,410.59044559948978,278508908865,1,7.997194305062294,8.0155,7.794176,2.8524,16387,0.001024,3.23584,,0.03968,0.155904,0,0.13644799999999999,0.008192,0.010752,,0.005888,,1.9496959999999999,24708,21846,704,0.712880099999893
24709,410.59840310374148,278508989020,1,7.9575041308999062,9.0592,7.981824,2.4652,15899,0.001024,3.26912,,0.035072,0.155392,0,0.13644799999999999,0.0076799999999999993,0.009216,,0.006144,,2.176512,24709,21847,704,0.72065980000024865
24710,410.60668730158727,278509079612,1,8.2841981202363968,8.4869,7.934464,1.9697,16387,0.001024,3.2913919999999997,,0.040192,0.153088,0,0.126976,0.0048639999999999994,0.011776,,0.0025599999999999998,,1.7502719999999998,24710,21848,704,0.72885499999983949
24711,410.61442840136056,278509164481,1,7.741099689155817,6.4352,8.2624,2.1294,16101,0.001024,3.1831039999999997,,0.040959999999999996,0.158208,0,0.13824,0.007424,0.013312,,0.002816,,2.066432,24711,21849,704,0.73652609999999186
24712,410.62249299886622,278509228833,1,8.0645978450775146,7.7579,7.725568,1.9865,16387,0.001024,3.183616,,0.039168,0.153088,0,0.1344,0.0076799999999999993,0.009984,,0.004352,,2.0991999999999997,24712,21850,704,0.74471029999995153
24713,410.63041870039683,278509306412,1,7.9257013276219368,8.2631,8.0512,1.9282,15899,0.001024,3.297792,,0.041984,0.15462399999999998,0,0.13414399999999999,0.0076799999999999993,0.009984,,0.004096,,1.965312,24713,21851,704,0.75252420000015263
24714,410.63845719954645,278509389043,1,8.0384993925690651,7.5713,7.896832,1.8351,16387,0.001024,3.1861759999999997,,0.037632,0.164096,0,0.145664,0.006656,0.010496,,0.0038399999999999997,,2.142208,24714,21852,704,0.76078610000013214
24715,410.64628810232426,278509464756,1,7.8309029340744019,8.2751,8.016384,1.7964,15899,0.001024,3.10016,,0.041471999999999995,0.155136,0,0.13568,0.010752,0.009472,,0.004096,,1.9310079999999998,24715,21853,704,0.76838869999983217
24716,410.6542947987528,278509547507,1,8.0066965892910957,7.7603,7.821312,1.9881,16387,0.001024,3.170304,,0.039168,0.16588799999999998,0,0.14668799999999999,0.003584,0.010496,,0.0051199999999999996,,2.052352,24716,21854,704,0.776441800000157
24717,410.66230089994332,278509625110,1,8.0061014741659164,8.3025,7.980032,1.8808,15899,0.001024,3.2762879999999996,,0.040448,0.16025599999999998,0,0.141056,0.0076799999999999993,0.010752,,0.0038399999999999997,,1.750016,24717,21855,704,0.78424889999996594
24718,410.6702400014172,278509708135,1,7.9391011968255043,7.5769,7.988736,1.9452,29693,0.0012799999999999999,3.275776,,0.039424,0.15488,0,0.13644799999999999,0.011519999999999999,0.009984,,0.005632,,2.033664,24718,21856,704,0.79241240000010293
24719,410.67822779903628,278509783904,1,7.9877972602844238,8.0855,7.911168,1.8477,15899,0.0012799999999999999,3.289344,,0.040448,0.155904,0,0.136704,0.0076799999999999993,0.0097279999999999988,,0.0051199999999999996,,1.93408,24719,21857,704,0.80020789999980479
24720,410.68621079931972,278509864759,1,7.9830000177025795,7.8022,7.981056,1.8125,16387,0.001024,3.288064,,0.039168,0.15334399999999998,0.000256,0.134656,0.007424,0.010239999999999999,,0.004352,,1.928704,24720,21858,704,0.80836660000022675
24721,410.69405179988661,278509942781,1,7.8410003334283829,8.1374,7.963648,1.8696,16094,0.001024,3.292928,,0.035584,0.156416,0.000256,0.13568,0.007424,0.00896,,0.0051199999999999996,,2.0024319999999998,24721,21859,704,0.81600170000001526
24722,410.7019021045918,278510024155,1,7.8503042459487915,7.7876,7.82592,1.8118,16387,0.0012799999999999999,3.18592,,0.043008,0.155392,0,0.13414399999999999,0.007936,0.0097279999999999988,,0.0048639999999999994,,1.9297279999999999,24722,21860,704,0.8240670999998656
24723,410.70990269982991,278510102031,1,8.00059549510479,8.2273,7.82592,1.7556,15899,0.001024,3.268608,,0.04224,0.153088,0,0.13286399999999998,0.007424,0.010239999999999999,,0.004608,,2.054912,24723,21861,704,0.83191820000001826
24724,410.71779690334466,278510184304,1,7.8942030668258667,7.604,7.976448,1.7969,16734,0.001024,3.23072,,0.040448,0.160768,0.000256,0.13568,0.0076799999999999993,0.0097279999999999988,,0.0048639999999999994,,1.747968,24724,21862,704,0.83983489999991434
24725,410.72553380102039,278510260344,1,7.736897561699152,8.0406,7.873024,1.7854,16067,0.001024,3.242496,,0.039424,0.15923199999999998,0,0.13824,0.010752,0.009216,,0.005632,,2.027776,24725,21863,704,0.84769899999992049
24726,410.73335610119045,278510340750,1,7.8223003074526787,7.8563,7.713024,2.1108,22003,0.001024,3.238912,,0.0384,0.15129599999999999,0,0.13312,0.004352,0.010752,,0.0048639999999999994,,2.03776,24726,21864,704,0.85539340000013908
24727,410.74124490504533,278510419313,1,7.8888041898608208,7.9631,7.80672,1.8414,21828,0.0012799999999999999,3.287808,,0.042496,0.164352,0.000256,0.14438399999999998,0.007424,0.009984,,0.004096,,1.93152,24727,21865,704,0.86354380000011588
24728,410.74920690192744,278510498944,1,7.9619968309998512,7.8009,7.862784,1.8882,16387,0.001024,3.297536,,0.043775999999999995,0.15564799999999998,0,0.13644799999999999,0.007168,0.009984,,0.0051199999999999996,,1.747456,24728,21866,704,0.87117140000009385
24729,410.75701500141724,278510576953,1,7.8080995008349419,7.6732,7.943168,2.0099,35246,0.001024,3.187456,,0.038911999999999995,0.17740799999999998,0,0.136192,0.007936,0.010239999999999999,,0.004352,,1.746176,24729,21867,704,0.87960849999990387
24730,410.76468839994328,278510653685,1,7.6733985915780067,8.1972,7.788544,1.7577,44822,0.001024,3.236608,,0.035584,0.156672,0,0.137728,0.007936,0.0097279999999999988,,0.004352,,2.076416,24730,21868,704,0.88698329999988346
24731,410.77267610544214,278510735657,1,7.9877050593495369,7.6568,7.646976,2.1866,27757,0.001024,3.232256,,0.035328,0.15488,0.000256,0.13644799999999999,0.007424,0.009984,,0.005376,,1.9363839999999999,24731,21869,704,0.89497140000003128
24732,410.78047970521538,278510812225,1,7.8035998158156872,8.0566,7.972352,1.8051,16387,0.001024,3.0960639999999997,,0.038144,0.16025599999999998,0,0.13977599999999998,0.007936,0.009984,,0.003584,,2.078976,24732,21870,704,0.90251320000015767
24733,410.78850440051019,278510892791,1,8.0246953293681145,7.6603,7.783936,1.9279,15899,0.0012799999999999999,3.235584,,0.034816,0.16127999999999998,0,0.142336,0.009216,0.0097279999999999988,,0.0038399999999999997,,2.052352,24733,21871,704,0.91044289999990724
24734,410.79650459892287,278510969394,1,8.0001987516880035,8.0628,8.007936,1.935,16387,0.001024,3.239168,,0.037376,0.153088,0,0.132608,0.007424,0.0097279999999999988,,0.004096,,1.9325439999999998,24734,21872,704,0.91846699999996417
24735,410.804309502551,278511050022,1,7.8049036674201488,7.5382,7.981312,1.7689,21828,0.001024,3.2962559999999996,,0.035328,0.16025599999999998,0,0.141312,0.0076799999999999993,0.010239999999999999,,0.004352,,2.048512,24735,21873,704,0.92634399999997186
24736,410.81225060232424,278511125404,1,7.9410998150706291,7.9416,7.793664,2.0711,16734,0.001024,3.0996479999999997,,0.035584,0.152832,0.000256,0.13312,0.0076799999999999993,0.009984,,0.003584,,1.750016,24736,21874,704,0.93444679999993241
24737,410.82008380102042,278511204820,1,7.833198644220829,8.0186,7.908096,1.7899,15899,0.001024,3.2931839999999997,,0.041984,0.1536,0,0.134656,0.0076799999999999993,0.009472,,0.004608,,2.0357119999999997,24737,21875,704,0.94240919999992911
24738,410.8279341057256,278511285006,1,7.8503042459487915,7.864,7.81824,1.7323,16387,0.0012799999999999999,3.231744,,0.040959999999999996,0.1536,0,0.133632,0.0076799999999999993,0.0097279999999999988,,0.003584,,1.936896,24738,21876,704,0.95025410000016564
24739,410.83592910289116,278511363646,1,7.9949973151087761,7.9644,7.831296,2.0617,15899,0.001024,3.2888319999999998,,0.039168,0.163072,0.000256,0.14310399999999998,0.011007999999999999,0.009472,,0.005888,,1.9358719999999998,24739,21877,704,0.95792530000017
24740,410.84392800453514,278511443290,1,7.9989014193415642,8.0588,7.972864,1.9844,16387,0.001024,3.237632,,0.041728,0.165376,0,0.145664,0.008192,0.009472,,0.0051199999999999996,,2.0290559999999997,24740,21878,704,0.9658291000000645
24741,410.85177540391157,278511523878,1,7.8473994508385658,7.907,7.987456,1.8554,16094,0.0012799999999999999,3.294464,,0.040192,0.162816,0,0.142848,0.0076799999999999993,0.010496,,0.003584,,1.938432,24741,21879,704,0.97403750000012224
24742,410.85981000566892,278511602948,1,8.0346018075943,7.6636,7.824384,1.7749,16387,0.001024,3.293952,,0.040959999999999996,0.15462399999999998,0.000256,0.135936,0.0076799999999999993,0.009984,,0.0038399999999999997,,2.055424,24742,21880,704,0.98183079999989786
24743,410.86772700538546,278511679584,1,7.9169999808073044,7.9356,8.014848,1.8489,15899,0.001024,3.2719359999999997,,0.040704,0.154112,0,0.1344,0.0076799999999999993,0.009472,,0.005632,,1.747456,24743,21881,704,0.98987290000013672
24744,410.87531850198411,278511758940,1,7.59149668738246,7.9615,7.881728,1.7845,16387,0.001024,3.182848,,0.040448,0.152576,0.000256,0.133376,0.007424,0.0097279999999999988,,0.005376,,2.01984,24744,21882,704,0.99725440000020171
24745,410.88321439909294,278511838555,1,7.8958971425890923,7.9898,7.576576,1.7112,44965,0.001024,3.0978559999999997,,0.041471999999999995,0.16614399999999999,0,0.14336,0.007936,0.009984,,0.0048639999999999994,,2.051328,24745,21883,705,0.0030619999997725245
24746,410.89121969954647,278511918453,1,8.0053005367517471,7.922,7.875328,1.7966,16387,0.001024,3.295232,,0.040959999999999996,0.158464,0,0.139008,0.007424,0.010239999999999999,,0.005632,,1.9258879999999998,24746,21884,705,0.01047279999966122
24747,410.89946789965984,278511997673,1,8.2481997087597847,7.5475,7.990784,0.4444,15899,0.001024,3.289856,,0.038655999999999996,0.162816,0,0.14336,0.0076799999999999993,0.0097279999999999988,,0.003584,,2.079488,24747,21885,705,0.01870809999991252
24748,410.907747002551,278512073148,1,8.2791028544306755,8.6023,0.036608,1.8419,16387,0.001024,3.2035839999999998,,0.041984,0.163328,0,0.137984,0.007936,0.011007999999999999,,0.005632,,1.749248,24748,21886,705,0.026993399999810208
24749,410.91533410572561,278512159171,1,7.5871031731367111,7.3895,8.081152,1.9469,16101,0.001024,3.2363519999999997,,0.038144,0.162816,0.000256,0.141824,0.00896,0.009984,,0.0051199999999999996,,2.129152,24749,21887,705,0.0345220999997764
24750,410.92341680130386,278512233066,1,8.0826953053474426,8.1355,7.5648,1.9327,16387,0.001024,3.099392,,0.035328,0.156672,0,0.13747199999999998,0.0038399999999999997,0.010239999999999999,,0.005632,,2.0610559999999998,24750,21888,705,0.042752999999720487
24751,410.93137380243763,278512314421,1,7.9570012167096138,8.4328,8.070656,1.8239,15899,0.001024,3.2883199999999997,,0.040959999999999996,0.15923199999999998,0,0.14079999999999998,0.0076799999999999993,0.009984,,0.003328,,2.200064,24751,21889,705,0.050726099999792496
24752,410.93956100481859,278512398749,1,8.1872027367353439,7.4977,7.940864,1.8045,16387,0.001024,3.2931839999999997,,0.040704,0.156672,0.000256,0.13644799999999999,0.0076799999999999993,0.0097279999999999988,,0.005632,,2.130944,24752,21890,705,0.05934979999983625
24753,410.94741960034014,278512473726,1,7.8585958108305931,8.2653,8.169472,1.8034,18448,0.001024,3.2931839999999997,,0.040704,0.156672,0.000256,0.13644799999999999,0.0076799999999999993,0.0097279999999999988,,0.005632,,2.130944,24753,21891,705,0.066696299999875919
24754,410.95562949971657,278512556379,1,8.2098990678787231,7.9535,7.826944,1.7153,16387,0.001024,3.2883199999999997,,0.038911999999999995,0.344064,0,0.14336,0.005376,0.008704,,0.0048639999999999994,,2.082816,24754,21892,705,0.074684799999886309
24755,410.96341040249433,278512635914,1,7.7809025533497334,8.1905,8.196608,1.8122,15899,0.001024,3.297536,,0.03712,0.159488,0,0.13952,0.0076799999999999993,0.012032,,0.004096,,1.7489919999999999,24755,21893,705,0.082539600000018254
24756,410.9710704010771,278512717819,1,7.6599987223744392,7.7777,7.763456,1.719,16439,0.001024,3.2683519999999997,,0.039168,0.15795199999999998,0.000256,0.13977599999999998,0.0076799999999999993,0.010239999999999999,,0.0048639999999999994,,2.0876799999999998,24756,21894,705,0.0906012999998893
24757,410.97941429988663,278512795596,1,8.3438986912369728,8.0168,7.627008,1.8051,15899,0.001024,3.2319999999999998,,0.039168,0.158464,0.000256,0.140032,0.011519999999999999,0.010496,,0.0051199999999999996,,1.9128319999999999,24757,21895,705,0.098689199999626
24758,410.98747380243765,278512875764,1,8.0595025792717934,7.818,8.33536,2.0481,16387,0.0012799999999999999,3.1715839999999997,,0.039168,0.15564799999999998,0,0.136192,0.007424,0.009984,,0.0048639999999999994,,2.10304,24758,21896,705,0.10662309999997888
24759,410.99562320011336,278512953944,1,8.1493975594639778,8.0192,8.022528,2.0851,15899,0.001024,3.177472,,0.039936,0.15462399999999998,0,0.134656,0.0076799999999999993,0.0097279999999999988,,0.005632,,1.7502719999999998,24759,21897,705,0.11479419999977836
24760,411.00375819869612,278513034136,1,8.1349983811378479,8.112,8.146176,1.7917,16582,0.001024,3.27168,,0.04224,0.153856,0,0.1344,0.0076799999999999993,0.0097279999999999988,,0.003584,,2.1396479999999998,24760,21898,705,0.12292159999969954
24761,411.01186879960318,278513115256,1,8.1106005236506462,7.9774,8.101632,1.8379,15899,0.001024,3.243264,,0.03968,0.159488,0,0.139008,0.007424,0.010752,,0.005632,,1.7471999999999999,24761,21899,705,0.131171699999868
24762,411.01942760062354,278513195030,1,7.5588012114167213,8.1389,8.098048,1.8178,16589,0.001024,3.1009279999999997,,0.040959999999999996,0.152064,0,0.132352,0.007424,0.009216,,0.005376,,2.078976,24762,21900,705,0.13849919999984195
24763,411.02735210459184,278513276419,1,7.9245036467909813,8.1736,7.547392,1.7051,15899,0.001024,3.241472,,0.0384,0.160768,0,0.141824,0.006656,0.009984,,0.004352,,1.9397119999999999,24763,21901,705,0.14676699999972698
24764,411.03546580215419,278513358155,1,8.1136971712112427,8.1983,7.908352,1.8383,16387,0.001024,3.2906239999999998,,0.044031999999999995,0.155904,0,0.136192,0.004352,0.009472,,0.0051199999999999996,,1.9394559999999998,24764,21902,705,0.15472929999987173
24765,411.04346789965984,278513440138,1,8.0020977184176445,7.3684,8.081664,2.0455,15899,0.001024,3.232512,,0.03968,0.156672,0.000256,0.13747199999999998,0.007424,0.009984,,0.0051199999999999996,,2.1568,24765,21903,705,0.16300550000005387
24766,411.05179209892287,278513513822,1,8.3241993561387062,7.9842,7.992064,1.8453,16387,0.001024,3.2936959999999997,,0.040192,0.15744,0,0.13312,0.007936,0.0097279999999999988,,0.0038399999999999997,,1.74592,24766,21904,705,0.17109189999973751
24767,411.05955600198411,278513593664,1,7.763903122395277,8.2506,8.308736,2.2194,15899,0.001024,3.236608,,0.039424,0.16255999999999998,0.000256,0.14310399999999998,0.004096,0.009984,,0.003584,,2.215168,24767,21905,705,0.17880620000005365
24768,411.06760030470519,278513676170,1,8.0443024635314941,8.1763,7.74272,2.0152,16387,0.001024,3.23584,,0.037632,0.155136,0,0.135424,0.007424,0.009472,,0.004352,,1.750016,24768,21906,705,0.1872601999998551
24769,411.07539340277776,278513757933,1,7.793098222464323,8.1123,8.016384,1.997,22533,0.001024,3.174912,,0.037888,0.16025599999999998,0.000256,0.140288,0.003328,0.0097279999999999988,,0.003584,,2.0738559999999997,24769,21907,705,0.19453389999989668
24770,411.08322509920635,278513839056,1,7.8316964209079742,7.7215,7.768064,2.0438,16387,0.0012799999999999999,3.237888,,0.038911999999999995,0.149504,0.000256,0.131072,0.0084479999999999989,0.010239999999999999,,0.004352,,2.104576,24770,21908,705,0.20268299999997907
24771,411.09160620039682,278513916271,1,8.3811013028025627,8.2551,7.813888,1.7993,51041,0.001024,3.193088,,0.041215999999999996,0.157184,0,0.137728,0.006656,0.0097279999999999988,,0.004352,,1.93536,24771,21909,705,0.21133269999972981
24772,411.09959690334466,278513998822,1,7.9907029867172241,7.5126,8.363776,2.2303,46535,0.001024,3.233024,,0.040959999999999996,0.15334399999999998,0.000256,0.133888,0.0076799999999999993,0.0097279999999999988,,0.0048639999999999994,,2.111488,24772,21910,705,0.218936599999779
24773,411.10777360402494,278514073948,1,8.17670114338398,7.8257,7.96544,2.0124,15899,0.001024,3.3003519999999997,,0.03584,0.164352,0,0.14438399999999998,0.008192,0.0097279999999999988,,0.004352,,1.744896,24773,21911,705,0.22695239999984551
24774,411.1153429988662,278514152205,1,7.5693950057029724,8.8766,8.165376,1.7867,16589,0.001024,3.230976,,0.038911999999999995,0.16588799999999998,0,0.144896,0.008192,0.009472,,0.005376,,2.40896,24774,21912,705,0.23456959999975879
24775,411.12325420209748,278514240971,1,7.9112034291028976,7.7136,7.547648,1.7666,15899,0.001024,3.272448,,0.03712,0.16255999999999998,0.000256,0.14310399999999998,0.0076799999999999993,0.009984,,0.004352,,1.91488,24775,21913,705,0.24244769999995697
24776,411.1312197987528,278514318107,1,7.96559639275074,7.987,7.890432,1.8293,16387,0.001024,3.2363519999999997,,0.03584,0.158464,0,0.13849599999999998,0.008192,0.009984,,0.0038399999999999997,,1.9330559999999999,24776,21914,705,0.25036899999986417
24777,411.13907550311791,278514397977,1,7.855704054236412,7.64,7.95392,1.8804,15899,0.001024,3.272704,,0.041215999999999996,0.150784,0.000256,0.130816,0.007168,0.0084479999999999989,,0.005632,,1.74592,24777,21915,705,0.2581900999998652
24778,411.14719270124715,278514474377,1,8.1171980127692223,7.8729,7.834112,1.8477,33958,0.001024,3.2345599999999997,,0.037376,0.161792,0,0.141568,0.003584,0.0097279999999999988,,0.005376,,1.93408,24778,21916,705,0.26721219999990353
24779,411.1551841057256,278514553106,1,7.99140427261591,7.9451,8.088832,1.7456,30479,0.0012799999999999999,3.2931839999999997,,0.037888,0.154112,0,0.134912,0.003072,0.010496,,0.0038399999999999997,,2.149632,24779,21917,705,0.274322299999767
24780,411.16320570436505,278514632557,1,8.021598681807518,7.787,7.966976,2.0438,16387,0.001024,3.18464,,0.03968,0.15616,0,0.13644799999999999,0.0076799999999999993,0.010752,,0.0051199999999999996,,1.749248,24780,21918,705,0.2823366999996324
24781,411.17107059948978,278514710427,1,7.8648952767252922,9.009,8.011264,1.7659,15899,0.001024,3.2780799999999997,,0.039168,0.161792,0,0.142848,0.007424,0.009984,,0.004352,,2.185216,24781,21919,705,0.29027869999981704
24782,411.17899340277773,278514800517,1,7.9228030517697334,7.1312,7.836928,1.7343,16439,0.001024,3.2913919999999997,,0.039168,0.16153599999999999,0.000256,0.142848,0.007424,0.009984,,0.004352,,2.056704,24782,21920,705,0.29811219999965033
24783,411.18715390447846,278514871829,1,8.1605017185211182,8.0392,7.917056,1.8479,15899,0.001024,3.172096,,0.041728,0.16358399999999998,0.000256,0.14336,0.0076799999999999993,0.0097279999999999988,,0.005632,,2.112768,24783,21921,705,0.30626669999992373
24784,411.19524270124714,278514952221,1,8.0887963995337486,7.8583,8.14208,1.9197,33958,0.001024,3.294464,,0.043008,0.152064,0,0.132608,0.007424,0.009984,,0.005632,,1.949952,24784,21922,705,0.31477889999996478
24785,411.20299649943308,278515030804,1,7.7537982724606991,7.9109,8.071424,1.7371,30284,0.001024,3.2762879999999996,,0.041728,0.161024,0.000256,0.141312,0.0076799999999999993,0.0097279999999999988,,0.004096,,2.248704,24785,21923,705,0.322195599999759
24786,411.2113093041383,278515109913,1,8.3128046244382858,8.1432,7.724032,1.8689,22171,0.001024,3.1825919999999996,,0.033535999999999996,0.16383999999999999,0,0.144896,0.0076799999999999993,0.010239999999999999,,0.0048639999999999994,,2.190336,24786,21924,705,0.330477499999688
24787,411.21927599914966,278515191345,1,7.9666953533887863,8.4478,8.290816,1.7523,16246,0.001024,3.2954879999999998,,0.041984,0.159744,0,0.140544,0.007424,0.011007999999999999,,0.005376,,1.747968,24787,21925,705,0.33839050000005955
24788,411.22694289965983,278515275823,1,7.6669002883136272,7.4514,7.958016,1.7931,33958,0.001024,3.235328,,0.038911999999999995,0.158976,0.000256,0.140288,0.003584,0.009984,,0.003328,,2.044928,24788,21926,705,0.346177699999771
24789,411.23500480442175,278515350337,1,8.0619044601917267,8.3273,7.636736,1.7339,30350,0.001024,3.27168,,0.040192,0.155904,0,0.13516799999999998,0.0076799999999999993,0.010239999999999999,,0.0048639999999999994,,1.938176,24789,21927,705,0.354510399999981
24790,411.24308770549885,278515433610,1,8.0829011276364326,7.9031,8.045312,1.7941,16387,0.001024,3.188224,,0.039168,0.158976,0.000256,0.137728,0.0076799999999999993,0.009984,,0.0048639999999999994,,2.099712,24790,21928,705,0.36226529999976265
24791,411.2509257015306,278515512641,1,7.8379958868026733,7.6296,8.04736,1.9324,51041,0.001024,3.185664,,0.040704,0.153088,0.000256,0.13312,0.008192,0.009472,,0.005632,,1.746688,24791,21929,705,0.37069479999991017
24792,411.25885220379814,278515588937,1,7.9265022650361061,8.4361,7.836416,1.8431,180293,0.001024,3.174144,,0.03968,0.159488,0,0.140032,0.007936,0.0097279999999999988,,0.004096,,2.1439999999999997,24792,21930,705,0.37935749999996915
24793,411.26719720096372,278515673298,1,8.3449967205524445,7.8189,7.906048,1.95,86183,0.001024,3.174144,,0.03968,0.159488,0,0.140032,0.007936,0.0097279999999999988,,0.004096,,2.1439999999999997,24793,21931,705,0.38734290000002147
24794,411.27507920209752,278515751487,1,7.8820008784532547,8.0977,8.329216,1.8772,78061,0.006144,3.270656,,0.039936,0.165376,0.000256,0.14540799999999998,0.006144,0.002304,,0.011007999999999999,,2.0241919999999998,24794,21932,705,0.39429100000006656
24795,411.28308870464849,278515832464,1,8.0095026642084122,8.4599,7.862528,2.2361,15899,0.001024,3.233536,,0.038911999999999995,0.15616,0,0.13747199999999998,0.0076799999999999993,0.010239999999999999,,0.005376,,2.066432,24795,21933,705,0.40244039999970482
24796,411.29099840561224,278515917063,1,7.9097012057900429,8.3699,7.994368,1.8663,16387,0.001024,3.235328,,0.039168,0.157184,0,0.137728,0.007936,0.010496,,0.004608,,1.9261439999999999,24796,21934,705,0.41013870000006136
24797,411.29888610402492,278516000762,1,7.8876987099647522,7.0958,7.883776,1.9329,15899,0.001024,3.1728639999999997,,0.038911999999999995,0.153088,0,0.133376,0.004352,0.009216,,0.005632,,2.078976,24797,21935,705,0.41809349999994083
24798,411.30682110260767,278516071720,1,7.9349987208843231,8.1063,7.86688,1.9866,16582,0.001024,3.3016319999999997,,0.040704,0.159744,0,0.140288,0.0076799999999999993,0.009472,,0.004352,,1.7487359999999998,24798,21936,705,0.42597899999964284
24799,411.31493990221088,278516152783,1,8.11879988759756,7.7234,7.92192,1.741,16101,0.0012799999999999999,3.2478719999999996,,0.040448,0.164352,0,0.145664,0.007424,0.010239999999999999,,0.004608,,2.008064,24799,21937,705,0.43408329999965645
24800,411.32312769982991,278516230017,1,8.1877978518605232,7.9528,8.09344,1.8293,16387,0.001024,3.1866879999999997,,0.041215999999999996,0.16025599999999998,0,0.140544,0.0097279999999999988,0.0097279999999999988,,0.0051199999999999996,,2.055936,24800,21938,705,0.44228649999968184
24801,411.33124019982989,278516309545,1,8.1125004217028618,7.8768,8.176128,1.8636,15899,0.001024,3.291648,,0.040448,0.16127999999999998,0,0.141824,0.007168,0.009472,,0.005888,,2.186496,24801,21939,705,0.45041779999974096
24802,411.33907599914966,278516388313,1,7.8357988968491554,8.0671,7.9296,1.8379,16387,0.001024,3.231744,,0.039168,0.164352,0.000256,0.14540799999999998,0.008704,0.009472,,0.005376,,2.278912,24802,21940,705,0.4584338999998181
24803,411.347034502551,278516468984,1,7.9585034400224686,8.2811,7.805696,1.7759,15899,0.0012799999999999999,3.233536,,0.041728,0.161792,0,0.14207999999999998,0.004608,0.0097279999999999988,,0.0051199999999999996,,1.9325439999999998,24803,21941,705,0.46622019999995246
24804,411.35489280045351,278516551795,1,7.8582977876067162,8.0938,7.945984,1.848,16387,0.001024,3.268096,,0.034816,0.154112,0,0.13516799999999998,0.0076799999999999993,0.010496,,0.0048639999999999994,,2.08384,24804,21942,705,0.47411549999969793
24805,411.3628410005669,278516632733,1,7.9482002183794975,8.0455,7.771136,1.8393,33470,0.001024,3.300608,,0.041471999999999995,0.164608,0.000256,0.145152,0.0076799999999999993,0.010239999999999999,,0.0048639999999999994,,1.749504,24805,21943,705,0.4820107000000462
24806,411.37047940051019,278516713188,1,7.6383999548852444,7.7548,7.993344,1.7812,30772,0.001024,3.178752,,0.044031999999999995,0.15616,0,0.136704,0.007936,0.009472,,0.004096,,2.08384,24806,21944,705,0.48971149999988484
24807,411.37857830215415,278516790736,1,8.0989012494683266,7.9218,7.60832,1.8508,15899,0.001024,3.2337919999999998,,0.03968,0.163072,0,0.144128,0.0076799999999999993,0.010239999999999999,,0.005376,,1.9310079999999998,24807,21945,705,0.49775460000000749
24808,411.38639220521543,278516869954,1,7.8139035031199455,7.8252,8.093184,1.9,16439,0.001024,3.172608,,0.041215999999999996,0.155392,0,0.13516799999999998,0.0076799999999999993,0.009984,,0.0051199999999999996,,2.027776,24808,21946,705,0.50552679999964312
24809,411.3943901998299,278516948206,1,7.9979943111538887,7.774,7.78112,1.9444,15899,0.0012799999999999999,3.1994879999999997,,0.045312,0.155392,0.000256,0.13696,0.0076799999999999993,0.009216,,0.005376,,2.049536,24809,21947,705,0.51349979999986317
24810,411.40252320011336,278517025946,1,8.1330006942152977,8.0056,7.983616,1.7258,16387,0.0012799999999999999,3.2785919999999997,,0.037376,0.15462399999999998,0,0.13516799999999998,0.007424,0.010496,,0.004352,,1.925376,24810,21948,705,0.52169309999999314
24811,411.41055490362811,278517106002,1,8.0317035317420959,7.8059,8.110848,1.7497,15899,0.001024,3.232256,,0.040704,0.155136,0,0.135424,0.007424,0.010239999999999999,,0.004608,,2.327552,24811,21949,705,0.52966979999973773
24812,411.41813309948981,278517184061,1,7.5781960040330887,7.9567,8.01664,1.7998,16589,0.001024,3.2327679999999996,,0.040959999999999996,0.158208,0,0.133888,0.0076799999999999993,0.00896,,0.004352,,1.7469439999999998,24812,21950,705,0.53725459999986924
24813,411.42610700113374,278517263628,1,7.9739019274711609,8.1448,7.549952,1.7918,15899,0.001024,3.102208,,0.039424,0.158976,0,0.139008,0.007936,0.009984,,0.004608,,2.035456,24813,21951,705,0.54546099999970465
24814,411.43399540107708,278517345076,1,7.8883999958634377,8.0203,7.96672,1.8278,16387,0.001024,3.2714239999999997,,0.036608,0.158976,0.000256,0.138752,0.007424,0.009984,,0.005376,,1.93664,24814,21952,705,0.55308869999998933
24815,411.441785600907,278517425279,1,7.79019994661212,7.6031,7.858944,1.8699,15899,0.001024,3.2737279999999997,,0.043775999999999995,0.158464,0,0.138752,0.0076799999999999993,0.009472,,0.004352,,1.932288,24815,21953,705,0.56101459999990766
24816,411.44996960034013,278517501310,1,8.1839989870786667,8.1833,7.778048,1.8391,16387,0.001024,3.174912,,0.038144,0.15462399999999998,0,0.13516799999999998,0.0076799999999999993,0.009984,,0.0048639999999999994,,2.1941759999999997,24816,21954,705,0.5690455999997539
24817,411.45823900226753,278517583143,1,8.26940219849348,7.6478,8.162048,1.8729,16094,0.001024,3.297536,,0.041984,0.150272,0,0.130816,0.00896,0.010496,,0.0051199999999999996,,1.7518079999999998,24817,21955,705,0.577644799999689
24818,411.4661262046485,278517659621,1,7.8872023150324821,7.9126,8.247808,1.7667,16387,0.001024,3.228928,,0.037632,0.157184,0,0.13849599999999998,0.007936,0.010239999999999999,,0.004608,,2.523136,24818,21956,705,0.5854218999998011
24819,411.47416330073696,278517738747,1,8.03709588944912,8.0559,,1.8077,15899,0.001024,3.228928,,0.037632,0.157184,0,0.13849599999999998,0.007936,0.010239999999999999,,0.004608,,2.523136,24819,21957,705,0.59329359999992448
24820,411.48685500283443,278517819306,1,12.691701762378216,8.5016,8.020992,8.5016,16387,0.0012799999999999999,3.194368,,0.040704,0.153856,0,0.133888,0.0076799999999999993,0.010752,,0.0051199999999999996,,2.197504,24820,21958,705,0.606329100000039
24821,411.49467130102039,278517904322,1,7.8162979334592819,7.8359,7.82464,1.6061,16387,0.001024,3.193856,,0.039424,0.16153599999999999,0,0.14310399999999998,0.004096,0.010239999999999999,,0.004608,,2.011904,24821,21959,705,0.61384950000001481
24822,411.50265400368477,278517982681,1,7.9827029258012772,7.8683,7.793408,1.8522,15899,0.001024,3.17696,,0.037888,0.16025599999999998,0,0.138752,0.008704,0.0076799999999999993,,0.005376,,1.9343359999999998,24822,21960,705,0.622198699999899
24823,411.51087650226754,278518061364,1,8.222498930990696,13.0359,7.962112,1.6897,16387,0.001024,3.2852479999999997,,0.03584,0.15462399999999998,0,0.136192,0.007424,0.011007999999999999,,0.004352,,2.055168,24823,21961,705,0.63004559999990306
24824,411.51859090136054,278518191723,1,7.7143991366028786,7.519,8.205824,1.6936,16101,0.0012799999999999999,3.177984,,0.041984,0.15616,0.000256,0.13644799999999999,0.009216,0.010239999999999999,,0.003072,,1.747712,24824,21962,705,0.637931799999933
24825,411.52668880385488,278518266913,1,8.0979028716683388,8.2662,7.67232,1.8232,16387,0.001024,3.099904,,0.039936,0.157184,0,0.13824,0.0076799999999999993,0.012288,,0.0025599999999999998,,2.0288,24825,21963,705,0.64605200000005425
24826,411.534922002551,278518349575,1,8.2331988960504532,7.9582,8.07552,1.944,15899,0.001024,3.236608,,0.045056,0.146944,0,0.127488,0.009472,0.011776,,0.002816,,1.9276799999999998,24826,21964,705,0.65420559999984107
24827,411.54256020408161,278518429157,1,7.6382015831768513,7.8153,8.219648,2.019,16387,0.0012799999999999999,3.1795199999999997,,0.035072,0.148736,0,0.131072,0.005376,0.002304,,0.021759999999999998,,2.2563839999999997,24827,21965,705,0.661997700000029
24828,411.550420103458,278518507310,1,7.8598996624350548,8.147,7.614208,1.9728,15899,0.001024,3.106816,,0.040192,0.162816,0,0.14336,0.003584,0.0097279999999999988,,0.005376,,1.747456,24828,21966,705,0.669565700000021
24829,411.55834420351471,278518588780,1,7.9241003841161728,8.1652,7.849728,1.9597,16387,0.001024,3.09504,,0.03968,0.162816,0.000256,0.14079999999999998,0.0038399999999999997,0.009472,,0.0038399999999999997,,1.920256,24829,21967,705,0.67753149999998641
24830,411.56618900226755,278518670432,1,7.8447991982102394,7.8256,7.909888,1.816,15899,0.001024,3.29216,,0.040959999999999996,0.151808,0.000256,0.132352,0.003584,0.009984,,0.004608,,2.107392,24830,21968,705,0.68573010000000068
24831,411.57438680555555,278518748688,1,8.1978030502796173,7.5556,7.817984,2.0592,16387,0.001024,3.099392,,0.040704,0.15103999999999998,0,0.131584,0.003328,0.009472,,0.0038399999999999997,,1.918464,24831,21969,705,0.693812799999705
24832,411.58227030187072,278518824244,1,7.8834965825080872,7.9183,8.155904,1.8248,22533,0.001024,3.181568,,0.039168,0.165376,0,0.128768,0.007936,0.009984,,0.0038399999999999997,,2.202112,24832,21970,705,0.70156489999999394
24833,411.590211699263,278518903427,1,7.9413978382945061,8.242,7.887104,1.734,16439,0.001024,3.2755199999999998,,0.043775999999999995,0.14976,0,0.13055999999999998,0.007424,0.010239999999999999,,0.005376,,1.935104,24833,21971,705,0.709424399999989
24834,411.59835130385488,278518985847,1,8.1396047025918961,7.8392,7.92192,1.8262,15899,0.001024,3.233536,,0.048128,0.153856,0,0.13286399999999998,0.0076799999999999993,0.009472,,0.005376,,2.115072,24834,21972,705,0.71791529999973136
24835,411.60623129960317,278519064239,1,7.8799957409501076,7.9936,8.11776,1.9397,16387,0.001024,3.474176,,0.041728,0.150272,0,0.130816,0.0076799999999999993,0.010752,,0.005376,,1.750784,24835,21973,705,0.7255301000000145
24836,411.61414970238093,278519144175,1,7.9184025526046753,7.8786,7.866112,1.7697,16296,0.001024,3.1959039999999996,,0.035328,0.15564799999999998,0,0.136704,0.009984,0.000256,,0.022528,,2.016256,24836,21974,705,0.7335997000000134
24837,411.62256259920633,278519222961,1,8.4128966554999352,8.4726,7.88608,1.8341,16387,0.001024,3.2931839999999997,,0.039424,0.15872,0.000256,0.140288,0.008704,0.009984,,0.004352,,2.0520959999999997,24837,21975,705,0.742150699999911
24838,411.63045060232423,278519307687,1,7.8880032524466515,7.608,8.400128,1.8097,15899,0.006144,3.2962559999999996,,0.040704,0.15564799999999998,0,0.136704,0.0076799999999999993,0.010496,,0.005888,,2.070272,24838,21976,705,0.74959300000000439
24839,411.63815830498862,278519383767,1,7.707702461630106,8.0718,7.863296,1.9376,16387,0.001024,3.294464,,0.035072,0.15001599999999998,0,0.132096,0.003584,0.009984,,0.0048639999999999994,,2.182144,24839,21977,705,0.75732389999984662
24840,411.64596920351471,278519464485,1,7.8108985908329487,8.5826,7.684608,1.7492,15899,0.001024,3.103488,,0.040959999999999996,0.15564799999999998,0,0.136192,0.007424,0.007936,,0.005632,,1.915392,24840,21978,705,0.76578479999989213
24841,411.65401580215416,278519550311,1,8.0465991050004959,7.4114,7.801088,1.8004,16387,0.001024,3.23072,,0.039424,0.157696,0,0.13952,0.010239999999999999,0.009472,,0.005376,,2.098176,24841,21979,705,0.77360719999978755
24842,411.66222300170068,278519624425,1,8.2071991637349129,7.7438,8.022272,2.1442,15899,0.0012799999999999999,3.288064,,0.039168,0.153856,0,0.130304,0.008192,0.0097279999999999988,,0.004096,,1.749248,24842,21980,705,0.78171259999999165
24843,411.66972470238096,278519701863,1,7.5017008930444717,8.3349,8.178688,2.0083,16387,0.001024,3.2737279999999997,,0.043008,0.173312,0,0.13286399999999998,0.007936,0.009472,,0.004352,,2.077184,24843,21981,705,0.7890425000000505
24844,411.67774019982994,278519785212,1,8.015497587621212,7.958,7.473664,1.7741,15899,0.001024,3.18336,,0.0384,0.15231999999999998,0,0.1344,0.007936,0.00896,,0.006144,,1.933312,24844,21982,705,0.7970338999998603
24845,411.68595170068028,278519864792,1,8.2115009427070618,7.8895,8.000512,1.9633,16387,0.001024,3.2750079999999997,,0.043264,0.1536,0,0.134912,0.0076799999999999993,0.0097279999999999988,,0.004608,,1.93408,24845,21983,705,0.80515289999993911
24846,411.69388039965986,278519943687,1,7.928699254989624,7.5545,8.194048,1.7477,15899,0.001024,3.179264,,0.036351999999999995,0.157696,0.000256,0.138752,0.009984,0.010239999999999999,,0.003584,,2.214912,24846,21984,705,0.81298960000003717
24847,411.70218970379818,278520019232,1,8.3093037828803062,7.9584,7.907072,1.8733,16387,0.001024,3.2919039999999997,,0.037632,0.15462399999999998,0,0.13516799999999998,0.0076799999999999993,0.010752,,0.004096,,1.908224,24847,21985,705,0.82162990000006175
24848,411.70989000141719,278520098816,1,7.7002975158393383,8.1302,8.300544,1.7581,15899,0.001024,3.274752,,0.039424,0.158976,0,0.13952,0.007424,0.010239999999999999,,0.004096,,2.3744,24848,21986,705,0.82913239999970756
24849,411.7177942035147,278520180118,1,7.9042017459869385,7.8313,7.474688,1.7382,16589,0.0012799999999999999,3.1057919999999997,,0.040704,0.154112,0,0.13414399999999999,0.007424,0.009984,,0.0048639999999999994,,1.748224,24849,21987,705,0.83691490000001068
24850,411.7257225056689,278520258431,1,7.9283025115728378,8.4557,7.890176,1.8317,15899,0.001024,3.279104,,0.039168,0.15692799999999998,0,0.13747199999999998,0.007424,0.009984,,0.004096,,2.0254719999999997,24850,21988,705,0.84484919999977137
24851,411.73362710459185,278520342988,1,7.9045984894037247,7.6818,7.912192,1.8866,16387,0.0012799999999999999,3.232512,,0.040704,0.1536,0,0.133888,0.0076799999999999993,0.009216,,0.005632,,1.933568,24851,21989,705,0.85275419999970836
24852,411.74182859977321,278520419806,1,8.2014948129653931,7.8107,7.890432,1.7597,15899,0.0012799999999999999,3.289344,,0.041984,0.15616,0.000256,0.134656,0.0038399999999999997,0.011264,,0.004608,,1.9361279999999998,24852,21990,705,0.86106729999983145
24853,411.7496839994331,278520497913,1,7.8553995117545128,7.9107,8.188672,1.9425,16387,0.001024,3.231232,,0.041984,0.15923199999999998,0,0.139264,0.007424,0.0097279999999999988,,0.005376,,2.191616,24853,21991,705,0.86877229999981864
24854,411.75798100198409,278520577020,1,8.297002874314785,7.9231,7.827456,1.8609,15899,0.001024,3.196672,,0.041984,0.15692799999999998,0,0.136192,0.0076799999999999993,0.010239999999999999,,0.0038399999999999997,,1.7436159999999998,24854,21992,705,0.877556999999797
24855,411.76627700538546,278520656251,1,8.2960035651922226,8.3021,8.28544,1.7639,16582,0.001024,3.2750079999999997,,0.03584,0.154112,0,0.13312,0.007424,0.0097279999999999988,,0.003584,,2.500864,24855,21993,705,0.88546389999964958
24856,411.77434720096369,278520739272,1,8.0701960250735283,7.7278,7.952128,2.1111,15899,0.001024,3.272192,,0.03968,0.158208,0,0.137728,0.007424,0.0076799999999999993,,0.0076799999999999993,,2.111488,24856,21994,705,0.89341039999999339
24857,411.78220590277778,278520816550,1,7.8587019816040993,8.6509,8.04096,1.7932,16387,0.001024,3.2816639999999997,,0.039936,0.164352,0.000256,0.146432,0.0076799999999999993,0.010239999999999999,,0.0038399999999999997,,2.18112,24857,21995,705,0.90129149999984293
24858,411.79016259920633,278520903059,1,7.9566966742277145,8.0372,7.844096,1.6783,21683,0.001024,3.287552,,0.042752,0.156672,0,0.136704,0.007936,0.009472,,0.005376,,1.9297279999999999,24858,21996,705,0.909611600000062
24859,411.79812820294785,278520983431,1,7.965603843331337,7.9353,7.939584,1.7776,16439,0.0012799999999999999,3.170816,,0.039424,0.15462399999999998,0,0.13568,0.006912,0.009984,,0.004608,,2.226432,24859,21997,705,0.91730089999964548
24860,411.806245103458,278521062784,1,8.11690092086792,7.9022,7.930368,1.9703,15899,0.001024,3.2962559999999996,,0.041215999999999996,0.15231999999999998,0,0.132096,0.0076799999999999993,0.009472,,0.0038399999999999997,,1.749504,24860,21998,705,0.92535959999986517
24861,411.81398250425167,278521141806,1,7.7374009415507317,8.2593,8.103168,1.9352,16734,0.001024,3.273472,,0.041984,0.158464,0,0.137728,0.007424,0.009984,,0.004352,,2.061568,24861,21999,705,0.933089199999813
24862,411.82220250141722,278521224399,1,8.2199973985552788,7.753,7.727616,1.7551,15899,0.001024,3.2314879999999997,,0.03968,0.162048,0,0.14310399999999998,0.007424,0.010239999999999999,,0.004608,,2.104576,24862,22000,705,0.9413988999999674
24863,411.83006040249433,278521301929,1,7.85790104418993,8.0205,8.201728,1.7914,16387,0.001024,3.176192,,0.0384,0.15616,0.000256,0.13644799999999999,0.007424,0.009216,,0.006144,,1.7469439999999998,24863,22001,705,0.94938169999977617
24864,411.83803260345803,278521382134,1,7.972201332449913,7.7494,7.827712,1.834,15899,0.001024,3.2949759999999997,,0.03968,0.161024,0.000256,0.14207999999999998,0.007424,0.009984,,0.005376,,2.1463039999999998,24864,22002,705,0.95712770000000091
24865,411.84620400368482,278521459628,1,8.1714000552892685,8.2964,7.954176,1.7286,16387,0.001024,3.272192,,0.040959999999999996,0.155136,0,0.135424,0.007936,0.009216,,0.005888,,1.936896,24865,22003,705,0.965334299999995
24866,411.85379660572562,278521542592,1,7.5926021672785282,7.9739,8.155648,1.7492,15899,0.001024,3.2906239999999998,,0.039168,0.157696,0,0.13824,0.007936,0.0097279999999999988,,0.0038399999999999997,,2.3536639999999998,24866,22004,705,0.97296139999980369
24867,411.86178630243762,278521622331,1,7.9896971583366394,7.7587,7.56992,1.9839,16387,0.001024,3.186944,,0.037376,0.152576,0,0.13286399999999998,0.0076799999999999993,0.0097279999999999988,,0.004352,,1.7484799999999998,24867,22005,705,0.980908499999714
24868,411.86942340561222,278521699918,1,7.6371030882000923,8.1568,7.965184,1.7854,15899,0.0012799999999999999,3.276544,,0.040704,0.15334399999999998,0,0.133632,0.007424,0.010239999999999999,,0.005632,,2.021376,24868,22006,705,0.98881529999971463
24869,411.87723990221087,278521781486,1,7.816496305167675,7.669,7.61984,1.7541,16387,0.0012799999999999999,3.296512,,0.039424,0.15872,0,0.140288,0.007424,0.010239999999999999,,0.004352,,1.932288,24869,22007,705,0.99645689999988463
24870,411.88524530187073,278521858176,1,8.0053992569446564,7.9803,7.79392,1.8835,45657,0.001024,3.17696,,0.039936,0.16153599999999999,0.000256,0.141568,0.008192,0.009472,,0.004352,,1.933312,24870,22008,706,0.0031457999998565356
24871,411.89308080357142,278521937979,1,7.8355018049478531,7.8814,7.999232,1.8188,16387,0.001024,3.172608,,0.035328,0.153088,0,0.13312,0.0038399999999999997,0.009984,,0.004608,,2.09408,24871,22009,706,0.010217999999895255
24872,411.90067840136055,278522016793,1,7.5975977815687656,7.6279,7.804672,0.492,15899,0.001024,3.2384,,0.035584,0.155136,0.000256,0.13568,0.006656,0.012032,,0.004096,,1.7489919999999999,24872,22010,706,0.017956400000002759
24873,411.90892920209751,278522093072,1,8.2508008927106857,8.71,0.035072,1.7213,16387,0.001024,3.094528,,0.039424,0.15488,0,0.13568,0.007424,0.010239999999999999,,0.0048639999999999994,,1.931776,24873,22011,706,0.026063700000122481
24874,411.9170375,278522180172,1,8.1082982942461967,7.0838,8.233472,2.0414,16296,0.001024,3.1692799999999997,,0.039424,0.16025599999999998,0.000256,0.140288,0.008192,0.001792,,0.012032,,2.547456,24874,22012,706,0.034498699999858218
24875,411.92524750566889,278522251010,1,8.21000523865223,7.7168,8.09088,1.8605,16387,0.001024,3.179008,,0.041215999999999996,0.152832,0,0.133376,0.007424,0.0097279999999999988,,0.0038399999999999997,,1.7505279999999999,24875,22013,706,0.042318799999975454
24876,411.932724199263,278522328178,1,7.4766934849321842,8.1045,8.200448,1.9555,15899,0.001024,3.2949759999999997,,0.035584,0.16768,0,0.149504,0.003584,0.0097279999999999988,,0.005376,,2.19008,24876,22014,706,0.05007549999982075
24877,411.94092509920631,278522409223,1,8.2008996978402138,8.417,7.452416,1.7633,16387,0.001024,3.098112,,0.041471999999999995,0.158976,0,0.139264,0.007424,0.00896,,0.004608,,1.9159039999999998,24877,22015,706,0.058093000000098982
24878,411.94871470379815,278522493393,1,7.7896043658256531,7.8714,8.180992,1.8417,18448,0.001024,3.288576,,0.040448,0.156416,0,0.13644799999999999,0.007424,0.0097279999999999988,,0.004608,,2.026496,24878,22016,706,0.066107499999816355
24879,411.95655940334467,278522572107,1,7.8446995466947556,7.7282,7.744512,1.8945,16387,0.001024,3.24224,,0.04224,0.158208,0,0.13824,0.007936,0.009472,,0.0038399999999999997,,1.7484799999999998,24879,22017,706,0.07365799999979572
24880,411.96437720379816,278522649389,1,7.8178001567721367,8.0057,7.857664,1.6986,15899,0.001024,3.18592,,0.03712,0.15488,0,0.135936,0.009216,0.010239999999999999,,0.0051199999999999996,,2.038272,24880,22018,706,0.081507700000202021
24881,411.97256879960315,278522729446,1,8.1915957853198051,8.0086,7.799552,1.7697,16387,0.0012799999999999999,3.1728639999999997,,0.039168,0.156672,0,0.13644799999999999,0.007424,0.009472,,0.004352,,1.93408,24881,22019,706,0.089851799999905779
24882,411.98070410289114,278522809532,1,8.1353029236197472,7.5897,8.16768,1.8154,15899,0.001024,3.292416,,0.039936,0.16486399999999998,0,0.144896,0.007936,0.009984,,0.0048639999999999994,,1.751296,24882,22020,706,0.0983817999999701
24883,411.98919580498864,278522885429,1,8.4917023777961731,7.8155,8.109312,1.8149,16387,0.0012799999999999999,3.2381439999999997,,0.039168,0.340736,0,0.13568,0.009216,0.010496,,0.005376,,2.09152,24883,22021,706,0.10631069999999454
24884,411.997445103458,278522963584,1,8.249298669397831,8.3074,8.47232,1.9815,15899,0.001024,3.277312,,0.037376,0.152832,0,0.132608,0.007424,0.009984,,0.0048639999999999994,,2.1294079999999997,24884,22022,706,0.11495920000015758
24885,412.00543139880949,278523046658,1,7.9862950369715691,8.5708,8.238848,1.7979,16439,0.001024,3.2832,,0.041215999999999996,0.156416,0,0.13696,0.007424,0.010496,,0.003584,,2.0623359999999997,24885,22023,706,0.12261699999999109
24886,412.01363110119047,278523132366,1,8.1997020170092583,7.9516,7.963904,1.8763,16101,0.001024,3.10528,,0.041471999999999995,0.166656,0,0.146944,0.008704,0.009472,,0.005888,,1.944064,24886,22024,706,0.1307240000001002
24887,412.02143390022673,278523211882,1,7.8027988784015179,8.6216,8.186368,1.6977,16387,0.001024,3.234048,,0.041471999999999995,0.151552,0.000256,0.130816,0.007424,0.0097279999999999988,,0.0051199999999999996,,2.292736,24887,22025,706,0.13859619999993811
24888,412.02990210459183,278523298098,1,8.46820417791605,7.6779,7.78752,1.775,16462,0.001024,3.27168,,0.041471999999999995,0.156416,0.000256,0.136704,0.007424,0.010752,,0.0051199999999999996,,1.9330559999999999,24888,22026,706,0.1471534000002066
24889,412.03767080498864,278523374877,1,7.7687003649771214,8.1043,8.37632,1.7339,50638,0.001024,3.2919039999999997,,0.040704,0.155136,0,0.135424,0.0076799999999999993,0.010496,,0.004352,,2.2128639999999997,24889,22027,706,0.15474619999986317
24890,412.0455352040816,278523455920,1,7.8643988817930222,7.8258,7.813632,1.8413,15899,0.001024,3.236096,,0.041215999999999996,0.156672,0,0.137216,0.007424,0.009472,,0.0048639999999999994,,1.935616,24890,22028,706,0.16280039999992368
24891,412.05376720521542,278523534178,1,8.2320012152194977,8.5532,7.843328,1.7724,16387,0.001024,3.174912,,0.04224,0.158208,0,0.137984,0.010496,0.0097279999999999988,,0.0038399999999999997,,2.12352,24891,22029,706,0.17183909999994285
24892,412.06208070436509,278523619710,1,8.313499391078949,7.6665,8.214016,1.9816,15899,0.001024,3.302656,,0.038911999999999995,0.16025599999999998,0.000256,0.140544,0.008192,0.010496,,0.0038399999999999997,,1.747968,24892,22030,706,0.17957250000017666
24893,412.06982000425171,278523696375,1,7.7392999082803726,7.9627,8.30464,2.2052,16582,0.001024,3.277312,,0.035584,0.155392,0,0.135424,0.007424,0.011519999999999999,,0.0051199999999999996,,2.082816,24893,22031,706,0.18730270000014571
24894,412.07775449971655,278523776002,1,7.9344958066940308,9.0627,7.698944,1.9672,15899,0.001024,3.173888,,0.28953599999999996,0.164608,0,0.145664,0.008192,0.009984,,0.0051199999999999996,,1.9358719999999998,24894,22032,706,0.19543659999999363
24895,412.08558730158728,278523866629,1,7.8328019008040428,7.5457,7.917824,2.0583,23021,0.001024,3.268608,,0.035584,0.15923199999999998,0.000256,0.139264,0.0076799999999999993,0.009472,,0.0048639999999999994,,1.916672,24895,22033,706,0.20293270000001939
24896,412.09387640306119,278523942086,1,8.2891015335917473,7.9497,7.819264,2.3606,15899,0.001024,3.2399359999999997,,0.038911999999999995,0.164096,0,0.14540799999999998,0.0076799999999999993,0.010239999999999999,,0.005376,,2.136832,24896,22034,706,0.21123489999990852
24897,412.10193180272108,278524021583,1,8.0554001033306122,7.7593,8.261376,2.0022,16387,0.18867199999999998,3.291136,,0.043264,0.156416,0,0.13696,0.007936,0.010496,,0.004608,,1.748224,24897,22035,706,0.21947050000017043
24898,412.10999310515871,278524099176,1,8.0613028258085251,7.8751,8.039424,1.8016,16269,0.001024,3.2337919999999998,,0.043775999999999995,0.154368,0,0.134656,0.007424,0.009984,,0.004096,,2.062848,24898,22036,706,0.22755000000006476
24899,412.11797560232424,278524177927,1,7.9824971035122871,8.2708,8.040192,1.9344,16589,0.001024,3.26912,,0.039936,0.15795199999999998,0,0.13824,0.008704,0.0097279999999999988,,0.005376,,1.752576,24899,22037,706,0.23513950000005934
24900,412.12588669926305,278524260635,1,7.9110972583293915,8.2232,7.962368,2.0045,15899,0.001024,3.299584,,0.038911999999999995,0.155904,0.000256,0.13747199999999998,0.0038399999999999997,0.00896,,0.005376,,2.03776,24900,22038,706,0.24300910000010845
24901,412.13376789965986,278524342867,1,7.8811999410390854,8.098,7.897856,1.8914,16387,0.001024,3.293952,,0.039424,0.15744,0,0.135936,0.007936,0.009472,,0.005888,,1.9463679999999999,24901,22039,706,0.25111389999983658
24902,412.14202170493195,278524423847,1,8.2538053393363953,7.6282,7.85152,1.763,15899,0.001024,3.233536,,0.037376,0.159488,0,0.13977599999999998,0.007936,0.011007999999999999,,0.004352,,1.9243519999999998,24902,22040,706,0.25956120000000737
24903,412.14994640022672,278524500129,1,7.9246954992413521,7.8541,8.236288,1.92,16387,0.001024,3.2936959999999997,,0.040704,0.154112,0.000256,0.133888,0.007424,0.009472,,0.004096,,2.060032,24903,22041,706,0.26764580000008209
24904,412.1582400014172,278524578670,1,8.2936007529497147,8.1097,7.895808,2.002,15899,0.001024,3.0991359999999997,,0.03968,0.166656,0,0.14668799999999999,0.013056,0.0097279999999999988,,0.005376,,1.746176,24904,22042,706,0.27571500000021842
24905,412.16625240221089,278524659767,1,8.0124009400606155,8.4132,8.26752,1.8849,29693,0.001024,3.2906239999999998,,0.040192,0.16127999999999998,0.000256,0.141056,0.0038399999999999997,0.009472,,0.005888,,2.411264,24905,22043,706,0.28360119999979361
24906,412.17419840561223,278524743899,1,7.94600322842598,8.1311,8.002048,2.1685,15899,0.001024,3.272704,,0.039424,0.15334399999999998,0,0.134912,0.0076799999999999993,0.006144,,0.005376,,1.7505279999999999,24906,22044,706,0.29135989999986123
24907,412.18199260204079,278524825210,1,7.7941962517797947,8.0152,7.920896,1.9355,16387,0.001024,3.1843839999999997,,0.039168,0.157696,0,0.139008,0.007936,0.010239999999999999,,0.004096,,2.212096,24907,22045,706,0.29916270000012446
24908,412.18971030328794,278524905362,1,7.7177011407911777,7.9022,7.778816,1.7526,15899,0.001024,3.1782399999999997,,0.040448,0.153088,0,0.133632,0.007424,0.00896,,0.0048639999999999994,,1.9394559999999998,24908,22046,706,0.30690110000023196
24909,412.19783070436506,278524984384,1,8.1204008311033249,7.7546,7.699456,1.8083,16387,0.001024,3.1872,,0.041215999999999996,0.155136,0,0.13516799999999998,0.0051199999999999996,0.009472,,0.004352,,1.933824,24909,22047,706,0.31504390000009153
24910,412.20582779903629,278525061930,1,7.99709465354681,7.8502,8.096768,1.94,15951,0.001024,3.289344,,0.041471999999999995,0.156416,0,0.136704,0.0076799999999999993,0.011007999999999999,,0.004608,,1.7502719999999998,24910,22048,706,0.322930499999984
24911,412.21408270266437,278525140432,1,8.2549033686518669,7.6182,7.972608,1.8234,16734,0.001024,3.277568,,0.040448,0.15564799999999998,0,0.135936,0.003328,0.009472,,0.005632,,2.013696,24911,22049,706,0.33123960000011721
24912,412.2215532029478,278525216614,1,7.4705001898109913,8.2558,8.239616,1.7307,16094,0.001024,3.29472,,0.036608,0.152576,0.000256,0.13414399999999999,0.003328,0.010496,,0.004096,,2.41792,24912,22050,706,0.33870359999991706
24913,412.22939220521539,278525299172,1,7.8390026465058327,7.8746,7.45344,1.8899,22237,0.001024,3.101952,,0.036608,0.16025599999999998,0.000256,0.140032,0.0084479999999999989,0.0097279999999999988,,0.004352,,1.924864,24913,22051,706,0.34655119999979433
24914,412.23750940334463,278525377918,1,8.1171980127692223,8.3144,7.819264,1.8554,21828,0.001024,3.177984,,0.043519999999999996,0.15129599999999999,0,0.13286399999999998,0.007424,0.010239999999999999,,0.004352,,2.19008,24914,22052,706,0.35487409999996089
24915,412.24514379960317,278525461062,1,7.6343961991369724,7.4416,8.109824,1.8441,16387,0.001024,3.279616,,0.041471999999999995,0.15488,0,0.1344,0.0076799999999999993,0.011007999999999999,,0.004352,,1.74976,24915,22053,706,0.36257250000016938
24916,412.25307509920634,278525535478,1,7.93129950761795,7.8768,7.608576,1.8628,15899,0.001024,3.1744,,0.034816,0.158208,0.005376,0.13824,0.003328,0.0025599999999999998,,0.004096,,1.93664,24916,22054,706,0.37019689999988259
24917,412.26117959892287,278525614246,1,8.10449942946434,8.3055,7.9104,1.9077,63829,0.001024,3.2895999999999996,,0.039168,0.169728,0.000256,0.15001599999999998,0.008192,0.0097279999999999988,,0.005376,,2.026496,24917,22055,706,0.37847389999978986
24918,412.26888839994331,278525697301,1,7.7088009566068649,7.7259,8.071936,1.7796,15899,0.001024,3.2386559999999998,,0.039168,0.16,0.000256,0.140288,0.007424,0.011264,,0.0051199999999999996,,1.7471999999999999,24918,22056,706,0.38603809999995065
24919,412.27671740362808,278525774560,1,7.8290039673447609,7.5862,7.697152,1.8612,28245,0.0012799999999999999,3.273984,,0.03968,0.15923199999999998,0,0.140544,0.008192,0.010496,,0.003584,,2.0236799999999997,24919,22057,706,0.39389769999979762
24920,412.2848369047619,278525850422,1,8.1195011734962463,8.283,7.816448,1.7426,15899,0.001024,3.272448,,0.039168,0.164096,0,0.14438399999999998,0.007424,0.010239999999999999,,0.005632,,1.923584,24920,22058,706,0.40216869999994742
24921,412.2929200042517,278525933252,1,8.0830994993448257,7.5612,8.106496,1.7933,16387,0.001024,3.29088,,0.039168,0.16358399999999998,0,0.14207999999999998,0.003328,0.010239999999999999,,0.003328,,2.0889599999999997,24921,22059,706,0.41017389999979059
24922,412.30081339994331,278526008864,1,7.8933956101536751,7.88,8.055552,1.9262,15899,0.001024,3.297024,,0.041728,0.15616,0.000256,0.13696,0.007424,0.009216,,0.004352,,1.952256,24922,22060,706,0.41796209999984058
24923,412.308673901644,278526087664,1,7.8605012968182564,8.2236,7.877632,1.7776,22316,0.0012799999999999999,3.1744,,0.04224,0.155904,0,0.13644799999999999,0.007424,0.008704,,0.006144,,1.93536,24923,22061,706,0.42593720000013491
24924,412.31683360260769,278526169900,1,8.1597007811069489,8.0496,7.844864,1.7669,16246,0.001024,3.231744,,0.038911999999999995,0.157696,0.000256,0.137728,0.0076799999999999993,0.009472,,0.005632,,2.04032,24924,22062,706,0.43398470000011
24925,412.32479469954649,278526250396,1,7.9610971733927727,7.7806,8.144896,1.921,16387,0.001024,3.1861759999999997,,0.039936,0.15872,0.000256,0.13977599999999998,0.007424,0.0097279999999999988,,0.0038399999999999997,,1.750016,24925,22063,706,0.44185830000014903
24926,412.33301950113378,278526328202,1,8.2248011603951454,7.944,7.932672,1.7978,15899,0.001024,3.23968,,0.043775999999999995,0.16025599999999998,0,0.141568,0.0038399999999999997,0.010496,,0.0038399999999999997,,2.197504,24926,22064,706,0.45018979999986186
24927,412.34096280470521,278526407642,1,7.9433033242821693,8.0889,8.2112,1.7487,16387,0.001024,3.19232,,0.041471999999999995,0.157696,0,0.136192,0.007424,0.0097279999999999988,,0.0048639999999999994,,2.219008,24927,22065,706,0.45809490000010555
24928,412.34875080073692,278526488531,1,7.7879959717392921,7.9008,7.924736,1.7865,15899,0.001024,3.1080959999999997,,0.039936,0.15692799999999998,0,0.13824,0.007424,0.009984,,0.004608,,2.200832,24928,22066,706,0.46619849999979124
24929,412.3566285005669,278526567539,1,7.87770003080368,8.2877,7.766016,1.8985,16387,0.001024,3.297536,,0.039424,0.15616,0,0.136704,0.0076799999999999993,0.010752,,0.0048639999999999994,,1.747712,24929,22067,706,0.47369630000002871
24930,412.36471280470522,278526650416,1,8.0843036994338036,7.9353,7.855616,1.9111,15899,0.0012799999999999999,3.214848,,0.039936,0.162048,0,0.14336,0.007936,0.0097279999999999988,,0.0038399999999999997,,2.01856,24930,22068,706,0.48217380000005505
24931,412.37292540391155,278526729769,1,8.2125989720225334,7.9756,8.067072,1.7674,16582,0.001024,3.1879679999999997,,0.041728,0.15923199999999998,0,0.13849599999999998,0.003584,0.010239999999999999,,0.0038399999999999997,,1.923072,24931,22069,706,0.49004199999990306
24932,412.38065300453513,278526809525,1,7.727600634098053,7.632,8.200704,2.0193,15899,0.001024,3.177984,,0.04224,0.155136,0.000256,0.1344,0.007424,0.0097279999999999988,,0.0051199999999999996,,2.182144,24932,22070,706,0.49781480000001466
24933,412.38876960034014,278526885845,1,8.116595447063446,8.1105,7.70432,1.7627,16387,0.001024,3.101184,,0.039424,0.155904,0,0.13414399999999999,0.0076799999999999993,0.009984,,0.005376,,2.1946879999999998,24933,22071,706,0.50599160000001575
24934,412.39663520408163,278526966950,1,7.8656040132045746,8.2295,8.098816,1.9006,15899,0.001024,3.2394239999999996,,0.041984,0.157696,0,0.137984,0.0076799999999999993,0.0097279999999999988,,0.0038399999999999997,,2.132736,24934,22072,706,0.513804700000037
24935,412.40441400226757,278527049245,1,7.77879822999239,7.7446,7.85408,1.7629,16387,0.001024,3.271168,,0.034048,0.156672,0,0.13696,0.011519999999999999,0.010239999999999999,,0.0038399999999999997,,2.048,24935,22073,706,0.52162760000010167
24936,412.41249360119048,278527126691,1,8.0795986577868462,8.2039,7.750912,1.827,15951,0.001024,3.176192,,0.03968,0.166656,0.000256,0.142848,0.0076799999999999993,0.009984,,0.0051199999999999996,,1.74976,24936,22074,706,0.52968039999996108
24937,412.42011910430836,278527208730,1,7.6255029998719692,7.7888,8.056832,1.8184,16589,0.0012799999999999999,3.294208,,0.039168,0.157184,0,0.137984,0.0076799999999999993,0.010496,,0.004352,,2.0864,24937,22075,706,0.53754859999980908
24938,412.42791259920631,278527286618,1,7.7934949658811092,7.8436,7.608064,1.9165,15899,0.001024,3.231744,,0.041728,0.156416,0.000256,0.137216,0.0076799999999999993,0.009984,,0.0038399999999999997,,1.934848,24938,22076,706,0.54513529999985622
24939,412.43617610544214,278527365054,1,8.26350599527359,7.9464,7.771648,2.0525,16387,0.001024,3.269376,,0.043008,0.159488,0,0.139264,0.0076799999999999993,0.009984,,0.004096,,1.9310079999999998,24939,22077,706,0.55338309999979174
24940,412.44408240504532,278527444518,1,7.9063000157475471,7.9653,8.196096,1.7362,15899,0.001024,3.275264,,0.039168,0.15795199999999998,0,0.136192,0.0076799999999999993,0.009984,,0.003584,,2.0472319999999997,24940,22078,706,0.56136329999981172
24941,412.45190170068025,278527524171,1,7.8192958608269691,7.5438,7.933696,1.7907,16387,0.001024,3.278848,,0.041215999999999996,0.155136,0,0.13568,0.007936,0.009984,,0.004608,,1.9176959999999998,24941,22079,706,0.56922029999986989
24942,412.459809502551,278527599609,1,7.9078022390604019,8.2997,7.800832,1.8049,15899,0.001024,3.098624,,0.041984,0.164352,0,0.145664,0.007936,0.0097279999999999988,,0.0038399999999999997,,2.2243839999999997,24942,22080,706,0.57735309999998208
24943,412.46773229875282,278527682606,1,7.9227965325117111,7.8998,7.687424,1.818,16387,0.001024,3.288064,,0.040448,0.155904,0,0.135936,0.007936,0.010496,,0.0038399999999999997,,1.7469439999999998,24943,22081,706,0.58510040000010122
24944,412.47564379960318,278527761604,1,7.9115005210042,7.8708,7.892736,1.8468,15899,0.001024,3.281408,,0.038655999999999996,0.167424,0,0.13644799999999999,0.0076799999999999993,0.010239999999999999,,0.004608,,2.032384,24944,22082,706,0.592838699999902
24945,412.48349289965984,278527840312,1,7.8491000458598137,8.1251,7.907072,1.8902,16387,0.001024,3.237888,,0.043519999999999996,0.156672,0,0.136704,0.0076799999999999993,0.009984,,0.004096,,1.928704,24945,22083,706,0.600598699999864
24946,412.49156370464851,278527921563,1,8.0708051100373268,7.7849,7.829248,1.7728,15899,0.001024,3.185408,,0.0448,0.156672,0.000256,0.135936,0.0076799999999999993,0.009984,,0.0038399999999999997,,1.941504,24946,22084,706,0.60909140000012485
24947,412.49960330215418,278527999412,1,8.0395974218845367,7.7283,8.05504,1.9084,16387,0.001024,3.18592,,0.03712,0.154368,0.000256,0.133376,0.0076799999999999993,0.009472,,0.005632,,2.198784,24947,22085,706,0.61684250000007523
24948,412.50781090561225,278528076695,1,8.207603357732296,7.8144,8.017152,1.8633,15899,0.001024,3.297792,,0.040959999999999996,0.16025599999999998,0,0.137984,0.0076799999999999993,0.0097279999999999988,,0.005376,,1.749248,24948,22086,706,0.62522450000005847
24949,412.51536470379818,278528154839,1,7.553798146545887,8.4669,8.179968,1.7143,16589,0.001024,3.1795199999999997,,0.037632,0.152576,0,0.13312,0.005376,0.010496,,0.004352,,2.540032,24949,22087,706,0.63254800000004252
24950,412.52348160430836,278528239508,1,8.11690092086792,7.7309,7.547392,1.7581,16094,0.001024,3.1861759999999997,,0.039424,0.15129599999999999,0,0.131584,0.012288,0.000512,,0.014336,,1.937152,24950,22088,706,0.64094389999991108
24951,412.53145480442174,278528316817,1,7.9731997102499008,8.3695,8.090368,1.7587,16387,0.001024,3.188224,,0.040704,0.153856,0,0.1344,0.0076799999999999993,0.0097279999999999988,,0.005376,,2.107136,24951,22089,706,0.64858679999997548
24952,412.53922610544214,278528400512,1,7.7713010832667351,7.3502,7.954688,1.7195,15899,0.001024,3.2949759999999997,,0.041215999999999996,0.154112,0.000256,0.13414399999999999,0.007424,0.009472,,0.005376,,1.928704,24952,22090,706,0.65639950000013414
24953,412.54731090561222,278528474014,1,8.0848000943660736,8.3315,7.752192,1.7898,16387,0.001024,3.230464,,0.037888,0.158464,0,0.138752,0.007424,0.010239999999999999,,0.004096,,1.926912,24953,22091,706,0.66466570000011416
24954,412.55545279903629,278528557329,1,8.1418929621577263,7.6966,8.070912,1.9472,15899,0.001024,3.29344,,0.040448,0.152064,0.000256,0.133632,0.007424,0.009984,,0.003584,,2.047744,24954,22092,706,0.67261129999997138
24955,412.56320870181406,278528634295,1,7.7559025958180428,7.7895,8.113152,1.8125,16387,0.001024,3.1075839999999997,,0.041728,0.15923199999999998,0,0.138752,0.007424,0.0097279999999999988,,0.004096,,1.747968,24955,22093,706,0.68039050000015777
24956,412.57094170209751,278528712190,1,7.7330004423856735,8.283,7.742208,1.7866,15899,0.001024,3.1933439999999997,,0.036351999999999995,0.152832,0.000256,0.13414399999999999,0.0076799999999999993,0.010239999999999999,,0.0051199999999999996,,2.1693439999999997,24956,22094,706,0.68816150000020571
24957,412.5789125,278528795020,1,7.9707978293299675,7.965,7.713024,1.7389,16387,0.0012799999999999999,3.2332799999999997,,0.03968,0.152576,0.000256,0.13312,0.006656,0.009984,,0.004096,,2.101504,24957,22095,706,0.69667449999997189
24958,412.58688010204082,278528874670,1,7.9676024615764618,7.7471,7.947776,1.893,22533,0.0012799999999999999,3.2332799999999997,,0.03968,0.152576,0.000256,0.13312,0.006656,0.009984,,0.004096,,2.101504,24958,22096,706,0.70408510000015667
24959,412.59454910005667,278528952141,1,7.6689980924129486,7.781,7.948288,1.7202,16387,0.001024,3.29344,,0.041215999999999996,0.15231999999999998,0.000256,0.132608,0.0076799999999999993,0.009472,,0.0048639999999999994,,1.750016,24959,22097,706,0.71167759999980262
24960,412.60243200113376,278529029951,1,7.8829014673829079,8.1032,7.645952,1.7662,15899,0.001024,3.0947839999999998,,0.041215999999999996,0.159488,0,0.140032,0.003584,0.00896,,0.005376,,1.9394559999999998,24960,22098,706,0.71965009999985341
24961,412.61069800170065,278529110983,1,8.266001008450985,7.8263,7.867392,1.7795,16387,0.001024,3.22816,,0.041984,0.155904,0,0.13568,0.011519999999999999,0.0097279999999999988,,0.0051199999999999996,,2.109952,24961,22099,706,0.72796160000007148
24962,412.618435303288,278529189246,1,7.7373017556965351,7.6203,8.253184,1.8289,16153,0.0012799999999999999,3.273472,,0.041215999999999996,0.16,0,0.139008,0.003584,0.009216,,0.006912,,1.746176,24962,22100,706,0.73556680000001506
24963,412.62635170068023,278529265449,1,7.9163974151015282,7.8645,7.706368,1.8232,16387,0.001024,3.275776,,0.040448,0.155392,0,0.13644799999999999,0.003584,0.009984,,0.0038399999999999997,,2.02752,24963,22101,706,0.74370850000013888
24964,412.63484440192741,278529344094,1,8.4927016869187355,8.4302,7.85152,1.8502,15899,0.001024,3.176192,,0.036864,0.15744,0.000256,0.137216,0.007424,0.0097279999999999988,,0.004096,,1.951488,24964,22102,706,0.75197560000015073
24965,412.64257820294785,278529428396,1,7.7338009141385555,7.5781,8.521472,1.7807,16387,0.0012799999999999999,3.272192,,0.03712,0.15334399999999998,0,0.133376,0.007424,0.009472,,0.004096,,2.094592,24965,22103,706,0.76024950000009994
24966,412.65039730017,278529504177,1,7.819097489118576,8.1867,7.706112,1.8799,15899,0.001024,3.2381439999999997,,0.038911999999999995,0.160768,0.000256,0.141056,0.0076799999999999993,0.009984,,0.0048639999999999994,,1.7469439999999998,24966,22104,706,0.76753460000009
24967,412.65823839994329,278529586044,1,7.8410999849438667,8.2193,7.802624,1.9423,16387,0.001024,3.101952,,0.035328,0.15744,0.000256,0.137216,0.004096,0.010239999999999999,,0.0038399999999999997,,1.9312639999999999,24967,22105,706,0.77529920000006314
24968,412.66616040249431,278529668237,1,7.9220021143555641,8.2952,7.821824,1.7606,15899,0.001024,3.286016,,0.036095999999999996,0.152832,0.000256,0.13286399999999998,0.007424,0.0097279999999999988,,0.004352,,2.0490239999999997,24968,22106,706,0.78345750000016778
24969,412.67419680413832,278529751189,1,8.036402054131031,7.2331,7.901952,1.9241,16582,0.001024,3.17312,,0.039168,0.151808,0,0.13286399999999998,0.007424,0.009984,,0.0038399999999999997,,1.7505279999999999,24969,22107,706,0.791273799999999
24970,412.68195580357138,278529823520,1,7.7589992433786392,7.8328,8.01792,1.8214,15899,0.001024,3.279104,,0.03968,0.155904,0,0.13644799999999999,0.007424,0.0097279999999999988,,0.004096,,2.096384,24970,22108,706,0.79941509999980553
24971,412.69006650368482,278529901848,1,8.11070017516613,8.1105,7.743488,1.7869,16387,0.001024,3.204608,,0.039424,0.15616,0,0.136704,0.0076799999999999993,0.0097279999999999988,,0.003584,,1.935616,24971,22109,706,0.80741279999983817
24972,412.69800160147389,278529982953,1,7.9350974410772324,7.8586,8.097792,1.8559,15899,0.001024,3.2048639999999997,,0.040959999999999996,0.154368,0.000256,0.132352,0.0076799999999999993,0.009472,,0.005888,,2.1378559999999998,24972,22110,706,0.8151996000001418
24973,412.70621160005669,278530061539,1,8.209998719394207,8.1123,7.904,1.8358,16387,0.001024,3.2319999999999998,,0.040704,0.15744,0,0.137216,0.0076799999999999993,0.0097279999999999988,,0.0051199999999999996,,1.7489919999999999,24973,22111,706,0.823301100000208
24974,412.71402140022673,278530142662,1,7.80980009585619,7.9964,8.189952,1.8307,22030,0.001024,3.292928,,0.03712,0.16153599999999999,0,0.141824,0.007424,0.0097279999999999988,,0.004608,,2.08128,24974,22112,706,0.83116789999985485
24975,412.72207419926303,278530222626,1,8.0527989193797112,7.782,7.787776,1.7838,16387,0.001024,3.295232,,0.039168,0.15616,0.000256,0.137984,0.0076799999999999993,0.009472,,0.005632,,2.090496,24975,22113,706,0.83922849999999016
24976,412.73004530187075,278530300446,1,7.9711023718118668,8.1354,8.038656,1.7814,15899,0.001024,3.235328,,0.041984,0.15231999999999998,0,0.132096,0.007424,0.009216,,0.004608,,1.953792,24976,22114,706,0.84727680000014516
24977,412.73808759920632,278530381800,1,8.042297326028347,7.8273,7.938816,1.8355,16387,0.001024,3.1866879999999997,,0.038911999999999995,0.154368,0,0.134912,0.007424,0.009984,,0.004096,,2.1258239999999997,24977,22115,706,0.85547020000012708
24978,412.74592660147391,278530460073,1,7.8390026465058327,8.0881,8.027136,1.6969,15899,0.001024,3.276032,,0.040192,0.153088,0,0.133376,0.007424,0.0097279999999999988,,0.0048639999999999994,,1.9212799999999999,24978,22116,706,0.86312339999994947
24979,412.75374270124718,278530540954,1,7.8160995617508888,8.0331,7.823872,1.9027,16387,0.001024,3.265792,,0.038911999999999995,0.157696,0,0.13849599999999998,0.008192,0.00896,,0.0051199999999999996,,2.049536,24979,22117,706,0.87111629999981233
24980,412.76173150510203,278530621285,1,7.9888040199875832,8.229,7.793152,1.9218,15899,0.001024,3.236608,,0.039168,0.15744,0.000256,0.137984,0.007424,0.009472,,0.005632,,1.749248,24980,22118,706,0.8790195000001404
24981,412.76923790391157,278530703575,1,7.5063989497721195,7.5486,7.965952,1.7785,16387,0.001024,3.2798719999999997,,0.040704,0.15795199999999998,0.000256,0.137728,0.0076799999999999993,0.009984,,0.0048639999999999994,,2.025728,24981,22119,706,0.88633130000016536
24982,412.77730650510205,278530779061,1,8.0686016008257866,8.0279,7.495168,1.7556,15899,0.001024,3.095808,,0.039168,0.159488,0,0.140288,0.009984,0.00896,,0.004352,,2.016,24982,22120,706,0.89481449999993856
24983,412.78534420351474,278530859340,1,8.0376984551548958,7.9474,8.03712,1.8462,16387,0.001024,3.234304,,0.040192,0.15744,0,0.13747199999999998,0.007424,0.009472,,0.0038399999999999997,,2.044672,24983,22121,706,0.90295340000011493
24984,412.7932110048186,278530938814,1,7.86680169403553,7.3168,8.034048,1.9076,15899,0.0012799999999999999,3.2714239999999997,,0.039168,0.16896,0,0.145664,0.008192,0.010239999999999999,,0.004352,,2.0774399999999997,24984,22122,706,0.91036859999985609
24985,412.80102100340133,278531011982,1,7.8099984675645828,8.4439,7.844096,1.9953,16387,0.001024,3.2404479999999998,,0.0384,0.180992,0,0.16127999999999998,0.0084479999999999989,0.009472,,0.0051199999999999996,,1.747968,24985,22123,706,0.91813920000004146
24986,412.80897030187072,278531096421,1,7.9492982476949692,8.0542,7.786496,1.7803,15899,0.001024,3.296,,0.038911999999999995,0.16025599999999998,0.000256,0.141312,0.0076799999999999993,0.009984,,0.004096,,1.93152,24986,22124,706,0.92626939999991009
24987,412.81718650085031,278531176963,1,8.2161985337734222,7.526,7.93728,1.8935,16589,0.001024,3.18208,,0.041215999999999996,0.159488,0.000256,0.13952,0.0076799999999999993,0.0097279999999999988,,0.0048639999999999994,,1.91872,24987,22125,706,0.93436639999981708
24988,412.82494630102042,278531252223,1,7.7598001807928085,7.8016,8.199168,1.7464,16146,0.001024,3.1715839999999997,,0.03968,0.155904,0.000256,0.135936,0.00896,0.009472,,0.004352,,1.7484799999999998,24988,22126,706,0.94206140000005689
24989,412.83273780470518,278531330239,1,7.7915037982165813,8.0761,7.730432,2.0691,16387,0.0012799999999999999,3.2404479999999998,,0.035328,0.159488,0,0.141056,0.003328,0.009984,,0.0048639999999999994,,2.089216,24989,22127,706,0.94992090000005192
24990,412.840385303288,278531411000,1,7.64749851077795,8.115,7.772672,1.7895,15899,0.001024,3.1928319999999997,,0.03968,0.160512,0,0.140544,0.0076799999999999993,0.010239999999999999,,0.0048639999999999994,,1.935104,24990,22128,706,0.95778980000022784
24991,412.84841280470522,278531492150,1,8.0275014042854309,7.7033,7.621888,1.8166,16387,0.001024,3.09504,,0.038655999999999996,0.17792,0,0.158208,0.008192,0.0097279999999999988,,0.005376,,2.038528,24991,22129,706,0.96575020000000222
24992,412.85654710175737,278531569183,1,8.1342970952391624,7.8768,8.015616,1.9897,15899,0.001024,3.274752,,0.039168,0.15692799999999998,0,0.13824,0.0076799999999999993,0.009984,,0.003584,,1.9494399999999998,24992,22130,706,0.97364010000001144
24993,412.86440510204079,278531647951,1,7.8580006957054138,7.8464,8.1088,1.8925,16387,0.001024,3.2368639999999997,,0.0384,0.15616,0,0.13516799999999998,0.0076799999999999993,0.0097279999999999988,,0.003584,,2.0526079999999998,24993,22131,706,0.9815880000001016
24994,412.87276370464849,278531726415,1,8.358602412045002,7.9616,7.840768,1.7848,15899,0.001024,3.183616,,0.044031999999999995,0.158208,0,0.137728,0.0076799999999999993,0.010239999999999999,,0.0038399999999999997,,1.916672,24994,22132,706,0.98991130000013072
24995,412.8805417020975,278531806031,1,7.77799729257822,7.9017,8.345856,1.7792,16387,0.001024,3.297792,,0.041471999999999995,0.160768,0.000256,0.141312,0.0076799999999999993,0.010496,,0.0048639999999999994,,2.1409279999999997,24995,22133,706,0.99775039999985893
24996,412.88837540391154,278531885048,1,7.8337015584111214,7.9403,7.75168,1.7768,45657,0.001024,3.2384,,0.035584,0.148224,0.000256,0.129792,0.007424,0.009984,,0.004608,,2.0956159999999997,24996,22134,707,0.0030491000002257351
24997,412.89625330215415,278531964451,1,7.8778984025120735,8.3206,7.81056,1.9356,16387,0.001024,3.179776,,0.036608,0.15462399999999998,0,0.133888,0.008192,0.010239999999999999,,0.0038399999999999997,,1.9274239999999998,24997,22135,707,0.010410800000045128
24998,412.90432910289115,278532047657,1,8.0758007243275642,7.8683,7.856384,0.4491,15899,0.001024,3.2913919999999997,,0.041215999999999996,0.155904,0.000256,0.136192,0.007168,0.0097279999999999988,,0.004352,,2.049792,24998,22136,707,0.018298899999990681
24999,412.91215890022676,278532126340,1,7.8297974541783333,8.4418,0.046592,1.824,16387,0.001024,3.2967679999999997,,0.039168,0.15795199999999998,0.000256,0.13849599999999998,0.0076799999999999993,0.010752,,0.004352,,1.7502719999999998,24999,22137,707,0.026192900000296504
25000,412.920085303288,278532210758,1,7.9264026135206223,7.3009,7.800832,1.826,16101,0.001024,3.202048,,0.039168,0.157696,0,0.139008,0.0076799999999999993,0.009984,,0.003584,,2.033152,25000,22138,707,0.034411300000101619
25001,412.9278678004535,278532283767,1,7.7824969775974751,7.9599,7.908096,1.7869,16387,0.001024,3.2895999999999996,,0.041471999999999995,0.15616,0,0.135936,0.0076799999999999993,0.0097279999999999988,,0.004096,,1.9358719999999998,25001,22139,707,0.041805400000157533
25002,412.93576870039681,278532363366,1,7.9009002074599266,7.9108,7.764224,1.9747,15899,0.001024,3.2332799999999997,,0.038655999999999996,0.16358399999999998,0,0.145152,0.008192,0.009984,,0.005376,,1.9379199999999999,25002,22140,707,0.049765500000376051
25003,412.94372769982994,278532442474,1,7.9589998349547386,8.1445,7.885056,1.8134,16387,0.001024,3.09504,,0.040448,0.152832,0,0.13286399999999998,0.003584,0.0097279999999999988,,0.0051199999999999996,,2.025728,25003,22141,707,0.057748200000332872
25004,412.95185890022674,278532523919,1,8.131200447678566,7.4632,7.949568,1.7699,18448,0.001024,3.294208,,0.040192,0.155392,0.000256,0.135424,0.0076799999999999993,0.010496,,0.004096,,1.7489919999999999,25004,22142,707,0.065781200000401441
25005,412.95976420068024,278532598551,1,7.9053007066249847,7.9448,7.917824,1.8544,16387,0.001024,3.181056,,0.044544,0.15795199999999998,0,0.137984,0.0076799999999999993,0.009984,,0.003584,,2.243584,25005,22143,707,0.074074999999993452
25006,412.96812630385483,278532677999,1,8.3621032536029816,7.9847,7.885056,1.8387,15899,0.0012799999999999999,3.230464,,0.041215999999999996,0.155904,0.000256,0.13644799999999999,0.007424,0.009472,,0.004096,,1.9558399999999998,25006,22144,707,0.08210270000017772
25007,412.9760609056122,278532757846,1,7.9346019774675369,8.0371,8.34432,1.8189,16582,0.001024,3.237376,,0.041984,0.15795199999999998,0,0.13849599999999998,0.0076799999999999993,0.009472,,0.0038399999999999997,,2.0810239999999998,25007,22145,707,0.090109000000211381
25008,412.9839354024943,278532838217,1,7.8744972124695778,8.2778,7.912704,1.7891,15899,0.001024,3.240704,,0.042496,0.154112,0.000256,0.13414399999999999,0.0076799999999999993,0.008704,,0.005376,,1.9394559999999998,25008,22146,707,0.097992900000008376
25009,412.9920816043084,278532920995,1,8.1462021917104721,8.033,7.854848,1.7371,16387,0.0012799999999999999,3.268096,,0.037632,0.15872,0,0.13977599999999998,0.0076799999999999993,0.010496,,0.0051199999999999996,,1.923328,25009,22147,707,0.10606040000038774
25010,413.00044550028343,278533001325,1,8.3638960495591164,7.9922,8.129536,1.9018,15899,0.001024,3.2972799999999998,,0.039168,0.157184,0.000256,0.13824,0.007424,0.011007999999999999,,0.004608,,2.061824,25010,22148,707,0.11445370000001276
25011,413.00868160430838,278533081247,1,8.2361036911606789,7.845,8.338176,1.8373,16387,0.001024,3.239168,,0.040959999999999996,0.161792,0,0.14207999999999998,0.0076799999999999993,0.010752,,0.004352,,1.8759679999999999,25011,22149,707,0.12265109999998458
25012,413.01712110260769,278533159697,1,8.4394980221986771,8.1467,8.221952,1.8835,16101,0.001024,3.2719359999999997,,0.041215999999999996,0.152576,0,0.132608,0.008192,0.0097279999999999988,,0.0051199999999999996,,2.101504,25012,22150,707,0.131088400000408
25013,413.02500639880952,278533241164,1,7.8852958977222443,8.3359,8.435712,1.8201,16387,0.16819199999999998,3.105536,,0.040959999999999996,0.164096,0,0.143616,0.007424,0.010752,,0.005376,,1.749504,25013,22151,707,0.13895279999997
25014,413.03295740504535,278533324523,1,7.951006293296814,8.2244,7.859712,1.8199,15951,0.001024,3.2430079999999997,,0.041471999999999995,0.152064,0,0.133376,0.003328,0.010239999999999999,,0.0038399999999999997,,2.180608,25014,22152,707,0.14690400000017689
25015,413.04124070294785,278533406767,1,8.2832975313067436,8.4535,7.927296,1.7895,16387,0.0012799999999999999,3.294208,,0.041984,0.159488,0.000256,0.139264,0.003328,0.010239999999999999,,0.0051199999999999996,,1.939968,25015,22153,707,0.15533320000031381
25016,413.04907530470518,278533491302,1,7.8346021473407745,7.8686,8.274688,1.7505,15899,0.001024,3.234816,,0.039168,0.156672,0,0.137728,0.007424,0.009984,,0.003328,,2.2272,25016,22154,707,0.16327769999998054
25017,413.05740140306119,278533569988,1,8.3260983228683472,7.9272,7.792384,2.9086,16387,0.001024,3.300096,,0.038655999999999996,0.184832,0,0.164608,0.008704,0.00896,,0.0048639999999999994,,1.74592,25017,22155,707,0.17155680000041684
25018,413.06550539965986,278533649260,1,8.1039965152740479,8.3742,8.306944,1.8061,15899,0.001024,3.294464,,0.040192,0.156416,0.000256,0.134912,0.007424,0.009472,,0.004352,,2.17856,25018,22156,707,0.17993280000018785
25019,413.073697803288,278533733002,1,8.1924032419919968,7.9917,8.109056,1.8146,16387,0.001024,3.2350719999999997,,0.037376,0.15231999999999998,0.000256,0.132608,0.007424,0.009984,,0.0048639999999999994,,1.750016,25019,22157,707,0.18802530000039042
25020,413.08154379960314,278533812919,1,7.84599594771862,8.3038,8.113664,2.0146,15899,0.001024,3.2412159999999997,,0.03968,0.158208,0,0.13849599999999998,0.009984,0.000512,,0.013824,,2.107392,25020,22158,707,0.19587250000040513
25021,413.08949199971653,278533895957,1,7.9482002183794975,8.3345,7.879168,1.8332,23021,0.0012799999999999999,3.2732159999999997,,0.040704,0.15692799999999998,0,0.137728,0.0076799999999999993,0.009472,,0.004352,,1.926912,25021,22159,707,0.20390889999998763
25022,413.09774389880948,278533979302,1,8.2518989220261574,7.9565,7.924992,1.9244,15899,0.001024,3.187456,,0.043008,0.158464,0,0.137984,0.003328,0.0097279999999999988,,0.0048639999999999994,,1.9325439999999998,25022,22160,707,0.21273120000023482
25023,413.10557360402493,278534058867,1,7.8297052532434464,7.6852,8.223744,2.1204,81677,0.001024,3.296512,,0.038911999999999995,0.165376,0,0.146432,0.007936,0.010496,,0.005376,,2.112,25023,22161,707,0.22001810000028854
25024,413.11358770549884,278534135719,1,8.0141015350818634,8.2273,7.81312,2.3502,16101,0.001024,3.10016,,0.040448,0.156416,0,0.13696,0.0076799999999999993,0.011264,,0.004352,,1.7489919999999999,25024,22162,707,0.22778190000008181
25025,413.12193700396824,278534217992,1,8.3492984995245934,8.6588,7.994112,1.9072,16387,0.001024,3.10784,,0.038655999999999996,0.154112,0,0.135424,0.011264,0.010239999999999999,,0.003584,,2.2128639999999997,25025,22163,707,0.23605180000004111
25026,413.12995629960318,278534304580,1,8.0192955210804939,7.5724,8.331264,1.9244,16094,0.412416,3.279616,,0.038144,0.453376,0,0.133376,0.013312,0.010752,,0.0038399999999999997,,1.746688,25026,22164,707,0.24409330000025875
25027,413.13775369897957,278534380304,1,7.7973995357751846,7.7519,7.97824,1.9219,16387,0.001024,3.181568,,0.045568,0.15462399999999998,0.000256,0.133376,0.004096,0.0097279999999999988,,0.0051199999999999996,,2.184192,25027,22165,707,0.25169130000040241
25028,413.14538990221087,278534457823,1,7.6362034305930138,8.3128,7.799552,1.8963,15899,0.001024,3.182848,,0.045824,0.159744,0,0.13977599999999998,0.007424,0.0097279999999999988,,0.005632,,1.9212799999999999,25028,22166,707,0.25982220000014422
25029,413.15355660430839,278534540951,1,8.166702464222908,8.0211,7.627008,1.7957,48343,0.001024,3.177984,,0.040959999999999996,0.1536,0,0.133888,0.0076799999999999993,0.009472,,0.004352,,1.9246079999999999,25029,22167,707,0.26769940000031056
25030,413.16168480017006,278534621162,1,8.1281960010528564,7.625,8.13568,1.8094,15899,0.0012799999999999999,3.272448,,0.040959999999999996,0.155904,0,0.136192,0.0076799999999999993,0.009984,,0.0048639999999999994,,1.749248,25030,22168,707,0.2761424000000261
25031,413.169345904195,278534697412,1,7.6611042022705078,7.7577,8.117504,1.9687,16387,0.001024,3.19616,,0.044544,0.156416,0.000256,0.132608,0.007936,0.009984,,0.004608,,2.074624,25031,22169,707,0.28327450000006138
25032,413.17715110544214,278534774989,1,7.8052012249827385,8.2393,7.63776,1.8951,15899,0.001024,3.1751679999999998,,0.03456,0.31257599999999996,0,0.132096,0.005376,0.009984,,0.004352,,1.934848,25032,22170,707,0.29152599999997619
25033,413.18524840561224,278534857382,1,8.0973003059625626,8.4189,7.792128,1.812,16387,0.001024,3.17696,,0.043264,0.163328,0,0.14336,0.007424,0.009472,,0.005376,,1.935616,25033,22171,707,0.29918410000027507
25034,413.19320480442173,278534941571,1,7.9563986510038376,7.1737,8.074496,2.1403,33470,0.001024,3.1884799999999998,,0.035584,0.15564799999999998,0,0.13644799999999999,0.003584,0.029183999999999998,,0.005376,,2.104832,25034,22172,707,0.30728550000003452
25035,413.20093990221085,278535013308,1,7.7350977808237076,8.1424,7.931904,1.8143,30772,0.001024,3.241472,,0.041215999999999996,0.15872,0.000256,0.13849599999999998,0.005376,0.011264,,0.0051199999999999996,,1.749504,25035,22173,707,0.31489710000005289
25036,413.20914559948977,278535094732,1,8.2056969404220581,7.7631,7.717888,1.7962,15899,0.001024,3.0976,,0.039168,0.160768,0,0.141312,0.008192,0.009472,,0.004352,,1.926656,25036,22174,707,0.32326400000010835
25037,413.21712210175735,278535172363,1,7.9765021800994873,8.0297,8.192,1.9022,16589,0.001024,3.2683519999999997,,0.040704,0.155392,0.000256,0.135424,0.0076799999999999993,0.009472,,0.005376,,2.364928,25037,22175,707,0.33116590000008728
25038,413.22544190051019,278535252660,1,8.3197988569736481,7.6741,7.963648,1.7692,33470,0.001024,3.291648,,0.037376,0.15462399999999998,0,0.13414399999999999,0.0076799999999999993,0.009472,,0.0038399999999999997,,2.021888,25038,22176,707,0.33963949999997567
25039,413.23306940192742,278535329401,1,7.627501618117094,8.3429,8.106752,1.8911,30824,0.001024,3.177472,,0.040192,0.158208,0,0.13952,0.007424,0.009984,,0.005376,,2.3820799999999998,25039,22177,707,0.34707560000015292
25040,413.24116010487529,278535412830,1,8.0907028168439865,7.9348,7.598336,1.9422,15899,0.001024,3.185152,,0.03584,0.158464,0,0.13824,0.004608,0.002304,,0.013056,,1.9363839999999999,25040,22178,707,0.3553980000001502
25041,413.24922920209747,278535492178,1,8.069097064435482,8.3657,8.072704,1.8164,16387,0.001024,3.272192,,0.04224,0.162304,0.000256,0.14207999999999998,0.004096,0.0097279999999999988,,0.0038399999999999997,,2.121984,25041,22179,707,0.36324500000000626
25042,413.25713970379815,278535575835,1,7.9105021432042122,7.5355,8.050944,2.0197,121325,0.0012799999999999999,3.28064,,0.040192,0.14976,0,0.131072,0.007424,0.0097279999999999988,,0.0038399999999999997,,1.747712,25042,22180,707,0.37142149999999674
25043,413.26503420493196,278535651190,1,7.8945010900497437,8.3119,7.8778879999999996,1.8063,111995,0.001024,3.295744,,0.038911999999999995,0.160768,0.000256,0.137984,0.0076799999999999993,0.009984,,0.004096,,2.0956159999999997,25043,22181,707,0.37902660000008837
25044,413.27312350481856,278535734309,1,8.0893002450466156,7.8662,7.885568,1.9704,86183,0.001024,3.232256,,0.035072,0.161792,0,0.13644799999999999,0.0038399999999999997,0.010239999999999999,,0.003328,,2.061312,25044,22182,707,0.38722860000007131
25045,413.28112940051017,278535812971,1,8.0058956518769264,7.9666,8.06656,1.8743,78273,0.0012799999999999999,3.195648,,0.040959999999999996,0.152064,0,0.132608,0.0076799999999999993,0.009984,,0.0051199999999999996,,2.185728,25045,22183,707,0.395252100000107
25046,413.28907400085035,278535892637,1,7.9446006566286087,7.7734,8.0064,1.9272,21683,0.001024,3.3034239999999997,,0.036351999999999995,0.15488,0.000256,0.13055999999999998,0.007424,0.010239999999999999,,0.0048639999999999994,,2.116352,25046,22184,707,0.40302540000038789
25047,413.29689250283445,278535970371,1,7.8185023739933968,8.1178,7.912448,1.8947,16387,0.001024,3.270656,,0.041728,0.15462399999999998,0,0.1344,0.007424,0.009472,,0.004352,,1.93024,25047,22185,707,0.41089210000018284
25048,413.304733404195,278536051549,1,7.8409016132354736,8.1403,7.806208,1.7876,15899,0.001024,3.270656,,0.03968,0.157696,0,0.13824,0.004352,0.009984,,0.003584,,2.047744,25048,22186,707,0.41879180000023553
25049,413.31274520266436,278536132952,1,8.01179837435484,7.7553,7.820544,1.7892,16387,0.001024,3.10528,,0.039424,0.15462399999999998,0,0.134656,0.003328,0.009472,,0.0051199999999999996,,1.747712,25049,22187,707,0.42668140000023413
25050,413.32042940051019,278536210505,1,7.6841977424919605,7.8801,7.989248,1.8933,16246,0.001024,3.2767999999999997,,0.039424,0.155136,0,0.136192,0.004608,0.009984,,0.0048639999999999994,,2.083328,25050,22188,707,0.43460709999999381
25051,413.32840750425169,278536289306,1,7.9781040549278259,7.884,7.668992,2.196,16387,0.001024,3.234816,,0.038655999999999996,0.15231999999999998,0,0.133888,0.0076799999999999993,0.010239999999999999,,0.004608,,1.933568,25051,22189,707,0.44233180000037464
25052,413.33625260062354,278536368146,1,7.8450962901115417,7.9075,7.963136,2.5666,15899,0.001024,3.174912,,0.035584,0.158464,0,0.13824,0.007424,0.010496,,0.0038399999999999997,,2.0272639999999997,25052,22190,707,0.45047169999998005
25053,413.34406300311792,278536447221,1,7.8104026615619659,7.9196,7.787264,1.7891,16387,0.001024,3.1861759999999997,,0.039168,0.1536,0.000256,0.134912,0.0076799999999999993,0.010752,,0.0048639999999999994,,2.08512,25053,22191,707,0.4584420000001046
25054,413.35226300311791,278536526417,1,8.2000000402331352,7.736,7.841024,2.061,15899,0.001024,3.23712,,0.038911999999999995,0.164352,0,0.14438399999999998,0.008192,0.010239999999999999,,0.0048639999999999994,,1.931776,25054,22192,707,0.46653980000019146
25055,413.35979770408164,278536603777,1,7.5347009114921093,8.106,8.17408,2.1839,16387,0.001024,3.2936959999999997,,0.038655999999999996,0.15872,0,0.140032,0.007424,0.010239999999999999,,0.0051199999999999996,,2.343168,25055,22193,707,0.47399870000026567
25056,413.36756830357143,278536684837,1,7.7705993317067623,7.9643,7.504128,2.4882,33470,0.001024,3.097088,,0.039424,0.15923199999999998,0,0.139264,0.007168,0.010496,,0.005632,,1.749248,25056,22194,707,0.48202760000003764
25057,413.3753873015873,278536764480,1,7.8189978376030922,8.0598,7.754752,1.859,30772,0.001024,3.101696,,0.039424,0.17152,0,0.15129599999999999,0.0084479999999999989,0.0097279999999999988,,0.005888,,2.0272639999999997,25057,22195,707,0.48934250000002066
25058,413.38328920068028,278536845078,1,7.901899516582489,7.5048,7.7888,1.7853,15899,0.001024,3.187712,,0.038911999999999995,0.153856,0,0.13516799999999998,0.0051199999999999996,0,,0.027136,,2.059776,25058,22196,707,0.4972568000002866
25059,413.39145449971653,278536920126,1,8.1652989611029625,7.9098,7.889664,1.8865,16387,0.001024,3.180544,,0.044288,0.156416,0,0.13568,0.007424,0.0097279999999999988,,0.006144,,1.93152,25059,22197,707,0.50572469999997338
25060,413.39961270549884,278536999224,1,8.158206008374691,7.4721,8.157952,2.021,15899,0.001024,3.2865279999999997,,0.0384,0.152576,0,0.132608,0.009984,0.009472,,0.004352,,2.196992,25060,22198,707,0.51356970000006186
25061,413.40795330215417,278537073945,1,8.3405962213873863,7.8859,8.130816,1.8963,16387,0.198144,3.275264,,0.040959999999999996,0.15488,0.000256,0.135424,0.0076799999999999993,0.009984,,0.004608,,1.7484799999999998,25061,22199,707,0.52193280000028608
25062,413.4156839994331,278537152804,1,7.7306972816586494,8.4767,8.330752,1.7499,16101,0.001024,3.293952,,0.039936,0.15231999999999998,0.000256,0.132608,0.008704,0.010239999999999999,,0.0048639999999999994,,2.527488,25062,22200,707,0.52986170000031052
25063,413.42376040249434,278537237571,1,8.07640329003334,7.8449,7.702528,2.1168,16387,0.001024,3.2363519999999997,,0.03968,0.162816,0.000256,0.142848,0.008704,0.002304,,0.011519999999999999,,1.9576319999999998,25063,22201,707,0.53806700000041019
25064,413.43193630243763,278537316020,1,8.17590020596981,8.3459,8.05888,1.9349,16094,0.001024,3.2412159999999997,,0.043008,0.15616,0,0.135936,0.0076799999999999993,0.0097279999999999988,,0.0048639999999999994,,2.170368,25064,22202,707,0.54593790000035369
25065,413.43977970521541,278537399479,1,7.8434031456708908,7.8645,8.12672,2.2953,16439,0.001024,3.292928,,0.03968,0.159488,0,0.13849599999999998,0.007424,0.011519999999999999,,0.0051199999999999996,,1.947392,25065,22203,707,0.55391440000039438
25066,413.44766789965985,278537478124,1,7.8881941735744476,8.2881,7.854848,1.8334,15899,0.001024,3.266816,,0.036864,0.15334399999999998,0.000256,0.133376,0.0076799999999999993,0.009472,,0.004608,,1.930496,25066,22204,707,0.56188320000001113
25067,413.45602290249434,278537561005,1,8.3550028502941132,7.8625,7.873024,1.8255,16387,0.0012799999999999999,3.236096,,0.039168,0.151808,0.000256,0.13183999999999998,0.007936,0.010496,,0.004608,,2.0907519999999997,25067,22205,707,0.57005640000033964
25068,413.46408370181405,278537639630,1,8.0607989802956581,7.9417,8.325632,2.0904,15899,0.001024,3.2962559999999996,,0.040448,0.156672,0,0.13696,0.007424,0.0097279999999999988,,0.0051199999999999996,,2.0574719999999997,25068,22206,707,0.57803839999996853
25069,413.47149370039682,278537719047,1,7.409998681396246,8.0071,8.043008,1.7903,16387,0.001024,3.232256,,0.0384,0.161792,0,0.140544,0.0076799999999999993,0.010239999999999999,,0.005376,,2.40128,25069,22207,707,0.5857322000001659
25070,413.47935470521543,278537799118,1,7.8610051423311234,8.1955,7.388672,2.0757,15899,0.001024,3.099904,,0.038655999999999996,0.15872,0,0.140288,0.005632,0.009984,,0.004608,,1.9207679999999998,25070,22208,707,0.5933047000003171
25071,413.48756680130384,278537881073,1,8.2120960578322411,7.9653,7.846144,1.8385,16387,0.001024,3.2384,,0.0384,0.159488,0,0.141312,0.0084479999999999989,0.00896,,0.005376,,2.1493759999999997,25071,22209,707,0.601658700000371
25072,413.49579140447844,278537960726,1,8.2246027886867523,7.706,8.190976,2.1263,15899,0.190464,3.185664,,0.044544,0.155136,0,0.135424,0.011007999999999999,0.009216,,0.005376,,1.7502719999999998,25072,22210,707,0.60975220000000263
25073,413.50359490504536,278538037786,1,7.8035006299614906,7.5373,8.200192,1.749,16387,0.001024,3.27296,,0.039424,0.348416,0.000256,0.14310399999999998,0.009472,0.010239999999999999,,0.004352,,2.1952,25073,22211,707,0.61774320000040461
25074,413.51158360260769,278538113159,1,7.988697849214077,8.384,7.79136,2.1129,15899,0.001024,3.2888319999999998,,0.040192,0.157184,0.000256,0.137728,0.007424,0.0097279999999999988,,0.0038399999999999997,,1.747968,25074,22212,707,0.62594920000037746
25075,413.51935240221087,278538196999,1,7.7687995508313179,8.0879,7.95648,1.7466,16589,0.0012799999999999999,3.277568,,0.040448,0.15616,0.000256,0.13568,0.007424,0.0097279999999999988,,0.005632,,2.018048,25075,22213,707,0.63371000000006461
25076,413.52714720096373,278538277878,1,7.7947988174855709,7.9801,7.735808,2.0791,15899,0.001024,3.2701439999999997,,0.19225599999999998,0.15462399999999998,0,0.135424,0.007424,0.010239999999999999,,0.0051199999999999996,,1.928448,25076,22214,707,0.64143310000008569
25077,413.5353310019841,278538357679,1,8.1838006153702736,8.1974,7.788544,1.7963,16387,0.001024,3.1892479999999996,,0.039424,0.16127999999999998,0,0.141312,0.0084479999999999989,0.002304,,0.012544,,1.933312,25077,22215,707,0.64939090000007127
25078,413.54318610402493,278538439653,1,7.8551024198532104,7.7756,8.162304,2.2185,15899,0.001024,3.288576,,0.03456,0.15231999999999998,0.000256,0.133632,0.00896,0.005632,,0.0084479999999999989,,2.09792,25078,22216,707,0.65715940000018236
25079,413.55087080498862,278538517409,1,7.68470112234354,7.7035,7.845376,1.7531,16387,0.001024,3.2972799999999998,,0.039168,0.15616,0,0.13696,0.0076799999999999993,0.009472,,0.004096,,1.7454079999999998,25079,22217,707,0.66494740000007369
25080,413.55876300311792,278538594444,1,7.89219792932272,7.9827,7.659008,1.9153,15899,0.001024,3.2327679999999996,,0.040192,0.153856,0.000256,0.13516799999999998,0.007424,0.009984,,0.0038399999999999997,,1.932288,25080,22218,707,0.67306270000017321
25081,413.56709450113379,278538674271,1,8.3314981311559677,7.7733,7.878912,2.0293,16387,0.001024,3.288064,,0.038655999999999996,0.158976,0,0.13952,0.007168,0.009984,,0.0048639999999999994,,2.07616,25081,22219,707,0.68117940000001909
25082,413.57481500141722,278538752004,1,7.7205002307891846,7.7746,8.311552,2.6604,15899,0.001024,3.2998399999999997,,0.039168,0.161792,0,0.141312,0.003584,0.011007999999999999,,0.0051199999999999996,,1.750016,25082,22220,707,0.68879050000032294
25083,413.58264320436507,278538829750,1,7.8282030299305916,8.0934,7.69408,2.014,16582,0.001024,3.17568,,0.038911999999999995,0.15616,0.000256,0.136192,0.0076799999999999993,0.009984,,0.003328,,2.100736,25083,22221,707,0.69694410000010976
25084,413.59052300170066,278538910684,1,7.8797973692417145,8.1568,7.814912,1.7611,22533,0.001024,3.2368639999999997,,0.036095999999999996,0.15462399999999998,0,0.133632,0.007424,0.009472,,0.004096,,1.935616,25084,22222,707,0.70476870000038616
25085,413.59858360260768,278538992252,1,8.060600608587265,7.5863,7.861504,1.9407,16387,0.001024,3.291648,,0.039168,0.173312,0,0.136704,0.007936,0.010239999999999999,,0.0051199999999999996,,2.05824,25085,22223,707,0.7127371999999923
25086,413.60671570294784,278539068115,1,8.1321001052856445,7.8963,7.976448,2.3281,15899,0.001024,3.100416,,0.039424,0.16614399999999999,0.000256,0.14438399999999998,0.008192,0.009472,,0.005632,,1.747968,25086,22224,707,0.72067640000022948
25087,413.61474680413829,278539147078,1,8.03110096603632,8.0507,8.17024,1.7687,16387,0.001024,3.2314879999999997,,0.040959999999999996,0.15564799999999998,0,0.135424,0.004352,0.009472,,0.004096,,2.088704,25087,22225,707,0.728837200000271
25088,413.62295890022676,278539227585,1,8.2120960578322411,8.0305,8.008448,1.9665,16101,0.001024,3.291648,,0.041728,0.15103999999999998,0,0.13183999999999998,0.007424,0.011264,,0.002816,,1.9394559999999998,25088,22226,707,0.73707009999998263
25089,413.63073810232424,278539307890,1,7.7792019583284855,7.9092,8.204288,2.3501,16387,0.001024,3.228672,,0.03968,0.15462399999999998,0,0.133888,0.011519999999999999,0.002304,,0.011776,,2.146048,25089,22227,707,0.74467670000012731
25090,413.63892730300449,278539386982,1,8.1892004236578941,8.1591,7.758592,1.8112,15899,0.001024,3.2998399999999997,,0.039424,0.15231999999999998,0.000256,0.13183999999999998,0.0076799999999999993,0.009984,,0.004096,,2.041088,25090,22228,707,0.75287580000031085
25091,413.64692120181405,278539468573,1,7.99389835447073,8.2365,8.161792,1.7292,16439,0.001024,3.296,,0.040448,0.16153599999999999,0.000256,0.141824,0.0076799999999999993,0.011264,,0.0051199999999999996,,2.133504,25091,22229,707,0.7608925000004092
25092,413.65466500141724,278539550938,1,7.7437995932996273,7.6324,7.977984,1.8137,15899,0.0012799999999999999,3.296,,0.03328,0.318976,0,0.30003199999999997,0.0038399999999999997,0.009984,,0.004608,,2.10176,25092,22230,707,0.76876390000006722
25093,413.66282380243763,278539627262,1,8.15880112349987,8.169,7.709184,1.7428,16387,0.001024,3.1936,,0.040448,0.156416,0,0.136704,0.0076799999999999993,0.0097279999999999988,,0.0051199999999999996,,1.7484799999999998,25093,22231,707,0.77679170000010345
25094,413.67066240079362,278539708952,1,7.8385984525084496,8.031,8.15232,1.8681,29350,0.001024,3.2901119999999997,,0.039168,0.155904,0,0.13747199999999998,0.0076799999999999993,0.010239999999999999,,0.0051199999999999996,,2.0871679999999997,25094,22232,707,0.78484730000036507
